상담회아이디,상담회주소,년,달,일,업체명,업종,설립년도,주소,홈페이지
2018 평창올림픽 연계 대규모 수출상담회(BKF),aT 센터 / 제2전시장 A홀,2018,2,22,SAMJIN GLOBALNET,"무역업, 임대",1970,"562, Samseong-ro, Gangnam-gu, Seoul, Republic of Korea",http://www.wangfood.com/
2018 평창올림픽 연계 대규모 수출상담회(BKF),aT 센터 / 제2전시장 A홀,2018,2,22,"HURUM CO.,LTD","식품,잡화,무역",1995,"115, Gasan digital 2-ro, Geumcheon-gu, Seoul",hurumcorp.com/
2018 평창올림픽 연계 대규모 수출상담회(BKF),aT 센터 / 제2전시장 A홀,2018,2,22,kkokdam,"꽃차,기타",2016,,www.iloveflowertea.com
2018 평창올림픽 연계 대규모 수출상담회(BKF),aT 센터 / 제2전시장 A홀,2018,2,22,KURAKURA,도소매(차류),2017,"402, 22, Nonhyeon-ro 36-gil, Gangnam-gu, Seoul, Republic of Korea",kurakura.co.kr
2018 평창올림픽 연계 대규모 수출상담회(BKF),aT 센터 / 제2전시장 A홀,2018,2,22,"Taewoongfood Co.,Ltd.","인삼, 홍삼제품, 음료류 제조도소매, 수출, 무역",2000,"21 Daegeum-ro 196 beon-gil, Daeso-myeon, Eumseong-gun, Chungcheongbuk-do, Korea",http://www.twfood.co.kr
2018 평창올림픽 연계 대규모 수출상담회(BKF),aT 센터 / 제2전시장 A홀,2018,2,22,Korean pears cooperative union,농업,2012,"218, Dusan-gil, Munsan-eup, Jinju-si, Gyeongsangnam-do",N
2018 평창올림픽 연계 대규모 수출상담회(BKF),aT 센터 / 제2전시장 A홀,2018,2,22,"GREEN VIL CO., LTD.",무역,2009,"#701, 40 Technosangeop-Ro, Hyeonpoong-Myeon, Dalseong-Gun, Daegu, Korea, 43017",https://www.greenvil.co/
2018 평창올림픽 연계 대규모 수출상담회(BKF),aT 센터 / 제2전시장 A홀,2018,2,22,BADA MYEONGGA,수산물가공업,2014,,www.wandomall.co.kr
2018 평창올림픽 연계 대규모 수출상담회(BKF),aT 센터 / 제2전시장 A홀,2018,2,22,BIFIDO,유산균 외,1999,"23-16 Nonggongdanji-gil, Hongcheon-eup, Hongcheon-gun, Gangwon-do, 25117, Republic of Korea",www.bifido.com
2018 평창올림픽 연계 대규모 수출상담회(BKF),aT 센터 / 제2전시장 A홀,2018,2,22,"Seung In Food Co., Ltd","참기름,들기름",2015,"58, Nakdongnam-ro 1013beon-gil, Gangseo-gu, Busan",http://seunginfood2.modoo.at
2018 평창올림픽 연계 대규모 수출상담회(BKF),aT 센터 / 제2전시장 A홀,2018,2,22,[K08] EVERGOOD CORPORATION,"무역(농산물),농산물",2009,,N
2018 평창올림픽 연계 대규모 수출상담회(BKF),aT 센터 / 제2전시장 A홀,2018,2,22,CHONMA CORPORATION,제조 도소매,1999,"29-8, Baekjegobun-ro 40-gil, Songpa-gu, Seoul, Republic of Korea",chonmafood.com
2018 평창올림픽 연계 대규모 수출상담회(BKF),aT 센터 / 제2전시장 A홀,2018,2,22,"EBICHE CO.,LTD",제조업,2000,"21, HWANGGANG GONGDANGIL, IMGOMYEON, YOUNGCHUNSI, GYEONGSANGBUKDO,KOREA",www.ebiche.com
2018 평창올림픽 연계 대규모 수출상담회(BKF),aT 센터 / 제2전시장 A홀,2018,2,22,"FOODMASTERGROUP CO., LTD",도소매,2017,"215-6, Yulgok-ro, Jongno-gu, Seoul",www.drholipet.com
2018 평창올림픽 연계 대규모 수출상담회(BKF),aT 센터 / 제2전시장 A홀,2018,2,22,MUNGYEONG SMILE,식품제조,2013,"597, Sandong-ro, Sanyang-myeon, Mungyeong-si, Gyeongsangbuk-do",www.easternsmile.com
2018 평창올림픽 연계 대규모 수출상담회(BKF),aT 센터 / 제2전시장 A홀,2018,2,22,sorae agricultural association,도소매 제조업,1970,"254-6, Hyeeum-ro, Deogyang-gu, Goyang-si, Gyeonggi-dok Korea",www.kimsorae.co.kr
2018 평창올림픽 연계 대규모 수출상담회(BKF),aT 센터 / 제2전시장 A홀,2018,2,22,Herb Story Inc.,"제조,서비스",2015,136 woongok-ro Wonju-si Gangwon-do South Korea,www.herbstory.kr
2018 평창올림픽 연계 대규모 수출상담회(BKF),aT 센터 / 제2전시장 A홀,2018,2,22,"wellfarm co., ltd",식품,2002,"87 Geumil-ro, 546beon-gil, Geumwang-eup, Eumgseong Gun, Chungcheongbuk-do, South Korea",www.well-farm.co.kr
2018 평창올림픽 연계 대규모 수출상담회(BKF),aT 센터 / 제2전시장 A홀,2018,2,22,"wooshin industrial co., ltd.",제조,1995,"18,oebu-gil, gunbuk-myeon, geumsan-gun, chungchong nam-do, Korea",y
2018 평창올림픽 연계 대규모 수출상담회(BKF),aT 센터 / 제2전시장 A홀,2018,2,22,"worldfood co.,ltd",도매업및소매업,2000,"45-78, yonggu-dae",www.murgerbon.com
2018 평창올림픽 연계 대규모 수출상담회(BKF),aT 센터 / 제2전시장 A홀,2018,2,22,JFOODSERVICE,식품제조*소분*무역,2010,,www.jfoodservice.com
2018 평창올림픽 연계 대규모 수출상담회(BKF),aT 센터 / 제2전시장 A홀,2018,2,22,"DAEKWANG F&G CO.,LTD",제조업외,1990,,www.dkfng.com
2018 평창올림픽 연계 대규모 수출상담회(BKF),aT 센터 / 제2전시장 A홀,2018,2,22,Imsil cheese livestock cooperative association,"제조, 금융, 서비스",1992,"329, Bonghwang-ro, Imsil-eup, Imsil-gun, Jeollabuk-do",www.ischeese.co.kr
2018 평창올림픽 연계 대규모 수출상담회(BKF),aT 센터 / 제2전시장 A홀,2018,2,22,Joy Natural Co.,"식료품제조업, 농산물판매",2007,"208, 3702 Namboo-ro, Samseung-myeon, Boeun, Choongbook-do, South Korea",www.enjoygarlic.com
2018 평창올림픽 연계 대규모 수출상담회(BKF),aT 센터 / 제2전시장 A홀,2018,2,22,DELLOS F AND B,"무역, 식품(음료)",2014,"159, Usangongdan-gil, Wonju-si, Gangwon-do",www.dellos.kr
2018 평창올림픽 연계 대규모 수출상담회(BKF),aT 센터 / 제2전시장 A홀,2018,2,22,BIFIDO,유산균 외,1999,"23-16 Nonggongdanji-gil, Hongcheon-eup, Hongcheon-gun, Gangwon-do, 25117, Republic of Korea",www.bifido.com
2018 평창올림픽 연계 대규모 수출상담회(BKF),aT 센터 / 제2전시장 A홀,2018,2,22,Punggi Premium Goods Agricultural Cooperative,제조업,1995,"1118 JUNGNYEONG-RO, PUNGGI-EUP, YEONGJU-SI, GYEONGSANGBUK-DO, SOUTH KOREA",www.kpch.co.kr
2018 평창올림픽 연계 대규모 수출상담회(BKF),aT 센터 / 제2전시장 A홀,2018,2,22,"HAEYEAREUM CO.,LTD",제조업,2009,"1520, Seonammun-ro, Docho-myeon, Sinan-gun, Jeollanam-do",www.haeyeareum.com
2018 평창올림픽 연계 대규모 수출상담회(BKF),aT 센터 / 제2전시장 A홀,2018,2,22,Edible Inc.,제조,2014,"20, Seodal-ro 12sa-gil, Dongjak-gu, Seoul, Republic of Korea",edible-bug.com
2018 평창올림픽 연계 대규모 수출상담회(BKF),aT 센터 / 제2전시장 A홀,2018,2,22,"Korean Ginseng Research Co., Ltd.",제조,1996,"3275 Gyeonggang-ro,Yongmun-Myeon,Yangpyeong-Gun,Gyeonggi-Do, Korea",www.ginsengresearch.com
2018 평창올림픽 연계 대규모 수출상담회(BKF),aT 센터 / 제2전시장 A홀,2018,2,22,"worldfood co.,ltd",도매업및소매업,2000,"45-78, yonggu-dae",www.murgerbon.com
2018 평창올림픽 연계 대규모 수출상담회(BKF),aT 센터 / 제2전시장 A홀,2018,2,22,DaeDo Food,제조업,2006,"72-24, Yangsuro-6gil, Okcheon-eup, Okcheon-gun, Chungbuk, 29035, Korea",N
2018 평창올림픽 연계 대규모 수출상담회(BKF),aT 센터 / 제2전시장 A홀,2018,2,22,Maeum Food,식품,2016,"11-7, Geumgang-ro 2-gil, Nongong-eup, Dalseong-gun, Daegu",없음
2018 평창올림픽 연계 대규모 수출상담회(BKF),aT 센터 / 제2전시장 A홀,2018,2,22,"Welltural.Co.,Ltd","견과, 시리얼, 선식, 체중조절식품",2002,Sanyepdanji3gil 17 Pengsan-eup Andong-shi Kyengsangbu-do,www.welltural.co.kr
2018 평창올림픽 연계 대규모 수출상담회(BKF),aT 센터 / 제2전시장 A홀,2018,2,22,ILPLUS,"소매업, 건설업",2010,"4F 410, 47, Gongwon-ro, Guro-gu, Seoul, Republic of Korea",http://www.seaweedmarket.co.kr  / http://storefarm.naver.com/seaweedmt
2018 평창올림픽 연계 대규모 수출상담회(BKF),aT 센터 / 제2전시장 A홀,2018,2,22,HAENAEUM,식품,2015,"69, Seonju-ro, Gyeyang-gu, Incheon, Republic of Korea",haenaeum.co.kr
2018 평창올림픽 연계 대규모 수출상담회(BKF),aT 센터 / 제2전시장 A홀,2018,2,22,Backbone,도소매,2017,"93, Magok jungang 6- ro, Kangseo -gu, Seoul, Korea",
2018 평창올림픽 연계 대규모 수출상담회(BKF),aT 센터 / 제2전시장 A홀,2018,2,22,MUNGYEONG SMILE,식품제조,2013,"597, Sandong-ro, Sanyang-myeon, Mungyeong-si, Gyeongsangbuk-do",www.easternsmile.com
2018 평창올림픽 연계 대규모 수출상담회(BKF),aT 센터 / 제2전시장 A홀,2018,2,22,CHONMA CORPORATION,제조 도소매,1999,"29-8, Baekjegobun-ro 40-gil, Songpa-gu, Seoul, Republic of Korea",chonmafood.com
2018 평창올림픽 연계 대규모 수출상담회(BKF),aT 센터 / 제2전시장 A홀,2018,2,22,haedamsusan cooperative,수산물가공,2015,"39, Sindong-ro 2-gil, Jicheon-myeon, Chilgok-gun, Gyeongsangbuk-do, Republic of Korea",www.haedamsusan.co.kr
2018 평창올림픽 연계 대규모 수출상담회(BKF),aT 센터 / 제2전시장 A홀,2018,2,22,Haesim Bonga,제조업,2015,"3rd Floor, 1413 Nambu Ring Road, Gwanak-gu, Seoul",www.dasimaking.com
2018 평창올림픽 연계 대규모 수출상담회(BKF),aT 센터 / 제2전시장 A홀,2018,2,22,"NC CO.,LTD",제조/도소매,2010,"836-2, Deogam-ri, Cheongdo-eup, Cheongdo-gun, Gyeongbuk, Korea",www.naturalnc.co.kr
2018 평창올림픽 연계 대규모 수출상담회(BKF),aT 센터 / 제2전시장 A홀,2018,2,22,badaone,"건어물, 건어물 가공, 무역업",1995,"495 Dunchondae-Ro, Jungwon-Gu, Seongnam City, Kyunggi Province",www.badaone.co.kr
2018 평창올림픽 연계 대규모 수출상담회(BKF),aT 센터 / 제2전시장 A홀,2018,2,22,SINGSONG FOOD CORP.,장류,2009,"55, Busong 1-gil, Jiksan-eup, Seobuk-gu, Cheonan-si, Chungcheongnam-do, Republic of Korea",www.singsong.co.kr
2018 평창올림픽 연계 대규모 수출상담회(BKF),aT 센터 / 제2전시장 A홀,2018,2,22,JANGSUFOOD,"제조,도소매",2006,"3,4F,38,SEOKNAM-RO,SEOGU,INCHEON,KOREA",www.jangsufood.net
2018 평창올림픽 연계 대규모 수출상담회(BKF),aT 센터 / 제2전시장 A홀,2018,2,22,Sangwoel sweet potato,농업,2015,chungnam nonsansi sangwol daemeng 2gil 13-35,swgoguma.cafe24.com
2018 평창올림픽 연계 대규모 수출상담회(BKF),aT 센터 / 제2전시장 A홀,2018,2,22,"ESELNARA CO., LTD.",식품,2007,"5, Chilseongnamro 35Gil, Buk-gu, Daegu, KOREA",www.eselnara.com
2018 평창올림픽 연계 대규모 수출상담회(BKF),aT 센터 / 제2전시장 A홀,2018,2,22,ChuniL Foods Co.,제조업,1974,"7-19, Gangnam-daero 27-gil, Seocho-gu, Seoul",www.chunilfood.co.kr
2018 평창올림픽 연계 대규모 수출상담회(BKF),aT 센터 / 제2전시장 A홀,2018,2,22,"[K26] PALDO CO., LTD","면, 음료 제조",1969,"577 GANGNAMDAERO, SEOCHO-GU, SEOUL, KOREA",www.paldofood.com
2018 평창올림픽 연계 대규모 수출상담회(BKF),aT 센터 / 제2전시장 A홀,2018,2,22,DAESEONG F&D,면류,1997,"951, Sannae-ro, Dong-gu, Daejeon, Republic of Korea",www.dsfnd.com
2018 평창올림픽 연계 대규모 수출상담회(BKF),aT 센터 / 제2전시장 A홀,2018,2,22,"worldfood co.,ltd",도매업및소매업,2000,"45-78, yonggu-dae",www.murgerbon.com
2018 평창올림픽 연계 대규모 수출상담회(BKF),aT 센터 / 제2전시장 A홀,2018,2,22,BIOPOLYTECH,기능식품연구개발,2004,"(songjeong-dong) 714, 134, Gongdan-ro, Heungdeok-gu, Cheongju-si, Chungcheongbuk-do, Korea",www.biopolytech.com
2018 평창올림픽 연계 대규모 수출상담회(BKF),aT 센터 / 제2전시장 A홀,2018,2,22,Hankook Tea Co.,차류,1951,,www.hankooktea.co.kr
2018 평창올림픽 연계 대규모 수출상담회(BKF),aT 센터 / 제2전시장 A홀,2018,2,22,"ROC.CO.,Ltd","건강컨텐츠 연구개발, 식품, 무역",2016,"3, Munhwachon-ro, Pyeongtaek-si, Gyeonggi-do",www.exstore.kr / www.baoshop.kr
2018 평창올림픽 연계 대규모 수출상담회(BKF),aT 센터 / 제2전시장 A홀,2018,2,22,"Global Deep Sea Water co,.Ltd","해양심층수 제품, 해양심층수",2007,"74-24, Donghae-daero 3930beon-gil, Sokcho-si, Gangwon-do, Republic of Korea",deeps.co.kr
2018 평창올림픽 연계 대규모 수출상담회(BKF),aT 센터 / 제2전시장 A홀,2018,2,22,"KOPA, INC.",도소매 농산물무역업 농산물,2012,"(D-202) 33, Yutongdanji-ro, Jung-ri, Naeseo-eup, Masanhoewon-gu, Changwon-si, Gyeongsangnam-do, Republic of Korea",http://www.kopap.co.kr/
2018 평창올림픽 연계 대규모 수출상담회(BKF),aT 센터 / 제2전시장 A홀,2018,2,22,MoonGyeong Omija Valley Co.,제조및 생산,2009,2371-5 Yeowoomok-ro Dongro-ro Munkyeong-si Gyeongsangbuk-do,www.omijamall.co.kr
2018 평창올림픽 연계 대규모 수출상담회(BKF),aT 센터 / 제2전시장 A홀,2018,2,22,"Ilhwa co.,ltd.",제조,1957,"96 BEOLMAL-RO, GURI-SI, GYEONGGI-DO, SOUTH KOREA",www.ilhwa.co.kr
2018 평창올림픽 연계 대규모 수출상담회(BKF),aT 센터 / 제2전시장 A홀,2018,2,22,Haegarden,기타식품,2002,"504-2 Yongdoodaero 36angil, Bongyangup, Jecheoncity, Choongbook",www.haegarden.com
2018 평창올림픽 연계 대규모 수출상담회(BKF),aT 센터 / 제2전시장 A홀,2018,2,22,"Korean Ginseng Research Co., Ltd.",제조,1996,"3275 Gyeonggang-ro,Yongmun-Myeon,Yangpyeong-Gun,Gyeonggi-Do, Korea",www.ginsengresearch.com
2018 평창올림픽 연계 대규모 수출상담회(BKF),aT 센터 / 제2전시장 A홀,2018,2,22,"Youn Sun Ae Cactut co.,Ltd",식품제조가공,2015,"1795-2, Donghae-daero, Heunghae-eup, Buk-gu, Pohang-si, Gyeongsangbuk-do, Republic of Korea","www,100nc.com"
2018 평창올림픽 연계 대규모 수출상담회(BKF),aT 센터 / 제2전시장 A홀,2018,2,22,PUNGGI GINSENG FARMING CORP.,인삼,1994,"1396, Yongju-ro, Anjeong-myeon, Yeongju-si, Gyeongsangbuk-do, Republic of Korea",www.goldsam.com
2018 평창올림픽 연계 대규모 수출상담회(BKF),aT 센터 / 제2전시장 A홀,2018,2,22,Imsil cheese livestock cooperative association,"제조, 금융, 서비스",1992,"329, Bonghwang-ro, Imsil-eup, Imsil-gun, Jeollabuk-do",www.ischeese.co.kr
2018 평창올림픽 연계 대규모 수출상담회(BKF),aT 센터 / 제2전시장 A홀,2018,2,22,badaone,"건어물, 건어물 가공, 무역업",1995,"495 Dunchondae-Ro, Jungwon-Gu, Seongnam City, Kyunggi Province",www.badaone.co.kr
2018 평창올림픽 연계 대규모 수출상담회(BKF),aT 센터 / 제2전시장 A홀,2018,2,22,"Jeju Natural Food co., Ltd.",잼류다류음료류,2009,"#163, Hamseon-ro, Jocheon-eup,Jeju-si, Jeju Special Self-Governing Province",http://nfc.ejeju.net
2018 평창올림픽 연계 대규모 수출상담회(BKF),aT 센터 / 제2전시장 A홀,2018,2,22,fnbio,제조업,2003,"230-8, Cheongwang-ro, Cheonbuk-myeon, Boryeong-si, Chungcheongnam-do, Korea (33403)",www.fnbio.co.kr
2018 평창올림픽 연계 대규모 수출상담회(BKF),aT 센터 / 제2전시장 A홀,2018,2,22,"wellfarm co., ltd",식품,2002,"87 Geumil-ro, 546beon-gil, Geumwang-eup, Eumgseong Gun, Chungcheongbuk-do, South Korea",www.well-farm.co.kr
2018 평창올림픽 연계 대규모 수출상담회(BKF),aT 센터 / 제2전시장 A홀,2018,2,22,"[K05] CHOLOCWON CO., LTD.",다류,2000,"45-15, Pyeongsa 1-gil, Jillyang-eup, Gyeongsan-si, Gyeongsangbuk-do, Korea, 38455",www.cholocwon.com
2018 평창올림픽 연계 대규모 수출상담회(BKF),aT 센터 / 제2전시장 A홀,2018,2,22,"Lotte Chilsung Beverage Co.,Ltd.","청량음료, 식품, 주류",1950,"15, Seocho-daero 70-gil, Seocho-gu, Seoul, Republic of Korea",http://company.lottechilsung.co.kr/eng/product/juice.jsp?nPos=020202
2018 평창올림픽 연계 대규모 수출상담회(BKF),aT 센터 / 제2전시장 A홀,2018,2,22,"GLAMI CO., LTD.","식품, 제조",1996,,www.glami.com
2018 평창올림픽 연계 대규모 수출상담회(BKF),aT 센터 / 제2전시장 A홀,2018,2,22,BADA MYEONGGA,수산물가공업,2014,,www.wandomall.co.kr
2018 평창올림픽 연계 대규모 수출상담회(BKF),aT 센터 / 제2전시장 A홀,2018,2,22,"[K26] PALDO CO., LTD","면, 음료 제조",1969,"577 GANGNAMDAERO, SEOCHO-GU, SEOUL, KOREA",www.paldofood.com
2018 평창올림픽 연계 대규모 수출상담회(BKF),aT 센터 / 제2전시장 A홀,2018,2,22,ADLAI Co. Ltd.,농수산물 도소매업,2015,"28, Daeyaigu-gil, Wando-eup, Wando-gun, Jeollanam-do",adlai.kr
2018 평창올림픽 연계 대규모 수출상담회(BKF),aT 센터 / 제2전시장 A홀,2018,2,22,ivycoffee,커피가공,2014,pyeong taek,www.cafemano.net
2018 평창올림픽 연계 대규모 수출상담회(BKF),aT 센터 / 제2전시장 A홀,2018,2,22,"DAEIL FOOD CO.,LTD",제조,2009,GANGWON-DO WONJU-SI HEUNGEOP-MYEON SEUNGANDONG-GIL 92,http://daeilfood.kr/
2018 평창올림픽 연계 대규모 수출상담회(BKF),aT 센터 / 제2전시장 A홀,2018,2,22,"Haetter Co, Ltd","제조 도소매,건강식품",2003,"Rm601,8cha Daeryung technotown,481-11,Gasan-dong,Geumcheon-gu,Seoul,Korea",http://haetter.en.ec21.com
2018 평창올림픽 연계 대규모 수출상담회(BKF),aT 센터 / 제2전시장 A홀,2018,2,22,"Korean Ginseng Research Co., Ltd.",제조,1996,"3275 Gyeonggang-ro,Yongmun-Myeon,Yangpyeong-Gun,Gyeonggi-Do, Korea",www.ginsengresearch.com
2018 평창올림픽 연계 대규모 수출상담회(BKF),aT 센터 / 제2전시장 A홀,2018,2,22,hoyabiotech,농업,2017,"Hoyabiotech,3rd floor,243-19, Hyeoksin-ro, Iseo-myeon, Wanju_Gun, Jeollabuk-do, Republic of Korea",www.hoyabio.com
2018 평창올림픽 연계 대규모 수출상담회(BKF),aT 센터 / 제2전시장 A홀,2018,2,22,"Gloway Co., Ltd.",농산물 및 농산가공품 수출입업,2013,"40, Dongchundang-Ro, 3Beon-Gil, Daedeok-Gu, Daejeon, Korea",www.src3.com
2018 평창올림픽 연계 대규모 수출상담회(BKF),aT 센터 / 제2전시장 A홀,2018,2,22,"Taewoongfood Co.,Ltd.","인삼, 홍삼제품, 음료류 제조도소매, 수출, 무역",2000,"21 Daegeum-ro 196 beon-gil, Daeso-myeon, Eumseong-gun, Chungcheongbuk-do, Korea",http://www.twfood.co.kr
2018 평창올림픽 연계 대규모 수출상담회(BKF),aT 센터 / 제2전시장 A홀,2018,2,22,Daeheung,"농임산물가공,농임산물",2008,"180 Daebu-gil, Jillyang-eup, Gyengsan-si, Gyesang-buk-do, korea",www.alalri.co.kr
2018 평창올림픽 연계 대규모 수출상담회(BKF),aT 센터 / 제2전시장 A홀,2018,2,22,OKF CORPORATION,"식품,식품무역,무역(수출입업),수출대행업",1990,"54, Hakdong-ro 21-gil, Gangnam-gu, Seoul",www.okf.kr
2018 평창올림픽 연계 대규모 수출상담회(BKF),aT 센터 / 제2전시장 A홀,2018,2,22,"BO SUBG FOODS CO,LTD","도매,제조",1991,"150, Songi-ro, Songpa-gu, Seoul",www.bosungfc.co.kr
2018 평창올림픽 연계 대규모 수출상담회(BKF),aT 센터 / 제2전시장 A홀,2018,2,22,"HANWOOLTARI Co., Ltd.","새싹, 양송이, 딸기, 커피, 땅콩새싹가공",2015,"109Room, 641-28 Saimdang-ro, Gangneung-si, Gangwon-do, South Korea",www.hu194.co.kr
2018 평창올림픽 연계 대규모 수출상담회(BKF),aT 센터 / 제2전시장 A홀,2018,2,22,Joy Natural Co.,"식료품제조업, 농산물판매",2007,"208, 3702 Namboo-ro, Samseung-myeon, Boeun, Choongbook-do, South Korea",www.enjoygarlic.com
2018 평창올림픽 연계 대규모 수출상담회(BKF),aT 센터 / 제2전시장 A홀,2018,2,22,"GYODONG FOOD CO.,LTD.","식품,축산물 가공업",1998,"181, Jiyong-ro, Okcheon-gun, Chungcheongbuk-do, Korea",www.howchon.com
2018 평창올림픽 연계 대규모 수출상담회(BKF),aT 센터 / 제2전시장 A홀,2018,2,22,"NATURE FARM Agriculture Co. ,Ltd",농산물유통판매,2010,"257-18, Haksantopyeong-gil, Hwayang-eup, Cheongdo-gun, Gyeongsangbuk-do, Korea",www.nfdry.com
2018 평창올림픽 연계 대규모 수출상담회(BKF),aT 센터 / 제2전시장 A홀,2018,2,22,"HANWOOLTARI Co., Ltd.","새싹, 양송이, 딸기, 커피, 땅콩새싹가공",2015,"109Room, 641-28 Saimdang-ro, Gangneung-si, Gangwon-do, South Korea",www.hu194.co.kr
2018 평창올림픽 연계 대규모 수출상담회(BKF),aT 센터 / 제2전시장 A홀,2018,2,22,migafood,"제조,가공",2004,"96, Deokjeong-gil, Byeollyang-myeon,",www.sunkot.co.kr
2018 평창올림픽 연계 대규모 수출상담회(BKF),aT 센터 / 제2전시장 A홀,2018,2,22,SINGSONG FOOD CORP.,장류,2009,"55, Busong 1-gil, Jiksan-eup, Seobuk-gu, Cheonan-si, Chungcheongnam-do, Republic of Korea",www.singsong.co.kr
2018 평창올림픽 연계 대규모 수출상담회(BKF),aT 센터 / 제2전시장 A홀,2018,2,22,Chilgapsan Mother Hangwa,제조업,2006,"1012-59, Chungjeol-ro, Cheongyang-eup, Cheongyang-gun, Chungcheongnam-do,korea",WWW.어머니한과.com
2018 평창올림픽 연계 대규모 수출상담회(BKF),aT 센터 / 제2전시장 A홀,2018,2,22,"PANAXKOREA CO,LTD","인삼홍삼제품,과실음료,건강식품",1999,"7-48, IT valley-gil, Gonggeun-myeon, Hoengseong-gun, Gangwon-do, Korea",www.panaxkorea.co.kr
2018 평창올림픽 연계 대규모 수출상담회(BKF),aT 센터 / 제2전시장 A홀,2018,2,22,"MIWAMI CO., LTD",다류 수출업 무역,2009,"840-1 Noam-dong, Namwon-si, Jeollabuk-do, Korea",www.miwami.com
2018 평창올림픽 연계 대규모 수출상담회(BKF),aT 센터 / 제2전시장 A홀,2018,2,22,"DAEKWANG F&G CO.,LTD",제조업외,1990,,www.dkfng.com
2018 평창올림픽 연계 대규모 수출상담회(BKF),aT 센터 / 제2전시장 A홀,2018,2,22,"SAONGWON CO.,LTD","냉동식품,수출업",1995,"76-17, Hansam-ro 153beon-gil, Daeso-myeon, Eumseong-gun, Chungcheongbuk-do, Republic of Korea",www.saongwon.com
2018 평창올림픽 연계 대규모 수출상담회(BKF),aT 센터 / 제2전시장 A홀,2018,2,22,[K10] FRESHIS CO LTD,무역업,2014,,http://www.freshisland.co.kr/
2018 평창올림픽 연계 대규모 수출상담회(BKF),aT 센터 / 제2전시장 A홀,2018,2,22,"worldfood co.,ltd",도매업및소매업,2000,"45-78, yonggu-dae",www.murgerbon.com
2018 평창올림픽 연계 대규모 수출상담회(BKF),aT 센터 / 제2전시장 A홀,2018,2,22,"Agricultral Corporation Cheongdo Wongam Co.,Ltd",제조업,2016,"574, Saemaeul-ro, Cheongdo-eup, Cheongdo-gun, Gyeongsangbuk-do, Republic of Korea",www.wongam.co.kr
2018 평창올림픽 연계 대규모 수출상담회(BKF),aT 센터 / 제2전시장 A홀,2018,2,22,"YOUNG POONG CO.,LTD",농식품가공,1993,"64, Seongseogongdanbuk-ro, Dalseo-gu, Daegu, 42712, KOREA",http://www.ypfoods.co.kr
2018 평창올림픽 연계 대규모 수출상담회(BKF),aT 센터 / 제2전시장 A홀,2018,2,22,Maeum Food,식품,2016,"11-7, Geumgang-ro 2-gil, Nongong-eup, Dalseong-gun, Daegu",없음
2018 평창올림픽 연계 대규모 수출상담회(BKF),aT 센터 / 제2전시장 A홀,2018,2,22,"KKOSUM Food Agricultural Co.,Ltd.",농산물가공,2016,,www.kkosum.com
2018 평창올림픽 연계 대규모 수출상담회(BKF),aT 센터 / 제2전시장 A홀,2018,2,22,Jayeon Farm Farming Corp.,"작물재배업, 들기름, 과일, 채소",2016,"37-16, Yeongju-ro 60beon-gil, Yeongju-si, Gyeongsangbuk-do, 36136, Rep. of KOREA",omega3oil.kr
2018 평창올림픽 연계 대규모 수출상담회(BKF),aT 센터 / 제2전시장 A홀,2018,2,22,Eromglobal,"무역, 농산물, 건강식품",2015,"111, Toegyenonggong-ro, Chuncheon-si, Gangwon-do, Republic of Korea",
2018 평창올림픽 연계 대규모 수출상담회(BKF),aT 센터 / 제2전시장 A홀,2018,2,22,JANGSUFOOD,"제조,도소매",2006,"3,4F,38,SEOKNAM-RO,SEOGU,INCHEON,KOREA",www.jangsufood.net
2018 평창올림픽 연계 대규모 수출상담회(BKF),aT 센터 / 제2전시장 A홀,2018,2,22,pyongtaekgood atonia,아로니아,2016,,
2018 평창올림픽 연계 대규모 수출상담회(BKF),aT 센터 / 제2전시장 A홀,2018,2,22,"JARO CO., LTD.","커피가공업, 인삼가공품",2011,"#213 Campany Support dong, 30-5, Dongsunonggongdanji-gil, Naju-si, Jeollanam-do",www.jaro.co.kr
2018 평창올림픽 연계 대규모 수출상담회(BKF),aT 센터 / 제2전시장 A홀,2018,2,22,"SLOWMOMFOOD Co.,Ltd",제조업,2014,,slowmom.net
2018 평창올림픽 연계 대규모 수출상담회(BKF),aT 센터 / 제2전시장 A홀,2018,2,22,Maeum Food,식품,2016,"11-7, Geumgang-ro 2-gil, Nongong-eup, Dalseong-gun, Daegu",없음
2018 평창올림픽 연계 대규모 수출상담회(BKF),aT 센터 / 제2전시장 A홀,2018,2,22,"GREENRUSH CO., LTD.",식품제조업,2006,"2, Wangji-ro, Suncheon-si, Jeollanam-do, Republic of Korea",greenrush.kr
2018 평창올림픽 연계 대규모 수출상담회(BKF),aT 센터 / 제2전시장 A홀,2018,2,22,"Green Co., Ltd.","버섯재배 및 도매 (수출,무역업, 버섯가공식품)",2002,"95, Haksan 1-gil, Iseo-myeon, Cheongdo-gun, Gyeongsangbuk-do",www.greenco.kr
2018 평창올림픽 연계 대규모 수출상담회(BKF),aT 센터 / 제2전시장 A홀,2018,2,22,DARAEFARMPING,농산물(토종다래) (토종다래잼),2011,"649-76, Chilbong-ro, Hojeo-myeon, Wonju-si, Gangwon-do",dareafarmping.modoo.at
2018 평창올림픽 연계 대규모 수출상담회(BKF),aT 센터 / 제2전시장 A홀,2018,2,22,Sunyoung Food,"과자류, 코코아 가공 및 초콜릿",2013,"784, Seongnam-ro, Susin-myeon, Dongnam-gu, Cheonan-si, Chungcheongnam-do, Korea",sy-food.co.kr
2018 평창올림픽 연계 대규모 수출상담회(BKF),aT 센터 / 제2전시장 A홀,2018,2,22,Chilgapsan Mother Hangwa,제조업,2006,"1012-59, Chungjeol-ro, Cheongyang-eup, Cheongyang-gun, Chungcheongnam-do,korea",WWW.어머니한과.com
2018 평창올림픽 연계 대규모 수출상담회(BKF),aT 센터 / 제2전시장 A홀,2018,2,22,arawoom,농수축산물가공업,2012,"506-16(Ocheon-dong)Mangyang-ro Road,Yeosu-si, Jeollanam-do Korea",http://webd19.webcan.gethompy.com/
2018 평창올림픽 연계 대규모 수출상담회(BKF),aT 센터 / 제2전시장 A홀,2018,2,22,SAMJIN GLOBALNET,"무역업, 임대",1970,"562, Samseong-ro, Gangnam-gu, Seoul, Republic of Korea",http://www.wangfood.com/
2018 평창올림픽 연계 대규모 수출상담회(BKF),aT 센터 / 제2전시장 A홀,2018,2,22,J&E CORPORATION,무역,1995,"Rm.610, A-dong,Bundang Techno Park, #697,Pangyo-ro,Bundang-gu,Seongnam-city,Gyeonggi-do,Korea",www.jnekorea.com
2018 평창올림픽 연계 대규모 수출상담회(BKF),aT 센터 / 제2전시장 A홀,2018,2,22,badaone,"건어물, 건어물 가공, 무역업",1995,"495 Dunchondae-Ro, Jungwon-Gu, Seongnam City, Kyunggi Province",www.badaone.co.kr
2018 평창올림픽 연계 대규모 수출상담회(BKF),aT 센터 / 제2전시장 A홀,2018,2,22,GoodMorningKorea,한국 농산물,2009,"604, Cheonho-daero, Gwangjin-gu, Seoul",
2018 평창올림픽 연계 대규모 수출상담회(BKF),aT 센터 / 제2전시장 A홀,2018,2,22,"HAN SUNG FOOE SALES CO.,LTD","식품, 음료, 잡화, 수출입업",2015,"Rm 304, 55, Pyeongchon-daero 374beon-gil, Dongan-gu, Anyang-si, Gyeonggi-do, Korea",
2018 평창올림픽 연계 대규모 수출상담회(BKF),aT 센터 / 제2전시장 A홀,2018,2,22,haedamsusan cooperative,수산물가공,2015,"39, Sindong-ro 2-gil, Jicheon-myeon, Chilgok-gun, Gyeongsangbuk-do, Republic of Korea",www.haedamsusan.co.kr
2018 평창올림픽 연계 대규모 수출상담회(BKF),aT 센터 / 제2전시장 A홀,2018,2,22,"dokdo trading co.,ltd","무역.농수산물,식품가공",2010,"Agricultural company corporation Dokdo trade Co.,Ltd",www.dokdotrade.co.kr
2018 평창올림픽 연계 대규모 수출상담회(BKF),aT 센터 / 제2전시장 A홀,2018,2,22,ALP-KS TRADING,"수추업, 농학연구개발업(종묘학)",1991,,www.alpks.com
2018 평창올림픽 연계 대규모 수출상담회(BKF),aT 센터 / 제2전시장 A홀,2018,2,22,"SD KOREA Co.,Ltd",음료,2015,"957, Dongseo-daero, Seo-gu, Daejeon, Korea",www.sd-korea.co.kr
2018 평창올림픽 연계 대규모 수출상담회(BKF),aT 센터 / 제2전시장 A홀,2018,2,22,GOODFOOD LLC,일반가공식품,1999,"198-99, UNHA-RO 101BUNGIL, EUNHEYON-MYEON,YANGJU-SI,GYEONGGI-DO",WWW.GOOD-FOOD.CO.KR
2018 평창올림픽 연계 대규모 수출상담회(BKF),aT 센터 / 제2전시장 A홀,2018,2,22,"MORE CO., LTD.",식품 가공,2006,"113,DODONGGUYEOK-GIL,YEONGCHEON-SI,GYEONGSANGBUK-DO,KOREA",morecorp.co.kr
2018 평창올림픽 연계 대규모 수출상담회(BKF),aT 센터 / 제2전시장 A홀,2018,2,22,"GYODONG FOOD CO.,LTD.","식품,축산물 가공업",1998,"181, Jiyong-ro, Okcheon-gun, Chungcheongbuk-do, Korea",www.howchon.com
2018 평창올림픽 연계 대규모 수출상담회(BKF),aT 센터 / 제2전시장 A홀,2018,2,22,"Welltural.Co.,Ltd","견과, 시리얼, 선식, 체중조절식품",2002,Sanyepdanji3gil 17 Pengsan-eup Andong-shi Kyengsangbu-do,www.welltural.co.kr
2018 평창올림픽 연계 대규모 수출상담회(BKF),aT 센터 / 제2전시장 A홀,2018,2,22,jabez,"더덕,나물,잣,농산물,임산물",2014,"3202-9, Sogeumgang-ro, Sabuk-eup, Jeongseon-gun, Gangwon-do, Republic of Korea",www.jungsunmall.com
2018 평창올림픽 연계 대규모 수출상담회(BKF),aT 센터 / 제2전시장 A홀,2018,2,22,Sunyoung Food,"과자류, 코코아 가공 및 초콜릿",2013,"784, Seongnam-ro, Susin-myeon, Dongnam-gu, Cheonan-si, Chungcheongnam-do, Korea",sy-food.co.kr
2018 평창올림픽 연계 대규모 수출상담회(BKF),aT 센터 / 제2전시장 A홀,2018,2,22,"worldfood co.,ltd",도매업및소매업,2000,"45-78, yonggu-dae",www.murgerbon.com
2018 평창올림픽 연계 대규모 수출상담회(BKF),aT 센터 / 제2전시장 A홀,2018,2,22,Seowondang Food Co.,"식용유지류, 농산물",2013,"451, Haenggu-ro, Wonju-si, Gangwon-do",www.seowondang.kr
2018 평창올림픽 연계 대규모 수출상담회(BKF),aT 센터 / 제2전시장 A홀,2018,2,22,"EBICHE CO.,LTD",제조업,2000,"21, HWANGGANG GONGDANGIL, IMGOMYEON, YOUNGCHUNSI, GYEONGSANGBUKDO,KOREA",www.ebiche.com
2018 평창올림픽 연계 대규모 수출상담회(BKF),aT 센터 / 제2전시장 A홀,2018,2,22,WINWINFISH CORP.,농수산물가공품,2001,"20, Jungang-ro 378beon-gil, Yangpyeong-eup, Yangpyeong-gun, Gyeonggi-do",www.winwinfish.com
2018 평창올림픽 연계 대규모 수출상담회(BKF),aT 센터 / 제2전시장 A홀,2018,2,22,BADA MYEONGGA,수산물가공업,2014,,www.wandomall.co.kr
2018 평창올림픽 연계 대규모 수출상담회(BKF),aT 센터 / 제2전시장 A홀,2018,2,22,"[K19] I’M DNL CO., LTD",가공식품,2017,,www. younmifoods.com
2018 평창올림픽 연계 대규모 수출상담회(BKF),aT 센터 / 제2전시장 A홀,2018,2,22,"[K26] PALDO CO., LTD","면, 음료 제조",1969,"577 GANGNAMDAERO, SEOCHO-GU, SEOUL, KOREA",www.paldofood.com
2018 평창올림픽 연계 대규모 수출상담회(BKF),aT 센터 / 제2전시장 A홀,2018,2,22,"MANJUN FOODS CO., LTD.",제조업,1995,"11, GEOMDANSAN-RO 146BEON-GIL, HANAM-SI, GYEONGGI-DO,13024, KOREA",www.manjun.net
2018 평창올림픽 연계 대규모 수출상담회(BKF),aT 센터 / 제2전시장 A홀,2018,2,22,"JARO CO., LTD.","커피가공업, 인삼가공품",2011,"#213 Campany Support dong, 30-5, Dongsunonggongdanji-gil, Naju-si, Jeollanam-do",www.jaro.co.kr
2018 평창올림픽 연계 대규모 수출상담회(BKF),aT 센터 / 제2전시장 A홀,2018,2,22,TEAZEN.Inc.,"다류, 식품, 무역",2001,"80-23, Daeun-gil, Gyegok-myeon, Haenam-gun, Jeollanam-do",www.teazen.co.kr
2018 평창올림픽 연계 대규모 수출상담회(BKF),aT 센터 / 제2전시장 A홀,2018,2,22,"Dajung Co., Ltd.",인삼류,1996,"371, JANGSU-RO, IWOL-MYEON, JINCHEON-GUN, CHUNGBUK, 27819 REPUBLIC OF KOREA",www.kgs.ne.kr
2018 평창올림픽 연계 대규모 수출상담회(BKF),aT 센터 / 제2전시장 A홀,2018,2,22,"Lotte Chilsung Beverage Co.,Ltd.","청량음료, 식품, 주류",1950,"15, Seocho-daero 70-gil, Seocho-gu, Seoul, Republic of Korea",http://company.lottechilsung.co.kr/eng/product/juice.jsp?nPos=020202
2018 평창올림픽 연계 대규모 수출상담회(BKF),aT 센터 / 제2전시장 A홀,2018,2,22,Daeheung,"농임산물가공,농임산물",2008,"180 Daebu-gil, Jillyang-eup, Gyengsan-si, Gyesang-buk-do, korea",www.alalri.co.kr
2018 평창올림픽 연계 대규모 수출상담회(BKF),aT 센터 / 제2전시장 A홀,2018,2,22,PUNGGI GINSENG FARMING CORP.,인삼,1994,"1396, Yongju-ro, Anjeong-myeon, Yeongju-si, Gyeongsangbuk-do, Republic of Korea",www.goldsam.com
2018 평창올림픽 연계 대규모 수출상담회(BKF),aT 센터 / 제2전시장 A홀,2018,2,22,"worldfood co.,ltd",도매업및소매업,2000,"45-78, yonggu-dae",www.murgerbon.com
2018 평창올림픽 연계 대규모 수출상담회(BKF),aT 센터 / 제2전시장 A홀,2018,2,22,Hanarofood,도.소매,2011,"1790-1, Gyeongchun-ro, Hwado-eup, Namyangju-si, Gyeonggi-do",www.hanarofood.co.kr
2018 평창올림픽 연계 대규모 수출상담회(BKF),aT 센터 / 제2전시장 A홀,2018,2,22,"Taewoongfood Co.,Ltd.","인삼, 홍삼제품, 음료류 제조도소매, 수출, 무역",2000,"21 Daegeum-ro 196 beon-gil, Daeso-myeon, Eumseong-gun, Chungcheongbuk-do, Korea",http://www.twfood.co.kr
2018 평창올림픽 연계 대규모 수출상담회(BKF),aT 센터 / 제2전시장 A홀,2018,2,22,HYE SUNG BEVERAGE Co.LTD,제조 .도소매업,2014,150 Munhwa-ro Jincheon-up Jincheon-gun chungbuk Korea,http://www.xn--zf4b8aw8i65e7scfxe.com/hs/mobile/index.html
2018 평창올림픽 연계 대규모 수출상담회(BKF),aT 센터 / 제2전시장 A홀,2018,2,22,Donghwa Food,젓갈,2002,"16-11, Nonggongdanji 2gil, Sokcho-si, Gangwon-do, Korea",www.donghwafood.co.kr / www.오마니젓갈.com
2018 평창올림픽 연계 대규모 수출상담회(BKF),aT 센터 / 제2전시장 A홀,2018,2,22,NEXTURE E-ONE CO LTD,"식품, 수출업",2007,"1F 7, Jegi-Ro, Dongdaemun-Gu, Seoul, Korea",www.nextureone.com
2018 평창올림픽 연계 대규모 수출상담회(BKF),aT 센터 / 제2전시장 A홀,2018,2,22,"HURUM CO.,LTD","식품,잡화,무역",1995,"115, Gasan digital 2-ro, Geumcheon-gu, Seoul",hurumcorp.com/
2018 평창올림픽 연계 대규모 수출상담회(BKF),aT 센터 / 제2전시장 A홀,2018,2,22,"TAEKWAN CO.,LTD.",도소매업(무역),2002,"#401, Jungwoo BLDG, 178, Injung-ro, Jung-gu, Incheon, Korea",www.taekwan.co.kr
2018 평창올림픽 연계 대규모 수출상담회(BKF),aT 센터 / 제2전시장 A홀,2018,2,22,"SSMGLOBAL CO., LTD.","무역, 유통",2016,"385, Gulmi-ro, Juksan-myeon, Anseong-si, Gyeonggi-do, Korea",www.ssmglobal.co.kr
2018 평창올림픽 연계 대규모 수출상담회(BKF),aT 센터 / 제2전시장 A홀,2018,2,22,arawoom,농수축산물가공업,2012,"506-16(Ocheon-dong)Mangyang-ro Road,Yeosu-si, Jeollanam-do Korea",http://webd19.webcan.gethompy.com/
2018 평창올림픽 연계 대규모 수출상담회(BKF),aT 센터 / 제2전시장 A홀,2018,2,22,Sunyoung Food,"과자류, 코코아 가공 및 초콜릿",2013,"784, Seongnam-ro, Susin-myeon, Dongnam-gu, Cheonan-si, Chungcheongnam-do, Korea",sy-food.co.kr
2018 평창올림픽 연계 대규모 수출상담회(BKF),aT 센터 / 제2전시장 A홀,2018,2,22,"Lotte Chilsung Beverage Co.,Ltd.","청량음료, 식품, 주류",1950,"15, Seocho-daero 70-gil, Seocho-gu, Seoul, Republic of Korea",http://company.lottechilsung.co.kr/eng/product/juice.jsp?nPos=020202
2018 평창올림픽 연계 대규모 수출상담회(BKF),aT 센터 / 제2전시장 A홀,2018,2,22,badaone,"건어물, 건어물 가공, 무역업",1995,"495 Dunchondae-Ro, Jungwon-Gu, Seongnam City, Kyunggi Province",www.badaone.co.kr
2018 평창올림픽 연계 대규모 수출상담회(BKF),aT 센터 / 제2전시장 A홀,2018,2,22,mantrading,"무역, 음료, 컨설팅",2012,"9, Gaepo-ro 109-gil, Gangnam-gu, Seoul",www.matrading.co.kr
2018 평창올림픽 연계 대규모 수출상담회(BKF),aT 센터 / 제2전시장 A홀,2018,2,22,CHONMA CORPORATION,제조 도소매,1999,"29-8, Baekjegobun-ro 40-gil, Songpa-gu, Seoul, Republic of Korea",chonmafood.com
2018 평창올림픽 연계 대규모 수출상담회(BKF),aT 센터 / 제2전시장 A홀,2018,2,22,"Samcheok Dongja Yack Doraji, Corp.","도라지 재배, 돌배 및 마늘 가공판매",2011,2222 Baeckdudaegan-ro Hajang-myeon Samcheok-si Gangwon-do,
2018 평창올림픽 연계 대규모 수출상담회(BKF),aT 센터 / 제2전시장 A홀,2018,2,22,"FOODMASTERGROUP CO., LTD",도소매,2017,"215-6, Yulgok-ro, Jongno-gu, Seoul",www.drholipet.com
2018 평창올림픽 연계 대규모 수출상담회(BKF),aT 센터 / 제2전시장 A홀,2018,2,22,"[K26] PALDO CO., LTD","면, 음료 제조",1969,"577 GANGNAMDAERO, SEOCHO-GU, SEOUL, KOREA",www.paldofood.com
2018 평창올림픽 연계 대규모 수출상담회(BKF),aT 센터 / 제2전시장 A홀,2018,2,22,"SSMGLOBAL CO., LTD.","무역, 유통",2016,"385, Gulmi-ro, Juksan-myeon, Anseong-si, Gyeonggi-do, Korea",www.ssmglobal.co.kr
2018 평창올림픽 연계 대규모 수출상담회(BKF),aT 센터 / 제2전시장 A홀,2018,2,22,"[K05] CHOLOCWON CO., LTD.",다류,2000,"45-15, Pyeongsa 1-gil, Jillyang-eup, Gyeongsan-si, Gyeongsangbuk-do, Korea, 38455",www.cholocwon.com
2018 평창올림픽 연계 대규모 수출상담회(BKF),aT 센터 / 제2전시장 A홀,2018,2,22,"[K26] PALDO CO., LTD","면, 음료 제조",1969,"577 GANGNAMDAERO, SEOCHO-GU, SEOUL, KOREA",www.paldofood.com
2018 평창올림픽 연계 대규모 수출상담회(BKF),aT 센터 / 제2전시장 A홀,2018,2,22,"BEBEFOOD KOREA CO., LTD.","조미식품,무역",2009,,www.bebefood.co.kr
2018 평창올림픽 연계 대규모 수출상담회(BKF),aT 센터 / 제2전시장 A홀,2018,2,22,CFM Commerce,제조. 도소매,2017,"No.1505, 623 Gaepo-ro, Gangnam-gu, Seoul, Korea",www.cfmcommerce.net
2018 평창올림픽 연계 대규모 수출상담회(BKF),aT 센터 / 제2전시장 A홀,2018,2,22,PYEONGCHANG FARM,"농산물건조, 농산물판매",2004,"89, Hyanggyo-gil, Pyeongchang-eup, Pyeongchang-gun, Gangwon-do",www.pcfarm.kr
2018 평창올림픽 연계 대규모 수출상담회(BKF),aT 센터 / 제2전시장 A홀,2018,2,22,haedamsusan cooperative,수산물가공,2015,"39, Sindong-ro 2-gil, Jicheon-myeon, Chilgok-gun, Gyeongsangbuk-do, Republic of Korea",www.haedamsusan.co.kr
2018 평창올림픽 연계 대규모 수출상담회(BKF),aT 센터 / 제2전시장 A홀,2018,2,22,BADA MYEONGGA,수산물가공업,2014,,www.wandomall.co.kr
2018 평창올림픽 연계 대규모 수출상담회(BKF),aT 센터 / 제2전시장 A홀,2018,2,22,WINWINFISH CORP.,농수산물가공품,2001,"20, Jungang-ro 378beon-gil, Yangpyeong-eup, Yangpyeong-gun, Gyeonggi-do",www.winwinfish.com
2018 평창올림픽 연계 대규모 수출상담회(BKF),aT 센터 / 제2전시장 A홀,2018,2,22,badaone,"건어물, 건어물 가공, 무역업",1995,"495 Dunchondae-Ro, Jungwon-Gu, Seongnam City, Kyunggi Province",www.badaone.co.kr
2018 평창올림픽 연계 대규모 수출상담회(BKF),aT 센터 / 제2전시장 A홀,2018,2,22,[K32] TULIP INTERNATIONAL INC.,"기타식품, 무역, 제조",1999,"37, Teheran-ro 87-gil, Gangnam-gu, Seoul",www.tulipint.com
2018 평창올림픽 연계 대규모 수출상담회(BKF),aT 센터 / 제2전시장 A홀,2018,2,22,OKF CORPORATION,"식품,식품무역,무역(수출입업),수출대행업",1990,"54, Hakdong-ro 21-gil, Gangnam-gu, Seoul",www.okf.kr
2018 평창올림픽 연계 대규모 수출상담회(BKF),aT 센터 / 제2전시장 A홀,2018,2,22,"BrandAcumen Co.,Ltd.",식품소분판매업,2002,"A-1404, 53, mapo-daero, mapo-gu, seoul, 04158, Korea",http://www.superbeverage.co.kr/
2018 평창올림픽 연계 대규모 수출상담회(BKF),aT 센터 / 제2전시장 A홀,2018,2,22,JANGSUFOOD,"제조,도소매",2006,"3,4F,38,SEOKNAM-RO,SEOGU,INCHEON,KOREA",www.jangsufood.net
2018 평창올림픽 연계 대규모 수출상담회(BKF),aT 센터 / 제2전시장 A홀,2018,2,22,minsoktteokmaeul,도소매,2014,,
2018 평창올림픽 연계 대규모 수출상담회(BKF),aT 센터 / 제2전시장 A홀,2018,2,22,IKG KOREA CO.,무역,2011,"T-9122, GARDEN5LIFE, 66, CHUNGMIN-RO, SONGPA-GU, SEOUL, KOREA",www.ikgkorea.com
2018 평창올림픽 연계 대규모 수출상담회(BKF),aT 센터 / 제2전시장 A홀,2018,2,22,"[K05] CHOLOCWON CO., LTD.",다류,2000,"45-15, Pyeongsa 1-gil, Jillyang-eup, Gyeongsan-si, Gyeongsangbuk-do, Korea, 38455",www.cholocwon.com
2018 평창올림픽 연계 대규모 수출상담회(BKF),aT 센터 / 제2전시장 A홀,2018,2,22,"petit ami co.,ltd",식품제조,2012,,www.pamifree.com
2018 평창올림픽 연계 대규모 수출상담회(BKF),aT 센터 / 제2전시장 A홀,2018,2,22,"MORE CO., LTD.",식품 가공,2006,"113,DODONGGUYEOK-GIL,YEONGCHEON-SI,GYEONGSANGBUK-DO,KOREA",morecorp.co.kr
2018 평창올림픽 연계 대규모 수출상담회(BKF),aT 센터 / 제2전시장 A홀,2018,2,22,Jayeon Farm Farming Corp.,"작물재배업, 들기름, 과일, 채소",2016,"37-16, Yeongju-ro 60beon-gil, Yeongju-si, Gyeongsangbuk-do, 36136, Rep. of KOREA",omega3oil.kr
2018 평창올림픽 연계 대규모 수출상담회(BKF),aT 센터 / 제2전시장 A홀,2018,2,22,"YOUNG POONG CO.,LTD",농식품가공,1993,"64, Seongseogongdanbuk-ro, Dalseo-gu, Daegu, 42712, KOREA",http://www.ypfoods.co.kr
2018 평창올림픽 연계 대규모 수출상담회(BKF),aT 센터 / 제2전시장 A홀,2018,2,22,ivycoffee,커피가공,2014,pyeong taek,www.cafemano.net
2018 평창올림픽 연계 대규모 수출상담회(BKF),aT 센터 / 제2전시장 A홀,2018,2,22,"Global Deep Sea Water co,.Ltd","해양심층수 제품, 해양심층수",2007,"74-24, Donghae-daero 3930beon-gil, Sokcho-si, Gangwon-do, Republic of Korea",deeps.co.kr
2018 평창올림픽 연계 대규모 수출상담회(BKF),aT 센터 / 제2전시장 A홀,2018,2,22,"Songhak Korea Red Ginseng Co.,Ltd.","제조업,농업,도소매",2009,"297, Seonwon-ri, Buri-myeon, Geumsan-gun,Chungcheongnam-do, Korea",www.shhongsam.com
2018 평창올림픽 연계 대규모 수출상담회(BKF),aT 센터 / 제2전시장 A홀,2018,2,22,Agricultural Corporation GROWTHDIGM F&B,"농산물가공, 농식품판매",2016,"F 150, Food Venture Center, Kore",growthdigm.com
2018 평창올림픽 연계 대규모 수출상담회(BKF),aT 센터 / 제2전시장 A홀,2018,2,22,NH Nonghyup,"유통, 물류",1964,"92, Tongil-ro, Jung-gu, Seoul",www.nonghyup.com
2018 평창올림픽 연계 대규모 수출상담회(BKF),aT 센터 / 제2전시장 A홀,2018,2,22,badaone,"건어물, 건어물 가공, 무역업",1995,"495 Dunchondae-Ro, Jungwon-Gu, Seongnam City, Kyunggi Province",www.badaone.co.kr
2018 평창올림픽 연계 대규모 수출상담회(BKF),aT 센터 / 제2전시장 A홀,2018,2,22,LEE'S Marketing INC,"무역,농수산물외",2007,"508-33, Seolga-ro, Seolseong-myeon, Icheon-si, Gyeonggi-do, Republic of Korea",http://wellplus.co.kr/
2018 평창올림픽 연계 대규모 수출상담회(BKF),aT 센터 / 제2전시장 A홀,2018,2,22,GYEONG BUK CORPORATION,도소매,1994,"76-6, HYEONNAE-GIL, JILLYANG-EUP, GYEONGSAN-SI, GYEONGSANGBUK-DO, KOREA",www.gbci.co.kr
2018 평창올림픽 연계 대규모 수출상담회(BKF),aT 센터 / 제2전시장 A홀,2018,2,22,Chilgapsan Mother Hangwa,제조업,2006,"1012-59, Chungjeol-ro, Cheongyang-eup, Cheongyang-gun, Chungcheongnam-do,korea",WWW.어머니한과.com
2018 평창올림픽 연계 대규모 수출상담회(BKF),aT 센터 / 제2전시장 A홀,2018,2,22,BADA MYEONGGA,수산물가공업,2014,,www.wandomall.co.kr
2018 평창올림픽 연계 대규모 수출상담회(BKF),aT 센터 / 제2전시장 A홀,2018,2,22,Sunyoung Food,"과자류, 코코아 가공 및 초콜릿",2013,"784, Seongnam-ro, Susin-myeon, Dongnam-gu, Cheonan-si, Chungcheongnam-do, Korea",sy-food.co.kr
2018 평창올림픽 연계 대규모 수출상담회(BKF),aT 센터 / 제2전시장 A홀,2018,2,22,[K15] HANBAEK FOOD AGRICULTURAL CO. LTD.,조미김 제조업,2012,"624-33 Gwangjagng, Cheongan, Goesan, Chungcheongbukdo",hanbaekfood.com
2018 평창올림픽 연계 대규모 수출상담회(BKF),aT 센터 / 제2전시장 A홀,2018,2,22,MEKKA Corp.,식품 제조/ 마른 김/ 스시용 김/ 구운 김,1995,,
2018 평창올림픽 연계 대규모 수출상담회(BKF),aT 센터 / 제2전시장 A홀,2018,2,22,haedamsusan cooperative,수산물가공,2015,"39, Sindong-ro 2-gil, Jicheon-myeon, Chilgok-gun, Gyeongsangbuk-do, Republic of Korea",www.haedamsusan.co.kr
2018 평창올림픽 연계 대규모 수출상담회(BKF),aT 센터 / 제2전시장 A홀,2018,2,22,[K10] FRESHIS CO LTD,무역업,2014,,http://www.freshisland.co.kr/
2018 평창올림픽 연계 대규모 수출상담회(BKF),aT 센터 / 제2전시장 A홀,2018,2,22,R&G CORPORATION,"무역, 농수산물가공식품",1985,"347 Daewangpangyo-ro, Bundang-gu, Seongnam-si Gyeonggi-do",www.assifood.co.kr
2018 평창올림픽 연계 대규모 수출상담회(BKF),aT 센터 / 제2전시장 A홀,2018,2,22,andong local food,농업 제조업,2017,"26, Yeongga-ro, Andong-si, Gyeongsangbuk-do, Republic of Korea",andonglocalfood.modoo.at
2018 평창올림픽 연계 대규모 수출상담회(BKF),aT 센터 / 제2전시장 A홀,2018,2,22,THREE C CORP.,"분유,커피크리머,커피,라면,스낵,음료,소스류",2001,"9, Nonhyeon-ro 81-gil, Gangnam-gu, Seoul",http://threec.kr
2018 평창올림픽 연계 대규모 수출상담회(BKF),aT 센터 / 제2전시장 A홀,2018,2,22,"Hyundai F&B Co.,Ltd.","과자류, 음료, 캔디류",2008,"16,je4sandan1-ro,miyangmyeon,anseongsi,gyeonggido,korea",www.hdfnbkorea.com
2018 평창올림픽 연계 대규모 수출상담회(BKF),aT 센터 / 제2전시장 A홀,2018,2,22,"KKOH SHAEM FOOD CO.,LTD","다류 제조, 도소매 및 수출",1997,"#82 Jugyeopsan-ro, 35 Beon-gil, Sohol-eup, Pocheon-si, Gyeonggi-do, Korea",www.ksfs.co.kr
2018 평창올림픽 연계 대규모 수출상담회(BKF),aT 센터 / 제2전시장 A홀,2018,2,22,"wellfarm co., ltd",식품,2002,"87 Geumil-ro, 546beon-gil, Geumwang-eup, Eumgseong Gun, Chungcheongbuk-do, South Korea",www.well-farm.co.kr
2018 평창올림픽 연계 대규모 수출상담회(BKF),aT 센터 / 제2전시장 A홀,2018,2,22,fnbio,제조업,2003,"230-8, Cheongwang-ro, Cheonbuk-myeon, Boryeong-si, Chungcheongnam-do, Korea (33403)",www.fnbio.co.kr
2018 평창올림픽 연계 대규모 수출상담회(BKF),aT 센터 / 제2전시장 A홀,2018,2,22,"Agricultral Corporation Cheongdo Wongam Co.,Ltd",제조업,2016,"574, Saemaeul-ro, Cheongdo-eup, Cheongdo-gun, Gyeongsangbuk-do, Republic of Korea",www.wongam.co.kr
2018 평창올림픽 연계 대규모 수출상담회(BKF),aT 센터 / 제2전시장 A홀,2018,2,22,"HURUM CO.,LTD","식품,잡화,무역",1995,"115, Gasan digital 2-ro, Geumcheon-gu, Seoul",hurumcorp.com/
2018 평창올림픽 연계 대규모 수출상담회(BKF),aT 센터 / 제2전시장 A홀,2018,2,22,"YOUNG POONG CO.,LTD",농식품가공,1993,"64, Seongseogongdanbuk-ro, Dalseo-gu, Daegu, 42712, KOREA",http://www.ypfoods.co.kr
2018 평창올림픽 연계 대규모 수출상담회(BKF),aT 센터 / 제2전시장 A홀,2018,2,22,"wellfarm co., ltd",식품,2002,"87 Geumil-ro, 546beon-gil, Geumwang-eup, Eumgseong Gun, Chungcheongbuk-do, South Korea",www.well-farm.co.kr
2018 평창올림픽 연계 대규모 수출상담회(BKF),aT 센터 / 제2전시장 A홀,2018,2,22,"AROMAVILLE COFFEE CO.,LTD.",커피 및 국산차 가공업,2001,"23, Seohae-ro 987beon-gil, Paltan-myeon, Hwaseong-si, Gyeonggi-do, Republic of Korea",www.handrip.com
2018 평창올림픽 연계 대규모 수출상담회(BKF),aT 센터 / 제2전시장 A홀,2018,2,22,WINWINFISH CORP.,농수산물가공품,2001,"20, Jungang-ro 378beon-gil, Yangpyeong-eup, Yangpyeong-gun, Gyeonggi-do",www.winwinfish.com
2018 평창올림픽 연계 대규모 수출상담회(BKF),aT 센터 / 제2전시장 A홀,2018,2,22,NEXTURE E-ONE CO LTD,"식품, 수출업",2007,"1F 7, Jegi-Ro, Dongdaemun-Gu, Seoul, Korea",www.nextureone.com
2018 평창올림픽 연계 대규모 수출상담회(BKF),aT 센터 / 제2전시장 A홀,2018,2,22,BIFIDO,유산균 외,1999,"23-16 Nonggongdanji-gil, Hongcheon-eup, Hongcheon-gun, Gangwon-do, 25117, Republic of Korea",www.bifido.com
2018 평창올림픽 연계 대규모 수출상담회(BKF),aT 센터 / 제2전시장 A홀,2018,2,22,"Dairyzen Co.,Ltd.",제조업,1999,"170, Munmakgongdan-gil, Munmak-eup, Wonju-si, Gangwon-do, South Korea",www.dairyzen.co.kr
2018 평창올림픽 연계 대규모 수출상담회(BKF),aT 센터 / 제2전시장 A홀,2018,2,22,"BEBEFOOD KOREA CO., LTD.","조미식품,무역",2009,,www.bebefood.co.kr
2018 평창올림픽 연계 대규모 수출상담회(BKF),aT 센터 / 제2전시장 A홀,2018,2,22,"HURUM CO.,LTD","식품,잡화,무역",1995,"115, Gasan digital 2-ro, Geumcheon-gu, Seoul",hurumcorp.com/
2018 평창올림픽 연계 대규모 수출상담회(BKF),aT 센터 / 제2전시장 A홀,2018,2,22,"DAMO CO., LTD.","식품가공업, 기타무역업",2007,135 ANSIN-RO ANGYE-MYEON UISEONG-GUN GYEONGSANGBUK-DO KOREA,www.damofood.net
2018 평창올림픽 연계 대규모 수출상담회(BKF),aT 센터 / 제2전시장 A홀,2018,2,22,"JJF CO.,LTD",수출입무역,2000,"222-2, Wolgak-ro, Hallim-eup, Jeju-si, Jeju-do, 695-291",www.jjfkorea.co.kr
2018 평창올림픽 연계 대규모 수출상담회(BKF),aT 센터 / 제2전시장 A홀,2018,2,22,GoodMorningKorea,한국 농산물,2009,"604, Cheonho-daero, Gwangjin-gu, Seoul",
2018 평창올림픽 연계 대규모 수출상담회(BKF),aT 센터 / 제2전시장 A홀,2018,2,22,Sunyoung Food,"과자류, 코코아 가공 및 초콜릿",2013,"784, Seongnam-ro, Susin-myeon, Dongnam-gu, Cheonan-si, Chungcheongnam-do, Korea",sy-food.co.kr
2018 평창올림픽 연계 대규모 수출상담회(BKF),aT 센터 / 제2전시장 A홀,2018,2,22,"[K05] CHOLOCWON CO., LTD.",다류,2000,"45-15, Pyeongsa 1-gil, Jillyang-eup, Gyeongsan-si, Gyeongsangbuk-do, Korea, 38455",www.cholocwon.com
2018 평창올림픽 연계 대규모 수출상담회(BKF),aT 센터 / 제2전시장 A홀,2018,2,22,"Honestfood Co., Ltd",제조,2014,"59-11, Biseongnal-ro, Deokjin-gu, Jeonju-si, Jeollabuk-do, Republic of korea",www.ybcook.com
2018 평창올림픽 연계 대규모 수출상담회(BKF),aT 센터 / 제2전시장 A홀,2018,2,22,"Jeju Natural Food co., Ltd.",잼류다류음료류,2009,"#163, Hamseon-ro, Jocheon-eup,Jeju-si, Jeju Special Self-Governing Province",http://nfc.ejeju.net
2018 평창올림픽 연계 대규모 수출상담회(BKF),aT 센터 / 제2전시장 A홀,2018,2,22,NH Nonghyup,"유통, 물류",1964,"92, Tongil-ro, Jung-gu, Seoul",www.nonghyup.com
2018 평창올림픽 연계 대규모 수출상담회(BKF),aT 센터 / 제2전시장 A홀,2018,2,22,"worldfood co.,ltd",도매업및소매업,2000,"45-78, yonggu-dae",www.murgerbon.com
2018 평창올림픽 연계 대규모 수출상담회(BKF),aT 센터 / 제2전시장 A홀,2018,2,22,"BAEKJE CORPORATION CO., LTD.","면류,떡류 제조업체",2010,"209-7, OSEO-GIL, GWANGCHEON-EUP, HONGSEONG-GUN, CHUNGCHEONGNAM-DO, KOREA 322285",www.bj1978.com
2018 평창올림픽 연계 대규모 수출상담회(BKF),aT 센터 / 제2전시장 A홀,2018,2,22,"DAEIL FOOD CO.,LTD",제조,2009,GANGWON-DO WONJU-SI HEUNGEOP-MYEON SEUNGANDONG-GIL 92,http://daeilfood.kr/
2018 평창올림픽 연계 대규모 수출상담회(BKF),aT 센터 / 제2전시장 A홀,2018,2,22,"GYODONG FOOD CO.,LTD.","식품,축산물 가공업",1998,"181, Jiyong-ro, Okcheon-gun, Chungcheongbuk-do, Korea",www.howchon.com
2018 평창올림픽 연계 대규모 수출상담회(BKF),aT 센터 / 제2전시장 A홀,2018,2,22,"KOREA NATURAL FOOD CO.,LTD",제조업,1987,Jeollabuk-do Jeonj-si Deokjin-gu Yeosil-gil 34,www.dooraeone.com
2018 평창올림픽 연계 대규모 수출상담회(BKF),aT 센터 / 제2전시장 A홀,2018,2,22,"Nokchawon Co., Ltd.","무역, 다류식품",1992,"84, Seocho-daero 4-gil, Seocho-gu, Seoul",www.nokchawon.co.kr
2018 평창올림픽 연계 대규모 수출상담회(BKF),aT 센터 / 제2전시장 A홀,2018,2,22,"Lotte Chilsung Beverage Co.,Ltd.","청량음료, 식품, 주류",1950,"15, Seocho-daero 70-gil, Seocho-gu, Seoul, Republic of Korea",http://company.lottechilsung.co.kr/eng/product/juice.jsp?nPos=020202
2018 평창올림픽 연계 대규모 수출상담회(BKF),aT 센터 / 제2전시장 A홀,2018,2,22,"HANHAEBO CO.,LTD.","마른김,스시김,김밥김,조미김,김자반",2016,"57162,3513, Yeongsan-ro Hakgyo-myeon, Hampyeong-gun, Jeollanam-do, Korea",https://www.agrotrade.net/mini/hanhaebo87
2018 평창올림픽 연계 대규모 수출상담회(BKF),aT 센터 / 제2전시장 A홀,2018,2,22,"SD KOREA Co.,Ltd",음료,2015,"957, Dongseo-daero, Seo-gu, Daejeon, Korea",www.sd-korea.co.kr
2018 평창올림픽 연계 대규모 수출상담회(BKF),aT 센터 / 제2전시장 A홀,2018,2,22,DaeDo Food,제조업,2006,"72-24, Yangsuro-6gil, Okcheon-eup, Okcheon-gun, Chungbuk, 29035, Korea",N
2018 평창올림픽 연계 대규모 수출상담회(BKF),aT 센터 / 제2전시장 A홀,2018,2,22,Hanarofood,도.소매,2011,"1790-1, Gyeongchun-ro, Hwado-eup, Namyangju-si, Gyeonggi-do",www.hanarofood.co.kr
2018 평창올림픽 연계 대규모 수출상담회(BKF),aT 센터 / 제2전시장 A홀,2018,2,22,"petit ami co.,ltd",식품제조,2012,,www.pamifree.com
2018 평창올림픽 연계 대규모 수출상담회(BKF),aT 센터 / 제2전시장 A홀,2018,2,22,[K15] HANBAEK FOOD AGRICULTURAL CO. LTD.,조미김 제조업,2012,"624-33 Gwangjagng, Cheongan, Goesan, Chungcheongbukdo",hanbaekfood.com
2018 평창올림픽 연계 대규모 수출상담회(BKF),aT 센터 / 제2전시장 A홀,2018,2,22,minsoktteokmaeul,도소매,2014,,
2018 평창올림픽 연계 대규모 수출상담회(BKF),aT 센터 / 제2전시장 A홀,2018,2,22,Sangwoel sweet potato,농업,2015,chungnam nonsansi sangwol daemeng 2gil 13-35,swgoguma.cafe24.com
2018 평창올림픽 연계 대규모 수출상담회(BKF),aT 센터 / 제2전시장 A홀,2018,2,22,"D&FOOD CO.,LTD.",식품.무역.전자상거래.임대업,2014,"23, Geomdan-ro 93beon-gil, Seo-gu, Incheon, Republic of Korea",jongilfood.com
2018 평창올림픽 연계 대규모 수출상담회(BKF),aT 센터 / 제2전시장 A홀,2018,2,22,HYE SUNG BEVERAGE Co.LTD,제조 .도소매업,2014,150 Munhwa-ro Jincheon-up Jincheon-gun chungbuk Korea,http://www.xn--zf4b8aw8i65e7scfxe.com/hs/mobile/index.html
2018 평창올림픽 연계 대규모 수출상담회(BKF),aT 센터 / 제2전시장 A홀,2018,2,22,"BO SUBG FOODS CO,LTD","도매,제조",1991,"150, Songi-ro, Songpa-gu, Seoul",www.bosungfc.co.kr
2018 평창올림픽 연계 대규모 수출상담회(BKF),aT 센터 / 제2전시장 A홀,2018,2,22,"SSMGLOBAL CO., LTD.","무역, 유통",2016,"385, Gulmi-ro, Juksan-myeon, Anseong-si, Gyeonggi-do, Korea",www.ssmglobal.co.kr
2018 평창올림픽 연계 대규모 수출상담회(BKF),aT 센터 / 제2전시장 A홀,2018,2,22,"worldfood co.,ltd",도매업및소매업,2000,"45-78, yonggu-dae",www.murgerbon.com
2018 평창올림픽 연계 대규모 수출상담회(BKF),aT 센터 / 제2전시장 A홀,2018,2,22,"[K19] I’M DNL CO., LTD",가공식품,2017,,www. younmifoods.com
2018 평창올림픽 연계 대규모 수출상담회(BKF),aT 센터 / 제2전시장 A홀,2018,2,22,SINGSONG FOOD CORP.,장류,2009,"55, Busong 1-gil, Jiksan-eup, Seobuk-gu, Cheonan-si, Chungcheongnam-do, Republic of Korea",www.singsong.co.kr
2018 평창올림픽 연계 대규모 수출상담회(BKF),aT 센터 / 제2전시장 A홀,2018,2,22,"GYODONG FOOD CO.,LTD.","식품,축산물 가공업",1998,"181, Jiyong-ro, Okcheon-gun, Chungcheongbuk-do, Korea",www.howchon.com
2018 평창올림픽 연계 대규모 수출상담회(BKF),aT 센터 / 제2전시장 A홀,2018,2,22,"SD KOREA Co.,Ltd",음료,2015,"957, Dongseo-daero, Seo-gu, Daejeon, Korea",www.sd-korea.co.kr
2018 평창올림픽 연계 대규모 수출상담회(BKF),aT 센터 / 제2전시장 A홀,2018,2,22,Backbone,도소매,2017,"93, Magok jungang 6- ro, Kangseo -gu, Seoul, Korea",
2018 평창올림픽 연계 대규모 수출상담회(BKF),aT 센터 / 제2전시장 A홀,2018,2,22,badaone,"건어물, 건어물 가공, 무역업",1995,"495 Dunchondae-Ro, Jungwon-Gu, Seongnam City, Kyunggi Province",www.badaone.co.kr
2018 평창올림픽 연계 대규모 수출상담회(BKF),aT 센터 / 제2전시장 A홀,2018,2,22,ILPLUS,"소매업, 건설업",2010,"4F 410, 47, Gongwon-ro, Guro-gu, Seoul, Republic of Korea",http://www.seaweedmarket.co.kr  / http://storefarm.naver.com/seaweedmt
2018 평창올림픽 연계 대규모 수출상담회(BKF),aT 센터 / 제2전시장 A홀,2018,2,22,"worldfood co.,ltd",도매업및소매업,2000,"45-78, yonggu-dae",www.murgerbon.com
2018 평창올림픽 연계 대규모 수출상담회(BKF),aT 센터 / 제2전시장 A홀,2018,2,22,"BrandAcumen Co.,Ltd.",식품소분판매업,2002,"A-1404, 53, mapo-daero, mapo-gu, seoul, 04158, Korea",http://www.superbeverage.co.kr/
2018 평창올림픽 연계 대규모 수출상담회(BKF),aT 센터 / 제2전시장 A홀,2018,2,22,BETHEL FOOD FARMING ASSOCIATION CORP.,다류 기타 식물류 제조 가공,2014,"363-21,Baengnyeong-ro,Baengnyeong-myeon,Ongjin-gun,Incheon KOREA",www.ssukhealth.com
2018 평창올림픽 연계 대규모 수출상담회(BKF),aT 센터 / 제2전시장 A홀,2018,2,22,woorichan,"기타식료품, 기타수산물, 해조류, 무역업(수출입), 전자상거래업",2003,"10, 42beon-gil, Bodojinro. Seo-gu, Incheon, Korea",www.woorichan.com
2018 평창올림픽 연계 대규모 수출상담회(BKF),aT 센터 / 제2전시장 A홀,2018,2,22,"[K26] PALDO CO., LTD","면, 음료 제조",1969,"577 GANGNAMDAERO, SEOCHO-GU, SEOUL, KOREA",www.paldofood.com
2018 평창올림픽 연계 대규모 수출상담회(BKF),aT 센터 / 제2전시장 A홀,2018,2,22,Agricultural Corporation GROWTHDIGM F&B,"농산물가공, 농식품판매",2016,"F 150, Food Venture Center, Kore",growthdigm.com
2018 평창올림픽 연계 대규모 수출상담회(BKF),aT 센터 / 제2전시장 A홀,2018,2,22,"PYEONGCHANG FRESH FOOD CO.,LTD",김치,2012,"2310,Seodong-ro,Pyeongchang-eup,Pyeongchang-gun,Gangwon-do,Korea",http://food700.com
2018 평창올림픽 연계 대규모 수출상담회(BKF),aT 센터 / 제2전시장 A홀,2018,2,22,JFOODSERVICE,식품제조*소분*무역,2010,,www.jfoodservice.com
2018 평창올림픽 연계 대규모 수출상담회(BKF),aT 센터 / 제2전시장 A홀,2018,2,22,"SSMGLOBAL CO., LTD.","무역, 유통",2016,"385, Gulmi-ro, Juksan-myeon, Anseong-si, Gyeonggi-do, Korea",www.ssmglobal.co.kr
2018 평창올림픽 연계 대규모 수출상담회(BKF),aT 센터 / 제2전시장 A홀,2018,2,22,"ESELNARA CO., LTD.",식품,2007,"5, Chilseongnamro 35Gil, Buk-gu, Daegu, KOREA",www.eselnara.com
2018 평창올림픽 연계 대규모 수출상담회(BKF),aT 센터 / 제2전시장 A홀,2018,2,22,ILPLUS,"소매업, 건설업",2010,"4F 410, 47, Gongwon-ro, Guro-gu, Seoul, Republic of Korea",http://www.seaweedmarket.co.kr  / http://storefarm.naver.com/seaweedmt
2018 평창올림픽 연계 대규모 수출상담회(BKF),aT 센터 / 제2전시장 A홀,2018,2,22,Haesim Bonga,제조업,2015,"3rd Floor, 1413 Nambu Ring Road, Gwanak-gu, Seoul",www.dasimaking.com
2018 평창올림픽 연계 대규모 수출상담회(BKF),aT 센터 / 제2전시장 A홀,2018,2,22,JAEWON GLOBAL NET,"가공식품 제조, 도매",2007,"87, Cheongbaengni-ro 697beon-gil, Baeksa-myeon, Icheon-si, Gyeonggi-do",www.goodandwell.co.kr
2018 평창올림픽 연계 대규모 수출상담회(BKF),aT 센터 / 제2전시장 A홀,2018,2,22,DaeDo Food,제조업,2006,"72-24, Yangsuro-6gil, Okcheon-eup, Okcheon-gun, Chungbuk, 29035, Korea",N
2018 평창올림픽 연계 대규모 수출상담회(BKF),aT 센터 / 제2전시장 A홀,2018,2,22,Backbone,도소매,2017,"93, Magok jungang 6- ro, Kangseo -gu, Seoul, Korea",
2018 평창올림픽 연계 대규모 수출상담회(BKF),aT 센터 / 제2전시장 A홀,2018,2,22,[K10] FRESHIS CO LTD,무역업,2014,,http://www.freshisland.co.kr/
2018 평창올림픽 연계 대규모 수출상담회(BKF),aT 센터 / 제2전시장 A홀,2018,2,22,"HIT THE TEA, Inc.",제조업,2017,"Garak Mall #1-328, 932, Yangjae-daero, Songpa-gu, Seoul",www.hitthetea.com
2018 평창올림픽 연계 대규모 수출상담회(BKF),aT 센터 / 제2전시장 A홀,2018,2,22,Herb Story Inc.,"제조,서비스",2015,136 woongok-ro Wonju-si Gangwon-do South Korea,www.herbstory.kr
2018 평창올림픽 연계 대규모 수출상담회(BKF),aT 센터 / 제2전시장 A홀,2018,2,22,"HANWOOLTARI Co., Ltd.","새싹, 양송이, 딸기, 커피, 땅콩새싹가공",2015,"109Room, 641-28 Saimdang-ro, Gangneung-si, Gangwon-do, South Korea",www.hu194.co.kr
2018 평창올림픽 연계 대규모 수출상담회(BKF),aT 센터 / 제2전시장 A홀,2018,2,22,OKF CORPORATION,"식품,식품무역,무역(수출입업),수출대행업",1990,"54, Hakdong-ro 21-gil, Gangnam-gu, Seoul",www.okf.kr
2018 평창올림픽 연계 대규모 수출상담회(BKF),aT 센터 / 제2전시장 A홀,2018,2,22,"ROYALGREENS, KOREA DORAJI R&D",제조업,2014,"#501 Novel Techno Blg. 288-24 Galmachiro, Jungwongu,Sungnam Gyeonggido, Rep. of Korea",www.royalgreens.co.kr
2018 평창올림픽 연계 대규모 수출상담회(BKF),aT 센터 / 제2전시장 A홀,2018,2,22,KURAKURA,도소매(차류),2017,"402, 22, Nonhyeon-ro 36-gil, Gangnam-gu, Seoul, Republic of Korea",kurakura.co.kr
2018 평창올림픽 연계 대규모 수출상담회(BKF),aT 센터 / 제2전시장 A홀,2018,2,22,Haesim Bonga,제조업,2015,"3rd Floor, 1413 Nambu Ring Road, Gwanak-gu, Seoul",www.dasimaking.com
2018 평창올림픽 연계 대규모 수출상담회(BKF),aT 센터 / 제2전시장 A홀,2018,2,22,"Jeju Natural Food co., Ltd.",잼류다류음료류,2009,"#163, Hamseon-ro, Jocheon-eup,Jeju-si, Jeju Special Self-Governing Province",http://nfc.ejeju.net
2018 평창올림픽 연계 대규모 수출상담회(BKF),aT 센터 / 제2전시장 A홀,2018,2,22,Aloe Farm Agriculture Association,제조업,2006,"272-3, Eumnae-ro, Geoje-myeon, Geoje-si, Gyeongsangnam-do, Republic of Korea",Nwww.aloefarm.co.kr
2018 평창올림픽 연계 대규모 수출상담회(BKF),aT 센터 / 제2전시장 A홀,2018,2,22,DELLOS F AND B,"무역, 식품(음료)",2014,"159, Usangongdan-gil, Wonju-si, Gangwon-do",www.dellos.kr
2018 평창올림픽 연계 대규모 수출상담회(BKF),aT 센터 / 제2전시장 A홀,2018,2,22,kkokdam,"꽃차,기타",2016,,www.iloveflowertea.com
2018 평창올림픽 연계 대규모 수출상담회(BKF),aT 센터 / 제2전시장 A홀,2018,2,22,Maniker F&G,육가공품 외,2004,"36-2, Baegok-daero 144beon-gil, Idong-eup, Cheoin-gu, Yongin-si, Gyeonggi-do, Republic of Korea",www.manikerfng.com
2018 평창올림픽 연계 대규모 수출상담회(BKF),aT 센터 / 제2전시장 A홀,2018,2,22,"TAEKWAN CO.,LTD.",도소매업(무역),2002,"#401, Jungwoo BLDG, 178, Injung-ro, Jung-gu, Incheon, Korea",www.taekwan.co.kr
2018 평창올림픽 연계 대규모 수출상담회(BKF),aT 센터 / 제2전시장 A홀,2018,2,22,woorichan,"기타식료품, 기타수산물, 해조류, 무역업(수출입), 전자상거래업",2003,"10, 42beon-gil, Bodojinro. Seo-gu, Incheon, Korea",www.woorichan.com
2018 평창올림픽 연계 대규모 수출상담회(BKF),aT 센터 / 제2전시장 A홀,2018,2,22,Oyangfoods co.,"제조,도매, 소매",2003,"34, Jangin-ro, Sasang-gu, Busan, Korea.",www.oyangfood.com
2018 평창올림픽 연계 대규모 수출상담회(BKF),aT 센터 / 제2전시장 A홀,2018,2,22,Agricultural Corporation GROWTHDIGM F&B,"농산물가공, 농식품판매",2016,"F 150, Food Venture Center, Kore",growthdigm.com
2018 평창올림픽 연계 대규모 수출상담회(BKF),aT 센터 / 제2전시장 A홀,2018,2,22,SINGSONG FOOD CORP.,장류,2009,"55, Busong 1-gil, Jiksan-eup, Seobuk-gu, Cheonan-si, Chungcheongnam-do, Republic of Korea",www.singsong.co.kr
2018 평창올림픽 연계 대규모 수출상담회(BKF),aT 센터 / 제2전시장 A홀,2018,2,22,"dokdo trading co.,ltd","무역.농수산물,식품가공",2010,"Agricultural company corporation Dokdo trade Co.,Ltd",www.dokdotrade.co.kr
2018 평창올림픽 연계 대규모 수출상담회(BKF),aT 센터 / 제2전시장 A홀,2018,2,22,The Four Seasons FnC co.,도매,2008,"386, Gwongwang-ro, Paldal-gu, Suwon-si, Gyeonggi-do",http://fourseasonsfnc.tradekorea.com
2018 평창올림픽 연계 대규모 수출상담회(BKF),aT 센터 / 제2전시장 A홀,2018,2,22,HAENAEUM,식품,2015,"69, Seonju-ro, Gyeyang-gu, Incheon, Republic of Korea",haenaeum.co.kr
2018 평창올림픽 연계 대규모 수출상담회(BKF),aT 센터 / 제2전시장 A홀,2018,2,22,woorichan,"기타식료품, 기타수산물, 해조류, 무역업(수출입), 전자상거래업",2003,"10, 42beon-gil, Bodojinro. Seo-gu, Incheon, Korea",www.woorichan.com
2018 평창올림픽 연계 대규모 수출상담회(BKF),aT 센터 / 제2전시장 A홀,2018,2,22,"BAEKJE CORPORATION CO., LTD.","면류,떡류 제조업체",2010,"209-7, OSEO-GIL, GWANGCHEON-EUP, HONGSEONG-GUN, CHUNGCHEONGNAM-DO, KOREA 322285",www.bj1978.com
2018 평창올림픽 연계 대규모 수출상담회(BKF),aT 센터 / 제2전시장 A홀,2018,2,22,"[K26] PALDO CO., LTD","면, 음료 제조",1969,"577 GANGNAMDAERO, SEOCHO-GU, SEOUL, KOREA",www.paldofood.com
2018 평창올림픽 연계 대규모 수출상담회(BKF),aT 센터 / 제2전시장 A홀,2018,2,22,GYEONG BUK CORPORATION,도소매,1994,"76-6, HYEONNAE-GIL, JILLYANG-EUP, GYEONGSAN-SI, GYEONGSANGBUK-DO, KOREA",www.gbci.co.kr
2018 평창올림픽 연계 대규모 수출상담회(BKF),aT 센터 / 제2전시장 A홀,2018,2,22,"GREEN VIL CO., LTD.",무역,2009,"#701, 40 Technosangeop-Ro, Hyeonpoong-Myeon, Dalseong-Gun, Daegu, Korea, 43017",https://www.greenvil.co/
2018 평창올림픽 연계 대규모 수출상담회(BKF),aT 센터 / 제2전시장 A홀,2018,2,22,OKF CORPORATION,"식품,식품무역,무역(수출입업),수출대행업",1990,"54, Hakdong-ro 21-gil, Gangnam-gu, Seoul",www.okf.kr
2018 평창올림픽 연계 대규모 수출상담회(BKF),aT 센터 / 제2전시장 A홀,2018,2,22,"DAEKWANG F&G CO.,LTD",제조업외,1990,,www.dkfng.com
2018 평창올림픽 연계 대규모 수출상담회(BKF),aT 센터 / 제2전시장 A홀,2018,2,22,Maniker F&G,육가공품 외,2004,"36-2, Baegok-daero 144beon-gil, Idong-eup, Cheoin-gu, Yongin-si, Gyeonggi-do, Republic of Korea",www.manikerfng.com
2018 평창올림픽 연계 대규모 수출상담회(BKF),aT 센터 / 제2전시장 A홀,2018,2,22,"DAMTUH F&B CO., LTD",제조업 도소매,2007,"538-46, Seungju-ro, Seungju-eup, Suncheon-si, Jeollanam-do",http://www.damtuh.com
2018 평창올림픽 연계 대규모 수출상담회(BKF),aT 센터 / 제2전시장 A홀,2018,2,22,"SLOWMOMFOOD Co.,Ltd",제조업,2014,,slowmom.net
2018 평창올림픽 연계 대규모 수출상담회(BKF),aT 센터 / 제2전시장 A홀,2018,2,22,JFOODSERVICE,식품제조*소분*무역,2010,,www.jfoodservice.com
2018 평창올림픽 연계 대규모 수출상담회(BKF),aT 센터 / 제2전시장 A홀,2018,2,22,"SAMMI COMMERCE CO.,LTD.",무역.식품잡화.통신판매,1994,"3F, 296, Jungdae-ro, Songpa-gu, Seoul, 05724, Korea",www.sammicms.co.kr
2018 평창올림픽 연계 대규모 수출상담회(BKF),aT 센터 / 제2전시장 A홀,2018,2,22,woorichan,"기타식료품, 기타수산물, 해조류, 무역업(수출입), 전자상거래업",2003,"10, 42beon-gil, Bodojinro. Seo-gu, Incheon, Korea",www.woorichan.com
2018 평창올림픽 연계 대규모 수출상담회(BKF),aT 센터 / 제2전시장 A홀,2018,2,22,"wellfarm co., ltd",식품,2002,"87 Geumil-ro, 546beon-gil, Geumwang-eup, Eumgseong Gun, Chungcheongbuk-do, South Korea",www.well-farm.co.kr
2018 평창올림픽 연계 대규모 수출상담회(BKF),aT 센터 / 제2전시장 A홀,2018,2,22,"Hyundai F&B Co.,Ltd.","과자류, 음료, 캔디류",2008,"16,je4sandan1-ro,miyangmyeon,anseongsi,gyeonggido,korea",www.hdfnbkorea.com
2018 평창올림픽 연계 대규모 수출상담회(BKF),aT 센터 / 제2전시장 A홀,2018,2,22,R&G CORPORATION,"무역, 농수산물가공식품",1985,"347 Daewangpangyo-ro, Bundang-gu, Seongnam-si Gyeonggi-do",www.assifood.co.kr
2018 평창올림픽 연계 대규모 수출상담회(BKF),aT 센터 / 제2전시장 A홀,2018,2,22,Sangwoel sweet potato,농업,2015,chungnam nonsansi sangwol daemeng 2gil 13-35,swgoguma.cafe24.com
2018 평창올림픽 연계 대규모 수출상담회(BKF),aT 센터 / 제2전시장 A홀,2018,2,22,"Kocheolnam Hongsam Co., Ltd","제조, 유통, 무역",2005,"61, Ganghwasandan-ro, Ganghwa-eup, Ganghwa-gun, Incheon",www.hong3.co.kr
2018 평창올림픽 연계 대규모 수출상담회(BKF),aT 센터 / 제2전시장 A홀,2018,2,22,"TAEKWAN CO.,LTD.",도소매업(무역),2002,"#401, Jungwoo BLDG, 178, Injung-ro, Jung-gu, Incheon, Korea",www.taekwan.co.kr
2018 평창올림픽 연계 대규모 수출상담회(BKF),aT 센터 / 제2전시장 A홀,2018,2,22,Oyangfoods co.,"제조,도매, 소매",2003,"34, Jangin-ro, Sasang-gu, Busan, Korea.",www.oyangfood.com
2018 평창올림픽 연계 대규모 수출상담회(BKF),aT 센터 / 제2전시장 A홀,2018,2,22,andong local food,농업 제조업,2017,"26, Yeongga-ro, Andong-si, Gyeongsangbuk-do, Republic of Korea",andonglocalfood.modoo.at
2018 평창올림픽 연계 대규모 수출상담회(BKF),aT 센터 / 제2전시장 A홀,2018,2,22,Maniker F&G,육가공품 외,2004,"36-2, Baegok-daero 144beon-gil, Idong-eup, Cheoin-gu, Yongin-si, Gyeonggi-do, Republic of Korea",www.manikerfng.com
2018 평창올림픽 연계 대규모 수출상담회(BKF),aT 센터 / 제2전시장 A홀,2018,2,22,Punggi Premium Goods Agricultural Cooperative,제조업,1995,"1118 JUNGNYEONG-RO, PUNGGI-EUP, YEONGJU-SI, GYEONGSANGBUK-DO, SOUTH KOREA",www.kpch.co.kr
2018 평창올림픽 연계 대규모 수출상담회(BKF),aT 센터 / 제2전시장 A홀,2018,2,22,Shinkung Traditional Food,한과,1995,"38,  Jeonggeum-ro 74beon-gil, Soheul-eup, Pocheon-si, Gyeonggi-do, Korea",www.shinkung.co.kr
2018 평창올림픽 연계 대규모 수출상담회(BKF),aT 센터 / 제2전시장 A홀,2018,2,22,Oyangfoods co.,"제조,도매, 소매",2003,"34, Jangin-ro, Sasang-gu, Busan, Korea.",www.oyangfood.com
2018 평창올림픽 연계 대규모 수출상담회(BKF),aT 센터 / 제2전시장 A홀,2018,2,22,"kanzen co.,ltd",의약품 제조 도소매,2015,"1, Gwanak-ro, Gwanak-gu, Seoul",www.kanzen.co.kr
2018 평창올림픽 연계 대규모 수출상담회(BKF),aT 센터 / 제2전시장 A홀,2018,2,22,"KKOSUM Food Agricultural Co.,Ltd.",농산물가공,2016,,www.kkosum.com
2018 평창올림픽 연계 대규모 수출상담회(BKF),aT 센터 / 제2전시장 A홀,2018,2,22,"DONGWOONONGSAN CO.,LTD",식품제조가공업,2000,"14-7, Mugap-gil 124beon-gil, Chowol-eup, Gwangju-si, Gyeonggi-do, Republic of Korea",http://www.greennuts.com
2018 평창올림픽 연계 대규모 수출상담회(BKF),aT 센터 / 제2전시장 A홀,2018,2,22,"HIT THE TEA, Inc.",제조업,2017,"Garak Mall #1-328, 932, Yangjae-daero, Songpa-gu, Seoul",www.hitthetea.com
2018 평창올림픽 연계 대규모 수출상담회(BKF),aT 센터 / 제2전시장 A홀,2018,2,22,"HIT THE TEA, Inc.",제조업,2017,"Garak Mall #1-328, 932, Yangjae-daero, Songpa-gu, Seoul",www.hitthetea.com
2018 평창올림픽 연계 대규모 수출상담회(BKF),aT 센터 / 제2전시장 A홀,2018,2,22,"MORE CO., LTD.",식품 가공,2006,"113,DODONGGUYEOK-GIL,YEONGCHEON-SI,GYEONGSANGBUK-DO,KOREA",morecorp.co.kr
2018 평창올림픽 연계 대규모 수출상담회(BKF),aT 센터 / 제2전시장 A홀,2018,2,22,BIOPOLYTECH,기능식품연구개발,2004,"(songjeong-dong) 714, 134, Gongdan-ro, Heungdeok-gu, Cheongju-si, Chungcheongbuk-do, Korea",www.biopolytech.com
2018 평창올림픽 연계 대규모 수출상담회(BKF),aT 센터 / 제2전시장 A홀,2018,2,22,OSONDOSON,"제조업,도매및소매업",2012,"16, Nagwon-dong-gil, Oseoseo-myeon, Sangju-si, Gyeongsangbuk-do South Korea",WWW.happybio114.com
2018 평창올림픽 연계 대규모 수출상담회(BKF),aT 센터 / 제2전시장 A홀,2018,2,22,"DAEIL FOOD CO.,LTD",제조,2009,GANGWON-DO WONJU-SI HEUNGEOP-MYEON SEUNGANDONG-GIL 92,http://daeilfood.kr/
2018 평창올림픽 연계 대규모 수출상담회(BKF),aT 센터 / 제2전시장 A홀,2018,2,22,"FOODMASTERGROUP CO., LTD",도소매,2017,"215-6, Yulgok-ro, Jongno-gu, Seoul",www.drholipet.com
2018 평창올림픽 연계 대규모 수출상담회(BKF),aT 센터 / 제2전시장 A홀,2018,2,22,badaone,"건어물, 건어물 가공, 무역업",1995,"495 Dunchondae-Ro, Jungwon-Gu, Seongnam City, Kyunggi Province",www.badaone.co.kr
2018 평창올림픽 연계 대규모 수출상담회(BKF),aT 센터 / 제2전시장 A홀,2018,2,22,Agricultural corporation INTERFARM,"농산물유통및수출,농산물재배,통산판매전자상거래업,",2013,"156, Hagaejeong-gil, Miyang-myeon, Anseong-si, Gyeonggi-do, Republic of Korea",www.e-interfarm.com
2018 평창올림픽 연계 대규모 수출상담회(BKF),aT 센터 / 제2전시장 A홀,2018,2,22,IKG KOREA CO.,무역,2011,"T-9122, GARDEN5LIFE, 66, CHUNGMIN-RO, SONGPA-GU, SEOUL, KOREA",www.ikgkorea.com
2018 평창올림픽 연계 대규모 수출상담회(BKF),aT 센터 / 제2전시장 A홀,2018,2,22,J&E CORPORATION,무역,1995,"Rm.610, A-dong,Bundang Techno Park, #697,Pangyo-ro,Bundang-gu,Seongnam-city,Gyeonggi-do,Korea",www.jnekorea.com
2018 평창올림픽 연계 대규모 수출상담회(BKF),aT 센터 / 제2전시장 A홀,2018,2,22,Sunyoung Food,"과자류, 코코아 가공 및 초콜릿",2013,"784, Seongnam-ro, Susin-myeon, Dongnam-gu, Cheonan-si, Chungcheongnam-do, Korea",sy-food.co.kr
2018 평창올림픽 연계 대규모 수출상담회(BKF),aT 센터 / 제2전시장 A홀,2018,2,22,"SD KOREA Co.,Ltd",음료,2015,"957, Dongseo-daero, Seo-gu, Daejeon, Korea",www.sd-korea.co.kr
2018 평창올림픽 연계 대규모 수출상담회(BKF),aT 센터 / 제2전시장 A홀,2018,2,22,"Lotte Chilsung Beverage Co.,Ltd.","청량음료, 식품, 주류",1950,"15, Seocho-daero 70-gil, Seocho-gu, Seoul, Republic of Korea",http://company.lottechilsung.co.kr/eng/product/juice.jsp?nPos=020202
2018 평창올림픽 연계 대규모 수출상담회(BKF),aT 센터 / 제2전시장 A홀,2018,2,22,JAEWON GLOBAL NET,"가공식품 제조, 도매",2007,"87, Cheongbaengni-ro 697beon-gil, Baeksa-myeon, Icheon-si, Gyeonggi-do",www.goodandwell.co.kr
2018 평창올림픽 연계 대규모 수출상담회(BKF),aT 센터 / 제2전시장 A홀,2018,2,22,onggojib,"식품가공(장류), 곡물, 야채, 청과",2006,"34, Seowang-gil, Seopo-ri, Napo-myeon, Gunsan-si, Jeollabuk-do",http://onggojib.koreasme.com
2018 평창올림픽 연계 대규모 수출상담회(BKF),aT 센터 / 제2전시장 A홀,2018,2,22,"Welltural.Co.,Ltd","견과, 시리얼, 선식, 체중조절식품",2002,Sanyepdanji3gil 17 Pengsan-eup Andong-shi Kyengsangbu-do,www.welltural.co.kr
2018 평창올림픽 연계 대규모 수출상담회(BKF),aT 센터 / 제2전시장 A홀,2018,2,22,"ESELNARA CO., LTD.",식품,2007,"5, Chilseongnamro 35Gil, Buk-gu, Daegu, KOREA",www.eselnara.com
2018 평창올림픽 연계 대규모 수출상담회(BKF),aT 센터 / 제2전시장 A홀,2018,2,22,SINGSONG FOOD CORP.,장류,2009,"55, Busong 1-gil, Jiksan-eup, Seobuk-gu, Cheonan-si, Chungcheongnam-do, Republic of Korea",www.singsong.co.kr
2018 평창올림픽 연계 대규모 수출상담회(BKF),aT 센터 / 제2전시장 A홀,2018,2,22,"petit ami co.,ltd",식품제조,2012,,www.pamifree.com
2018 평창올림픽 연계 대규모 수출상담회(BKF),aT 센터 / 제2전시장 A홀,2018,2,22,HAENAEUM,식품,2015,"69, Seonju-ro, Gyeyang-gu, Incheon, Republic of Korea",haenaeum.co.kr
2018 평창올림픽 연계 대규모 수출상담회(BKF),aT 센터 / 제2전시장 A홀,2018,2,22,R&G CORPORATION,"무역, 농수산물가공식품",1985,"347 Daewangpangyo-ro, Bundang-gu, Seongnam-si Gyeonggi-do",www.assifood.co.kr
2018 평창올림픽 연계 대규모 수출상담회(BKF),aT 센터 / 제2전시장 A홀,2018,2,22,"wellfarm co., ltd",식품,2002,"87 Geumil-ro, 546beon-gil, Geumwang-eup, Eumgseong Gun, Chungcheongbuk-do, South Korea",www.well-farm.co.kr
2018 평창올림픽 연계 대규모 수출상담회(BKF),aT 센터 / 제2전시장 A홀,2018,2,22,MoonGyeong Omija Valley Co.,제조및 생산,2009,2371-5 Yeowoomok-ro Dongro-ro Munkyeong-si Gyeongsangbuk-do,www.omijamall.co.kr
2018 평창올림픽 연계 대규모 수출상담회(BKF),aT 센터 / 제2전시장 A홀,2018,2,22,MUNGYEONG SMILE,식품제조,2013,"597, Sandong-ro, Sanyang-myeon, Mungyeong-si, Gyeongsangbuk-do",www.easternsmile.com
2018 평창올림픽 연계 대규모 수출상담회(BKF),aT 센터 / 제2전시장 A홀,2018,2,22,"Honestfood Co., Ltd",제조,2014,"59-11, Biseongnal-ro, Deokjin-gu, Jeonju-si, Jeollabuk-do, Republic of korea",www.ybcook.com
2018 평창올림픽 연계 대규모 수출상담회(BKF),aT 센터 / 제2전시장 A홀,2018,2,22,"SAMHEUNG CO., LTD.","홍삼,인삼",1997,"38,Gimpo-daero 8020 beon-gil ,Gimpo-si,Gyednggi-do,KOREA",www.kanggae.co.kr
2018 평창올림픽 연계 대규모 수출상담회(BKF),aT 센터 / 제2전시장 A홀,2018,2,22,Hanarofood,도.소매,2011,"1790-1, Gyeongchun-ro, Hwado-eup, Namyangju-si, Gyeonggi-do",www.hanarofood.co.kr
2018 평창올림픽 연계 대규모 수출상담회(BKF),aT 센터 / 제2전시장 A홀,2018,2,22,"HEE CHANG DAIRY AND FOOD INDUSTRY CO, LTD","제조업, 도소매업",1969,,www.heechang.com
2018 평창올림픽 연계 대규모 수출상담회(BKF),aT 센터 / 제2전시장 A홀,2018,2,22,"Green Co., Ltd.","버섯재배 및 도매 (수출,무역업, 버섯가공식품)",2002,"95, Haksan 1-gil, Iseo-myeon, Cheongdo-gun, Gyeongsangbuk-do",www.greenco.kr
2018 평창올림픽 연계 대규모 수출상담회(BKF),aT 센터 / 제2전시장 A홀,2018,2,22,D-FOOD,식육가공처리,2005,"20, Techno,Chungangdearo,yugamyeon,Dalseonggun,Daegu",http://momeuro.com/
2018 평창올림픽 연계 대규모 수출상담회(BKF),aT 센터 / 제2전시장 A홀,2018,2,22,SAMJANG COOPERATIVE UNION,홍삼제품,2016,,www.samjang.co.kr
2018 평창올림픽 연계 대규모 수출상담회(BKF),aT 센터 / 제2전시장 A홀,2018,2,22,Aloe Farm Agriculture Association,제조업,2006,"272-3, Eumnae-ro, Geoje-myeon, Geoje-si, Gyeongsangnam-do, Republic of Korea",Nwww.aloefarm.co.kr
2018 평창올림픽 연계 대규모 수출상담회(BKF),aT 센터 / 제2전시장 A홀,2018,2,22,"komega Co., Ltd","작물재배, 농촌체험장운영, 농산물가공, 수출입 등",2016,"10-22, Ijinmal-gil, Saenggeuk-myeon, Eumseong-gun, Chungcheongbuk-do, Republic of Korea",www.dubio.co.kr
2018 평창올림픽 연계 대규모 수출상담회(BKF),aT 센터 / 제2전시장 A홀,2018,2,22,"D&FOOD CO.,LTD.",식품.무역.전자상거래.임대업,2014,"23, Geomdan-ro 93beon-gil, Seo-gu, Incheon, Republic of Korea",jongilfood.com
2018 평창올림픽 연계 대규모 수출상담회(BKF),aT 센터 / 제2전시장 A홀,2018,2,22,sunbongfood,식품가공업,2013,"31, Geomdan-ro 93beon-gil, Seo-gu, Incheon, Korea",www.sunbong.net
2018 평창올림픽 연계 대규모 수출상담회(BKF),aT 센터 / 제2전시장 A홀,2018,2,22,sunbongfood,식품가공업,2013,"31, Geomdan-ro 93beon-gil, Seo-gu, Incheon, Korea",www.sunbong.net
2018 평창올림픽 연계 대규모 수출상담회(BKF),aT 센터 / 제2전시장 A홀,2018,2,22,Charmfre,축산물가공,2012,,www.charmfre.co.kr
2018 평창올림픽 연계 대규모 수출상담회(BKF),aT 센터 / 제2전시장 A홀,2018,2,22,sorae agricultural association,도소매 제조업,1970,"254-6, Hyeeum-ro, Deogyang-gu, Goyang-si, Gyeonggi-dok Korea",www.kimsorae.co.kr
2018 평창올림픽 연계 대규모 수출상담회(BKF),aT 센터 / 제2전시장 A홀,2018,2,22,"HEE CHANG DAIRY AND FOOD INDUSTRY CO, LTD","제조업, 도소매업",1969,,www.heechang.com
2018 평창올림픽 연계 대규모 수출상담회(BKF),aT 센터 / 제2전시장 A홀,2018,2,22,"Argicultural Corporation Gagopa Healing Food Co., Ltd","도소매, 제조업, 도매 및 소매업",2013,"177,Samgye-ro, Naeseo-eup, Masanhoewon-gu, Changwon-si, Gyeongsangnam-do, Korea",www.kfoods.kr
2018 평창올림픽 연계 대규모 수출상담회(BKF),aT 센터 / 제2전시장 A홀,2018,2,22,DAESEONG F&D,면류,1997,"951, Sannae-ro, Dong-gu, Daejeon, Republic of Korea",www.dsfnd.com
2018 평창올림픽 연계 대규모 수출상담회(BKF),aT 센터 / 제2전시장 A홀,2018,2,22,[K29] SEORAKSAN GREEN FOOD CO.,농산물 가공,2014,"41-50, Powolsaemal-gil, Yangyang-eup, Yangyang-gun, Gangwon-do, Korea",www.sgreenfood.co.kr
2018 평창올림픽 연계 대규모 수출상담회(BKF),aT 센터 / 제2전시장 A홀,2018,2,22,"BIOARA Co., Ltd.",제조업,2015,"RM304, 37Seongsui-Ro 22Gil, Seongdong-Gu Seoul",www.bioara.com
2018 평창올림픽 연계 대규모 수출상담회(BKF),aT 센터 / 제2전시장 A홀,2018,2,22,Edible Inc.,제조,2014,"20, Seodal-ro 12sa-gil, Dongjak-gu, Seoul, Republic of Korea",edible-bug.com
2018 평창올림픽 연계 대규모 수출상담회(BKF),aT 센터 / 제2전시장 A홀,2018,2,22,jabez,"더덕,나물,잣,농산물,임산물",2014,"3202-9, Sogeumgang-ro, Sabuk-eup, Jeongseon-gun, Gangwon-do, Republic of Korea",www.jungsunmall.com
2018 평창올림픽 연계 대규모 수출상담회(BKF),aT 센터 / 제2전시장 A홀,2018,2,22,DAESEONG F&D,면류,1997,"951, Sannae-ro, Dong-gu, Daejeon, Republic of Korea",www.dsfnd.com
2018 평창올림픽 연계 대규모 수출상담회(BKF),aT 센터 / 제2전시장 A홀,2018,2,22,"HANHAEBO CO.,LTD.","마른김,스시김,김밥김,조미김,김자반",2016,"57162,3513, Yeongsan-ro Hakgyo-myeon, Hampyeong-gun, Jeollanam-do, Korea",https://www.agrotrade.net/mini/hanhaebo87
2018 평창올림픽 연계 대규모 수출상담회(BKF),aT 센터 / 제2전시장 A홀,2018,2,22,ILPLUS,"소매업, 건설업",2010,"4F 410, 47, Gongwon-ro, Guro-gu, Seoul, Republic of Korea",http://www.seaweedmarket.co.kr  / http://storefarm.naver.com/seaweedmt
2018 평창올림픽 연계 대규모 수출상담회(BKF),aT 센터 / 제2전시장 A홀,2018,2,22,"HURUM CO.,LTD","식품,잡화,무역",1995,"115, Gasan digital 2-ro, Geumcheon-gu, Seoul",hurumcorp.com/
2018 평창올림픽 연계 대규모 수출상담회(BKF),aT 센터 / 제2전시장 A홀,2018,2,22,Korean pears cooperative union,농업,2012,"218, Dusan-gil, Munsan-eup, Jinju-si, Gyeongsangnam-do",N
2018 평창올림픽 연계 대규모 수출상담회(BKF),aT 센터 / 제2전시장 A홀,2018,2,22,PYEONGCHANG FARM,"농산물건조, 농산물판매",2004,"89, Hyanggyo-gil, Pyeongchang-eup, Pyeongchang-gun, Gangwon-do",www.pcfarm.kr
2018 평창올림픽 연계 대규모 수출상담회(BKF),aT 센터 / 제2전시장 A홀,2018,2,22,"Green Co., Ltd.","버섯재배 및 도매 (수출,무역업, 버섯가공식품)",2002,"95, Haksan 1-gil, Iseo-myeon, Cheongdo-gun, Gyeongsangbuk-do",www.greenco.kr
2018 평창올림픽 연계 대규모 수출상담회(BKF),aT 센터 / 제2전시장 A홀,2018,2,22,sorae agricultural association,도소매 제조업,1970,"254-6, Hyeeum-ro, Deogyang-gu, Goyang-si, Gyeonggi-dok Korea",www.kimsorae.co.kr
2018 평창올림픽 연계 대규모 수출상담회(BKF),aT 센터 / 제2전시장 A홀,2018,2,22,"Hyundai F&B Co.,Ltd.","과자류, 음료, 캔디류",2008,"16,je4sandan1-ro,miyangmyeon,anseongsi,gyeonggido,korea",www.hdfnbkorea.com
2018 평창올림픽 연계 대규모 수출상담회(BKF),aT 센터 / 제2전시장 A홀,2018,2,22,"ROC.CO.,Ltd","건강컨텐츠 연구개발, 식품, 무역",2016,"3, Munhwachon-ro, Pyeongtaek-si, Gyeonggi-do",www.exstore.kr / www.baoshop.kr
2018 평창올림픽 연계 대규모 수출상담회(BKF),aT 센터 / 제2전시장 A홀,2018,2,22,JAEWON GLOBAL NET,"가공식품 제조, 도매",2007,"87, Cheongbaengni-ro 697beon-gil, Baeksa-myeon, Icheon-si, Gyeonggi-do",www.goodandwell.co.kr
2018 평창올림픽 연계 대규모 수출상담회(BKF),aT 센터 / 제2전시장 A홀,2018,2,22,"BrandAcumen Co.,Ltd.",식품소분판매업,2002,"A-1404, 53, mapo-daero, mapo-gu, seoul, 04158, Korea",http://www.superbeverage.co.kr/
2018 평창올림픽 연계 대규모 수출상담회(BKF),aT 센터 / 제2전시장 A홀,2018,2,22,NEXTURE E-ONE CO LTD,"식품, 수출업",2007,"1F 7, Jegi-Ro, Dongdaemun-Gu, Seoul, Korea",www.nextureone.com
2018 평창올림픽 연계 대규모 수출상담회(BKF),aT 센터 / 제2전시장 A홀,2018,2,22,"kanzen co.,ltd",의약품 제조 도소매,2015,"1, Gwanak-ro, Gwanak-gu, Seoul",www.kanzen.co.kr
2018 평창올림픽 연계 대규모 수출상담회(BKF),aT 센터 / 제2전시장 A홀,2018,2,22,BETHEL FOOD FARMING ASSOCIATION CORP.,다류 기타 식물류 제조 가공,2014,"363-21,Baengnyeong-ro,Baengnyeong-myeon,Ongjin-gun,Incheon KOREA",www.ssukhealth.com
2018 평창올림픽 연계 대규모 수출상담회(BKF),aT 센터 / 제2전시장 A홀,2018,2,22,"Green Co., Ltd.","버섯재배 및 도매 (수출,무역업, 버섯가공식품)",2002,"95, Haksan 1-gil, Iseo-myeon, Cheongdo-gun, Gyeongsangbuk-do",www.greenco.kr
2018 평창올림픽 연계 대규모 수출상담회(BKF),aT 센터 / 제2전시장 A홀,2018,2,22,MEKKA Corp.,식품 제조/ 마른 김/ 스시용 김/ 구운 김,1995,,
2018 평창올림픽 연계 대규모 수출상담회(BKF),aT 센터 / 제2전시장 A홀,2018,2,22,"Nokchawon Co., Ltd.","무역, 다류식품",1992,"84, Seocho-daero 4-gil, Seocho-gu, Seoul",www.nokchawon.co.kr
2018 평창올림픽 연계 대규모 수출상담회(BKF),aT 센터 / 제2전시장 A홀,2018,2,22,"Haetter Co, Ltd","제조 도소매,건강식품",2003,"Rm601,8cha Daeryung technotown,481-11,Gasan-dong,Geumcheon-gu,Seoul,Korea",http://haetter.en.ec21.com
2018 평창올림픽 연계 대규모 수출상담회(BKF),aT 센터 / 제2전시장 A홀,2018,2,22,"BIOARA Co., Ltd.",제조업,2015,"RM304, 37Seongsui-Ro 22Gil, Seongdong-Gu Seoul",www.bioara.com
2018 평창올림픽 연계 대규모 수출상담회(BKF),aT 센터 / 제2전시장 A홀,2018,2,22,CFM Commerce,제조. 도소매,2017,"No.1505, 623 Gaepo-ro, Gangnam-gu, Seoul, Korea",www.cfmcommerce.net
2018 평창올림픽 연계 대규모 수출상담회(BKF),aT 센터 / 제2전시장 A홀,2018,2,22,SAMJANG COOPERATIVE UNION,홍삼제품,2016,,www.samjang.co.kr
2018 평창올림픽 연계 대규모 수출상담회(BKF),aT 센터 / 제2전시장 A홀,2018,2,22,Hwashin Farming Corp.,제조업,2007,"619-45, Hamyang-ro, Hamyang-eup, Hamyang-gun, Korea",www.aija.kr
2018 평창올림픽 연계 대규모 수출상담회(BKF),aT 센터 / 제2전시장 A홀,2018,2,22,HYE SUNG BEVERAGE Co.LTD,제조 .도소매업,2014,150 Munhwa-ro Jincheon-up Jincheon-gun chungbuk Korea,http://www.xn--zf4b8aw8i65e7scfxe.com/hs/mobile/index.html
2018 평창올림픽 연계 대규모 수출상담회(BKF),aT 센터 / 제2전시장 A홀,2018,2,22,hoyabiotech,농업,2017,"Hoyabiotech,3rd floor,243-19, Hyeoksin-ro, Iseo-myeon, Wanju_Gun, Jeollabuk-do, Republic of Korea",www.hoyabio.com
2018 평창올림픽 연계 대규모 수출상담회(BKF),aT 센터 / 제2전시장 A홀,2018,2,22,"EBICHE CO.,LTD",제조업,2000,"21, HWANGGANG GONGDANGIL, IMGOMYEON, YOUNGCHUNSI, GYEONGSANGBUKDO,KOREA",www.ebiche.com
2018 평창올림픽 연계 대규모 수출상담회(BKF),aT 센터 / 제2전시장 A홀,2018,2,22,Handok Inc.,제조업,1958,"132 Teheranro, Gangnam-gu, Seoul",http://www.handok.co.kr/
2018 평창올림픽 연계 대규모 수출상담회(BKF),aT 센터 / 제2전시장 A홀,2018,2,22,ChuniL Foods Co.,제조업,1974,"7-19, Gangnam-daero 27-gil, Seocho-gu, Seoul",www.chunilfood.co.kr
2018 평창올림픽 연계 대규모 수출상담회(BKF),aT 센터 / 제2전시장 A홀,2018,2,22,ChuniL Foods Co.,제조업,1974,"7-19, Gangnam-daero 27-gil, Seocho-gu, Seoul",www.chunilfood.co.kr
2018 평창올림픽 연계 대규모 수출상담회(BKF),aT 센터 / 제2전시장 A홀,2018,2,22,pyongtaekgood atonia,아로니아,2016,,
2018 평창올림픽 연계 대규모 수출상담회(BKF),aT 센터 / 제2전시장 A홀,2018,2,22,TEAZEN.Inc.,"다류, 식품, 무역",2001,"80-23, Daeun-gil, Gyegok-myeon, Haenam-gun, Jeollanam-do",www.teazen.co.kr
2018 평창올림픽 연계 대규모 수출상담회(BKF),aT 센터 / 제2전시장 A홀,2018,2,22,TEAZEN.Inc.,"다류, 식품, 무역",2001,"80-23, Daeun-gil, Gyegok-myeon, Haenam-gun, Jeollanam-do",www.teazen.co.kr
2018 평창올림픽 연계 대규모 수출상담회(BKF),aT 센터 / 제2전시장 A홀,2018,2,22,arawoom,농수축산물가공업,2012,"506-16(Ocheon-dong)Mangyang-ro Road,Yeosu-si, Jeollanam-do Korea",http://webd19.webcan.gethompy.com/
2018 평창올림픽 연계 대규모 수출상담회(BKF),aT 센터 / 제2전시장 A홀,2018,2,22,"DAMTUH F&B CO., LTD",제조업 도소매,2007,"538-46, Seungju-ro, Seungju-eup, Suncheon-si, Jeollanam-do",http://www.damtuh.com
2018 평창올림픽 연계 대규모 수출상담회(BKF),aT 센터 / 제2전시장 A홀,2018,2,22,ALP-KS TRADING,"수추업, 농학연구개발업(종묘학)",1991,,www.alpks.com
2018 평창올림픽 연계 대규모 수출상담회(BKF),aT 센터 / 제2전시장 A홀,2018,2,22,"GREEN VIL CO., LTD.",무역,2009,"#701, 40 Technosangeop-Ro, Hyeonpoong-Myeon, Dalseong-Gun, Daegu, Korea, 43017",https://www.greenvil.co/
2018 평창올림픽 연계 대규모 수출상담회(BKF),aT 센터 / 제2전시장 A홀,2018,2,22,"GREEN VIL CO., LTD.",무역,2009,"#701, 40 Technosangeop-Ro, Hyeonpoong-Myeon, Dalseong-Gun, Daegu, Korea, 43017",https://www.greenvil.co/
2018 평창올림픽 연계 대규모 수출상담회(BKF),aT 센터 / 제2전시장 A홀,2018,2,22,JAEWON GLOBAL NET,"가공식품 제조, 도매",2007,"87, Cheongbaengni-ro 697beon-gil, Baeksa-myeon, Icheon-si, Gyeonggi-do",www.goodandwell.co.kr
2018 평창올림픽 연계 대규모 수출상담회(BKF),aT 센터 / 제2전시장 A홀,2018,2,22,JAEWON GLOBAL NET,"가공식품 제조, 도매",2007,"87, Cheongbaengni-ro 697beon-gil, Baeksa-myeon, Icheon-si, Gyeonggi-do",www.goodandwell.co.kr
2018 평창올림픽 연계 대규모 수출상담회(BKF),aT 센터 / 제2전시장 A홀,2018,2,22,"Daesan Tech Co,Ltd","쌀국수,쌀면류",2010,"Rm509,B-dong,Gasan digital1-ro,GeumCheon-gu,Seoul,08507,Korea",www.thedaesan.com
2018 평창올림픽 연계 대규모 수출상담회(BKF),aT 센터 / 제2전시장 A홀,2018,2,22,Haesim Bonga,제조업,2015,"3rd Floor, 1413 Nambu Ring Road, Gwanak-gu, Seoul",www.dasimaking.com
2018 평창올림픽 연계 대규모 수출상담회(BKF),aT 센터 / 제2전시장 A홀,2018,2,22,Joy Natural Co.,"식료품제조업, 농산물판매",2007,"208, 3702 Namboo-ro, Samseung-myeon, Boeun, Choongbook-do, South Korea",www.enjoygarlic.com
2018 평창올림픽 연계 대규모 수출상담회(BKF),aT 센터 / 제2전시장 A홀,2018,2,22,"HEE CHANG DAIRY AND FOOD INDUSTRY CO, LTD","제조업, 도소매업",1969,,www.heechang.com
2018 평창올림픽 연계 대규모 수출상담회(BKF),aT 센터 / 제2전시장 A홀,2018,2,22,"JJF CO.,LTD",수출입무역,2000,"222-2, Wolgak-ro, Hallim-eup, Jeju-si, Jeju-do, 695-291",www.jjfkorea.co.kr
2018 평창올림픽 연계 대규모 수출상담회(BKF),aT 센터 / 제2전시장 A홀,2018,2,22,"SAMMI COMMERCE CO.,LTD.",무역.식품잡화.통신판매,1994,"3F, 296, Jungdae-ro, Songpa-gu, Seoul, 05724, Korea",www.sammicms.co.kr
2018 평창올림픽 연계 대규모 수출상담회(BKF),aT 센터 / 제2전시장 A홀,2018,2,22,[K32] TULIP INTERNATIONAL INC.,"기타식품, 무역, 제조",1999,"37, Teheran-ro 87-gil, Gangnam-gu, Seoul",www.tulipint.com
2018 평창올림픽 연계 대규모 수출상담회(BKF),aT 센터 / 제2전시장 A홀,2018,2,22,Agricultural corporation INTERFARM,"농산물유통및수출,농산물재배,통산판매전자상거래업,",2013,"156, Hagaejeong-gil, Miyang-myeon, Anseong-si, Gyeonggi-do, Republic of Korea",www.e-interfarm.com
2018 평창올림픽 연계 대규모 수출상담회(BKF),aT 센터 / 제2전시장 A홀,2018,2,22,"NC CO.,LTD",제조/도소매,2010,"836-2, Deogam-ri, Cheongdo-eup, Cheongdo-gun, Gyeongbuk, Korea",www.naturalnc.co.kr
2018 평창올림픽 연계 대규모 수출상담회(BKF),aT 센터 / 제2전시장 A홀,2018,2,22,"kanzen co.,ltd",의약품 제조 도소매,2015,"1, Gwanak-ro, Gwanak-gu, Seoul",www.kanzen.co.kr
2018 평창올림픽 연계 대규모 수출상담회(BKF),aT 센터 / 제2전시장 A홀,2018,2,22,"SAMHEUNG CO., LTD.","홍삼,인삼",1997,"38,Gimpo-daero 8020 beon-gil ,Gimpo-si,Gyednggi-do,KOREA",www.kanggae.co.kr
2018 평창올림픽 연계 대규모 수출상담회(BKF),aT 센터 / 제2전시장 A홀,2018,2,22,[K29] SEORAKSAN GREEN FOOD CO.,농산물 가공,2014,"41-50, Powolsaemal-gil, Yangyang-eup, Yangyang-gun, Gangwon-do, Korea",www.sgreenfood.co.kr
2018 평창올림픽 연계 대규모 수출상담회(BKF),aT 센터 / 제2전시장 A홀,2018,2,22,"KOREA NATURAL FOOD CO.,LTD",제조업,1987,Jeollabuk-do Jeonj-si Deokjin-gu Yeosil-gil 34,www.dooraeone.com
2018 평창올림픽 연계 대규모 수출상담회(BKF),aT 센터 / 제2전시장 A홀,2018,2,22,KURAKURA,도소매(차류),2017,"402, 22, Nonhyeon-ro 36-gil, Gangnam-gu, Seoul, Republic of Korea",kurakura.co.kr
2018 평창올림픽 연계 대규모 수출상담회(BKF),aT 센터 / 제2전시장 A홀,2018,2,22,CFM Commerce,제조. 도소매,2017,"No.1505, 623 Gaepo-ro, Gangnam-gu, Seoul, Korea",www.cfmcommerce.net
2018 평창올림픽 연계 대규모 수출상담회(BKF),aT 센터 / 제2전시장 A홀,2018,2,22,"DONGWOONONGSAN CO.,LTD",식품제조가공업,2000,"14-7, Mugap-gil 124beon-gil, Chowol-eup, Gwangju-si, Gyeonggi-do, Republic of Korea",http://www.greennuts.com
2018 평창올림픽 연계 대규모 수출상담회(BKF),aT 센터 / 제2전시장 A홀,2018,2,22,[K32] TULIP INTERNATIONAL INC.,"기타식품, 무역, 제조",1999,"37, Teheran-ro 87-gil, Gangnam-gu, Seoul",www.tulipint.com
2018 평창올림픽 연계 대규모 수출상담회(BKF),aT 센터 / 제2전시장 A홀,2018,2,22,Seowondang Food Co.,"식용유지류, 농산물",2013,"451, Haenggu-ro, Wonju-si, Gangwon-do",www.seowondang.kr
2018 평창올림픽 연계 대규모 수출상담회(BKF),aT 센터 / 제2전시장 A홀,2018,2,22,"HANSUNG FOOD CO ., LTD","제조, 도소매, 무역",1986,"9-10, Ojeong-ro 134 Beon-gil, Ojeong-gu, Bucheon-si, Gyeonggi-do, KOREA",www.hskimchi.co.kr
2018 평창올림픽 연계 대규모 수출상담회(BKF),aT 센터 / 제2전시장 A홀,2018,2,22,Hoonminfood.co.,제조업,2016,"143-14, Sinpyeong-ro, Dong-gu, Daegu, Republic of Korea",hoonminfood.com
2018 평창올림픽 연계 대규모 수출상담회(BKF),aT 센터 / 제2전시장 A홀,2018,2,22,Hoonminfood.co.,제조업,2016,"143-14, Sinpyeong-ro, Dong-gu, Daegu, Republic of Korea",hoonminfood.com
2018 평창올림픽 연계 대규모 수출상담회(BKF),aT 센터 / 제2전시장 A홀,2018,2,22,"KKOH SHAEM FOOD CO.,LTD","다류 제조, 도소매 및 수출",1997,"#82 Jugyeopsan-ro, 35 Beon-gil, Sohol-eup, Pocheon-si, Gyeonggi-do, Korea",www.ksfs.co.kr
2018 평창올림픽 연계 대규모 수출상담회(BKF),aT 센터 / 제2전시장 A홀,2018,2,22,OSONDOSON,"제조업,도매및소매업",2012,"16, Nagwon-dong-gil, Oseoseo-myeon, Sangju-si, Gyeongsangbuk-do South Korea",WWW.happybio114.com
2018 평창올림픽 연계 대규모 수출상담회(BKF),aT 센터 / 제2전시장 A홀,2018,2,22,"ASIAN FOOD SERVICE CO.,LTD","수출입업,무역업",2015,"Geumjeong Hiview 305, 153-8, LS-ro Gunpo-si, Gyeonggi-do, Republic of Korea (Zip:435-805)",www.asianfoods.co.kr
2018 평창올림픽 연계 대규모 수출상담회(BKF),aT 센터 / 제2전시장 A홀,2018,2,22,"Dajung Co., Ltd.",인삼류,1996,"371, JANGSU-RO, IWOL-MYEON, JINCHEON-GUN, CHUNGBUK, 27819 REPUBLIC OF KOREA",www.kgs.ne.kr
2018 평창올림픽 연계 대규모 수출상담회(BKF),aT 센터 / 제2전시장 A홀,2018,2,22,NH Nonghyup,"유통, 물류",1964,"92, Tongil-ro, Jung-gu, Seoul",www.nonghyup.com
2018 평창올림픽 연계 대규모 수출상담회(BKF),aT 센터 / 제2전시장 A홀,2018,2,22,Imsil cheese livestock cooperative association,"제조, 금융, 서비스",1992,"329, Bonghwang-ro, Imsil-eup, Imsil-gun, Jeollabuk-do",www.ischeese.co.kr
2018 평창올림픽 연계 대규모 수출상담회(BKF),aT 센터 / 제2전시장 A홀,2018,2,22,"Ilhwa co.,ltd.",제조,1957,"96 BEOLMAL-RO, GURI-SI, GYEONGGI-DO, SOUTH KOREA",www.ilhwa.co.kr
2018 평창올림픽 연계 대규모 수출상담회(BKF),aT 센터 / 제2전시장 A홀,2018,2,22,"Global Deep Sea Water co,.Ltd","해양심층수 제품, 해양심층수",2007,"74-24, Donghae-daero 3930beon-gil, Sokcho-si, Gangwon-do, Republic of Korea",deeps.co.kr
2018 평창올림픽 연계 대규모 수출상담회(BKF),aT 센터 / 제2전시장 A홀,2018,2,22,"HIT THE TEA, Inc.",제조업,2017,"Garak Mall #1-328, 932, Yangjae-daero, Songpa-gu, Seoul",www.hitthetea.com
2018 평창올림픽 연계 대규모 수출상담회(BKF),aT 센터 / 제2전시장 A홀,2018,2,22,Hankook Tea Co.,차류,1951,,www.hankooktea.co.kr
2018 평창올림픽 연계 대규모 수출상담회(BKF),aT 센터 / 제2전시장 A홀,2018,2,22,"Bionutrigen Co., Ltd",건강식품외,1999,"1662, Yuseong-daero, Yuseong-gu, Daejeon",www.bionutrigen.com
2018 평창올림픽 연계 대규모 수출상담회(BKF),aT 센터 / 제2전시장 A홀,2018,2,22,Handok Inc.,제조업,1958,"132 Teheranro, Gangnam-gu, Seoul",http://www.handok.co.kr/
2018 평창올림픽 연계 대규모 수출상담회(BKF),aT 센터 / 제2전시장 A홀,2018,2,22,"NC CO.,LTD",제조/도소매,2010,"836-2, Deogam-ri, Cheongdo-eup, Cheongdo-gun, Gyeongbuk, Korea",www.naturalnc.co.kr
2018 평창올림픽 연계 대규모 수출상담회(BKF),aT 센터 / 제2전시장 A홀,2018,2,22,SAMJIN GLOBALNET,"무역업, 임대",1970,"562, Samseong-ro, Gangnam-gu, Seoul, Republic of Korea",http://www.wangfood.com/
2018 평창올림픽 연계 대규모 수출상담회(BKF),aT 센터 / 제2전시장 A홀,2018,2,22,"GLAMI CO., LTD.","식품, 제조",1996,,www.glami.com
2018 평창올림픽 연계 대규모 수출상담회(BKF),aT 센터 / 제2전시장 A홀,2018,2,22,"DONG-JIN PHARMACEUTICAL CO.,LTD",제조업,2001,"23, Amjilgol-gil, Jewon-myeon, Geumsan-gun, Chungcheongnam-do, Korea",http://www.idongjinkorea.com/
2018 평창올림픽 연계 대규모 수출상담회(BKF),aT 센터 / 제2전시장 A홀,2018,2,22,"HAN SUNG FOOE SALES CO.,LTD","식품, 음료, 잡화, 수출입업",2015,"Rm 304, 55, Pyeongchon-daero 374beon-gil, Dongan-gu, Anyang-si, Gyeonggi-do, Korea",
2018 평창올림픽 연계 대규모 수출상담회(BKF),aT 센터 / 제2전시장 A홀,2018,2,22,GLOBAL SHINWOO corp,빵과자 제조업,2012,"Village-gil 59-29, HeI-ri, Tanhyeon-myeon, Paju-si, Gyeonggi-do, Korea","www,kissring.co.kr"
2018 평창올림픽 연계 대규모 수출상담회(BKF),aT 센터 / 제2전시장 A홀,2018,2,22,"PANAXKOREA CO,LTD","인삼홍삼제품,과실음료,건강식품",1999,"7-48, IT valley-gil, Gonggeun-myeon, Hoengseong-gun, Gangwon-do, Korea",www.panaxkorea.co.kr
2018 평창올림픽 연계 대규모 수출상담회(BKF),aT 센터 / 제2전시장 A홀,2018,2,22,"BIOARA Co., Ltd.",제조업,2015,"RM304, 37Seongsui-Ro 22Gil, Seongdong-Gu Seoul",www.bioara.com
2018 평창올림픽 연계 대규모 수출상담회(BKF),aT 센터 / 제2전시장 A홀,2018,2,22,Korean pears cooperative union,농업,2012,"218, Dusan-gil, Munsan-eup, Jinju-si, Gyeongsangnam-do",N
2018 평창올림픽 연계 대규모 수출상담회(BKF),aT 센터 / 제2전시장 A홀,2018,2,22,"Agricultral Corporation Cheongdo Wongam Co.,Ltd",제조업,2016,"574, Saemaeul-ro, Cheongdo-eup, Cheongdo-gun, Gyeongsangbuk-do, Republic of Korea",www.wongam.co.kr
2018 평창올림픽 연계 대규모 수출상담회(BKF),aT 센터 / 제2전시장 A홀,2018,2,22,HYE SUNG BEVERAGE Co.LTD,제조 .도소매업,2014,150 Munhwa-ro Jincheon-up Jincheon-gun chungbuk Korea,http://www.xn--zf4b8aw8i65e7scfxe.com/hs/mobile/index.html
2018 평창올림픽 연계 대규모 수출상담회(BKF),aT 센터 / 제2전시장 A홀,2018,2,22,"SD KOREA Co.,Ltd",음료,2015,"957, Dongseo-daero, Seo-gu, Daejeon, Korea",www.sd-korea.co.kr
2018 평창올림픽 연계 대규모 수출상담회(BKF),aT 센터 / 제2전시장 A홀,2018,2,22,minsoktteokmaeul,도소매,2014,,
2018 평창올림픽 연계 대규모 수출상담회(BKF),aT 센터 / 제2전시장 A홀,2018,2,22,ADLAI Co. Ltd.,농수산물 도소매업,2015,"28, Daeyaigu-gil, Wando-eup, Wando-gun, Jeollanam-do",adlai.kr
2018 평창올림픽 연계 대규모 수출상담회(BKF),aT 센터 / 제2전시장 A홀,2018,2,22,"ASIAN FOOD SERVICE CO.,LTD","수출입업,무역업",2015,"Geumjeong Hiview 305, 153-8, LS-ro Gunpo-si, Gyeonggi-do, Republic of Korea (Zip:435-805)",www.asianfoods.co.kr
2018 평창올림픽 연계 대규모 수출상담회(BKF),aT 센터 / 제2전시장 A홀,2018,2,22,"HANHAEBO CO.,LTD.","마른김,스시김,김밥김,조미김,김자반",2016,"57162,3513, Yeongsan-ro Hakgyo-myeon, Hampyeong-gun, Jeollanam-do, Korea",https://www.agrotrade.net/mini/hanhaebo87
2018 평창올림픽 연계 대규모 수출상담회(BKF),aT 센터 / 제2전시장 A홀,2018,2,22,OKF CORPORATION,"식품,식품무역,무역(수출입업),수출대행업",1990,"54, Hakdong-ro 21-gil, Gangnam-gu, Seoul",www.okf.kr
2018 평창올림픽 연계 대규모 수출상담회(BKF),aT 센터 / 제2전시장 A홀,2018,2,22,Gong food  Korea,제조,2010,82-6 Sayeo-gil Maro-myeon Boeun-gun Chung-buk Korea,www.kong4u.com
2018 평창올림픽 연계 대규모 수출상담회(BKF),aT 센터 / 제2전시장 A홀,2018,2,22,"[K26] PALDO CO., LTD","면, 음료 제조",1969,"577 GANGNAMDAERO, SEOCHO-GU, SEOUL, KOREA",www.paldofood.com
2018 평창올림픽 연계 대규모 수출상담회(BKF),aT 센터 / 제2전시장 A홀,2018,2,22,OSONDOSON,"제조업,도매및소매업",2012,"16, Nagwon-dong-gil, Oseoseo-myeon, Sangju-si, Gyeongsangbuk-do South Korea",WWW.happybio114.com
2018 평창올림픽 연계 대규모 수출상담회(BKF),aT 센터 / 제2전시장 A홀,2018,2,22,YAKSEONFOOD AGRICULTURAL CO. LTD,식품제조업/연구개발,2011,"1306 Gyeondong-ro, Andong-si,Gyeongsangbuk-do,KOREA",www.yakseonfood.com
2018 평창올림픽 연계 대규모 수출상담회(BKF),aT 센터 / 제2전시장 A홀,2018,2,22,LEE'S Marketing INC,"무역,농수산물외",2007,"508-33, Seolga-ro, Seolseong-myeon, Icheon-si, Gyeonggi-do, Republic of Korea",http://wellplus.co.kr/
2018 평창올림픽 연계 대규모 수출상담회(BKF),aT 센터 / 제2전시장 A홀,2018,2,22,"petit ami co.,ltd",식품제조,2012,,www.pamifree.com
2018 평창올림픽 연계 대규모 수출상담회(BKF),aT 센터 / 제2전시장 A홀,2018,2,22,"BEBEFOOD KOREA CO., LTD.","조미식품,무역",2009,,www.bebefood.co.kr
2018 평창올림픽 연계 대규모 수출상담회(BKF),aT 센터 / 제2전시장 A홀,2018,2,22,Gong food  Korea,제조,2010,82-6 Sayeo-gil Maro-myeon Boeun-gun Chung-buk Korea,www.kong4u.com
2018 평창올림픽 연계 대규모 수출상담회(BKF),aT 센터 / 제2전시장 A홀,2018,2,22,"DONG-JIN PHARMACEUTICAL CO.,LTD",제조업,2001,"23, Amjilgol-gil, Jewon-myeon, Geumsan-gun, Chungcheongnam-do, Korea",http://www.idongjinkorea.com/
2018 평창올림픽 연계 대규모 수출상담회(BKF),aT 센터 / 제2전시장 A홀,2018,2,22,badaone,"건어물, 건어물 가공, 무역업",1995,"495 Dunchondae-Ro, Jungwon-Gu, Seongnam City, Kyunggi Province",www.badaone.co.kr
2018 평창올림픽 연계 대규모 수출상담회(BKF),aT 센터 / 제2전시장 A홀,2018,2,22,haedamsusan cooperative,수산물가공,2015,"39, Sindong-ro 2-gil, Jicheon-myeon, Chilgok-gun, Gyeongsangbuk-do, Republic of Korea",www.haedamsusan.co.kr
2018 평창올림픽 연계 대규모 수출상담회(BKF),aT 센터 / 제2전시장 A홀,2018,2,22,Aloe Farm Agriculture Association,제조업,2006,"272-3, Eumnae-ro, Geoje-myeon, Geoje-si, Gyeongsangnam-do, Republic of Korea",Nwww.aloefarm.co.kr
2018 평창올림픽 연계 대규모 수출상담회(BKF),aT 센터 / 제2전시장 A홀,2018,2,22,"BrandAcumen Co.,Ltd.",식품소분판매업,2002,"A-1404, 53, mapo-daero, mapo-gu, seoul, 04158, Korea",http://www.superbeverage.co.kr/
2018 평창올림픽 연계 대규모 수출상담회(BKF),aT 센터 / 제2전시장 A홀,2018,2,22,Haegarden,기타식품,2002,"504-2 Yongdoodaero 36angil, Bongyangup, Jecheoncity, Choongbook",www.haegarden.com
2018 평창올림픽 연계 대규모 수출상담회(BKF),aT 센터 / 제2전시장 A홀,2018,2,22,IKG KOREA CO.,무역,2011,"T-9122, GARDEN5LIFE, 66, CHUNGMIN-RO, SONGPA-GU, SEOUL, KOREA",www.ikgkorea.com
2018 평창올림픽 연계 대규모 수출상담회(BKF),aT 센터 / 제2전시장 A홀,2018,2,22,"KOPA, INC.",도소매 농산물무역업 농산물,2012,"(D-202) 33, Yutongdanji-ro, Jung-ri, Naeseo-eup, Masanhoewon-gu, Changwon-si, Gyeongsangnam-do, Republic of Korea",http://www.kopap.co.kr/
2018 평창올림픽 연계 대규모 수출상담회(BKF),aT 센터 / 제2전시장 A홀,2018,2,22,Hwashin Farming Corp.,제조업,2007,"619-45, Hamyang-ro, Hamyang-eup, Hamyang-gun, Korea",www.aija.kr
2018 평창올림픽 연계 대규모 수출상담회(BKF),aT 센터 / 제2전시장 A홀,2018,2,22,infotrading company,무역(농수임축산),2012,,N
2018 평창올림픽 연계 대규모 수출상담회(BKF),aT 센터 / 제2전시장 A홀,2018,2,22,"komega Co., Ltd","작물재배, 농촌체험장운영, 농산물가공, 수출입 등",2016,"10-22, Ijinmal-gil, Saenggeuk-myeon, Eumseong-gun, Chungcheongbuk-do, Republic of Korea",www.dubio.co.kr
2018 평창올림픽 연계 대규모 수출상담회(BKF),aT 센터 / 제2전시장 A홀,2018,2,22,"Dajung Co., Ltd.",인삼류,1996,"371, JANGSU-RO, IWOL-MYEON, JINCHEON-GUN, CHUNGBUK, 27819 REPUBLIC OF KOREA",www.kgs.ne.kr
2018 평창올림픽 연계 대규모 수출상담회(BKF),aT 센터 / 제2전시장 A홀,2018,2,22,fnbio,제조업,2003,"230-8, Cheongwang-ro, Cheonbuk-myeon, Boryeong-si, Chungcheongnam-do, Korea (33403)",www.fnbio.co.kr
2018 평창올림픽 연계 대규모 수출상담회(BKF),aT 센터 / 제2전시장 A홀,2018,2,22,haedamsusan cooperative,수산물가공,2015,"39, Sindong-ro 2-gil, Jicheon-myeon, Chilgok-gun, Gyeongsangbuk-do, Republic of Korea",www.haedamsusan.co.kr
2018 평창올림픽 연계 대규모 수출상담회(BKF),aT 센터 / 제2전시장 A홀,2018,2,22,"BEBEFOOD KOREA CO., LTD.","조미식품,무역",2009,,www.bebefood.co.kr
2018 평창올림픽 연계 대규모 수출상담회(BKF),aT 센터 / 제2전시장 A홀,2018,2,22,"[K19] I’M DNL CO., LTD",가공식품,2017,,www. younmifoods.com
2018 평창올림픽 연계 대규모 수출상담회(BKF),aT 센터 / 제2전시장 A홀,2018,2,22,"dokdo trading co.,ltd","무역.농수산물,식품가공",2010,"Agricultural company corporation Dokdo trade Co.,Ltd",www.dokdotrade.co.kr
2018 평창올림픽 연계 대규모 수출상담회(BKF),aT 센터 / 제2전시장 A홀,2018,2,22,"kanzen co.,ltd",의약품 제조 도소매,2015,"1, Gwanak-ro, Gwanak-gu, Seoul",www.kanzen.co.kr
2018 평창올림픽 연계 대규모 수출상담회(BKF),aT 센터 / 제2전시장 A홀,2018,2,22,Agricultural Coporation Food Clover,"식량,채소,기타식물,수출업,농산물",2013,"562 Gwacheon-daero Gwacheon-si, Gyeonggi-do,Korea",
2018 평창올림픽 연계 대규모 수출상담회(BKF),aT 센터 / 제2전시장 A홀,2018,2,22,Eromglobal,"무역, 농산물, 건강식품",2015,"111, Toegyenonggong-ro, Chuncheon-si, Gangwon-do, Republic of Korea",
2018 평창올림픽 연계 대규모 수출상담회(BKF),aT 센터 / 제2전시장 A홀,2018,2,22,"ROC.CO.,Ltd","건강컨텐츠 연구개발, 식품, 무역",2016,"3, Munhwachon-ro, Pyeongtaek-si, Gyeonggi-do",www.exstore.kr / www.baoshop.kr
2018 평창올림픽 연계 대규모 수출상담회(BKF),aT 센터 / 제2전시장 A홀,2018,2,22,Gong food  Korea,제조,2010,82-6 Sayeo-gil Maro-myeon Boeun-gun Chung-buk Korea,www.kong4u.com
2018 평창올림픽 연계 대규모 수출상담회(BKF),aT 센터 / 제2전시장 A홀,2018,2,22,Agricultural corporation INTERFARM,"농산물유통및수출,농산물재배,통산판매전자상거래업,",2013,"156, Hagaejeong-gil, Miyang-myeon, Anseong-si, Gyeonggi-do, Republic of Korea",www.e-interfarm.com
2018 평창올림픽 연계 대규모 수출상담회(BKF),aT 센터 / 제2전시장 A홀,2018,2,22,Edible Inc.,제조,2014,"20, Seodal-ro 12sa-gil, Dongjak-gu, Seoul, Republic of Korea",edible-bug.com
2018 평창올림픽 연계 대규모 수출상담회(BKF),aT 센터 / 제2전시장 A홀,2018,2,22,GLOBAL SHINWOO corp,빵과자 제조업,2012,"Village-gil 59-29, HeI-ri, Tanhyeon-myeon, Paju-si, Gyeonggi-do, Korea","www,kissring.co.kr"
2018 평창올림픽 연계 대규모 수출상담회(BKF),aT 센터 / 제2전시장 A홀,2018,2,22,"Global Deep Sea Water co,.Ltd","해양심층수 제품, 해양심층수",2007,"74-24, Donghae-daero 3930beon-gil, Sokcho-si, Gangwon-do, Republic of Korea",deeps.co.kr
2018 평창올림픽 연계 대규모 수출상담회(BKF),aT 센터 / 제2전시장 A홀,2018,2,22,Aloe Farm Agriculture Association,제조업,2006,"272-3, Eumnae-ro, Geoje-myeon, Geoje-si, Gyeongsangnam-do, Republic of Korea",Nwww.aloefarm.co.kr
2018 평창올림픽 연계 대규모 수출상담회(BKF),aT 센터 / 제2전시장 A홀,2018,2,22,Hwashin Farming Corp.,제조업,2007,"619-45, Hamyang-ro, Hamyang-eup, Hamyang-gun, Korea",www.aija.kr
2018 평창올림픽 연계 대규모 수출상담회(BKF),aT 센터 / 제2전시장 A홀,2018,2,22,"Seung In Food Co., Ltd","참기름,들기름",2015,"58, Nakdongnam-ro 1013beon-gil, Gangseo-gu, Busan",http://seunginfood2.modoo.at
2018 평창올림픽 연계 대규모 수출상담회(BKF),aT 센터 / 제2전시장 A홀,2018,2,22,MIMI FOOD,"조미식품, 절임식품",1988,"#89, Gwang Deok-gil, MunGwang-Myun, Goesan-Kun, Chung-Buk, KOREA",www.mimifood.com
2018 평창올림픽 연계 대규모 수출상담회(BKF),aT 센터 / 제2전시장 A홀,2018,2,22,Sangwoel sweet potato,농업,2015,chungnam nonsansi sangwol daemeng 2gil 13-35,swgoguma.cafe24.com
2018 평창올림픽 연계 대규모 수출상담회(BKF),aT 센터 / 제2전시장 A홀,2018,2,22,YAKSEONFOOD AGRICULTURAL CO. LTD,식품제조업/연구개발,2011,"1306 Gyeondong-ro, Andong-si,Gyeongsangbuk-do,KOREA",www.yakseonfood.com
2018 평창올림픽 연계 대규모 수출상담회(BKF),aT 센터 / 제2전시장 A홀,2018,2,22,DaeDo Food,제조업,2006,"72-24, Yangsuro-6gil, Okcheon-eup, Okcheon-gun, Chungbuk, 29035, Korea",N
2018 평창올림픽 연계 대규모 수출상담회(BKF),aT 센터 / 제2전시장 A홀,2018,2,22,Shinkung Traditional Food,한과,1995,"38,  Jeonggeum-ro 74beon-gil, Soheul-eup, Pocheon-si, Gyeonggi-do, Korea",www.shinkung.co.kr
2018 평창올림픽 연계 대규모 수출상담회(BKF),aT 센터 / 제2전시장 A홀,2018,2,22,infotrading company,무역(농수임축산),2012,,N
2018 평창올림픽 연계 대규모 수출상담회(BKF),aT 센터 / 제2전시장 A홀,2018,2,22,"KKOH SHAEM FOOD CO.,LTD","다류 제조, 도소매 및 수출",1997,"#82 Jugyeopsan-ro, 35 Beon-gil, Sohol-eup, Pocheon-si, Gyeonggi-do, Korea",www.ksfs.co.kr
2018 평창올림픽 연계 대규모 수출상담회(BKF),aT 센터 / 제2전시장 A홀,2018,2,22,"BO SUBG FOODS CO,LTD","도매,제조",1991,"150, Songi-ro, Songpa-gu, Seoul",www.bosungfc.co.kr
2018 평창올림픽 연계 대규모 수출상담회(BKF),aT 센터 / 제2전시장 A홀,2018,2,22,DARAEFARMPING,농산물(토종다래) (토종다래잼),2011,"649-76, Chilbong-ro, Hojeo-myeon, Wonju-si, Gangwon-do",dareafarmping.modoo.at
2018 평창올림픽 연계 대규모 수출상담회(BKF),aT 센터 / 제2전시장 A홀,2018,2,22,"Jeju Natural Food co., Ltd.",잼류다류음료류,2009,"#163, Hamseon-ro, Jocheon-eup,Jeju-si, Jeju Special Self-Governing Province",http://nfc.ejeju.net
2018 평창올림픽 연계 대규모 수출상담회(BKF),aT 센터 / 제2전시장 A홀,2018,2,22,minsoktteokmaeul,도소매,2014,,
2018 평창올림픽 연계 대규모 수출상담회(BKF),aT 센터 / 제2전시장 A홀,2018,2,22,R&G CORPORATION,"무역, 농수산물가공식품",1985,"347 Daewangpangyo-ro, Bundang-gu, Seongnam-si Gyeonggi-do",www.assifood.co.kr
2018 평창올림픽 연계 대규모 수출상담회(BKF),aT 센터 / 제2전시장 A홀,2018,2,22,"Songhak Korea Red Ginseng Co.,Ltd.","제조업,농업,도소매",2009,"297, Seonwon-ri, Buri-myeon, Geumsan-gun,Chungcheongnam-do, Korea",www.shhongsam.com
2018 평창올림픽 연계 대규모 수출상담회(BKF),aT 센터 / 제2전시장 A홀,2018,2,22,mantrading,"무역, 음료, 컨설팅",2012,"9, Gaepo-ro 109-gil, Gangnam-gu, Seoul",www.matrading.co.kr
2018 평창올림픽 연계 대규모 수출상담회(BKF),aT 센터 / 제2전시장 A홀,2018,2,22,"Daesan Tech Co,Ltd","쌀국수,쌀면류",2010,"Rm509,B-dong,Gasan digital1-ro,GeumCheon-gu,Seoul,08507,Korea",www.thedaesan.com
2018 평창올림픽 연계 대규모 수출상담회(BKF),aT 센터 / 제2전시장 A홀,2018,2,22,"[K17] HAPCHEON MEDICAL HERBS CO., LTD","제조업, 도, 소매업",1996,"16, Naegok-gil, Hapcheon-eup, Hapcheon-gun, Gyeongsangnam-do",www.sangrime.com
2018 평창올림픽 연계 대규모 수출상담회(BKF),aT 센터 / 제2전시장 A홀,2018,2,22,"ASIAN FOOD SERVICE CO.,LTD","수출입업,무역업",2015,"Geumjeong Hiview 305, 153-8, LS-ro Gunpo-si, Gyeonggi-do, Republic of Korea (Zip:435-805)",www.asianfoods.co.kr
2018 평창올림픽 연계 대규모 수출상담회(BKF),aT 센터 / 제2전시장 A홀,2018,2,22,"Lotte Chilsung Beverage Co.,Ltd.","청량음료, 식품, 주류",1950,"15, Seocho-daero 70-gil, Seocho-gu, Seoul, Republic of Korea",http://company.lottechilsung.co.kr/eng/product/juice.jsp?nPos=020202
2018 평창올림픽 연계 대규모 수출상담회(BKF),aT 센터 / 제2전시장 A홀,2018,2,22,badaone,"건어물, 건어물 가공, 무역업",1995,"495 Dunchondae-Ro, Jungwon-Gu, Seongnam City, Kyunggi Province",www.badaone.co.kr
2018 평창올림픽 연계 대규모 수출상담회(BKF),aT 센터 / 제2전시장 A홀,2018,2,22,The Four Seasons FnC co.,도매,2008,"386, Gwongwang-ro, Paldal-gu, Suwon-si, Gyeonggi-do",http://fourseasonsfnc.tradekorea.com
2018 평창올림픽 연계 대규모 수출상담회(BKF),aT 센터 / 제2전시장 A홀,2018,2,22,"[K26] PALDO CO., LTD","면, 음료 제조",1969,"577 GANGNAMDAERO, SEOCHO-GU, SEOUL, KOREA",www.paldofood.com
2018 평창올림픽 연계 대규모 수출상담회(BKF),aT 센터 / 제2전시장 A홀,2018,2,22,Backbone,도소매,2017,"93, Magok jungang 6- ro, Kangseo -gu, Seoul, Korea",
2018 평창올림픽 연계 대규모 수출상담회(BKF),aT 센터 / 제2전시장 A홀,2018,2,22,Sangwoel sweet potato,농업,2015,chungnam nonsansi sangwol daemeng 2gil 13-35,swgoguma.cafe24.com
2018 평창올림픽 연계 대규모 수출상담회(BKF),aT 센터 / 제2전시장 A홀,2018,2,22,OKF CORPORATION,"식품,식품무역,무역(수출입업),수출대행업",1990,"54, Hakdong-ro 21-gil, Gangnam-gu, Seoul",www.okf.kr
2018 평창올림픽 연계 대규모 수출상담회(BKF),aT 센터 / 제2전시장 A홀,2018,2,22,"HANSUNG FOOD CO ., LTD","제조, 도소매, 무역",1986,"9-10, Ojeong-ro 134 Beon-gil, Ojeong-gu, Bucheon-si, Gyeonggi-do, KOREA",www.hskimchi.co.kr
2018 평창올림픽 연계 대규모 수출상담회(BKF),aT 센터 / 제2전시장 A홀,2018,2,22,"FOODMASTERGROUP CO., LTD",도소매,2017,"215-6, Yulgok-ro, Jongno-gu, Seoul",www.drholipet.com
2018 평창올림픽 연계 대규모 수출상담회(BKF),aT 센터 / 제2전시장 A홀,2018,2,22,"DAMTUH F&B CO., LTD",제조업 도소매,2007,"538-46, Seungju-ro, Seungju-eup, Suncheon-si, Jeollanam-do",http://www.damtuh.com
2018 평창올림픽 연계 대규모 수출상담회(BKF),aT 센터 / 제2전시장 A홀,2018,2,22,"SLOWMOMFOOD Co.,Ltd",제조업,2014,,slowmom.net
2018 평창올림픽 연계 대규모 수출상담회(BKF),aT 센터 / 제2전시장 A홀,2018,2,22,Maniker F&G,육가공품 외,2004,"36-2, Baegok-daero 144beon-gil, Idong-eup, Cheoin-gu, Yongin-si, Gyeonggi-do, Republic of Korea",www.manikerfng.com
2018 평창올림픽 연계 대규모 수출상담회(BKF),aT 센터 / 제2전시장 A홀,2018,2,22,"BEBEFOOD KOREA CO., LTD.","조미식품,무역",2009,,www.bebefood.co.kr
2018 평창올림픽 연계 대규모 수출상담회(BKF),aT 센터 / 제2전시장 A홀,2018,2,22,"Kocheolnam Hongsam Co., Ltd","제조, 유통, 무역",2005,"61, Ganghwasandan-ro, Ganghwa-eup, Ganghwa-gun, Incheon",www.hong3.co.kr
2018 평창올림픽 연계 대규모 수출상담회(BKF),aT 센터 / 제2전시장 A홀,2018,2,22,woorichan,"기타식료품, 기타수산물, 해조류, 무역업(수출입), 전자상거래업",2003,"10, 42beon-gil, Bodojinro. Seo-gu, Incheon, Korea",www.woorichan.com
2018 평창올림픽 연계 대규모 수출상담회(BKF),aT 센터 / 제2전시장 A홀,2018,2,22,"GREENRUSH CO., LTD.",식품제조업,2006,"2, Wangji-ro, Suncheon-si, Jeollanam-do, Republic of Korea",greenrush.kr
2018 평창올림픽 연계 대규모 수출상담회(BKF),aT 센터 / 제2전시장 A홀,2018,2,22,SINGSONG FOOD CORP.,장류,2009,"55, Busong 1-gil, Jiksan-eup, Seobuk-gu, Cheonan-si, Chungcheongnam-do, Republic of Korea",www.singsong.co.kr
2018 평창올림픽 연계 대규모 수출상담회(BKF),aT 센터 / 제2전시장 A홀,2018,2,22,"[K19] I’M DNL CO., LTD",가공식품,2017,,www. younmifoods.com
2018 평창올림픽 연계 대규모 수출상담회(BKF),aT 센터 / 제2전시장 A홀,2018,2,22,"Jeju Natural Food co., Ltd.",잼류다류음료류,2009,"#163, Hamseon-ro, Jocheon-eup,Jeju-si, Jeju Special Self-Governing Province",http://nfc.ejeju.net
2018 평창올림픽 연계 대규모 수출상담회(BKF),aT 센터 / 제2전시장 A홀,2018,2,22,[K07] DESIGNNONGBOO CO LTD,"도소매, 제조업",2011,"1-130, Dogang-gil, Deokjin-gu, Jeonju-si, Jeollabuk-do",www.designnongboo.com
2018 평창올림픽 연계 대규모 수출상담회(BKF),aT 센터 / 제2전시장 A홀,2018,2,22,ILPLUS,"소매업, 건설업",2010,"4F 410, 47, Gongwon-ro, Guro-gu, Seoul, Republic of Korea",http://www.seaweedmarket.co.kr  / http://storefarm.naver.com/seaweedmt
2018 평창올림픽 연계 대규모 수출상담회(BKF),aT 센터 / 제2전시장 A홀,2018,2,22,"[K17] HAPCHEON MEDICAL HERBS CO., LTD","제조업, 도, 소매업",1996,"16, Naegok-gil, Hapcheon-eup, Hapcheon-gun, Gyeongsangnam-do",www.sangrime.com
2018 평창올림픽 연계 대규모 수출상담회(BKF),aT 센터 / 제2전시장 A홀,2018,2,22,"ESELNARA CO., LTD.",식품,2007,"5, Chilseongnamro 35Gil, Buk-gu, Daegu, KOREA",www.eselnara.com
2018 평창올림픽 연계 대규모 수출상담회(BKF),aT 센터 / 제2전시장 A홀,2018,2,22,"SD KOREA Co.,Ltd",음료,2015,"957, Dongseo-daero, Seo-gu, Daejeon, Korea",www.sd-korea.co.kr
2018 평창올림픽 연계 대규모 수출상담회(BKF),aT 센터 / 제2전시장 A홀,2018,2,22,"HAN SUNG FOOE SALES CO.,LTD","식품, 음료, 잡화, 수출입업",2015,"Rm 304, 55, Pyeongchon-daero 374beon-gil, Dongan-gu, Anyang-si, Gyeonggi-do, Korea",
2018 평창올림픽 연계 대규모 수출상담회(BKF),aT 센터 / 제2전시장 A홀,2018,2,22,kkokdam,"꽃차,기타",2016,,www.iloveflowertea.com
2018 평창올림픽 연계 대규모 수출상담회(BKF),aT 센터 / 제2전시장 A홀,2018,2,22,"HAEYEAREUM CO.,LTD",제조업,2009,"1520, Seonammun-ro, Docho-myeon, Sinan-gun, Jeollanam-do",www.haeyeareum.com
2018 평창올림픽 연계 대규모 수출상담회(BKF),aT 센터 / 제2전시장 A홀,2018,2,22,BIFIDO,유산균 외,1999,"23-16 Nonggongdanji-gil, Hongcheon-eup, Hongcheon-gun, Gangwon-do, 25117, Republic of Korea",www.bifido.com
2018 평창올림픽 연계 대규모 수출상담회(BKF),aT 센터 / 제2전시장 A홀,2018,2,22,"DAMO CO., LTD.","식품가공업, 기타무역업",2007,135 ANSIN-RO ANGYE-MYEON UISEONG-GUN GYEONGSANGBUK-DO KOREA,www.damofood.net
2018 평창올림픽 연계 대규모 수출상담회(BKF),aT 센터 / 제2전시장 A홀,2018,2,22,LEE'S Marketing INC,"무역,농수산물외",2007,"508-33, Seolga-ro, Seolseong-myeon, Icheon-si, Gyeonggi-do, Republic of Korea",http://wellplus.co.kr/
2018 평창올림픽 연계 대규모 수출상담회(BKF),aT 센터 / 제2전시장 A홀,2018,2,22,"SAONGWON CO.,LTD","냉동식품,수출업",1995,"76-17, Hansam-ro 153beon-gil, Daeso-myeon, Eumseong-gun, Chungcheongbuk-do, Republic of Korea",www.saongwon.com
2018 평창올림픽 연계 대규모 수출상담회(BKF),aT 센터 / 제2전시장 A홀,2018,2,22,Charmfre,축산물가공,2012,,www.charmfre.co.kr
2018 평창올림픽 연계 대규모 수출상담회(BKF),aT 센터 / 제2전시장 A홀,2018,2,22,"PYEONGCHANG FRESH FOOD CO.,LTD",김치,2012,"2310,Seodong-ro,Pyeongchang-eup,Pyeongchang-gun,Gangwon-do,Korea",http://food700.com
2018 평창올림픽 연계 대규모 수출상담회(BKF),aT 센터 / 제2전시장 A홀,2018,2,22,ALP-KS TRADING,"수추업, 농학연구개발업(종묘학)",1991,,www.alpks.com
2018 평창올림픽 연계 대규모 수출상담회(BKF),aT 센터 / 제2전시장 A홀,2018,2,22,MIMI FOOD,"조미식품, 절임식품",1988,"#89, Gwang Deok-gil, MunGwang-Myun, Goesan-Kun, Chung-Buk, KOREA",www.mimifood.com
2018 평창올림픽 연계 대규모 수출상담회(BKF),aT 센터 / 제2전시장 A홀,2018,2,22,SAMIK MARKETING,"도소매무역,제조",2017,"101-1206(SangIn -Dong DongHwa APT),SangIn Seoro 94,DalSeoGu,DaeGu,Korea",N
2018 평창올림픽 연계 대규모 수출상담회(BKF),aT 센터 / 제2전시장 A홀,2018,2,22,"Dairyzen Co.,Ltd.",제조업,1999,"170, Munmakgongdan-gil, Munmak-eup, Wonju-si, Gangwon-do, South Korea",www.dairyzen.co.kr
2018 평창올림픽 연계 대규모 수출상담회(BKF),aT 센터 / 제2전시장 A홀,2018,2,22,Hoonminfood.co.,제조업,2016,"143-14, Sinpyeong-ro, Dong-gu, Daegu, Republic of Korea",hoonminfood.com
2018 평창올림픽 연계 대규모 수출상담회(BKF),aT 센터 / 제2전시장 A홀,2018,2,22,migafood,"제조,가공",2004,"96, Deokjeong-gil, Byeollyang-myeon,",www.sunkot.co.kr
2018 평창올림픽 연계 대규모 수출상담회(BKF),aT 센터 / 제2전시장 A홀,2018,2,22,"Honestfood Co., Ltd",제조,2014,"59-11, Biseongnal-ro, Deokjin-gu, Jeonju-si, Jeollabuk-do, Republic of korea",www.ybcook.com
2018 평창올림픽 연계 대규모 수출상담회(BKF),aT 센터 / 제2전시장 A홀,2018,2,22,"wellfarm co., ltd",식품,2002,"87 Geumil-ro, 546beon-gil, Geumwang-eup, Eumgseong Gun, Chungcheongbuk-do, South Korea",www.well-farm.co.kr
2018 평창올림픽 연계 대규모 수출상담회(BKF),aT 센터 / 제2전시장 A홀,2018,2,22,"GYODONG FOOD CO.,LTD.","식품,축산물 가공업",1998,"181, Jiyong-ro, Okcheon-gun, Chungcheongbuk-do, Korea",www.howchon.com
2018 평창올림픽 연계 대규모 수출상담회(BKF),aT 센터 / 제2전시장 A홀,2018,2,22,"MORE CO., LTD.",식품 가공,2006,"113,DODONGGUYEOK-GIL,YEONGCHEON-SI,GYEONGSANGBUK-DO,KOREA",morecorp.co.kr
2018 평창올림픽 연계 대규모 수출상담회(BKF),aT 센터 / 제2전시장 A홀,2018,2,22,"BEBEFOOD KOREA CO., LTD.","조미식품,무역",2009,,www.bebefood.co.kr
2018 평창올림픽 연계 대규모 수출상담회(BKF),aT 센터 / 제2전시장 A홀,2018,2,22,"Welltural.Co.,Ltd","견과, 시리얼, 선식, 체중조절식품",2002,Sanyepdanji3gil 17 Pengsan-eup Andong-shi Kyengsangbu-do,www.welltural.co.kr
2018 평창올림픽 연계 대규모 수출상담회(BKF),aT 센터 / 제2전시장 A홀,2018,2,22,"Honestfood Co., Ltd",제조,2014,"59-11, Biseongnal-ro, Deokjin-gu, Jeonju-si, Jeollabuk-do, Republic of korea",www.ybcook.com
2018 평창올림픽 연계 대규모 수출상담회(BKF),aT 센터 / 제2전시장 A홀,2018,2,22,"[K09] FINE FT CO., LTD","식품제조가공업, 식품첨가물제조업 등",2007,"3524, Charyeong-ro, Jeongan-myeon, Gongju-si, Chungcheongnam-do, 32511, South Korea",www.fineft.co.kr
2018 평창올림픽 연계 대규모 수출상담회(BKF),aT 센터 / 제2전시장 A홀,2018,2,22,BJ SINGICHOUNG,"식품제조가공, 통신판매",2013,"115, Durumi-ro, Galmal-eup, Cheorwon-gun, Gangwon-do, Korea",www.day100.net
2018 평창올림픽 연계 대규모 수출상담회(BKF),aT 센터 / 제2전시장 A홀,2018,2,22,"DAEKWANG F&G CO.,LTD",제조업외,1990,,www.dkfng.com
2018 평창올림픽 연계 대규모 수출상담회(BKF),aT 센터 / 제2전시장 A홀,2018,2,22,D-FOOD,식육가공처리,2005,"20, Techno,Chungangdearo,yugamyeon,Dalseonggun,Daegu",http://momeuro.com/
2018 평창올림픽 연계 대규모 수출상담회(BKF),aT 센터 / 제2전시장 A홀,2018,2,22,"HURUM CO.,LTD","식품,잡화,무역",1995,"115, Gasan digital 2-ro, Geumcheon-gu, Seoul",hurumcorp.com/
2018 평창올림픽 연계 대규모 수출상담회(BKF),aT 센터 / 제2전시장 A홀,2018,2,22,J&E CORPORATION,무역,1995,"Rm.610, A-dong,Bundang Techno Park, #697,Pangyo-ro,Bundang-gu,Seongnam-city,Gyeonggi-do,Korea",www.jnekorea.com
2018 평창올림픽 연계 대규모 수출상담회(BKF),aT 센터 / 제2전시장 A홀,2018,2,22,infotrading company,무역(농수임축산),2012,,N
2018 평창올림픽 연계 대규모 수출상담회(BKF),aT 센터 / 제2전시장 A홀,2018,2,22,"KOREA NATURAL FOOD CO.,LTD",제조업,1987,Jeollabuk-do Jeonj-si Deokjin-gu Yeosil-gil 34,www.dooraeone.com
2018 평창올림픽 연계 대규모 수출상담회(BKF),aT 센터 / 제2전시장 A홀,2018,2,22,"Bionutrigen Co., Ltd",건강식품외,1999,"1662, Yuseong-daero, Yuseong-gu, Daejeon",www.bionutrigen.com
2018 평창올림픽 연계 대규모 수출상담회(BKF),aT 센터 / 제2전시장 A홀,2018,2,22,"SD KOREA Co.,Ltd",음료,2015,"957, Dongseo-daero, Seo-gu, Daejeon, Korea",www.sd-korea.co.kr
2018 평창올림픽 연계 대규모 수출상담회(BKF),aT 센터 / 제2전시장 A홀,2018,2,22,"wellfarm co., ltd",식품,2002,"87 Geumil-ro, 546beon-gil, Geumwang-eup, Eumgseong Gun, Chungcheongbuk-do, South Korea",www.well-farm.co.kr
2018 평창올림픽 연계 대규모 수출상담회(BKF),aT 센터 / 제2전시장 A홀,2018,2,22,"[K05] CHOLOCWON CO., LTD.",다류,2000,"45-15, Pyeongsa 1-gil, Jillyang-eup, Gyeongsan-si, Gyeongsangbuk-do, Korea, 38455",www.cholocwon.com
2018 평창올림픽 연계 대규모 수출상담회(BKF),aT 센터 / 제2전시장 A홀,2018,2,22,BIFIDO,유산균 외,1999,"23-16 Nonggongdanji-gil, Hongcheon-eup, Hongcheon-gun, Gangwon-do, 25117, Republic of Korea",www.bifido.com
2018 평창올림픽 연계 대규모 수출상담회(BKF),aT 센터 / 제2전시장 A홀,2018,2,22,Agricultural Corporation GROWTHDIGM F&B,"농산물가공, 농식품판매",2016,"F 150, Food Venture Center, Kore",growthdigm.com
2018 평창올림픽 연계 대규모 수출상담회(BKF),aT 센터 / 제2전시장 A홀,2018,2,22,"Seung In Food Co., Ltd","참기름,들기름",2015,"58, Nakdongnam-ro 1013beon-gil, Gangseo-gu, Busan",http://seunginfood2.modoo.at
2018 평창올림픽 연계 대규모 수출상담회(BKF),aT 센터 / 제2전시장 A홀,2018,2,22,Backbone,도소매,2017,"93, Magok jungang 6- ro, Kangseo -gu, Seoul, Korea",
2018 평창올림픽 연계 대규모 수출상담회(BKF),aT 센터 / 제2전시장 A홀,2018,2,22,Jayeon Farm Farming Corp.,"작물재배업, 들기름, 과일, 채소",2016,"37-16, Yeongju-ro 60beon-gil, Yeongju-si, Gyeongsangbuk-do, 36136, Rep. of KOREA",omega3oil.kr
2018 평창올림픽 연계 대규모 수출상담회(BKF),aT 센터 / 제2전시장 A홀,2018,2,22,SAMJIN GLOBALNET,"무역업, 임대",1970,"562, Samseong-ro, Gangnam-gu, Seoul, Republic of Korea",http://www.wangfood.com/
2018 평창올림픽 연계 대규모 수출상담회(BKF),aT 센터 / 제2전시장 A홀,2018,2,22,"MORE CO., LTD.",식품 가공,2006,"113,DODONGGUYEOK-GIL,YEONGCHEON-SI,GYEONGSANGBUK-DO,KOREA",morecorp.co.kr
2018 평창올림픽 연계 대규모 수출상담회(BKF),aT 센터 / 제2전시장 A홀,2018,2,22,R&G CORPORATION,"무역, 농수산물가공식품",1985,"347 Daewangpangyo-ro, Bundang-gu, Seongnam-si Gyeonggi-do",www.assifood.co.kr
2018 평창올림픽 연계 대규모 수출상담회(BKF),aT 센터 / 제2전시장 A홀,2018,2,22,DELLOS F AND B,"무역, 식품(음료)",2014,"159, Usangongdan-gil, Wonju-si, Gangwon-do",www.dellos.kr
2018 평창올림픽 연계 대규모 수출상담회(BKF),aT 센터 / 제2전시장 A홀,2018,2,22,R&G CORPORATION,"무역, 농수산물가공식품",1985,"347 Daewangpangyo-ro, Bundang-gu, Seongnam-si Gyeonggi-do",www.assifood.co.kr
2018 평창올림픽 연계 대규모 수출상담회(BKF),aT 센터 / 제2전시장 A홀,2018,2,22,"HAEYEAREUM CO.,LTD",제조업,2009,"1520, Seonammun-ro, Docho-myeon, Sinan-gun, Jeollanam-do",www.haeyeareum.com
2018 평창올림픽 연계 대규모 수출상담회(BKF),aT 센터 / 제2전시장 A홀,2018,2,22,minsoktteokmaeul,도소매,2014,,
2018 평창올림픽 연계 대규모 수출상담회(BKF),aT 센터 / 제2전시장 A홀,2018,2,22,badaone,"건어물, 건어물 가공, 무역업",1995,"495 Dunchondae-Ro, Jungwon-Gu, Seongnam City, Kyunggi Province",www.badaone.co.kr
2018 평창올림픽 연계 대규모 수출상담회(BKF),aT 센터 / 제2전시장 A홀,2018,2,22,"BEBEFOOD KOREA CO., LTD.","조미식품,무역",2009,,www.bebefood.co.kr
2018 평창올림픽 연계 대규모 수출상담회(BKF),aT 센터 / 제2전시장 A홀,2018,2,22,"ESELNARA CO., LTD.",식품,2007,"5, Chilseongnamro 35Gil, Buk-gu, Daegu, KOREA",www.eselnara.com
2018 평창올림픽 연계 대규모 수출상담회(BKF),aT 센터 / 제2전시장 A홀,2018,2,22,"SD KOREA Co.,Ltd",음료,2015,"957, Dongseo-daero, Seo-gu, Daejeon, Korea",www.sd-korea.co.kr
2018 평창올림픽 연계 대규모 수출상담회(BKF),aT 센터 / 제2전시장 A홀,2018,2,22,"Welltural.Co.,Ltd","견과, 시리얼, 선식, 체중조절식품",2002,Sanyepdanji3gil 17 Pengsan-eup Andong-shi Kyengsangbu-do,www.welltural.co.kr
2018 평창올림픽 연계 대규모 수출상담회(BKF),aT 센터 / 제2전시장 A홀,2018,2,22,"Dairyzen Co.,Ltd.",제조업,1999,"170, Munmakgongdan-gil, Munmak-eup, Wonju-si, Gangwon-do, South Korea",www.dairyzen.co.kr
2018 평창올림픽 연계 대규모 수출상담회(BKF),aT 센터 / 제2전시장 A홀,2018,2,22,[K08] EVERGOOD CORPORATION,"무역(농산물),농산물",2009,,N
2018 평창올림픽 연계 대규모 수출상담회(BKF),aT 센터 / 제2전시장 A홀,2018,2,22,CHONMA CORPORATION,제조 도소매,1999,"29-8, Baekjegobun-ro 40-gil, Songpa-gu, Seoul, Republic of Korea",chonmafood.com
2018 평창올림픽 연계 대규모 수출상담회(BKF),aT 센터 / 제2전시장 A홀,2018,2,22,"Agricultral Corporation Cheongdo Wongam Co.,Ltd",제조업,2016,"574, Saemaeul-ro, Cheongdo-eup, Cheongdo-gun, Gyeongsangbuk-do, Republic of Korea",www.wongam.co.kr
2018 평창올림픽 연계 대규모 수출상담회(BKF),aT 센터 / 제2전시장 A홀,2018,2,22,MoonGyeong Omija Valley Co.,제조및 생산,2009,2371-5 Yeowoomok-ro Dongro-ro Munkyeong-si Gyeongsangbuk-do,www.omijamall.co.kr
2018 평창올림픽 연계 대규모 수출상담회(BKF),aT 센터 / 제2전시장 A홀,2018,2,22,"SAONGWON CO.,LTD","냉동식품,수출업",1995,"76-17, Hansam-ro 153beon-gil, Daeso-myeon, Eumseong-gun, Chungcheongbuk-do, Republic of Korea",www.saongwon.com
2018 평창올림픽 연계 대규모 수출상담회(BKF),aT 센터 / 제2전시장 A홀,2018,2,22,woorichan,"기타식료품, 기타수산물, 해조류, 무역업(수출입), 전자상거래업",2003,"10, 42beon-gil, Bodojinro. Seo-gu, Incheon, Korea",www.woorichan.com
2018 평창올림픽 연계 대규모 수출상담회(BKF),aT 센터 / 제2전시장 A홀,2018,2,22,"GLAMI CO., LTD.","식품, 제조",1996,,www.glami.com
2018 평창올림픽 연계 대규모 수출상담회(BKF),aT 센터 / 제2전시장 A홀,2018,2,22,BIOPOLYTECH,기능식품연구개발,2004,"(songjeong-dong) 714, 134, Gongdan-ro, Heungdeok-gu, Cheongju-si, Chungcheongbuk-do, Korea",www.biopolytech.com
2018 평창올림픽 연계 대규모 수출상담회(BKF),aT 센터 / 제2전시장 A홀,2018,2,22,The Four Seasons FnC co.,도매,2008,"386, Gwongwang-ro, Paldal-gu, Suwon-si, Gyeonggi-do",http://fourseasonsfnc.tradekorea.com
2018 평창올림픽 연계 대규모 수출상담회(BKF),aT 센터 / 제2전시장 A홀,2018,2,22,"SD KOREA Co.,Ltd",음료,2015,"957, Dongseo-daero, Seo-gu, Daejeon, Korea",www.sd-korea.co.kr
2018 평창올림픽 연계 대규모 수출상담회(BKF),aT 센터 / 제2전시장 A홀,2018,2,22,Yellow Sea Fisheri Food Ltd,제조업,2015,"499-46, Chungseo-ro, Gwangcheon-eup, Hongseong-gun, Chungcheongnam-do",없음
2018 평창올림픽 연계 대규모 수출상담회(BKF),aT 센터 / 제2전시장 A홀,2018,2,22,"[K19] I’M DNL CO., LTD",가공식품,2017,,www. younmifoods.com
2018 평창올림픽 연계 대규모 수출상담회(BKF),aT 센터 / 제2전시장 A홀,2018,2,22,"Welltural.Co.,Ltd","견과, 시리얼, 선식, 체중조절식품",2002,Sanyepdanji3gil 17 Pengsan-eup Andong-shi Kyengsangbu-do,www.welltural.co.kr
2018 평창올림픽 연계 대규모 수출상담회(BKF),aT 센터 / 제2전시장 A홀,2018,2,22,"TAEKWAN CO.,LTD.",도소매업(무역),2002,"#401, Jungwoo BLDG, 178, Injung-ro, Jung-gu, Incheon, Korea",www.taekwan.co.kr
2018 평창올림픽 연계 대규모 수출상담회(BKF),aT 센터 / 제2전시장 A홀,2018,2,22,"SAMMI COMMERCE CO.,LTD.",무역.식품잡화.통신판매,1994,"3F, 296, Jungdae-ro, Songpa-gu, Seoul, 05724, Korea",www.sammicms.co.kr
2018 평창올림픽 연계 대규모 수출상담회(BKF),aT 센터 / 제2전시장 A홀,2018,2,22,DAYWELLZ,건강식품,2017,"39, Janggi-ro 10-gil, Dalseo-gu, Daegu, Republic of Korea",www.daywellz.com
2018 평창올림픽 연계 대규모 수출상담회(BKF),aT 센터 / 제2전시장 A홀,2018,2,22,Eromglobal,"무역, 농산물, 건강식품",2015,"111, Toegyenonggong-ro, Chuncheon-si, Gangwon-do, Republic of Korea",
2018 평창올림픽 연계 대규모 수출상담회(BKF),aT 센터 / 제2전시장 A홀,2018,2,22,"Youn Sun Ae Cactut co.,Ltd",식품제조가공,2015,"1795-2, Donghae-daero, Heunghae-eup, Buk-gu, Pohang-si, Gyeongsangbuk-do, Republic of Korea","www,100nc.com"
2018 평창올림픽 연계 대규모 수출상담회(BKF),aT 센터 / 제2전시장 A홀,2018,2,22,BJ SINGICHOUNG,"식품제조가공, 통신판매",2013,"115, Durumi-ro, Galmal-eup, Cheorwon-gun, Gangwon-do, Korea",www.day100.net
2018 평창올림픽 연계 대규모 수출상담회(BKF),aT 센터 / 제2전시장 A홀,2018,2,22,TRUE,무역(수입),2015,"347 Jongro, Jongro-gu, Seoul. Korea",
2018 평창올림픽 연계 대규모 수출상담회(BKF),aT 센터 / 제2전시장 A홀,2018,2,22,"MANJUN FOODS CO., LTD.",제조업,1995,"11, GEOMDANSAN-RO 146BEON-GIL, HANAM-SI, GYEONGGI-DO,13024, KOREA",www.manjun.net
2018 평창올림픽 연계 대규모 수출상담회(BKF),aT 센터 / 제2전시장 A홀,2018,2,22,hoyabiotech,농업,2017,"Hoyabiotech,3rd floor,243-19, Hyeoksin-ro, Iseo-myeon, Wanju_Gun, Jeollabuk-do, Republic of Korea",www.hoyabio.com
2018 평창올림픽 연계 대규모 수출상담회(BKF),aT 센터 / 제2전시장 A홀,2018,2,22,"Jeju Natural Food co., Ltd.",잼류다류음료류,2009,"#163, Hamseon-ro, Jocheon-eup,Jeju-si, Jeju Special Self-Governing Province",http://nfc.ejeju.net
2018 평창올림픽 연계 대규모 수출상담회(BKF),aT 센터 / 제2전시장 A홀,2018,2,22,"DAMTUH F&B CO., LTD",제조업 도소매,2007,"538-46, Seungju-ro, Seungju-eup, Suncheon-si, Jeollanam-do",http://www.damtuh.com
2018 평창올림픽 연계 대규모 수출상담회(BKF),aT 센터 / 제2전시장 A홀,2018,2,22,"[K26] PALDO CO., LTD","면, 음료 제조",1969,"577 GANGNAMDAERO, SEOCHO-GU, SEOUL, KOREA",www.paldofood.com
2018 평창올림픽 연계 대규모 수출상담회(BKF),aT 센터 / 제2전시장 A홀,2018,2,22,"Kocheolnam Hongsam Co., Ltd","제조, 유통, 무역",2005,"61, Ganghwasandan-ro, Ganghwa-eup, Ganghwa-gun, Incheon",www.hong3.co.kr
2018 평창올림픽 연계 대규모 수출상담회(BKF),aT 센터 / 제2전시장 A홀,2018,2,22,Hankook Tea Co.,차류,1951,,www.hankooktea.co.kr
2018 평창올림픽 연계 대규모 수출상담회(BKF),aT 센터 / 제2전시장 A홀,2018,2,22,ADLAI Co. Ltd.,농수산물 도소매업,2015,"28, Daeyaigu-gil, Wando-eup, Wando-gun, Jeollanam-do",adlai.kr
2018 평창올림픽 연계 대규모 수출상담회(BKF),aT 센터 / 제2전시장 A홀,2018,2,22,"BrandAcumen Co.,Ltd.",식품소분판매업,2002,"A-1404, 53, mapo-daero, mapo-gu, seoul, 04158, Korea",http://www.superbeverage.co.kr/
2018 평창올림픽 연계 대규모 수출상담회(BKF),aT 센터 / 제2전시장 A홀,2018,2,22,"KKOSUM Food Agricultural Co.,Ltd.",농산물가공,2016,,www.kkosum.com
2018 평창올림픽 연계 대규모 수출상담회(BKF),aT 센터 / 제2전시장 A홀,2018,2,22,Handok Inc.,제조업,1958,"132 Teheranro, Gangnam-gu, Seoul",http://www.handok.co.kr/
2018 평창올림픽 연계 대규모 수출상담회(BKF),aT 센터 / 제2전시장 A홀,2018,2,22,"KOPA, INC.",도소매 농산물무역업 농산물,2012,"(D-202) 33, Yutongdanji-ro, Jung-ri, Naeseo-eup, Masanhoewon-gu, Changwon-si, Gyeongsangnam-do, Republic of Korea",http://www.kopap.co.kr/
2018 평창올림픽 연계 대규모 수출상담회(BKF),aT 센터 / 제2전시장 A홀,2018,2,22,DARAEFARMPING,농산물(토종다래) (토종다래잼),2011,"649-76, Chilbong-ro, Hojeo-myeon, Wonju-si, Gangwon-do",dareafarmping.modoo.at
2018 평창올림픽 연계 대규모 수출상담회(BKF),aT 센터 / 제2전시장 A홀,2018,2,22,SAMJANG COOPERATIVE UNION,홍삼제품,2016,,www.samjang.co.kr
2018 평창올림픽 연계 대규모 수출상담회(BKF),aT 센터 / 제2전시장 A홀,2018,2,22,GoodMorningKorea,한국 농산물,2009,"604, Cheonho-daero, Gwangjin-gu, Seoul",
2018 평창올림픽 연계 대규모 수출상담회(BKF),aT 센터 / 제2전시장 A홀,2018,2,22,LEE'S Marketing INC,"무역,농수산물외",2007,"508-33, Seolga-ro, Seolseong-myeon, Icheon-si, Gyeonggi-do, Republic of Korea",http://wellplus.co.kr/
2018 평창올림픽 연계 대규모 수출상담회(BKF),aT 센터 / 제2전시장 A홀,2018,2,22,GYEONG BUK CORPORATION,도소매,1994,"76-6, HYEONNAE-GIL, JILLYANG-EUP, GYEONGSAN-SI, GYEONGSANGBUK-DO, KOREA",www.gbci.co.kr
2018 평창올림픽 연계 대규모 수출상담회(BKF),aT 센터 / 제2전시장 A홀,2018,2,22,[K10] FRESHIS CO LTD,무역업,2014,,http://www.freshisland.co.kr/
2018 평창올림픽 연계 대규모 수출상담회(BKF),aT 센터 / 제2전시장 A홀,2018,2,22,DAYWELLZ,건강식품,2017,"39, Janggi-ro 10-gil, Dalseo-gu, Daegu, Republic of Korea",www.daywellz.com
2018 평창올림픽 연계 대규모 수출상담회(BKF),aT 센터 / 제2전시장 A홀,2018,2,22,"kanzen co.,ltd",의약품 제조 도소매,2015,"1, Gwanak-ro, Gwanak-gu, Seoul",www.kanzen.co.kr
2018 평창올림픽 연계 대규모 수출상담회(BKF),aT 센터 / 제2전시장 A홀,2018,2,22,"SAMHEUNG CO., LTD.","홍삼,인삼",1997,"38,Gimpo-daero 8020 beon-gil ,Gimpo-si,Gyednggi-do,KOREA",www.kanggae.co.kr
2018 평창올림픽 연계 대규모 수출상담회(BKF),aT 센터 / 제2전시장 A홀,2018,2,22,"Argicultural Corporation Gagopa Healing Food Co., Ltd","도소매, 제조업, 도매 및 소매업",2013,"177,Samgye-ro, Naeseo-eup, Masanhoewon-gu, Changwon-si, Gyeongsangnam-do, Korea",www.kfoods.kr
2018 평창올림픽 연계 대규모 수출상담회(BKF),aT 센터 / 제2전시장 A홀,2018,2,22,Punggi Premium Goods Agricultural Cooperative,제조업,1995,"1118 JUNGNYEONG-RO, PUNGGI-EUP, YEONGJU-SI, GYEONGSANGBUK-DO, SOUTH KOREA",www.kpch.co.kr
2018 평창올림픽 연계 대규모 수출상담회(BKF),aT 센터 / 제2전시장 A홀,2018,2,22,"JARO CO., LTD.","커피가공업, 인삼가공품",2011,"#213 Campany Support dong, 30-5, Dongsunonggongdanji-gil, Naju-si, Jeollanam-do",www.jaro.co.kr
2018 평창올림픽 연계 대규모 수출상담회(BKF),aT 센터 / 제2전시장 A홀,2018,2,22,PUNGGI GINSENG FARMING CORP.,인삼,1994,"1396, Yongju-ro, Anjeong-myeon, Yeongju-si, Gyeongsangbuk-do, Republic of Korea",www.goldsam.com
2018 평창올림픽 연계 대규모 수출상담회(BKF),aT 센터 / 제2전시장 A홀,2018,2,22,"Bionutrigen Co., Ltd",건강식품외,1999,"1662, Yuseong-daero, Yuseong-gu, Daejeon",www.bionutrigen.com
2018 평창올림픽 연계 대규모 수출상담회(BKF),aT 센터 / 제2전시장 A홀,2018,2,22,"Korean Ginseng Research Co., Ltd.",제조,1996,"3275 Gyeonggang-ro,Yongmun-Myeon,Yangpyeong-Gun,Gyeonggi-Do, Korea",www.ginsengresearch.com
2018 평창올림픽 연계 대규모 수출상담회(BKF),aT 센터 / 제2전시장 A홀,2018,2,22,"Ilhwa co.,ltd.",제조,1957,"96 BEOLMAL-RO, GURI-SI, GYEONGGI-DO, SOUTH KOREA",www.ilhwa.co.kr
2018 평창올림픽 연계 대규모 수출상담회(BKF),aT 센터 / 제2전시장 A홀,2018,2,22,"SAONGWON CO.,LTD","냉동식품,수출업",1995,"76-17, Hansam-ro 153beon-gil, Daeso-myeon, Eumseong-gun, Chungcheongbuk-do, Republic of Korea",www.saongwon.com
2018 평창올림픽 연계 대규모 수출상담회(BKF),aT 센터 / 제2전시장 A홀,2018,2,22,andong local food,농업 제조업,2017,"26, Yeongga-ro, Andong-si, Gyeongsangbuk-do, Republic of Korea",andonglocalfood.modoo.at
2018 평창올림픽 연계 대규모 수출상담회(BKF),aT 센터 / 제2전시장 A홀,2018,2,22,GYEONG BUK CORPORATION,도소매,1994,"76-6, HYEONNAE-GIL, JILLYANG-EUP, GYEONGSAN-SI, GYEONGSANGBUK-DO, KOREA",www.gbci.co.kr
2018 평창올림픽 연계 대규모 수출상담회(BKF),aT 센터 / 제2전시장 A홀,2018,2,22,Agricultural Coporation Food Clover,"식량,채소,기타식물,수출업,농산물",2013,"562 Gwacheon-daero Gwacheon-si, Gyeonggi-do,Korea",
2018 평창올림픽 연계 대규모 수출상담회(BKF),aT 센터 / 제2전시장 A홀,2018,2,22,[K08] EVERGOOD CORPORATION,"무역(농산물),농산물",2009,,N
2018 평창올림픽 연계 대규모 수출상담회(BKF),aT 센터 / 제2전시장 A홀,2018,2,22,"Gloway Co., Ltd.",농산물 및 농산가공품 수출입업,2013,"40, Dongchundang-Ro, 3Beon-Gil, Daedeok-Gu, Daejeon, Korea",www.src3.com
2018 평창올림픽 연계 대규모 수출상담회(BKF),aT 센터 / 제2전시장 A홀,2018,2,22,TRUE,무역(수입),2015,"347 Jongro, Jongro-gu, Seoul. Korea",
2018 평창올림픽 연계 대규모 수출상담회(BKF),aT 센터 / 제2전시장 A홀,2018,2,22,Daeheung,"농임산물가공,농임산물",2008,"180 Daebu-gil, Jillyang-eup, Gyengsan-si, Gyesang-buk-do, korea",www.alalri.co.kr
2018 평창올림픽 연계 대규모 수출상담회(BKF),aT 센터 / 제2전시장 A홀,2018,2,22,DELLOS F AND B,"무역, 식품(음료)",2014,"159, Usangongdan-gil, Wonju-si, Gangwon-do",www.dellos.kr
2018 평창올림픽 연계 대규모 수출상담회(BKF),aT 센터 / 제2전시장 A홀,2018,2,22,"[K05] CHOLOCWON CO., LTD.",다류,2000,"45-15, Pyeongsa 1-gil, Jillyang-eup, Gyeongsan-si, Gyeongsangbuk-do, Korea, 38455",www.cholocwon.com
2018 평창올림픽 연계 대규모 수출상담회(BKF),aT 센터 / 제2전시장 A홀,2018,2,22,"JJF CO.,LTD",수출입무역,2000,"222-2, Wolgak-ro, Hallim-eup, Jeju-si, Jeju-do, 695-291",www.jjfkorea.co.kr
2018 평창올림픽 연계 대규모 수출상담회(BKF),aT 센터 / 제2전시장 A홀,2018,2,22,GYEONG BUK CORPORATION,도소매,1994,"76-6, HYEONNAE-GIL, JILLYANG-EUP, GYEONGSAN-SI, GYEONGSANGBUK-DO, KOREA",www.gbci.co.kr
2018 평창올림픽 연계 대규모 수출상담회(BKF),aT 센터 / 제2전시장 A홀,2018,2,22,"DAMO CO., LTD.","식품가공업, 기타무역업",2007,135 ANSIN-RO ANGYE-MYEON UISEONG-GUN GYEONGSANGBUK-DO KOREA,www.damofood.net
2018 평창올림픽 연계 대규모 수출상담회(BKF),aT 센터 / 제2전시장 A홀,2018,2,22,Korean pears cooperative union,농업,2012,"218, Dusan-gil, Munsan-eup, Jinju-si, Gyeongsangnam-do",N
2018 평창올림픽 연계 대규모 수출상담회(BKF),aT 센터 / 제2전시장 A홀,2018,2,22,"Kocheolnam Hongsam Co., Ltd","제조, 유통, 무역",2005,"61, Ganghwasandan-ro, Ganghwa-eup, Ganghwa-gun, Incheon",www.hong3.co.kr
2018 평창올림픽 연계 대규모 수출상담회(BKF),aT 센터 / 제2전시장 A홀,2018,2,22,[K10] FRESHIS CO LTD,무역업,2014,,http://www.freshisland.co.kr/
2018 평창올림픽 연계 대규모 수출상담회(BKF),aT 센터 / 제2전시장 A홀,2018,2,22,"Gloway Co., Ltd.",농산물 및 농산가공품 수출입업,2013,"40, Dongchundang-Ro, 3Beon-Gil, Daedeok-Gu, Daejeon, Korea",www.src3.com
2018 평창올림픽 연계 대규모 수출상담회(BKF),aT 센터 / 제2전시장 A홀,2018,2,22,Aloe Farm Agriculture Association,제조업,2006,"272-3, Eumnae-ro, Geoje-myeon, Geoje-si, Gyeongsangnam-do, Republic of Korea",Nwww.aloefarm.co.kr
2018 평창올림픽 연계 대규모 수출상담회(BKF),aT 센터 / 제2전시장 A홀,2018,2,22,Backbone,도소매,2017,"93, Magok jungang 6- ro, Kangseo -gu, Seoul, Korea",
2018 평창올림픽 연계 대규모 수출상담회(BKF),aT 센터 / 제2전시장 A홀,2018,2,22,"ROYALGREENS, KOREA DORAJI R&D",제조업,2014,"#501 Novel Techno Blg. 288-24 Galmachiro, Jungwongu,Sungnam Gyeonggido, Rep. of Korea",www.royalgreens.co.kr
2018 평창올림픽 연계 대규모 수출상담회(BKF),aT 센터 / 제2전시장 A홀,2018,2,22,"MANJUN FOODS CO., LTD.",제조업,1995,"11, GEOMDANSAN-RO 146BEON-GIL, HANAM-SI, GYEONGGI-DO,13024, KOREA",www.manjun.net
2018 평창올림픽 연계 대규모 수출상담회(BKF),aT 센터 / 제2전시장 A홀,2018,2,22,"[K09] FINE FT CO., LTD","식품제조가공업, 식품첨가물제조업 등",2007,"3524, Charyeong-ro, Jeongan-myeon, Gongju-si, Chungcheongnam-do, 32511, South Korea",www.fineft.co.kr
2018 평창올림픽 연계 대규모 수출상담회(BKF),aT 센터 / 제2전시장 A홀,2018,2,22,MUNGYEONG SMILE,식품제조,2013,"597, Sandong-ro, Sanyang-myeon, Mungyeong-si, Gyeongsangbuk-do",www.easternsmile.com
2018 평창올림픽 연계 대규모 수출상담회(BKF),aT 센터 / 제2전시장 A홀,2018,2,22,GOODFOOD LLC,일반가공식품,1999,"198-99, UNHA-RO 101BUNGIL, EUNHEYON-MYEON,YANGJU-SI,GYEONGGI-DO",WWW.GOOD-FOOD.CO.KR
2018 평창올림픽 연계 대규모 수출상담회(BKF),aT 센터 / 제2전시장 A홀,2018,2,22,"Welltural.Co.,Ltd","견과, 시리얼, 선식, 체중조절식품",2002,Sanyepdanji3gil 17 Pengsan-eup Andong-shi Kyengsangbu-do,www.welltural.co.kr
2018 평창올림픽 연계 대규모 수출상담회(BKF),aT 센터 / 제2전시장 A홀,2018,2,22,"Ilhwa co.,ltd.",제조,1957,"96 BEOLMAL-RO, GURI-SI, GYEONGGI-DO, SOUTH KOREA",www.ilhwa.co.kr
2018 평창올림픽 연계 대규모 수출상담회(BKF),aT 센터 / 제2전시장 A홀,2018,2,22,Korean pears cooperative union,농업,2012,"218, Dusan-gil, Munsan-eup, Jinju-si, Gyeongsangnam-do",N
2018 평창올림픽 연계 대규모 수출상담회(BKF),aT 센터 / 제2전시장 A홀,2018,2,22,"KOREA NATURAL FOOD CO.,LTD",제조업,1987,Jeollabuk-do Jeonj-si Deokjin-gu Yeosil-gil 34,www.dooraeone.com
2018 평창올림픽 연계 대규모 수출상담회(BKF),aT 센터 / 제2전시장 A홀,2018,2,22,"MANJUN FOODS CO., LTD.",제조업,1995,"11, GEOMDANSAN-RO 146BEON-GIL, HANAM-SI, GYEONGGI-DO,13024, KOREA",www.manjun.net
2018 평창올림픽 연계 대규모 수출상담회(BKF),aT 센터 / 제2전시장 A홀,2018,2,22,minsoktteokmaeul,도소매,2014,,
2018 평창올림픽 연계 대규모 수출상담회(BKF),aT 센터 / 제2전시장 A홀,2018,2,22,"BAEKJE CORPORATION CO., LTD.","면류,떡류 제조업체",2010,"209-7, OSEO-GIL, GWANGCHEON-EUP, HONGSEONG-GUN, CHUNGCHEONGNAM-DO, KOREA 322285",www.bj1978.com
2018 평창올림픽 연계 대규모 수출상담회(BKF),aT 센터 / 제2전시장 A홀,2018,2,22,"NATURE FARM Agriculture Co. ,Ltd",농산물유통판매,2010,"257-18, Haksantopyeong-gil, Hwayang-eup, Cheongdo-gun, Gyeongsangbuk-do, Korea",www.nfdry.com
2018 평창올림픽 연계 대규모 수출상담회(BKF),aT 센터 / 제2전시장 A홀,2018,2,22,YAKSEONFOOD AGRICULTURAL CO. LTD,식품제조업/연구개발,2011,"1306 Gyeondong-ro, Andong-si,Gyeongsangbuk-do,KOREA",www.yakseonfood.com
2018 평창올림픽 연계 대규모 수출상담회(BKF),aT 센터 / 제2전시장 A홀,2018,2,22,Aloe Farm Agriculture Association,제조업,2006,"272-3, Eumnae-ro, Geoje-myeon, Geoje-si, Gyeongsangnam-do, Republic of Korea",Nwww.aloefarm.co.kr
2018 평창올림픽 연계 대규모 수출상담회(BKF),aT 센터 / 제2전시장 A홀,2018,2,22,THREE C CORP.,"분유,커피크리머,커피,라면,스낵,음료,소스류",2001,"9, Nonhyeon-ro 81-gil, Gangnam-gu, Seoul",http://threec.kr
2018 평창올림픽 연계 대규모 수출상담회(BKF),aT 센터 / 제2전시장 A홀,2018,2,22,DELLOS F AND B,"무역, 식품(음료)",2014,"159, Usangongdan-gil, Wonju-si, Gangwon-do",www.dellos.kr
2018 평창올림픽 연계 대규모 수출상담회(BKF),aT 센터 / 제2전시장 A홀,2018,2,22,MoonGyeong Omija Valley Co.,제조및 생산,2009,2371-5 Yeowoomok-ro Dongro-ro Munkyeong-si Gyeongsangbuk-do,www.omijamall.co.kr
2018 평창올림픽 연계 대규모 수출상담회(BKF),aT 센터 / 제2전시장 A홀,2018,2,22,Jayeon Farm Farming Corp.,"작물재배업, 들기름, 과일, 채소",2016,"37-16, Yeongju-ro 60beon-gil, Yeongju-si, Gyeongsangbuk-do, 36136, Rep. of KOREA",omega3oil.kr
2018 평창올림픽 연계 대규모 수출상담회(BKF),aT 센터 / 제2전시장 A홀,2018,2,22,WINWINFISH CORP.,농수산물가공품,2001,"20, Jungang-ro 378beon-gil, Yangpyeong-eup, Yangpyeong-gun, Gyeonggi-do",www.winwinfish.com
2018 평창올림픽 연계 대규모 수출상담회(BKF),aT 센터 / 제2전시장 A홀,2018,2,22,"komega Co., Ltd","작물재배, 농촌체험장운영, 농산물가공, 수출입 등",2016,"10-22, Ijinmal-gil, Saenggeuk-myeon, Eumseong-gun, Chungcheongbuk-do, Republic of Korea",www.dubio.co.kr
2018 평창올림픽 연계 대규모 수출상담회(BKF),aT 센터 / 제2전시장 A홀,2018,2,22,onggojib,"식품가공(장류), 곡물, 야채, 청과",2006,"34, Seowang-gil, Seopo-ri, Napo-myeon, Gunsan-si, Jeollabuk-do",http://onggojib.koreasme.com
2018 평창올림픽 연계 대규모 수출상담회(BKF),aT 센터 / 제2전시장 A홀,2018,2,22,arawoom,농수축산물가공업,2012,"506-16(Ocheon-dong)Mangyang-ro Road,Yeosu-si, Jeollanam-do Korea",http://webd19.webcan.gethompy.com/
2018 평창올림픽 연계 대규모 수출상담회(BKF),aT 센터 / 제2전시장 A홀,2018,2,22,SAMIK MARKETING,"도소매무역,제조",2017,"101-1206(SangIn -Dong DongHwa APT),SangIn Seoro 94,DalSeoGu,DaeGu,Korea",N
2018 평창올림픽 연계 대규모 수출상담회(BKF),aT 센터 / 제2전시장 A홀,2018,2,22,"FOODMASTERGROUP CO., LTD",도소매,2017,"215-6, Yulgok-ro, Jongno-gu, Seoul",www.drholipet.com
2018 평창올림픽 연계 대규모 수출상담회(BKF),aT 센터 / 제2전시장 A홀,2018,2,22,"DAEIL FOOD CO.,LTD",제조,2009,GANGWON-DO WONJU-SI HEUNGEOP-MYEON SEUNGANDONG-GIL 92,http://daeilfood.kr/
2018 평창올림픽 연계 대규모 수출상담회(BKF),aT 센터 / 제2전시장 A홀,2018,2,22,"PYEONGCHANG FRESH FOOD CO.,LTD",김치,2012,"2310,Seodong-ro,Pyeongchang-eup,Pyeongchang-gun,Gangwon-do,Korea",http://food700.com
2018 평창올림픽 연계 대규모 수출상담회(BKF),aT 센터 / 제2전시장 A홀,2018,2,22,"SAONGWON CO.,LTD","냉동식품,수출업",1995,"76-17, Hansam-ro 153beon-gil, Daeso-myeon, Eumseong-gun, Chungcheongbuk-do, Republic of Korea",www.saongwon.com
2018 평창올림픽 연계 대규모 수출상담회(BKF),aT 센터 / 제2전시장 A홀,2018,2,22,"DAMO CO., LTD.","식품가공업, 기타무역업",2007,135 ANSIN-RO ANGYE-MYEON UISEONG-GUN GYEONGSANGBUK-DO KOREA,www.damofood.net
2018 평창올림픽 연계 대규모 수출상담회(BKF),aT 센터 / 제2전시장 A홀,2018,2,22,ChuniL Foods Co.,제조업,1974,"7-19, Gangnam-daero 27-gil, Seocho-gu, Seoul",www.chunilfood.co.kr
2018 평창올림픽 연계 대규모 수출상담회(BKF),aT 센터 / 제2전시장 A홀,2018,2,22,haedamsusan cooperative,수산물가공,2015,"39, Sindong-ro 2-gil, Jicheon-myeon, Chilgok-gun, Gyeongsangbuk-do, Republic of Korea",www.haedamsusan.co.kr
2018 평창올림픽 연계 대규모 수출상담회(BKF),aT 센터 / 제2전시장 A홀,2018,2,22,Korean pears cooperative union,농업,2012,"218, Dusan-gil, Munsan-eup, Jinju-si, Gyeongsangnam-do",N
2018 평창올림픽 연계 대규모 수출상담회(BKF),aT 센터 / 제2전시장 A홀,2018,2,22,[K10] FRESHIS CO LTD,무역업,2014,,http://www.freshisland.co.kr/
2018 평창올림픽 연계 대규모 수출상담회(BKF),aT 센터 / 제2전시장 A홀,2018,2,22,NH Nonghyup,"유통, 물류",1964,"92, Tongil-ro, Jung-gu, Seoul",www.nonghyup.com
2018 평창올림픽 연계 대규모 수출상담회(BKF),aT 센터 / 제2전시장 A홀,2018,2,22,"NATURE FARM Agriculture Co. ,Ltd",농산물유통판매,2010,"257-18, Haksantopyeong-gil, Hwayang-eup, Cheongdo-gun, Gyeongsangbuk-do, Korea",www.nfdry.com
2018 평창올림픽 연계 대규모 수출상담회(BKF),aT 센터 / 제2전시장 A홀,2018,2,22,"Agricultral Corporation Cheongdo Wongam Co.,Ltd",제조업,2016,"574, Saemaeul-ro, Cheongdo-eup, Cheongdo-gun, Gyeongsangbuk-do, Republic of Korea",www.wongam.co.kr
2018 평창올림픽 연계 대규모 수출상담회(BKF),aT 센터 / 제2전시장 A홀,2018,2,22,Donghwa Food,젓갈,2002,"16-11, Nonggongdanji 2gil, Sokcho-si, Gangwon-do, Korea",www.donghwafood.co.kr / www.오마니젓갈.com
2018 평창올림픽 연계 대규모 수출상담회(BKF),aT 센터 / 제2전시장 A홀,2018,2,22,[K29] SEORAKSAN GREEN FOOD CO.,농산물 가공,2014,"41-50, Powolsaemal-gil, Yangyang-eup, Yangyang-gun, Gangwon-do, Korea",www.sgreenfood.co.kr
2018 평창올림픽 연계 대규모 수출상담회(BKF),aT 센터 / 제2전시장 A홀,2018,2,22,"BO SUBG FOODS CO,LTD","도매,제조",1991,"150, Songi-ro, Songpa-gu, Seoul",www.bosungfc.co.kr
2018 평창올림픽 연계 대규모 수출상담회(BKF),aT 센터 / 제2전시장 A홀,2018,2,22,Shinkung Traditional Food,한과,1995,"38,  Jeonggeum-ro 74beon-gil, Soheul-eup, Pocheon-si, Gyeonggi-do, Korea",www.shinkung.co.kr
2018 평창올림픽 연계 대규모 수출상담회(BKF),aT 센터 / 제2전시장 A홀,2018,2,22,"GYODONG FOOD CO.,LTD.","식품,축산물 가공업",1998,"181, Jiyong-ro, Okcheon-gun, Chungcheongbuk-do, Korea",www.howchon.com
2018 평창올림픽 연계 대규모 수출상담회(BKF),aT 센터 / 제2전시장 A홀,2018,2,22,"Argicultural Corporation Gagopa Healing Food Co., Ltd","도소매, 제조업, 도매 및 소매업",2013,"177,Samgye-ro, Naeseo-eup, Masanhoewon-gu, Changwon-si, Gyeongsangnam-do, Korea",www.kfoods.kr
2018 평창올림픽 연계 대규모 수출상담회(BKF),aT 센터 / 제2전시장 A홀,2018,2,22,sunbongfood,식품가공업,2013,"31, Geomdan-ro 93beon-gil, Seo-gu, Incheon, Korea",www.sunbong.net
2018 평창올림픽 연계 대규모 수출상담회(BKF),aT 센터 / 제2전시장 A홀,2018,2,22,BIFIDO,유산균 외,1999,"23-16 Nonggongdanji-gil, Hongcheon-eup, Hongcheon-gun, Gangwon-do, 25117, Republic of Korea",www.bifido.com
2018 평창올림픽 연계 대규모 수출상담회(BKF),aT 센터 / 제2전시장 A홀,2018,2,22,"worldfood co.,ltd",도매업및소매업,2000,"45-78, yonggu-dae",www.murgerbon.com
2018 평창올림픽 연계 대규모 수출상담회(BKF),aT 센터 / 제2전시장 A홀,2018,2,22,"ESELNARA CO., LTD.",식품,2007,"5, Chilseongnamro 35Gil, Buk-gu, Daegu, KOREA",www.eselnara.com
2018 평창올림픽 연계 대규모 수출상담회(BKF),aT 센터 / 제2전시장 A홀,2018,2,22,R&G CORPORATION,"무역, 농수산물가공식품",1985,"347 Daewangpangyo-ro, Bundang-gu, Seongnam-si Gyeonggi-do",www.assifood.co.kr
2018 평창올림픽 연계 대규모 수출상담회(BKF),aT 센터 / 제2전시장 A홀,2018,2,22,Herb Story Inc.,"제조,서비스",2015,136 woongok-ro Wonju-si Gangwon-do South Korea,www.herbstory.kr
2018 평창올림픽 연계 대규모 수출상담회(BKF),aT 센터 / 제2전시장 A홀,2018,2,22,"Bionutrigen Co., Ltd",건강식품외,1999,"1662, Yuseong-daero, Yuseong-gu, Daejeon",www.bionutrigen.com
2018 평창올림픽 연계 대규모 수출상담회(BKF),aT 센터 / 제2전시장 A홀,2018,2,22,PYEONGCHANG FARM,"농산물건조, 농산물판매",2004,"89, Hyanggyo-gil, Pyeongchang-eup, Pyeongchang-gun, Gangwon-do",www.pcfarm.kr
2018 평창올림픽 연계 대규모 수출상담회(BKF),aT 센터 / 제2전시장 A홀,2018,2,22,YAKSEONFOOD AGRICULTURAL CO. LTD,식품제조업/연구개발,2011,"1306 Gyeondong-ro, Andong-si,Gyeongsangbuk-do,KOREA",www.yakseonfood.com
2018 평창올림픽 연계 대규모 수출상담회(BKF),aT 센터 / 제2전시장 A홀,2018,2,22,"Ilhwa co.,ltd.",제조,1957,"96 BEOLMAL-RO, GURI-SI, GYEONGGI-DO, SOUTH KOREA",www.ilhwa.co.kr
2018 평창올림픽 연계 대규모 수출상담회(BKF),aT 센터 / 제2전시장 A홀,2018,2,22,"[K05] CHOLOCWON CO., LTD.",다류,2000,"45-15, Pyeongsa 1-gil, Jillyang-eup, Gyeongsan-si, Gyeongsangbuk-do, Korea, 38455",www.cholocwon.com
2018 평창올림픽 연계 대규모 수출상담회(BKF),aT 센터 / 제2전시장 A홀,2018,2,22,"HANSUNG FOOD CO ., LTD","제조, 도소매, 무역",1986,"9-10, Ojeong-ro 134 Beon-gil, Ojeong-gu, Bucheon-si, Gyeonggi-do, KOREA",www.hskimchi.co.kr
2018 평창올림픽 연계 대규모 수출상담회(BKF),aT 센터 / 제2전시장 A홀,2018,2,22,"Nokchawon Co., Ltd.","무역, 다류식품",1992,"84, Seocho-daero 4-gil, Seocho-gu, Seoul",www.nokchawon.co.kr
2018 평창올림픽 연계 대규모 수출상담회(BKF),aT 센터 / 제2전시장 A홀,2018,2,22,[K15] HANBAEK FOOD AGRICULTURAL CO. LTD.,조미김 제조업,2012,"624-33 Gwangjagng, Cheongan, Goesan, Chungcheongbukdo",hanbaekfood.com
2018 평창올림픽 연계 대규모 수출상담회(BKF),aT 센터 / 제2전시장 A홀,2018,2,22,"NATURE FARM Agriculture Co. ,Ltd",농산물유통판매,2010,"257-18, Haksantopyeong-gil, Hwayang-eup, Cheongdo-gun, Gyeongsangbuk-do, Korea",www.nfdry.com
2018 평창올림픽 연계 대규모 수출상담회(BKF),aT 센터 / 제2전시장 A홀,2018,2,22,"DAMO CO., LTD.","식품가공업, 기타무역업",2007,135 ANSIN-RO ANGYE-MYEON UISEONG-GUN GYEONGSANGBUK-DO KOREA,www.damofood.net
2018 평창올림픽 연계 대규모 수출상담회(BKF),aT 센터 / 제2전시장 A홀,2018,2,22,[K07] DESIGNNONGBOO CO LTD,"도소매, 제조업",2011,"1-130, Dogang-gil, Deokjin-gu, Jeonju-si, Jeollabuk-do",www.designnongboo.com
2018 평창올림픽 연계 대규모 수출상담회(BKF),aT 센터 / 제2전시장 A홀,2018,2,22,"BAEKJE CORPORATION CO., LTD.","면류,떡류 제조업체",2010,"209-7, OSEO-GIL, GWANGCHEON-EUP, HONGSEONG-GUN, CHUNGCHEONGNAM-DO, KOREA 322285",www.bj1978.com
2018 평창올림픽 연계 대규모 수출상담회(BKF),aT 센터 / 제2전시장 A홀,2018,2,22,"YOUNG POONG CO.,LTD",농식품가공,1993,"64, Seongseogongdanbuk-ro, Dalseo-gu, Daegu, 42712, KOREA",http://www.ypfoods.co.kr
2018 평창올림픽 연계 대규모 수출상담회(BKF),aT 센터 / 제2전시장 A홀,2018,2,22,"Daesan Tech Co,Ltd","쌀국수,쌀면류",2010,"Rm509,B-dong,Gasan digital1-ro,GeumCheon-gu,Seoul,08507,Korea",www.thedaesan.com
2018 평창올림픽 연계 대규모 수출상담회(BKF),aT 센터 / 제2전시장 A홀,2018,2,22,"DONGWOONONGSAN CO.,LTD",식품제조가공업,2000,"14-7, Mugap-gil 124beon-gil, Chowol-eup, Gwangju-si, Gyeonggi-do, Republic of Korea",http://www.greennuts.com
2018 평창올림픽 연계 대규모 수출상담회(BKF),aT 센터 / 제2전시장 A홀,2018,2,22,Donghwa Food,젓갈,2002,"16-11, Nonggongdanji 2gil, Sokcho-si, Gangwon-do, Korea",www.donghwafood.co.kr / www.오마니젓갈.com
2018 평창올림픽 연계 대규모 수출상담회(BKF),aT 센터 / 제2전시장 A홀,2018,2,22,Donghwa Food,젓갈,2002,"16-11, Nonggongdanji 2gil, Sokcho-si, Gangwon-do, Korea",www.donghwafood.co.kr / www.오마니젓갈.com
2018 평창올림픽 연계 대규모 수출상담회(BKF),aT 센터 / 제2전시장 A홀,2018,2,22,mantrading,"무역, 음료, 컨설팅",2012,"9, Gaepo-ro 109-gil, Gangnam-gu, Seoul",www.matrading.co.kr
2018 평창올림픽 연계 대규모 수출상담회(BKF),aT 센터 / 제2전시장 A홀,2018,2,22,mantrading,"무역, 음료, 컨설팅",2012,"9, Gaepo-ro 109-gil, Gangnam-gu, Seoul",www.matrading.co.kr
2018 평창올림픽 연계 대규모 수출상담회(BKF),aT 센터 / 제2전시장 A홀,2018,2,22,MoonGyeong Omija Valley Co.,제조및 생산,2009,2371-5 Yeowoomok-ro Dongro-ro Munkyeong-si Gyeongsangbuk-do,www.omijamall.co.kr
2018 평창올림픽 연계 대규모 수출상담회(BKF),aT 센터 / 제2전시장 A홀,2018,2,22,Shinkung Traditional Food,한과,1995,"38,  Jeonggeum-ro 74beon-gil, Soheul-eup, Pocheon-si, Gyeonggi-do, Korea",www.shinkung.co.kr
2018 평창올림픽 연계 대규모 수출상담회(BKF),aT 센터 / 제2전시장 A홀,2018,2,22,The Four Seasons FnC co.,도매,2008,"386, Gwongwang-ro, Paldal-gu, Suwon-si, Gyeonggi-do",http://fourseasonsfnc.tradekorea.com
2018 평창올림픽 연계 대규모 수출상담회(BKF),aT 센터 / 제2전시장 A홀,2018,2,22,"SLOWMOMFOOD Co.,Ltd",제조업,2014,,slowmom.net
2018 평창올림픽 연계 대규모 수출상담회(BKF),aT 센터 / 제2전시장 A홀,2018,2,22,Shinkung Traditional Food,한과,1995,"38,  Jeonggeum-ro 74beon-gil, Soheul-eup, Pocheon-si, Gyeonggi-do, Korea",www.shinkung.co.kr
2018 평창올림픽 연계 대규모 수출상담회(BKF),aT 센터 / 제2전시장 A홀,2018,2,22,Oyangfoods co.,"제조,도매, 소매",2003,"34, Jangin-ro, Sasang-gu, Busan, Korea.",www.oyangfood.com
2018 평창올림픽 연계 대규모 수출상담회(BKF),aT 센터 / 제2전시장 A홀,2018,2,22,"HANHAEBO CO.,LTD.","마른김,스시김,김밥김,조미김,김자반",2016,"57162,3513, Yeongsan-ro Hakgyo-myeon, Hampyeong-gun, Jeollanam-do, Korea",https://www.agrotrade.net/mini/hanhaebo87
2018 평창올림픽 연계 대규모 수출상담회(BKF),aT 센터 / 제2전시장 A홀,2018,2,22,"wooshin industrial co., ltd.",제조,1995,"18,oebu-gil, gunbuk-myeon, geumsan-gun, chungchong nam-do, Korea",y
2018 평창올림픽 연계 대규모 수출상담회(BKF),aT 센터 / 제2전시장 A홀,2018,2,22,Imsil cheese livestock cooperative association,"제조, 금융, 서비스",1992,"329, Bonghwang-ro, Imsil-eup, Imsil-gun, Jeollabuk-do",www.ischeese.co.kr
2018 평창올림픽 연계 대규모 수출상담회(BKF),aT 센터 / 제2전시장 A홀,2018,2,22,Imsil cheese livestock cooperative association,"제조, 금융, 서비스",1992,"329, Bonghwang-ro, Imsil-eup, Imsil-gun, Jeollabuk-do",www.ischeese.co.kr
2018 평창올림픽 연계 대규모 수출상담회(BKF),aT 센터 / 제2전시장 A홀,2018,2,22,"[K05] CHOLOCWON CO., LTD.",다류,2000,"45-15, Pyeongsa 1-gil, Jillyang-eup, Gyeongsan-si, Gyeongsangbuk-do, Korea, 38455",www.cholocwon.com
2018 평창올림픽 연계 대규모 수출상담회(BKF),aT 센터 / 제2전시장 A홀,2018,2,22,MUNGYEONG SMILE,식품제조,2013,"597, Sandong-ro, Sanyang-myeon, Mungyeong-si, Gyeongsangbuk-do",www.easternsmile.com
2018 평창올림픽 연계 대규모 수출상담회(BKF),aT 센터 / 제2전시장 A홀,2018,2,22,"SAMMI COMMERCE CO.,LTD.",무역.식품잡화.통신판매,1994,"3F, 296, Jungdae-ro, Songpa-gu, Seoul, 05724, Korea",www.sammicms.co.kr
2018 평창올림픽 연계 대규모 수출상담회(BKF),aT 센터 / 제2전시장 A홀,2018,2,22,"Honestfood Co., Ltd",제조,2014,"59-11, Biseongnal-ro, Deokjin-gu, Jeonju-si, Jeollabuk-do, Republic of korea",www.ybcook.com
2018 평창올림픽 연계 대규모 수출상담회(BKF),aT 센터 / 제2전시장 A홀,2018,2,22,JAEWON GLOBAL NET,"가공식품 제조, 도매",2007,"87, Cheongbaengni-ro 697beon-gil, Baeksa-myeon, Icheon-si, Gyeonggi-do",www.goodandwell.co.kr
2018 평창올림픽 연계 대규모 수출상담회(BKF),aT 센터 / 제2전시장 A홀,2018,2,22,"GLAMI CO., LTD.","식품, 제조",1996,,www.glami.com
2018 평창올림픽 연계 대규모 수출상담회(BKF),aT 센터 / 제2전시장 A홀,2018,2,22,DAYWELLZ,건강식품,2017,"39, Janggi-ro 10-gil, Dalseo-gu, Daegu, Republic of Korea",www.daywellz.com
2018 평창올림픽 연계 대규모 수출상담회(BKF),aT 센터 / 제2전시장 A홀,2018,2,22,Yellow Sea Fisheri Food Ltd,제조업,2015,"499-46, Chungseo-ro, Gwangcheon-eup, Hongseong-gun, Chungcheongnam-do",없음
2018 평창올림픽 연계 대규모 수출상담회(BKF),aT 센터 / 제2전시장 A홀,2018,2,22,WINWINFISH CORP.,농수산물가공품,2001,"20, Jungang-ro 378beon-gil, Yangpyeong-eup, Yangpyeong-gun, Gyeonggi-do",www.winwinfish.com
2018 평창올림픽 연계 대규모 수출상담회(BKF),aT 센터 / 제2전시장 A홀,2018,2,22,SINGSONG FOOD CORP.,장류,2009,"55, Busong 1-gil, Jiksan-eup, Seobuk-gu, Cheonan-si, Chungcheongnam-do, Republic of Korea",www.singsong.co.kr
2018 평창올림픽 연계 대규모 수출상담회(BKF),aT 센터 / 제2전시장 A홀,2018,2,22,IKG KOREA CO.,무역,2011,"T-9122, GARDEN5LIFE, 66, CHUNGMIN-RO, SONGPA-GU, SEOUL, KOREA",www.ikgkorea.com
2018 평창올림픽 연계 대규모 수출상담회(BKF),aT 센터 / 제2전시장 A홀,2018,2,22,"wellfarm co., ltd",식품,2002,"87 Geumil-ro, 546beon-gil, Geumwang-eup, Eumgseong Gun, Chungcheongbuk-do, South Korea",www.well-farm.co.kr
2018 평창올림픽 연계 대규모 수출상담회(BKF),aT 센터 / 제2전시장 A홀,2018,2,22,"HURUM CO.,LTD","식품,잡화,무역",1995,"115, Gasan digital 2-ro, Geumcheon-gu, Seoul",hurumcorp.com/
2018 평창올림픽 연계 대규모 수출상담회(BKF),aT 센터 / 제2전시장 A홀,2018,2,22,NEXTURE E-ONE CO LTD,"식품, 수출업",2007,"1F 7, Jegi-Ro, Dongdaemun-Gu, Seoul, Korea",www.nextureone.com
2018 평창올림픽 연계 대규모 수출상담회(BKF),aT 센터 / 제2전시장 A홀,2018,2,22,"Hyundai F&B Co.,Ltd.","과자류, 음료, 캔디류",2008,"16,je4sandan1-ro,miyangmyeon,anseongsi,gyeonggido,korea",www.hdfnbkorea.com
2018 평창올림픽 연계 대규모 수출상담회(BKF),aT 센터 / 제2전시장 A홀,2018,2,22,MEKKA Corp.,식품 제조/ 마른 김/ 스시용 김/ 구운 김,1995,,
2018 평창올림픽 연계 대규모 수출상담회(BKF),aT 센터 / 제2전시장 A홀,2018,2,22,The Four Seasons FnC co.,도매,2008,"386, Gwongwang-ro, Paldal-gu, Suwon-si, Gyeonggi-do",http://fourseasonsfnc.tradekorea.com
2018 평창올림픽 연계 대규모 수출상담회(BKF),aT 센터 / 제2전시장 A홀,2018,2,22,"BAEKJE CORPORATION CO., LTD.","면류,떡류 제조업체",2010,"209-7, OSEO-GIL, GWANGCHEON-EUP, HONGSEONG-GUN, CHUNGCHEONGNAM-DO, KOREA 322285",www.bj1978.com
2018 평창올림픽 연계 대규모 수출상담회(BKF),aT 센터 / 제2전시장 A홀,2018,2,22,CHONMA CORPORATION,제조 도소매,1999,"29-8, Baekjegobun-ro 40-gil, Songpa-gu, Seoul, Republic of Korea",chonmafood.com
2018 평창올림픽 연계 대규모 수출상담회(BKF),aT 센터 / 제2전시장 A홀,2018,2,22,"Samcheok Dongja Yack Doraji, Corp.","도라지 재배, 돌배 및 마늘 가공판매",2011,2222 Baeckdudaegan-ro Hajang-myeon Samcheok-si Gangwon-do,
2018 평창올림픽 연계 대규모 수출상담회(BKF),aT 센터 / 제2전시장 A홀,2018,2,22,"DONGWOONONGSAN CO.,LTD",식품제조가공업,2000,"14-7, Mugap-gil 124beon-gil, Chowol-eup, Gwangju-si, Gyeonggi-do, Republic of Korea",http://www.greennuts.com
2018 평창올림픽 연계 대규모 수출상담회(BKF),aT 센터 / 제2전시장 A홀,2018,2,22,"PANAXKOREA CO,LTD","인삼홍삼제품,과실음료,건강식품",1999,"7-48, IT valley-gil, Gonggeun-myeon, Hoengseong-gun, Gangwon-do, Korea",www.panaxkorea.co.kr
2018 평창올림픽 연계 대규모 수출상담회(BKF),aT 센터 / 제2전시장 A홀,2018,2,22,"worldfood co.,ltd",도매업및소매업,2000,"45-78, yonggu-dae",www.murgerbon.com
2018 평창올림픽 연계 대규모 수출상담회(BKF),aT 센터 / 제2전시장 A홀,2018,2,22,"AROMAVILLE COFFEE CO.,LTD.",커피 및 국산차 가공업,2001,"23, Seohae-ro 987beon-gil, Paltan-myeon, Hwaseong-si, Gyeonggi-do, Republic of Korea",www.handrip.com
2018 평창올림픽 연계 대규모 수출상담회(BKF),aT 센터 / 제2전시장 A홀,2018,2,22,pyongtaekgood atonia,아로니아,2016,,
2018 평창올림픽 연계 대규모 수출상담회(BKF),aT 센터 / 제2전시장 A홀,2018,2,22,"Gloway Co., Ltd.",농산물 및 농산가공품 수출입업,2013,"40, Dongchundang-Ro, 3Beon-Gil, Daedeok-Gu, Daejeon, Korea",www.src3.com
2018 평창올림픽 연계 대규모 수출상담회(BKF),aT 센터 / 제2전시장 A홀,2018,2,22,"Youn Sun Ae Cactut co.,Ltd",식품제조가공,2015,"1795-2, Donghae-daero, Heunghae-eup, Buk-gu, Pohang-si, Gyeongsangbuk-do, Republic of Korea","www,100nc.com"
2018 평창올림픽 연계 대규모 수출상담회(BKF),aT 센터 / 제2전시장 A홀,2018,2,22,Haegarden,기타식품,2002,"504-2 Yongdoodaero 36angil, Bongyangup, Jecheoncity, Choongbook",www.haegarden.com
2018 평창올림픽 연계 대규모 수출상담회(BKF),aT 센터 / 제2전시장 A홀,2018,2,22,"Ilhwa co.,ltd.",제조,1957,"96 BEOLMAL-RO, GURI-SI, GYEONGGI-DO, SOUTH KOREA",www.ilhwa.co.kr
2018 평창올림픽 연계 대규모 수출상담회(BKF),aT 센터 / 제2전시장 A홀,2018,2,22,Sunyoung Food,"과자류, 코코아 가공 및 초콜릿",2013,"784, Seongnam-ro, Susin-myeon, Dongnam-gu, Cheonan-si, Chungcheongnam-do, Korea",sy-food.co.kr
2018 평창올림픽 연계 대규모 수출상담회(BKF),aT 센터 / 제2전시장 A홀,2018,2,22,"ROYALGREENS, KOREA DORAJI R&D",제조업,2014,"#501 Novel Techno Blg. 288-24 Galmachiro, Jungwongu,Sungnam Gyeonggido, Rep. of Korea",www.royalgreens.co.kr
2018 평창올림픽 연계 대규모 수출상담회(BKF),aT 센터 / 제2전시장 A홀,2018,2,22,"Global Deep Sea Water co,.Ltd","해양심층수 제품, 해양심층수",2007,"74-24, Donghae-daero 3930beon-gil, Sokcho-si, Gangwon-do, Republic of Korea",deeps.co.kr
2018 평창올림픽 연계 대규모 수출상담회(BKF),aT 센터 / 제2전시장 A홀,2018,2,22,IKG KOREA CO.,무역,2011,"T-9122, GARDEN5LIFE, 66, CHUNGMIN-RO, SONGPA-GU, SEOUL, KOREA",www.ikgkorea.com
2018 평창올림픽 연계 대규모 수출상담회(BKF),aT 센터 / 제2전시장 A홀,2018,2,22,"MIWAMI CO., LTD",다류 수출업 무역,2009,"840-1 Noam-dong, Namwon-si, Jeollabuk-do, Korea",www.miwami.com
2018 평창올림픽 연계 대규모 수출상담회(BKF),aT 센터 / 제2전시장 A홀,2018,2,22,Yellow Sea Fisheri Food Ltd,제조업,2015,"499-46, Chungseo-ro, Gwangcheon-eup, Hongseong-gun, Chungcheongnam-do",없음
2018 평창올림픽 연계 대규모 수출상담회(BKF),aT 센터 / 제2전시장 A홀,2018,2,22,"Dairyzen Co.,Ltd.",제조업,1999,"170, Munmakgongdan-gil, Munmak-eup, Wonju-si, Gangwon-do, South Korea",www.dairyzen.co.kr
2018 평창올림픽 연계 대규모 수출상담회(BKF),aT 센터 / 제2전시장 A홀,2018,2,22,SAMJIN GLOBALNET,"무역업, 임대",1970,"562, Samseong-ro, Gangnam-gu, Seoul, Republic of Korea",http://www.wangfood.com/
2018 평창올림픽 연계 대규모 수출상담회(BKF),aT 센터 / 제2전시장 A홀,2018,2,22,Seowondang Food Co.,"식용유지류, 농산물",2013,"451, Haenggu-ro, Wonju-si, Gangwon-do",www.seowondang.kr
2018 평창올림픽 연계 대규모 수출상담회(BKF),aT 센터 / 제2전시장 A홀,2018,2,22,SINGSONG FOOD CORP.,장류,2009,"55, Busong 1-gil, Jiksan-eup, Seobuk-gu, Cheonan-si, Chungcheongnam-do, Republic of Korea",www.singsong.co.kr
2018 평창올림픽 연계 대규모 수출상담회(BKF),aT 센터 / 제2전시장 A홀,2018,2,22,"GYODONG FOOD CO.,LTD.","식품,축산물 가공업",1998,"181, Jiyong-ro, Okcheon-gun, Chungcheongbuk-do, Korea",www.howchon.com
2018 평창올림픽 연계 대규모 수출상담회(BKF),aT 센터 / 제2전시장 A홀,2018,2,22,minsoktteokmaeul,도소매,2014,,
2018 평창올림픽 연계 대규모 수출상담회(BKF),aT 센터 / 제2전시장 A홀,2018,2,22,JFOODSERVICE,식품제조*소분*무역,2010,,www.jfoodservice.com
2018 평창올림픽 연계 대규모 수출상담회(BKF),aT 센터 / 제2전시장 A홀,2018,2,22,"Lotte Chilsung Beverage Co.,Ltd.","청량음료, 식품, 주류",1950,"15, Seocho-daero 70-gil, Seocho-gu, Seoul, Republic of Korea",http://company.lottechilsung.co.kr/eng/product/juice.jsp?nPos=020202
2018 평창올림픽 연계 대규모 수출상담회(BKF),aT 센터 / 제2전시장 A홀,2018,2,22,"D&FOOD CO.,LTD.",식품.무역.전자상거래.임대업,2014,"23, Geomdan-ro 93beon-gil, Seo-gu, Incheon, Republic of Korea",jongilfood.com
2018 평창올림픽 연계 대규모 수출상담회(BKF),aT 센터 / 제2전시장 A홀,2018,2,22,MIMI FOOD,"조미식품, 절임식품",1988,"#89, Gwang Deok-gil, MunGwang-Myun, Goesan-Kun, Chung-Buk, KOREA",www.mimifood.com
2018 평창올림픽 연계 대규모 수출상담회(BKF),aT 센터 / 제2전시장 A홀,2018,2,22,BADA MYEONGGA,수산물가공업,2014,,www.wandomall.co.kr
2018 평창올림픽 연계 대규모 수출상담회(BKF),aT 센터 / 제2전시장 A홀,2018,2,22,onggojib,"식품가공(장류), 곡물, 야채, 청과",2006,"34, Seowang-gil, Seopo-ri, Napo-myeon, Gunsan-si, Jeollabuk-do",http://onggojib.koreasme.com
2018 평창올림픽 연계 대규모 수출상담회(BKF),aT 센터 / 제2전시장 A홀,2018,2,22,R&G CORPORATION,"무역, 농수산물가공식품",1985,"347 Daewangpangyo-ro, Bundang-gu, Seongnam-si Gyeonggi-do",www.assifood.co.kr
2018 평창올림픽 연계 대규모 수출상담회(BKF),aT 센터 / 제2전시장 A홀,2018,2,22,"KKOSUM Food Agricultural Co.,Ltd.",농산물가공,2016,,www.kkosum.com
2018 평창올림픽 연계 대규모 수출상담회(BKF),aT 센터 / 제2전시장 A홀,2018,2,22,D-FOOD,식육가공처리,2005,"20, Techno,Chungangdearo,yugamyeon,Dalseonggun,Daegu",http://momeuro.com/
2018 평창올림픽 연계 대규모 수출상담회(BKF),aT 센터 / 제2전시장 A홀,2018,2,22,GOODFOOD LLC,일반가공식품,1999,"198-99, UNHA-RO 101BUNGIL, EUNHEYON-MYEON,YANGJU-SI,GYEONGGI-DO",WWW.GOOD-FOOD.CO.KR
2018 평창올림픽 연계 대규모 수출상담회(BKF),aT 센터 / 제2전시장 A홀,2018,2,22,THREE C CORP.,"분유,커피크리머,커피,라면,스낵,음료,소스류",2001,"9, Nonhyeon-ro 81-gil, Gangnam-gu, Seoul",http://threec.kr
2018 평창올림픽 연계 대규모 수출상담회(BKF),aT 센터 / 제2전시장 A홀,2018,2,22,"Dairyzen Co.,Ltd.",제조업,1999,"170, Munmakgongdan-gil, Munmak-eup, Wonju-si, Gangwon-do, South Korea",www.dairyzen.co.kr
2018 평창올림픽 연계 대규모 수출상담회(BKF),aT 센터 / 제2전시장 A홀,2018,2,22,"[K19] I’M DNL CO., LTD",가공식품,2017,,www. younmifoods.com
2018 평창올림픽 연계 대규모 수출상담회(BKF),aT 센터 / 제2전시장 A홀,2018,2,22,"[K09] FINE FT CO., LTD","식품제조가공업, 식품첨가물제조업 등",2007,"3524, Charyeong-ro, Jeongan-myeon, Gongju-si, Chungcheongnam-do, 32511, South Korea",www.fineft.co.kr
2018 평창올림픽 연계 대규모 수출상담회(BKF),aT 센터 / 제2전시장 A홀,2018,2,22,Donghwa Food,젓갈,2002,"16-11, Nonggongdanji 2gil, Sokcho-si, Gangwon-do, Korea",www.donghwafood.co.kr / www.오마니젓갈.com
2018 평창올림픽 연계 대규모 수출상담회(BKF),aT 센터 / 제2전시장 A홀,2018,2,22,JANGSUFOOD,"제조,도소매",2006,"3,4F,38,SEOKNAM-RO,SEOGU,INCHEON,KOREA",www.jangsufood.net
2018 평창올림픽 연계 대규모 수출상담회(BKF),aT 센터 / 제2전시장 A홀,2018,2,22,jabez,"더덕,나물,잣,농산물,임산물",2014,"3202-9, Sogeumgang-ro, Sabuk-eup, Jeongseon-gun, Gangwon-do, Republic of Korea",www.jungsunmall.com
2018 평창올림픽 연계 대규모 수출상담회(BKF),aT 센터 / 제2전시장 A홀,2018,2,22,andong local food,농업 제조업,2017,"26, Yeongga-ro, Andong-si, Gyeongsangbuk-do, Republic of Korea",andonglocalfood.modoo.at
2018 평창올림픽 연계 대규모 수출상담회(BKF),aT 센터 / 제2전시장 A홀,2018,2,22,sunbongfood,식품가공업,2013,"31, Geomdan-ro 93beon-gil, Seo-gu, Incheon, Korea",www.sunbong.net
2018 평창올림픽 연계 대규모 수출상담회(BKF),aT 센터 / 제2전시장 A홀,2018,2,22,J&E CORPORATION,무역,1995,"Rm.610, A-dong,Bundang Techno Park, #697,Pangyo-ro,Bundang-gu,Seongnam-city,Gyeonggi-do,Korea",www.jnekorea.com
2018 평창올림픽 연계 대규모 수출상담회(BKF),aT 센터 / 제2전시장 A홀,2018,2,22,badaone,"건어물, 건어물 가공, 무역업",1995,"495 Dunchondae-Ro, Jungwon-Gu, Seongnam City, Kyunggi Province",www.badaone.co.kr
2018 평창올림픽 연계 대규모 수출상담회(BKF),aT 센터 / 제2전시장 A홀,2018,2,22,"SD KOREA Co.,Ltd",음료,2015,"957, Dongseo-daero, Seo-gu, Daejeon, Korea",www.sd-korea.co.kr
2018 평창올림픽 연계 대규모 수출상담회(BKF),aT 센터 / 제2전시장 A홀,2018,2,22,minsoktteokmaeul,도소매,2014,,
2018 평창올림픽 연계 대규모 수출상담회(BKF),aT 센터 / 제2전시장 A홀,2018,2,22,Charmfre,축산물가공,2012,,www.charmfre.co.kr
2018 평창올림픽 연계 대규모 수출상담회(BKF),aT 센터 / 제2전시장 A홀,2018,2,22,"[K19] I’M DNL CO., LTD",가공식품,2017,,www. younmifoods.com
2018 평창올림픽 연계 대규모 수출상담회(BKF),aT 센터 / 제2전시장 A홀,2018,2,22,DaeDo Food,제조업,2006,"72-24, Yangsuro-6gil, Okcheon-eup, Okcheon-gun, Chungbuk, 29035, Korea",N
2018 평창올림픽 연계 대규모 수출상담회(BKF),aT 센터 / 제2전시장 A홀,2018,2,22,"GYODONG FOOD CO.,LTD.","식품,축산물 가공업",1998,"181, Jiyong-ro, Okcheon-gun, Chungcheongbuk-do, Korea",www.howchon.com
2018 평창올림픽 연계 대규모 수출상담회(BKF),aT 센터 / 제2전시장 A홀,2018,2,22,NH Nonghyup,"유통, 물류",1964,"92, Tongil-ro, Jung-gu, Seoul",www.nonghyup.com
2018 평창올림픽 연계 대규모 수출상담회(BKF),aT 센터 / 제2전시장 A홀,2018,2,22,"SLOWMOMFOOD Co.,Ltd",제조업,2014,,slowmom.net
2018 평창올림픽 연계 대규모 수출상담회(BKF),aT 센터 / 제2전시장 A홀,2018,2,22,R&G CORPORATION,"무역, 농수산물가공식품",1985,"347 Daewangpangyo-ro, Bundang-gu, Seongnam-si Gyeonggi-do",www.assifood.co.kr
2018 평창올림픽 연계 대규모 수출상담회(BKF),aT 센터 / 제2전시장 A홀,2018,2,22,"DAMTUH F&B CO., LTD",제조업 도소매,2007,"538-46, Seungju-ro, Seungju-eup, Suncheon-si, Jeollanam-do",http://www.damtuh.com
2018 평창올림픽 연계 대규모 수출상담회(BKF),aT 센터 / 제2전시장 A홀,2018,2,22,arawoom,농수축산물가공업,2012,"506-16(Ocheon-dong)Mangyang-ro Road,Yeosu-si, Jeollanam-do Korea",http://webd19.webcan.gethompy.com/
2018 평창올림픽 연계 대규모 수출상담회(BKF),aT 센터 / 제2전시장 A홀,2018,2,22,SINGSONG FOOD CORP.,장류,2009,"55, Busong 1-gil, Jiksan-eup, Seobuk-gu, Cheonan-si, Chungcheongnam-do, Republic of Korea",www.singsong.co.kr
2018 평창올림픽 연계 대규모 수출상담회(BKF),aT 센터 / 제2전시장 A홀,2018,2,22,woorichan,"기타식료품, 기타수산물, 해조류, 무역업(수출입), 전자상거래업",2003,"10, 42beon-gil, Bodojinro. Seo-gu, Incheon, Korea",www.woorichan.com
2018 평창올림픽 연계 대규모 수출상담회(BKF),aT 센터 / 제2전시장 A홀,2018,2,22,HAENAEUM,식품,2015,"69, Seonju-ro, Gyeyang-gu, Incheon, Republic of Korea",haenaeum.co.kr
2018 평창올림픽 연계 대규모 수출상담회(BKF),aT 센터 / 제2전시장 A홀,2018,2,22,"worldfood co.,ltd",도매업및소매업,2000,"45-78, yonggu-dae",www.murgerbon.com
2018 평창올림픽 연계 대규모 수출상담회(BKF),aT 센터 / 제2전시장 A홀,2018,2,22,"BAEKJE CORPORATION CO., LTD.","면류,떡류 제조업체",2010,"209-7, OSEO-GIL, GWANGCHEON-EUP, HONGSEONG-GUN, CHUNGCHEONGNAM-DO, KOREA 322285",www.bj1978.com
2018 평창올림픽 연계 대규모 수출상담회(BKF),aT 센터 / 제2전시장 A홀,2018,2,22,[K07] DESIGNNONGBOO CO LTD,"도소매, 제조업",2011,"1-130, Dogang-gil, Deokjin-gu, Jeonju-si, Jeollabuk-do",www.designnongboo.com
2018 평창올림픽 연계 대규모 수출상담회(BKF),aT 센터 / 제2전시장 A홀,2018,2,22,OKF CORPORATION,"식품,식품무역,무역(수출입업),수출대행업",1990,"54, Hakdong-ro 21-gil, Gangnam-gu, Seoul",www.okf.kr
2018 평창올림픽 연계 대규모 수출상담회(BKF),aT 센터 / 제2전시장 A홀,2018,2,22,ChuniL Foods Co.,제조업,1974,"7-19, Gangnam-daero 27-gil, Seocho-gu, Seoul",www.chunilfood.co.kr
2018 평창올림픽 연계 대규모 수출상담회(BKF),aT 센터 / 제2전시장 A홀,2018,2,22,"wellfarm co., ltd",식품,2002,"87 Geumil-ro, 546beon-gil, Geumwang-eup, Eumgseong Gun, Chungcheongbuk-do, South Korea",www.well-farm.co.kr
2018 평창올림픽 연계 대규모 수출상담회(BKF),aT 센터 / 제2전시장 A홀,2018,2,22,MoonGyeong Omija Valley Co.,제조및 생산,2009,2371-5 Yeowoomok-ro Dongro-ro Munkyeong-si Gyeongsangbuk-do,www.omijamall.co.kr
2018 평창올림픽 연계 대규모 수출상담회(BKF),aT 센터 / 제2전시장 A홀,2018,2,22,"GREEN VIL CO., LTD.",무역,2009,"#701, 40 Technosangeop-Ro, Hyeonpoong-Myeon, Dalseong-Gun, Daegu, Korea, 43017",https://www.greenvil.co/
2018 평창올림픽 연계 대규모 수출상담회(BKF),aT 센터 / 제2전시장 A홀,2018,2,22,GoodMorningKorea,한국 농산물,2009,"604, Cheonho-daero, Gwangjin-gu, Seoul",
2018 평창올림픽 연계 대규모 수출상담회(BKF),aT 센터 / 제2전시장 A홀,2018,2,22,"[K19] I’M DNL CO., LTD",가공식품,2017,,www. younmifoods.com
2018 평창올림픽 연계 대규모 수출상담회(BKF),aT 센터 / 제2전시장 A홀,2018,2,22,BJ SINGICHOUNG,"식품제조가공, 통신판매",2013,"115, Durumi-ro, Galmal-eup, Cheorwon-gun, Gangwon-do, Korea",www.day100.net
2018 평창올림픽 연계 대규모 수출상담회(BKF),aT 센터 / 제2전시장 A홀,2018,2,22,"AROMAVILLE COFFEE CO.,LTD.",커피 및 국산차 가공업,2001,"23, Seohae-ro 987beon-gil, Paltan-myeon, Hwaseong-si, Gyeonggi-do, Republic of Korea",www.handrip.com
2018 평창올림픽 연계 대규모 수출상담회(BKF),aT 센터 / 제2전시장 A홀,2018,2,22,Yellow Sea Fisheri Food Ltd,제조업,2015,"499-46, Chungseo-ro, Gwangcheon-eup, Hongseong-gun, Chungcheongnam-do",없음
2018 평창올림픽 연계 대규모 수출상담회(BKF),aT 센터 / 제2전시장 A홀,2018,2,22,Handok Inc.,제조업,1958,"132 Teheranro, Gangnam-gu, Seoul",http://www.handok.co.kr/
2018 평창올림픽 연계 대규모 수출상담회(BKF),aT 센터 / 제2전시장 A홀,2018,2,22,GOODFOOD LLC,일반가공식품,1999,"198-99, UNHA-RO 101BUNGIL, EUNHEYON-MYEON,YANGJU-SI,GYEONGGI-DO",WWW.GOOD-FOOD.CO.KR
2018 평창올림픽 연계 대규모 수출상담회(BKF),aT 센터 / 제2전시장 A홀,2018,2,22,"YOUNG POONG CO.,LTD",농식품가공,1993,"64, Seongseogongdanbuk-ro, Dalseo-gu, Daegu, 42712, KOREA",http://www.ypfoods.co.kr
2018 평창올림픽 연계 대규모 수출상담회(BKF),aT 센터 / 제2전시장 A홀,2018,2,22,SAMJIN GLOBALNET,"무역업, 임대",1970,"562, Samseong-ro, Gangnam-gu, Seoul, Republic of Korea",http://www.wangfood.com/
2018 평창올림픽 연계 대규모 수출상담회(BKF),aT 센터 / 제2전시장 A홀,2018,2,22,"JJF CO.,LTD",수출입무역,2000,"222-2, Wolgak-ro, Hallim-eup, Jeju-si, Jeju-do, 695-291",www.jjfkorea.co.kr
2018 평창올림픽 연계 대규모 수출상담회(BKF),aT 센터 / 제2전시장 A홀,2018,2,22,Korean pears cooperative union,농업,2012,"218, Dusan-gil, Munsan-eup, Jinju-si, Gyeongsangnam-do",N
2018 평창올림픽 연계 대규모 수출상담회(BKF),aT 센터 / 제2전시장 A홀,2018,2,22,LEE'S Marketing INC,"무역,농수산물외",2007,"508-33, Seolga-ro, Seolseong-myeon, Icheon-si, Gyeonggi-do, Republic of Korea",http://wellplus.co.kr/
2018 평창올림픽 연계 대규모 수출상담회(BKF),aT 센터 / 제2전시장 A홀,2018,2,22,SAMIK MARKETING,"도소매무역,제조",2017,"101-1206(SangIn -Dong DongHwa APT),SangIn Seoro 94,DalSeoGu,DaeGu,Korea",N
2018 평창올림픽 연계 대규모 수출상담회(BKF),aT 센터 / 제2전시장 A홀,2018,2,22,"DAMO CO., LTD.","식품가공업, 기타무역업",2007,135 ANSIN-RO ANGYE-MYEON UISEONG-GUN GYEONGSANGBUK-DO KOREA,www.damofood.net
2018 평창올림픽 연계 대규모 수출상담회(BKF),aT 센터 / 제2전시장 A홀,2018,2,22,GYEONG BUK CORPORATION,도소매,1994,"76-6, HYEONNAE-GIL, JILLYANG-EUP, GYEONGSAN-SI, GYEONGSANGBUK-DO, KOREA",www.gbci.co.kr
2018 평창올림픽 연계 대규모 수출상담회(BKF),aT 센터 / 제2전시장 A홀,2018,2,22,[K08] EVERGOOD CORPORATION,"무역(농산물),농산물",2009,,N
2018 평창올림픽 연계 대규모 수출상담회(BKF),aT 센터 / 제2전시장 A홀,2018,2,22,"HURUM CO.,LTD","식품,잡화,무역",1995,"115, Gasan digital 2-ro, Geumcheon-gu, Seoul",hurumcorp.com/
2018 평창올림픽 연계 대규모 수출상담회(BKF),aT 센터 / 제2전시장 A홀,2018,2,22,Eromglobal,"무역, 농산물, 건강식품",2015,"111, Toegyenonggong-ro, Chuncheon-si, Gangwon-do, Republic of Korea",
2018 평창올림픽 연계 대규모 수출상담회(BKF),aT 센터 / 제2전시장 A홀,2018,2,22,"AROMAVILLE COFFEE CO.,LTD.",커피 및 국산차 가공업,2001,"23, Seohae-ro 987beon-gil, Paltan-myeon, Hwaseong-si, Gyeonggi-do, Republic of Korea",www.handrip.com
2018 평창올림픽 연계 대규모 수출상담회(BKF),aT 센터 / 제2전시장 A홀,2018,2,22,Jayeon Farm Farming Corp.,"작물재배업, 들기름, 과일, 채소",2016,"37-16, Yeongju-ro 60beon-gil, Yeongju-si, Gyeongsangbuk-do, 36136, Rep. of KOREA",omega3oil.kr
2018 평창올림픽 연계 대규모 수출상담회(BKF),aT 센터 / 제2전시장 A홀,2018,2,22,YAKSEONFOOD AGRICULTURAL CO. LTD,식품제조업/연구개발,2011,"1306 Gyeondong-ro, Andong-si,Gyeongsangbuk-do,KOREA",www.yakseonfood.com
2018 평창올림픽 연계 대규모 수출상담회(BKF),aT 센터 / 제2전시장 A홀,2018,2,22,"JARO CO., LTD.","커피가공업, 인삼가공품",2011,"#213 Campany Support dong, 30-5, Dongsunonggongdanji-gil, Naju-si, Jeollanam-do",www.jaro.co.kr
2018 평창올림픽 연계 대규모 수출상담회(BKF),aT 센터 / 제2전시장 A홀,2018,2,22,"[K09] FINE FT CO., LTD","식품제조가공업, 식품첨가물제조업 등",2007,"3524, Charyeong-ro, Jeongan-myeon, Gongju-si, Chungcheongnam-do, 32511, South Korea",www.fineft.co.kr
2018 평창올림픽 연계 대규모 수출상담회(BKF),aT 센터 / 제2전시장 A홀,2018,2,22,J&E CORPORATION,무역,1995,"Rm.610, A-dong,Bundang Techno Park, #697,Pangyo-ro,Bundang-gu,Seongnam-city,Gyeonggi-do,Korea",www.jnekorea.com
2018 평창올림픽 연계 대규모 수출상담회(BKF),aT 센터 / 제2전시장 A홀,2018,2,22,Maniker F&G,육가공품 외,2004,"36-2, Baegok-daero 144beon-gil, Idong-eup, Cheoin-gu, Yongin-si, Gyeonggi-do, Republic of Korea",www.manikerfng.com
2018 평창올림픽 연계 대규모 수출상담회(BKF),aT 센터 / 제2전시장 A홀,2018,2,22,Oyangfoods co.,"제조,도매, 소매",2003,"34, Jangin-ro, Sasang-gu, Busan, Korea.",www.oyangfood.com
2018 평창올림픽 연계 대규모 수출상담회(BKF),aT 센터 / 제2전시장 A홀,2018,2,22,"petit ami co.,ltd",식품제조,2012,,www.pamifree.com
2018 평창올림픽 연계 대규모 수출상담회(BKF),aT 센터 / 제2전시장 A홀,2018,2,22,J&E CORPORATION,무역,1995,"Rm.610, A-dong,Bundang Techno Park, #697,Pangyo-ro,Bundang-gu,Seongnam-city,Gyeonggi-do,Korea",www.jnekorea.com
2018 평창올림픽 연계 대규모 수출상담회(BKF),aT 센터 / 제2전시장 A홀,2018,2,22,Haegarden,기타식품,2002,"504-2 Yongdoodaero 36angil, Bongyangup, Jecheoncity, Choongbook",www.haegarden.com
2018 평창올림픽 연계 대규모 수출상담회(BKF),aT 센터 / 제2전시장 A홀,2018,2,22,NEXTURE E-ONE CO LTD,"식품, 수출업",2007,"1F 7, Jegi-Ro, Dongdaemun-Gu, Seoul, Korea",www.nextureone.com
2018 평창올림픽 연계 대규모 수출상담회(BKF),aT 센터 / 제2전시장 A홀,2018,2,22,"Samcheok Dongja Yack Doraji, Corp.","도라지 재배, 돌배 및 마늘 가공판매",2011,2222 Baeckdudaegan-ro Hajang-myeon Samcheok-si Gangwon-do,
2018 평창올림픽 연계 대규모 수출상담회(BKF),aT 센터 / 제2전시장 A홀,2018,2,22,"TAEKWAN CO.,LTD.",도소매업(무역),2002,"#401, Jungwoo BLDG, 178, Injung-ro, Jung-gu, Incheon, Korea",www.taekwan.co.kr
2018 평창올림픽 연계 대규모 수출상담회(BKF),aT 센터 / 제2전시장 A홀,2018,2,22,ivycoffee,커피가공,2014,pyeong taek,www.cafemano.net
2018 평창올림픽 연계 대규모 수출상담회(BKF),aT 센터 / 제2전시장 A홀,2018,2,22,WINWINFISH CORP.,농수산물가공품,2001,"20, Jungang-ro 378beon-gil, Yangpyeong-eup, Yangpyeong-gun, Gyeonggi-do",www.winwinfish.com
2018 평창올림픽 연계 대규모 수출상담회(BKF),aT 센터 / 제2전시장 A홀,2018,2,22,haedamsusan cooperative,수산물가공,2015,"39, Sindong-ro 2-gil, Jicheon-myeon, Chilgok-gun, Gyeongsangbuk-do, Republic of Korea",www.haedamsusan.co.kr
2018 평창올림픽 연계 대규모 수출상담회(BKF),aT 센터 / 제2전시장 A홀,2018,2,22,BIFIDO,유산균 외,1999,"23-16 Nonggongdanji-gil, Hongcheon-eup, Hongcheon-gun, Gangwon-do, 25117, Republic of Korea",www.bifido.com
2018 평창올림픽 연계 대규모 수출상담회(BKF),aT 센터 / 제2전시장 A홀,2018,2,22,"Youn Sun Ae Cactut co.,Ltd",식품제조가공,2015,"1795-2, Donghae-daero, Heunghae-eup, Buk-gu, Pohang-si, Gyeongsangbuk-do, Republic of Korea","www,100nc.com"
2018 평창올림픽 연계 대규모 수출상담회(BKF),aT 센터 / 제2전시장 A홀,2018,2,22,Sunyoung Food,"과자류, 코코아 가공 및 초콜릿",2013,"784, Seongnam-ro, Susin-myeon, Dongnam-gu, Cheonan-si, Chungcheongnam-do, Korea",sy-food.co.kr
2018 평창올림픽 연계 대규모 수출상담회(BKF),aT 센터 / 제2전시장 A홀,2018,2,22,"worldfood co.,ltd",도매업및소매업,2000,"45-78, yonggu-dae",www.murgerbon.com
2018 평창올림픽 연계 대규모 수출상담회(BKF),aT 센터 / 제2전시장 A홀,2018,2,22,"[K05] CHOLOCWON CO., LTD.",다류,2000,"45-15, Pyeongsa 1-gil, Jillyang-eup, Gyeongsan-si, Gyeongsangbuk-do, Korea, 38455",www.cholocwon.com
2018 평창올림픽 연계 대규모 수출상담회(BKF),aT 센터 / 제2전시장 A홀,2018,2,22,BETHEL FOOD FARMING ASSOCIATION CORP.,다류 기타 식물류 제조 가공,2014,"363-21,Baengnyeong-ro,Baengnyeong-myeon,Ongjin-gun,Incheon KOREA",www.ssukhealth.com
2018 평창올림픽 연계 대규모 수출상담회(BKF),aT 센터 / 제2전시장 A홀,2018,2,22,sunbongfood,식품가공업,2013,"31, Geomdan-ro 93beon-gil, Seo-gu, Incheon, Korea",www.sunbong.net
2018 평창올림픽 연계 대규모 수출상담회(BKF),aT 센터 / 제2전시장 A홀,2018,2,22,"NATURE FARM Agriculture Co. ,Ltd",농산물유통판매,2010,"257-18, Haksantopyeong-gil, Hwayang-eup, Cheongdo-gun, Gyeongsangbuk-do, Korea",www.nfdry.com
2018 평창올림픽 연계 대규모 수출상담회(BKF),aT 센터 / 제2전시장 A홀,2018,2,22,Oyangfoods co.,"제조,도매, 소매",2003,"34, Jangin-ro, Sasang-gu, Busan, Korea.",www.oyangfood.com
2018 평창올림픽 연계 대규모 수출상담회(BKF),aT 센터 / 제2전시장 A홀,2018,2,22,NH Nonghyup,"유통, 물류",1964,"92, Tongil-ro, Jung-gu, Seoul",www.nonghyup.com
2018 평창올림픽 연계 대규모 수출상담회(BKF),aT 센터 / 제2전시장 A홀,2018,2,22,"Gloway Co., Ltd.",농산물 및 농산가공품 수출입업,2013,"40, Dongchundang-Ro, 3Beon-Gil, Daedeok-Gu, Daejeon, Korea",www.src3.com
2018 평창올림픽 연계 대규모 수출상담회(BKF),aT 센터 / 제2전시장 A홀,2018,2,22,"MIWAMI CO., LTD",다류 수출업 무역,2009,"840-1 Noam-dong, Namwon-si, Jeollabuk-do, Korea",www.miwami.com
2018 평창올림픽 연계 대규모 수출상담회(BKF),aT 센터 / 제2전시장 A홀,2018,2,22,"MORE CO., LTD.",식품 가공,2006,"113,DODONGGUYEOK-GIL,YEONGCHEON-SI,GYEONGSANGBUK-DO,KOREA",morecorp.co.kr
2018 평창올림픽 연계 대규모 수출상담회(BKF),aT 센터 / 제2전시장 A홀,2018,2,22,"[K26] PALDO CO., LTD","면, 음료 제조",1969,"577 GANGNAMDAERO, SEOCHO-GU, SEOUL, KOREA",www.paldofood.com
2018 평창올림픽 연계 대규모 수출상담회(BKF),aT 센터 / 제2전시장 A홀,2018,2,22,SAMJIN GLOBALNET,"무역업, 임대",1970,"562, Samseong-ro, Gangnam-gu, Seoul, Republic of Korea",http://www.wangfood.com/
2018 평창올림픽 연계 대규모 수출상담회(BKF),aT 센터 / 제2전시장 A홀,2018,2,22,"Agricultral Corporation Cheongdo Wongam Co.,Ltd",제조업,2016,"574, Saemaeul-ro, Cheongdo-eup, Cheongdo-gun, Gyeongsangbuk-do, Republic of Korea",www.wongam.co.kr
2018 평창올림픽 연계 대규모 수출상담회(BKF),aT 센터 / 제2전시장 A홀,2018,2,22,Agricultural Corporation GROWTHDIGM F&B,"농산물가공, 농식품판매",2016,"F 150, Food Venture Center, Kore",growthdigm.com
재외공관 연계 신규바이어 초청 비즈니스 상담회,aT센터 5층 대회의실,2018,6,5,RAON,무역,2017,50 Misagangbyendongro Hanam si Gyeonggi do,
재외공관 연계 신규바이어 초청 비즈니스 상담회,aT센터 5층 대회의실,2018,6,5,RAON,무역,2017,50 Misagangbyendongro Hanam si Gyeonggi do,
재외공관 연계 신규바이어 초청 비즈니스 상담회,aT센터 5층 대회의실,2018,6,5,mereal co,식품제조,2013,"30, Chadong-gil, Yongsan-myeon, Jangheung-gun, Jeollanam-do",www.mereal.kr
재외공관 연계 신규바이어 초청 비즈니스 상담회,aT센터 5층 대회의실,2018,6,5,Korea Ginseng Corp.,홍삼 및 홍삼제품등,1999,"71, Beotkkot-gil, Daedeok-gu, Daejeon City, Korea",www.kgc.co.kr
재외공관 연계 신규바이어 초청 비즈니스 상담회,aT센터 5층 대회의실,2018,6,5,SD Korea,제조.유통업,2015,"70, Baksan-ro, Yuseong-gu, Daejeon",www.sd-korea.co.kr
재외공관 연계 신규바이어 초청 비즈니스 상담회,aT센터 5층 대회의실,2018,6,5,GYEONG BUK CORPORATION,도소매,1994,"76-6, HYEONNAE-GIL, JILLYANG-EUP, GYEONGSAN-SI, GYEONGSANGBUK-DO, KOREA",www.gbci.co.kr
재외공관 연계 신규바이어 초청 비즈니스 상담회,aT센터 5층 대회의실,2018,6,5,[K08] EVERGOOD CORPORATION,"무역(농산물),농산물",2009,,N
재외공관 연계 신규바이어 초청 비즈니스 상담회,aT센터 5층 대회의실,2018,6,5,Hankook Tea Co.,차류,1951,,www.hankooktea.co.kr
재외공관 연계 신규바이어 초청 비즈니스 상담회,aT센터 5층 대회의실,2018,6,5,[K32] TULIP INTERNATIONAL INC.,"기타식품, 무역, 제조",1999,"37, Teheran-ro 87-gil, Gangnam-gu, Seoul",www.tulipint.com
재외공관 연계 신규바이어 초청 비즈니스 상담회,aT센터 5층 대회의실,2018,6,5,"[K13] GOOD MORNING KOREA CO., LTD","무역업,농산물유통,판매",2009,"604, Cheonho-daero, Gwangjin-gu, Seoul",gmkfresh.com
재외공관 연계 신규바이어 초청 비즈니스 상담회,aT센터 5층 대회의실,2018,6,5,"AROMAVILLE COFFEE CO.,LTD.",커피 및 국산차 가공업,2001,"23, Seohae-ro 987beon-gil, Paltan-myeon, Hwaseong-si, Gyeonggi-do, Republic of Korea",www.handrip.com
재외공관 연계 신규바이어 초청 비즈니스 상담회,aT센터 5층 대회의실,2018,6,5,ORIENTAL F&B,무역,2011,"11, Beobwon-ro 11-gil, Songpa-gu, Seoul",www.orientalfnb.com
재외공관 연계 신규바이어 초청 비즈니스 상담회,aT센터 5층 대회의실,2018,6,5,[K32] TULIP INTERNATIONAL INC.,"기타식품, 무역, 제조",1999,"37, Teheran-ro 87-gil, Gangnam-gu, Seoul",www.tulipint.com
재외공관 연계 신규바이어 초청 비즈니스 상담회,aT센터 5층 대회의실,2018,6,5,Link Bridge International,무역 등,2016,"122, Saechang-ro, Yongsan-gu, Seoul",
재외공관 연계 신규바이어 초청 비즈니스 상담회,aT센터 5층 대회의실,2018,6,5,"HANSUNG FOOD CO ., LTD","제조, 도소매, 무역",1986,"9-10, Ojeong-ro 134 Beon-gil, Ojeong-gu, Bucheon-si, Gyeonggi-do, KOREA",www.hskimchi.co.kr
재외공관 연계 신규바이어 초청 비즈니스 상담회,aT센터 5층 대회의실,2018,6,5,DOYAGIFOOD Co.Ltd,식육가공처리,1993,"20, Techno Chungangdaero, yugamyeon, Dalseonggun, Daegu",http://momeuro.com/
재외공관 연계 신규바이어 초청 비즈니스 상담회,aT센터 5층 대회의실,2018,6,5,DaeDo Food,제조업,1999,Chungbuk okcheon yangsuro6gil 72-24,N
재외공관 연계 신규바이어 초청 비즈니스 상담회,aT센터 5층 대회의실,2018,6,5,"AROMAVILLE COFFEE CO.,LTD.",커피 및 국산차 가공업,2001,"23, Seohae-ro 987beon-gil, Paltan-myeon, Hwaseong-si, Gyeonggi-do, Republic of Korea",www.handrip.com
재외공관 연계 신규바이어 초청 비즈니스 상담회,aT센터 5층 대회의실,2018,6,5,"Sejong Brewing Co.,Ltd.","탁주, 약주, 증류식소주, 리큐르주, 기타주류",2007,"5-2, sacheon-ro 18beon-gil, cheongwon-gu, cheongju-si, chungcheongbuk-do, korea",http://www.sejongricewine.com
재외공관 연계 신규바이어 초청 비즈니스 상담회,aT센터 5층 대회의실,2018,6,5,"Rima Global Co., LTD","농,축,수산물가공및 판매 수출",2004,"59-16 Maegok-gil, Wungpo-myeon, Iksan-si, Jeonrabukdo, Korea",
재외공관 연계 신규바이어 초청 비즈니스 상담회,aT센터 5층 대회의실,2018,6,5,Korea Ginseng Corp.,홍삼 및 홍삼제품등,1999,"71, Beotkkot-gil, Daedeok-gu, Daejeon City, Korea",www.kgc.co.kr
재외공관 연계 신규바이어 초청 비즈니스 상담회,aT센터 5층 대회의실,2018,6,5,"Dajung Co., Ltd.",인삼류,1996,"371, JANGSU-RO, IWOL-MYEON, JINCHEON-GUN, CHUNGBUK, 27819 REPUBLIC OF KOREA",www.kgs.ne.kr
재외공관 연계 신규바이어 초청 비즈니스 상담회,aT센터 5층 대회의실,2018,6,5,SAMBUJACOMPANY,"조미김,신선농산물",2016,"79, Sangjanggonwit-rd, Seosu-myeon,Gunsan-city",www.sbjcompany.com
재외공관 연계 신규바이어 초청 비즈니스 상담회,aT센터 5층 대회의실,2018,6,5,H&P INTERNATIONAL,도소매 무역,2011,,www.hnpinternational.com
재외공관 연계 신규바이어 초청 비즈니스 상담회,aT센터 5층 대회의실,2018,6,5,[K24] NATUREGANIC SEOWON CORPORATION,제조,2017,"(12773) 17-99, Opo-ro 171beon-gil, Opo-eup, Gwangju-si, Gyeonggi-do, Republic of Korea",www.berrykle.com
재외공관 연계 신규바이어 초청 비즈니스 상담회,aT센터 5층 대회의실,2018,6,5,"[K13] GOOD MORNING KOREA CO., LTD","무역업,농산물유통,판매",2009,"604, Cheonho-daero, Gwangjin-gu, Seoul",gmkfresh.com
재외공관 연계 신규바이어 초청 비즈니스 상담회,aT센터 5층 대회의실,2018,6,5,"BOSUNGILUKJOKOREA CO.,LTD","제조업, 무역업, 소매업 (김치 및 절임식품)",2004,,N
재외공관 연계 신규바이어 초청 비즈니스 상담회,aT센터 5층 대회의실,2018,6,5,"DAEDONG KOREA GINSENG CO.,LTD",홍삼제품,2002,,www.ddkorea.co.kr
재외공관 연계 신규바이어 초청 비즈니스 상담회,aT센터 5층 대회의실,2018,6,5,Punggi Premium Goods Agricultural Cooperative,"인삼제품, 홍삼제품",1995,"1118, Jungnyeong-ro, Punggi-eup, Yeongju-si, Gyeongsangbuk-do, Republic of Korea",
재외공관 연계 신규바이어 초청 비즈니스 상담회,aT센터 5층 대회의실,2018,6,5,DOYAGIFOOD Co.Ltd,식육가공처리,1993,"20, Techno Chungangdaero, yugamyeon, Dalseonggun, Daegu",http://momeuro.com/
재외공관 연계 신규바이어 초청 비즈니스 상담회,aT센터 5층 대회의실,2018,6,5,"HANMIRAE FOOD CO., LTD","도소매,제조업,무역",2013,"No, 9-61, Yeongdong-gil,Hamchang-eup, Sangju city, Gyeongsangbuk-do, Korea",http://hanmirae.kr
재외공관 연계 신규바이어 초청 비즈니스 상담회,aT센터 5층 대회의실,2018,6,5,"ASIAN FOOD SERVICE CO.,LTD","수출입업,무역업",2015,"Geumjeong Hiview 305, 153-8, LS-ro Gunpo-si, Gyeonggi-do, Republic of Korea (Zip:435-805)",www.asianfoods.co.kr
재외공관 연계 신규바이어 초청 비즈니스 상담회,aT센터 5층 대회의실,2018,6,5,"YILIP INTERNATIONAL CO., LTD.",신선농산물 무역,2015,"Room 101, 12-1 Naesammi-ro 80beon-gil, Osan-si, Gyeonggi-do, Rep. of Korea, 18114",http://www.yilip.net
재외공관 연계 신규바이어 초청 비즈니스 상담회,aT센터 5층 대회의실,2018,6,5,Flanet INC,무역 경영컨설팅업,2012,"16, Dosan-daero 53-gil, Gangnam-gu, Seoul",N
재외공관 연계 신규바이어 초청 비즈니스 상담회,aT센터 5층 대회의실,2018,6,5,"Dajung Co., Ltd.",인삼류,1996,"371, JANGSU-RO, IWOL-MYEON, JINCHEON-GUN, CHUNGBUK, 27819 REPUBLIC OF KOREA",www.kgs.ne.kr
재외공관 연계 신규바이어 초청 비즈니스 상담회,aT센터 5층 대회의실,2018,6,5,Korea Ginseng Corp.,홍삼 및 홍삼제품등,1999,"71, Beotkkot-gil, Daedeok-gu, Daejeon City, Korea",www.kgc.co.kr
재외공관 연계 신규바이어 초청 비즈니스 상담회,aT센터 5층 대회의실,2018,6,5,"DAEDONG KOREA GINSENG CO.,LTD",홍삼제품,2002,,www.ddkorea.co.kr
재외공관 연계 신규바이어 초청 비즈니스 상담회,aT센터 5층 대회의실,2018,6,5,Daeheung,"농임산물가공,농임산물",2008,"180 Daebu-gil, Jillang-eup, Gyengsan-si, Gyengsang-buk-do, REP KOREA",www.alalri.co.kr
재외공관 연계 신규바이어 초청 비즈니스 상담회,aT센터 5층 대회의실,2018,6,5,MyungSung Agricultural Corporation,농산물,2003,,
재외공관 연계 신규바이어 초청 비즈니스 상담회,aT센터 5층 대회의실,2018,6,5,Daeheung,"농임산물가공,농임산물",2008,"180 Daebu-gil, Jillang-eup, Gyengsan-si, Gyengsang-buk-do, REP KOREA",www.alalri.co.kr
재외공관 연계 신규바이어 초청 비즈니스 상담회,aT센터 5층 대회의실,2018,6,5,H&P INTERNATIONAL,도소매 무역,2011,,www.hnpinternational.com
재외공관 연계 신규바이어 초청 비즈니스 상담회,aT센터 5층 대회의실,2018,6,5,NH TRADING,"무역,주류수출,축산물수입판매,농수산물,오퍼상",1990,"7, Olympic-ro 48-gil, Gangdong-gu, Seoul, Republic of Korea",
재외공관 연계 신규바이어 초청 비즈니스 상담회,aT센터 5층 대회의실,2018,6,5,Donghwa Food,"젓갈, 건어물",2002,"16-11, Nonggongdanji 2gil, Sokcho-si, Gangwon-do, Korea","www.donghwafood.co.kr,www.오마니적갈.com"
재외공관 연계 신규바이어 초청 비즈니스 상담회,aT센터 5층 대회의실,2018,6,5,Haegarden,기타식품,2002,"6, Samseong-ro 96-gil, Gangnam-gu, Seoul",www.haegarden.com
재외공관 연계 신규바이어 초청 비즈니스 상담회,aT센터 5층 대회의실,2018,6,5,KEUMKANG B&F,청량음료외,1988,"106, Dusan-gil, Chungju-si, Chungcheongbuk-do, Republic of Korea 27461",http://keumkangbnf.com/
재외공관 연계 신규바이어 초청 비즈니스 상담회,aT센터 5층 대회의실,2018,6,5,jinheungfood,김,2005,"1225-63, Gyeongchung-daero, Chowol-eup, Gwangju-si, Gyeonggi-do",www.sjhfood.co.kr
재외공관 연계 신규바이어 초청 비즈니스 상담회,aT센터 5층 대회의실,2018,6,5,JAEWON GLOBAL NET,"가공식품 제조, 도매",2007,"87, Cheongbaengni-ro 697beon-gil, Baeksa-myeon, Icheon-si, Gyeonggi-do",www.goodandwell.co.kr
재외공관 연계 신규바이어 초청 비즈니스 상담회,aT센터 5층 대회의실,2018,6,5,SD Korea,제조.유통업,2015,"70, Baksan-ro, Yuseong-gu, Daejeon",www.sd-korea.co.kr
재외공관 연계 신규바이어 초청 비즈니스 상담회,aT센터 5층 대회의실,2018,6,5,MUNGYEONG MISO CO. LTD.,식품제조,2013,"597, Sandong-ro, Sanyang-myeon, Mungyeong-si, Gyeongsangbuk-do, REPUBLIC OF KOREA",www.easternsmile.com
재외공관 연계 신규바이어 초청 비즈니스 상담회,aT센터 5층 대회의실,2018,6,5,Quali Korea Corp.,"수출입업무,수출대행업,오퍼",2015,"52, Achasan-ro 15-gil, Seongdong-gu, Seoul",www.qkc.co.kr
재외공관 연계 신규바이어 초청 비즈니스 상담회,aT센터 5층 대회의실,2018,6,5,Punggi Premium Goods Agricultural Cooperative,"인삼제품, 홍삼제품",1995,"1118, Jungnyeong-ro, Punggi-eup, Yeongju-si, Gyeongsangbuk-do, Republic of Korea",
재외공관 연계 신규바이어 초청 비즈니스 상담회,aT센터 5층 대회의실,2018,6,5,jinheungfood,김,2005,"1225-63, Gyeongchung-daero, Chowol-eup, Gwangju-si, Gyeonggi-do",www.sjhfood.co.kr
재외공관 연계 신규바이어 초청 비즈니스 상담회,aT센터 5층 대회의실,2018,6,5,leegojang food,"식품, 드레싱",2014,"17, Gosapyeong 7-gil, Wansan-gu, Jeonju-si, Jeollabuk-do, Korea",www.lkfood.co.kr
재외공관 연계 신규바이어 초청 비즈니스 상담회,aT센터 5층 대회의실,2018,6,5,"Sejong Brewing Co.,Ltd.","탁주, 약주, 증류식소주, 리큐르주, 기타주류",2007,"5-2, sacheon-ro 18beon-gil, cheongwon-gu, cheongju-si, chungcheongbuk-do, korea",http://www.sejongricewine.com
재외공관 연계 신규바이어 초청 비즈니스 상담회,aT센터 5층 대회의실,2018,6,5,"YILIP INTERNATIONAL CO., LTD.",신선농산물 무역,2015,"Room 101, 12-1 Naesammi-ro 80beon-gil, Osan-si, Gyeonggi-do, Rep. of Korea, 18114",http://www.yilip.net
재외공관 연계 신규바이어 초청 비즈니스 상담회,aT센터 5층 대회의실,2018,6,5,"MORE CO., LTD.",식품 가공,2006,"113,DODONGGUYEOK-GIL,YEONGCHEON-SI,GYEONGSANGBUK-DO,KOREA",morecorp.co.kr
재외공관 연계 신규바이어 초청 비즈니스 상담회,aT센터 5층 대회의실,2018,6,5,"BOSUNGILUKJOKOREA CO.,LTD","제조업, 무역업, 소매업 (김치 및 절임식품)",2004,,N
재외공관 연계 신규바이어 초청 비즈니스 상담회,aT센터 5층 대회의실,2018,6,5,Daeheung,"농임산물가공,농임산물",2008,"180 Daebu-gil, Jillang-eup, Gyengsan-si, Gyengsang-buk-do, REP KOREA",www.alalri.co.kr
재외공관 연계 신규바이어 초청 비즈니스 상담회,aT센터 5층 대회의실,2018,6,5,KEUMKANG B&F,청량음료외,1988,"106, Dusan-gil, Chungju-si, Chungcheongbuk-do, Republic of Korea 27461",http://keumkangbnf.com/
재외공관 연계 신규바이어 초청 비즈니스 상담회,aT센터 5층 대회의실,2018,6,5,Haegarden,기타식품,2002,"6, Samseong-ro 96-gil, Gangnam-gu, Seoul",www.haegarden.com
재외공관 연계 신규바이어 초청 비즈니스 상담회,aT센터 5층 대회의실,2018,6,5,"HANSUNG FOOD CO ., LTD","제조, 도소매, 무역",1986,"9-10, Ojeong-ro 134 Beon-gil, Ojeong-gu, Bucheon-si, Gyeonggi-do, KOREA",www.hskimchi.co.kr
재외공관 연계 신규바이어 초청 비즈니스 상담회,aT센터 5층 대회의실,2018,6,5,Flanet INC,무역 경영컨설팅업,2012,"16, Dosan-daero 53-gil, Gangnam-gu, Seoul",N
재외공관 연계 신규바이어 초청 비즈니스 상담회,aT센터 5층 대회의실,2018,6,5,"YILIP INTERNATIONAL CO., LTD.",신선농산물 무역,2015,"Room 101, 12-1 Naesammi-ro 80beon-gil, Osan-si, Gyeonggi-do, Rep. of Korea, 18114",http://www.yilip.net
재외공관 연계 신규바이어 초청 비즈니스 상담회,aT센터 5층 대회의실,2018,6,5,"LK FnB CO., LTD.",도매,2012,,N
재외공관 연계 신규바이어 초청 비즈니스 상담회,aT센터 5층 대회의실,2018,6,5,"MORE CO., LTD.",식품 가공,2006,"113,DODONGGUYEOK-GIL,YEONGCHEON-SI,GYEONGSANGBUK-DO,KOREA",morecorp.co.kr
재외공관 연계 신규바이어 초청 비즈니스 상담회,aT센터 5층 대회의실,2018,6,5,"HANMIRAE FOOD CO., LTD","도소매,제조업,무역",2013,"No, 9-61, Yeongdong-gil,Hamchang-eup, Sangju city, Gyeongsangbuk-do, Korea",http://hanmirae.kr
재외공관 연계 신규바이어 초청 비즈니스 상담회,aT센터 5층 대회의실,2018,6,5,JAEWON GLOBAL NET,"가공식품 제조, 도매",2007,"87, Cheongbaengni-ro 697beon-gil, Baeksa-myeon, Icheon-si, Gyeonggi-do",www.goodandwell.co.kr
재외공관 연계 신규바이어 초청 비즈니스 상담회,aT센터 5층 대회의실,2018,6,5,NH TRADING,"무역,주류수출,축산물수입판매,농수산물,오퍼상",1990,"7, Olympic-ro 48-gil, Gangdong-gu, Seoul, Republic of Korea",
재외공관 연계 신규바이어 초청 비즈니스 상담회,aT센터 5층 대회의실,2018,6,5,SINGSONG FOOD CORP.,장류,1978,"55, Busong 1-gil, Jiksan-eup, Seobuk-gu, Cheonan-si, Chungcheongnam-do, Republic of Korea",http://www.singsong.co.kr
재외공관 연계 신규바이어 초청 비즈니스 상담회,aT센터 5층 대회의실,2018,6,5,[K01] AGRICULTURAL COMPANY CORP JAYEONTEO,농산물.농산물가공.농산물,2015,"400, Seonghyeon-ro, Ilsandong-gu, Goyang-si, Gyeonggi-do",www.gentlematto.com
재외공관 연계 신규바이어 초청 비즈니스 상담회,aT센터 5층 대회의실,2018,6,5,"HIT THE TEA, Inc.",제조업,2017,"932, Yangjae-daero, Songpa-gu, Seoul",www.hitthetea.com
재외공관 연계 신규바이어 초청 비즈니스 상담회,aT센터 5층 대회의실,2018,6,5,"MANJUN FOODS CO., LTD.","제조,판매업자",1995,"11, GEOMDANSAN-RO 146BEON-GIL, HANAM-SI, GYEONGGI-DO,13024, KOREA",www.manjun.net
재외공관 연계 신규바이어 초청 비즈니스 상담회,aT센터 5층 대회의실,2018,6,5,"Dajung Co., Ltd.",인삼류,1996,"371, JANGSU-RO, IWOL-MYEON, JINCHEON-GUN, CHUNGBUK, 27819 REPUBLIC OF KOREA",www.kgs.ne.kr
재외공관 연계 신규바이어 초청 비즈니스 상담회,aT센터 5층 대회의실,2018,6,5,leegojang food,"식품, 드레싱",2014,"17, Gosapyeong 7-gil, Wansan-gu, Jeonju-si, Jeollabuk-do, Korea",www.lkfood.co.kr
재외공관 연계 신규바이어 초청 비즈니스 상담회,aT센터 5층 대회의실,2018,6,5,"HANSUNG FOOD CO ., LTD","제조, 도소매, 무역",1986,"9-10, Ojeong-ro 134 Beon-gil, Ojeong-gu, Bucheon-si, Gyeonggi-do, KOREA",www.hskimchi.co.kr
재외공관 연계 신규바이어 초청 비즈니스 상담회,aT센터 5층 대회의실,2018,6,5,KEUMKANG B&F,청량음료외,1988,"106, Dusan-gil, Chungju-si, Chungcheongbuk-do, Republic of Korea 27461",http://keumkangbnf.com/
재외공관 연계 신규바이어 초청 비즈니스 상담회,aT센터 5층 대회의실,2018,6,5,"[K27] PUREPLUS CO., LTD","제조, 도소매",2002,"11, Sudongnonggong-gil, Sudong-myeon, Hamyang-gun, Gyeongsangnam-do",www.pureplus.co.kr
재외공관 연계 신규바이어 초청 비즈니스 상담회,aT센터 5층 대회의실,2018,6,5,[K08] EVERGOOD CORPORATION,"무역(농산물),농산물",2009,,N
재외공관 연계 신규바이어 초청 비즈니스 상담회,aT센터 5층 대회의실,2018,6,5,GYEONG BUK CORPORATION,도소매,1994,"76-6, HYEONNAE-GIL, JILLYANG-EUP, GYEONGSAN-SI, GYEONGSANGBUK-DO, KOREA",www.gbci.co.kr
재외공관 연계 신규바이어 초청 비즈니스 상담회,aT센터 5층 대회의실,2018,6,5,"MIWAMI CO., LTD",다류 수출업 무역,2009,"840-1 Noam-dong, Namwon-si, Jeollabuk-do, Korea",www.miwami.com
재외공관 연계 신규바이어 초청 비즈니스 상담회,aT센터 5층 대회의실,2018,6,5,[K32] TULIP INTERNATIONAL INC.,"기타식품, 무역, 제조",1999,"37, Teheran-ro 87-gil, Gangnam-gu, Seoul",www.tulipint.com
재외공관 연계 신규바이어 초청 비즈니스 상담회,aT센터 5층 대회의실,2018,6,5,[K24] NATUREGANIC SEOWON CORPORATION,제조,2017,"(12773) 17-99, Opo-ro 171beon-gil, Opo-eup, Gwangju-si, Gyeonggi-do, Republic of Korea",www.berrykle.com
재외공관 연계 신규바이어 초청 비즈니스 상담회,aT센터 5층 대회의실,2018,6,5,Quali Korea Corp.,"수출입업무,수출대행업,오퍼",2015,"52, Achasan-ro 15-gil, Seongdong-gu, Seoul",www.qkc.co.kr
재외공관 연계 신규바이어 초청 비즈니스 상담회,aT센터 5층 대회의실,2018,6,5,"ASIAN FOOD SERVICE CO.,LTD","수출입업,무역업",2015,"Geumjeong Hiview 305, 153-8, LS-ro Gunpo-si, Gyeonggi-do, Republic of Korea (Zip:435-805)",www.asianfoods.co.kr
재외공관 연계 신규바이어 초청 비즈니스 상담회,aT센터 5층 대회의실,2018,6,5,H&P INTERNATIONAL,도소매 무역,2011,,www.hnpinternational.com
재외공관 연계 신규바이어 초청 비즈니스 상담회,aT센터 5층 대회의실,2018,6,5,"HANSUNG FOOD CO ., LTD","제조, 도소매, 무역",1986,"9-10, Ojeong-ro 134 Beon-gil, Ojeong-gu, Bucheon-si, Gyeonggi-do, KOREA",www.hskimchi.co.kr
재외공관 연계 신규바이어 초청 비즈니스 상담회,aT센터 5층 대회의실,2018,6,5,ORIENTAL F&B,무역,2011,"11, Beobwon-ro 11-gil, Songpa-gu, Seoul",www.orientalfnb.com
재외공관 연계 신규바이어 초청 비즈니스 상담회,aT센터 5층 대회의실,2018,6,5,[K01] AGRICULTURAL COMPANY CORP JAYEONTEO,농산물.농산물가공.농산물,2015,"400, Seonghyeon-ro, Ilsandong-gu, Goyang-si, Gyeonggi-do",www.gentlematto.com
재외공관 연계 신규바이어 초청 비즈니스 상담회,aT센터 5층 대회의실,2018,6,5,SAMBUJACOMPANY,"조미김,신선농산물",2016,"79, Sangjanggonwit-rd, Seosu-myeon,Gunsan-city",www.sbjcompany.com
재외공관 연계 신규바이어 초청 비즈니스 상담회,aT센터 5층 대회의실,2018,6,5,Hankook Tea Co.,차류,1951,,www.hankooktea.co.kr
재외공관 연계 신규바이어 초청 비즈니스 상담회,aT센터 5층 대회의실,2018,6,5,SINGSONG FOOD CORP.,장류,1978,"55, Busong 1-gil, Jiksan-eup, Seobuk-gu, Cheonan-si, Chungcheongnam-do, Republic of Korea",http://www.singsong.co.kr
재외공관 연계 신규바이어 초청 비즈니스 상담회,aT센터 5층 대회의실,2018,6,5,"MIWAMI CO., LTD",다류 수출업 무역,2009,"840-1 Noam-dong, Namwon-si, Jeollabuk-do, Korea",www.miwami.com
재외공관 연계 신규바이어 초청 비즈니스 상담회,aT센터 5층 대회의실,2018,6,5,MUNGYEONG MISO CO. LTD.,식품제조,2013,"597, Sandong-ro, Sanyang-myeon, Mungyeong-si, Gyeongsangbuk-do, REPUBLIC OF KOREA",www.easternsmile.com
재외공관 연계 신규바이어 초청 비즈니스 상담회,aT센터 5층 대회의실,2018,6,5,Link Bridge International,무역 등,2016,"122, Saechang-ro, Yongsan-gu, Seoul",
재외공관 연계 신규바이어 초청 비즈니스 상담회,aT센터 5층 대회의실,2018,6,5,[K32] TULIP INTERNATIONAL INC.,"기타식품, 무역, 제조",1999,"37, Teheran-ro 87-gil, Gangnam-gu, Seoul",www.tulipint.com
재외공관 연계 신규바이어 초청 비즈니스 상담회,aT센터 5층 대회의실,2018,6,5,MyungSung Agricultural Corporation,농산물,2003,,
재외공관 연계 신규바이어 초청 비즈니스 상담회,aT센터 5층 대회의실,2018,6,5,jinheungfood,김,2005,"1225-63, Gyeongchung-daero, Chowol-eup, Gwangju-si, Gyeonggi-do",www.sjhfood.co.kr
재외공관 연계 신규바이어 초청 비즈니스 상담회,aT센터 5층 대회의실,2018,6,5,"MORE CO., LTD.",식품 가공,2006,"113,DODONGGUYEOK-GIL,YEONGCHEON-SI,GYEONGSANGBUK-DO,KOREA",morecorp.co.kr
재외공관 연계 신규바이어 초청 비즈니스 상담회,aT센터 5층 대회의실,2018,6,5,Donghwa Food,"젓갈, 건어물",2002,"16-11, Nonggongdanji 2gil, Sokcho-si, Gangwon-do, Korea","www.donghwafood.co.kr,www.오마니적갈.com"
재외공관 연계 신규바이어 초청 비즈니스 상담회,aT센터 5층 대회의실,2018,6,5,Haegarden,기타식품,2002,"6, Samseong-ro 96-gil, Gangnam-gu, Seoul",www.haegarden.com
재외공관 연계 신규바이어 초청 비즈니스 상담회,aT센터 5층 대회의실,2018,6,5,JAEWON GLOBAL NET,"가공식품 제조, 도매",2007,"87, Cheongbaengni-ro 697beon-gil, Baeksa-myeon, Icheon-si, Gyeonggi-do",www.goodandwell.co.kr
재외공관 연계 신규바이어 초청 비즈니스 상담회,aT센터 5층 대회의실,2018,6,5,DaeDo Food,제조업,1999,Chungbuk okcheon yangsuro6gil 72-24,N
재외공관 연계 신규바이어 초청 비즈니스 상담회,aT센터 5층 대회의실,2018,6,5,"ASIAN FOOD SERVICE CO.,LTD","수출입업,무역업",2015,"Geumjeong Hiview 305, 153-8, LS-ro Gunpo-si, Gyeonggi-do, Republic of Korea (Zip:435-805)",www.asianfoods.co.kr
재외공관 연계 신규바이어 초청 비즈니스 상담회,aT센터 5층 대회의실,2018,6,5,"HANMIRAE FOOD CO., LTD","도소매,제조업,무역",2013,"No, 9-61, Yeongdong-gil,Hamchang-eup, Sangju city, Gyeongsangbuk-do, Korea",http://hanmirae.kr
재외공관 연계 신규바이어 초청 비즈니스 상담회,aT센터 5층 대회의실,2018,6,5,"MANJUN FOODS CO., LTD.","제조,판매업자",1995,"11, GEOMDANSAN-RO 146BEON-GIL, HANAM-SI, GYEONGGI-DO,13024, KOREA",www.manjun.net
재외공관 연계 신규바이어 초청 비즈니스 상담회,aT센터 5층 대회의실,2018,6,5,"HIT THE TEA, Inc.",제조업,2017,"932, Yangjae-daero, Songpa-gu, Seoul",www.hitthetea.com
재외공관 연계 신규바이어 초청 비즈니스 상담회,aT센터 5층 대회의실,2018,6,5,mereal co,식품제조,2013,"30, Chadong-gil, Yongsan-myeon, Jangheung-gun, Jeollanam-do",www.mereal.kr
재외공관 연계 신규바이어 초청 비즈니스 상담회,aT센터 5층 대회의실,2018,6,5,[K24] NATUREGANIC SEOWON CORPORATION,제조,2017,"(12773) 17-99, Opo-ro 171beon-gil, Opo-eup, Gwangju-si, Gyeonggi-do, Republic of Korea",www.berrykle.com
재외공관 연계 신규바이어 초청 비즈니스 상담회,aT센터 5층 대회의실,2018,6,5,"Rima Global Co., LTD","농,축,수산물가공및 판매 수출",2004,"59-16 Maegok-gil, Wungpo-myeon, Iksan-si, Jeonrabukdo, Korea",
재외공관 연계 신규바이어 초청 비즈니스 상담회,aT센터 5층 대회의실,2018,6,5,LEE'S MARKETING INC.,"무역,농수산물외",2007,"508-33, Seolga-Ro, Seolseong-myeon, Icheon-si, Gyeonggi-do, Korea (Zip.17409)",www.wellplus.co.kr
재외공관 연계 신규바이어 초청 비즈니스 상담회,aT센터 5층 대회의실,2018,6,5,"LK FnB CO., LTD.",도매,2012,,N
재외공관 연계 신규바이어 초청 비즈니스 상담회,aT센터 5층 대회의실,2018,6,5,SAMBUJACOMPANY,"조미김,신선농산물",2016,"79, Sangjanggonwit-rd, Seosu-myeon,Gunsan-city",www.sbjcompany.com
재외공관 연계 신규바이어 초청 비즈니스 상담회,aT센터 5층 대회의실,2018,6,5,"MANJUN FOODS CO., LTD.","제조,판매업자",1995,"11, GEOMDANSAN-RO 146BEON-GIL, HANAM-SI, GYEONGGI-DO,13024, KOREA",www.manjun.net
재외공관 연계 신규바이어 초청 비즈니스 상담회,aT센터 5층 대회의실,2018,6,5,Donghwa Food,"젓갈, 건어물",2002,"16-11, Nonggongdanji 2gil, Sokcho-si, Gangwon-do, Korea","www.donghwafood.co.kr,www.오마니적갈.com"
재외공관 연계 신규바이어 초청 비즈니스 상담회,aT센터 5층 대회의실,2018,6,5,"DAEDONG KOREA GINSENG CO.,LTD",홍삼제품,2002,,www.ddkorea.co.kr
재외공관 연계 신규바이어 초청 비즈니스 상담회,aT센터 5층 대회의실,2018,6,5,LEE'S MARKETING INC.,"무역,농수산물외",2007,"508-33, Seolga-Ro, Seolseong-myeon, Icheon-si, Gyeonggi-do, Korea (Zip.17409)",www.wellplus.co.kr
재외공관 연계 신규바이어 초청 비즈니스 상담회,aT센터 5층 대회의실,2018,6,5,"[K27] PUREPLUS CO., LTD","제조, 도소매",2002,"11, Sudongnonggong-gil, Sudong-myeon, Hamyang-gun, Gyeongsangnam-do",www.pureplus.co.kr
2018 LA K-FOOD FAIR,Sheraton Grand Los Angeles,2018,9,6,"VILAC CO., LTD","액상시유, 연유, 발효유제품",1963,"152 Jaseong-ro, Munhyeon-dong, Nam-gu, Busan, Korea",www.vilac.co.kr
2018 LA K-FOOD FAIR,Sheraton Grand Los Angeles,2018,9,6,"HANSUNG FOOD CO ., LTD","제조, 도소매, 무역",1986,"9-10, Ojeong-ro 134 Beon-gil, Ojeong-gu, Bucheon-si, Gyeonggi-do, KOREA",www.hskimchi.co.kr
2018 LA K-FOOD FAIR,Sheraton Grand Los Angeles,2018,9,6,"BrandAcumen CO., LTD.",식품제조,2002,"A-1404, 53, mapo-daero, mapo-gu, seoul, 04158, Korea",http://www.superbeverage.co.kr/
2018 LA K-FOOD FAIR,Sheraton Grand Los Angeles,2018,9,6,"HAEYEAREUM CO.,LTD",제조,2009,"1520 Seonammun-ro, Doch-myen Shinan-gun, Jeollanam-do Korea",www.haeyeareum.com
2018 LA K-FOOD FAIR,Sheraton Grand Los Angeles,2018,9,6,BeRM INTERNATIONAL,수출업 수입업 연구및개발업,2017,,www.bermintl.com
2018 LA K-FOOD FAIR,Sheraton Grand Los Angeles,2018,9,6,Korean Pear Export INC.,수출업체,2014,"77, Gosokcheol-daero, Baebang-eup, Asan-si, Chungcheongnam-do",www.koreapear.com
2018 LA K-FOOD FAIR,Sheraton Grand Los Angeles,2018,9,6,"SEOJIN ACCESS CO., LTD.",농수산물수출입,2014,"97, Centum jungang-ro, Haeundae-gu, Busan",www.sjaccess.co.kr
2018 LA K-FOOD FAIR,Sheraton Grand Los Angeles,2018,9,6,"HANMIRAE FOOD CO., LTD","도소매,제조업,무역",2013,"No, 9-61, Yeongdong-gil,Hamchang-eup, Sangju city, Gyeongsangbuk-do, Korea",http://hanmirae.kr
2018 LA K-FOOD FAIR,Sheraton Grand Los Angeles,2018,9,6,Chammiso Agricultural Corp.,"제조업,도매 및 소매",2000,"159, Ihwa-ro, Pyeongtaek-si, Gyeonggi-do, Republic of Korea",www.chammiso.co.kr
2018 LA K-FOOD FAIR,Sheraton Grand Los Angeles,2018,9,6,"[K19] I’M DNL CO., LTD",가공식품,2017,,www. younmifoods.com
2018 LA K-FOOD FAIR,Sheraton Grand Los Angeles,2018,9,6,NamGyeong Organic farm,농산물 제조/유통,2015,"587-28, Okdan-ro, Okjong-myeon, Hadong-gun, Gyeongsangnam-do, Republic of Korea",N
2018 LA K-FOOD FAIR,Sheraton Grand Los Angeles,2018,9,6,NamGyeong Organic farm,농산물 제조/유통,2015,"587-28, Okdan-ro, Okjong-myeon, Hadong-gun, Gyeongsangnam-do, Republic of Korea",N
2018 LA K-FOOD FAIR,Sheraton Grand Los Angeles,2018,9,6,NamGyeong Organic farm,농산물 제조/유통,2015,"587-28, Okdan-ro, Okjong-myeon, Hadong-gun, Gyeongsangnam-do, Republic of Korea",N
2018 LA K-FOOD FAIR,Sheraton Grand Los Angeles,2018,9,6,E&B TRADE,무역업,2013,"27, NOKMYEONG 1-GIL, GAKNAM-MYEON, CHEONGDO-GUN, GYEONGSANGBUK-DO",N
2018 LA K-FOOD FAIR,Sheraton Grand Los Angeles,2018,9,6,"SEOJIN ACCESS CO., LTD.",농수산물수출입,2014,"97, Centum jungang-ro, Haeundae-gu, Busan",www.sjaccess.co.kr
2018 LA K-FOOD FAIR,Sheraton Grand Los Angeles,2018,9,6,"YOUNG POONG CO.,LTD",농식품가공,1993,"64, Seongseogongdanbuk-ro, Dalseo-gu, Daegu, 42712, KOREA",http://www.ypfoods.co.kr
2018 LA K-FOOD FAIR,Sheraton Grand Los Angeles,2018,9,6,SAMILFOOD,제조업,2003,95 Yeonmu-ro Yeonmu-eup Nonsan-si Chungcheonnam-do Republic of Korea,http://samilfood.kr
2018 LA K-FOOD FAIR,Sheraton Grand Los Angeles,2018,9,6,"KJ CO., LTD.",Tea and Natural Beverage Concentration,2014,"#124-202, 2, Gajaeulmirae-ro, Seodaemun-gu, Seoul, 03711 KOREA",www.kookjefood.com
2018 LA K-FOOD FAIR,Sheraton Grand Los Angeles,2018,9,6,Pocheon eco-friendly mountain farming association corporation,농산물,2014,"62-11, Kkotbaesan 3-gil, Gunnae-myeon, Pocheon-si, Gyeonggi-do, Republic of Korea",www.sanchaeum.con
2018 LA K-FOOD FAIR,Sheraton Grand Los Angeles,2018,9,6,E&B TRADE,무역업,2013,"27, NOKMYEONG 1-GIL, GAKNAM-MYEON, CHEONGDO-GUN, GYEONGSANGBUK-DO",N
2018 LA K-FOOD FAIR,Sheraton Grand Los Angeles,2018,9,6,"HANSUNG FOOD CO ., LTD","제조, 도소매, 무역",1986,"9-10, Ojeong-ro 134 Beon-gil, Ojeong-gu, Bucheon-si, Gyeonggi-do, KOREA",www.hskimchi.co.kr
2018 LA K-FOOD FAIR,Sheraton Grand Los Angeles,2018,9,6,BeRM INTERNATIONAL,수출업 수입업 연구및개발업,2017,,www.bermintl.com
2018 LA K-FOOD FAIR,Sheraton Grand Los Angeles,2018,9,6,"Handofood Co.,Ltd.",누룽지 외,2008,"543-9, Sail-ro, Cheongtong-myeon, Yeongcheon-si, Gyeongsangbuk-do",www.handofood.co.kr
2018 LA K-FOOD FAIR,Sheraton Grand Los Angeles,2018,9,6,SAMILFOOD,제조업,2003,95 Yeonmu-ro Yeonmu-eup Nonsan-si Chungcheonnam-do Republic of Korea,http://samilfood.kr
2018 LA K-FOOD FAIR,Sheraton Grand Los Angeles,2018,9,6,[K29] SEORAKSAN GREEN FOOD CO.,농산물 가공,2014,"41-50, Powolsaemal-gil, Yangyang-eup, Yangyang-gun, Gangwon-do, Korea",www.sgreenfood.co.kr
2018 LA K-FOOD FAIR,Sheraton Grand Los Angeles,2018,9,6,Ecopanax Co.Ltd.,홍삼한방제품,2013,"38, Hongsamhanbang-ro, Jinan-eup, Jinan-gun, Jeollabuk-do, Republic of Korea",www.ecopanax.com
2018 LA K-FOOD FAIR,Sheraton Grand Los Angeles,2018,9,6,"HAEYEAREUM CO.,LTD",제조,2009,"1520 Seonammun-ro, Doch-myen Shinan-gun, Jeollanam-do Korea",www.haeyeareum.com
2018 LA K-FOOD FAIR,Sheraton Grand Los Angeles,2018,9,6,"VILAC CO., LTD","액상시유, 연유, 발효유제품",1963,"152 Jaseong-ro, Munhyeon-dong, Nam-gu, Busan, Korea",www.vilac.co.kr
2018 LA K-FOOD FAIR,Sheraton Grand Los Angeles,2018,9,6,"SEOJIN ACCESS CO., LTD.",농수산물수출입,2014,"97, Centum jungang-ro, Haeundae-gu, Busan",www.sjaccess.co.kr
2018 LA K-FOOD FAIR,Sheraton Grand Los Angeles,2018,9,6,[K29] SEORAKSAN GREEN FOOD CO.,농산물 가공,2014,"41-50, Powolsaemal-gil, Yangyang-eup, Yangyang-gun, Gangwon-do, Korea",www.sgreenfood.co.kr
2018 LA K-FOOD FAIR,Sheraton Grand Los Angeles,2018,9,6,SAMILFOOD,제조업,2003,95 Yeonmu-ro Yeonmu-eup Nonsan-si Chungcheonnam-do Republic of Korea,http://samilfood.kr
2018 LA K-FOOD FAIR,Sheraton Grand Los Angeles,2018,9,6,"KJ CO., LTD.",Tea and Natural Beverage Concentration,2014,"#124-202, 2, Gajaeulmirae-ro, Seodaemun-gu, Seoul, 03711 KOREA",www.kookjefood.com
2018 LA K-FOOD FAIR,Sheraton Grand Los Angeles,2018,9,6,"Chungwoo Food Corp.,Ltd",제조업,2004,"54-3 Nonggongdanji-gil, Goa-eup, Gumi-si, Kyungsangbuk-do",www.chungwoofood.co.kr
2018 LA K-FOOD FAIR,Sheraton Grand Los Angeles,2018,9,6,Ecopanax Co.Ltd.,홍삼한방제품,2013,"38, Hongsamhanbang-ro, Jinan-eup, Jinan-gun, Jeollabuk-do, Republic of Korea",www.ecopanax.com
2018 LA K-FOOD FAIR,Sheraton Grand Los Angeles,2018,9,6,"SEOJIN ACCESS CO., LTD.",농수산물수출입,2014,"97, Centum jungang-ro, Haeundae-gu, Busan",www.sjaccess.co.kr
2018 LA K-FOOD FAIR,Sheraton Grand Los Angeles,2018,9,6,"KJ CO., LTD.",Tea and Natural Beverage Concentration,2014,"#124-202, 2, Gajaeulmirae-ro, Seodaemun-gu, Seoul, 03711 KOREA",www.kookjefood.com
2018 LA K-FOOD FAIR,Sheraton Grand Los Angeles,2018,9,6,Georyu Agricultural Corporations,제조업,2007,,www.georyu.com
2018 LA K-FOOD FAIR,Sheraton Grand Los Angeles,2018,9,6,"SEOJIN ACCESS CO., LTD.",농수산물수출입,2014,"97, Centum jungang-ro, Haeundae-gu, Busan",www.sjaccess.co.kr
2018 LA K-FOOD FAIR,Sheraton Grand Los Angeles,2018,9,6,Agricultural Corporation Aram Limited,농식품 제조,2014,"Suite 307,bidg#1,Venture Support Center,HanseoUeiversity,46,Hanseo-1Ro,Seosan City,Choognam,Korea(Post code:31962)",www.aramag.co.kr
2018 LA K-FOOD FAIR,Sheraton Grand Los Angeles,2018,9,6,"KEIL co., LTD.",식용곤충활용식품 제조업,2016,,
2018 LA K-FOOD FAIR,Sheraton Grand Los Angeles,2018,9,6,"Chungwoo Food Corp.,Ltd",제조업,2004,"54-3 Nonggongdanji-gil, Goa-eup, Gumi-si, Kyungsangbuk-do",www.chungwoofood.co.kr
2018 LA K-FOOD FAIR,Sheraton Grand Los Angeles,2018,9,6,"WONIL FOOD CO., LTD",식품 제조,1988,"28, Nambusunhwan-ro 378-gil, Gangnam-gu, Seoul",www.wonilfood.com
2018 LA K-FOOD FAIR,Sheraton Grand Los Angeles,2018,9,6,"HANSUNG FOOD CO ., LTD","제조, 도소매, 무역",1986,"9-10, Ojeong-ro 134 Beon-gil, Ojeong-gu, Bucheon-si, Gyeonggi-do, KOREA",www.hskimchi.co.kr
2018 LA K-FOOD FAIR,Sheraton Grand Los Angeles,2018,9,6,Pocheon eco-friendly mountain farming association corporation,농산물,2014,"62-11, Kkotbaesan 3-gil, Gunnae-myeon, Pocheon-si, Gyeonggi-do, Republic of Korea",www.sanchaeum.con
2018 LA K-FOOD FAIR,Sheraton Grand Los Angeles,2018,9,6,DAYWELLZ,"건강식품, 농산물",2017,"39, Janggi-ro 10-gil, Dalseo-gu, Daegu",www.daywellz.com
2018 LA K-FOOD FAIR,Sheraton Grand Los Angeles,2018,9,6,"BEBEFOOD KOREA CO., LTD.","조미식품,무역",2009,"25, Sagimakgol-ro 105beon-gil, Jungwon-gu, Seongnam-si, Gyeonggi-do, Republic of Korea",www.bebefood.co.kr
2018 LA K-FOOD FAIR,Sheraton Grand Los Angeles,2018,9,6,SAMILFOOD,제조업,2003,95 Yeonmu-ro Yeonmu-eup Nonsan-si Chungcheonnam-do Republic of Korea,http://samilfood.kr
2018 LA K-FOOD FAIR,Sheraton Grand Los Angeles,2018,9,6,"SERIM HYUNMI CO., LTD.",식물성유지,2003,"24, Gongdan 1-gil, Jeongeup-si, Jeolabuk-do, Republic of Korea",www.serim.kr
2018 LA K-FOOD FAIR,Sheraton Grand Los Angeles,2018,9,6,DAYWELLZ,"건강식품, 농산물",2017,"39, Janggi-ro 10-gil, Dalseo-gu, Daegu",www.daywellz.com
2018 LA K-FOOD FAIR,Sheraton Grand Los Angeles,2018,9,6,Hankook Tea Co.,차류,1951,,www.hankooktea.co.kr
2018 LA K-FOOD FAIR,Sheraton Grand Los Angeles,2018,9,6,"VILAC CO., LTD","액상시유, 연유, 발효유제품",1963,"152 Jaseong-ro, Munhyeon-dong, Nam-gu, Busan, Korea",www.vilac.co.kr
2018 LA K-FOOD FAIR,Sheraton Grand Los Angeles,2018,9,6,BeRM INTERNATIONAL,수출업 수입업 연구및개발업,2017,,www.bermintl.com
2018 LA K-FOOD FAIR,Sheraton Grand Los Angeles,2018,9,6,Hankook Tea Co.,차류,1951,,www.hankooktea.co.kr
2018 LA K-FOOD FAIR,Sheraton Grand Los Angeles,2018,9,6,"WONIL FOOD CO., LTD",식품 제조,1988,"28, Nambusunhwan-ro 378-gil, Gangnam-gu, Seoul",www.wonilfood.com
2018 LA K-FOOD FAIR,Sheraton Grand Los Angeles,2018,9,6,"BEBEFOOD KOREA CO., LTD.","조미식품,무역",2009,"25, Sagimakgol-ro 105beon-gil, Jungwon-gu, Seongnam-si, Gyeonggi-do, Republic of Korea",www.bebefood.co.kr
2018 LA K-FOOD FAIR,Sheraton Grand Los Angeles,2018,9,6,"HANMIRAE FOOD CO., LTD","도소매,제조업,무역",2013,"No, 9-61, Yeongdong-gil,Hamchang-eup, Sangju city, Gyeongsangbuk-do, Korea",http://hanmirae.kr
2018 LA K-FOOD FAIR,Sheraton Grand Los Angeles,2018,9,6,[K20] JINJU,"식품가공.제조/식육/식육,농산물/임대/전산용역",1963,"441, Yeoksam-ro, Gangnam-gu, Seoul",N
2018 LA K-FOOD FAIR,Sheraton Grand Los Angeles,2018,9,6,"HANMIRAE FOOD CO., LTD","도소매,제조업,무역",2013,"No, 9-61, Yeongdong-gil,Hamchang-eup, Sangju city, Gyeongsangbuk-do, Korea",http://hanmirae.kr
2018 LA K-FOOD FAIR,Sheraton Grand Los Angeles,2018,9,6,"VILAC CO., LTD","액상시유, 연유, 발효유제품",1963,"152 Jaseong-ro, Munhyeon-dong, Nam-gu, Busan, Korea",www.vilac.co.kr
2018 LA K-FOOD FAIR,Sheraton Grand Los Angeles,2018,9,6,"Ourhome co.,Ltd","집단급식, 수출입업",,,www.ourhome.co.kr
2018 LA K-FOOD FAIR,Sheraton Grand Los Angeles,2018,9,6,"KEIL co., LTD.",식용곤충활용식품 제조업,2016,,
2018 LA K-FOOD FAIR,Sheraton Grand Los Angeles,2018,9,6,DAYWELLZ,"건강식품, 농산물",2017,"39, Janggi-ro 10-gil, Dalseo-gu, Daegu",www.daywellz.com
2018 LA K-FOOD FAIR,Sheraton Grand Los Angeles,2018,9,6,"[K19] I’M DNL CO., LTD",가공식품,2017,,www. younmifoods.com
2018 LA K-FOOD FAIR,Sheraton Grand Los Angeles,2018,9,6,"HAEYEAREUM CO.,LTD",제조,2009,"1520 Seonammun-ro, Doch-myen Shinan-gun, Jeollanam-do Korea",www.haeyeareum.com
2018 LA K-FOOD FAIR,Sheraton Grand Los Angeles,2018,9,6,"HANSUNG FOOD CO ., LTD","제조, 도소매, 무역",1986,"9-10, Ojeong-ro 134 Beon-gil, Ojeong-gu, Bucheon-si, Gyeonggi-do, KOREA",www.hskimchi.co.kr
2018 LA K-FOOD FAIR,Sheraton Grand Los Angeles,2018,9,6,"WONIL FOOD CO., LTD",식품 제조,1988,"28, Nambusunhwan-ro 378-gil, Gangnam-gu, Seoul",www.wonilfood.com
2018 LA K-FOOD FAIR,Sheraton Grand Los Angeles,2018,9,6,"BrandAcumen CO., LTD.",식품제조,2002,"A-1404, 53, mapo-daero, mapo-gu, seoul, 04158, Korea",http://www.superbeverage.co.kr/
2018 LA K-FOOD FAIR,Sheraton Grand Los Angeles,2018,9,6,"[K19] I’M DNL CO., LTD",가공식품,2017,,www. younmifoods.com
2018 LA K-FOOD FAIR,Sheraton Grand Los Angeles,2018,9,6,"Handofood Co.,Ltd.",누룽지 외,2008,"543-9, Sail-ro, Cheongtong-myeon, Yeongcheon-si, Gyeongsangbuk-do",www.handofood.co.kr
2018 LA K-FOOD FAIR,Sheraton Grand Los Angeles,2018,9,6,"Chungwoo Food Corp.,Ltd",제조업,2004,"54-3 Nonggongdanji-gil, Goa-eup, Gumi-si, Kyungsangbuk-do",www.chungwoofood.co.kr
2018 LA K-FOOD FAIR,Sheraton Grand Los Angeles,2018,9,6,"HANMIRAE FOOD CO., LTD","도소매,제조업,무역",2013,"No, 9-61, Yeongdong-gil,Hamchang-eup, Sangju city, Gyeongsangbuk-do, Korea",http://hanmirae.kr
2018 LA K-FOOD FAIR,Sheraton Grand Los Angeles,2018,9,6,Agricultural Corporation Aram Limited,농식품 제조,2014,"Suite 307,bidg#1,Venture Support Center,HanseoUeiversity,46,Hanseo-1Ro,Seosan City,Choognam,Korea(Post code:31962)",www.aramag.co.kr
2018 LA K-FOOD FAIR,Sheraton Grand Los Angeles,2018,9,6,"HANSUNG FOOD CO ., LTD","제조, 도소매, 무역",1986,"9-10, Ojeong-ro 134 Beon-gil, Ojeong-gu, Bucheon-si, Gyeonggi-do, KOREA",www.hskimchi.co.kr
2018 LA K-FOOD FAIR,Sheraton Grand Los Angeles,2018,9,6,[K29] SEORAKSAN GREEN FOOD CO.,농산물 가공,2014,"41-50, Powolsaemal-gil, Yangyang-eup, Yangyang-gun, Gangwon-do, Korea",www.sgreenfood.co.kr
2018 LA K-FOOD FAIR,Sheraton Grand Los Angeles,2018,9,6,Aureate,식품제조,2001,South Korea,www.aureate.co.kr
2018 LA K-FOOD FAIR,Sheraton Grand Los Angeles,2018,9,6,NamGyeong Organic farm,농산물 제조/유통,2015,"587-28, Okdan-ro, Okjong-myeon, Hadong-gun, Gyeongsangnam-do, Republic of Korea",N
2018 LA K-FOOD FAIR,Sheraton Grand Los Angeles,2018,9,6,Hankook Tea Co.,차류,1951,,www.hankooktea.co.kr
2018 LA K-FOOD FAIR,Sheraton Grand Los Angeles,2018,9,6,"HANMIRAE FOOD CO., LTD","도소매,제조업,무역",2013,"No, 9-61, Yeongdong-gil,Hamchang-eup, Sangju city, Gyeongsangbuk-do, Korea",http://hanmirae.kr
2018 LA K-FOOD FAIR,Sheraton Grand Los Angeles,2018,9,6,DAYWELLZ,"건강식품, 농산물",2017,"39, Janggi-ro 10-gil, Dalseo-gu, Daegu",www.daywellz.com
2018 LA K-FOOD FAIR,Sheraton Grand Los Angeles,2018,9,6,Korean Pear Export INC.,수출업체,2014,"77, Gosokcheol-daero, Baebang-eup, Asan-si, Chungcheongnam-do",www.koreapear.com
2018 LA K-FOOD FAIR,Sheraton Grand Los Angeles,2018,9,6,E&B TRADE,무역업,2013,"27, NOKMYEONG 1-GIL, GAKNAM-MYEON, CHEONGDO-GUN, GYEONGSANGBUK-DO",N
2018 LA K-FOOD FAIR,Sheraton Grand Los Angeles,2018,9,6,Chammiso Agricultural Corp.,"제조업,도매 및 소매",2000,"159, Ihwa-ro, Pyeongtaek-si, Gyeonggi-do, Republic of Korea",www.chammiso.co.kr
2018 LA K-FOOD FAIR,Sheraton Grand Los Angeles,2018,9,6,HB CORPORATION,수출입업,2009,"259-2, Sinseon-ro, Nam-gu, Busan",www.foodtrade.co.kr
2018 LA K-FOOD FAIR,Sheraton Grand Los Angeles,2018,9,6,SAMILFOOD,제조업,2003,95 Yeonmu-ro Yeonmu-eup Nonsan-si Chungcheonnam-do Republic of Korea,http://samilfood.kr
2018 LA K-FOOD FAIR,Sheraton Grand Los Angeles,2018,9,6,[K20] JINJU,"식품가공.제조/식육/식육,농산물/임대/전산용역",1963,"441, Yeoksam-ro, Gangnam-gu, Seoul",N
2018 LA K-FOOD FAIR,Sheraton Grand Los Angeles,2018,9,6,TEAZEN.Inc.,"다류, 식품, 무역",2001,"80-23, Daeun-gil, Gyegok-myeon, Haenam-gun, Jeollanam-do",www.teazen.co.kr
2018 LA K-FOOD FAIR,Sheraton Grand Los Angeles,2018,9,6,"VILAC CO., LTD","액상시유, 연유, 발효유제품",1963,"152 Jaseong-ro, Munhyeon-dong, Nam-gu, Busan, Korea",www.vilac.co.kr
2018 LA K-FOOD FAIR,Sheraton Grand Los Angeles,2018,9,6,BeRM INTERNATIONAL,수출업 수입업 연구및개발업,2017,,www.bermintl.com
2018 LA K-FOOD FAIR,Sheraton Grand Los Angeles,2018,9,6,"SERIM HYUNMI CO., LTD.",식물성유지,2003,"24, Gongdan 1-gil, Jeongeup-si, Jeolabuk-do, Republic of Korea",www.serim.kr
2018 LA K-FOOD FAIR,Sheraton Grand Los Angeles,2018,9,6,"BEBEFOOD KOREA CO., LTD.","조미식품,무역",2009,"25, Sagimakgol-ro 105beon-gil, Jungwon-gu, Seongnam-si, Gyeonggi-do, Republic of Korea",www.bebefood.co.kr
2018 LA K-FOOD FAIR,Sheraton Grand Los Angeles,2018,9,6,"[K09] FINE FT CO., LTD","식품제조가공업, 식품첨가물제조업 등",2007,"3524, Charyeong-ro, Jeongan-myeon, Gongju-si, Chungcheongnam-do, 32511, South Korea",www.fineft.co.kr
2018 LA K-FOOD FAIR,Sheraton Grand Los Angeles,2018,9,6,"[K19] I’M DNL CO., LTD",가공식품,2017,,www. younmifoods.com
2018 LA K-FOOD FAIR,Sheraton Grand Los Angeles,2018,9,6,"SERIM HYUNMI CO., LTD.",식물성유지,2003,"24, Gongdan 1-gil, Jeongeup-si, Jeolabuk-do, Republic of Korea",www.serim.kr
2018 LA K-FOOD FAIR,Sheraton Grand Los Angeles,2018,9,6,TEAZEN.Inc.,"다류, 식품, 무역",2001,"80-23, Daeun-gil, Gyegok-myeon, Haenam-gun, Jeollanam-do",www.teazen.co.kr
2018 LA K-FOOD FAIR,Sheraton Grand Los Angeles,2018,9,6,[K20] JINJU,"식품가공.제조/식육/식육,농산물/임대/전산용역",1963,"441, Yeoksam-ro, Gangnam-gu, Seoul",N
2018 LA K-FOOD FAIR,Sheraton Grand Los Angeles,2018,9,6,TEAZEN.Inc.,"다류, 식품, 무역",2001,"80-23, Daeun-gil, Gyegok-myeon, Haenam-gun, Jeollanam-do",www.teazen.co.kr
2018 LA K-FOOD FAIR,Sheraton Grand Los Angeles,2018,9,6,"SAONGWON CO.,LTD","냉동식품,수출업",1995,"76-17, Hansam-ro 153beon-gil, Daeso-myeon, Eumseong-gun, Chungcheongbuk-do, Republic of Korea",www.saongwon.com
2018 LA K-FOOD FAIR,Sheraton Grand Los Angeles,2018,9,6,"KEIL co., LTD.",식용곤충활용식품 제조업,2016,,
2018 LA K-FOOD FAIR,Sheraton Grand Los Angeles,2018,9,6,"Bob Lee Burger System co.,Ltd","프랜차이즈컨설팅,가공식품,무역",2014,"14, Sangin-ro, Dalseo-gu, Daegu",www.bobleeburger.com
2018 LA K-FOOD FAIR,Sheraton Grand Los Angeles,2018,9,6,"Chungwoo Food Corp.,Ltd",제조업,2004,"54-3 Nonggongdanji-gil, Goa-eup, Gumi-si, Kyungsangbuk-do",www.chungwoofood.co.kr
2018 LA K-FOOD FAIR,Sheraton Grand Los Angeles,2018,9,6,"BEBEFOOD KOREA CO., LTD.","조미식품,무역",2009,"25, Sagimakgol-ro 105beon-gil, Jungwon-gu, Seongnam-si, Gyeonggi-do, Republic of Korea",www.bebefood.co.kr
2018 LA K-FOOD FAIR,Sheraton Grand Los Angeles,2018,9,6,"KJ CO., LTD.",Tea and Natural Beverage Concentration,2014,"#124-202, 2, Gajaeulmirae-ro, Seodaemun-gu, Seoul, 03711 KOREA",www.kookjefood.com
2018 LA K-FOOD FAIR,Sheraton Grand Los Angeles,2018,9,6,[K29] SEORAKSAN GREEN FOOD CO.,농산물 가공,2014,"41-50, Powolsaemal-gil, Yangyang-eup, Yangyang-gun, Gangwon-do, Korea",www.sgreenfood.co.kr
2018 LA K-FOOD FAIR,Sheraton Grand Los Angeles,2018,9,6,Chammiso Agricultural Corp.,"제조업,도매 및 소매",2000,"159, Ihwa-ro, Pyeongtaek-si, Gyeonggi-do, Republic of Korea",www.chammiso.co.kr
2018 LA K-FOOD FAIR,Sheraton Grand Los Angeles,2018,9,6,"ORANGE PEOPLE CO .,LTD",제조업,2013,"#312, 150, Jojeong-daero, Hanam-si, Gyeonggi-do, 12930, South of Korea",www.cupful.co.kr
2018 LA K-FOOD FAIR,Sheraton Grand Los Angeles,2018,9,6,"SEOJIN ACCESS CO., LTD.",농수산물수출입,2014,"97, Centum jungang-ro, Haeundae-gu, Busan",www.sjaccess.co.kr
2018 LA K-FOOD FAIR,Sheraton Grand Los Angeles,2018,9,6,"BrandAcumen CO., LTD.",식품제조,2002,"A-1404, 53, mapo-daero, mapo-gu, seoul, 04158, Korea",http://www.superbeverage.co.kr/
2018 LA K-FOOD FAIR,Sheraton Grand Los Angeles,2018,9,6,Agricultural Corporation Aram Limited,농식품 제조,2014,"Suite 307,bidg#1,Venture Support Center,HanseoUeiversity,46,Hanseo-1Ro,Seosan City,Choognam,Korea(Post code:31962)",www.aramag.co.kr
2018 LA K-FOOD FAIR,Sheraton Grand Los Angeles,2018,9,6,BeRM INTERNATIONAL,수출업 수입업 연구및개발업,2017,,www.bermintl.com
2018 LA K-FOOD FAIR,Sheraton Grand Los Angeles,2018,9,6,Georyu Agricultural Corporations,제조업,2007,,www.georyu.com
2018 LA K-FOOD FAIR,Sheraton Grand Los Angeles,2018,9,6,"ORANGE PEOPLE CO .,LTD",제조업,2013,"#312, 150, Jojeong-daero, Hanam-si, Gyeonggi-do, 12930, South of Korea",www.cupful.co.kr
2018 LA K-FOOD FAIR,Sheraton Grand Los Angeles,2018,9,6,"Bob Lee Burger System co.,Ltd","프랜차이즈컨설팅,가공식품,무역",2014,"14, Sangin-ro, Dalseo-gu, Daegu",www.bobleeburger.com
2018 LA K-FOOD FAIR,Sheraton Grand Los Angeles,2018,9,6,HB CORPORATION,수출입업,2009,"259-2, Sinseon-ro, Nam-gu, Busan",www.foodtrade.co.kr
2018 LA K-FOOD FAIR,Sheraton Grand Los Angeles,2018,9,6,SEYEON FOODS,"식품제조, 유통, 프랜차이즈",2013,"14 Tecno Jungangdaero2gil, Yugaeup, Dalseonggun, Daegu, Korea",www.seyeonfoods.com
2018 LA K-FOOD FAIR,Sheraton Grand Los Angeles,2018,9,6,"Ourhome co.,Ltd","집단급식, 수출입업",,,www.ourhome.co.kr
2018 LA K-FOOD FAIR,Sheraton Grand Los Angeles,2018,9,6,"ORANGE PEOPLE CO .,LTD",제조업,2013,"#312, 150, Jojeong-daero, Hanam-si, Gyeonggi-do, 12930, South of Korea",www.cupful.co.kr
2018 LA K-FOOD FAIR,Sheraton Grand Los Angeles,2018,9,6,HB CORPORATION,수출입업,2009,"259-2, Sinseon-ro, Nam-gu, Busan",www.foodtrade.co.kr
2018 LA K-FOOD FAIR,Sheraton Grand Los Angeles,2018,9,6,"YOUNG POONG CO.,LTD",농식품가공,1993,"64, Seongseogongdanbuk-ro, Dalseo-gu, Daegu, 42712, KOREA",http://www.ypfoods.co.kr
2018 LA K-FOOD FAIR,Sheraton Grand Los Angeles,2018,9,6,NamGyeong Organic farm,농산물 제조/유통,2015,"587-28, Okdan-ro, Okjong-myeon, Hadong-gun, Gyeongsangnam-do, Republic of Korea",N
2018 LA K-FOOD FAIR,Sheraton Grand Los Angeles,2018,9,6,"HANMIRAE FOOD CO., LTD","도소매,제조업,무역",2013,"No, 9-61, Yeongdong-gil,Hamchang-eup, Sangju city, Gyeongsangbuk-do, Korea",http://hanmirae.kr
2018 LA K-FOOD FAIR,Sheraton Grand Los Angeles,2018,9,6,[K20] JINJU,"식품가공.제조/식육/식육,농산물/임대/전산용역",1963,"441, Yeoksam-ro, Gangnam-gu, Seoul",N
2018 LA K-FOOD FAIR,Sheraton Grand Los Angeles,2018,9,6,[K20] JINJU,"식품가공.제조/식육/식육,농산물/임대/전산용역",1963,"441, Yeoksam-ro, Gangnam-gu, Seoul",N
2018 LA K-FOOD FAIR,Sheraton Grand Los Angeles,2018,9,6,Aureate,식품제조,2001,South Korea,www.aureate.co.kr
2018 LA K-FOOD FAIR,Sheraton Grand Los Angeles,2018,9,6,[K01] AGRICULTURAL COMPANY CORP JAYEONTEO,농산물.농산물가공.농산물,2015,"400, Seonghyeon-ro, Ilsandong-gu, Goyang-si, Gyeonggi-do",www.gentlematto.com
2018 LA K-FOOD FAIR,Sheraton Grand Los Angeles,2018,9,6,"HAEYEAREUM CO.,LTD",제조,2009,"1520 Seonammun-ro, Doch-myen Shinan-gun, Jeollanam-do Korea",www.haeyeareum.com
2018 LA K-FOOD FAIR,Sheraton Grand Los Angeles,2018,9,6,NamGyeong Organic farm,농산물 제조/유통,2015,"587-28, Okdan-ro, Okjong-myeon, Hadong-gun, Gyeongsangnam-do, Republic of Korea",N
2018 LA K-FOOD FAIR,Sheraton Grand Los Angeles,2018,9,6,"[K19] I’M DNL CO., LTD",가공식품,2017,,www. younmifoods.com
2018 LA K-FOOD FAIR,Sheraton Grand Los Angeles,2018,9,6,Aureate,식품제조,2001,South Korea,www.aureate.co.kr
2018 LA K-FOOD FAIR,Sheraton Grand Los Angeles,2018,9,6,NamGyeong Organic farm,농산물 제조/유통,2015,"587-28, Okdan-ro, Okjong-myeon, Hadong-gun, Gyeongsangnam-do, Republic of Korea",N
2018 LA K-FOOD FAIR,Sheraton Grand Los Angeles,2018,9,6,Aureate,식품제조,2001,South Korea,www.aureate.co.kr
2018 LA K-FOOD FAIR,Sheraton Grand Los Angeles,2018,9,6,"Dong-Seo Pharm Well-Being Co., Ltd",건강기능식품제조,2011,,http://www.pharmds.co.kr
2018 LA K-FOOD FAIR,Sheraton Grand Los Angeles,2018,9,6,Ecopanax Co.Ltd.,홍삼한방제품,2013,"38, Hongsamhanbang-ro, Jinan-eup, Jinan-gun, Jeollabuk-do, Republic of Korea",www.ecopanax.com
2018 LA K-FOOD FAIR,Sheraton Grand Los Angeles,2018,9,6,"BEBEFOOD KOREA CO., LTD.","조미식품,무역",2009,"25, Sagimakgol-ro 105beon-gil, Jungwon-gu, Seongnam-si, Gyeonggi-do, Republic of Korea",www.bebefood.co.kr
2018 LA K-FOOD FAIR,Sheraton Grand Los Angeles,2018,9,6,NamGyeong Organic farm,농산물 제조/유통,2015,"587-28, Okdan-ro, Okjong-myeon, Hadong-gun, Gyeongsangnam-do, Republic of Korea",N
2018 LA K-FOOD FAIR,Sheraton Grand Los Angeles,2018,9,6,E&B TRADE,무역업,2013,"27, NOKMYEONG 1-GIL, GAKNAM-MYEON, CHEONGDO-GUN, GYEONGSANGBUK-DO",N
2018 LA K-FOOD FAIR,Sheraton Grand Los Angeles,2018,9,6,Korean Pear Export INC.,수출업체,2014,"77, Gosokcheol-daero, Baebang-eup, Asan-si, Chungcheongnam-do",www.koreapear.com
2018 LA K-FOOD FAIR,Sheraton Grand Los Angeles,2018,9,6,SAMILFOOD,제조업,2003,95 Yeonmu-ro Yeonmu-eup Nonsan-si Chungcheonnam-do Republic of Korea,http://samilfood.kr
2018 LA K-FOOD FAIR,Sheraton Grand Los Angeles,2018,9,6,"Bob Lee Burger System co.,Ltd","프랜차이즈컨설팅,가공식품,무역",2014,"14, Sangin-ro, Dalseo-gu, Daegu",www.bobleeburger.com
2018 LA K-FOOD FAIR,Sheraton Grand Los Angeles,2018,9,6,"VILAC CO., LTD","액상시유, 연유, 발효유제품",1963,"152 Jaseong-ro, Munhyeon-dong, Nam-gu, Busan, Korea",www.vilac.co.kr
2018 LA K-FOOD FAIR,Sheraton Grand Los Angeles,2018,9,6,"KJ CO., LTD.",Tea and Natural Beverage Concentration,2014,"#124-202, 2, Gajaeulmirae-ro, Seodaemun-gu, Seoul, 03711 KOREA",www.kookjefood.com
2018 LA K-FOOD FAIR,Sheraton Grand Los Angeles,2018,9,6,"KJ CO., LTD.",Tea and Natural Beverage Concentration,2014,"#124-202, 2, Gajaeulmirae-ro, Seodaemun-gu, Seoul, 03711 KOREA",www.kookjefood.com
2018 LA K-FOOD FAIR,Sheraton Grand Los Angeles,2018,9,6,Korean Pear Export INC.,수출업체,2014,"77, Gosokcheol-daero, Baebang-eup, Asan-si, Chungcheongnam-do",www.koreapear.com
2018 LA K-FOOD FAIR,Sheraton Grand Los Angeles,2018,9,6,"KJ CO., LTD.",Tea and Natural Beverage Concentration,2014,"#124-202, 2, Gajaeulmirae-ro, Seodaemun-gu, Seoul, 03711 KOREA",www.kookjefood.com
2018 LA K-FOOD FAIR,Sheraton Grand Los Angeles,2018,9,6,"KJ CO., LTD.",Tea and Natural Beverage Concentration,2014,"#124-202, 2, Gajaeulmirae-ro, Seodaemun-gu, Seoul, 03711 KOREA",www.kookjefood.com
2018 LA K-FOOD FAIR,Sheraton Grand Los Angeles,2018,9,6,"KJ CO., LTD.",Tea and Natural Beverage Concentration,2014,"#124-202, 2, Gajaeulmirae-ro, Seodaemun-gu, Seoul, 03711 KOREA",www.kookjefood.com
2018 LA K-FOOD FAIR,Sheraton Grand Los Angeles,2018,9,6,"Dong-Seo Pharm Well-Being Co., Ltd",건강기능식품제조,2011,,http://www.pharmds.co.kr
2018 LA K-FOOD FAIR,Sheraton Grand Los Angeles,2018,9,6,"SEOJIN ACCESS CO., LTD.",농수산물수출입,2014,"97, Centum jungang-ro, Haeundae-gu, Busan",www.sjaccess.co.kr
2018 LA K-FOOD FAIR,Sheraton Grand Los Angeles,2018,9,6,Georyu Agricultural Corporations,제조업,2007,,www.georyu.com
2018 LA K-FOOD FAIR,Sheraton Grand Los Angeles,2018,9,6,"Dong-Seo Pharm Well-Being Co., Ltd",건강기능식품제조,2011,,http://www.pharmds.co.kr
2018 LA K-FOOD FAIR,Sheraton Grand Los Angeles,2018,9,6,"YOUNG POONG CO.,LTD",농식품가공,1993,"64, Seongseogongdanbuk-ro, Dalseo-gu, Daegu, 42712, KOREA",http://www.ypfoods.co.kr
2018 LA K-FOOD FAIR,Sheraton Grand Los Angeles,2018,9,6,"HANSUNG FOOD CO ., LTD","제조, 도소매, 무역",1986,"9-10, Ojeong-ro 134 Beon-gil, Ojeong-gu, Bucheon-si, Gyeonggi-do, KOREA",www.hskimchi.co.kr
2018 LA K-FOOD FAIR,Sheraton Grand Los Angeles,2018,9,6,"YOUNG POONG CO.,LTD",농식품가공,1993,"64, Seongseogongdanbuk-ro, Dalseo-gu, Daegu, 42712, KOREA",http://www.ypfoods.co.kr
2018 LA K-FOOD FAIR,Sheraton Grand Los Angeles,2018,9,6,RAON,무역,2017,,
2018 LA K-FOOD FAIR,Sheraton Grand Los Angeles,2018,9,6,SAMILFOOD,제조업,2003,95 Yeonmu-ro Yeonmu-eup Nonsan-si Chungcheonnam-do Republic of Korea,http://samilfood.kr
2018 LA K-FOOD FAIR,Sheraton Grand Los Angeles,2018,9,6,"Ourhome co.,Ltd","집단급식, 수출입업",,,www.ourhome.co.kr
2018 LA K-FOOD FAIR,Sheraton Grand Los Angeles,2018,9,6,"Handofood Co.,Ltd.",누룽지 외,2008,"543-9, Sail-ro, Cheongtong-myeon, Yeongcheon-si, Gyeongsangbuk-do",www.handofood.co.kr
2018 LA K-FOOD FAIR,Sheraton Grand Los Angeles,2018,9,6,"SEOJIN ACCESS CO., LTD.",농수산물수출입,2014,"97, Centum jungang-ro, Haeundae-gu, Busan",www.sjaccess.co.kr
2018 LA K-FOOD FAIR,Sheraton Grand Los Angeles,2018,9,6,"[K09] FINE FT CO., LTD","식품제조가공업, 식품첨가물제조업 등",2007,"3524, Charyeong-ro, Jeongan-myeon, Gongju-si, Chungcheongnam-do, 32511, South Korea",www.fineft.co.kr
2018 LA K-FOOD FAIR,Sheraton Grand Los Angeles,2018,9,6,"Handofood Co.,Ltd.",누룽지 외,2008,"543-9, Sail-ro, Cheongtong-myeon, Yeongcheon-si, Gyeongsangbuk-do",www.handofood.co.kr
2018 LA K-FOOD FAIR,Sheraton Grand Los Angeles,2018,9,6,[K01] AGRICULTURAL COMPANY CORP JAYEONTEO,농산물.농산물가공.농산물,2015,"400, Seonghyeon-ro, Ilsandong-gu, Goyang-si, Gyeonggi-do",www.gentlematto.com
2018 LA K-FOOD FAIR,Sheraton Grand Los Angeles,2018,9,6,"ORANGE PEOPLE CO .,LTD",제조업,2013,"#312, 150, Jojeong-daero, Hanam-si, Gyeonggi-do, 12930, South of Korea",www.cupful.co.kr
2018 LA K-FOOD FAIR,Sheraton Grand Los Angeles,2018,9,6,Ecopanax Co.Ltd.,홍삼한방제품,2013,"38, Hongsamhanbang-ro, Jinan-eup, Jinan-gun, Jeollabuk-do, Republic of Korea",www.ecopanax.com
2018 LA K-FOOD FAIR,Sheraton Grand Los Angeles,2018,9,6,HB CORPORATION,수출입업,2009,"259-2, Sinseon-ro, Nam-gu, Busan",www.foodtrade.co.kr
2018 LA K-FOOD FAIR,Sheraton Grand Los Angeles,2018,9,6,[K29] SEORAKSAN GREEN FOOD CO.,농산물 가공,2014,"41-50, Powolsaemal-gil, Yangyang-eup, Yangyang-gun, Gangwon-do, Korea",www.sgreenfood.co.kr
2018 LA K-FOOD FAIR,Sheraton Grand Los Angeles,2018,9,6,[K20] JINJU,"식품가공.제조/식육/식육,농산물/임대/전산용역",1963,"441, Yeoksam-ro, Gangnam-gu, Seoul",N
2018 LA K-FOOD FAIR,Sheraton Grand Los Angeles,2018,9,6,"YOUNG POONG CO.,LTD",농식품가공,1993,"64, Seongseogongdanbuk-ro, Dalseo-gu, Daegu, 42712, KOREA",http://www.ypfoods.co.kr
2018 LA K-FOOD FAIR,Sheraton Grand Los Angeles,2018,9,6,"Dong-Seo Pharm Well-Being Co., Ltd",건강기능식품제조,2011,,http://www.pharmds.co.kr
2018 LA K-FOOD FAIR,Sheraton Grand Los Angeles,2018,9,6,"Ourhome co.,Ltd","집단급식, 수출입업",,,www.ourhome.co.kr
2018 LA K-FOOD FAIR,Sheraton Grand Los Angeles,2018,9,6,"HANMIRAE FOOD CO., LTD","도소매,제조업,무역",2013,"No, 9-61, Yeongdong-gil,Hamchang-eup, Sangju city, Gyeongsangbuk-do, Korea",http://hanmirae.kr
2018 LA K-FOOD FAIR,Sheraton Grand Los Angeles,2018,9,6,NamGyeong Organic farm,농산물 제조/유통,2015,"587-28, Okdan-ro, Okjong-myeon, Hadong-gun, Gyeongsangnam-do, Republic of Korea",N
2018 LA K-FOOD FAIR,Sheraton Grand Los Angeles,2018,9,6,[K29] SEORAKSAN GREEN FOOD CO.,농산물 가공,2014,"41-50, Powolsaemal-gil, Yangyang-eup, Yangyang-gun, Gangwon-do, Korea",www.sgreenfood.co.kr
2018 LA K-FOOD FAIR,Sheraton Grand Los Angeles,2018,9,6,Agricultural Corporation Aram Limited,농식품 제조,2014,"Suite 307,bidg#1,Venture Support Center,HanseoUeiversity,46,Hanseo-1Ro,Seosan City,Choognam,Korea(Post code:31962)",www.aramag.co.kr
2018 LA K-FOOD FAIR,Sheraton Grand Los Angeles,2018,9,6,E&B TRADE,무역업,2013,"27, NOKMYEONG 1-GIL, GAKNAM-MYEON, CHEONGDO-GUN, GYEONGSANGBUK-DO",N
2018 LA K-FOOD FAIR,Sheraton Grand Los Angeles,2018,9,6,"[K19] I’M DNL CO., LTD",가공식품,2017,,www. younmifoods.com
2018 LA K-FOOD FAIR,Sheraton Grand Los Angeles,2018,9,6,BeRM INTERNATIONAL,수출업 수입업 연구및개발업,2017,,www.bermintl.com
2018 LA K-FOOD FAIR,Sheraton Grand Los Angeles,2018,9,6,"SERIM HYUNMI CO., LTD.",식물성유지,2003,"24, Gongdan 1-gil, Jeongeup-si, Jeolabuk-do, Republic of Korea",www.serim.kr
2018 LA K-FOOD FAIR,Sheraton Grand Los Angeles,2018,9,6,RAON,무역,2017,,
2018 LA K-FOOD FAIR,Sheraton Grand Los Angeles,2018,9,6,"SAONGWON CO.,LTD","냉동식품,수출업",1995,"76-17, Hansam-ro 153beon-gil, Daeso-myeon, Eumseong-gun, Chungcheongbuk-do, Republic of Korea",www.saongwon.com
2018 LA K-FOOD FAIR,Sheraton Grand Los Angeles,2018,9,6,TEAZEN.Inc.,"다류, 식품, 무역",2001,"80-23, Daeun-gil, Gyegok-myeon, Haenam-gun, Jeollanam-do",www.teazen.co.kr
2018 LA K-FOOD FAIR,Sheraton Grand Los Angeles,2018,9,6,Hankook Tea Co.,차류,1951,,www.hankooktea.co.kr
2018 LA K-FOOD FAIR,Sheraton Grand Los Angeles,2018,9,6,Aureate,식품제조,2001,South Korea,www.aureate.co.kr
2018 LA K-FOOD FAIR,Sheraton Grand Los Angeles,2018,9,6,Georyu Agricultural Corporations,제조업,2007,,www.georyu.com
2018 LA K-FOOD FAIR,Sheraton Grand Los Angeles,2018,9,6,"BEBEFOOD KOREA CO., LTD.","조미식품,무역",2009,"25, Sagimakgol-ro 105beon-gil, Jungwon-gu, Seongnam-si, Gyeonggi-do, Republic of Korea",www.bebefood.co.kr
2018 LA K-FOOD FAIR,Sheraton Grand Los Angeles,2018,9,6,DAYWELLZ,"건강식품, 농산물",2017,"39, Janggi-ro 10-gil, Dalseo-gu, Daegu",www.daywellz.com
2018 LA K-FOOD FAIR,Sheraton Grand Los Angeles,2018,9,6,"Dong-Seo Pharm Well-Being Co., Ltd",건강기능식품제조,2011,,http://www.pharmds.co.kr
2018 LA K-FOOD FAIR,Sheraton Grand Los Angeles,2018,9,6,Ecopanax Co.Ltd.,홍삼한방제품,2013,"38, Hongsamhanbang-ro, Jinan-eup, Jinan-gun, Jeollabuk-do, Republic of Korea",www.ecopanax.com
2018 LA K-FOOD FAIR,Sheraton Grand Los Angeles,2018,9,6,"ORANGE PEOPLE CO .,LTD",제조업,2013,"#312, 150, Jojeong-daero, Hanam-si, Gyeonggi-do, 12930, South of Korea",www.cupful.co.kr
2018 LA K-FOOD FAIR,Sheraton Grand Los Angeles,2018,9,6,"Handofood Co.,Ltd.",누룽지 외,2008,"543-9, Sail-ro, Cheongtong-myeon, Yeongcheon-si, Gyeongsangbuk-do",www.handofood.co.kr
2018 LA K-FOOD FAIR,Sheraton Grand Los Angeles,2018,9,6,Aureate,식품제조,2001,South Korea,www.aureate.co.kr
2018 LA K-FOOD FAIR,Sheraton Grand Los Angeles,2018,9,6,SEYEON FOODS,"식품제조, 유통, 프랜차이즈",2013,"14 Tecno Jungangdaero2gil, Yugaeup, Dalseonggun, Daegu, Korea",www.seyeonfoods.com
2018 LA K-FOOD FAIR,Sheraton Grand Los Angeles,2018,9,6,"HANMIRAE FOOD CO., LTD","도소매,제조업,무역",2013,"No, 9-61, Yeongdong-gil,Hamchang-eup, Sangju city, Gyeongsangbuk-do, Korea",http://hanmirae.kr
2018 LA K-FOOD FAIR,Sheraton Grand Los Angeles,2018,9,6,"ORANGE PEOPLE CO .,LTD",제조업,2013,"#312, 150, Jojeong-daero, Hanam-si, Gyeonggi-do, 12930, South of Korea",www.cupful.co.kr
2018 LA K-FOOD FAIR,Sheraton Grand Los Angeles,2018,9,6,"WONIL FOOD CO., LTD",식품 제조,1988,"28, Nambusunhwan-ro 378-gil, Gangnam-gu, Seoul",www.wonilfood.com
2018 LA K-FOOD FAIR,Sheraton Grand Los Angeles,2018,9,6,"Chungwoo Food Corp.,Ltd",제조업,2004,"54-3 Nonggongdanji-gil, Goa-eup, Gumi-si, Kyungsangbuk-do",www.chungwoofood.co.kr
2018 LA K-FOOD FAIR,Sheraton Grand Los Angeles,2018,9,6,Aureate,식품제조,2001,South Korea,www.aureate.co.kr
2018 LA K-FOOD FAIR,Sheraton Grand Los Angeles,2018,9,6,"HAEYEAREUM CO.,LTD",제조,2009,"1520 Seonammun-ro, Doch-myen Shinan-gun, Jeollanam-do Korea",www.haeyeareum.com
2018 LA K-FOOD FAIR,Sheraton Grand Los Angeles,2018,9,6,Pocheon eco-friendly mountain farming association corporation,농산물,2014,"62-11, Kkotbaesan 3-gil, Gunnae-myeon, Pocheon-si, Gyeonggi-do, Republic of Korea",www.sanchaeum.con
2018 LA K-FOOD FAIR,Sheraton Grand Los Angeles,2018,9,6,Chammiso Agricultural Corp.,"제조업,도매 및 소매",2000,"159, Ihwa-ro, Pyeongtaek-si, Gyeonggi-do, Republic of Korea",www.chammiso.co.kr
2018 LA K-FOOD FAIR,Sheraton Grand Los Angeles,2018,9,6,Hankook Tea Co.,차류,1951,,www.hankooktea.co.kr
2018 LA K-FOOD FAIR,Sheraton Grand Los Angeles,2018,9,6,Agricultural Corporation Aram Limited,농식품 제조,2014,"Suite 307,bidg#1,Venture Support Center,HanseoUeiversity,46,Hanseo-1Ro,Seosan City,Choognam,Korea(Post code:31962)",www.aramag.co.kr
2018 LA K-FOOD FAIR,Sheraton Grand Los Angeles,2018,9,6,"SERIM HYUNMI CO., LTD.",식물성유지,2003,"24, Gongdan 1-gil, Jeongeup-si, Jeolabuk-do, Republic of Korea",www.serim.kr
2018 LA K-FOOD FAIR,Sheraton Grand Los Angeles,2018,9,6,"Ourhome co.,Ltd","집단급식, 수출입업",,,www.ourhome.co.kr
2018 LA K-FOOD FAIR,Sheraton Grand Los Angeles,2018,9,6,"YOUNG POONG CO.,LTD",농식품가공,1993,"64, Seongseogongdanbuk-ro, Dalseo-gu, Daegu, 42712, KOREA",http://www.ypfoods.co.kr
2018 LA K-FOOD FAIR,Sheraton Grand Los Angeles,2018,9,6,RAON,무역,2017,,
2018 LA K-FOOD FAIR,Sheraton Grand Los Angeles,2018,9,6,[K20] JINJU,"식품가공.제조/식육/식육,농산물/임대/전산용역",1963,"441, Yeoksam-ro, Gangnam-gu, Seoul",N
2018 LA K-FOOD FAIR,Sheraton Grand Los Angeles,2018,9,6,Chammiso Agricultural Corp.,"제조업,도매 및 소매",2000,"159, Ihwa-ro, Pyeongtaek-si, Gyeonggi-do, Republic of Korea",www.chammiso.co.kr
2018 LA K-FOOD FAIR,Sheraton Grand Los Angeles,2018,9,6,"KEIL co., LTD.",식용곤충활용식품 제조업,2016,,
2018 LA K-FOOD FAIR,Sheraton Grand Los Angeles,2018,9,6,"Handofood Co.,Ltd.",누룽지 외,2008,"543-9, Sail-ro, Cheongtong-myeon, Yeongcheon-si, Gyeongsangbuk-do",www.handofood.co.kr
2018 LA K-FOOD FAIR,Sheraton Grand Los Angeles,2018,9,6,RAON,무역,2017,,
2018 LA K-FOOD FAIR,Sheraton Grand Los Angeles,2018,9,6,SEYEON FOODS,"식품제조, 유통, 프랜차이즈",2013,"14 Tecno Jungangdaero2gil, Yugaeup, Dalseonggun, Daegu, Korea",www.seyeonfoods.com
2018 LA K-FOOD FAIR,Sheraton Grand Los Angeles,2018,9,6,"SAONGWON CO.,LTD","냉동식품,수출업",1995,"76-17, Hansam-ro 153beon-gil, Daeso-myeon, Eumseong-gun, Chungcheongbuk-do, Republic of Korea",www.saongwon.com
2018 LA K-FOOD FAIR,Sheraton Grand Los Angeles,2018,9,6,Pocheon eco-friendly mountain farming association corporation,농산물,2014,"62-11, Kkotbaesan 3-gil, Gunnae-myeon, Pocheon-si, Gyeonggi-do, Republic of Korea",www.sanchaeum.con
2018 LA K-FOOD FAIR,Sheraton Grand Los Angeles,2018,9,6,"Bob Lee Burger System co.,Ltd","프랜차이즈컨설팅,가공식품,무역",2014,"14, Sangin-ro, Dalseo-gu, Daegu",www.bobleeburger.com
2018 LA K-FOOD FAIR,Sheraton Grand Los Angeles,2018,9,6,"YOUNG POONG CO.,LTD",농식품가공,1993,"64, Seongseogongdanbuk-ro, Dalseo-gu, Daegu, 42712, KOREA",http://www.ypfoods.co.kr
2018 LA K-FOOD FAIR,Sheraton Grand Los Angeles,2018,9,6,"Dong-Seo Pharm Well-Being Co., Ltd",건강기능식품제조,2011,,http://www.pharmds.co.kr
2018 LA K-FOOD FAIR,Sheraton Grand Los Angeles,2018,9,6,HB CORPORATION,수출입업,2009,"259-2, Sinseon-ro, Nam-gu, Busan",www.foodtrade.co.kr
2018 LA K-FOOD FAIR,Sheraton Grand Los Angeles,2018,9,6,RAON,무역,2017,,
2018 LA K-FOOD FAIR,Sheraton Grand Los Angeles,2018,9,6,"SERIM HYUNMI CO., LTD.",식물성유지,2003,"24, Gongdan 1-gil, Jeongeup-si, Jeolabuk-do, Republic of Korea",www.serim.kr
2018 LA K-FOOD FAIR,Sheraton Grand Los Angeles,2018,9,6,"Ourhome co.,Ltd","집단급식, 수출입업",,,www.ourhome.co.kr
2018 LA K-FOOD FAIR,Sheraton Grand Los Angeles,2018,9,6,TEAZEN.Inc.,"다류, 식품, 무역",2001,"80-23, Daeun-gil, Gyegok-myeon, Haenam-gun, Jeollanam-do",www.teazen.co.kr
2018 LA K-FOOD FAIR,Sheraton Grand Los Angeles,2018,9,6,Georyu Agricultural Corporations,제조업,2007,,www.georyu.com
2018 LA K-FOOD FAIR,Sheraton Grand Los Angeles,2018,9,6,SAMILFOOD,제조업,2003,95 Yeonmu-ro Yeonmu-eup Nonsan-si Chungcheonnam-do Republic of Korea,http://samilfood.kr
2018 LA K-FOOD FAIR,Sheraton Grand Los Angeles,2018,9,6,"[K09] FINE FT CO., LTD","식품제조가공업, 식품첨가물제조업 등",2007,"3524, Charyeong-ro, Jeongan-myeon, Gongju-si, Chungcheongnam-do, 32511, South Korea",www.fineft.co.kr
2018 LA K-FOOD FAIR,Sheraton Grand Los Angeles,2018,9,6,Pocheon eco-friendly mountain farming association corporation,농산물,2014,"62-11, Kkotbaesan 3-gil, Gunnae-myeon, Pocheon-si, Gyeonggi-do, Republic of Korea",www.sanchaeum.con
2018 LA K-FOOD FAIR,Sheraton Grand Los Angeles,2018,9,6,"BrandAcumen CO., LTD.",식품제조,2002,"A-1404, 53, mapo-daero, mapo-gu, seoul, 04158, Korea",http://www.superbeverage.co.kr/
2018 LA K-FOOD FAIR,Sheraton Grand Los Angeles,2018,9,6,"Bob Lee Burger System co.,Ltd","프랜차이즈컨설팅,가공식품,무역",2014,"14, Sangin-ro, Dalseo-gu, Daegu",www.bobleeburger.com
2018 LA K-FOOD FAIR,Sheraton Grand Los Angeles,2018,9,6,"ORANGE PEOPLE CO .,LTD",제조업,2013,"#312, 150, Jojeong-daero, Hanam-si, Gyeonggi-do, 12930, South of Korea",www.cupful.co.kr
2018 LA K-FOOD FAIR,Sheraton Grand Los Angeles,2018,9,6,E&B TRADE,무역업,2013,"27, NOKMYEONG 1-GIL, GAKNAM-MYEON, CHEONGDO-GUN, GYEONGSANGBUK-DO",N
2018 LA K-FOOD FAIR,Sheraton Grand Los Angeles,2018,9,6,Korean Pear Export INC.,수출업체,2014,"77, Gosokcheol-daero, Baebang-eup, Asan-si, Chungcheongnam-do",www.koreapear.com
2018 LA K-FOOD FAIR,Sheraton Grand Los Angeles,2018,9,6,E&B TRADE,무역업,2013,"27, NOKMYEONG 1-GIL, GAKNAM-MYEON, CHEONGDO-GUN, GYEONGSANGBUK-DO",N
2018 LA K-FOOD FAIR,Sheraton Grand Los Angeles,2018,9,6,Pocheon eco-friendly mountain farming association corporation,농산물,2014,"62-11, Kkotbaesan 3-gil, Gunnae-myeon, Pocheon-si, Gyeonggi-do, Republic of Korea",www.sanchaeum.con
2018 LA K-FOOD FAIR,Sheraton Grand Los Angeles,2018,9,6,[K20] JINJU,"식품가공.제조/식육/식육,농산물/임대/전산용역",1963,"441, Yeoksam-ro, Gangnam-gu, Seoul",N
2018 LA K-FOOD FAIR,Sheraton Grand Los Angeles,2018,9,6,"SAONGWON CO.,LTD","냉동식품,수출업",1995,"76-17, Hansam-ro 153beon-gil, Daeso-myeon, Eumseong-gun, Chungcheongbuk-do, Republic of Korea",www.saongwon.com
2018 LA K-FOOD FAIR,Sheraton Grand Los Angeles,2018,9,6,RAON,무역,2017,,
2018 LA K-FOOD FAIR,Sheraton Grand Los Angeles,2018,9,6,Ecopanax Co.Ltd.,홍삼한방제품,2013,"38, Hongsamhanbang-ro, Jinan-eup, Jinan-gun, Jeollabuk-do, Republic of Korea",www.ecopanax.com
2018 LA K-FOOD FAIR,Sheraton Grand Los Angeles,2018,9,6,[K29] SEORAKSAN GREEN FOOD CO.,농산물 가공,2014,"41-50, Powolsaemal-gil, Yangyang-eup, Yangyang-gun, Gangwon-do, Korea",www.sgreenfood.co.kr
2018 LA K-FOOD FAIR,Sheraton Grand Los Angeles,2018,9,6,Korean Pear Export INC.,수출업체,2014,"77, Gosokcheol-daero, Baebang-eup, Asan-si, Chungcheongnam-do",www.koreapear.com
2018 LA K-FOOD FAIR,Sheraton Grand Los Angeles,2018,9,6,"Chungwoo Food Corp.,Ltd",제조업,2004,"54-3 Nonggongdanji-gil, Goa-eup, Gumi-si, Kyungsangbuk-do",www.chungwoofood.co.kr
2018 LA K-FOOD FAIR,Sheraton Grand Los Angeles,2018,9,6,RAON,무역,2017,,
2018 LA K-FOOD FAIR,Sheraton Grand Los Angeles,2018,9,6,BeRM INTERNATIONAL,수출업 수입업 연구및개발업,2017,,www.bermintl.com
2018 LA K-FOOD FAIR,Sheraton Grand Los Angeles,2018,9,6,"HAEYEAREUM CO.,LTD",제조,2009,"1520 Seonammun-ro, Doch-myen Shinan-gun, Jeollanam-do Korea",www.haeyeareum.com
2018 LA K-FOOD FAIR,Sheraton Grand Los Angeles,2018,9,6,[K01] AGRICULTURAL COMPANY CORP JAYEONTEO,농산물.농산물가공.농산물,2015,"400, Seonghyeon-ro, Ilsandong-gu, Goyang-si, Gyeonggi-do",www.gentlematto.com
2018 LA K-FOOD FAIR,Sheraton Grand Los Angeles,2018,9,6,SEYEON FOODS,"식품제조, 유통, 프랜차이즈",2013,"14 Tecno Jungangdaero2gil, Yugaeup, Dalseonggun, Daegu, Korea",www.seyeonfoods.com
2018 LA K-FOOD FAIR,Sheraton Grand Los Angeles,2018,9,6,"Chungwoo Food Corp.,Ltd",제조업,2004,"54-3 Nonggongdanji-gil, Goa-eup, Gumi-si, Kyungsangbuk-do",www.chungwoofood.co.kr
2018 LA K-FOOD FAIR,Sheraton Grand Los Angeles,2018,9,6,"SERIM HYUNMI CO., LTD.",식물성유지,2003,"24, Gongdan 1-gil, Jeongeup-si, Jeolabuk-do, Republic of Korea",www.serim.kr
2018 LA K-FOOD FAIR,Sheraton Grand Los Angeles,2018,9,6,"Ourhome co.,Ltd","집단급식, 수출입업",,,www.ourhome.co.kr
2018 LA K-FOOD FAIR,Sheraton Grand Los Angeles,2018,9,6,"SERIM HYUNMI CO., LTD.",식물성유지,2003,"24, Gongdan 1-gil, Jeongeup-si, Jeolabuk-do, Republic of Korea",www.serim.kr
2018 LA K-FOOD FAIR,Sheraton Grand Los Angeles,2018,9,6,"[K09] FINE FT CO., LTD","식품제조가공업, 식품첨가물제조업 등",2007,"3524, Charyeong-ro, Jeongan-myeon, Gongju-si, Chungcheongnam-do, 32511, South Korea",www.fineft.co.kr
2018 LA K-FOOD FAIR,Sheraton Grand Los Angeles,2018,9,6,"KEIL co., LTD.",식용곤충활용식품 제조업,2016,,
2018 LA K-FOOD FAIR,Sheraton Grand Los Angeles,2018,9,6,Chammiso Agricultural Corp.,"제조업,도매 및 소매",2000,"159, Ihwa-ro, Pyeongtaek-si, Gyeonggi-do, Republic of Korea",www.chammiso.co.kr
2018 LA K-FOOD FAIR,Sheraton Grand Los Angeles,2018,9,6,DAYWELLZ,"건강식품, 농산물",2017,"39, Janggi-ro 10-gil, Dalseo-gu, Daegu",www.daywellz.com
2018 LA K-FOOD FAIR,Sheraton Grand Los Angeles,2018,9,6,Korean Pear Export INC.,수출업체,2014,"77, Gosokcheol-daero, Baebang-eup, Asan-si, Chungcheongnam-do",www.koreapear.com
2018 LA K-FOOD FAIR,Sheraton Grand Los Angeles,2018,9,6,E&B TRADE,무역업,2013,"27, NOKMYEONG 1-GIL, GAKNAM-MYEON, CHEONGDO-GUN, GYEONGSANGBUK-DO",N
2018 LA K-FOOD FAIR,Sheraton Grand Los Angeles,2018,9,6,[K29] SEORAKSAN GREEN FOOD CO.,농산물 가공,2014,"41-50, Powolsaemal-gil, Yangyang-eup, Yangyang-gun, Gangwon-do, Korea",www.sgreenfood.co.kr
2018 LA K-FOOD FAIR,Sheraton Grand Los Angeles,2018,9,6,"SAONGWON CO.,LTD","냉동식품,수출업",1995,"76-17, Hansam-ro 153beon-gil, Daeso-myeon, Eumseong-gun, Chungcheongbuk-do, Republic of Korea",www.saongwon.com
2018 LA K-FOOD FAIR,Sheraton Grand Los Angeles,2018,9,6,"BEBEFOOD KOREA CO., LTD.","조미식품,무역",2009,"25, Sagimakgol-ro 105beon-gil, Jungwon-gu, Seongnam-si, Gyeonggi-do, Republic of Korea",www.bebefood.co.kr
2018 LA K-FOOD FAIR,Sheraton Grand Los Angeles,2018,9,6,Georyu Agricultural Corporations,제조업,2007,,www.georyu.com
2018 LA K-FOOD FAIR,Sheraton Grand Los Angeles,2018,9,6,"Chungwoo Food Corp.,Ltd",제조업,2004,"54-3 Nonggongdanji-gil, Goa-eup, Gumi-si, Kyungsangbuk-do",www.chungwoofood.co.kr
2018 LA K-FOOD FAIR,Sheraton Grand Los Angeles,2018,9,6,"Handofood Co.,Ltd.",누룽지 외,2008,"543-9, Sail-ro, Cheongtong-myeon, Yeongcheon-si, Gyeongsangbuk-do",www.handofood.co.kr
2018 LA K-FOOD FAIR,Sheraton Grand Los Angeles,2018,9,6,DAYWELLZ,"건강식품, 농산물",2017,"39, Janggi-ro 10-gil, Dalseo-gu, Daegu",www.daywellz.com
2018 LA K-FOOD FAIR,Sheraton Grand Los Angeles,2018,9,6,Ecopanax Co.Ltd.,홍삼한방제품,2013,"38, Hongsamhanbang-ro, Jinan-eup, Jinan-gun, Jeollabuk-do, Republic of Korea",www.ecopanax.com
2018 LA K-FOOD FAIR,Sheraton Grand Los Angeles,2018,9,6,"Dong-Seo Pharm Well-Being Co., Ltd",건강기능식품제조,2011,,http://www.pharmds.co.kr
2018 LA K-FOOD FAIR,Sheraton Grand Los Angeles,2018,9,6,"[K09] FINE FT CO., LTD","식품제조가공업, 식품첨가물제조업 등",2007,"3524, Charyeong-ro, Jeongan-myeon, Gongju-si, Chungcheongnam-do, 32511, South Korea",www.fineft.co.kr
2018 LA K-FOOD FAIR,Sheraton Grand Los Angeles,2018,9,6,Agricultural Corporation Aram Limited,농식품 제조,2014,"Suite 307,bidg#1,Venture Support Center,HanseoUeiversity,46,Hanseo-1Ro,Seosan City,Choognam,Korea(Post code:31962)",www.aramag.co.kr
2018 LA K-FOOD FAIR,Sheraton Grand Los Angeles,2018,9,6,"BrandAcumen CO., LTD.",식품제조,2002,"A-1404, 53, mapo-daero, mapo-gu, seoul, 04158, Korea",http://www.superbeverage.co.kr/
2018 LA K-FOOD FAIR,Sheraton Grand Los Angeles,2018,9,6,"SAONGWON CO.,LTD","냉동식품,수출업",1995,"76-17, Hansam-ro 153beon-gil, Daeso-myeon, Eumseong-gun, Chungcheongbuk-do, Republic of Korea",www.saongwon.com
2018 LA K-FOOD FAIR,Sheraton Grand Los Angeles,2018,9,6,"ORANGE PEOPLE CO .,LTD",제조업,2013,"#312, 150, Jojeong-daero, Hanam-si, Gyeonggi-do, 12930, South of Korea",www.cupful.co.kr
2018 LA K-FOOD FAIR,Sheraton Grand Los Angeles,2018,9,6,"[K19] I’M DNL CO., LTD",가공식품,2017,,www. younmifoods.com
2018 LA K-FOOD FAIR,Sheraton Grand Los Angeles,2018,9,6,"HANSUNG FOOD CO ., LTD","제조, 도소매, 무역",1986,"9-10, Ojeong-ro 134 Beon-gil, Ojeong-gu, Bucheon-si, Gyeonggi-do, KOREA",www.hskimchi.co.kr
2018 LA K-FOOD FAIR,Sheraton Grand Los Angeles,2018,9,6,Aureate,식품제조,2001,South Korea,www.aureate.co.kr
2018 LA K-FOOD FAIR,Sheraton Grand Los Angeles,2018,9,6,"BrandAcumen CO., LTD.",식품제조,2002,"A-1404, 53, mapo-daero, mapo-gu, seoul, 04158, Korea",http://www.superbeverage.co.kr/
2018 LA K-FOOD FAIR,Sheraton Grand Los Angeles,2018,9,6,Agricultural Corporation Aram Limited,농식품 제조,2014,"Suite 307,bidg#1,Venture Support Center,HanseoUeiversity,46,Hanseo-1Ro,Seosan City,Choognam,Korea(Post code:31962)",www.aramag.co.kr
2018 LA K-FOOD FAIR,Sheraton Grand Los Angeles,2018,9,6,TEAZEN.Inc.,"다류, 식품, 무역",2001,"80-23, Daeun-gil, Gyegok-myeon, Haenam-gun, Jeollanam-do",www.teazen.co.kr
2018 LA K-FOOD FAIR,Sheraton Grand Los Angeles,2018,9,6,"BrandAcumen CO., LTD.",식품제조,2002,"A-1404, 53, mapo-daero, mapo-gu, seoul, 04158, Korea",http://www.superbeverage.co.kr/
2018 LA K-FOOD FAIR,Sheraton Grand Los Angeles,2018,9,6,[K01] AGRICULTURAL COMPANY CORP JAYEONTEO,농산물.농산물가공.농산물,2015,"400, Seonghyeon-ro, Ilsandong-gu, Goyang-si, Gyeonggi-do",www.gentlematto.com
2018 LA K-FOOD FAIR,Sheraton Grand Los Angeles,2018,9,6,"HAEYEAREUM CO.,LTD",제조,2009,"1520 Seonammun-ro, Doch-myen Shinan-gun, Jeollanam-do Korea",www.haeyeareum.com
2018 LA K-FOOD FAIR,Sheraton Grand Los Angeles,2018,9,6,"BrandAcumen CO., LTD.",식품제조,2002,"A-1404, 53, mapo-daero, mapo-gu, seoul, 04158, Korea",http://www.superbeverage.co.kr/
2018 LA K-FOOD FAIR,Sheraton Grand Los Angeles,2018,9,6,BeRM INTERNATIONAL,수출업 수입업 연구및개발업,2017,,www.bermintl.com
2018 LA K-FOOD FAIR,Sheraton Grand Los Angeles,2018,9,6,"VILAC CO., LTD","액상시유, 연유, 발효유제품",1963,"152 Jaseong-ro, Munhyeon-dong, Nam-gu, Busan, Korea",www.vilac.co.kr
2018 LA K-FOOD FAIR,Sheraton Grand Los Angeles,2018,9,6,SEYEON FOODS,"식품제조, 유통, 프랜차이즈",2013,"14 Tecno Jungangdaero2gil, Yugaeup, Dalseonggun, Daegu, Korea",www.seyeonfoods.com
2018 LA K-FOOD FAIR,Sheraton Grand Los Angeles,2018,9,6,"WONIL FOOD CO., LTD",식품 제조,1988,"28, Nambusunhwan-ro 378-gil, Gangnam-gu, Seoul",www.wonilfood.com
2018 LA K-FOOD FAIR,Sheraton Grand Los Angeles,2018,9,6,TEAZEN.Inc.,"다류, 식품, 무역",2001,"80-23, Daeun-gil, Gyegok-myeon, Haenam-gun, Jeollanam-do",www.teazen.co.kr
2018 LA K-FOOD FAIR,Sheraton Grand Los Angeles,2018,9,6,Hankook Tea Co.,차류,1951,,www.hankooktea.co.kr
2018 LA K-FOOD FAIR,Sheraton Grand Los Angeles,2018,9,6,[K29] SEORAKSAN GREEN FOOD CO.,농산물 가공,2014,"41-50, Powolsaemal-gil, Yangyang-eup, Yangyang-gun, Gangwon-do, Korea",www.sgreenfood.co.kr
2018 LA K-FOOD FAIR,Sheraton Grand Los Angeles,2018,9,6,"SAONGWON CO.,LTD","냉동식품,수출업",1995,"76-17, Hansam-ro 153beon-gil, Daeso-myeon, Eumseong-gun, Chungcheongbuk-do, Republic of Korea",www.saongwon.com
2018 LA K-FOOD FAIR,Sheraton Grand Los Angeles,2018,9,6,SEYEON FOODS,"식품제조, 유통, 프랜차이즈",2013,"14 Tecno Jungangdaero2gil, Yugaeup, Dalseonggun, Daegu, Korea",www.seyeonfoods.com
2018 LA K-FOOD FAIR,Sheraton Grand Los Angeles,2018,9,6,"BEBEFOOD KOREA CO., LTD.","조미식품,무역",2009,"25, Sagimakgol-ro 105beon-gil, Jungwon-gu, Seongnam-si, Gyeonggi-do, Republic of Korea",www.bebefood.co.kr
2018 LA K-FOOD FAIR,Sheraton Grand Los Angeles,2018,9,6,"SAONGWON CO.,LTD","냉동식품,수출업",1995,"76-17, Hansam-ro 153beon-gil, Daeso-myeon, Eumseong-gun, Chungcheongbuk-do, Republic of Korea",www.saongwon.com
2018 LA K-FOOD FAIR,Sheraton Grand Los Angeles,2018,9,6,"[K19] I’M DNL CO., LTD",가공식품,2017,,www. younmifoods.com
2018 LA K-FOOD FAIR,Sheraton Grand Los Angeles,2018,9,6,HB CORPORATION,수출입업,2009,"259-2, Sinseon-ro, Nam-gu, Busan",www.foodtrade.co.kr
2018 LA K-FOOD FAIR,Sheraton Grand Los Angeles,2018,9,6,"VILAC CO., LTD","액상시유, 연유, 발효유제품",1963,"152 Jaseong-ro, Munhyeon-dong, Nam-gu, Busan, Korea",www.vilac.co.kr
2018 LA K-FOOD FAIR,Sheraton Grand Los Angeles,2018,9,6,"WONIL FOOD CO., LTD",식품 제조,1988,"28, Nambusunhwan-ro 378-gil, Gangnam-gu, Seoul",www.wonilfood.com
2018 LA K-FOOD FAIR,Sheraton Grand Los Angeles,2018,9,6,"HAEYEAREUM CO.,LTD",제조,2009,"1520 Seonammun-ro, Doch-myen Shinan-gun, Jeollanam-do Korea",www.haeyeareum.com
2018 LA K-FOOD FAIR,Sheraton Grand Los Angeles,2018,9,6,[K01] AGRICULTURAL COMPANY CORP JAYEONTEO,농산물.농산물가공.농산물,2015,"400, Seonghyeon-ro, Ilsandong-gu, Goyang-si, Gyeonggi-do",www.gentlematto.com
2018 LA K-FOOD FAIR,Sheraton Grand Los Angeles,2018,9,6,Agricultural Corporation Aram Limited,농식품 제조,2014,"Suite 307,bidg#1,Venture Support Center,HanseoUeiversity,46,Hanseo-1Ro,Seosan City,Choognam,Korea(Post code:31962)",www.aramag.co.kr
2018 LA K-FOOD FAIR,Sheraton Grand Los Angeles,2018,9,6,TEAZEN.Inc.,"다류, 식품, 무역",2001,"80-23, Daeun-gil, Gyegok-myeon, Haenam-gun, Jeollanam-do",www.teazen.co.kr
2018 LA K-FOOD FAIR,Sheraton Grand Los Angeles,2018,9,6,"Ourhome co.,Ltd","집단급식, 수출입업",,,www.ourhome.co.kr
2018 LA K-FOOD FAIR,Sheraton Grand Los Angeles,2018,9,6,HB CORPORATION,수출입업,2009,"259-2, Sinseon-ro, Nam-gu, Busan",www.foodtrade.co.kr
2018 LA K-FOOD FAIR,Sheraton Grand Los Angeles,2018,9,6,"Handofood Co.,Ltd.",누룽지 외,2008,"543-9, Sail-ro, Cheongtong-myeon, Yeongcheon-si, Gyeongsangbuk-do",www.handofood.co.kr
2018 LA K-FOOD FAIR,Sheraton Grand Los Angeles,2018,9,6,"SERIM HYUNMI CO., LTD.",식물성유지,2003,"24, Gongdan 1-gil, Jeongeup-si, Jeolabuk-do, Republic of Korea",www.serim.kr
2018 LA K-FOOD FAIR,Sheraton Grand Los Angeles,2018,9,6,SEYEON FOODS,"식품제조, 유통, 프랜차이즈",2013,"14 Tecno Jungangdaero2gil, Yugaeup, Dalseonggun, Daegu, Korea",www.seyeonfoods.com
2018 LA K-FOOD FAIR,Sheraton Grand Los Angeles,2018,9,6,"HANSUNG FOOD CO ., LTD","제조, 도소매, 무역",1986,"9-10, Ojeong-ro 134 Beon-gil, Ojeong-gu, Bucheon-si, Gyeonggi-do, KOREA",www.hskimchi.co.kr
2018 LA K-FOOD FAIR,Sheraton Grand Los Angeles,2018,9,6,Korean Pear Export INC.,수출업체,2014,"77, Gosokcheol-daero, Baebang-eup, Asan-si, Chungcheongnam-do",www.koreapear.com
2018 LA K-FOOD FAIR,Sheraton Grand Los Angeles,2018,9,6,DAYWELLZ,"건강식품, 농산물",2017,"39, Janggi-ro 10-gil, Dalseo-gu, Daegu",www.daywellz.com
2018 LA K-FOOD FAIR,Sheraton Grand Los Angeles,2018,9,6,Ecopanax Co.Ltd.,홍삼한방제품,2013,"38, Hongsamhanbang-ro, Jinan-eup, Jinan-gun, Jeollabuk-do, Republic of Korea",www.ecopanax.com
2018 LA K-FOOD FAIR,Sheraton Grand Los Angeles,2018,9,6,"YOUNG POONG CO.,LTD",농식품가공,1993,"64, Seongseogongdanbuk-ro, Dalseo-gu, Daegu, 42712, KOREA",http://www.ypfoods.co.kr
2018 LA K-FOOD FAIR,Sheraton Grand Los Angeles,2018,9,6,"Ourhome co.,Ltd","집단급식, 수출입업",,,www.ourhome.co.kr
2018 LA K-FOOD FAIR,Sheraton Grand Los Angeles,2018,9,6,"HANMIRAE FOOD CO., LTD","도소매,제조업,무역",2013,"No, 9-61, Yeongdong-gil,Hamchang-eup, Sangju city, Gyeongsangbuk-do, Korea",http://hanmirae.kr
2018 LA K-FOOD FAIR,Sheraton Grand Los Angeles,2018,9,6,"Handofood Co.,Ltd.",누룽지 외,2008,"543-9, Sail-ro, Cheongtong-myeon, Yeongcheon-si, Gyeongsangbuk-do",www.handofood.co.kr
2018 LA K-FOOD FAIR,Sheraton Grand Los Angeles,2018,9,6,"Bob Lee Burger System co.,Ltd","프랜차이즈컨설팅,가공식품,무역",2014,"14, Sangin-ro, Dalseo-gu, Daegu",www.bobleeburger.com
2018 LA K-FOOD FAIR,Sheraton Grand Los Angeles,2018,9,6,"WONIL FOOD CO., LTD",식품 제조,1988,"28, Nambusunhwan-ro 378-gil, Gangnam-gu, Seoul",www.wonilfood.com
2018 LA K-FOOD FAIR,Sheraton Grand Los Angeles,2018,9,6,Hankook Tea Co.,차류,1951,,www.hankooktea.co.kr
2018 LA K-FOOD FAIR,Sheraton Grand Los Angeles,2018,9,6,[K01] AGRICULTURAL COMPANY CORP JAYEONTEO,농산물.농산물가공.농산물,2015,"400, Seonghyeon-ro, Ilsandong-gu, Goyang-si, Gyeonggi-do",www.gentlematto.com
2018 LA K-FOOD FAIR,Sheraton Grand Los Angeles,2018,9,6,"WONIL FOOD CO., LTD",식품 제조,1988,"28, Nambusunhwan-ro 378-gil, Gangnam-gu, Seoul",www.wonilfood.com
2018 LA K-FOOD FAIR,Sheraton Grand Los Angeles,2018,9,6,Chammiso Agricultural Corp.,"제조업,도매 및 소매",2000,"159, Ihwa-ro, Pyeongtaek-si, Gyeonggi-do, Republic of Korea",www.chammiso.co.kr
2018 LA K-FOOD FAIR,Sheraton Grand Los Angeles,2018,9,6,"SEOJIN ACCESS CO., LTD.",농수산물수출입,2014,"97, Centum jungang-ro, Haeundae-gu, Busan",www.sjaccess.co.kr
2018 LA K-FOOD FAIR,Sheraton Grand Los Angeles,2018,9,6,Chammiso Agricultural Corp.,"제조업,도매 및 소매",2000,"159, Ihwa-ro, Pyeongtaek-si, Gyeonggi-do, Republic of Korea",www.chammiso.co.kr
2018 LA K-FOOD FAIR,Sheraton Grand Los Angeles,2018,9,6,RAON,무역,2017,,
2018 LA K-FOOD FAIR,Sheraton Grand Los Angeles,2018,9,6,"KEIL co., LTD.",식용곤충활용식품 제조업,2016,,
2018 LA K-FOOD FAIR,Sheraton Grand Los Angeles,2018,9,6,[K01] AGRICULTURAL COMPANY CORP JAYEONTEO,농산물.농산물가공.농산물,2015,"400, Seonghyeon-ro, Ilsandong-gu, Goyang-si, Gyeonggi-do",www.gentlematto.com
2018 LA K-FOOD FAIR,Sheraton Grand Los Angeles,2018,9,6,Pocheon eco-friendly mountain farming association corporation,농산물,2014,"62-11, Kkotbaesan 3-gil, Gunnae-myeon, Pocheon-si, Gyeonggi-do, Republic of Korea",www.sanchaeum.con
2018 LA K-FOOD FAIR,Sheraton Grand Los Angeles,2018,9,6,E&B TRADE,무역업,2013,"27, NOKMYEONG 1-GIL, GAKNAM-MYEON, CHEONGDO-GUN, GYEONGSANGBUK-DO",N
2018 LA K-FOOD FAIR,Sheraton Grand Los Angeles,2018,9,6,Korean Pear Export INC.,수출업체,2014,"77, Gosokcheol-daero, Baebang-eup, Asan-si, Chungcheongnam-do",www.koreapear.com
2018 LA K-FOOD FAIR,Sheraton Grand Los Angeles,2018,9,6,"VILAC CO., LTD","액상시유, 연유, 발효유제품",1963,"152 Jaseong-ro, Munhyeon-dong, Nam-gu, Busan, Korea",www.vilac.co.kr
2018 LA K-FOOD FAIR,Sheraton Grand Los Angeles,2018,9,6,"SAONGWON CO.,LTD","냉동식품,수출업",1995,"76-17, Hansam-ro 153beon-gil, Daeso-myeon, Eumseong-gun, Chungcheongbuk-do, Republic of Korea",www.saongwon.com
2018 LA K-FOOD FAIR,Sheraton Grand Los Angeles,2018,9,6,"Bob Lee Burger System co.,Ltd","프랜차이즈컨설팅,가공식품,무역",2014,"14, Sangin-ro, Dalseo-gu, Daegu",www.bobleeburger.com
2018 LA K-FOOD FAIR,Sheraton Grand Los Angeles,2018,9,6,Pocheon eco-friendly mountain farming association corporation,농산물,2014,"62-11, Kkotbaesan 3-gil, Gunnae-myeon, Pocheon-si, Gyeonggi-do, Republic of Korea",www.sanchaeum.con
2018 LA K-FOOD FAIR,Sheraton Grand Los Angeles,2018,9,6,DAYWELLZ,"건강식품, 농산물",2017,"39, Janggi-ro 10-gil, Dalseo-gu, Daegu",www.daywellz.com
2018 LA K-FOOD FAIR,Sheraton Grand Los Angeles,2018,9,6,"Dong-Seo Pharm Well-Being Co., Ltd",건강기능식품제조,2011,,http://www.pharmds.co.kr
2018 LA K-FOOD FAIR,Sheraton Grand Los Angeles,2018,9,6,Chammiso Agricultural Corp.,"제조업,도매 및 소매",2000,"159, Ihwa-ro, Pyeongtaek-si, Gyeonggi-do, Republic of Korea",www.chammiso.co.kr
2018 LA K-FOOD FAIR,Sheraton Grand Los Angeles,2018,9,6,SAMILFOOD,제조업,2003,95 Yeonmu-ro Yeonmu-eup Nonsan-si Chungcheonnam-do Republic of Korea,http://samilfood.kr
2018 LA K-FOOD FAIR,Sheraton Grand Los Angeles,2018,9,6,"BEBEFOOD KOREA CO., LTD.","조미식품,무역",2009,"25, Sagimakgol-ro 105beon-gil, Jungwon-gu, Seongnam-si, Gyeonggi-do, Republic of Korea",www.bebefood.co.kr
2018 LA K-FOOD FAIR,Sheraton Grand Los Angeles,2018,9,6,HB CORPORATION,수출입업,2009,"259-2, Sinseon-ro, Nam-gu, Busan",www.foodtrade.co.kr
2018 LA K-FOOD FAIR,Sheraton Grand Los Angeles,2018,9,6,"[K09] FINE FT CO., LTD","식품제조가공업, 식품첨가물제조업 등",2007,"3524, Charyeong-ro, Jeongan-myeon, Gongju-si, Chungcheongnam-do, 32511, South Korea",www.fineft.co.kr
2018 LA K-FOOD FAIR,Sheraton Grand Los Angeles,2018,9,6,Ecopanax Co.Ltd.,홍삼한방제품,2013,"38, Hongsamhanbang-ro, Jinan-eup, Jinan-gun, Jeollabuk-do, Republic of Korea",www.ecopanax.com
2018 LA K-FOOD FAIR,Sheraton Grand Los Angeles,2018,9,6,"Dong-Seo Pharm Well-Being Co., Ltd",건강기능식품제조,2011,,http://www.pharmds.co.kr
2018 LA K-FOOD FAIR,Sheraton Grand Los Angeles,2018,9,6,"KEIL co., LTD.",식용곤충활용식품 제조업,2016,,
2018 LA K-FOOD FAIR,Sheraton Grand Los Angeles,2018,9,6,[K01] AGRICULTURAL COMPANY CORP JAYEONTEO,농산물.농산물가공.농산물,2015,"400, Seonghyeon-ro, Ilsandong-gu, Goyang-si, Gyeonggi-do",www.gentlematto.com
2018 LA K-FOOD FAIR,Sheraton Grand Los Angeles,2018,9,6,"[K09] FINE FT CO., LTD","식품제조가공업, 식품첨가물제조업 등",2007,"3524, Charyeong-ro, Jeongan-myeon, Gongju-si, Chungcheongnam-do, 32511, South Korea",www.fineft.co.kr
2018 LA K-FOOD FAIR,Sheraton Grand Los Angeles,2018,9,6,SEYEON FOODS,"식품제조, 유통, 프랜차이즈",2013,"14 Tecno Jungangdaero2gil, Yugaeup, Dalseonggun, Daegu, Korea",www.seyeonfoods.com
2018 LA K-FOOD FAIR,Sheraton Grand Los Angeles,2018,9,6,"HANSUNG FOOD CO ., LTD","제조, 도소매, 무역",1986,"9-10, Ojeong-ro 134 Beon-gil, Ojeong-gu, Bucheon-si, Gyeonggi-do, KOREA",www.hskimchi.co.kr
2018 LA K-FOOD FAIR,Sheraton Grand Los Angeles,2018,9,6,Georyu Agricultural Corporations,제조업,2007,,www.georyu.com
2018 LA K-FOOD FAIR,Sheraton Grand Los Angeles,2018,9,6,Agricultural Corporation Aram Limited,농식품 제조,2014,"Suite 307,bidg#1,Venture Support Center,HanseoUeiversity,46,Hanseo-1Ro,Seosan City,Choognam,Korea(Post code:31962)",www.aramag.co.kr
2018 LA K-FOOD FAIR,Sheraton Grand Los Angeles,2018,9,6,"KEIL co., LTD.",식용곤충활용식품 제조업,2016,,
2018 LA K-FOOD FAIR,Sheraton Grand Los Angeles,2018,9,6,[K01] AGRICULTURAL COMPANY CORP JAYEONTEO,농산물.농산물가공.농산물,2015,"400, Seonghyeon-ro, Ilsandong-gu, Goyang-si, Gyeonggi-do",www.gentlematto.com
2018 LA K-FOOD FAIR,Sheraton Grand Los Angeles,2018,9,6,HB CORPORATION,수출입업,2009,"259-2, Sinseon-ro, Nam-gu, Busan",www.foodtrade.co.kr
2018 LA K-FOOD FAIR,Sheraton Grand Los Angeles,2018,9,6,"ORANGE PEOPLE CO .,LTD",제조업,2013,"#312, 150, Jojeong-daero, Hanam-si, Gyeonggi-do, 12930, South of Korea",www.cupful.co.kr
2018 LA K-FOOD FAIR,Sheraton Grand Los Angeles,2018,9,6,"KEIL co., LTD.",식용곤충활용식품 제조업,2016,,
2018 LA K-FOOD FAIR,Sheraton Grand Los Angeles,2018,9,6,"[K09] FINE FT CO., LTD","식품제조가공업, 식품첨가물제조업 등",2007,"3524, Charyeong-ro, Jeongan-myeon, Gongju-si, Chungcheongnam-do, 32511, South Korea",www.fineft.co.kr
2018 LA K-FOOD FAIR,Sheraton Grand Los Angeles,2018,9,6,Hankook Tea Co.,차류,1951,,www.hankooktea.co.kr
2018 LA K-FOOD FAIR,Sheraton Grand Los Angeles,2018,9,6,RAON,무역,2017,,
2018 LA K-FOOD FAIR,Sheraton Grand Los Angeles,2018,9,6,Pocheon eco-friendly mountain farming association corporation,농산물,2014,"62-11, Kkotbaesan 3-gil, Gunnae-myeon, Pocheon-si, Gyeonggi-do, Republic of Korea",www.sanchaeum.con
2018 LA K-FOOD FAIR,Sheraton Grand Los Angeles,2018,9,6,[K20] JINJU,"식품가공.제조/식육/식육,농산물/임대/전산용역",1963,"441, Yeoksam-ro, Gangnam-gu, Seoul",N
2018 LA K-FOOD FAIR,Sheraton Grand Los Angeles,2018,9,6,"YOUNG POONG CO.,LTD",농식품가공,1993,"64, Seongseogongdanbuk-ro, Dalseo-gu, Daegu, 42712, KOREA",http://www.ypfoods.co.kr
2018 LA K-FOOD FAIR,Sheraton Grand Los Angeles,2018,9,6,"Bob Lee Burger System co.,Ltd","프랜차이즈컨설팅,가공식품,무역",2014,"14, Sangin-ro, Dalseo-gu, Daegu",www.bobleeburger.com
2018 LA K-FOOD FAIR,Sheraton Grand Los Angeles,2018,9,6,Georyu Agricultural Corporations,제조업,2007,,www.georyu.com
2018 하반기 대규모 수출상담회(BKF),aT 센터,2018,10,24,"[K26] PALDO CO., LTD","면, 음료 제조",1969,"577 GANGNAMDAERO, SEOCHO-GU, SEOUL, KOREA",www.paldofood.com
2018 하반기 대규모 수출상담회(BKF),aT 센터,2018,10,24,"Applease Korea Brewery co., ltd",제조업,1996,"755 Iljikjeomgok-ro Danchon-myeon, Uiseong-gun, Gyeongsangbuk-do",http://www.applewine.co.kr
2018 하반기 대규모 수출상담회(BKF),aT 센터,2018,10,24,HARIM CORPORATION,"축산, 제조업, 도매, 도소매, 양계, 부화, 종계업, 육계가공, 사료 외",1986,Harim Corporation,harim.com
2018 하반기 대규모 수출상담회(BKF),aT 센터,2018,10,24,"MIWAMI CO., LTD",다류 수출업 무역,2009,"840-1 Noam-dong, Namwon-si, Jeollabuk-do, Korea",www.miwami.com
2018 하반기 대규모 수출상담회(BKF),aT 센터,2018,10,24,"HAITAI CONFECTIONERY AND FOODS CO., LTD",식품제조업,2001,"3, Hangang-daero 72-gil, Yongsan-gu, Seoul",eng.ht.co.kr/
2018 하반기 대규모 수출상담회(BKF),aT 센터,2018,10,24,PUNGGI GISENG COOPERATIVE ASSOCIATION,인삼제품 홍삼제품,1908,"32, Geumgye-ro, Punggi-eup, Yeongju-si, Gyeongsangbuk-do, Korea",www.kpgnh.co.kr
2018 하반기 대규모 수출상담회(BKF),aT 센터,2018,10,24,IKG KOREA,무역,2011,"45, Jojeong-daero, Hanam-si, Gyeonggi-do",www.ikgkorea.com
2018 하반기 대규모 수출상담회(BKF),aT 센터,2018,10,24,"Kukje Confectionery Co.,Ltd",과자 및 사탕류,1963,,www.melland.co.kr
2018 하반기 대규모 수출상담회(BKF),aT 센터,2018,10,24,"BAEKJE CORPORATION CO., LTD.","면류,떡류",2010,"209-7, OSEO-GIL, GWANGCHEON-EUP, HONGSEONG-GUN, CHUNGCHEONGNAM-DO, KOREA",www.bj1978.com
2018 하반기 대규모 수출상담회(BKF),aT 센터,2018,10,24,"SUNHAE Marine Co., Ltd","도소매,제조업,도소매",1999,"39-12 Gwangnaman-ro, Gwangju-si, Geonggi-do, Korea",www.sunhae.co.kr
2018 하반기 대규모 수출상담회(BKF),aT 센터,2018,10,24,"HAESER Products Co., Ltd.","수산물가공업,건강보조음료",2011,"79-13, Geumgwan-daero 804beon-gil, Gimhae-si, Gyeongsangnam-do, Republic of Korea",www.haeser-cnt.com
2018 하반기 대규모 수출상담회(BKF),aT 센터,2018,10,24,"Hyundai F&B Co.,Ltd.","과자류, 음료, 캔디류",2008,,www.hdfnbkorea.com
2018 하반기 대규모 수출상담회(BKF),aT 센터,2018,10,24,"G.EAST. CO., LTD.","제조, 도소매, 무역, 유통전문판매업",2008,"A-13F, 247, Gonghangdae-ro, Gangseo-gu, Seoul, Korea",www.geast.co.kr
2018 하반기 대규모 수출상담회(BKF),aT 센터,2018,10,24,"[K23] NAMDOFOOD CO., LTD.",농수산 식품 제조 가공업,,,
2018 하반기 대규모 수출상담회(BKF),aT 센터,2018,10,24,JAEWON GLOBAL NET,"가공식품 제조, 도매",2007,"87, Cheongbaengni-ro 697beon-gil, Baeksa-myeon, Icheon-si, Gyeonggi-do",www.goodandwell.co.kr
2018 하반기 대규모 수출상담회(BKF),aT 센터,2018,10,24,E&B TRADE,무역업,2013,"27, NOKMYEONG 1-GIL, GAkNAM-MYEON, CHEONGDO-GUN, GYEONGSANGBUK-DO.KOREA",N
2018 하반기 대규모 수출상담회(BKF),aT 센터,2018,10,24,"Joowon Atsa Ducks Co.,Ltd","육가공품,가금(오리),일반한식",2002,"941-5, Jingwang-ro, Gwanghyewon-myeon, Jincheon-gun, Chungcheongbuk-do, Korea 27809",www.joowonori.com
2018 하반기 대규모 수출상담회(BKF),aT 센터,2018,10,24,Namyoung Farm,농산물.한약재,1995,"90, Mugeum-ro, Muju-eup, Muju-gun, Jeollabuk-do",www.nyherb.co.kr
2018 하반기 대규모 수출상담회(BKF),aT 센터,2018,10,24,"mahanaim.co.,kr",도매업,2014,"20FL, STANDARD CHARTERED BANK BLDG 47, CHONGRO, CHONGRO -GU, SEOUL.",WWW.MHNCHINA.COM
2018 하반기 대규모 수출상담회(BKF),aT 센터,2018,10,24,"Applease Korea Brewery co., ltd",제조업,1996,"755 Iljikjeomgok-ro Danchon-myeon, Uiseong-gun, Gyeongsangbuk-do",http://www.applewine.co.kr
2018 하반기 대규모 수출상담회(BKF),aT 센터,2018,10,24,Saenam F&B,식품,2005,"28, Hwangsaeul-ro 200 beon-gil, Sungnam-si, Bundang-gu, Gyunggi-do",www.tacocafe.co.kr/
2018 하반기 대규모 수출상담회(BKF),aT 센터,2018,10,24,"dokdo trading co.,ltd","무역.농수산물,식품가공",2010,,y
2018 하반기 대규모 수출상담회(BKF),aT 센터,2018,10,24,"Geumsan Black Ginseng Co., Ltd",제조업/인삼제품,2013,"15,Insamyakchogongdan-ro, Buri-myeon, Geumsan-gun, Chungcheongnam-do, KOREA",www.kbgg.kr
2018 하반기 대규모 수출상담회(BKF),aT 센터,2018,10,24,"BOSUNGILUKJOKOREA CO.,LTD","제조업, 무역업, 소매업 (김치 및 절임식품)",2004,,N
2018 하반기 대규모 수출상담회(BKF),aT 센터,2018,10,24,Corp The Scent of Sea,제조 도매,2013,"46, Songho 1-gil, Sangnok-gu, Ansan-si, Gyeonggi-do",
2018 하반기 대규모 수출상담회(BKF),aT 센터,2018,10,24,NatureCell,"통조림, 음료, 장류, 생명과학제품",1971,"10, Gukhoe-daero 76-gil, Yeongdeungpo-gu, Seoul",www.naturecell.co.kr
2018 하반기 대규모 수출상담회(BKF),aT 센터,2018,10,24,"neniaplus co.,ltd.",도소매  무역 수출입,2017,"731, Gyeongchung-daero, Gonjiam-eup, Gwangju-si, Gyeonggi-do, Korea",www.urinenia.co.kr
2018 하반기 대규모 수출상담회(BKF),aT 센터,2018,10,24,"KEIL Co., LTD",식용곤충활용식품 제조업,2016,"#403, 4th Floor, 191, Dongho-ro, Jung-gu, Seoul, 04598, Korea",www.keilcorp.com
2018 하반기 대규모 수출상담회(BKF),aT 센터,2018,10,24,"SAVIA INT'L CO.,LTD.",수출/제조,2010,"W1417, hansinInterValley24, 322, Teheran-ro, Gangnam-gu, Seoul, Republic of Korea",www.saviaintl.com
2018 하반기 대규모 수출상담회(BKF),aT 센터,2018,10,24,SAMBUJACOMPANY,"조미김,신선농산물",2016,"79, Sangjanggonwit-rd, Seosu-myeon,Gunsan-city",www.sbjcompany.com
2018 하반기 대규모 수출상담회(BKF),aT 센터,2018,10,24,happyhouse,제조업,2017,,https://1daytea.modoo.at/
2018 하반기 대규모 수출상담회(BKF),aT 센터,2018,10,24,"SANDULHAE   CO .,LTD",농산물가공,2010,"59 GIGOKSONGSAN-GIL, DAMYANG-GUN, JEOLLANAM-DO, KOREA",
2018 하반기 대규모 수출상담회(BKF),aT 센터,2018,10,24,J&E Corporation,"제조, 유통, 무역",1995,"697, Pangyo-ro, Bundang-gu, Seongnam-si, Gyeonggi-do",www.jnekorea.com
2018 하반기 대규모 수출상담회(BKF),aT 센터,2018,10,24,"[K05] CHOLOCWON CO., LTD.",다류,2000,"45-15, Pyeongsa 1-gil, Jillyang-eup, Gyeongsan-si, Gyeongsangbuk-do, Korea, 38455",www.cholocwon.com
2018 하반기 대규모 수출상담회(BKF),aT 센터,2018,10,24,"HAITAI CONFECTIONERY AND FOODS CO., LTD",식품제조업,2001,"3, Hangang-daero 72-gil, Yongsan-gu, Seoul",eng.ht.co.kr/
2018 하반기 대규모 수출상담회(BKF),aT 센터,2018,10,24,"MIWAMI CO., LTD",다류 수출업 무역,2009,"840-1 Noam-dong, Namwon-si, Jeollabuk-do, Korea",www.miwami.com
2018 하반기 대규모 수출상담회(BKF),aT 센터,2018,10,24,PUNGGI GISENG COOPERATIVE ASSOCIATION,인삼제품 홍삼제품,1908,"32, Geumgye-ro, Punggi-eup, Yeongju-si, Gyeongsangbuk-do, Korea",www.kpgnh.co.kr
2018 하반기 대규모 수출상담회(BKF),aT 센터,2018,10,24,"[K26] PALDO CO., LTD","면, 음료 제조",1969,"577 GANGNAMDAERO, SEOCHO-GU, SEOUL, KOREA",www.paldofood.com
2018 하반기 대규모 수출상담회(BKF),aT 센터,2018,10,24,"Dae Young Foods Co.,Ltd.",식품제조가공업,1984,"302-1, Gumgul-ri, Boeun-eup, Boeun-gun, Choongbuk, Korea",www.daeyoungfoods.co.kr
2018 하반기 대규모 수출상담회(BKF),aT 센터,2018,10,24,"SAMMI COMMERCE CO.,LTD.",무역.식품잡화.통신판매,1994,"3F, 296, Jungdae-ro, Songpa-gu, Seoul, 05724, Korea",www.sammicms.co.kr
2018 하반기 대규모 수출상담회(BKF),aT 센터,2018,10,24,"[K23] NAMDOFOOD CO., LTD.",농수산 식품 제조 가공업,,,
2018 하반기 대규모 수출상담회(BKF),aT 센터,2018,10,24,"MANJUN FOODS CO., LTD.",제조 & 무역,1979,,www.manjun.net
2018 하반기 대규모 수출상담회(BKF),aT 센터,2018,10,24,badaone,"건어물, 건어물 가공, 무역업",1995,"495 Dunchondae-Ro, Jungwon-Gu, Seongnam City, Kyunggi Province",www.badaone.co.kr
2018 하반기 대규모 수출상담회(BKF),aT 센터,2018,10,24,PUNGGI PREMIUM GOODS AGRICULTURAL COOPERATIVE,"제조, 유통",1995,"1118, Jungnyeong-ro, Punggi-eup, Yeongju-si, Gyeongsangbuk-do, Republic of Korea",www.kpch.co.kr
2018 하반기 대규모 수출상담회(BKF),aT 센터,2018,10,24,"Maeil Dairies Co, Ltd",제조업,1969,,http://www.maeil.com/
2018 하반기 대규모 수출상담회(BKF),aT 센터,2018,10,24,SAJO HAEPYO CORPORATION,농수산물외,2004,"482-2,BANGBAE-3DONG,SEOCHO-KU,SEOUL,KOREA",www.sajohp.com
2018 하반기 대규모 수출상담회(BKF),aT 센터,2018,10,24,NH TRADING,"무역,주류수출,축산물수입판매,농수산물,오퍼상",1990,"7, Olympic-ro 48-gil, Gangdong-gu, Seoul, Republic of Korea",
2018 하반기 대규모 수출상담회(BKF),aT 센터,2018,10,24,"SIK Co., Ltd",식음료,2004,"436 Yanghwa-Ro,Neungseo-Myeon,Yeoju City,Gyeonggi,Korea",http://www.sikco.kr/
2018 하반기 대규모 수출상담회(BKF),aT 센터,2018,10,24,"Hyundai Green Food Co., Ltd",식품접객업,1967,"30, Munin-ro, Suji-gu, Yongin-si, Gyeonggi-do",hyundaigreenfood.com
2018 하반기 대규모 수출상담회(BKF),aT 센터,2018,10,24,HANDIUM,도소매,2014,,www.handium.co.kr
2018 하반기 대규모 수출상담회(BKF),aT 센터,2018,10,24,NongHyup,도소매,1961,"16, Saemunan-ro, Jung-gu, Seoul",www.nonghyup.com
2018 하반기 대규모 수출상담회(BKF),aT 센터,2018,10,24,"SUNG GYUNG FOOD Co.,Ltd",수산식품물가공품,1994,"351 sintanjin-ro, daedeok-gu, daejeon. KOREA.",www.sgkim.co.kr
2018 하반기 대규모 수출상담회(BKF),aT 센터,2018,10,24,"SUNG GYUNG FOOD Co.,Ltd",수산식품물가공품,1994,"351 sintanjin-ro, daedeok-gu, daejeon. KOREA.",www.sgkim.co.kr
2018 하반기 대규모 수출상담회(BKF),aT 센터,2018,10,24,NongHyup,도소매,1961,"16, Saemunan-ro, Jung-gu, Seoul",www.nonghyup.com
2018 하반기 대규모 수출상담회(BKF),aT 센터,2018,10,24,Agricultural corporation RICHBIO,"농산물(인삼, 과실음료), 농산물(유통,판매,수출)",2017,"Sobaek-ro 1701beon-gil Bonghyeon-myeon, Yeongju-si, Gyeongsangbuk-do(36045), Rep of KOREA",http://richbio.co.kr
2018 하반기 대규모 수출상담회(BKF),aT 센터,2018,10,24,sungshin food,제조,2003,"10, dongchonyeoksa-ro 3-gil, dong-gu, Daegu, Korea",www.sungshinfood.co.kr
2018 하반기 대규모 수출상담회(BKF),aT 센터,2018,10,24,Korean pears cooperative union,농업,2012,"218, Dusan-gil, Munsan-eup, Jinju-si, Gyeongsangnam-do",N
2018 하반기 대규모 수출상담회(BKF),aT 센터,2018,10,24,Ecopanax Co.Ltd.,홍삼한방제품,2013,"38, Hongsamhanbang-ro, Jinan-eup, Jinan-gun, Jeollabuk-do, Republic of Korea",www.ecopanax.com
2018 하반기 대규모 수출상담회(BKF),aT 센터,2018,10,24,"HEE CHANG DAIRY AND FOOD INDUSTRY CO, LTD",식품 제조업,1969,"114, Singi-ro, Yangsan-si, Gyeongsangnam-do, Korea",www.heechang.com
2018 하반기 대규모 수출상담회(BKF),aT 센터,2018,10,24,yejufood.ltd,한과,2013,,
2018 하반기 대규모 수출상담회(BKF),aT 센터,2018,10,24,"SANDULHAE   CO .,LTD",농산물가공,2010,"59 GIGOKSONGSAN-GIL, DAMYANG-GUN, JEOLLANAM-DO, KOREA",
2018 하반기 대규모 수출상담회(BKF),aT 센터,2018,10,24,KANGLIM ORGANIC corp.,"유기농산물재배,판매,김치,식물성유지",1999,"510, Choha-ro, Chodong-myeon, Miryang-si, Gyeongsangnam-do",agricom.co.kr
2018 하반기 대규모 수출상담회(BKF),aT 센터,2018,10,24,GYEONG BUK CORPORATION,도소매,1994,"76-6, HYEONNAE-GIL, JILLYANG-EUP, GYEONGSAN-SI, GYEONGSANGBUK-DO, KOREA",www.gbci.co.kr
2018 하반기 대규모 수출상담회(BKF),aT 센터,2018,10,24,"Maeil Dairies Co, Ltd",제조업,1969,,http://www.maeil.com/
2018 하반기 대규모 수출상담회(BKF),aT 센터,2018,10,24,"SUNILFOOD CO.,LTD",무역,2011,"1, Sangdo-ro 13na-gil, Dongjak-gu, Seoul",
2018 하반기 대규모 수출상담회(BKF),aT 센터,2018,10,24,"AJUMMA REPUBLIC CO.,LTD","도소매,서비스",2016,"5F-513, 294 Banghwa-daero, Gangseo-gu, Seoul",www.ajummarepublic.co.kr
2018 하반기 대규모 수출상담회(BKF),aT 센터,2018,10,24,happyhouse,제조업,2017,,https://1daytea.modoo.at/
2018 하반기 대규모 수출상담회(BKF),aT 센터,2018,10,24,"NC CO.,LTD",식품가공 농산물,2010,838 DUKYAMRI CHEONGDOUP CHEONGGUN KYUNSANGBUKDO KOREA,www.naturalnc.co.kr
2018 하반기 대규모 수출상담회(BKF),aT 센터,2018,10,24,GIANT FARM,농업/제조업,2016,,http://rag0312.modoo.at
2018 하반기 대규모 수출상담회(BKF),aT 센터,2018,10,24,ChungSooFood Co.Ltd,수산물,1999,"50, Cheonggyeongdon 1-gil Cgeonggye-myeon, Muan-gun, Jellanam-do, Korea",www.saltcare.com
2018 하반기 대규모 수출상담회(BKF),aT 센터,2018,10,24,"Hyungkuk F&B Co., Ltd.","식품, 음료",2000,"23F, Mabang-Ro 60, Seocho-Gu, Seoul, 06775 Korea",www.hyungkuk.com
2018 하반기 대규모 수출상담회(BKF),aT 센터,2018,10,24,"[K26] PALDO CO., LTD","면, 음료 제조",1969,"577 GANGNAMDAERO, SEOCHO-GU, SEOUL, KOREA",www.paldofood.com
2018 하반기 대규모 수출상담회(BKF),aT 센터,2018,10,24,"TAEKWAN CO.,LTD.",무역업,2002,"#401, Jungwoo bldg, 178, Injung-ro, Jung-gu, Incheon, Korea",www.taekwan.co.kr
2018 하반기 대규모 수출상담회(BKF),aT 센터,2018,10,24,NatureCell,"통조림, 음료, 장류, 생명과학제품",1971,"10, Gukhoe-daero 76-gil, Yeongdeungpo-gu, Seoul",www.naturecell.co.kr
2018 하반기 대규모 수출상담회(BKF),aT 센터,2018,10,24,Hankook Tea Co.,차류,1951,,www.hankooktea.co.kr
2018 하반기 대규모 수출상담회(BKF),aT 센터,2018,10,24,ZARAM FOOD,건강식품,2017,"239-19, Haean-ro, Cheonggye-myeon, Muan-gun, Jeollanam-do",www.yesnicejuice.com
2018 하반기 대규모 수출상담회(BKF),aT 센터,2018,10,24,"SSMGLOBAL CO., LTD.","무역, 유통",2016,"385, Gulmi-ro, Juksan-myeon, Anseong-si, Gyeonggi-do, Korea",www.ssmglobal.co.kr
2018 하반기 대규모 수출상담회(BKF),aT 센터,2018,10,24,Taehwa Food Inc.,"장류 (된장, 고추장, 쌈장, 간장)",1945,"81, Sanmakgongdan-ro, Yangsan-si, Gyeongsangnam-do, Republic of Korea",www.taehwafood.com
2018 하반기 대규모 수출상담회(BKF),aT 센터,2018,10,24,"DELLOS F&B CO.,LTD","잼류,음료류",2013,"159, USANGONGDAN-GIL, WONJU-SI, GANGWON-DO",N
2018 하반기 대규모 수출상담회(BKF),aT 센터,2018,10,24,"SAMMI COMMERCE CO.,LTD.",무역.식품잡화.통신판매,1994,"3F, 296, Jungdae-ro, Songpa-gu, Seoul, 05724, Korea",www.sammicms.co.kr
2018 하반기 대규모 수출상담회(BKF),aT 센터,2018,10,24,Chammiso Agricultural Corp.,"제조업,도매 및 소매",2009,"159, Ihwa-ro, Pyeongtaek-si, Gyeonggi-do, Republic of Korea",www.chammiso.co.kr
2018 하반기 대규모 수출상담회(BKF),aT 센터,2018,10,24,"Ilhwa co.,ltd.",제조,1971,"21, Sangil-ro 6-gil, Gangdong-gu, Seoul",www.ilhwa.co.kr
2018 하반기 대규모 수출상담회(BKF),aT 센터,2018,10,24,J&E Corporation,"제조, 유통, 무역",1995,"697, Pangyo-ro, Bundang-gu, Seongnam-si, Gyeonggi-do",www.jnekorea.com
2018 하반기 대규모 수출상담회(BKF),aT 센터,2018,10,24,"[K05] CHOLOCWON CO., LTD.",다류,2000,"45-15, Pyeongsa 1-gil, Jillyang-eup, Gyeongsan-si, Gyeongsangbuk-do, Korea, 38455",www.cholocwon.com
2018 하반기 대규모 수출상담회(BKF),aT 센터,2018,10,24,yejufood.ltd,한과,2013,,
2018 하반기 대규모 수출상담회(BKF),aT 센터,2018,10,24,"Hyundai F&B Co.,Ltd.","과자류, 음료, 캔디류",2008,,www.hdfnbkorea.com
2018 하반기 대규모 수출상담회(BKF),aT 센터,2018,10,24,OKF Corporation,"식품,식품무역,무역(수출입업),수출대행업",1990,"54, Hakdong-ro 21-gil, Gangnam-gu, Seoul",www.okf.kr
2018 하반기 대규모 수출상담회(BKF),aT 센터,2018,10,24,les,식음료,2016,"4-7, Bangmulgwan-ro 1-gil, Gyeongsan-si, Gyeongsangbuk-do, Republic of Korea",www.LeSingular.com
2018 하반기 대규모 수출상담회(BKF),aT 센터,2018,10,24,"ROYALGREENS, KOREA DORAJI R&D",제조업,201,"#501 Novel Techno Blg. 288-24 Galmachiro, Jungwongu,Sungnam Gyeonggido, Rep. of Korea",www.royalgreens.co.kr
2018 하반기 대규모 수출상담회(BKF),aT 센터,2018,10,24,badaone,"건어물, 건어물 가공, 무역업",1995,"495 Dunchondae-Ro, Jungwon-Gu, Seongnam City, Kyunggi Province",www.badaone.co.kr
2018 하반기 대규모 수출상담회(BKF),aT 센터,2018,10,24,"BAEKGYUN FOOD SYSTEM CO.,LTD",무역,2006,"136 BANG HAK RO, DO BONG GU, SEOUL,KOREA",N
2018 하반기 대규모 수출상담회(BKF),aT 센터,2018,10,24,"BAEKJE CORPORATION CO., LTD.","면류,떡류",2010,"209-7, OSEO-GIL, GWANGCHEON-EUP, HONGSEONG-GUN, CHUNGCHEONGNAM-DO, KOREA",www.bj1978.com
2018 하반기 대규모 수출상담회(BKF),aT 센터,2018,10,24,"Welltural.Co.,Ltd","견과, 시리얼, 선식, 체중조절식품",2002,"17, sanyepdanji3gil, pengsaneup, Andongshi, Kyeongsangbuk-do, Korea",www.welltural.co.kr
2018 하반기 대규모 수출상담회(BKF),aT 센터,2018,10,24,"JINHYUN CO.,LTD",제조,2011,"109, Angok-ro, Gimhae-si, Gyeongsangnam-do",http://www.fresiweed.com/
2018 하반기 대규모 수출상담회(BKF),aT 센터,2018,10,24,[K32] TULIP INTERNATIONAL INC.,"기타식품, 무역, 제조",1999,"37, Teheran-ro 87-gil, Gangnam-gu, Seoul",www.tulipint.com
2018 하반기 대규모 수출상담회(BKF),aT 센터,2018,10,24,WOOJIN CORPORATION,가공식품 제조업,2016,"104 Barokdong-gil, Boksu-myeon, Geumsan-gun, Chungcheongnam-do, Korea",www.woojinfoods.com
2018 하반기 대규모 수출상담회(BKF),aT 센터,2018,10,24,agricultural corp-hyoga,발효식품,2014,"76 milgiul-gil, sangnam-myeon, inje-gun, gangwon-do, korea",www.hyogafood.com
2018 하반기 대규모 수출상담회(BKF),aT 센터,2018,10,24,"Woongjin Foods Co.,Ltd",인삼제품 및 음료외,1976,"390, Jong-ro, Jongno-gu, Seoul",www.wjfood.com
2018 하반기 대규모 수출상담회(BKF),aT 센터,2018,10,24,SEAONE,식품,2014,"384, Sandan-ro, Jangheung-eup, Jangheung-gun, Jeollanam-do, Korea",www.seaonefood.kr
2018 하반기 대규모 수출상담회(BKF),aT 센터,2018,10,24,"Sinkiwon co., Ltd",도소매업,2018,,http://www.sinkiwon.com
2018 하반기 대규모 수출상담회(BKF),aT 센터,2018,10,24,"SAMHAE COMMERCIAL CO., LTD.","제조, 수출, 도 소매",1968,"25, Beobwon-ro 11-gil, Songpa-gu, Seoul",www.samhae.com
2018 하반기 대규모 수출상담회(BKF),aT 센터,2018,10,24,kkokdam,"꽃차,기타",2016,,www.iloveflowertea.com
2018 하반기 대규모 수출상담회(BKF),aT 센터,2018,10,24,jirisanhonghwain,"다류, 기타식품류",1998,"3-3, Okdong-gil, Yurim-myeon, Hamyang-gun, Gyeongsangnam-do, Republic of Korea",www.honghwain.co.kr
2018 하반기 대규모 수출상담회(BKF),aT 센터,2018,10,24,"[K09] FINE FT CO., LTD","식품제조가공업, 식품첨가물제조업 등",2007,"3524, Charyeong-ro, Jeongan-myeon, Gongju-si, Chungcheongnam-do, 32511, South Korea",www.fineft.co.kr
2018 하반기 대규모 수출상담회(BKF),aT 센터,2018,10,24,SAJO HAEPYO CORPORATION,농수산물외,2004,"482-2,BANGBAE-3DONG,SEOCHO-KU,SEOUL,KOREA",www.sajohp.com
2018 하반기 대규모 수출상담회(BKF),aT 센터,2018,10,24,BALHYOCHON,식초음료,2007,"307, Gaya-ro, Jillyang-eup, Gyeongsan-si, Gyeongsangbuk-do",www.balhyochon.com
2018 하반기 대규모 수출상담회(BKF),aT 센터,2018,10,24,"Dairyzen Co.,Ltd.",제조업,1999,"170, Munmakgongdan-gil, Munmak-eup, Wonju-si, Gangwon-do, 26362, Republic of Korea",www.dairyzen.co.kr
2018 하반기 대규모 수출상담회(BKF),aT 센터,2018,10,24,"Jaeho products co., ltd.","농수산물가공, 농수산물, 임대",1984,"196, Janglim-Ro, Saha-Gu, Busan-City, KOREA",www.jaeho.co.kr
2018 하반기 대규모 수출상담회(BKF),aT 센터,2018,10,24,"JS KOREA CO., LTD.","수산물 가공, 무역",2011,"21-13, Nonggongdanji 6-gil, Wando-eup, Wando-gun, Jeollanam-do",www.jskoreagroup.com
2018 하반기 대규모 수출상담회(BKF),aT 센터,2018,10,24,"LOTTE FOODS CO., LTD.","빙과, 유산균음료, 경화유, 마아가린, 연유, 낙농",1958,"19, Yangpyeong-ro 19-gil, Yeongdeungpo-gu, Seoul",http://www.lottefoods.co.kr/
2018 하반기 대규모 수출상담회(BKF),aT 센터,2018,10,24,YONSEI UNIVERSITY DAIRY,"낙농품,두유 등",1962,"829, Eumbong-ro, Asan-si, Chungcheongnamdo",www.yonseidairy.com
2018 하반기 대규모 수출상담회(BKF),aT 센터,2018,10,24,NH TRADING,"무역,주류수출,축산물수입판매,농수산물,오퍼상",1990,"7, Olympic-ro 48-gil, Gangdong-gu, Seoul, Republic of Korea",
2018 하반기 대규모 수출상담회(BKF),aT 센터,2018,10,24,"MORE CO., LTD.",식품 가공,2006,"113,DODONGGUYEOK-GIL,YEONGCHEON-SI,GYEONGSANGBUK-DO,KOREA",morecorp.co.kr
2018 하반기 대규모 수출상담회(BKF),aT 센터,2018,10,24,"mahanaim.co.,kr",도매업,2014,"20FL, STANDARD CHARTERED BANK BLDG 47, CHONGRO, CHONGRO -GU, SEOUL.",WWW.MHNCHINA.COM
2018 하반기 대규모 수출상담회(BKF),aT 센터,2018,10,24,mantrading,"무역, 음료, 컨설팅",2012,"9, Gaepo-ro 109-gil, Gangnam-gu, Seoul",www.matrading.co.kr
2018 하반기 대규모 수출상담회(BKF),aT 센터,2018,10,24,"worldfood.co.,Ltd","스낵류, 과자",2000,"10, Haeyang-ro 195beon-gil, Yeongdo-gu, Busan, Republic of Korea",www.murgerbon.com
2018 하반기 대규모 수출상담회(BKF),aT 센터,2018,10,24,PETRA Inc.,"도소매,제조업,서비스",2015,,N
2018 하반기 대규모 수출상담회(BKF),aT 센터,2018,10,24,"Welltural.Co.,Ltd","견과, 시리얼, 선식, 체중조절식품",2002,"17, sanyepdanji3gil, pengsaneup, Andongshi, Kyeongsangbuk-do, Korea",www.welltural.co.kr
2018 하반기 대규모 수출상담회(BKF),aT 센터,2018,10,24,HARIM CORPORATION,"축산, 제조업, 도매, 도소매, 양계, 부화, 종계업, 육계가공, 사료 외",1986,Harim Corporation,harim.com
2018 하반기 대규모 수출상담회(BKF),aT 센터,2018,10,24,"[K23] NAMDOFOOD CO., LTD.",농수산 식품 제조 가공업,,,
2018 하반기 대규모 수출상담회(BKF),aT 센터,2018,10,24,OKF Corporation,"식품,식품무역,무역(수출입업),수출대행업",1990,"54, Hakdong-ro 21-gil, Gangnam-gu, Seoul",www.okf.kr
2018 하반기 대규모 수출상담회(BKF),aT 센터,2018,10,24,"[K27] PUREPLUS CO., LTD","제조, 도소매",2002,"11, Sudongnonggong-gil, Sudong-myeon, Hamyang-gun, Gyeongsangnam-do",www.pureplus.co.kr
2018 하반기 대규모 수출상담회(BKF),aT 센터,2018,10,24,"Dae Young Foods Co.,Ltd.",식품제조가공업,1984,"302-1, Gumgul-ri, Boeun-eup, Boeun-gun, Choongbuk, Korea",www.daeyoungfoods.co.kr
2018 하반기 대규모 수출상담회(BKF),aT 센터,2018,10,24,"HANGILWELLBIO CO.,LTD.",제조업/ 농산물,2011,"35, Wolgok 2-gil, Cheongdo-eup, Cheongdo-gun, Gyeongsangbuk-do, Republic of Korea",www.foodmaster.kr
2018 하반기 대규모 수출상담회(BKF),aT 센터,2018,10,24,"Kwangdong Pharmaceutical Co.,Ltd",의약품/화장품/식품,1968,,www.ekdp.com
2018 하반기 대규모 수출상담회(BKF),aT 센터,2018,10,24,LINGERWATER Inc.,제조업,2017,"21, Baekbeom-ro 31-gil, Mapo-gu, Seoul",www.lingerwater.com
2018 하반기 대규모 수출상담회(BKF),aT 센터,2018,10,24,Prulant,"제조업, 도소매",2013,"No.116 Marine Bio Center, 140 BAEGYANG-DAERO 700BEON-GIL, SASANG, BUSAN, KOREA",www.myrtree.co.kr
2018 하반기 대규모 수출상담회(BKF),aT 센터,2018,10,24,kooksoondang gochang myungju ltd,농산물 과실주 주박,2006,"(56400)  2197, Seonun-daero, Simwon-myeon, Gochang-gun, Jeollabuk-do",ksdbokbunja.com
2018 하반기 대규모 수출상담회(BKF),aT 센터,2018,10,24,"FOODMASTERGROUP.CO. ,LTD",도소매,2017,"4F, 215-6, Yulgok-ro, Jongno-Gu, Seoul,KOREA",www.drholipet.com
2018 하반기 대규모 수출상담회(BKF),aT 센터,2018,10,24,"DOHYANG CO., LTD.",양봉 외,2005,kyeongGiDo PoCheonSi ChangSuMyeon MeChiGorRo155,없음
2018 하반기 대규모 수출상담회(BKF),aT 센터,2018,10,24,"CHOGA CO., LTD",주류제조,2005,"33-12, Oegol-gil, Gimhwa-eup, Cheorwon-gun, Gangwon-do, 24055, Rep. of KOREA",www.choga.co.kr
2018 하반기 대규모 수출상담회(BKF),aT 센터,2018,10,24,"Kukje Confectionery Co.,Ltd",과자 및 사탕류,1963,,www.melland.co.kr
2018 하반기 대규모 수출상담회(BKF),aT 센터,2018,10,24,"LOTTE FOODS CO., LTD.","빙과, 유산균음료, 경화유, 마아가린, 연유, 낙농",1958,"19, Yangpyeong-ro 19-gil, Yeongdeungpo-gu, Seoul",http://www.lottefoods.co.kr/
2018 하반기 대규모 수출상담회(BKF),aT 센터,2018,10,24,"Woongjin Foods Co.,Ltd",인삼제품 및 음료외,1976,"390, Jong-ro, Jongno-gu, Seoul",www.wjfood.com
2018 하반기 대규모 수출상담회(BKF),aT 센터,2018,10,24,Anax Biopolis Korea,"증류식 소주, 리큐르주",2006,,
2018 하반기 대규모 수출상담회(BKF),aT 센터,2018,10,24,"SEOUL SAENG.CO.,LTD",제조업,2009,"Gwangnaru-ro 8-gil 19, Seongdong-gu, Seoul, Korea",www.seoulsaeng.com
2018 하반기 대규모 수출상담회(BKF),aT 센터,2018,10,24,Lotte Liquor,주류,1926,"Lotte Castle Gold 5F 7-18, Sincheon-dong, Songpa-gu, Seoul, S.Korea",www.lotteliquor.com
2018 하반기 대규모 수출상담회(BKF),aT 센터,2018,10,24,OSONDOSON,"제조업,도매및소매업",2012,"16, Nagwon-dong-gil, Oseoseo-myeon, Sangju-si, Gyeongsangbuk-do South Korea",WWW.happybio114.com
2018 하반기 대규모 수출상담회(BKF),aT 센터,2018,10,24,KEUMKANG B&F,청량음료외,1988,"106, Dusan-gil, Daesowon-myeon, Chungju-si, Chungcheongbuk-do, Republic of Korea",http://keumkangbnf.com/
2018 하반기 대규모 수출상담회(BKF),aT 센터,2018,10,24,"Dairyzen Co.,Ltd.",제조업,1999,"170, Munmakgongdan-gil, Munmak-eup, Wonju-si, Gangwon-do, 26362, Republic of Korea",www.dairyzen.co.kr
2018 하반기 대규모 수출상담회(BKF),aT 센터,2018,10,24,"neniaplus co.,ltd.",도소매  무역 수출입,2017,"731, Gyeongchung-daero, Gonjiam-eup, Gwangju-si, Gyeonggi-do, Korea",www.urinenia.co.kr
2018 하반기 대규모 수출상담회(BKF),aT 센터,2018,10,24,WOOJIN CORPORATION,가공식품 제조업,2016,"104 Barokdong-gil, Boksu-myeon, Geumsan-gun, Chungcheongnam-do, Korea",www.woojinfoods.com
2018 하반기 대규모 수출상담회(BKF),aT 센터,2018,10,24,Ye-hyang foods,떡류 또는 빵,2011,"22,Cheongyong 3-gil,Hoengseong-eup,Hoengseong-gun,Gangwon-do,Korea",www.uricake.com
2018 하반기 대규모 수출상담회(BKF),aT 센터,2018,10,24,"SJ CORE Co.,Ltd.",식료품제조,2013,"196-11, Daepyeong-gil, Goa-eup, Gumi-si, Gyeongsangbuk-do, Republic of Korea",www.kukdduk.com
2018 하반기 대규모 수출상담회(BKF),aT 센터,2018,10,24,"neniaplus co.,ltd.",도소매  무역 수출입,2017,"731, Gyeongchung-daero, Gonjiam-eup, Gwangju-si, Gyeonggi-do, Korea",www.urinenia.co.kr
2018 하반기 대규모 수출상담회(BKF),aT 센터,2018,10,24,"BAEKJE CORPORATION CO., LTD.","면류,떡류",2010,"209-7, OSEO-GIL, GWANGCHEON-EUP, HONGSEONG-GUN, CHUNGCHEONGNAM-DO, KOREA",www.bj1978.com
2018 하반기 대규모 수출상담회(BKF),aT 센터,2018,10,24,Corp The Scent of Sea,제조 도매,2013,"46, Songho 1-gil, Sangnok-gu, Ansan-si, Gyeonggi-do",
2018 하반기 대규모 수출상담회(BKF),aT 센터,2018,10,24,"AJUMMA REPUBLIC CO.,LTD","도소매,서비스",2016,"5F-513, 294 Banghwa-daero, Gangseo-gu, Seoul",www.ajummarepublic.co.kr
2018 하반기 대규모 수출상담회(BKF),aT 센터,2018,10,24,"SJ CORE Co.,Ltd.",식료품제조,2013,"196-11, Daepyeong-gil, Goa-eup, Gumi-si, Gyeongsangbuk-do, Republic of Korea",www.kukdduk.com
2018 하반기 대규모 수출상담회(BKF),aT 센터,2018,10,24,"YECHEON FOOD-BIO Co,. LTD","식음료품, 건강식품, 기능성식품",2017,"114, Doripdaehak-gil, Yecheon-eup, Yecheon-gun, Gyeongsangbuk-do",www.ssammall.com
2018 하반기 대규모 수출상담회(BKF),aT 센터,2018,10,24,Haenam Sweet Potato Cooperation,제조업,2015,"241, Haenamwhasan-Ro, Haenam-Eup, Haenam-Gun, Jeollanam-Do, South Korea.",
2018 하반기 대규모 수출상담회(BKF),aT 센터,2018,10,24,[K29] SEORAKSAN GREEN FOOD CO.,농산물 가공,2014,"41-50, Powolsaemal-gil, Yangyang-eup, Yangyang-gun, Gangwon-do, Korea",www.sgreenfood.co.kr
2018 하반기 대규모 수출상담회(BKF),aT 센터,2018,10,24,Green Family.Inc,"죽제품,식품제조.유통",1999,kyeong ki do wha seong-si an nyeong gil 66,"www,.green-family.co.kr"
2018 하반기 대규모 수출상담회(BKF),aT 센터,2018,10,24,"Sinkiwon co., Ltd",도소매업,2018,,http://www.sinkiwon.com
2018 하반기 대규모 수출상담회(BKF),aT 센터,2018,10,24,"JM Marketing Co., Ltd.",기타식품 외,2003,"502, 267, Sinjeong-ro, Yangcheon-gu, Seoul",
2018 하반기 대규모 수출상담회(BKF),aT 센터,2018,10,24,Uiseong Farm,제조업,2006,"376, Bibong-gil, Uiseong-eup, Uiseong-gun, Gyeongsangbuk-do, Republic of Korea",http://www.esmn.co.kr/
2018 하반기 대규모 수출상담회(BKF),aT 센터,2018,10,24,badaone,"건어물, 건어물 가공, 무역업",1995,"495 Dunchondae-Ro, Jungwon-Gu, Seongnam City, Kyunggi Province",www.badaone.co.kr
2018 하반기 대규모 수출상담회(BKF),aT 센터,2018,10,24,"Dairyzen Co.,Ltd.",제조업,1999,"170, Munmakgongdan-gil, Munmak-eup, Wonju-si, Gangwon-do, 26362, Republic of Korea",www.dairyzen.co.kr
2018 하반기 대규모 수출상담회(BKF),aT 센터,2018,10,24,"Woongjin Foods Co.,Ltd",인삼제품 및 음료외,1976,"390, Jong-ro, Jongno-gu, Seoul",www.wjfood.com
2018 하반기 대규모 수출상담회(BKF),aT 센터,2018,10,24,"FOODMASTERGROUP.CO. ,LTD",도소매,2017,"4F, 215-6, Yulgok-ro, Jongno-Gu, Seoul,KOREA",www.drholipet.com
2018 하반기 대규모 수출상담회(BKF),aT 센터,2018,10,24,"Maeil Dairies Co, Ltd",제조업,1969,,http://www.maeil.com/
2018 하반기 대규모 수출상담회(BKF),aT 센터,2018,10,24,"Joowon Atsa Ducks Co.,Ltd","육가공품,가금(오리),일반한식",2002,"941-5, Jingwang-ro, Gwanghyewon-myeon, Jincheon-gun, Chungcheongbuk-do, Korea 27809",www.joowonori.com
2018 하반기 대규모 수출상담회(BKF),aT 센터,2018,10,24,chorokariul,농산물/곡물도정/시기품가공(밀가루등)/통신판매,2004,"39, Deungyounggil, Haseo-myeon, Buan-gun, Jeollabuk-do,korea,56332",http://www.chorokariul.com/
2018 하반기 대규모 수출상담회(BKF),aT 센터,2018,10,24,NH TRADING,"무역,주류수출,축산물수입판매,농수산물,오퍼상",1990,"7, Olympic-ro 48-gil, Gangdong-gu, Seoul, Republic of Korea",
2018 하반기 대규모 수출상담회(BKF),aT 센터,2018,10,24,sunbongfood,식품가공업,2013,"Gomdan-ro 93beon-gil, Seo-gu,Incheon,Korea",www.sunbong.net
2018 하반기 대규모 수출상담회(BKF),aT 센터,2018,10,24,"SAONGWON CO.,LTD","냉동식품,수출업",1995,,www.saongwon.com
2018 하반기 대규모 수출상담회(BKF),aT 센터,2018,10,24,SD Korea,식품. 음료,2015,"70, Baksan-ro, Yuseong-gu, Daejeon",www.sd-korea.co.kr
2018 하반기 대규모 수출상담회(BKF),aT 센터,2018,10,24,"MOLINA Agricultural Co.,Ltd.",식물성 유지 제조업 판매,2016,"2F, Kaya-ro, Hamchang-eup,Kyeongsangbuk-do, Sangju-si, Korea(37106)",www.passermolina.com
2018 하반기 대규모 수출상담회(BKF),aT 센터,2018,10,24,"IIKIM CO.,LTD.","김치,반찬류",2005,"35,GEUMGUL4-GIL,BO-EUN-EUP,BO-EUN-GUN,CHUNGCHEONGBUK-DO,KOREA",http://www.iikim.co.kr
2018 하반기 대규모 수출상담회(BKF),aT 센터,2018,10,24,"Taewoongfood Co.,Ltd.",제조,2000,"21, Daegeum-ro 196beon-gil, Daeso-myeon, Eumseong-gun, Chungcheongbuk-do, Korea",http://www.twfood.co.kr
2018 하반기 대규모 수출상담회(BKF),aT 센터,2018,10,24,"Kwangdong Pharmaceutical Co.,Ltd",의약품/화장품/식품,1968,,www.ekdp.com
2018 하반기 대규모 수출상담회(BKF),aT 센터,2018,10,24,"PNS CO.,LTD.",커피가공업,2000,"805, Biz Center, SKn Techno Park, 124, Sagimakgol-ro, Jungwon-gu, Seongnam-si, Gyeonggi-do, Republic of Korea",www.coffeefriend.co.kr
2018 하반기 대규모 수출상담회(BKF),aT 센터,2018,10,24,"[K17] HAPCHEON MEDICAL HERBS CO., LTD","제조업, 도, 소매업",1996,"16, Naegok-gil, Hapcheon-eup, Hapcheon-gun, Gyeongsangnam-do",www.sangrime.com
2018 하반기 대규모 수출상담회(BKF),aT 센터,2018,10,24,JINHYEUNFOOD,조미김,1989,"2-54,modangil,buganmyeon,yeongcheonsi,gyeongsangbukdo,korea",www.sealaver.co.kr
2018 하반기 대규모 수출상담회(BKF),aT 센터,2018,10,24,[K24] NATUREGANIC SEOWON CORPORATION,제조,2017,"(12773) 17-99, Opo-ro 171beon-gil, Opo-eup, Gwangju-si, Gyeonggi-do, Republic of Korea",www.berrykle.com
2018 하반기 대규모 수출상담회(BKF),aT 센터,2018,10,24,"DAECHANG FOOD CO.,LTD",제조,1992,"191-7, Yeonsan-ro, Mokpo-si, Jeollanam-do",www.chosunkim.co.kr
2018 하반기 대규모 수출상담회(BKF),aT 센터,2018,10,24,TOK,기술서비스업 도매 및 소매업,2016,"(39660)40, Hyeoksin 2-ro, Gimcheon-si, Gyeongsangbuk-do, Korea",
2018 하반기 대규모 수출상담회(BKF),aT 센터,2018,10,24,"SIK Co., Ltd",식음료,2004,"436 Yanghwa-Ro,Neungseo-Myeon,Yeoju City,Gyeonggi,Korea",http://www.sikco.kr/
2018 하반기 대규모 수출상담회(BKF),aT 센터,2018,10,24,ChungSooFood Co.Ltd,수산물,1999,"50, Cheonggyeongdon 1-gil Cgeonggye-myeon, Muan-gun, Jellanam-do, Korea",www.saltcare.com
2018 하반기 대규모 수출상담회(BKF),aT 센터,2018,10,24,"kwangyafood co,.ltd","비알콜성음료,차류",1983,"134, Sintanjin-ro 738beon-gil, Daedeok-gu, Daejeon",www.kwangfood.co.kr
2018 하반기 대규모 수출상담회(BKF),aT 센터,2018,10,24,HEALING FARM .LTD.,"기타주류제조,식품가공",2015,,WWW.합천봉황농원.kr
2018 하반기 대규모 수출상담회(BKF),aT 센터,2018,10,24,"SAONGWON CO.,LTD","냉동식품,수출업",1995,,www.saongwon.com
2018 하반기 대규모 수출상담회(BKF),aT 센터,2018,10,24,Ye-hyang foods,떡류 또는 빵,2011,"22,Cheongyong 3-gil,Hoengseong-eup,Hoengseong-gun,Gangwon-do,Korea",www.uricake.com
2018 하반기 대규모 수출상담회(BKF),aT 센터,2018,10,24,"NC CO.,LTD",식품가공 농산물,2010,838 DUKYAMRI CHEONGDOUP CHEONGGUN KYUNSANGBUKDO KOREA,www.naturalnc.co.kr
2018 하반기 대규모 수출상담회(BKF),aT 센터,2018,10,24,"Nokchawon Co., Ltd.","무역, 다류식품",1992,"84, Seocho-daero 4-gil, Seocho-gu, Seoul",www.nokchawon.co.kr
2018 하반기 대규모 수출상담회(BKF),aT 센터,2018,10,24,GANGHWA GREEN FOOD,식품,2014,"6-54, Gyodongdong-ro 471beon-gil, Gyodong-myeon, Ganghwa-gun, Incheon",https://smartstore.naver.com/gogreen
2018 하반기 대규모 수출상담회(BKF),aT 센터,2018,10,24,WOOJIN CORPORATION,가공식품 제조업,2016,"104 Barokdong-gil, Boksu-myeon, Geumsan-gun, Chungcheongnam-do, Korea",www.woojinfoods.com
2018 하반기 대규모 수출상담회(BKF),aT 센터,2018,10,24,"Dairyzen Co.,Ltd.",제조업,1999,"170, Munmakgongdan-gil, Munmak-eup, Wonju-si, Gangwon-do, 26362, Republic of Korea",www.dairyzen.co.kr
2018 하반기 대규모 수출상담회(BKF),aT 센터,2018,10,24,SAJO HAEPYO CORPORATION,농수산물외,2004,"482-2,BANGBAE-3DONG,SEOCHO-KU,SEOUL,KOREA",www.sajohp.com
2018 하반기 대규모 수출상담회(BKF),aT 센터,2018,10,24,"LOTTE FOODS CO., LTD.","빙과, 유산균음료, 경화유, 마아가린, 연유, 낙농",1958,"19, Yangpyeong-ro 19-gil, Yeongdeungpo-gu, Seoul",http://www.lottefoods.co.kr/
2018 하반기 대규모 수출상담회(BKF),aT 센터,2018,10,24,JSN FOOD,장류제조업,2015,"14-10, Sinchon-ro 146beon-gil, Gilsang-myeon, Ganghwa-gun, Incheon, Republic of Korea (23049)",www.jsneyagi.com
2018 하반기 대규모 수출상담회(BKF),aT 센터,2018,10,24,Ggotjeotgal,제조업,2013,"371, Chilpo-ro, Heunghae-eup, Buk-gu, Pohang-si, Gyeongsangbuk-do, Republic of Korea",
2018 하반기 대규모 수출상담회(BKF),aT 센터,2018,10,24,hwangryong nonghyup,금융.소매,1972,,hwangryong.nonghyup.com
2018 하반기 대규모 수출상담회(BKF),aT 센터,2018,10,24,JANGMAEUL,장류 및 소스,1998,"31, Shinho-4gil, Chodong-myeon, Gyeongsangnam-do, Korea",www.jangmaeul.com
2018 하반기 대규모 수출상담회(BKF),aT 센터,2018,10,24,SEMPIO FOODS COMPANY,식품,1946,,www.sempio.com
2018 하반기 대규모 수출상담회(BKF),aT 센터,2018,10,24,OKF Corporation,"식품,식품무역,무역(수출입업),수출대행업",1990,"54, Hakdong-ro 21-gil, Gangnam-gu, Seoul",www.okf.kr
2018 하반기 대규모 수출상담회(BKF),aT 센터,2018,10,24,"fooins. co., ltd",도소매,2017,"#31, 2 floor, 579,  Gyeongin-ro  Guro-gu,  seoul, Korea",www.fooins.com
2018 하반기 대규모 수출상담회(BKF),aT 센터,2018,10,24,Lotte Liquor,주류,1926,"Lotte Castle Gold 5F 7-18, Sincheon-dong, Songpa-gu, Seoul, S.Korea",www.lotteliquor.com
2018 하반기 대규모 수출상담회(BKF),aT 센터,2018,10,24,SAMJIN GLOBALNET,"무역업, 임대",1970,"562, Samseong-ro, Gangnam-gu, Seoul, Republic of Korea",http://www.wangfood.com/
2018 하반기 대규모 수출상담회(BKF),aT 센터,2018,10,24,"Bionutrigen Co., Ltd",건강식품외,1999,"1662, Yuseong-daero, Yuseong-gu, Daejeon",www.bionutrigen.com
2018 하반기 대규모 수출상담회(BKF),aT 센터,2018,10,24,pocheon ginseng farmer association,인삼제품,2005,,http://www.pocheoninsam.com/
2018 하반기 대규모 수출상담회(BKF),aT 센터,2018,10,24,"Samcheok Dongja Yack Doraji, Corp.","도라지 재배, 돌배 및 마늘 가공판매",2011,2222 Baeckdudaegan-ro Hajang-myeon Samcheok-si Gangwon-do,
2018 하반기 대규모 수출상담회(BKF),aT 센터,2018,10,24,DALBICHFARM,작물재배업,2016,35 Hwaseong-ro Hoengseong-eup  Hoengseong-gun Gangwon-do,www.koreabullocho.com
2018 하반기 대규모 수출상담회(BKF),aT 센터,2018,10,24,Hankook Tea Co.,차류,1951,,www.hankooktea.co.kr
2018 하반기 대규모 수출상담회(BKF),aT 센터,2018,10,24,"[K26] PALDO CO., LTD","면, 음료 제조",1969,"577 GANGNAMDAERO, SEOCHO-GU, SEOUL, KOREA",www.paldofood.com
2018 하반기 대규모 수출상담회(BKF),aT 센터,2018,10,24,"JINHYUN CO.,LTD",제조,2011,"109, Angok-ro, Gimhae-si, Gyeongsangnam-do",http://www.fresiweed.com/
2018 하반기 대규모 수출상담회(BKF),aT 센터,2018,10,24,"SJ CORE Co.,Ltd.",식료품제조,2013,"196-11, Daepyeong-gil, Goa-eup, Gumi-si, Gyeongsangbuk-do, Republic of Korea",www.kukdduk.com
2018 하반기 대규모 수출상담회(BKF),aT 센터,2018,10,24,NH TRADING,"무역,주류수출,축산물수입판매,농수산물,오퍼상",1990,"7, Olympic-ro 48-gil, Gangdong-gu, Seoul, Republic of Korea",
2018 하반기 대규모 수출상담회(BKF),aT 센터,2018,10,24,"Kwangdong Pharmaceutical Co.,Ltd",의약품/화장품/식품,1968,,www.ekdp.com
2018 하반기 대규모 수출상담회(BKF),aT 센터,2018,10,24,ADDI GLOBAL Inc.,"제조, 무역",2016,"JST #908, 229, Seokjeong-ro, Michuhol-gu, Incheon",www.addiglobal.com
2018 하반기 대규모 수출상담회(BKF),aT 센터,2018,10,24,"MONGGO FOODS CO., LTD.",장류 및 기타식품 등,1905,"18, Paryong-ro 371beon-gil, Uichang-gu, Changwon-si, Gyeongsangnam-do",www.monggofood.co.kr
2018 하반기 대규모 수출상담회(BKF),aT 센터,2018,10,24,"Gang Dong O Cake Co.,Ltd","제과,제빵",2005,"24-21, Osin 2-gil, Deokjin-gu, Jeonju-si, Jeollabuk-do",http://www.pnbakery.co.kr/
2018 하반기 대규모 수출상담회(BKF),aT 센터,2018,10,24,"ARI TRADE CO., LTD",도소매,2008,,www.aritrade.co.kr
2018 하반기 대규모 수출상담회(BKF),aT 센터,2018,10,24,"Chunho Food Co., Ltd.","제조,도소매,소매,부동산",1984,"8th floor, 177, Beomil-ro, Busanjin-gu, Busan, Republic of Korea",http://www.chunhomall.com
2018 하반기 대규모 수출상담회(BKF),aT 센터,2018,10,24,"SIK Co., Ltd",식음료,2004,"436 Yanghwa-Ro,Neungseo-Myeon,Yeoju City,Gyeonggi,Korea",http://www.sikco.kr/
2018 하반기 대규모 수출상담회(BKF),aT 센터,2018,10,24,JAEWON GLOBAL NET,"가공식품 제조, 도매",2007,"87, Cheongbaengni-ro 697beon-gil, Baeksa-myeon, Icheon-si, Gyeonggi-do",www.goodandwell.co.kr
2018 하반기 대규모 수출상담회(BKF),aT 센터,2018,10,24,[K32] TULIP INTERNATIONAL INC.,"기타식품, 무역, 제조",1999,"37, Teheran-ro 87-gil, Gangnam-gu, Seoul",www.tulipint.com
2018 하반기 대규모 수출상담회(BKF),aT 센터,2018,10,24,PCC Corporation,작물재배업,2016,"61-61, Surijae-gil, Mitan-myeon, Pyeongchang-gun, Gangwon-do",http://ozar8887.tradekorea.com
2018 하반기 대규모 수출상담회(BKF),aT 센터,2018,10,24,IPOINT,수산식물,2012,"45-32, Beonyeong-ro 28beon-gil, Gunpo-si, Gyeonggi-do, Republic of Korea",www.ipointshop.co.kr
2018 하반기 대규모 수출상담회(BKF),aT 센터,2018,10,24,OKF Corporation,"식품,식품무역,무역(수출입업),수출대행업",1990,"54, Hakdong-ro 21-gil, Gangnam-gu, Seoul",www.okf.kr
2018 하반기 대규모 수출상담회(BKF),aT 센터,2018,10,24,HEALING FARM .LTD.,"기타주류제조,식품가공",2015,,WWW.합천봉황농원.kr
2018 하반기 대규모 수출상담회(BKF),aT 센터,2018,10,24,"BAEKGYUN FOOD SYSTEM CO.,LTD",무역,2006,"136 BANG HAK RO, DO BONG GU, SEOUL,KOREA",N
2018 하반기 대규모 수출상담회(BKF),aT 센터,2018,10,24,"MANJUN FOODS CO., LTD.",제조 & 무역,1979,,www.manjun.net
2018 하반기 대규모 수출상담회(BKF),aT 센터,2018,10,24,"WEDO Co., Ltd.",수출 유통,2004,,www.wedofood.co.kr
2018 하반기 대규모 수출상담회(BKF),aT 센터,2018,10,24,Link Bridge International,무역 등,2016,"122, Saechang-ro, Yongsan-gu, Seoul",
2018 하반기 대규모 수출상담회(BKF),aT 센터,2018,10,24,"BAEKJE CORPORATION CO., LTD.","면류,떡류",2010,"209-7, OSEO-GIL, GWANGCHEON-EUP, HONGSEONG-GUN, CHUNGCHEONGNAM-DO, KOREA",www.bj1978.com
2018 하반기 대규모 수출상담회(BKF),aT 센터,2018,10,24,"Applease Korea Brewery co., ltd",제조업,1996,"755 Iljikjeomgok-ro Danchon-myeon, Uiseong-gun, Gyeongsangbuk-do",http://www.applewine.co.kr
2018 하반기 대규모 수출상담회(BKF),aT 센터,2018,10,24,HARIM CORPORATION,"축산, 제조업, 도매, 도소매, 양계, 부화, 종계업, 육계가공, 사료 외",1986,Harim Corporation,harim.com
2018 하반기 대규모 수출상담회(BKF),aT 센터,2018,10,24,JINHYEUNFOOD,조미김,1989,"2-54,modangil,buganmyeon,yeongcheonsi,gyeongsangbukdo,korea",www.sealaver.co.kr
2018 하반기 대규모 수출상담회(BKF),aT 센터,2018,10,24,"AGRI-COOP TOTMATO CO.,LTD.","식품가공, 유통",2014,"219,Baeunian-gil, Jeokseong-myeon, Paju-si, Gyeonggi-do, Korea",www.wellgreen.biz
2018 하반기 대규모 수출상담회(BKF),aT 센터,2018,10,24,NEXTURE E-ONE CO LTD,수출업,2017,"40, Arirang-ro 19-gil, Seongbuk-gu, Seoul, Republic of Korea",www.nextureone.com
2018 하반기 대규모 수출상담회(BKF),aT 센터,2018,10,24,"Sunyoung Food co.,ltd","과자류, 코코아가공 및 초콜렛",2013,"784, Seongnam-ro, Susin-myeon, Dongnam-gu, Cheonan-si, Chungcheongnam-do, Korea",http://sy-food.co.kr/
2018 하반기 대규모 수출상담회(BKF),aT 센터,2018,10,24,[K29] SEORAKSAN GREEN FOOD CO.,농산물 가공,2014,"41-50, Powolsaemal-gil, Yangyang-eup, Yangyang-gun, Gangwon-do, Korea",www.sgreenfood.co.kr
2018 하반기 대규모 수출상담회(BKF),aT 센터,2018,10,24,youmeone,식품제조가공,2006,"121 Dosil-gil, Dolsan-dub, Yeosu-si, Jeonnam province, Korea",http://youmeone.co.kr
2018 하반기 대규모 수출상담회(BKF),aT 센터,2018,10,24,"CFM Commerce Co., Ltd.","식품, 무역, 농산물",2017,"623, Gaepo-ro, Gangnam-gu, Seoul",www.cfmcommerce.net
2018 하반기 대규모 수출상담회(BKF),aT 센터,2018,10,24,"YECHEON FOOD-BIO Co,. LTD","식음료품, 건강식품, 기능성식품",2017,"114, Doripdaehak-gil, Yecheon-eup, Yecheon-gun, Gyeongsangbuk-do",www.ssammall.com
2018 하반기 대규모 수출상담회(BKF),aT 센터,2018,10,24,Agricultural Corporation GROWTHDIGM F&B,"농산물가공, 농식품판매",2016,"F 150, Food Venture Center, Kore",growthdigm.com
2018 하반기 대규모 수출상담회(BKF),aT 센터,2018,10,24,MyungSung Agricultural Corporation,농산물,2003,,
2018 하반기 대규모 수출상담회(BKF),aT 센터,2018,10,24,"Welltural.Co.,Ltd","견과, 시리얼, 선식, 체중조절식품",2002,"17, sanyepdanji3gil, pengsaneup, Andongshi, Kyeongsangbuk-do, Korea",www.welltural.co.kr
2018 하반기 대규모 수출상담회(BKF),aT 센터,2018,10,24,OKF Corporation,"식품,식품무역,무역(수출입업),수출대행업",1990,"54, Hakdong-ro 21-gil, Gangnam-gu, Seoul",www.okf.kr
2018 하반기 대규모 수출상담회(BKF),aT 센터,2018,10,24,"BAEKGYUN FOOD SYSTEM CO.,LTD",무역,2006,"136 BANG HAK RO, DO BONG GU, SEOUL,KOREA",N
2018 하반기 대규모 수출상담회(BKF),aT 센터,2018,10,24,"DOHYANG CO., LTD.",양봉 외,2005,kyeongGiDo PoCheonSi ChangSuMyeon MeChiGorRo155,없음
2018 하반기 대규모 수출상담회(BKF),aT 센터,2018,10,24,Namyoung Farm,농산물.한약재,1995,"90, Mugeum-ro, Muju-eup, Muju-gun, Jeollabuk-do",www.nyherb.co.kr
2018 하반기 대규모 수출상담회(BKF),aT 센터,2018,10,24,"hansungfood co.,ltd",농수산물및식품가공업,2001,"JUGAM-RO 13, DONGGANG-MYEON, GOHEUNG-GUN, JEOLLANAM-DO, KOREA",www.hansungfood.co.kr
2018 하반기 대규모 수출상담회(BKF),aT 센터,2018,10,24,GIANT FARM,농업/제조업,2016,,http://rag0312.modoo.at
2018 하반기 대규모 수출상담회(BKF),aT 센터,2018,10,24,"Sunyoung Food co.,ltd","과자류, 코코아가공 및 초콜렛",2013,"784, Seongnam-ro, Susin-myeon, Dongnam-gu, Cheonan-si, Chungcheongnam-do, Korea",http://sy-food.co.kr/
2018 하반기 대규모 수출상담회(BKF),aT 센터,2018,10,24,RAON,무역,2017,"50 Misagangbyeondong-ro, Hanam-si, Gyeonggi-do",
2018 하반기 대규모 수출상담회(BKF),aT 센터,2018,10,24,JB International,"식품, 무역, 잡화",2014,"74-8, Daejeojungang-ro 394beonga-gil, Gangseo-gu, Busan",www.jbinter.modoo.at
2018 하반기 대규모 수출상담회(BKF),aT 센터,2018,10,24,R&G CORPORATION,"무역, 농수산물가공식품",1985,"347 Daewangpangyo-ro, Bundang-gu, Seongnam-si Gyeonggi-do",www.assifood.co.kr
2018 하반기 대규모 수출상담회(BKF),aT 센터,2018,10,24,SAMAH INTERNATIONAL CORP.,"제조,도매",1984,"48, Seobunam-ro 790beon-gil, Sinchang-myeon, Asan-si, Chungcheongnam-do, Republic of Korea",www.samah.co.kr
2018 하반기 대규모 수출상담회(BKF),aT 센터,2018,10,24,"Woongjin Foods Co.,Ltd",인삼제품 및 음료외,1976,"390, Jong-ro, Jongno-gu, Seoul",www.wjfood.com
2018 하반기 대규모 수출상담회(BKF),aT 센터,2018,10,24,"Hyungkuk F&B Co., Ltd.","식품, 음료",2000,"23F, Mabang-Ro 60, Seocho-Gu, Seoul, 06775 Korea",www.hyungkuk.com
2018 하반기 대규모 수출상담회(BKF),aT 센터,2018,10,24,"JEONG HWA FOODS CO.,LTD.",제조업,1987,"2415-21, Haean-ro, Cheongha-myeon, Buk-gu, Pohang-si, Gyeongsangbuk-do",http://jeonghwa.koreasme.com
2018 하반기 대규모 수출상담회(BKF),aT 센터,2018,10,24,Donghwa Food,"젓갈, 건어물",2002,"16-11, Nonggongdanji 2gil, Sokcho-si, Gangwon-do, Korea","www.donghwafood.co.kr,www.오마니적갈.com"
2018 하반기 대규모 수출상담회(BKF),aT 센터,2018,10,24,Dashimachonbok fishery corp,도소매,2008,"95, Nonggongdanji-gil, Wando-eup, Wando-gun, Jeollanam-do, Republic of Korea",www.dashimachonbok.co.kr
2018 하반기 대규모 수출상담회(BKF),aT 센터,2018,10,24,Taeyang export agriculture association,"농수산물, 농산가공품",2004,"#68 derebatgil jeju-shi, Jeju-di",www.sunexpo
2018 하반기 대규모 수출상담회(BKF),aT 센터,2018,10,24,mantrading,"무역, 음료, 컨설팅",2012,"9, Gaepo-ro 109-gil, Gangnam-gu, Seoul",www.matrading.co.kr
2018 하반기 대규모 수출상담회(BKF),aT 센터,2018,10,24,"FOODMASTERGROUP.CO. ,LTD",도소매,2017,"4F, 215-6, Yulgok-ro, Jongno-Gu, Seoul,KOREA",www.drholipet.com
2018 하반기 대규모 수출상담회(BKF),aT 센터,2018,10,24,"neniaplus co.,ltd.",도소매  무역 수출입,2017,"731, Gyeongchung-daero, Gonjiam-eup, Gwangju-si, Gyeonggi-do, Korea",www.urinenia.co.kr
2018 하반기 대규모 수출상담회(BKF),aT 센터,2018,10,24,"Bob Lee Burger System co.,Ltd","프랜차이즈컨설팅,가공식품,무역",2014,,www.bobleeburger.com
2018 하반기 대규모 수출상담회(BKF),aT 센터,2018,10,24,"HEE CHANG DAIRY AND FOOD INDUSTRY CO, LTD",식품 제조업,1969,"114, Singi-ro, Yangsan-si, Gyeongsangnam-do, Korea",www.heechang.com
2018 하반기 대규모 수출상담회(BKF),aT 센터,2018,10,24,dalgooji food,"식육부산물, 소스가공, 무역, 식육부산물",2008,"10,Nonggonggongdan-gill,Nongong-eup,Dalseong-gun,Daegu,Republic of Korea",http://dalgooji.kr
2018 하반기 대규모 수출상담회(BKF),aT 센터,2018,10,24,"kwangyafood co,.ltd","비알콜성음료,차류",1983,"134, Sintanjin-ro 738beon-gil, Daedeok-gu, Daejeon",www.kwangfood.co.kr
2018 하반기 대규모 수출상담회(BKF),aT 센터,2018,10,24,mdone,"식음료,무역,전자상거래",2012,"605 aT Center,27 Gangnamdae-ro,Seocho-gu,seoul 06774,Korea",N
2018 하반기 대규모 수출상담회(BKF),aT 센터,2018,10,24,UNIONTECH Corp.,제조업,2004,"128-71, Wolsan-ro, Eumbong-myeon, Asan-si, Chungcheongnam-do, Republic of Korea",www.malrin.co.kr
2018 하반기 대규모 수출상담회(BKF),aT 센터,2018,10,24,TOK,기술서비스업 도매 및 소매업,2016,"(39660)40, Hyeoksin 2-ro, Gimcheon-si, Gyeongsangbuk-do, Korea",
2018 하반기 대규모 수출상담회(BKF),aT 센터,2018,10,24,SD Korea,식품. 음료,2015,"70, Baksan-ro, Yuseong-gu, Daejeon",www.sd-korea.co.kr
2018 하반기 대규모 수출상담회(BKF),aT 센터,2018,10,24,FRESHGO,제조업,2011,3rd Flr. 1Gwan Garak Mall 932 Yangjaedaero Songpa-Gu Seoul Korea,www.freshgo.kr
2018 하반기 대규모 수출상담회(BKF),aT 센터,2018,10,24,ZARAM FOOD,건강식품,2017,"239-19, Haean-ro, Cheonggye-myeon, Muan-gun, Jeollanam-do",www.yesnicejuice.com
2018 하반기 대규모 수출상담회(BKF),aT 센터,2018,10,24,"Jaeho products co., ltd.","농수산물가공, 농수산물, 임대",1984,"196, Janglim-Ro, Saha-Gu, Busan-City, KOREA",www.jaeho.co.kr
2018 하반기 대규모 수출상담회(BKF),aT 센터,2018,10,24,"DH SEAFOOD CO.,LTD",농수산물수출,1998,"570, Gadeokhaean-ro 2beon-gil, Gangseo-gu, Busan, Korea",www.dhseafood.kr
2018 하반기 대규모 수출상담회(BKF),aT 센터,2018,10,24,"SAONGWON CO.,LTD","냉동식품,수출업",1995,,www.saongwon.com
2018 하반기 대규모 수출상담회(BKF),aT 센터,2018,10,24,"G.EAST. CO., LTD.","제조, 도소매, 무역, 유통전문판매업",2008,"A-13F, 247, Gonghangdae-ro, Gangseo-gu, Seoul, Korea",www.geast.co.kr
2018 하반기 대규모 수출상담회(BKF),aT 센터,2018,10,24,"DAEDONG KOREA GINSENG CO.,LTD",홍삼제품,2002,,www.ddkorea.co.kr
2018 하반기 대규모 수출상담회(BKF),aT 센터,2018,10,24,"DANMEEFOOD.CO.,LTD",제조업,2017,"251, Maeho-ro, Hojeo-myeon, Wonju-si, Gangwon-do, Republic of Korea",www.danmeefood.kr
2018 하반기 대규모 수출상담회(BKF),aT 센터,2018,10,24,SEYEON FOODS,"식품제조, 유통, 프랜차이즈",2013,"14 Tecno Jungangdaero2gil, Yugaeup, Dalseonggun, Daegu, Korea",www.seyeonfoods.com
2018 하반기 대규모 수출상담회(BKF),aT 센터,2018,10,24,GEONWON TRADE,"식품, 유아식품",2016,"10, Gangnam-daero 51-gil, Seocho-gu, Seoul",
2018 하반기 대규모 수출상담회(BKF),aT 센터,2018,10,24,"Hyundai Green Food Co., Ltd",식품접객업,1967,"30, Munin-ro, Suji-gu, Yongin-si, Gyeonggi-do",hyundaigreenfood.com
2018 하반기 대규모 수출상담회(BKF),aT 센터,2018,10,24,Korea Bio-energy Tech Ltd.,제조,2017,"16 Noam-gil, Namseon-myon, Andong, Gyongbuk, Korea",
2018 하반기 대규모 수출상담회(BKF),aT 센터,2018,10,24,PETRA Inc.,"도소매,제조업,서비스",2015,,N
2018 하반기 대규모 수출상담회(BKF),aT 센터,2018,10,24,NEXTURE E-ONE CO LTD,수출업,2017,"40, Arirang-ro 19-gil, Seongbuk-gu, Seoul, Republic of Korea",www.nextureone.com
2018 하반기 대규모 수출상담회(BKF),aT 센터,2018,10,24,E&B TRADE,무역업,2013,"27, NOKMYEONG 1-GIL, GAkNAM-MYEON, CHEONGDO-GUN, GYEONGSANGBUK-DO.KOREA",N
2018 하반기 대규모 수출상담회(BKF),aT 센터,2018,10,24,Dashimachonbok fishery corp,도소매,2008,"95, Nonggongdanji-gil, Wando-eup, Wando-gun, Jeollanam-do, Republic of Korea",www.dashimachonbok.co.kr
2018 하반기 대규모 수출상담회(BKF),aT 센터,2018,10,24,Daegwallyeong nunmaeul-hwangtae a farming corp.,"도소매업, 제조업",2011,"8,oiympic-ro, daegwanryeong-myeon,pyeongchang-gun,gangwon-do,Korea",www.d-hwangtae.com
2018 하반기 대규모 수출상담회(BKF),aT 센터,2018,10,24,"Hyundai F&B Co.,Ltd.","과자류, 음료, 캔디류",2008,,www.hdfnbkorea.com
2018 하반기 대규모 수출상담회(BKF),aT 센터,2018,10,24,Jonaegipotato,제조업,2013,"78,Utseobal-ro,Yeong do-gu,Busan(Dong sam dong)",http://sweetpo.alltheway.kr
2018 하반기 대규모 수출상담회(BKF),aT 센터,2018,10,24,Daywell Inc,기타잼류,2014,"64-34,Dangsangangbyun-ro,Muju-eup,Muju-gun,Jeollabukdo",www.ramiefood.com
2018 하반기 대규모 수출상담회(BKF),aT 센터,2018,10,24,YOUNG SHIN FOOD CO.,"맛김,수산물",2001,"131-22, Sinwol-gil, Seo-myeon, Seocheon-gun, Chungcheongnam-do, Korea",www.seafriend.co.kr
2018 하반기 대규모 수출상담회(BKF),aT 센터,2018,10,24,"KBF CO., LTD.",복합조미식품,1989,"203, Seoburo 1637 Beongil, Juchon-Myeon, Gimhae-City, Gyeongnam, 50888, Korea",http://www.k-bf.com/
2018 하반기 대규모 수출상담회(BKF),aT 센터,2018,10,24,HARIM CORPORATION,"축산, 제조업, 도매, 도소매, 양계, 부화, 종계업, 육계가공, 사료 외",1986,Harim Corporation,harim.com
2018 하반기 대규모 수출상담회(BKF),aT 센터,2018,10,24,"fooins. co., ltd",도소매,2017,"#31, 2 floor, 579,  Gyeongin-ro  Guro-gu,  seoul, Korea",www.fooins.com
2018 하반기 대규모 수출상담회(BKF),aT 센터,2018,10,24,"[K13] GOOD MORNING KOREA CO., LTD","무역업,농산물유통,판매",2009,"604, Cheonho-daero, Gwangjin-gu, Seoul",gmkfresh.com
2018 하반기 대규모 수출상담회(BKF),aT 센터,2018,10,24,Quali Korea Corp.,"수출입업무,수출대행업,오퍼",2015,"52, Achasan-ro 15-gil, Seongdong-gu, Seoul",www.qkc.co.kr
2018 하반기 대규모 수출상담회(BKF),aT 센터,2018,10,24,"Namyang Dairy Products Co., Ltd.","낙농품, 음료",1964,"240, Dosan-daero, Gangnam-gu, Seoul",.http://company.namyangi.com/
2018 하반기 대규모 수출상담회(BKF),aT 센터,2018,10,24,"Joowon Atsa Ducks Co.,Ltd","육가공품,가금(오리),일반한식",2002,"941-5, Jingwang-ro, Gwanghyewon-myeon, Jincheon-gun, Chungcheongbuk-do, Korea 27809",www.joowonori.com
2018 하반기 대규모 수출상담회(BKF),aT 센터,2018,10,24,kooksoondang gochang myungju ltd,농산물 과실주 주박,2006,"(56400)  2197, Seonun-daero, Simwon-myeon, Gochang-gun, Jeollabuk-do",ksdbokbunja.com
2018 하반기 대규모 수출상담회(BKF),aT 센터,2018,10,24,ChungSooFood Co.Ltd,수산물,1999,"50, Cheonggyeongdon 1-gil Cgeonggye-myeon, Muan-gun, Jellanam-do, Korea",www.saltcare.com
2018 하반기 대규모 수출상담회(BKF),aT 센터,2018,10,24,SAJO HAEPYO CORPORATION,농수산물외,2004,"482-2,BANGBAE-3DONG,SEOCHO-KU,SEOUL,KOREA",www.sajohp.com
2018 하반기 대규모 수출상담회(BKF),aT 센터,2018,10,24,"Chunho Food Co., Ltd.","제조,도소매,소매,부동산",1984,"8th floor, 177, Beomil-ro, Busanjin-gu, Busan, Republic of Korea",http://www.chunhomall.com
2018 하반기 대규모 수출상담회(BKF),aT 센터,2018,10,24,HYE SUNG BEVERAGE Co.LTD,제조 .도소매업,2014,150 Munhwa-ro Jincheon-up Jincheon-gun chungbuk Korea,http://www.xn--zf4b8aw8i65e7scfxe.com/hs/mobile/index.html
2018 하반기 대규모 수출상담회(BKF),aT 센터,2018,10,24,JAEWON GLOBAL NET,"가공식품 제조, 도매",2007,"87, Cheongbaengni-ro 697beon-gil, Baeksa-myeon, Icheon-si, Gyeonggi-do",www.goodandwell.co.kr
2018 하반기 대규모 수출상담회(BKF),aT 센터,2018,10,24,"MORE CO., LTD.",식품 가공,2006,"113,DODONGGUYEOK-GIL,YEONGCHEON-SI,GYEONGSANGBUK-DO,KOREA",morecorp.co.kr
2018 하반기 대규모 수출상담회(BKF),aT 센터,2018,10,24,TEAZEN.Inc.,"다류, 식품, 무역",2001,"80-23, Daeun-gil, Gyegok-myeon, Haenam-gun, Jeollanam-do",www.teazen.co.kr
2018 하반기 대규모 수출상담회(BKF),aT 센터,2018,10,24,"SJ CORE Co.,Ltd.",식료품제조,2013,"196-11, Daepyeong-gil, Goa-eup, Gumi-si, Gyeongsangbuk-do, Republic of Korea",www.kukdduk.com
2018 하반기 대규모 수출상담회(BKF),aT 센터,2018,10,24,MoonGyeong Omija Valley Co.,제조및 생산,2009,2371-5 Yeowoomok-ro Dongro-ro Munkyeong-si Gyeongsangbuk-do,www.omijamall.co.kr
2018 하반기 대규모 수출상담회(BKF),aT 센터,2018,10,24,[K08] EVERGOOD CORPORATION,"무역(농산물),농산물",2009,,N
2018 하반기 대규모 수출상담회(BKF),aT 센터,2018,10,24,JINHYEUNFOOD,조미김,1989,"2-54,modangil,buganmyeon,yeongcheonsi,gyeongsangbukdo,korea",www.sealaver.co.kr
2018 하반기 대규모 수출상담회(BKF),aT 센터,2018,10,24,SEAONE,식품,2014,"384, Sandan-ro, Jangheung-eup, Jangheung-gun, Jeollanam-do, Korea",www.seaonefood.kr
2018 하반기 대규모 수출상담회(BKF),aT 센터,2018,10,24,[K08] EVERGOOD CORPORATION,"무역(농산물),농산물",2009,,N
2018 하반기 대규모 수출상담회(BKF),aT 센터,2018,10,24,"WEDO Co., Ltd.",수출 유통,2004,,www.wedofood.co.kr
2018 하반기 대규모 수출상담회(BKF),aT 센터,2018,10,24,KOPA INC.,농산물 무역업,2012,"6F, JOOYEON bldg., 69, Wolpyeong-ro, Seo-gu, Daejeon, 35223, KOREA",http://www.kopap.co.kr/
2018 하반기 대규모 수출상담회(BKF),aT 센터,2018,10,24,"Agricultral Corporation Cheongdo Wongam Co.,Ltd",제조업,2016,,www.wongam.co.kr
2018 하반기 대규모 수출상담회(BKF),aT 센터,2018,10,24,MyungSung Agricultural Corporation,농산물,2003,,
2018 하반기 대규모 수출상담회(BKF),aT 센터,2018,10,24,"SUNILFOOD CO.,LTD",무역,2011,"1, Sangdo-ro 13na-gil, Dongjak-gu, Seoul",
2018 하반기 대규모 수출상담회(BKF),aT 센터,2018,10,24,IKG KOREA,무역,2011,"45, Jojeong-daero, Hanam-si, Gyeonggi-do",www.ikgkorea.com
2018 하반기 대규모 수출상담회(BKF),aT 센터,2018,10,24,Lee's Marketing Inc.,"무역,농수산물외",2007,"508-33, Seolga-ro, Seolseoung-myeon, Icheon-si, Gyeonggi-do, Republic of Korea",www.wellplus.co.kr
2018 하반기 대규모 수출상담회(BKF),aT 센터,2018,10,24,HAEOREUM,"수제 막걸리키트, 곤약쌀",2011,"741, Opo-ro, Opo-eup, Gwangju-si, Gyeonggi-do",www.bangongi.com
2018 하반기 대규모 수출상담회(BKF),aT 센터,2018,10,24,IPOINT,수산식물,2012,"45-32, Beonyeong-ro 28beon-gil, Gunpo-si, Gyeonggi-do, Republic of Korea",www.ipointshop.co.kr
2018 하반기 대규모 수출상담회(BKF),aT 센터,2018,10,24,CheonyeonStory Corp.,건강기능식품,2017,,https://vipsvita.com
2018 하반기 대규모 수출상담회(BKF),aT 센터,2018,10,24,"IIKIM CO.,LTD.","김치,반찬류",2005,"35,GEUMGUL4-GIL,BO-EUN-EUP,BO-EUN-GUN,CHUNGCHEONGBUK-DO,KOREA",http://www.iikim.co.kr
2018 하반기 대규모 수출상담회(BKF),aT 센터,2018,10,24,"Woongjin Foods Co.,Ltd",인삼제품 및 음료외,1976,"390, Jong-ro, Jongno-gu, Seoul",www.wjfood.com
2018 하반기 대규모 수출상담회(BKF),aT 센터,2018,10,24,"HEE CHANG DAIRY AND FOOD INDUSTRY CO, LTD",식품 제조업,1969,"114, Singi-ro, Yangsan-si, Gyeongsangnam-do, Korea",www.heechang.com
2018 하반기 대규모 수출상담회(BKF),aT 센터,2018,10,24,"Mammos Confectionery Co.,Ltd","생과자, 과자, 기타, 무역업",1985,"8, Dunchon-daero 526beon-gil, Jungwon-gu, Seongnam-si, Gyeonggi-do, Republic of Korea",www.mammos.co.kr
2018 하반기 대규모 수출상담회(BKF),aT 센터,2018,10,24,"SD Food Co., Ltd.","제조업, 도소매업, 서비스업",2015,,
2018 하반기 대규모 수출상담회(BKF),aT 센터,2018,10,24,"Agricultral Corporation Cheongdo Wongam Co.,Ltd",제조업,2016,,www.wongam.co.kr
2018 하반기 대규모 수출상담회(BKF),aT 센터,2018,10,24,"MONGGO FOODS CO., LTD.",장류 및 기타식품 등,1905,"18, Paryong-ro 371beon-gil, Uichang-gu, Changwon-si, Gyeongsangnam-do",www.monggofood.co.kr
2018 하반기 대규모 수출상담회(BKF),aT 센터,2018,10,24,"G.EAST. CO., LTD.","제조, 도소매, 무역, 유통전문판매업",2008,"A-13F, 247, Gonghangdae-ro, Gangseo-gu, Seoul, Korea",www.geast.co.kr
2018 하반기 대규모 수출상담회(BKF),aT 센터,2018,10,24,"UNI TRADING CO., LTD.",무역수출수출입업,1999,"NO. 115-1808,  77, CHIPYONG-RO, SEO-GU, GWANGJU-CITY, KOREA",http://my.agrotrade.net/mini/unitrade/
2018 하반기 대규모 수출상담회(BKF),aT 센터,2018,10,24,[K20] JINJU,"식품가공.제조/식육/식육,농산물/임대/전산용역",1963,"441, Yeoksam-ro, Gangnam-gu, Seoul",N
2018 하반기 대규모 수출상담회(BKF),aT 센터,2018,10,24,"SUNHAE Marine Co., Ltd","도소매,제조업,도소매",1999,"39-12 Gwangnaman-ro, Gwangju-si, Geonggi-do, Korea",www.sunhae.co.kr
2018 하반기 대규모 수출상담회(BKF),aT 센터,2018,10,24,"NXS, Inc.",건강기능식품,2015,"#204, 2, Seongnam-daero 1179beon-gil, Sujeong-gu, Seongnam-si, Gyeonggi-do, (13313) Korea",www.milssacn.com
2018 하반기 대규모 수출상담회(BKF),aT 센터,2018,10,24,HGM,무역,2013,,
2018 하반기 대규모 수출상담회(BKF),aT 센터,2018,10,24,FRESHGO,제조업,2011,3rd Flr. 1Gwan Garak Mall 932 Yangjaedaero Songpa-Gu Seoul Korea,www.freshgo.kr
2018 하반기 대규모 수출상담회(BKF),aT 센터,2018,10,24,FUTUREINUS,수출입,2011,FUTURE IN US,
2018 하반기 대규모 수출상담회(BKF),aT 센터,2018,10,24,SEAONE,식품,2014,"384, Sandan-ro, Jangheung-eup, Jangheung-gun, Jeollanam-do, Korea",www.seaonefood.kr
2018 하반기 대규모 수출상담회(BKF),aT 센터,2018,10,24,"HOSAN CO., LTD",무역,1994,"57, Iseopdaecheon-ro 263beon-gil, Hoberop-myeon, Icheon, Gyeonggi-do",N
2018 하반기 대규모 수출상담회(BKF),aT 센터,2018,10,24,"DH SEAFOOD CO.,LTD",농수산물수출,1998,"570, Gadeokhaean-ro 2beon-gil, Gangseo-gu, Busan, Korea",www.dhseafood.kr
2018 하반기 대규모 수출상담회(BKF),aT 센터,2018,10,24,"[K23] NAMDOFOOD CO., LTD.",농수산 식품 제조 가공업,,,
2018 하반기 대규모 수출상담회(BKF),aT 센터,2018,10,24,Daegwallyeong nunmaeul-hwangtae a farming corp.,"도소매업, 제조업",2011,"8,oiympic-ro, daegwanryeong-myeon,pyeongchang-gun,gangwon-do,Korea",www.d-hwangtae.com
2018 하반기 대규모 수출상담회(BKF),aT 센터,2018,10,24,badaone,"건어물, 건어물 가공, 무역업",1995,"495 Dunchondae-Ro, Jungwon-Gu, Seongnam City, Kyunggi Province",www.badaone.co.kr
2018 하반기 대규모 수출상담회(BKF),aT 센터,2018,10,24,"HAESER Products Co., Ltd.","수산물가공업,건강보조음료",2011,"79-13, Geumgwan-daero 804beon-gil, Gimhae-si, Gyeongsangnam-do, Republic of Korea",www.haeser-cnt.com
2018 하반기 대규모 수출상담회(BKF),aT 센터,2018,10,24,"worldfood.co.,Ltd","스낵류, 과자",2000,"10, Haeyang-ro 195beon-gil, Yeongdo-gu, Busan, Republic of Korea",www.murgerbon.com
2018 하반기 대규모 수출상담회(BKF),aT 센터,2018,10,24,"Maeil Dairies Co, Ltd",제조업,1969,,http://www.maeil.com/
2018 하반기 대규모 수출상담회(BKF),aT 센터,2018,10,24,NH TRADING,"무역,주류수출,축산물수입판매,농수산물,오퍼상",1990,"7, Olympic-ro 48-gil, Gangdong-gu, Seoul, Republic of Korea",
2018 하반기 대규모 수출상담회(BKF),aT 센터,2018,10,24,"MIRACLE TONGSANG., LTD.","농수산물유통, 무역업",2016,"41, Dokjeong-ro seongji 2-gil, Jingeon-eup, Namyangju-si, Gyeonggi-do",N
2018 하반기 대규모 수출상담회(BKF),aT 센터,2018,10,24,Daegwallyeong nunmaeul-hwangtae a farming corp.,"도소매업, 제조업",2011,"8,oiympic-ro, daegwanryeong-myeon,pyeongchang-gun,gangwon-do,Korea",www.d-hwangtae.com
2018 하반기 대규모 수출상담회(BKF),aT 센터,2018,10,24,SAJO HAEPYO CORPORATION,농수산물외,2004,"482-2,BANGBAE-3DONG,SEOCHO-KU,SEOUL,KOREA",www.sajohp.com
2018 하반기 대규모 수출상담회(BKF),aT 센터,2018,10,24,"SSMGLOBAL CO., LTD.","무역, 유통",2016,"385, Gulmi-ro, Juksan-myeon, Anseong-si, Gyeonggi-do, Korea",www.ssmglobal.co.kr
2018 하반기 대규모 수출상담회(BKF),aT 센터,2018,10,24,"worldfood.co.,Ltd","스낵류, 과자",2000,"10, Haeyang-ro 195beon-gil, Yeongdo-gu, Busan, Republic of Korea",www.murgerbon.com
2018 하반기 대규모 수출상담회(BKF),aT 센터,2018,10,24,DUREBANG FOODS INC,제조업,1992,"2081-73, Sunam-ro, Geochang-eup,Geochang-gun, Gyeongsangnam-do",http://www.durebang.co.kr
2018 하반기 대규모 수출상담회(BKF),aT 센터,2018,10,24,DODUM  Co. Ltd,제조업,2013,"3750-341, Nambu-ro, Samseung-myeon,  Boeun-gun, Chungcheong buk-do, KOREA",www.dodumbio.com
2018 하반기 대규모 수출상담회(BKF),aT 센터,2018,10,24,"SD Food Co., Ltd.","제조업, 도소매업, 서비스업",2015,,
2018 하반기 대규모 수출상담회(BKF),aT 센터,2018,10,24,J&E Corporation,"제조, 유통, 무역",1995,"697, Pangyo-ro, Bundang-gu, Seongnam-si, Gyeonggi-do",www.jnekorea.com
2018 하반기 대규모 수출상담회(BKF),aT 센터,2018,10,24,"Mammos Confectionery Co.,Ltd","생과자, 과자, 기타, 무역업",1985,"8, Dunchon-daero 526beon-gil, Jungwon-gu, Seongnam-si, Gyeonggi-do, Republic of Korea",www.mammos.co.kr
2018 하반기 대규모 수출상담회(BKF),aT 센터,2018,10,24,Link Bridge International,무역 등,2016,"122, Saechang-ro, Yongsan-gu, Seoul",
2018 하반기 대규모 수출상담회(BKF),aT 센터,2018,10,24,"SUNHAE Marine Co., Ltd","도소매,제조업,도소매",1999,"39-12 Gwangnaman-ro, Gwangju-si, Geonggi-do, Korea",www.sunhae.co.kr
2018 하반기 대규모 수출상담회(BKF),aT 센터,2018,10,24,"BAEKGYUN FOOD SYSTEM CO.,LTD",무역,2006,"136 BANG HAK RO, DO BONG GU, SEOUL,KOREA",N
2018 하반기 대규모 수출상담회(BKF),aT 센터,2018,10,24,"Sunyoung Food co.,ltd","과자류, 코코아가공 및 초콜렛",2013,"784, Seongnam-ro, Susin-myeon, Dongnam-gu, Cheonan-si, Chungcheongnam-do, Korea",http://sy-food.co.kr/
2018 하반기 대규모 수출상담회(BKF),aT 센터,2018,10,24,Palgongsan kimchi,농산물,2008,"58-3, Sinpyeong-ro, Dong-gu, Daegu",http://8030kimchi.com/
2018 하반기 대규모 수출상담회(BKF),aT 센터,2018,10,24,SEYEON FOODS,"식품제조, 유통, 프랜차이즈",2013,"14 Tecno Jungangdaero2gil, Yugaeup, Dalseonggun, Daegu, Korea",www.seyeonfoods.com
2018 하반기 대규모 수출상담회(BKF),aT 센터,2018,10,24,"DANURIM Co., Ltd.",제조,2014,"28-2, Ojeong-ro , 9beon-gil, Daedeok-gu, Daejeon, Korea",www.danurim.com
2018 하반기 대규모 수출상담회(BKF),aT 센터,2018,10,24,HAEOREUM,"수제 막걸리키트, 곤약쌀",2011,"741, Opo-ro, Opo-eup, Gwangju-si, Gyeonggi-do",www.bangongi.com
2018 하반기 대규모 수출상담회(BKF),aT 센터,2018,10,24,"DOHYANG CO., LTD.",양봉 외,2005,kyeongGiDo PoCheonSi ChangSuMyeon MeChiGorRo155,없음
2018 하반기 대규모 수출상담회(BKF),aT 센터,2018,10,24,"[K09] FINE FT CO., LTD","식품제조가공업, 식품첨가물제조업 등",2007,"3524, Charyeong-ro, Jeongan-myeon, Gongju-si, Chungcheongnam-do, 32511, South Korea",www.fineft.co.kr
2018 하반기 대규모 수출상담회(BKF),aT 센터,2018,10,24,WOOJIN CORPORATION,가공식품 제조업,2016,"104 Barokdong-gil, Boksu-myeon, Geumsan-gun, Chungcheongnam-do, Korea",www.woojinfoods.com
2018 하반기 대규모 수출상담회(BKF),aT 센터,2018,10,24,"Hyundai F&B Co.,Ltd.","과자류, 음료, 캔디류",2008,,www.hdfnbkorea.com
2018 하반기 대규모 수출상담회(BKF),aT 센터,2018,10,24,sungshin food,제조,2003,"10, dongchonyeoksa-ro 3-gil, dong-gu, Daegu, Korea",www.sungshinfood.co.kr
2018 하반기 대규모 수출상담회(BKF),aT 센터,2018,10,24,"Kukje Confectionery Co.,Ltd",과자 및 사탕류,1963,,www.melland.co.kr
2018 하반기 대규모 수출상담회(BKF),aT 센터,2018,10,24,hwangryong nonghyup,금융.소매,1972,,hwangryong.nonghyup.com
2018 하반기 대규모 수출상담회(BKF),aT 센터,2018,10,24,"MIWAMI CO., LTD",다류 수출업 무역,2009,"840-1 Noam-dong, Namwon-si, Jeollabuk-do, Korea",www.miwami.com
2018 하반기 대규모 수출상담회(BKF),aT 센터,2018,10,24,"YECHEON FOOD-BIO Co,. LTD","식음료품, 건강식품, 기능성식품",2017,"114, Doripdaehak-gil, Yecheon-eup, Yecheon-gun, Gyeongsangbuk-do",www.ssammall.com
2018 하반기 대규모 수출상담회(BKF),aT 센터,2018,10,24,"DELLOS F&B CO.,LTD","잼류,음료류",2013,"159, USANGONGDAN-GIL, WONJU-SI, GANGWON-DO",N
2018 하반기 대규모 수출상담회(BKF),aT 센터,2018,10,24,HueCreator,제조업,2010,"Unit 716, 1277-14 Jeongwang-dong, Shihung City, Kyunggi-do, Korea",www.huecreator.com
2018 하반기 대규모 수출상담회(BKF),aT 센터,2018,10,24,Htrading,무역,2016,"90, Sanggye-ro, Nowon-gu, Seoul",www.h-food.co.kr
2018 하반기 대규모 수출상담회(BKF),aT 센터,2018,10,24,"DANMEEFOOD.CO.,LTD",제조업,2017,"251, Maeho-ro, Hojeo-myeon, Wonju-si, Gangwon-do, Republic of Korea",www.danmeefood.kr
2018 하반기 대규모 수출상담회(BKF),aT 센터,2018,10,24,"Dajung Co., Ltd.",인삼류,1996,"371, JANGSU-RO, IWOL-MYEON, JINCHEON-GUN, CHUNGBUK, 27819 REPUBLIC OF KOREA",www.kgs.ne.kr
2018 하반기 대규모 수출상담회(BKF),aT 센터,2018,10,24,"Namyang Dairy Products Co., Ltd.","낙농품, 음료",1964,"240, Dosan-daero, Gangnam-gu, Seoul",.http://company.namyangi.com/
2018 하반기 대규모 수출상담회(BKF),aT 센터,2018,10,24,YAKSEONFOOD AGRICULTURAL CO. LTD,식품제조업/연구개발,2011,"1306 Gyeondong-ro, Andong-si,Gyeongsangbuk-do,KOREA",www.yakseonfood.com
2018 하반기 대규모 수출상담회(BKF),aT 센터,2018,10,24,KDY ALOE,농축산물,2015,"101, 2-23, Modubak-gil, Beomseo-eup, Ulju-gun, Ulsan, Korea",kdyaloe.com
2018 하반기 대규모 수출상담회(BKF),aT 센터,2018,10,24,HYE SUNG BEVERAGE Co.LTD,제조 .도소매업,2014,150 Munhwa-ro Jincheon-up Jincheon-gun chungbuk Korea,http://www.xn--zf4b8aw8i65e7scfxe.com/hs/mobile/index.html
2018 하반기 대규모 수출상담회(BKF),aT 센터,2018,10,24,HB CORPORATION,수출입업,2009,"259-2, Sinseon-ro, Nam-gu, Busan",www.foodtrade.co.kr
2018 하반기 대규모 수출상담회(BKF),aT 센터,2018,10,24,NH TRADING,"무역,주류수출,축산물수입판매,농수산물,오퍼상",1990,"7, Olympic-ro 48-gil, Gangdong-gu, Seoul, Republic of Korea",
2018 하반기 대규모 수출상담회(BKF),aT 센터,2018,10,24,les,식음료,2016,"4-7, Bangmulgwan-ro 1-gil, Gyeongsan-si, Gyeongsangbuk-do, Republic of Korea",www.LeSingular.com
2018 하반기 대규모 수출상담회(BKF),aT 센터,2018,10,24,"LOTTE FOODS CO., LTD.","빙과, 유산균음료, 경화유, 마아가린, 연유, 낙농",1958,"19, Yangpyeong-ro 19-gil, Yeongdeungpo-gu, Seoul",http://www.lottefoods.co.kr/
2018 하반기 대규모 수출상담회(BKF),aT 센터,2018,10,24,sunbongfood,식품가공업,2013,"Gomdan-ro 93beon-gil, Seo-gu,Incheon,Korea",www.sunbong.net
2018 하반기 대규모 수출상담회(BKF),aT 센터,2018,10,24,"JEONG HWA FOODS CO.,LTD.",제조업,1987,"2415-21, Haean-ro, Cheongha-myeon, Buk-gu, Pohang-si, Gyeongsangbuk-do",http://jeonghwa.koreasme.com
2018 하반기 대규모 수출상담회(BKF),aT 센터,2018,10,24,DaeDo Food,제조업,2000,,N
2018 하반기 대규모 수출상담회(BKF),aT 센터,2018,10,24,FRESHGO,제조업,2011,3rd Flr. 1Gwan Garak Mall 932 Yangjaedaero Songpa-Gu Seoul Korea,www.freshgo.kr
2018 하반기 대규모 수출상담회(BKF),aT 센터,2018,10,24,"Hyundai Green Food Co., Ltd",식품접객업,1967,"30, Munin-ro, Suji-gu, Yongin-si, Gyeonggi-do",hyundaigreenfood.com
2018 하반기 대규모 수출상담회(BKF),aT 센터,2018,10,24,Anax Biopolis Korea,"증류식 소주, 리큐르주",2006,,
2018 하반기 대규모 수출상담회(BKF),aT 센터,2018,10,24,HAEOREUM,"수제 막걸리키트, 곤약쌀",2011,"741, Opo-ro, Opo-eup, Gwangju-si, Gyeonggi-do",www.bangongi.com
2018 하반기 대규모 수출상담회(BKF),aT 센터,2018,10,24,"Applease Korea Brewery co., ltd",제조업,1996,"755 Iljikjeomgok-ro Danchon-myeon, Uiseong-gun, Gyeongsangbuk-do",http://www.applewine.co.kr
2018 하반기 대규모 수출상담회(BKF),aT 센터,2018,10,24,SOLPYO FOOD,조미료,2004,"84-2, Naegak 2-ro, Jinjeop-eup, Namyangju-si, Gyeonggi-do, Korea",www.solpyofoods.co.kr
2018 하반기 대규모 수출상담회(BKF),aT 센터,2018,10,24,[K24] NATUREGANIC SEOWON CORPORATION,제조,2017,"(12773) 17-99, Opo-ro 171beon-gil, Opo-eup, Gwangju-si, Gyeonggi-do, Republic of Korea",www.berrykle.com
2018 하반기 대규모 수출상담회(BKF),aT 센터,2018,10,24,OSONDOSON,"제조업,도매및소매업",2012,"16, Nagwon-dong-gil, Oseoseo-myeon, Sangju-si, Gyeongsangbuk-do South Korea",WWW.happybio114.com
2018 하반기 대규모 수출상담회(BKF),aT 센터,2018,10,24,DODUM  Co. Ltd,제조업,2013,"3750-341, Nambu-ro, Samseung-myeon,  Boeun-gun, Chungcheong buk-do, KOREA",www.dodumbio.com
2018 하반기 대규모 수출상담회(BKF),aT 센터,2018,10,24,"Kwangdong Pharmaceutical Co.,Ltd",의약품/화장품/식품,1968,,www.ekdp.com
2018 하반기 대규모 수출상담회(BKF),aT 센터,2018,10,24,"Thebab CO., LTD.",조미료 및 식품첨가물,2012,"#404 R&DB Center of Kyungil University, 50 Gamasil-gil, Hayang-eup, Kyeongsan city, Kyeongbuk South Korea",www.thebab.kr
2018 하반기 대규모 수출상담회(BKF),aT 센터,2018,10,24,Green Family.Inc,"죽제품,식품제조.유통",1999,kyeong ki do wha seong-si an nyeong gil 66,"www,.green-family.co.kr"
2018 하반기 대규모 수출상담회(BKF),aT 센터,2018,10,24,EVERFARM AGRICULTURAL CORP.,농산물생산및유통,2015,"31, Yeondong-gil, Sinbuk-myeon, Yeongam-gun, Jeollanam-do",
2018 하반기 대규모 수출상담회(BKF),aT 센터,2018,10,24,LHK Fermentation Lab.,"연구및개발업, 식품제조가공업",2014,"#B-616 WOOLIM LIONS VALLEY, 146-8,SANGDAEWON-DONG, JUNGWON-GU, SEONGNAM-SI,GYONGGI-DO, KOREA",www.bal-hyo.co.kr
2018 하반기 대규모 수출상담회(BKF),aT 센터,2018,10,24,"fooins. co., ltd",도소매,2017,"#31, 2 floor, 579,  Gyeongin-ro  Guro-gu,  seoul, Korea",www.fooins.com
2018 하반기 대규모 수출상담회(BKF),aT 센터,2018,10,24,hanyeowool bio bally,"유기농버섯재배 농산물유통,가공,판매",2011,,www.ycgoldenfarm.com
2018 하반기 대규모 수출상담회(BKF),aT 센터,2018,10,24,Ggotjeotgal,제조업,2013,"371, Chilpo-ro, Heunghae-eup, Buk-gu, Pohang-si, Gyeongsangbuk-do, Republic of Korea",
2018 하반기 대규모 수출상담회(BKF),aT 센터,2018,10,24,"SAMMI COMMERCE CO.,LTD.",무역.식품잡화.통신판매,1994,"3F, 296, Jungdae-ro, Songpa-gu, Seoul, 05724, Korea",www.sammicms.co.kr
2018 하반기 대규모 수출상담회(BKF),aT 센터,2018,10,24,"Taekyung Nongsan Co.,Ltd",농수산물가공 및 식품제조업,1979,"112, Yeouidaebang-ro, Dongjak-gu, Seoul",www.itaekyung.com
2018 하반기 대규모 수출상담회(BKF),aT 센터,2018,10,24,ZARAM FOOD,건강식품,2017,"239-19, Haean-ro, Cheonggye-myeon, Muan-gun, Jeollanam-do",www.yesnicejuice.com
2018 하반기 대규모 수출상담회(BKF),aT 센터,2018,10,24,SAJO HAEPYO CORPORATION,농수산물외,2004,"482-2,BANGBAE-3DONG,SEOCHO-KU,SEOUL,KOREA",www.sajohp.com
2018 하반기 대규모 수출상담회(BKF),aT 센터,2018,10,24,"JEONG HWA FOODS CO.,LTD.",제조업,1987,"2415-21, Haean-ro, Cheongha-myeon, Buk-gu, Pohang-si, Gyeongsangbuk-do",http://jeonghwa.koreasme.com
2018 하반기 대규모 수출상담회(BKF),aT 센터,2018,10,24,SAMJIN GLOBALNET,"무역업, 임대",1970,"562, Samseong-ro, Gangnam-gu, Seoul, Republic of Korea",http://www.wangfood.com/
2018 하반기 대규모 수출상담회(BKF),aT 센터,2018,10,24,"MONGGO FOODS CO., LTD.",장류 및 기타식품 등,1905,"18, Paryong-ro 371beon-gil, Uichang-gu, Changwon-si, Gyeongsangnam-do",www.monggofood.co.kr
2018 하반기 대규모 수출상담회(BKF),aT 센터,2018,10,24,"[K23] NAMDOFOOD CO., LTD.",농수산 식품 제조 가공업,,,
2018 하반기 대규모 수출상담회(BKF),aT 센터,2018,10,24,"HOSAN CO., LTD",무역,1994,"57, Iseopdaecheon-ro 263beon-gil, Hoberop-myeon, Icheon, Gyeonggi-do",N
2018 하반기 대규모 수출상담회(BKF),aT 센터,2018,10,24,"SSMGLOBAL CO., LTD.","무역, 유통",2016,"385, Gulmi-ro, Juksan-myeon, Anseong-si, Gyeonggi-do, Korea",www.ssmglobal.co.kr
2018 하반기 대규모 수출상담회(BKF),aT 센터,2018,10,24,"IIKIM CO.,LTD.","김치,반찬류",2005,"35,GEUMGUL4-GIL,BO-EUN-EUP,BO-EUN-GUN,CHUNGCHEONGBUK-DO,KOREA",http://www.iikim.co.kr
2018 하반기 대규모 수출상담회(BKF),aT 센터,2018,10,24,"AJUMMA REPUBLIC CO.,LTD","도소매,서비스",2016,"5F-513, 294 Banghwa-daero, Gangseo-gu, Seoul",www.ajummarepublic.co.kr
2018 하반기 대규모 수출상담회(BKF),aT 센터,2018,10,24,JANGMAEUL,장류 및 소스,1998,"31, Shinho-4gil, Chodong-myeon, Gyeongsangnam-do, Korea",www.jangmaeul.com
2018 하반기 대규모 수출상담회(BKF),aT 센터,2018,10,24,CHUNIL FOODS CO.,제조,1074,"7-19, Gangnam-daero 27-gil, Seocho-gu, Seoul",WWW.CHUNILFOOD.CO.KR
2018 하반기 대규모 수출상담회(BKF),aT 센터,2018,10,24,"G.EAST. CO., LTD.","제조, 도소매, 무역, 유통전문판매업",2008,"A-13F, 247, Gonghangdae-ro, Gangseo-gu, Seoul, Korea",www.geast.co.kr
2018 하반기 대규모 수출상담회(BKF),aT 센터,2018,10,24,RAON,무역,2017,"50 Misagangbyeondong-ro, Hanam-si, Gyeonggi-do",
2018 하반기 대규모 수출상담회(BKF),aT 센터,2018,10,24,"SUNHAE Marine Co., Ltd","도소매,제조업,도소매",1999,"39-12 Gwangnaman-ro, Gwangju-si, Geonggi-do, Korea",www.sunhae.co.kr
2018 하반기 대규모 수출상담회(BKF),aT 센터,2018,10,24,"seunghwafood.co.,ltd.","김치, 절임식품",2008,"113-23, Gasan-ro, Gasan-myeon, Pocheon-si, Gyeonggi-do",www.seunghwa.net
2018 하반기 대규모 수출상담회(BKF),aT 센터,2018,10,24,"BOSUNGILUKJOKOREA CO.,LTD","제조업, 무역업, 소매업 (김치 및 절임식품)",2004,,N
2018 하반기 대규모 수출상담회(BKF),aT 센터,2018,10,24,"kwangyafood co,.ltd","비알콜성음료,차류",1983,"134, Sintanjin-ro 738beon-gil, Daedeok-gu, Daejeon",www.kwangfood.co.kr
2018 하반기 대규모 수출상담회(BKF),aT 센터,2018,10,24,"Namyang Dairy Products Co., Ltd.","낙농품, 음료",1964,"240, Dosan-daero, Gangnam-gu, Seoul",.http://company.namyangi.com/
2018 하반기 대규모 수출상담회(BKF),aT 센터,2018,10,24,PUNGGI PREMIUM GOODS AGRICULTURAL COOPERATIVE,"제조, 유통",1995,"1118, Jungnyeong-ro, Punggi-eup, Yeongju-si, Gyeongsangbuk-do, Republic of Korea",www.kpch.co.kr
2018 하반기 대규모 수출상담회(BKF),aT 센터,2018,10,24,SAJO HAEPYO CORPORATION,농수산물외,2004,"482-2,BANGBAE-3DONG,SEOCHO-KU,SEOUL,KOREA",www.sajohp.com
2018 하반기 대규모 수출상담회(BKF),aT 센터,2018,10,24,K-MUSH,"무역(버섯, 농산물)",2009,#904 aT center Gangnam-daero 27 seoul south korea,www.koreamushroom.co.kr
2018 하반기 대규모 수출상담회(BKF),aT 센터,2018,10,24,"SAMHAE COMMERCIAL CO., LTD.","제조, 수출, 도 소매",1968,"25, Beobwon-ro 11-gil, Songpa-gu, Seoul",www.samhae.com
2018 하반기 대규모 수출상담회(BKF),aT 센터,2018,10,24,SAMAH INTERNATIONAL CORP.,"제조,도매",1984,"48, Seobunam-ro 790beon-gil, Sinchang-myeon, Asan-si, Chungcheongnam-do, Republic of Korea",www.samah.co.kr
2018 하반기 대규모 수출상담회(BKF),aT 센터,2018,10,24,"TAEKWAN CO.,LTD.",무역업,2002,"#401, Jungwoo bldg, 178, Injung-ro, Jung-gu, Incheon, Korea",www.taekwan.co.kr
2018 하반기 대규모 수출상담회(BKF),aT 센터,2018,10,24,NatureCell,"통조림, 음료, 장류, 생명과학제품",1971,"10, Gukhoe-daero 76-gil, Yeongdeungpo-gu, Seoul",www.naturecell.co.kr
2018 하반기 대규모 수출상담회(BKF),aT 센터,2018,10,24,Korea Bio-energy Tech Ltd.,제조,2017,"16 Noam-gil, Namseon-myon, Andong, Gyongbuk, Korea",
2018 하반기 대규모 수출상담회(BKF),aT 센터,2018,10,24,[K29] SEORAKSAN GREEN FOOD CO.,농산물 가공,2014,"41-50, Powolsaemal-gil, Yangyang-eup, Yangyang-gun, Gangwon-do, Korea",www.sgreenfood.co.kr
2018 하반기 대규모 수출상담회(BKF),aT 센터,2018,10,24,"DH SEAFOOD CO.,LTD",농수산물수출,1998,"570, Gadeokhaean-ro 2beon-gil, Gangseo-gu, Busan, Korea",www.dhseafood.kr
2018 하반기 대규모 수출상담회(BKF),aT 센터,2018,10,24,R&G CORPORATION,"무역, 농수산물가공식품",1985,"347 Daewangpangyo-ro, Bundang-gu, Seongnam-si Gyeonggi-do",www.assifood.co.kr
2018 하반기 대규모 수출상담회(BKF),aT 센터,2018,10,24,"JINHYUN CO.,LTD",제조,2011,"109, Angok-ro, Gimhae-si, Gyeongsangnam-do",http://www.fresiweed.com/
2018 하반기 대규모 수출상담회(BKF),aT 센터,2018,10,24,agricultural corp-hyoga,발효식품,2014,"76 milgiul-gil, sangnam-myeon, inje-gun, gangwon-do, korea",www.hyogafood.com
2018 하반기 대규모 수출상담회(BKF),aT 센터,2018,10,24,J-Food,"식품(조미김,수산물)",2018,"489, Dongdaegu-ro, Dong-gu, Daegu",
2018 하반기 대규모 수출상담회(BKF),aT 센터,2018,10,24,"Taekyung Nongsan Co.,Ltd",농수산물가공 및 식품제조업,1979,"112, Yeouidaebang-ro, Dongjak-gu, Seoul",www.itaekyung.com
2018 하반기 대규모 수출상담회(BKF),aT 센터,2018,10,24,KANGLIM ORGANIC corp.,"유기농산물재배,판매,김치,식물성유지",1999,"510, Choha-ro, Chodong-myeon, Miryang-si, Gyeongsangnam-do",agricom.co.kr
2018 하반기 대규모 수출상담회(BKF),aT 센터,2018,10,24,Lotte Liquor,주류,1926,"Lotte Castle Gold 5F 7-18, Sincheon-dong, Songpa-gu, Seoul, S.Korea",www.lotteliquor.com
2018 하반기 대규모 수출상담회(BKF),aT 센터,2018,10,24,Quali Korea Corp.,"수출입업무,수출대행업,오퍼",2015,"52, Achasan-ro 15-gil, Seongdong-gu, Seoul",www.qkc.co.kr
2018 하반기 대규모 수출상담회(BKF),aT 센터,2018,10,24,"Ilhwa co.,ltd.",제조,1971,"21, Sangil-ro 6-gil, Gangdong-gu, Seoul",www.ilhwa.co.kr
2018 하반기 대규모 수출상담회(BKF),aT 센터,2018,10,24,JSN FOOD,장류제조업,2015,"14-10, Sinchon-ro 146beon-gil, Gilsang-myeon, Ganghwa-gun, Incheon, Republic of Korea (23049)",www.jsneyagi.com
2018 하반기 대규모 수출상담회(BKF),aT 센터,2018,10,24,"Woongjin Foods Co.,Ltd",인삼제품 및 음료외,1976,"390, Jong-ro, Jongno-gu, Seoul",www.wjfood.com
2018 하반기 대규모 수출상담회(BKF),aT 센터,2018,10,24,pocheon ginseng farmer association,인삼제품,2005,,http://www.pocheoninsam.com/
2018 하반기 대규모 수출상담회(BKF),aT 센터,2018,10,24,CHUNIL FOODS CO.,제조,1074,"7-19, Gangnam-daero 27-gil, Seocho-gu, Seoul",WWW.CHUNILFOOD.CO.KR
2018 하반기 대규모 수출상담회(BKF),aT 센터,2018,10,24,MIMI FOOD,"조미식품, 절임식품",1988,,www.mimifood.com
2018 하반기 대규모 수출상담회(BKF),aT 센터,2018,10,24,"HAITAI CONFECTIONERY AND FOODS CO., LTD",식품제조업,2001,"3, Hangang-daero 72-gil, Yongsan-gu, Seoul",eng.ht.co.kr/
2018 하반기 대규모 수출상담회(BKF),aT 센터,2018,10,24,"JS KOREA CO., LTD.","수산물 가공, 무역",2011,"21-13, Nonggongdanji 6-gil, Wando-eup, Wando-gun, Jeollanam-do",www.jskoreagroup.com
2018 하반기 대규모 수출상담회(BKF),aT 센터,2018,10,24,"Jaeho products co., ltd.","농수산물가공, 농수산물, 임대",1984,"196, Janglim-Ro, Saha-Gu, Busan-City, KOREA",www.jaeho.co.kr
2018 하반기 대규모 수출상담회(BKF),aT 센터,2018,10,24,Bean & World,"장류,차류",2003,"273 CHOGEUM-RO CHOPYEONG-MYEON              JINCHEON-GUN CHUNGCHEONGBUK-DO, KOREA",http://www.dodookorea.co.kr/
2018 하반기 대규모 수출상담회(BKF),aT 센터,2018,10,24,JSN FOOD,장류제조업,2015,"14-10, Sinchon-ro 146beon-gil, Gilsang-myeon, Ganghwa-gun, Incheon, Republic of Korea (23049)",www.jsneyagi.com
2018 하반기 대규모 수출상담회(BKF),aT 센터,2018,10,24,"Bob Lee Burger System co.,Ltd","프랜차이즈컨설팅,가공식품,무역",2014,,www.bobleeburger.com
2018 하반기 대규모 수출상담회(BKF),aT 센터,2018,10,24,Ark of Green Soy Farming Association,장류,2010,"740, Jungsanganseo-ro, Seogwipo-si, Jeju-do",http://www.greensoy.co.kr
2018 하반기 대규모 수출상담회(BKF),aT 센터,2018,10,24,Chammiso Agricultural Corp.,"제조업,도매 및 소매",2009,"159, Ihwa-ro, Pyeongtaek-si, Gyeonggi-do, Republic of Korea",www.chammiso.co.kr
2018 하반기 대규모 수출상담회(BKF),aT 센터,2018,10,24,[K32] TULIP INTERNATIONAL INC.,"기타식품, 무역, 제조",1999,"37, Teheran-ro 87-gil, Gangnam-gu, Seoul",www.tulipint.com
2018 하반기 대규모 수출상담회(BKF),aT 센터,2018,10,24,"Thebab CO., LTD.",조미료 및 식품첨가물,2012,"#404 R&DB Center of Kyungil University, 50 Gamasil-gil, Hayang-eup, Kyeongsan city, Kyeongbuk South Korea",www.thebab.kr
2018 하반기 대규모 수출상담회(BKF),aT 센터,2018,10,24,"SUNHAE Marine Co., Ltd","도소매,제조업,도소매",1999,"39-12 Gwangnaman-ro, Gwangju-si, Geonggi-do, Korea",www.sunhae.co.kr
2018 하반기 대규모 수출상담회(BKF),aT 센터,2018,10,24,NatureCell,"통조림, 음료, 장류, 생명과학제품",1971,"10, Gukhoe-daero 76-gil, Yeongdeungpo-gu, Seoul",www.naturecell.co.kr
2018 하반기 대규모 수출상담회(BKF),aT 센터,2018,10,24,"EBICHE CO.,LTD",제조업,2000,"21, HWANGGANG GONGDANGIL, IMGO MYEON, YEONGCHEON CITY, GYEONG BUK-DO, KOREA.",www.ebiche.com
2018 하반기 대규모 수출상담회(BKF),aT 센터,2018,10,24,"PNS CO.,LTD.",커피가공업,2000,"805, Biz Center, SKn Techno Park, 124, Sagimakgol-ro, Jungwon-gu, Seongnam-si, Gyeonggi-do, Republic of Korea",www.coffeefriend.co.kr
2018 하반기 대규모 수출상담회(BKF),aT 센터,2018,10,24,"INSAN BAMBOO SALT, Inc.",식품,1998,"99-25, Dabyeot-gil, Byeonggok-myeon, Hamyang-gun, Gyeongsangnam-do, Republic of Korea",www.insan.com
2018 하반기 대규모 수출상담회(BKF),aT 센터,2018,10,24,"MORE CO., LTD.",식품 가공,2006,"113,DODONGGUYEOK-GIL,YEONGCHEON-SI,GYEONGSANGBUK-DO,KOREA",morecorp.co.kr
2018 하반기 대규모 수출상담회(BKF),aT 센터,2018,10,24,hanyeowool bio bally,"유기농버섯재배 농산물유통,가공,판매",2011,,www.ycgoldenfarm.com
2018 하반기 대규모 수출상담회(BKF),aT 센터,2018,10,24,"YILIP INTERNATIONAL CO., LTD.",신선농산물 무역,2015,"Room 101, 12-1, Naesammi-ro 80beon-gil, Osan-si, Gyeonggi-do",http://www.yilip.net
2018 하반기 대규모 수출상담회(BKF),aT 센터,2018,10,24,"SAMMI COMMERCE CO.,LTD.",무역.식품잡화.통신판매,1994,"3F, 296, Jungdae-ro, Songpa-gu, Seoul, 05724, Korea",www.sammicms.co.kr
2018 하반기 대규모 수출상담회(BKF),aT 센터,2018,10,24,agricultural corp-hyoga,발효식품,2014,"76 milgiul-gil, sangnam-myeon, inje-gun, gangwon-do, korea",www.hyogafood.com
2018 하반기 대규모 수출상담회(BKF),aT 센터,2018,10,24,DaeDo Food,제조업,2000,,N
2018 하반기 대규모 수출상담회(BKF),aT 센터,2018,10,24,"SAMHAE COMMERCIAL CO., LTD.","제조, 수출, 도 소매",1968,"25, Beobwon-ro 11-gil, Songpa-gu, Seoul",www.samhae.com
2018 하반기 대규모 수출상담회(BKF),aT 센터,2018,10,24,SEMPIO FOODS COMPANY,식품,1946,,www.sempio.com
2018 하반기 대규모 수출상담회(BKF),aT 센터,2018,10,24,"AGRI-COOP TOTMATO CO.,LTD.","식품가공, 유통",2014,"219,Baeunian-gil, Jeokseong-myeon, Paju-si, Gyeonggi-do, Korea",www.wellgreen.biz
2018 하반기 대규모 수출상담회(BKF),aT 센터,2018,10,24,DaeDo Food,제조업,2000,,N
2018 하반기 대규모 수출상담회(BKF),aT 센터,2018,10,24,"Sunyoung Food co.,ltd","과자류, 코코아가공 및 초콜렛",2013,"784, Seongnam-ro, Susin-myeon, Dongnam-gu, Cheonan-si, Chungcheongnam-do, Korea",http://sy-food.co.kr/
2018 하반기 대규모 수출상담회(BKF),aT 센터,2018,10,24,GEONWON TRADE,"식품, 유아식품",2016,"10, Gangnam-daero 51-gil, Seocho-gu, Seoul",
2018 하반기 대규모 수출상담회(BKF),aT 센터,2018,10,24,noodletree,생면류,2010,"419-67, Wonjeok-ro, Sindun-myeon, Icheon-si, Gyeonggi-do",
2018 하반기 대규모 수출상담회(BKF),aT 센터,2018,10,24,"HAITAI CONFECTIONERY AND FOODS CO., LTD",식품제조업,2001,"3, Hangang-daero 72-gil, Yongsan-gu, Seoul",eng.ht.co.kr/
2018 하반기 대규모 수출상담회(BKF),aT 센터,2018,10,24,Jonaegipotato,제조업,2013,"78,Utseobal-ro,Yeong do-gu,Busan(Dong sam dong)",http://sweetpo.alltheway.kr
2018 하반기 대규모 수출상담회(BKF),aT 센터,2018,10,24,"Chunho Food Co., Ltd.","제조,도소매,소매,부동산",1984,"8th floor, 177, Beomil-ro, Busanjin-gu, Busan, Republic of Korea",http://www.chunhomall.com
2018 하반기 대규모 수출상담회(BKF),aT 센터,2018,10,24,HueCreator,제조업,2010,"Unit 716, 1277-14 Jeongwang-dong, Shihung City, Kyunggi-do, Korea",www.huecreator.com
2018 하반기 대규모 수출상담회(BKF),aT 센터,2018,10,24,Dashimachonbok fishery corp,도소매,2008,"95, Nonggongdanji-gil, Wando-eup, Wando-gun, Jeollanam-do, Republic of Korea",www.dashimachonbok.co.kr
2018 하반기 대규모 수출상담회(BKF),aT 센터,2018,10,24,SEIN FOOD.Co.Inc,김치.절임식품,2007,1074   Honamro  Wanggoongmyun Iksan City Chunbukdo,
2018 하반기 대규모 수출상담회(BKF),aT 센터,2018,10,24,"Thebab CO., LTD.",조미료 및 식품첨가물,2012,"#404 R&DB Center of Kyungil University, 50 Gamasil-gil, Hayang-eup, Kyeongsan city, Kyeongbuk South Korea",www.thebab.kr
2018 하반기 대규모 수출상담회(BKF),aT 센터,2018,10,24,noodletree,생면류,2010,"419-67, Wonjeok-ro, Sindun-myeon, Icheon-si, Gyeonggi-do",
2018 하반기 대규모 수출상담회(BKF),aT 센터,2018,10,24,[K22] KOREAN GINSENG EXPORT CORP.,"건강기능식품, 홍삼",2012,"216-18, Sindumangok-ro, Gongdo-eup, Anseong-si, Gyeonggi-do, Republic of Korea",www.kgec.kr
2018 하반기 대규모 수출상담회(BKF),aT 센터,2018,10,24,"Gang Dong O Cake Co.,Ltd","제과,제빵",2005,"24-21, Osin 2-gil, Deokjin-gu, Jeonju-si, Jeollabuk-do",http://www.pnbakery.co.kr/
2018 하반기 대규모 수출상담회(BKF),aT 센터,2018,10,24,"[K26] PALDO CO., LTD","면, 음료 제조",1969,"577 GANGNAMDAERO, SEOCHO-GU, SEOUL, KOREA",www.paldofood.com
2018 하반기 대규모 수출상담회(BKF),aT 센터,2018,10,24,mdone,"식음료,무역,전자상거래",2012,"605 aT Center,27 Gangnamdae-ro,Seocho-gu,seoul 06774,Korea",N
2018 하반기 대규모 수출상담회(BKF),aT 센터,2018,10,24,"Taekyung Nongsan Co.,Ltd",농수산물가공 및 식품제조업,1979,"112, Yeouidaebang-ro, Dongjak-gu, Seoul",www.itaekyung.com
2018 하반기 대규모 수출상담회(BKF),aT 센터,2018,10,24,"Dae Young Foods Co.,Ltd.",식품제조가공업,1984,"302-1, Gumgul-ri, Boeun-eup, Boeun-gun, Choongbuk, Korea",www.daeyoungfoods.co.kr
2018 하반기 대규모 수출상담회(BKF),aT 센터,2018,10,24,"Dajung Co., Ltd.",인삼류,1996,"371, JANGSU-RO, IWOL-MYEON, JINCHEON-GUN, CHUNGBUK, 27819 REPUBLIC OF KOREA",www.kgs.ne.kr
2018 하반기 대규모 수출상담회(BKF),aT 센터,2018,10,24,sandol,"전분, 사료, 면류",2001,"1009-9, Seorak-ro, Hongcheon-eup, Gangwon-do",http://www.sandolfood.co.kr
2018 하반기 대규모 수출상담회(BKF),aT 센터,2018,10,24,J-Food,"식품(조미김,수산물)",2018,"489, Dongdaegu-ro, Dong-gu, Daegu",
2018 하반기 대규모 수출상담회(BKF),aT 센터,2018,10,24,SAJO HAEPYO CORPORATION,농수산물외,2004,"482-2,BANGBAE-3DONG,SEOCHO-KU,SEOUL,KOREA",www.sajohp.com
2018 하반기 대규모 수출상담회(BKF),aT 센터,2018,10,24,GEONWON TRADE,"식품, 유아식품",2016,"10, Gangnam-daero 51-gil, Seocho-gu, Seoul",
2018 하반기 대규모 수출상담회(BKF),aT 센터,2018,10,24,"[K27] PUREPLUS CO., LTD","제조, 도소매",2002,"11, Sudongnonggong-gil, Sudong-myeon, Hamyang-gun, Gyeongsangnam-do",www.pureplus.co.kr
2018 하반기 대규모 수출상담회(BKF),aT 센터,2018,10,24,"[K35] WOORISOOL CO., LTD","탁주, 약주",2003,"#29 Daboganseon-ro, Jojong-myeon, Gapyeong-gun, Gyeonggi-do, Korea(Republic of)",www.woorisool.kr
2018 하반기 대규모 수출상담회(BKF),aT 센터,2018,10,24,K-MUSH,"무역(버섯, 농산물)",2009,#904 aT center Gangnam-daero 27 seoul south korea,www.koreamushroom.co.kr
2018 하반기 대규모 수출상담회(BKF),aT 센터,2018,10,24,CENTRAL FOOD INGREDIENTS CO,무역,2009,"9, Geumsan-ro, Gunpo-si, Gyeonggi-do",
2018 하반기 대규모 수출상담회(BKF),aT 센터,2018,10,24,CHUNIL FOODS CO.,제조,1074,"7-19, Gangnam-daero 27-gil, Seocho-gu, Seoul",WWW.CHUNILFOOD.CO.KR
2018 하반기 대규모 수출상담회(BKF),aT 센터,2018,10,24,"MONGGO FOODS CO., LTD.",장류 및 기타식품 등,1905,"18, Paryong-ro 371beon-gil, Uichang-gu, Changwon-si, Gyeongsangnam-do",www.monggofood.co.kr
2018 하반기 대규모 수출상담회(BKF),aT 센터,2018,10,24,infotrading company,무역(농수임축산),2012,,N
2018 하반기 대규모 수출상담회(BKF),aT 센터,2018,10,24,BALHYOCHON,식초음료,2007,"307, Gaya-ro, Jillyang-eup, Gyeongsan-si, Gyeongsangbuk-do",www.balhyochon.com
2018 하반기 대규모 수출상담회(BKF),aT 센터,2018,10,24,[K08] EVERGOOD CORPORATION,"무역(농산물),농산물",2009,,N
2018 하반기 대규모 수출상담회(BKF),aT 센터,2018,10,24,Taeyang export agriculture association,"농수산물, 농산가공품",2004,"#68 derebatgil jeju-shi, Jeju-di",www.sunexpo
2018 하반기 대규모 수출상담회(BKF),aT 센터,2018,10,24,CHUNIL FOODS CO.,제조,1074,"7-19, Gangnam-daero 27-gil, Seocho-gu, Seoul",WWW.CHUNILFOOD.CO.KR
2018 하반기 대규모 수출상담회(BKF),aT 센터,2018,10,24,"kwangyafood co,.ltd","비알콜성음료,차류",1983,"134, Sintanjin-ro 738beon-gil, Daedeok-gu, Daejeon",www.kwangfood.co.kr
2018 하반기 대규모 수출상담회(BKF),aT 센터,2018,10,24,"Kwangcheonkim Co.,LTD","맛김,미역,김,당면,통신판매(맛김,미역,김,당면)",2008,"77,chungseo-ro, eunha-myeon, hongseong-gun, chungcheongnam-do, korea",www.kckim.kr
2018 하반기 대규모 수출상담회(BKF),aT 센터,2018,10,24,RAON,무역,2017,"50 Misagangbyeondong-ro, Hanam-si, Gyeonggi-do",
2018 하반기 대규모 수출상담회(BKF),aT 센터,2018,10,24,"LOTTE FOODS CO., LTD.","빙과, 유산균음료, 경화유, 마아가린, 연유, 낙농",1958,"19, Yangpyeong-ro 19-gil, Yeongdeungpo-gu, Seoul",http://www.lottefoods.co.kr/
2018 하반기 대규모 수출상담회(BKF),aT 센터,2018,10,24,"SD Food Co., Ltd.","제조업, 도소매업, 서비스업",2015,,
2018 하반기 대규모 수출상담회(BKF),aT 센터,2018,10,24,"Kukje Confectionery Co.,Ltd",과자 및 사탕류,1963,,www.melland.co.kr
2018 하반기 대규모 수출상담회(BKF),aT 센터,2018,10,24,"MIWAMI CO., LTD",다류 수출업 무역,2009,"840-1 Noam-dong, Namwon-si, Jeollabuk-do, Korea",www.miwami.com
2018 하반기 대규모 수출상담회(BKF),aT 센터,2018,10,24,"Dae Young Foods Co.,Ltd.",식품제조가공업,1984,"302-1, Gumgul-ri, Boeun-eup, Boeun-gun, Choongbuk, Korea",www.daeyoungfoods.co.kr
2018 하반기 대규모 수출상담회(BKF),aT 센터,2018,10,24,"Gang Dong O Cake Co.,Ltd","제과,제빵",2005,"24-21, Osin 2-gil, Deokjin-gu, Jeonju-si, Jeollabuk-do",http://www.pnbakery.co.kr/
2018 하반기 대규모 수출상담회(BKF),aT 센터,2018,10,24,YONSEI UNIVERSITY DAIRY,"낙농품,두유 등",1962,"829, Eumbong-ro, Asan-si, Chungcheongnamdo",www.yonseidairy.com
2018 하반기 대규모 수출상담회(BKF),aT 센터,2018,10,24,YAKSEONFOOD AGRICULTURAL CO. LTD,식품제조업/연구개발,2011,"1306 Gyeondong-ro, Andong-si,Gyeongsangbuk-do,KOREA",www.yakseonfood.com
2018 하반기 대규모 수출상담회(BKF),aT 센터,2018,10,24,SAMAH INTERNATIONAL CORP.,"제조,도매",1984,"48, Seobunam-ro 790beon-gil, Sinchang-myeon, Asan-si, Chungcheongnam-do, Republic of Korea",www.samah.co.kr
2018 하반기 대규모 수출상담회(BKF),aT 센터,2018,10,24,HANDIUM,도소매,2014,,www.handium.co.kr
2018 하반기 대규모 수출상담회(BKF),aT 센터,2018,10,24,KF TRADING,무역,2002,"505. #642 jungangheightbill642.754. janghang,ilsan-dongku,koyang city,kyunggi",
2018 하반기 대규모 수출상담회(BKF),aT 센터,2018,10,24,jirisanhonghwain,"다류, 기타식품류",1998,"3-3, Okdong-gil, Yurim-myeon, Hamyang-gun, Gyeongsangnam-do, Republic of Korea",www.honghwain.co.kr
2018 하반기 대규모 수출상담회(BKF),aT 센터,2018,10,24,"ROYALGREENS, KOREA DORAJI R&D",제조업,201,"#501 Novel Techno Blg. 288-24 Galmachiro, Jungwongu,Sungnam Gyeonggido, Rep. of Korea",www.royalgreens.co.kr
2018 하반기 대규모 수출상담회(BKF),aT 센터,2018,10,24,"[K09] FINE FT CO., LTD","식품제조가공업, 식품첨가물제조업 등",2007,"3524, Charyeong-ro, Jeongan-myeon, Gongju-si, Chungcheongnam-do, 32511, South Korea",www.fineft.co.kr
2018 하반기 대규모 수출상담회(BKF),aT 센터,2018,10,24,Taeyang export agriculture association,"농수산물, 농산가공품",2004,"#68 derebatgil jeju-shi, Jeju-di",www.sunexpo
2018 하반기 대규모 수출상담회(BKF),aT 센터,2018,10,24,"SAVIA INT'L CO.,LTD.",수출/제조,2010,"W1417, hansinInterValley24, 322, Teheran-ro, Gangnam-gu, Seoul, Republic of Korea",www.saviaintl.com
2018 하반기 대규모 수출상담회(BKF),aT 센터,2018,10,24,SAMAH INTERNATIONAL CORP.,"제조,도매",1984,"48, Seobunam-ro 790beon-gil, Sinchang-myeon, Asan-si, Chungcheongnam-do, Republic of Korea",www.samah.co.kr
2018 하반기 대규모 수출상담회(BKF),aT 센터,2018,10,24,KDY ALOE,농축산물,2015,"101, 2-23, Modubak-gil, Beomseo-eup, Ulju-gun, Ulsan, Korea",kdyaloe.com
2018 하반기 대규모 수출상담회(BKF),aT 센터,2018,10,24,sandol,"전분, 사료, 면류",2001,"1009-9, Seorak-ro, Hongcheon-eup, Gangwon-do",http://www.sandolfood.co.kr
2018 하반기 대규모 수출상담회(BKF),aT 센터,2018,10,24,"KEIL Co., LTD",식용곤충활용식품 제조업,2016,"#403, 4th Floor, 191, Dongho-ro, Jung-gu, Seoul, 04598, Korea",www.keilcorp.com
2018 하반기 대규모 수출상담회(BKF),aT 센터,2018,10,24,"Dae Young Foods Co.,Ltd.",식품제조가공업,1984,"302-1, Gumgul-ri, Boeun-eup, Boeun-gun, Choongbuk, Korea",www.daeyoungfoods.co.kr
2018 하반기 대규모 수출상담회(BKF),aT 센터,2018,10,24,"JS KOREA CO., LTD.","수산물 가공, 무역",2011,"21-13, Nonggongdanji 6-gil, Wando-eup, Wando-gun, Jeollanam-do",www.jskoreagroup.com
2018 하반기 대규모 수출상담회(BKF),aT 센터,2018,10,24,chorokariul,농산물/곡물도정/시기품가공(밀가루등)/통신판매,2004,"39, Deungyounggil, Haseo-myeon, Buan-gun, Jeollabuk-do,korea,56332",http://www.chorokariul.com/
2018 하반기 대규모 수출상담회(BKF),aT 센터,2018,10,24,"Woongjin Foods Co.,Ltd",인삼제품 및 음료외,1976,"390, Jong-ro, Jongno-gu, Seoul",www.wjfood.com
2018 하반기 대규모 수출상담회(BKF),aT 센터,2018,10,24,"MONGGO FOODS CO., LTD.",장류 및 기타식품 등,1905,"18, Paryong-ro 371beon-gil, Uichang-gu, Changwon-si, Gyeongsangnam-do",www.monggofood.co.kr
2018 하반기 대규모 수출상담회(BKF),aT 센터,2018,10,24,R&G CORPORATION,"무역, 농수산물가공식품",1985,"347 Daewangpangyo-ro, Bundang-gu, Seongnam-si Gyeonggi-do",www.assifood.co.kr
2018 하반기 대규모 수출상담회(BKF),aT 센터,2018,10,24,MIMI FOOD,"조미식품, 절임식품",1988,,www.mimifood.com
2018 하반기 대규모 수출상담회(BKF),aT 센터,2018,10,24,LINGERWATER Inc.,제조업,2017,"21, Baekbeom-ro 31-gil, Mapo-gu, Seoul",www.lingerwater.com
2018 하반기 대규모 수출상담회(BKF),aT 센터,2018,10,24,"[K35] WOORISOOL CO., LTD","탁주, 약주",2003,"#29 Daboganseon-ro, Jojong-myeon, Gapyeong-gun, Gyeonggi-do, Korea(Republic of)",www.woorisool.kr
2018 하반기 대규모 수출상담회(BKF),aT 센터,2018,10,24,"Hyundai F&B Co.,Ltd.","과자류, 음료, 캔디류",2008,,www.hdfnbkorea.com
2018 하반기 대규모 수출상담회(BKF),aT 센터,2018,10,24,KEUMKANG B&F,청량음료외,1988,"106, Dusan-gil, Daesowon-myeon, Chungju-si, Chungcheongbuk-do, Republic of Korea",http://keumkangbnf.com/
2018 하반기 대규모 수출상담회(BKF),aT 센터,2018,10,24,"AGRI-COOP TOTMATO CO.,LTD.","식품가공, 유통",2014,"219,Baeunian-gil, Jeokseong-myeon, Paju-si, Gyeonggi-do, Korea",www.wellgreen.biz
2018 하반기 대규모 수출상담회(BKF),aT 센터,2018,10,24,"SUNHAE Marine Co., Ltd","도소매,제조업,도소매",1999,"39-12 Gwangnaman-ro, Gwangju-si, Geonggi-do, Korea",www.sunhae.co.kr
2018 하반기 대규모 수출상담회(BKF),aT 센터,2018,10,24,"HOSAN CO., LTD",무역,1994,"57, Iseopdaecheon-ro 263beon-gil, Hoberop-myeon, Icheon, Gyeonggi-do",N
2018 하반기 대규모 수출상담회(BKF),aT 센터,2018,10,24,UNIONTECH Corp.,제조업,2004,"128-71, Wolsan-ro, Eumbong-myeon, Asan-si, Chungcheongnam-do, Republic of Korea",www.malrin.co.kr
2018 하반기 대규모 수출상담회(BKF),aT 센터,2018,10,24,MoonGyeong Omija Valley Co.,제조및 생산,2009,2371-5 Yeowoomok-ro Dongro-ro Munkyeong-si Gyeongsangbuk-do,www.omijamall.co.kr
2018 하반기 대규모 수출상담회(BKF),aT 센터,2018,10,24,"RESH CO.,LTD",전자상거래업,2014,,www.lookourtea.com
2018 하반기 대규모 수출상담회(BKF),aT 센터,2018,10,24,"Haewoochon.,Co.Ltd",조미김 생산업체,2000,"493, Iyeo-ro, Baeksa-myeon, Icheon-si, Gyeonggi-do",www.haewoochon.co.kr
2018 하반기 대규모 수출상담회(BKF),aT 센터,2018,10,24,"JEONG HWA FOODS CO.,LTD.",제조업,1987,"2415-21, Haean-ro, Cheongha-myeon, Buk-gu, Pohang-si, Gyeongsangbuk-do",http://jeonghwa.koreasme.com
2018 하반기 대규모 수출상담회(BKF),aT 센터,2018,10,24,"SAMGUN T&M CO., LTD","무역,유제품",2008,"1208 LG Palace B/D 156, Yanghwa-ro, Mapo-gu, Seoul, Korea",N
2018 하반기 대규모 수출상담회(BKF),aT 센터,2018,10,24,SEIN FOOD.Co.Inc,김치.절임식품,2007,1074   Honamro  Wanggoongmyun Iksan City Chunbukdo,
2018 하반기 대규모 수출상담회(BKF),aT 센터,2018,10,24,"TELLUSSCOPE Co., Ltd.",도소매,2003,"2F, Na-dong, 71-1, Galhyeon-ro, Eunpyeong-gu, Seoul, Republic of Korea",
2018 하반기 대규모 수출상담회(BKF),aT 센터,2018,10,24,Hankook Tea Co.,차류,1951,,www.hankooktea.co.kr
2018 하반기 대규모 수출상담회(BKF),aT 센터,2018,10,24,Lee's Marketing Inc.,"무역,농수산물외",2007,"508-33, Seolga-ro, Seolseoung-myeon, Icheon-si, Gyeonggi-do, Republic of Korea",www.wellplus.co.kr
2018 하반기 대규모 수출상담회(BKF),aT 센터,2018,10,24,"Woongjin Foods Co.,Ltd",인삼제품 및 음료외,1976,"390, Jong-ro, Jongno-gu, Seoul",www.wjfood.com
2018 하반기 대규모 수출상담회(BKF),aT 센터,2018,10,24,YONSEI UNIVERSITY DAIRY,"낙농품,두유 등",1962,"829, Eumbong-ro, Asan-si, Chungcheongnamdo",www.yonseidairy.com
2018 하반기 대규모 수출상담회(BKF),aT 센터,2018,10,24,"DELLOS F&B CO.,LTD","잼류,음료류",2013,"159, USANGONGDAN-GIL, WONJU-SI, GANGWON-DO",N
2018 하반기 대규모 수출상담회(BKF),aT 센터,2018,10,24,Daywell Inc,기타잼류,2014,"64-34,Dangsangangbyun-ro,Muju-eup,Muju-gun,Jeollabukdo",www.ramiefood.com
2018 하반기 대규모 수출상담회(BKF),aT 센터,2018,10,24,JB International,"식품, 무역, 잡화",2014,"74-8, Daejeojungang-ro 394beonga-gil, Gangseo-gu, Busan",www.jbinter.modoo.at
2018 하반기 대규모 수출상담회(BKF),aT 센터,2018,10,24,MoonGyeong Omija Valley Co.,제조및 생산,2009,2371-5 Yeowoomok-ro Dongro-ro Munkyeong-si Gyeongsangbuk-do,www.omijamall.co.kr
2018 하반기 대규모 수출상담회(BKF),aT 센터,2018,10,24,"DANURIM Co., Ltd.",제조,2014,"28-2, Ojeong-ro , 9beon-gil, Daedeok-gu, Daejeon, Korea",www.danurim.com
2018 하반기 대규모 수출상담회(BKF),aT 센터,2018,10,24,"Kocheolnam Hongsam Co., Ltd","제조, 유통, 무역",2005,"61, Ganghwasandan-ro, Ganghwa-eup, Ganghwa-gun, Incheon",www.hong3.co.kr
2018 하반기 대규모 수출상담회(BKF),aT 센터,2018,10,24,LHK Fermentation Lab.,"연구및개발업, 식품제조가공업",2014,"#B-616 WOOLIM LIONS VALLEY, 146-8,SANGDAEWON-DONG, JUNGWON-GU, SEONGNAM-SI,GYONGGI-DO, KOREA",www.bal-hyo.co.kr
2018 하반기 대규모 수출상담회(BKF),aT 센터,2018,10,24,badaone,"건어물, 건어물 가공, 무역업",1995,"495 Dunchondae-Ro, Jungwon-Gu, Seongnam City, Kyunggi Province",www.badaone.co.kr
2018 하반기 대규모 수출상담회(BKF),aT 센터,2018,10,24,DUREBANG FOODS INC,제조업,1992,"2081-73, Sunam-ro, Geochang-eup,Geochang-gun, Gyeongsangnam-do",http://www.durebang.co.kr
2018 하반기 대규모 수출상담회(BKF),aT 센터,2018,10,24,"MOLINA Agricultural Co.,Ltd.",식물성 유지 제조업 판매,2016,"2F, Kaya-ro, Hamchang-eup,Kyeongsangbuk-do, Sangju-si, Korea(37106)",www.passermolina.com
2018 하반기 대규모 수출상담회(BKF),aT 센터,2018,10,24,IKG KOREA,무역,2011,"45, Jojeong-daero, Hanam-si, Gyeonggi-do",www.ikgkorea.com
2018 하반기 대규모 수출상담회(BKF),aT 센터,2018,10,24,SOLPYO FOOD,조미료,2004,"84-2, Naegak 2-ro, Jinjeop-eup, Namyangju-si, Gyeonggi-do, Korea",www.solpyofoods.co.kr
2018 하반기 대규모 수출상담회(BKF),aT 센터,2018,10,24,DONGWON HOME FOOD,조미식품,1993,"68, MABANG-RO, SEOCHO-GU, SEOUL, KOREA (06775)",http://www.dwhf.co.kr/kor/#
2018 하반기 대규모 수출상담회(BKF),aT 센터,2018,10,24,mdone,"식음료,무역,전자상거래",2012,"605 aT Center,27 Gangnamdae-ro,Seocho-gu,seoul 06774,Korea",N
2018 하반기 대규모 수출상담회(BKF),aT 센터,2018,10,24,UNIONTECH Corp.,제조업,2004,"128-71, Wolsan-ro, Eumbong-myeon, Asan-si, Chungcheongnam-do, Republic of Korea",www.malrin.co.kr
2018 하반기 대규모 수출상담회(BKF),aT 센터,2018,10,24,"Ideacrew Co., Ltd.",도소매,2015,"54, Duwol-gil, Chowol-eup, Gwangju-si, Gyeonggi-do",https://smartstore.naver.com/ideacrew
2018 하반기 대규모 수출상담회(BKF),aT 센터,2018,10,24,Taehwa Food Inc.,"장류 (된장, 고추장, 쌈장, 간장)",1945,"81, Sanmakgongdan-ro, Yangsan-si, Gyeongsangnam-do, Republic of Korea",www.taehwafood.com
2018 하반기 대규모 수출상담회(BKF),aT 센터,2018,10,24,"KBF CO., LTD.",복합조미식품,1989,"203, Seoburo 1637 Beongil, Juchon-Myeon, Gimhae-City, Gyeongnam, 50888, Korea",http://www.k-bf.com/
2018 하반기 대규모 수출상담회(BKF),aT 센터,2018,10,24,KANGLIM ORGANIC corp.,"유기농산물재배,판매,김치,식물성유지",1999,"510, Choha-ro, Chodong-myeon, Miryang-si, Gyeongsangnam-do",agricom.co.kr
2018 하반기 대규모 수출상담회(BKF),aT 센터,2018,10,24,KF TRADING,무역,2002,"505. #642 jungangheightbill642.754. janghang,ilsan-dongku,koyang city,kyunggi",
2018 하반기 대규모 수출상담회(BKF),aT 센터,2018,10,24,happyhouse,제조업,2017,,https://1daytea.modoo.at/
2018 하반기 대규모 수출상담회(BKF),aT 센터,2018,10,24,"JM Marketing Co., Ltd.",기타식품 외,2003,"502, 267, Sinjeong-ro, Yangcheon-gu, Seoul",
2018 하반기 대규모 수출상담회(BKF),aT 센터,2018,10,24,"seunghwafood.co.,ltd.","김치, 절임식품",2008,"113-23, Gasan-ro, Gasan-myeon, Pocheon-si, Gyeonggi-do",www.seunghwa.net
2018 하반기 대규모 수출상담회(BKF),aT 센터,2018,10,24,"JM Marketing Co., Ltd.",기타식품 외,2003,"502, 267, Sinjeong-ro, Yangcheon-gu, Seoul",
2018 하반기 대규모 수출상담회(BKF),aT 센터,2018,10,24,"Taekyung Nongsan Co.,Ltd",농수산물가공 및 식품제조업,1979,"112, Yeouidaebang-ro, Dongjak-gu, Seoul",www.itaekyung.com
2018 하반기 대규모 수출상담회(BKF),aT 센터,2018,10,24,sunbongfood,식품가공업,2013,"Gomdan-ro 93beon-gil, Seo-gu,Incheon,Korea",www.sunbong.net
2018 하반기 대규모 수출상담회(BKF),aT 센터,2018,10,24,MIMI FOOD,"조미식품, 절임식품",1988,,www.mimifood.com
2018 하반기 대규모 수출상담회(BKF),aT 센터,2018,10,24,GYEONG BUK CORPORATION,도소매,1994,"76-6, HYEONNAE-GIL, JILLYANG-EUP, GYEONGSAN-SI, GYEONGSANGBUK-DO, KOREA",www.gbci.co.kr
2018 하반기 대규모 수출상담회(BKF),aT 센터,2018,10,24,Lzyme,제조업,2015,"201ho 643 Ro-Tongil, Gu-Enpyng Seoul Korea",www.lza.co.kr
2018 하반기 대규모 수출상담회(BKF),aT 센터,2018,10,24,DONGWON HOME FOOD,조미식품,1993,"68, MABANG-RO, SEOCHO-GU, SEOUL, KOREA (06775)",http://www.dwhf.co.kr/kor/#
2018 하반기 대규모 수출상담회(BKF),aT 센터,2018,10,24,kkokdam,"꽃차,기타",2016,,www.iloveflowertea.com
2018 하반기 대규모 수출상담회(BKF),aT 센터,2018,10,24,"NCHOICE CO., LTD.",제조,2002,"492-8, TAEGIRO, HOENGSEONGEUP,HOENGSEONGGUN, GANGWONDO, KOREA",www.n-choice.net
2018 하반기 대규모 수출상담회(BKF),aT 센터,2018,10,24,"BAEKGYUN FOOD SYSTEM CO.,LTD",무역,2006,"136 BANG HAK RO, DO BONG GU, SEOUL,KOREA",N
2018 하반기 대규모 수출상담회(BKF),aT 센터,2018,10,24,"HANGILWELLBIO CO.,LTD.",제조업/ 농산물,2011,"35, Wolgok 2-gil, Cheongdo-eup, Cheongdo-gun, Gyeongsangbuk-do, Republic of Korea",www.foodmaster.kr
2018 하반기 대규모 수출상담회(BKF),aT 센터,2018,10,24,"LOTTE FOODS CO., LTD.","빙과, 유산균음료, 경화유, 마아가린, 연유, 낙농",1958,"19, Yangpyeong-ro 19-gil, Yeongdeungpo-gu, Seoul",http://www.lottefoods.co.kr/
2018 하반기 대규모 수출상담회(BKF),aT 센터,2018,10,24,YOUNG SHIN FOOD CO.,"맛김,수산물",2001,"131-22, Sinwol-gil, Seo-myeon, Seocheon-gun, Chungcheongnam-do, Korea",www.seafriend.co.kr
2018 하반기 대규모 수출상담회(BKF),aT 센터,2018,10,24,Quali Korea Corp.,"수출입업무,수출대행업,오퍼",2015,"52, Achasan-ro 15-gil, Seongdong-gu, Seoul",www.qkc.co.kr
2018 하반기 대규모 수출상담회(BKF),aT 센터,2018,10,24,sungshin food,제조,2003,"10, dongchonyeoksa-ro 3-gil, dong-gu, Daegu, Korea",www.sungshinfood.co.kr
2018 하반기 대규모 수출상담회(BKF),aT 센터,2018,10,24,Agricultural Corporation JoyFarm,"농산물생산,유통,가공,무역",2011,"915, Mokhwa-ro, Danseong-myeon, Sancheong-gun, Gyeongsangnam-do, Republic of Korea",http://joyfarmk.com
2018 하반기 대규모 수출상담회(BKF),aT 센터,2018,10,24,"Taekyung Nongsan Co.,Ltd",농수산물가공 및 식품제조업,1979,"112, Yeouidaebang-ro, Dongjak-gu, Seoul",www.itaekyung.com
2018 하반기 대규모 수출상담회(BKF),aT 센터,2018,10,24,Korean pears cooperative union,농업,2012,"218, Dusan-gil, Munsan-eup, Jinju-si, Gyeongsangnam-do",N
2018 하반기 대규모 수출상담회(BKF),aT 센터,2018,10,24,"YILIP INTERNATIONAL CO., LTD.",신선농산물 무역,2015,"Room 101, 12-1, Naesammi-ro 80beon-gil, Osan-si, Gyeonggi-do",http://www.yilip.net
2018 하반기 대규모 수출상담회(BKF),aT 센터,2018,10,24,"UNI TRADING CO., LTD.",무역수출수출입업,1999,"NO. 115-1808,  77, CHIPYONG-RO, SEO-GU, GWANGJU-CITY, KOREA",http://my.agrotrade.net/mini/unitrade/
2018 하반기 대규모 수출상담회(BKF),aT 센터,2018,10,24,"WEDO Co., Ltd.",수출 유통,2004,,www.wedofood.co.kr
2018 하반기 대규모 수출상담회(BKF),aT 센터,2018,10,24,K-MUSH,"무역(버섯, 농산물)",2009,#904 aT center Gangnam-daero 27 seoul south korea,www.koreamushroom.co.kr
2018 하반기 대규모 수출상담회(BKF),aT 센터,2018,10,24,"MIRACLE TONGSANG., LTD.","농수산물유통, 무역업",2016,"41, Dokjeong-ro seongji 2-gil, Jingeon-eup, Namyangju-si, Gyeonggi-do",N
2018 하반기 대규모 수출상담회(BKF),aT 센터,2018,10,24,"DAMO CO., LTD.","제조업, 식품가공업, 무역업",2007,"135, AnSin-ro, AnGye-myeon, UiSeong-gun, GyeongSangBuk-do",www.damofood.net
2018 하반기 대규모 수출상담회(BKF),aT 센터,2018,10,24,PUNGGI PREMIUM GOODS AGRICULTURAL COOPERATIVE,"제조, 유통",1995,"1118, Jungnyeong-ro, Punggi-eup, Yeongju-si, Gyeongsangbuk-do, Republic of Korea",www.kpch.co.kr
2018 하반기 대규모 수출상담회(BKF),aT 센터,2018,10,24,"ENTOMO.,LTD",곤충사육,2014,"279, Yeocheon 3-gil, Ochang-eup, Cheongwon-gu, Cheongju-si, Chungcheongbuk-do, Republic of Korea",www.entomo.co.kr
2018 하반기 대규모 수출상담회(BKF),aT 센터,2018,10,24,Jirisan Insect Laboratory,곤충사육판매,2013,"10, Sincha-ro 2116beon-gil, Chahwang-myeon, Sancheong-gun, Gyeongsangnam-do",www.jiribugs.com
2018 하반기 대규모 수출상담회(BKF),aT 센터,2018,10,24,J&E Corporation,"제조, 유통, 무역",1995,"697, Pangyo-ro, Bundang-gu, Seongnam-si, Gyeonggi-do",www.jnekorea.com
2018 하반기 대규모 수출상담회(BKF),aT 센터,2018,10,24,"AGRI-COOP TOTMATO CO.,LTD.","식품가공, 유통",2014,"219,Baeunian-gil, Jeokseong-myeon, Paju-si, Gyeonggi-do, Korea",www.wellgreen.biz
2018 하반기 대규모 수출상담회(BKF),aT 센터,2018,10,24,"[K13] GOOD MORNING KOREA CO., LTD","무역업,농산물유통,판매",2009,"604, Cheonho-daero, Gwangjin-gu, Seoul",gmkfresh.com
2018 하반기 대규모 수출상담회(BKF),aT 센터,2018,10,24,KOPA INC.,농산물 무역업,2012,"6F, JOOYEON bldg., 69, Wolpyeong-ro, Seo-gu, Daejeon, 35223, KOREA",http://www.kopap.co.kr/
2018 하반기 대규모 수출상담회(BKF),aT 센터,2018,10,24,"[K27] PUREPLUS CO., LTD","제조, 도소매",2002,"11, Sudongnonggong-gil, Sudong-myeon, Hamyang-gun, Gyeongsangnam-do",www.pureplus.co.kr
2018 하반기 대규모 수출상담회(BKF),aT 센터,2018,10,24,Ecopanax Co.Ltd.,홍삼한방제품,2013,"38, Hongsamhanbang-ro, Jinan-eup, Jinan-gun, Jeollabuk-do, Republic of Korea",www.ecopanax.com
2018 하반기 대규모 수출상담회(BKF),aT 센터,2018,10,24,DALBICHFARM,작물재배업,2016,35 Hwaseong-ro Hoengseong-eup  Hoengseong-gun Gangwon-do,www.koreabullocho.com
2018 하반기 대규모 수출상담회(BKF),aT 센터,2018,10,24,R&G CORPORATION,"무역, 농수산물가공식품",1985,"347 Daewangpangyo-ro, Bundang-gu, Seongnam-si Gyeonggi-do",www.assifood.co.kr
2018 하반기 대규모 수출상담회(BKF),aT 센터,2018,10,24,JB International,"식품, 무역, 잡화",2014,"74-8, Daejeojungang-ro 394beonga-gil, Gangseo-gu, Busan",www.jbinter.modoo.at
2018 하반기 대규모 수출상담회(BKF),aT 센터,2018,10,24,"Gang Dong O Cake Co.,Ltd","제과,제빵",2005,"24-21, Osin 2-gil, Deokjin-gu, Jeonju-si, Jeollabuk-do",http://www.pnbakery.co.kr/
2018 하반기 대규모 수출상담회(BKF),aT 센터,2018,10,24,"Kwangdong Pharmaceutical Co.,Ltd",의약품/화장품/식품,1968,,www.ekdp.com
2018 하반기 대규모 수출상담회(BKF),aT 센터,2018,10,24,"HAITAI CONFECTIONERY AND FOODS CO., LTD",식품제조업,2001,"3, Hangang-daero 72-gil, Yongsan-gu, Seoul",eng.ht.co.kr/
2018 하반기 대규모 수출상담회(BKF),aT 센터,2018,10,24,SAMJIN GLOBALNET,"무역업, 임대",1970,"562, Samseong-ro, Gangnam-gu, Seoul, Republic of Korea",http://www.wangfood.com/
2018 하반기 대규모 수출상담회(BKF),aT 센터,2018,10,24,HB CORPORATION,수출입업,2009,"259-2, Sinseon-ro, Nam-gu, Busan",www.foodtrade.co.kr
2018 하반기 대규모 수출상담회(BKF),aT 센터,2018,10,24,Agricultural Corporation JoyFarm,"농산물생산,유통,가공,무역",2011,"915, Mokhwa-ro, Danseong-myeon, Sancheong-gun, Gyeongsangnam-do, Republic of Korea",http://joyfarmk.com
2018 하반기 대규모 수출상담회(BKF),aT 센터,2018,10,24,"NC CO.,LTD",식품가공 농산물,2010,838 DUKYAMRI CHEONGDOUP CHEONGGUN KYUNSANGBUKDO KOREA,www.naturalnc.co.kr
2018 하반기 대규모 수출상담회(BKF),aT 센터,2018,10,24,Agricultural Corporation Food Clover,생화,2013,"(13815) 562 Gwacheon-daero Gwacheon-si, Gyeonggi-do,Korea",www.foodclover.com
2018 하반기 대규모 수출상담회(BKF),aT 센터,2018,10,24,ORIENTAL F&B,무역,2011,"11, Beobwon-ro 11-gil, Songpa-gu, Seoul",www.orientalfnb.com
2018 하반기 대규모 수출상담회(BKF),aT 센터,2018,10,24,"MANJUN FOODS CO., LTD.",제조 & 무역,1979,,www.manjun.net
2018 하반기 대규모 수출상담회(BKF),aT 센터,2018,10,24,OSONDOSON,"제조업,도매및소매업",2012,"16, Nagwon-dong-gil, Oseoseo-myeon, Sangju-si, Gyeongsangbuk-do South Korea",WWW.happybio114.com
2018 하반기 대규모 수출상담회(BKF),aT 센터,2018,10,24,"SD Food Co., Ltd.","제조업, 도소매업, 서비스업",2015,,
2018 하반기 대규모 수출상담회(BKF),aT 센터,2018,10,24,Saenam F&B,식품,2005,"28, Hwangsaeul-ro 200 beon-gil, Sungnam-si, Bundang-gu, Gyunggi-do",www.tacocafe.co.kr/
2018 하반기 대규모 수출상담회(BKF),aT 센터,2018,10,24,"Korean Ginseng Research Co., Ltd.",인삼,1996,"3275 Gyeonggang-ro,Yongmun-Myeon,Yangpyeong-Gun,Gyeonggi-Do, Korea",www.samnako.com
2018 하반기 대규모 수출상담회(BKF),aT 센터,2018,10,24,"ROYALGREENS, KOREA DORAJI R&D",제조업,201,"#501 Novel Techno Blg. 288-24 Galmachiro, Jungwongu,Sungnam Gyeonggido, Rep. of Korea",www.royalgreens.co.kr
2018 하반기 대규모 수출상담회(BKF),aT 센터,2018,10,24,TEAZEN.Inc.,"다류, 식품, 무역",2001,"80-23, Daeun-gil, Gyegok-myeon, Haenam-gun, Jeollanam-do",www.teazen.co.kr
2018 하반기 대규모 수출상담회(BKF),aT 센터,2018,10,24,"Pharmsville Co., Ltd.","식품, 건강기능식품",1987,"#5F, 424,Yeongdong-dearo, Gangnam-gu, Seoul",www.pharmsville.com
2018 하반기 대규모 수출상담회(BKF),aT 센터,2018,10,24,Hankook Tea Co.,차류,1951,,www.hankooktea.co.kr
2018 하반기 대규모 수출상담회(BKF),aT 센터,2018,10,24,Eromglobal,"무역, 농산물, 건강식품",2015,"111, Toegyenonggong-ro, Chuncheon-si, Gangwon-do, Republic of Korea",
2018 하반기 대규모 수출상담회(BKF),aT 센터,2018,10,24,"KKOH SHAEM FOOD CO.,LTD","다류 제조, 도소매 및 수출",1997,"#82 Jugyeopsan-ro, 35 Beon-gil, Sohol-eup, Pocheon-si, Gyeonggi-do, Korea",www.ksfs.co.kr
2018 하반기 대규모 수출상담회(BKF),aT 센터,2018,10,24,"[K05] CHOLOCWON CO., LTD.",다류,2000,"45-15, Pyeongsa 1-gil, Jillyang-eup, Gyeongsan-si, Gyeongsangbuk-do, Korea, 38455",www.cholocwon.com
2018 하반기 대규모 수출상담회(BKF),aT 센터,2018,10,24,Prulant,"제조업, 도소매",2013,"No.116 Marine Bio Center, 140 BAEGYANG-DAERO 700BEON-GIL, SASANG, BUSAN, KOREA",www.myrtree.co.kr
2018 하반기 대규모 수출상담회(BKF),aT 센터,2018,10,24,"[K17] HAPCHEON MEDICAL HERBS CO., LTD","제조업, 도, 소매업",1996,"16, Naegok-gil, Hapcheon-eup, Hapcheon-gun, Gyeongsangnam-do",www.sangrime.com
2018 하반기 대규모 수출상담회(BKF),aT 센터,2018,10,24,"RESH CO.,LTD",전자상거래업,2014,,www.lookourtea.com
2018 하반기 대규모 수출상담회(BKF),aT 센터,2018,10,24,agricultural corp-hyoga,발효식품,2014,"76 milgiul-gil, sangnam-myeon, inje-gun, gangwon-do, korea",www.hyogafood.com
2018 하반기 대규모 수출상담회(BKF),aT 센터,2018,10,24,Haenam Sweet Potato Cooperation,제조업,2015,"241, Haenamwhasan-Ro, Haenam-Eup, Haenam-Gun, Jeollanam-Do, South Korea.",
2018 하반기 대규모 수출상담회(BKF),aT 센터,2018,10,24,"DANMEEFOOD.CO.,LTD",제조업,2017,"251, Maeho-ro, Hojeo-myeon, Wonju-si, Gangwon-do, Republic of Korea",www.danmeefood.kr
2018 하반기 대규모 수출상담회(BKF),aT 센터,2018,10,24,"SANDULHAE   CO .,LTD",농산물가공,2010,"59 GIGOKSONGSAN-GIL, DAMYANG-GUN, JEOLLANAM-DO, KOREA",
2018 하반기 대규모 수출상담회(BKF),aT 센터,2018,10,24,"SUNG GYUNG FOOD Co.,Ltd",수산식품물가공품,1994,"351 sintanjin-ro, daedeok-gu, daejeon. KOREA.",www.sgkim.co.kr
2018 하반기 대규모 수출상담회(BKF),aT 센터,2018,10,24,"Maeil Dairies Co, Ltd",제조업,1969,,http://www.maeil.com/
2018 하반기 대규모 수출상담회(BKF),aT 센터,2018,10,24,EVERFARM AGRICULTURAL CORP.,농산물생산및유통,2015,"31, Yeondong-gil, Sinbuk-myeon, Yeongam-gun, Jeollanam-do",
2018 하반기 대규모 수출상담회(BKF),aT 센터,2018,10,24,"DAEDONG KOREA GINSENG CO.,LTD",홍삼제품,2002,,www.ddkorea.co.kr
2018 하반기 대규모 수출상담회(BKF),aT 센터,2018,10,24,LHK Fermentation Lab.,"연구및개발업, 식품제조가공업",2014,"#B-616 WOOLIM LIONS VALLEY, 146-8,SANGDAEWON-DONG, JUNGWON-GU, SEONGNAM-SI,GYONGGI-DO, KOREA",www.bal-hyo.co.kr
2018 하반기 대규모 수출상담회(BKF),aT 센터,2018,10,24,Ark of Green Soy Farming Association,장류,2010,"740, Jungsanganseo-ro, Seogwipo-si, Jeju-do",http://www.greensoy.co.kr
2018 하반기 대규모 수출상담회(BKF),aT 센터,2018,10,24,J-Food,"식품(조미김,수산물)",2018,"489, Dongdaegu-ro, Dong-gu, Daegu",
2018 하반기 대규모 수출상담회(BKF),aT 센터,2018,10,24,Bean & World,"장류,차류",2003,"273 CHOGEUM-RO CHOPYEONG-MYEON              JINCHEON-GUN CHUNGCHEONGBUK-DO, KOREA",http://www.dodookorea.co.kr/
2018 하반기 대규모 수출상담회(BKF),aT 센터,2018,10,24,"Taewoongfood Co.,Ltd.",제조,2000,"21, Daegeum-ro 196beon-gil, Daeso-myeon, Eumseong-gun, Chungcheongbuk-do, Korea",http://www.twfood.co.kr
2018 하반기 대규모 수출상담회(BKF),aT 센터,2018,10,24,JANGMAEUL,장류 및 소스,1998,"31, Shinho-4gil, Chodong-myeon, Gyeongsangnam-do, Korea",www.jangmaeul.com
2018 하반기 대규모 수출상담회(BKF),aT 센터,2018,10,24,DaeDo Food,제조업,2000,,N
2018 하반기 대규모 수출상담회(BKF),aT 센터,2018,10,24,"[K05] CHOLOCWON CO., LTD.",다류,2000,"45-15, Pyeongsa 1-gil, Jillyang-eup, Gyeongsan-si, Gyeongsangbuk-do, Korea, 38455",www.cholocwon.com
2018 하반기 대규모 수출상담회(BKF),aT 센터,2018,10,24,"Nokchawon Co., Ltd.","무역, 다류식품",1992,"84, Seocho-daero 4-gil, Seocho-gu, Seoul",www.nokchawon.co.kr
2018 하반기 대규모 수출상담회(BKF),aT 센터,2018,10,24,Saenam F&B,식품,2005,"28, Hwangsaeul-ro 200 beon-gil, Sungnam-si, Bundang-gu, Gyunggi-do",www.tacocafe.co.kr/
2018 하반기 대규모 수출상담회(BKF),aT 센터,2018,10,24,HANDIUM,도소매,2014,,www.handium.co.kr
2018 하반기 대규모 수출상담회(BKF),aT 센터,2018,10,24,"DAECHANG FOOD CO.,LTD",제조,1992,"191-7, Yeonsan-ro, Mokpo-si, Jeollanam-do",www.chosunkim.co.kr
2018 하반기 대규모 수출상담회(BKF),aT 센터,2018,10,24,J-Food,"식품(조미김,수산물)",2018,"489, Dongdaegu-ro, Dong-gu, Daegu",
2018 하반기 대규모 수출상담회(BKF),aT 센터,2018,10,24,les,식음료,2016,"4-7, Bangmulgwan-ro 1-gil, Gyeongsan-si, Gyeongsangbuk-do, Republic of Korea",www.LeSingular.com
2018 하반기 대규모 수출상담회(BKF),aT 센터,2018,10,24,"AGRI-COOP TOTMATO CO.,LTD.","식품가공, 유통",2014,"219,Baeunian-gil, Jeokseong-myeon, Paju-si, Gyeonggi-do, Korea",www.wellgreen.biz
2018 하반기 대규모 수출상담회(BKF),aT 센터,2018,10,24,"BOSUNGILUKJOKOREA CO.,LTD","제조업, 무역업, 소매업 (김치 및 절임식품)",2004,,N
2018 하반기 대규모 수출상담회(BKF),aT 센터,2018,10,24,"KEIL Co., LTD",식용곤충활용식품 제조업,2016,"#403, 4th Floor, 191, Dongho-ro, Jung-gu, Seoul, 04598, Korea",www.keilcorp.com
2018 하반기 대규모 수출상담회(BKF),aT 센터,2018,10,24,"Bob Lee Burger System co.,Ltd","프랜차이즈컨설팅,가공식품,무역",2014,,www.bobleeburger.com
2018 하반기 대규모 수출상담회(BKF),aT 센터,2018,10,24,FRESHGO,제조업,2011,3rd Flr. 1Gwan Garak Mall 932 Yangjaedaero Songpa-Gu Seoul Korea,www.freshgo.kr
2018 하반기 대규모 수출상담회(BKF),aT 센터,2018,10,24,"HANGILWELLBIO CO.,LTD.",제조업/ 농산물,2011,"35, Wolgok 2-gil, Cheongdo-eup, Cheongdo-gun, Gyeongsangbuk-do, Republic of Korea",www.foodmaster.kr
2018 하반기 대규모 수출상담회(BKF),aT 센터,2018,10,24,Haenam Sweet Potato Cooperation,제조업,2015,"241, Haenamwhasan-Ro, Haenam-Eup, Haenam-Gun, Jeollanam-Do, South Korea.",
2018 하반기 대규모 수출상담회(BKF),aT 센터,2018,10,24,noodletree,생면류,2010,"419-67, Wonjeok-ro, Sindun-myeon, Icheon-si, Gyeonggi-do",
2018 하반기 대규모 수출상담회(BKF),aT 센터,2018,10,24,"DAMO CO., LTD.","제조업, 식품가공업, 무역업",2007,"135, AnSin-ro, AnGye-myeon, UiSeong-gun, GyeongSangBuk-do",www.damofood.net
2018 하반기 대규모 수출상담회(BKF),aT 센터,2018,10,24,"Joowon Atsa Ducks Co.,Ltd","육가공품,가금(오리),일반한식",2002,"941-5, Jingwang-ro, Gwanghyewon-myeon, Jincheon-gun, Chungcheongbuk-do, Korea 27809",www.joowonori.com
2018 하반기 대규모 수출상담회(BKF),aT 센터,2018,10,24,"ARI TRADE CO., LTD",도소매,2008,,www.aritrade.co.kr
2018 하반기 대규모 수출상담회(BKF),aT 센터,2018,10,24,"TELLUSSCOPE Co., Ltd.",도소매,2003,"2F, Na-dong, 71-1, Galhyeon-ro, Eunpyeong-gu, Seoul, Republic of Korea",
2018 하반기 대규모 수출상담회(BKF),aT 센터,2018,10,24,NH TRADING,"무역,주류수출,축산물수입판매,농수산물,오퍼상",1990,"7, Olympic-ro 48-gil, Gangdong-gu, Seoul, Republic of Korea",
2018 하반기 대규모 수출상담회(BKF),aT 센터,2018,10,24,"kwangyafood co,.ltd","비알콜성음료,차류",1983,"134, Sintanjin-ro 738beon-gil, Daedeok-gu, Daejeon",www.kwangfood.co.kr
2018 하반기 대규모 수출상담회(BKF),aT 센터,2018,10,24,"DAECHANG FOOD CO.,LTD",제조,1992,"191-7, Yeonsan-ro, Mokpo-si, Jeollanam-do",www.chosunkim.co.kr
2018 하반기 대규모 수출상담회(BKF),aT 센터,2018,10,24,"EBICHE CO.,LTD",제조업,2000,"21, HWANGGANG GONGDANGIL, IMGO MYEON, YEONGCHEON CITY, GYEONG BUK-DO, KOREA.",www.ebiche.com
2018 하반기 대규모 수출상담회(BKF),aT 센터,2018,10,24,SEYEON FOODS,"식품제조, 유통, 프랜차이즈",2013,"14 Tecno Jungangdaero2gil, Yugaeup, Dalseonggun, Daegu, Korea",www.seyeonfoods.com
2018 하반기 대규모 수출상담회(BKF),aT 센터,2018,10,24,Donghwa Food,"젓갈, 건어물",2002,"16-11, Nonggongdanji 2gil, Sokcho-si, Gangwon-do, Korea","www.donghwafood.co.kr,www.오마니적갈.com"
2018 하반기 대규모 수출상담회(BKF),aT 센터,2018,10,24,Uiseong Farm,제조업,2006,"376, Bibong-gil, Uiseong-eup, Uiseong-gun, Gyeongsangbuk-do, Republic of Korea",http://www.esmn.co.kr/
2018 하반기 대규모 수출상담회(BKF),aT 센터,2018,10,24,"Dajung Co., Ltd.",인삼류,1996,"371, JANGSU-RO, IWOL-MYEON, JINCHEON-GUN, CHUNGBUK, 27819 REPUBLIC OF KOREA",www.kgs.ne.kr
2018 하반기 대규모 수출상담회(BKF),aT 센터,2018,10,24,SAMJIN GLOBALNET,"무역업, 임대",1970,"562, Samseong-ro, Gangnam-gu, Seoul, Republic of Korea",http://www.wangfood.com/
2018 하반기 대규모 수출상담회(BKF),aT 센터,2018,10,24,"[K26] PALDO CO., LTD","면, 음료 제조",1969,"577 GANGNAMDAERO, SEOCHO-GU, SEOUL, KOREA",www.paldofood.com
2018 하반기 대규모 수출상담회(BKF),aT 센터,2018,10,24,chorokariul,농산물/곡물도정/시기품가공(밀가루등)/통신판매,2004,"39, Deungyounggil, Haseo-myeon, Buan-gun, Jeollabuk-do,korea,56332",http://www.chorokariul.com/
2018 하반기 대규모 수출상담회(BKF),aT 센터,2018,10,24,TOK,기술서비스업 도매 및 소매업,2016,"(39660)40, Hyeoksin 2-ro, Gimcheon-si, Gyeongsangbuk-do, Korea",
2018 하반기 대규모 수출상담회(BKF),aT 센터,2018,10,24,GIANT FARM,농업/제조업,2016,,http://rag0312.modoo.at
2018 하반기 대규모 수출상담회(BKF),aT 센터,2018,10,24,"neniaplus co.,ltd.",도소매  무역 수출입,2017,"731, Gyeongchung-daero, Gonjiam-eup, Gwangju-si, Gyeonggi-do, Korea",www.urinenia.co.kr
2018 하반기 대규모 수출상담회(BKF),aT 센터,2018,10,24,"G.EAST. CO., LTD.","제조, 도소매, 무역, 유통전문판매업",2008,"A-13F, 247, Gonghangdae-ro, Gangseo-gu, Seoul, Korea",www.geast.co.kr
2018 하반기 대규모 수출상담회(BKF),aT 센터,2018,10,24,"Taekyung Nongsan Co.,Ltd",농수산물가공 및 식품제조업,1979,"112, Yeouidaebang-ro, Dongjak-gu, Seoul",www.itaekyung.com
2018 하반기 대규모 수출상담회(BKF),aT 센터,2018,10,24,"Haewoochon.,Co.Ltd",조미김 생산업체,2000,"493, Iyeo-ro, Baeksa-myeon, Icheon-si, Gyeonggi-do",www.haewoochon.co.kr
2018 하반기 대규모 수출상담회(BKF),aT 센터,2018,10,24,"BAEKGYUN FOOD SYSTEM CO.,LTD",무역,2006,"136 BANG HAK RO, DO BONG GU, SEOUL,KOREA",N
2018 하반기 대규모 수출상담회(BKF),aT 센터,2018,10,24,HGM,무역,2013,,
2018 하반기 대규모 수출상담회(BKF),aT 센터,2018,10,24,[K20] JINJU,"식품가공.제조/식육/식육,농산물/임대/전산용역",1963,"441, Yeoksam-ro, Gangnam-gu, Seoul",N
2018 하반기 대규모 수출상담회(BKF),aT 센터,2018,10,24,"seunghwafood.co.,ltd.","김치, 절임식품",2008,"113-23, Gasan-ro, Gasan-myeon, Pocheon-si, Gyeonggi-do",www.seunghwa.net
2018 하반기 대규모 수출상담회(BKF),aT 센터,2018,10,24,"Woongjin Foods Co.,Ltd",인삼제품 및 음료외,1976,"390, Jong-ro, Jongno-gu, Seoul",www.wjfood.com
2018 하반기 대규모 수출상담회(BKF),aT 센터,2018,10,24,"BAEKGYUN FOOD SYSTEM CO.,LTD",무역,2006,"136 BANG HAK RO, DO BONG GU, SEOUL,KOREA",N
2018 하반기 대규모 수출상담회(BKF),aT 센터,2018,10,24,"SAMMI COMMERCE CO.,LTD.",무역.식품잡화.통신판매,1994,"3F, 296, Jungdae-ro, Songpa-gu, Seoul, 05724, Korea",www.sammicms.co.kr
2018 하반기 대규모 수출상담회(BKF),aT 센터,2018,10,24,"HANGILWELLBIO CO.,LTD.",제조업/ 농산물,2011,"35, Wolgok 2-gil, Cheongdo-eup, Cheongdo-gun, Gyeongsangbuk-do, Republic of Korea",www.foodmaster.kr
2018 하반기 대규모 수출상담회(BKF),aT 센터,2018,10,24,JB International,"식품, 무역, 잡화",2014,"74-8, Daejeojungang-ro 394beonga-gil, Gangseo-gu, Busan",www.jbinter.modoo.at
2018 하반기 대규모 수출상담회(BKF),aT 센터,2018,10,24,"FOODMASTERGROUP.CO. ,LTD",도소매,2017,"4F, 215-6, Yulgok-ro, Jongno-Gu, Seoul,KOREA",www.drholipet.com
2018 하반기 대규모 수출상담회(BKF),aT 센터,2018,10,24,KEUMKANG B&F,청량음료외,1988,"106, Dusan-gil, Daesowon-myeon, Chungju-si, Chungcheongbuk-do, Republic of Korea",http://keumkangbnf.com/
2018 하반기 대규모 수출상담회(BKF),aT 센터,2018,10,24,Taeyang export agriculture association,"농수산물, 농산가공품",2004,"#68 derebatgil jeju-shi, Jeju-di",www.sunexpo
2018 하반기 대규모 수출상담회(BKF),aT 센터,2018,10,24,"UNI TRADING CO., LTD.",무역수출수출입업,1999,"NO. 115-1808,  77, CHIPYONG-RO, SEO-GU, GWANGJU-CITY, KOREA",http://my.agrotrade.net/mini/unitrade/
2018 하반기 대규모 수출상담회(BKF),aT 센터,2018,10,24,Lee's Marketing Inc.,"무역,농수산물외",2007,"508-33, Seolga-ro, Seolseoung-myeon, Icheon-si, Gyeonggi-do, Republic of Korea",www.wellplus.co.kr
2018 하반기 대규모 수출상담회(BKF),aT 센터,2018,10,24,infotrading company,무역(농수임축산),2012,,N
2018 하반기 대규모 수출상담회(BKF),aT 센터,2018,10,24,IKG KOREA,무역,2011,"45, Jojeong-daero, Hanam-si, Gyeonggi-do",www.ikgkorea.com
2018 하반기 대규모 수출상담회(BKF),aT 센터,2018,10,24,E&B TRADE,무역업,2013,"27, NOKMYEONG 1-GIL, GAkNAM-MYEON, CHEONGDO-GUN, GYEONGSANGBUK-DO.KOREA",N
2018 하반기 대규모 수출상담회(BKF),aT 센터,2018,10,24,[K08] EVERGOOD CORPORATION,"무역(농산물),농산물",2009,,N
2018 하반기 대규모 수출상담회(BKF),aT 센터,2018,10,24,"MIRACLE TONGSANG., LTD.","농수산물유통, 무역업",2016,"41, Dokjeong-ro seongji 2-gil, Jingeon-eup, Namyangju-si, Gyeonggi-do",N
2018 하반기 대규모 수출상담회(BKF),aT 센터,2018,10,24,"ALP-KS TRADING CO.,","수출업, 농학연구개발업(종묘학)",1991,"#1514 ACEHIGHTECH21, UDONG 1470, HAEUNDAEGU, BUSAN, KOREA",www.alpks.com
2018 하반기 대규모 수출상담회(BKF),aT 센터,2018,10,24,K-MUSH,"무역(버섯, 농산물)",2009,#904 aT center Gangnam-daero 27 seoul south korea,www.koreamushroom.co.kr
2018 하반기 대규모 수출상담회(BKF),aT 센터,2018,10,24,SOLPYO FOOD,조미료,2004,"84-2, Naegak 2-ro, Jinjeop-eup, Namyangju-si, Gyeonggi-do, Korea",www.solpyofoods.co.kr
2018 하반기 대규모 수출상담회(BKF),aT 센터,2018,10,24,"neniaplus co.,ltd.",도소매  무역 수출입,2017,"731, Gyeongchung-daero, Gonjiam-eup, Gwangju-si, Gyeonggi-do, Korea",www.urinenia.co.kr
2018 하반기 대규모 수출상담회(BKF),aT 센터,2018,10,24,"JS KOREA CO., LTD.","수산물 가공, 무역",2011,"21-13, Nonggongdanji 6-gil, Wando-eup, Wando-gun, Jeollanam-do",www.jskoreagroup.com
2018 하반기 대규모 수출상담회(BKF),aT 센터,2018,10,24,JANGMAEUL,장류 및 소스,1998,"31, Shinho-4gil, Chodong-myeon, Gyeongsangnam-do, Korea",www.jangmaeul.com
2018 하반기 대규모 수출상담회(BKF),aT 센터,2018,10,24,miragefood inc.,"제조,서비스",2002,468 Bongo-daero Gyeyang-gu Incheon 2fl,www.mrgfood.kr
2018 하반기 대규모 수출상담회(BKF),aT 센터,2018,10,24,CENTRAL FOOD INGREDIENTS CO,무역,2009,"9, Geumsan-ro, Gunpo-si, Gyeonggi-do",
2018 하반기 대규모 수출상담회(BKF),aT 센터,2018,10,24,"DANMEEFOOD.CO.,LTD",제조업,2017,"251, Maeho-ro, Hojeo-myeon, Wonju-si, Gangwon-do, Republic of Korea",www.danmeefood.kr
2018 하반기 대규모 수출상담회(BKF),aT 센터,2018,10,24,"BOSUNGILUKJOKOREA CO.,LTD","제조업, 무역업, 소매업 (김치 및 절임식품)",2004,,N
2018 하반기 대규모 수출상담회(BKF),aT 센터,2018,10,24,"Samcheok Dongja Yack Doraji, Corp.","도라지 재배, 돌배 및 마늘 가공판매",2011,2222 Baeckdudaegan-ro Hajang-myeon Samcheok-si Gangwon-do,
2018 하반기 대규모 수출상담회(BKF),aT 센터,2018,10,24,Jirisan Insect Laboratory,곤충사육판매,2013,"10, Sincha-ro 2116beon-gil, Chahwang-myeon, Sancheong-gun, Gyeongsangnam-do",www.jiribugs.com
2018 하반기 대규모 수출상담회(BKF),aT 센터,2018,10,24,GEONWON TRADE,"식품, 유아식품",2016,"10, Gangnam-daero 51-gil, Seocho-gu, Seoul",
2018 하반기 대규모 수출상담회(BKF),aT 센터,2018,10,24,"DH SEAFOOD CO.,LTD",농수산물수출,1998,"570, Gadeokhaean-ro 2beon-gil, Gangseo-gu, Busan, Korea",www.dhseafood.kr
2018 하반기 대규모 수출상담회(BKF),aT 센터,2018,10,24,ORIENTAL F&B,무역,2011,"11, Beobwon-ro 11-gil, Songpa-gu, Seoul",www.orientalfnb.com
2018 하반기 대규모 수출상담회(BKF),aT 센터,2018,10,24,CheonyeonStory Corp.,건강기능식품,2017,,https://vipsvita.com
2018 하반기 대규모 수출상담회(BKF),aT 센터,2018,10,24,Agricultural Corporation Food Clover,생화,2013,"(13815) 562 Gwacheon-daero Gwacheon-si, Gyeonggi-do,Korea",www.foodclover.com
2018 하반기 대규모 수출상담회(BKF),aT 센터,2018,10,24,"SAMGUN T&M CO., LTD","무역,유제품",2008,"1208 LG Palace B/D 156, Yanghwa-ro, Mapo-gu, Seoul, Korea",N
2018 하반기 대규모 수출상담회(BKF),aT 센터,2018,10,24,HGM,무역,2013,,
2018 하반기 대규모 수출상담회(BKF),aT 센터,2018,10,24,chorokariul,농산물/곡물도정/시기품가공(밀가루등)/통신판매,2004,"39, Deungyounggil, Haseo-myeon, Buan-gun, Jeollabuk-do,korea,56332",http://www.chorokariul.com/
2018 하반기 대규모 수출상담회(BKF),aT 센터,2018,10,24,"dokdo trading co.,ltd","무역.농수산물,식품가공",2010,,y
2018 하반기 대규모 수출상담회(BKF),aT 센터,2018,10,24,YAKSEONFOOD AGRICULTURAL CO. LTD,식품제조업/연구개발,2011,"1306 Gyeondong-ro, Andong-si,Gyeongsangbuk-do,KOREA",www.yakseonfood.com
2018 하반기 대규모 수출상담회(BKF),aT 센터,2018,10,24,DUREBANG FOODS INC,제조업,1992,"2081-73, Sunam-ro, Geochang-eup,Geochang-gun, Gyeongsangnam-do",http://www.durebang.co.kr
2018 하반기 대규모 수출상담회(BKF),aT 센터,2018,10,24,"Trechan Co., Ltd.","식품(김치류, 절임류)",2011,"6, Bongseon 2-ro, Nam-gu, Gwangju",http://www.trechan.co.kr
2018 하반기 대규모 수출상담회(BKF),aT 센터,2018,10,24,SAJO HAEPYO CORPORATION,농수산물외,2004,"482-2,BANGBAE-3DONG,SEOCHO-KU,SEOUL,KOREA",www.sajohp.com
2018 하반기 대규모 수출상담회(BKF),aT 센터,2018,10,24,"MOLINA Agricultural Co.,Ltd.",식물성 유지 제조업 판매,2016,"2F, Kaya-ro, Hamchang-eup,Kyeongsangbuk-do, Sangju-si, Korea(37106)",www.passermolina.com
2018 하반기 대규모 수출상담회(BKF),aT 센터,2018,10,24,HARIM CORPORATION,"축산, 제조업, 도매, 도소매, 양계, 부화, 종계업, 육계가공, 사료 외",1986,Harim Corporation,harim.com
2018 하반기 대규모 수출상담회(BKF),aT 센터,2018,10,24,"Agricultral Corporation Cheongdo Wongam Co.,Ltd",제조업,2016,,www.wongam.co.kr
2018 하반기 대규모 수출상담회(BKF),aT 센터,2018,10,24,Palgongsan kimchi,농산물,2008,"58-3, Sinpyeong-ro, Dong-gu, Daegu",http://8030kimchi.com/
2018 하반기 대규모 수출상담회(BKF),aT 센터,2018,10,24,[K20] JINJU,"식품가공.제조/식육/식육,농산물/임대/전산용역",1963,"441, Yeoksam-ro, Gangnam-gu, Seoul",N
2018 하반기 대규모 수출상담회(BKF),aT 센터,2018,10,24,CheonyeonStory Corp.,건강기능식품,2017,,https://vipsvita.com
2018 하반기 대규모 수출상담회(BKF),aT 센터,2018,10,24,"PNS CO.,LTD.",커피가공업,2000,"805, Biz Center, SKn Techno Park, 124, Sagimakgol-ro, Jungwon-gu, Seongnam-si, Gyeonggi-do, Republic of Korea",www.coffeefriend.co.kr
2018 하반기 대규모 수출상담회(BKF),aT 센터,2018,10,24,"HOSAN CO., LTD",무역,1994,"57, Iseopdaecheon-ro 263beon-gil, Hoberop-myeon, Icheon, Gyeonggi-do",N
2018 하반기 대규모 수출상담회(BKF),aT 센터,2018,10,24,Daegwallyeong nunmaeul-hwangtae a farming corp.,"도소매업, 제조업",2011,"8,oiympic-ro, daegwanryeong-myeon,pyeongchang-gun,gangwon-do,Korea",www.d-hwangtae.com
2018 하반기 대규모 수출상담회(BKF),aT 센터,2018,10,24,NEXTURE E-ONE CO LTD,수출업,2017,"40, Arirang-ro 19-gil, Seongbuk-gu, Seoul, Republic of Korea",www.nextureone.com
2018 하반기 대규모 수출상담회(BKF),aT 센터,2018,10,24,"Ilhwa co.,ltd.",제조,1971,"21, Sangil-ro 6-gil, Gangdong-gu, Seoul",www.ilhwa.co.kr
2018 하반기 대규모 수출상담회(BKF),aT 센터,2018,10,24,"WEDO Co., Ltd.",수출 유통,2004,,www.wedofood.co.kr
2018 하반기 대규모 수출상담회(BKF),aT 센터,2018,10,24,HYE SUNG BEVERAGE Co.LTD,제조 .도소매업,2014,150 Munhwa-ro Jincheon-up Jincheon-gun chungbuk Korea,http://www.xn--zf4b8aw8i65e7scfxe.com/hs/mobile/index.html
2018 하반기 대규모 수출상담회(BKF),aT 센터,2018,10,24,"Hyungkuk F&B Co., Ltd.","식품, 음료",2000,"23F, Mabang-Ro 60, Seocho-Gu, Seoul, 06775 Korea",www.hyungkuk.com
2018 하반기 대규모 수출상담회(BKF),aT 센터,2018,10,24,"TAEKWAN CO.,LTD.",무역업,2002,"#401, Jungwoo bldg, 178, Injung-ro, Jung-gu, Incheon, Korea",www.taekwan.co.kr
2018 하반기 대규모 수출상담회(BKF),aT 센터,2018,10,24,"HAITAI CONFECTIONERY AND FOODS CO., LTD",식품제조업,2001,"3, Hangang-daero 72-gil, Yongsan-gu, Seoul",eng.ht.co.kr/
2018 하반기 대규모 수출상담회(BKF),aT 센터,2018,10,24,JSN FOOD,장류제조업,2015,"14-10, Sinchon-ro 146beon-gil, Gilsang-myeon, Ganghwa-gun, Incheon, Republic of Korea (23049)",www.jsneyagi.com
2018 하반기 대규모 수출상담회(BKF),aT 센터,2018,10,24,"Jaeho products co., ltd.","농수산물가공, 농수산물, 임대",1984,"196, Janglim-Ro, Saha-Gu, Busan-City, KOREA",www.jaeho.co.kr
2018 하반기 대규모 수출상담회(BKF),aT 센터,2018,10,24,Htrading,무역,2016,"90, Sanggye-ro, Nowon-gu, Seoul",www.h-food.co.kr
2018 하반기 대규모 수출상담회(BKF),aT 센터,2018,10,24,"DELLOS F&B CO.,LTD","잼류,음료류",2013,"159, USANGONGDAN-GIL, WONJU-SI, GANGWON-DO",N
2018 하반기 대규모 수출상담회(BKF),aT 센터,2018,10,24,Agricultural Corporation GROWTHDIGM F&B,"농산물가공, 농식품판매",2016,"F 150, Food Venture Center, Kore",growthdigm.com
2018 하반기 대규모 수출상담회(BKF),aT 센터,2018,10,24,"Kwangcheonkim Co.,LTD","맛김,미역,김,당면,통신판매(맛김,미역,김,당면)",2008,"77,chungseo-ro, eunha-myeon, hongseong-gun, chungcheongnam-do, korea",www.kckim.kr
2018 하반기 대규모 수출상담회(BKF),aT 센터,2018,10,24,Lotte Liquor,주류,1926,"Lotte Castle Gold 5F 7-18, Sincheon-dong, Songpa-gu, Seoul, S.Korea",www.lotteliquor.com
2018 하반기 대규모 수출상담회(BKF),aT 센터,2018,10,24,Link Bridge International,무역 등,2016,"122, Saechang-ro, Yongsan-gu, Seoul",
2018 하반기 대규모 수출상담회(BKF),aT 센터,2018,10,24,ORIENTAL F&B,무역,2011,"11, Beobwon-ro 11-gil, Songpa-gu, Seoul",www.orientalfnb.com
2018 하반기 대규모 수출상담회(BKF),aT 센터,2018,10,24,"JEONG HWA FOODS CO.,LTD.",제조업,1987,"2415-21, Haean-ro, Cheongha-myeon, Buk-gu, Pohang-si, Gyeongsangbuk-do",http://jeonghwa.koreasme.com
2018 하반기 대규모 수출상담회(BKF),aT 센터,2018,10,24,OKF Corporation,"식품,식품무역,무역(수출입업),수출대행업",1990,"54, Hakdong-ro 21-gil, Gangnam-gu, Seoul",www.okf.kr
2018 하반기 대규모 수출상담회(BKF),aT 센터,2018,10,24,"Kukje Confectionery Co.,Ltd",과자 및 사탕류,1963,,www.melland.co.kr
2018 하반기 대규모 수출상담회(BKF),aT 센터,2018,10,24,GYEONG BUK CORPORATION,도소매,1994,"76-6, HYEONNAE-GIL, JILLYANG-EUP, GYEONGSAN-SI, GYEONGSANGBUK-DO, KOREA",www.gbci.co.kr
2018 하반기 대규모 수출상담회(BKF),aT 센터,2018,10,24,"HOSAN CO., LTD",무역,1994,"57, Iseopdaecheon-ro 263beon-gil, Hoberop-myeon, Icheon, Gyeonggi-do",N
2018 하반기 대규모 수출상담회(BKF),aT 센터,2018,10,24,"Mammos Confectionery Co.,Ltd","생과자, 과자, 기타, 무역업",1985,"8, Dunchon-daero 526beon-gil, Jungwon-gu, Seongnam-si, Gyeonggi-do, Republic of Korea",www.mammos.co.kr
2018 하반기 대규모 수출상담회(BKF),aT 센터,2018,10,24,"SAVIA INT'L CO.,LTD.",수출/제조,2010,"W1417, hansinInterValley24, 322, Teheran-ro, Gangnam-gu, Seoul, Republic of Korea",www.saviaintl.com
2018 하반기 대규모 수출상담회(BKF),aT 센터,2018,10,24,GYEONG BUK CORPORATION,도소매,1994,"76-6, HYEONNAE-GIL, JILLYANG-EUP, GYEONGSAN-SI, GYEONGSANGBUK-DO, KOREA",www.gbci.co.kr
2018 하반기 대규모 수출상담회(BKF),aT 센터,2018,10,24,Htrading,무역,2016,"90, Sanggye-ro, Nowon-gu, Seoul",www.h-food.co.kr
2018 하반기 대규모 수출상담회(BKF),aT 센터,2018,10,24,Eromglobal,"무역, 농산물, 건강식품",2015,"111, Toegyenonggong-ro, Chuncheon-si, Gangwon-do, Republic of Korea",
2018 하반기 대규모 수출상담회(BKF),aT 센터,2018,10,24,Ecopanax Co.Ltd.,홍삼한방제품,2013,"38, Hongsamhanbang-ro, Jinan-eup, Jinan-gun, Jeollabuk-do, Republic of Korea",www.ecopanax.com
2018 하반기 대규모 수출상담회(BKF),aT 센터,2018,10,24,GANGHWA GREEN FOOD,식품,2014,"6-54, Gyodongdong-ro 471beon-gil, Gyodong-myeon, Ganghwa-gun, Incheon",https://smartstore.naver.com/gogreen
2018 하반기 대규모 수출상담회(BKF),aT 센터,2018,10,24,[K29] SEORAKSAN GREEN FOOD CO.,농산물 가공,2014,"41-50, Powolsaemal-gil, Yangyang-eup, Yangyang-gun, Gangwon-do, Korea",www.sgreenfood.co.kr
2018 하반기 대규모 수출상담회(BKF),aT 센터,2018,10,24,"neniaplus co.,ltd.",도소매  무역 수출입,2017,"731, Gyeongchung-daero, Gonjiam-eup, Gwangju-si, Gyeonggi-do, Korea",www.urinenia.co.kr
2018 하반기 대규모 수출상담회(BKF),aT 센터,2018,10,24,"SAONGWON CO.,LTD","냉동식품,수출업",1995,,www.saongwon.com
2018 하반기 대규모 수출상담회(BKF),aT 센터,2018,10,24,CHUNIL FOODS CO.,제조,1074,"7-19, Gangnam-daero 27-gil, Seocho-gu, Seoul",WWW.CHUNILFOOD.CO.KR
2018 하반기 대규모 수출상담회(BKF),aT 센터,2018,10,24,"Hyundai F&B Co.,Ltd.","과자류, 음료, 캔디류",2008,,www.hdfnbkorea.com
2018 하반기 대규모 수출상담회(BKF),aT 센터,2018,10,24,yejufood.ltd,한과,2013,,
2018 하반기 대규모 수출상담회(BKF),aT 센터,2018,10,24,Agricultural Corporation JoyFarm,"농산물생산,유통,가공,무역",2011,"915, Mokhwa-ro, Danseong-myeon, Sancheong-gun, Gyeongsangnam-do, Republic of Korea",http://joyfarmk.com
2018 하반기 대규모 수출상담회(BKF),aT 센터,2018,10,24,NatureCell,"통조림, 음료, 장류, 생명과학제품",1971,"10, Gukhoe-daero 76-gil, Yeongdeungpo-gu, Seoul",www.naturecell.co.kr
2018 하반기 대규모 수출상담회(BKF),aT 센터,2018,10,24,"ALP-KS TRADING CO.,","수출업, 농학연구개발업(종묘학)",1991,"#1514 ACEHIGHTECH21, UDONG 1470, HAEUNDAEGU, BUSAN, KOREA",www.alpks.com
2018 하반기 대규모 수출상담회(BKF),aT 센터,2018,10,24,"SUNILFOOD CO.,LTD",무역,2011,"1, Sangdo-ro 13na-gil, Dongjak-gu, Seoul",
2018 하반기 대규모 수출상담회(BKF),aT 센터,2018,10,24,"SIK Co., Ltd",식음료,2004,"436 Yanghwa-Ro,Neungseo-Myeon,Yeoju City,Gyeonggi,Korea",http://www.sikco.kr/
2018 하반기 대규모 수출상담회(BKF),aT 센터,2018,10,24,Ark of Green Soy Farming Association,장류,2010,"740, Jungsanganseo-ro, Seogwipo-si, Jeju-do",http://www.greensoy.co.kr
2018 하반기 대규모 수출상담회(BKF),aT 센터,2018,10,24,sunbongfood,식품가공업,2013,"Gomdan-ro 93beon-gil, Seo-gu,Incheon,Korea",www.sunbong.net
2018 하반기 대규모 수출상담회(BKF),aT 센터,2018,10,24,Taeyang export agriculture association,"농수산물, 농산가공품",2004,"#68 derebatgil jeju-shi, Jeju-di",www.sunexpo
2018 하반기 대규모 수출상담회(BKF),aT 센터,2018,10,24,Lee's Marketing Inc.,"무역,농수산물외",2007,"508-33, Seolga-ro, Seolseoung-myeon, Icheon-si, Gyeonggi-do, Republic of Korea",www.wellplus.co.kr
2018 하반기 대규모 수출상담회(BKF),aT 센터,2018,10,24,K-MUSH,"무역(버섯, 농산물)",2009,#904 aT center Gangnam-daero 27 seoul south korea,www.koreamushroom.co.kr
2018 하반기 대규모 수출상담회(BKF),aT 센터,2018,10,24,"MIWAMI CO., LTD",다류 수출업 무역,2009,"840-1 Noam-dong, Namwon-si, Jeollabuk-do, Korea",www.miwami.com
2018 하반기 대규모 수출상담회(BKF),aT 센터,2018,10,24,"Kukje Confectionery Co.,Ltd",과자 및 사탕류,1963,,www.melland.co.kr
2018 하반기 대규모 수출상담회(BKF),aT 센터,2018,10,24,NEXTURE E-ONE CO LTD,수출업,2017,"40, Arirang-ro 19-gil, Seongbuk-gu, Seoul, Republic of Korea",www.nextureone.com
2018 하반기 대규모 수출상담회(BKF),aT 센터,2018,10,24,"Woongjin Foods Co.,Ltd",인삼제품 및 음료외,1976,"390, Jong-ro, Jongno-gu, Seoul",www.wjfood.com
2018 하반기 대규모 수출상담회(BKF),aT 센터,2018,10,24,"Kukje Confectionery Co.,Ltd",과자 및 사탕류,1963,,www.melland.co.kr
2018 하반기 대규모 수출상담회(BKF),aT 센터,2018,10,24,TEAZEN.Inc.,"다류, 식품, 무역",2001,"80-23, Daeun-gil, Gyegok-myeon, Haenam-gun, Jeollanam-do",www.teazen.co.kr
2018 하반기 대규모 수출상담회(BKF),aT 센터,2018,10,24,"SEOUL SAENG.CO.,LTD",제조업,2009,"Gwangnaru-ro 8-gil 19, Seongdong-gu, Seoul, Korea",www.seoulsaeng.com
2018 하반기 대규모 수출상담회(BKF),aT 센터,2018,10,24,"Kwangcheonkim Co.,LTD","맛김,미역,김,당면,통신판매(맛김,미역,김,당면)",2008,"77,chungseo-ro, eunha-myeon, hongseong-gun, chungcheongnam-do, korea",www.kckim.kr
2018 하반기 대규모 수출상담회(BKF),aT 센터,2018,10,24,"Pharmsville Co., Ltd.","식품, 건강기능식품",1987,"#5F, 424,Yeongdong-dearo, Gangnam-gu, Seoul",www.pharmsville.com
2018 하반기 대규모 수출상담회(BKF),aT 센터,2018,10,24,Agricultural corporation RICHBIO,"농산물(인삼, 과실음료), 농산물(유통,판매,수출)",2017,"Sobaek-ro 1701beon-gil Bonghyeon-myeon, Yeongju-si, Gyeongsangbuk-do(36045), Rep of KOREA",http://richbio.co.kr
2018 하반기 대규모 수출상담회(BKF),aT 센터,2018,10,24,J&E Corporation,"제조, 유통, 무역",1995,"697, Pangyo-ro, Bundang-gu, Seongnam-si, Gyeonggi-do",www.jnekorea.com
2018 하반기 대규모 수출상담회(BKF),aT 센터,2018,10,24,"BAEKGYUN FOOD SYSTEM CO.,LTD",무역,2006,"136 BANG HAK RO, DO BONG GU, SEOUL,KOREA",N
2018 하반기 대규모 수출상담회(BKF),aT 센터,2018,10,24,NEXTURE E-ONE CO LTD,수출업,2017,"40, Arirang-ro 19-gil, Seongbuk-gu, Seoul, Republic of Korea",www.nextureone.com
2018 하반기 대규모 수출상담회(BKF),aT 센터,2018,10,24,KEUMKANG B&F,청량음료외,1988,"106, Dusan-gil, Daesowon-myeon, Chungju-si, Chungcheongbuk-do, Republic of Korea",http://keumkangbnf.com/
2018 하반기 대규모 수출상담회(BKF),aT 센터,2018,10,24,[K20] JINJU,"식품가공.제조/식육/식육,농산물/임대/전산용역",1963,"441, Yeoksam-ro, Gangnam-gu, Seoul",N
2018 하반기 대규모 수출상담회(BKF),aT 센터,2018,10,24,"SD Food Co., Ltd.","제조업, 도소매업, 서비스업",2015,,
2018 하반기 대규모 수출상담회(BKF),aT 센터,2018,10,24,"Maeil Dairies Co, Ltd",제조업,1969,,http://www.maeil.com/
2018 하반기 대규모 수출상담회(BKF),aT 센터,2018,10,24,"Sunyoung Food co.,ltd","과자류, 코코아가공 및 초콜렛",2013,"784, Seongnam-ro, Susin-myeon, Dongnam-gu, Cheonan-si, Chungcheongnam-do, Korea",http://sy-food.co.kr/
2018 하반기 대규모 수출상담회(BKF),aT 센터,2018,10,24,Daywell Inc,기타잼류,2014,"64-34,Dangsangangbyun-ro,Muju-eup,Muju-gun,Jeollabukdo",www.ramiefood.com
2018 하반기 대규모 수출상담회(BKF),aT 센터,2018,10,24,"Kukje Confectionery Co.,Ltd",과자 및 사탕류,1963,,www.melland.co.kr
2018 하반기 대규모 수출상담회(BKF),aT 센터,2018,10,24,SAMAH INTERNATIONAL CORP.,"제조,도매",1984,"48, Seobunam-ro 790beon-gil, Sinchang-myeon, Asan-si, Chungcheongnam-do, Republic of Korea",www.samah.co.kr
2018 하반기 대규모 수출상담회(BKF),aT 센터,2018,10,24,"AGRI-COOP TOTMATO CO.,LTD.","식품가공, 유통",2014,"219,Baeunian-gil, Jeokseong-myeon, Paju-si, Gyeonggi-do, Korea",www.wellgreen.biz
2018 하반기 대규모 수출상담회(BKF),aT 센터,2018,10,24,"SAVIA INT'L CO.,LTD.",수출/제조,2010,"W1417, hansinInterValley24, 322, Teheran-ro, Gangnam-gu, Seoul, Republic of Korea",www.saviaintl.com
2018 하반기 대규모 수출상담회(BKF),aT 센터,2018,10,24,Link Bridge International,무역 등,2016,"122, Saechang-ro, Yongsan-gu, Seoul",
2018 하반기 대규모 수출상담회(BKF),aT 센터,2018,10,24,"Korean Ginseng Research Co., Ltd.",인삼,1996,"3275 Gyeonggang-ro,Yongmun-Myeon,Yangpyeong-Gun,Gyeonggi-Do, Korea",www.samnako.com
2018 하반기 대규모 수출상담회(BKF),aT 센터,2018,10,24,"BIOARA Co., Ltd.",제조업,2015,"3th 304, 37, Seongsui-ro 22-gil, Seongdong-gu, Seoul, Korea",www.bioara.com
2018 하반기 대규모 수출상담회(BKF),aT 센터,2018,10,24,"Geumsan Black Ginseng Co., Ltd",제조업/인삼제품,2013,"15,Insamyakchogongdan-ro, Buri-myeon, Geumsan-gun, Chungcheongnam-do, KOREA",www.kbgg.kr
2018 하반기 대규모 수출상담회(BKF),aT 센터,2018,10,24,Jonaegipotato,제조업,2013,"78,Utseobal-ro,Yeong do-gu,Busan(Dong sam dong)",http://sweetpo.alltheway.kr
2018 하반기 대규모 수출상담회(BKF),aT 센터,2018,10,24,"[K13] GOOD MORNING KOREA CO., LTD","무역업,농산물유통,판매",2009,"604, Cheonho-daero, Gwangjin-gu, Seoul",gmkfresh.com
2018 하반기 대규모 수출상담회(BKF),aT 센터,2018,10,24,[K22] KOREAN GINSENG EXPORT CORP.,"건강기능식품, 홍삼",2012,"216-18, Sindumangok-ro, Gongdo-eup, Anseong-si, Gyeonggi-do, Republic of Korea",www.kgec.kr
2018 하반기 대규모 수출상담회(BKF),aT 센터,2018,10,24,FUTUREINUS,수출입,2011,FUTURE IN US,
2018 하반기 대규모 수출상담회(BKF),aT 센터,2018,10,24,"MIRACLE TONGSANG., LTD.","농수산물유통, 무역업",2016,"41, Dokjeong-ro seongji 2-gil, Jingeon-eup, Namyangju-si, Gyeonggi-do",N
2018 하반기 대규모 수출상담회(BKF),aT 센터,2018,10,24,MyungSung Agricultural Corporation,농산물,2003,,
2018 하반기 대규모 수출상담회(BKF),aT 센터,2018,10,24,"UNI TRADING CO., LTD.",무역수출수출입업,1999,"NO. 115-1808,  77, CHIPYONG-RO, SEO-GU, GWANGJU-CITY, KOREA",http://my.agrotrade.net/mini/unitrade/
2018 하반기 대규모 수출상담회(BKF),aT 센터,2018,10,24,Korean pears cooperative union,농업,2012,"218, Dusan-gil, Munsan-eup, Jinju-si, Gyeongsangnam-do",N
2018 하반기 대규모 수출상담회(BKF),aT 센터,2018,10,24,Korea Bio-energy Tech Ltd.,제조,2017,"16 Noam-gil, Namseon-myon, Andong, Gyongbuk, Korea",
2018 하반기 대규모 수출상담회(BKF),aT 센터,2018,10,24,Ye-hyang foods,떡류 또는 빵,2011,"22,Cheongyong 3-gil,Hoengseong-eup,Hoengseong-gun,Gangwon-do,Korea",www.uricake.com
2018 하반기 대규모 수출상담회(BKF),aT 센터,2018,10,24,DUREBANG FOODS INC,제조업,1992,"2081-73, Sunam-ro, Geochang-eup,Geochang-gun, Gyeongsangnam-do",http://www.durebang.co.kr
2018 하반기 대규모 수출상담회(BKF),aT 센터,2018,10,24,Lzyme,제조업,2015,"201ho 643 Ro-Tongil, Gu-Enpyng Seoul Korea",www.lza.co.kr
2018 하반기 대규모 수출상담회(BKF),aT 센터,2018,10,24,ADDI GLOBAL Inc.,"제조, 무역",2016,"JST #908, 229, Seokjeong-ro, Michuhol-gu, Incheon",www.addiglobal.com
2018 하반기 대규모 수출상담회(BKF),aT 센터,2018,10,24,PCC Corporation,작물재배업,2016,"61-61, Surijae-gil, Mitan-myeon, Pyeongchang-gun, Gangwon-do",http://ozar8887.tradekorea.com
2018 하반기 대규모 수출상담회(BKF),aT 센터,2018,10,24,KANGLIM ORGANIC corp.,"유기농산물재배,판매,김치,식물성유지",1999,"510, Choha-ro, Chodong-myeon, Miryang-si, Gyeongsangnam-do",agricom.co.kr
2018 하반기 대규모 수출상담회(BKF),aT 센터,2018,10,24,RAON,무역,2017,"50 Misagangbyeondong-ro, Hanam-si, Gyeonggi-do",
2018 하반기 대규모 수출상담회(BKF),aT 센터,2018,10,24,"SAMHAE COMMERCIAL CO., LTD.","제조, 수출, 도 소매",1968,"25, Beobwon-ro 11-gil, Songpa-gu, Seoul",www.samhae.com
2018 하반기 대규모 수출상담회(BKF),aT 센터,2018,10,24,"[K35] WOORISOOL CO., LTD","탁주, 약주",2003,"#29 Daboganseon-ro, Jojong-myeon, Gapyeong-gun, Gyeonggi-do, Korea(Republic of)",www.woorisool.kr
2018 하반기 대규모 수출상담회(BKF),aT 센터,2018,10,24,"[K26] PALDO CO., LTD","면, 음료 제조",1969,"577 GANGNAMDAERO, SEOCHO-GU, SEOUL, KOREA",www.paldofood.com
2018 하반기 대규모 수출상담회(BKF),aT 센터,2018,10,24,BALHYOCHON,식초음료,2007,"307, Gaya-ro, Jillyang-eup, Gyeongsan-si, Gyeongsangbuk-do",www.balhyochon.com
2018 하반기 대규모 수출상담회(BKF),aT 센터,2018,10,24,"Sinkiwon co., Ltd",도소매업,2018,,http://www.sinkiwon.com
2018 하반기 대규모 수출상담회(BKF),aT 센터,2018,10,24,HYE SUNG BEVERAGE Co.LTD,제조 .도소매업,2014,150 Munhwa-ro Jincheon-up Jincheon-gun chungbuk Korea,http://www.xn--zf4b8aw8i65e7scfxe.com/hs/mobile/index.html
2018 하반기 대규모 수출상담회(BKF),aT 센터,2018,10,24,kkokdam,"꽃차,기타",2016,,www.iloveflowertea.com
2018 하반기 대규모 수출상담회(BKF),aT 센터,2018,10,24,ADDI GLOBAL Inc.,"제조, 무역",2016,"JST #908, 229, Seokjeong-ro, Michuhol-gu, Incheon",www.addiglobal.com
2018 하반기 대규모 수출상담회(BKF),aT 센터,2018,10,24,"YECHEON FOOD-BIO Co,. LTD","식음료품, 건강식품, 기능성식품",2017,"114, Doripdaehak-gil, Yecheon-eup, Yecheon-gun, Gyeongsangbuk-do",www.ssammall.com
2018 하반기 대규모 수출상담회(BKF),aT 센터,2018,10,24,infotrading company,무역(농수임축산),2012,,N
2018 하반기 대규모 수출상담회(BKF),aT 센터,2018,10,24,SEIN FOOD.Co.Inc,김치.절임식품,2007,1074   Honamro  Wanggoongmyun Iksan City Chunbukdo,
2018 하반기 대규모 수출상담회(BKF),aT 센터,2018,10,24,"CFM Commerce Co., Ltd.","식품, 무역, 농산물",2017,"623, Gaepo-ro, Gangnam-gu, Seoul",www.cfmcommerce.net
2018 하반기 대규모 수출상담회(BKF),aT 센터,2018,10,24,"Taekyung Nongsan Co.,Ltd",농수산물가공 및 식품제조업,1979,"112, Yeouidaebang-ro, Dongjak-gu, Seoul",www.itaekyung.com
2018 하반기 대규모 수출상담회(BKF),aT 센터,2018,10,24,"DAMO CO., LTD.","제조업, 식품가공업, 무역업",2007,"135, AnSin-ro, AnGye-myeon, UiSeong-gun, GyeongSangBuk-do",www.damofood.net
2018 하반기 대규모 수출상담회(BKF),aT 센터,2018,10,24,"Dae Young Foods Co.,Ltd.",식품제조가공업,1984,"302-1, Gumgul-ri, Boeun-eup, Boeun-gun, Choongbuk, Korea",www.daeyoungfoods.co.kr
2018 하반기 대규모 수출상담회(BKF),aT 센터,2018,10,24,"Thebab CO., LTD.",조미료 및 식품첨가물,2012,"#404 R&DB Center of Kyungil University, 50 Gamasil-gil, Hayang-eup, Kyeongsan city, Kyeongbuk South Korea",www.thebab.kr
2018 하반기 대규모 수출상담회(BKF),aT 센터,2018,10,24,"KKOH SHAEM FOOD CO.,LTD","다류 제조, 도소매 및 수출",1997,"#82 Jugyeopsan-ro, 35 Beon-gil, Sohol-eup, Pocheon-si, Gyeonggi-do, Korea",www.ksfs.co.kr
2018 하반기 대규모 수출상담회(BKF),aT 센터,2018,10,24,DaeDo Food,제조업,2000,,N
2018 하반기 대규모 수출상담회(BKF),aT 센터,2018,10,24,"HAITAI CONFECTIONERY AND FOODS CO., LTD",식품제조업,2001,"3, Hangang-daero 72-gil, Yongsan-gu, Seoul",eng.ht.co.kr/
2018 하반기 대규모 수출상담회(BKF),aT 센터,2018,10,24,"CHOGA CO., LTD",주류제조,2005,"33-12, Oegol-gil, Gimhwa-eup, Cheorwon-gun, Gangwon-do, 24055, Rep. of KOREA",www.choga.co.kr
2018 하반기 대규모 수출상담회(BKF),aT 센터,2018,10,24,EVERFARM AGRICULTURAL CORP.,농산물생산및유통,2015,"31, Yeondong-gil, Sinbuk-myeon, Yeongam-gun, Jeollanam-do",
2018 하반기 대규모 수출상담회(BKF),aT 센터,2018,10,24,Agricultural corporation RICHBIO,"농산물(인삼, 과실음료), 농산물(유통,판매,수출)",2017,"Sobaek-ro 1701beon-gil Bonghyeon-myeon, Yeongju-si, Gyeongsangbuk-do(36045), Rep of KOREA",http://richbio.co.kr
2018 하반기 대규모 수출상담회(BKF),aT 센터,2018,10,24,"Sunyoung Food co.,ltd","과자류, 코코아가공 및 초콜렛",2013,"784, Seongnam-ro, Susin-myeon, Dongnam-gu, Cheonan-si, Chungcheongnam-do, Korea",http://sy-food.co.kr/
2018 하반기 대규모 수출상담회(BKF),aT 센터,2018,10,24,CENTRAL FOOD INGREDIENTS CO,무역,2009,"9, Geumsan-ro, Gunpo-si, Gyeonggi-do",
2018 하반기 대규모 수출상담회(BKF),aT 센터,2018,10,24,TOK,기술서비스업 도매 및 소매업,2016,"(39660)40, Hyeoksin 2-ro, Gimcheon-si, Gyeongsangbuk-do, Korea",
2018 하반기 대규모 수출상담회(BKF),aT 센터,2018,10,24,"MONGGO FOODS CO., LTD.",장류 및 기타식품 등,1905,"18, Paryong-ro 371beon-gil, Uichang-gu, Changwon-si, Gyeongsangnam-do",www.monggofood.co.kr
2018 하반기 대규모 수출상담회(BKF),aT 센터,2018,10,24,"hansungfood co.,ltd",농수산물및식품가공업,2001,"JUGAM-RO 13, DONGGANG-MYEON, GOHEUNG-GUN, JEOLLANAM-DO, KOREA",www.hansungfood.co.kr
2018 하반기 대규모 수출상담회(BKF),aT 센터,2018,10,24,HB CORPORATION,수출입업,2009,"259-2, Sinseon-ro, Nam-gu, Busan",www.foodtrade.co.kr
2018 하반기 대규모 수출상담회(BKF),aT 센터,2018,10,24,"ENTOMO.,LTD",곤충사육,2014,"279, Yeocheon 3-gil, Ochang-eup, Cheongwon-gu, Cheongju-si, Chungcheongbuk-do, Republic of Korea",www.entomo.co.kr
2018 하반기 대규모 수출상담회(BKF),aT 센터,2018,10,24,"FOODMASTERGROUP.CO. ,LTD",도소매,2017,"4F, 215-6, Yulgok-ro, Jongno-Gu, Seoul,KOREA",www.drholipet.com
2018 하반기 대규모 수출상담회(BKF),aT 센터,2018,10,24,[K32] TULIP INTERNATIONAL INC.,"기타식품, 무역, 제조",1999,"37, Teheran-ro 87-gil, Gangnam-gu, Seoul",www.tulipint.com
2018 하반기 대규모 수출상담회(BKF),aT 센터,2018,10,24,[K24] NATUREGANIC SEOWON CORPORATION,제조,2017,"(12773) 17-99, Opo-ro 171beon-gil, Opo-eup, Gwangju-si, Gyeonggi-do, Republic of Korea",www.berrykle.com
2018 하반기 대규모 수출상담회(BKF),aT 센터,2018,10,24,"LOTTE FOODS CO., LTD.","빙과, 유산균음료, 경화유, 마아가린, 연유, 낙농",1958,"19, Yangpyeong-ro 19-gil, Yeongdeungpo-gu, Seoul",http://www.lottefoods.co.kr/
2018 하반기 대규모 수출상담회(BKF),aT 센터,2018,10,24,SAMBUJACOMPANY,"조미김,신선농산물",2016,"79, Sangjanggonwit-rd, Seosu-myeon,Gunsan-city",www.sbjcompany.com
2018 하반기 대규모 수출상담회(BKF),aT 센터,2018,10,24,CHUNIL FOODS CO.,제조,1074,"7-19, Gangnam-daero 27-gil, Seocho-gu, Seoul",WWW.CHUNILFOOD.CO.KR
2018 하반기 대규모 수출상담회(BKF),aT 센터,2018,10,24,FUTUREINUS,수출입,2011,FUTURE IN US,
2018 하반기 대규모 수출상담회(BKF),aT 센터,2018,10,24,"SAMMI COMMERCE CO.,LTD.",무역.식품잡화.통신판매,1994,"3F, 296, Jungdae-ro, Songpa-gu, Seoul, 05724, Korea",www.sammicms.co.kr
2018 하반기 대규모 수출상담회(BKF),aT 센터,2018,10,24,"Taekyung Nongsan Co.,Ltd",농수산물가공 및 식품제조업,1979,"112, Yeouidaebang-ro, Dongjak-gu, Seoul",www.itaekyung.com
2018 하반기 대규모 수출상담회(BKF),aT 센터,2018,10,24,R&G CORPORATION,"무역, 농수산물가공식품",1985,"347 Daewangpangyo-ro, Bundang-gu, Seongnam-si Gyeonggi-do",www.assifood.co.kr
2018 하반기 대규모 수출상담회(BKF),aT 센터,2018,10,24,"Dae Young Foods Co.,Ltd.",식품제조가공업,1984,"302-1, Gumgul-ri, Boeun-eup, Boeun-gun, Choongbuk, Korea",www.daeyoungfoods.co.kr
2018 하반기 대규모 수출상담회(BKF),aT 센터,2018,10,24,"DANURIM Co., Ltd.",제조,2014,"28-2, Ojeong-ro , 9beon-gil, Daedeok-gu, Daejeon, Korea",www.danurim.com
2018 하반기 대규모 수출상담회(BKF),aT 센터,2018,10,24,"ENTOMO.,LTD",곤충사육,2014,"279, Yeocheon 3-gil, Ochang-eup, Cheongwon-gu, Cheongju-si, Chungcheongbuk-do, Republic of Korea",www.entomo.co.kr
2018 하반기 대규모 수출상담회(BKF),aT 센터,2018,10,24,Corp The Scent of Sea,제조 도매,2013,"46, Songho 1-gil, Sangnok-gu, Ansan-si, Gyeonggi-do",
2018 하반기 대규모 수출상담회(BKF),aT 센터,2018,10,24,Bean & World,"장류,차류",2003,"273 CHOGEUM-RO CHOPYEONG-MYEON              JINCHEON-GUN CHUNGCHEONGBUK-DO, KOREA",http://www.dodookorea.co.kr/
2018 하반기 대규모 수출상담회(BKF),aT 센터,2018,10,24,DONGWON HOME FOOD,조미식품,1993,"68, MABANG-RO, SEOCHO-GU, SEOUL, KOREA (06775)",http://www.dwhf.co.kr/kor/#
2018 하반기 대규모 수출상담회(BKF),aT 센터,2018,10,24,"LOTTE FOODS CO., LTD.","빙과, 유산균음료, 경화유, 마아가린, 연유, 낙농",1958,"19, Yangpyeong-ro 19-gil, Yeongdeungpo-gu, Seoul",http://www.lottefoods.co.kr/
2018 하반기 대규모 수출상담회(BKF),aT 센터,2018,10,24,Link Bridge International,무역 등,2016,"122, Saechang-ro, Yongsan-gu, Seoul",
2018 하반기 대규모 수출상담회(BKF),aT 센터,2018,10,24,"TAEKWAN CO.,LTD.",무역업,2002,"#401, Jungwoo bldg, 178, Injung-ro, Jung-gu, Incheon, Korea",www.taekwan.co.kr
2018 하반기 대규모 수출상담회(BKF),aT 센터,2018,10,24,DONGWON HOME FOOD,조미식품,1993,"68, MABANG-RO, SEOCHO-GU, SEOUL, KOREA (06775)",http://www.dwhf.co.kr/kor/#
2018 하반기 대규모 수출상담회(BKF),aT 센터,2018,10,24,"Dae Young Foods Co.,Ltd.",식품제조가공업,1984,"302-1, Gumgul-ri, Boeun-eup, Boeun-gun, Choongbuk, Korea",www.daeyoungfoods.co.kr
2018 하반기 대규모 수출상담회(BKF),aT 센터,2018,10,24,GYEONG BUK CORPORATION,도소매,1994,"76-6, HYEONNAE-GIL, JILLYANG-EUP, GYEONGSAN-SI, GYEONGSANGBUK-DO, KOREA",www.gbci.co.kr
2018 하반기 대규모 수출상담회(BKF),aT 센터,2018,10,24,Link Bridge International,무역 등,2016,"122, Saechang-ro, Yongsan-gu, Seoul",
2018 하반기 대규모 수출상담회(BKF),aT 센터,2018,10,24,miragefood inc.,"제조,서비스",2002,468 Bongo-daero Gyeyang-gu Incheon 2fl,www.mrgfood.kr
2018 하반기 대규모 수출상담회(BKF),aT 센터,2018,10,24,GEONWON TRADE,"식품, 유아식품",2016,"10, Gangnam-daero 51-gil, Seocho-gu, Seoul",
2018 하반기 대규모 수출상담회(BKF),aT 센터,2018,10,24,Haenam Sweet Potato Cooperation,제조업,2015,"241, Haenamwhasan-Ro, Haenam-Eup, Haenam-Gun, Jeollanam-Do, South Korea.",
2018 하반기 대규모 수출상담회(BKF),aT 센터,2018,10,24,"Pharmsville Co., Ltd.","식품, 건강기능식품",1987,"#5F, 424,Yeongdong-dearo, Gangnam-gu, Seoul",www.pharmsville.com
2018 하반기 대규모 수출상담회(BKF),aT 센터,2018,10,24,"BIOARA Co., Ltd.",제조업,2015,"3th 304, 37, Seongsui-ro 22-gil, Seongdong-gu, Seoul, Korea",www.bioara.com
2018 하반기 대규모 수출상담회(BKF),aT 센터,2018,10,24,"Bionutrigen Co., Ltd",건강식품외,1999,"1662, Yuseong-daero, Yuseong-gu, Daejeon",www.bionutrigen.com
2018 하반기 대규모 수출상담회(BKF),aT 센터,2018,10,24,Lzyme,제조업,2015,"201ho 643 Ro-Tongil, Gu-Enpyng Seoul Korea",www.lza.co.kr
2018 하반기 대규모 수출상담회(BKF),aT 센터,2018,10,24,"KKOH SHAEM FOOD CO.,LTD","다류 제조, 도소매 및 수출",1997,"#82 Jugyeopsan-ro, 35 Beon-gil, Sohol-eup, Pocheon-si, Gyeonggi-do, Korea",www.ksfs.co.kr
2018 하반기 대규모 수출상담회(BKF),aT 센터,2018,10,24,"Trechan Co., Ltd.","식품(김치류, 절임류)",2011,"6, Bongseon 2-ro, Nam-gu, Gwangju",http://www.trechan.co.kr
2018 하반기 대규모 수출상담회(BKF),aT 센터,2018,10,24,"SJ CORE Co.,Ltd.",식료품제조,2013,"196-11, Daepyeong-gil, Goa-eup, Gumi-si, Gyeongsangbuk-do, Republic of Korea",www.kukdduk.com
2018 하반기 대규모 수출상담회(BKF),aT 센터,2018,10,24,SEMPIO FOODS COMPANY,식품,1946,,www.sempio.com
2018 하반기 대규모 수출상담회(BKF),aT 센터,2018,10,24,"Taekyung Nongsan Co.,Ltd",농수산물가공 및 식품제조업,1979,"112, Yeouidaebang-ro, Dongjak-gu, Seoul",www.itaekyung.com
2018 하반기 대규모 수출상담회(BKF),aT 센터,2018,10,24,"KBF CO., LTD.",복합조미식품,1989,"203, Seoburo 1637 Beongil, Juchon-Myeon, Gimhae-City, Gyeongnam, 50888, Korea",http://www.k-bf.com/
2018 하반기 대규모 수출상담회(BKF),aT 센터,2018,10,24,"Ilhwa co.,ltd.",제조,1971,"21, Sangil-ro 6-gil, Gangdong-gu, Seoul",www.ilhwa.co.kr
2018 하반기 대규모 수출상담회(BKF),aT 센터,2018,10,24,"MORE CO., LTD.",식품 가공,2006,"113,DODONGGUYEOK-GIL,YEONGCHEON-SI,GYEONGSANGBUK-DO,KOREA",morecorp.co.kr
2018 하반기 대규모 수출상담회(BKF),aT 센터,2018,10,24,youmeone,식품제조가공,2006,"121 Dosil-gil, Dolsan-dub, Yeosu-si, Jeonnam province, Korea",http://youmeone.co.kr
2018 하반기 대규모 수출상담회(BKF),aT 센터,2018,10,24,Agricultural Corporation JoyFarm,"농산물생산,유통,가공,무역",2011,"915, Mokhwa-ro, Danseong-myeon, Sancheong-gun, Gyeongsangnam-do, Republic of Korea",http://joyfarmk.com
2018 하반기 대규모 수출상담회(BKF),aT 센터,2018,10,24,"HAITAI CONFECTIONERY AND FOODS CO., LTD",식품제조업,2001,"3, Hangang-daero 72-gil, Yongsan-gu, Seoul",eng.ht.co.kr/
2018 하반기 대규모 수출상담회(BKF),aT 센터,2018,10,24,"HAESER Products Co., Ltd.","수산물가공업,건강보조음료",2011,"79-13, Geumgwan-daero 804beon-gil, Gimhae-si, Gyeongsangnam-do, Republic of Korea",www.haeser-cnt.com
2018 하반기 대규모 수출상담회(BKF),aT 센터,2018,10,24,JANGMAEUL,장류 및 소스,1998,"31, Shinho-4gil, Chodong-myeon, Gyeongsangnam-do, Korea",www.jangmaeul.com
2018 하반기 대규모 수출상담회(BKF),aT 센터,2018,10,24,"Haewoochon.,Co.Ltd",조미김 생산업체,2000,"493, Iyeo-ro, Baeksa-myeon, Icheon-si, Gyeonggi-do",www.haewoochon.co.kr
2018 하반기 대규모 수출상담회(BKF),aT 센터,2018,10,24,"Nongshim Co.,Ltd.",라면류 스넥류 기호식품 생수 무역 수입상품,1965,"112 Yeodaebang-ro, Dongjak-gu, Seoul, Korea",www.nongshim.com
2018 하반기 대규모 수출상담회(BKF),aT 센터,2018,10,24,"Kocheolnam Hongsam Co., Ltd","제조, 유통, 무역",2005,"61, Ganghwasandan-ro, Ganghwa-eup, Ganghwa-gun, Incheon",www.hong3.co.kr
2018 거대 신흥시장 바이어 초청 수출상담회(업체선정완료),서울 그랜드 하얏트 호텔 그랜드볼룸,2018,11,22,"Thebab CO., LTD.",조미료 및 식품첨가물,2012,"#404 R&DB Center of Kyungil University, 50 Gamasil-gil, Hayang-eup, Kyeongsan city, Kyeongbuk South Korea",www.thebab.kr
2018 거대 신흥시장 바이어 초청 수출상담회(업체선정완료),서울 그랜드 하얏트 호텔 그랜드볼룸,2018,11,22,"GMF CO., LTD.","음식료품,수출입업",2006,,www.gmfkorea.com
2018 거대 신흥시장 바이어 초청 수출상담회(업체선정완료),서울 그랜드 하얏트 호텔 그랜드볼룸,2018,11,22,"JINHYUN CO.,LTD",식품원료,2011,,www.fresiweed.com
2018 거대 신흥시장 바이어 초청 수출상담회(업체선정완료),서울 그랜드 하얏트 호텔 그랜드볼룸,2018,11,22,"Mammmos Confectionery Co.,Ltd","생과자, 과자, 기타, 무역업",1985,"8, Dunchon-daero 526beon-gil, Jungwon-gu, Seongnam-si, Gyeonggi-do, Republic of Korea",www.mammos.co.kr
2018 거대 신흥시장 바이어 초청 수출상담회(업체선정완료),서울 그랜드 하얏트 호텔 그랜드볼룸,2018,11,22,"Nokchawon Co., Ltd.","무역, 다류식품",1992,"84, Seocho-daero 4-gil, Seocho-gu, Seoul",www.nokchawon.co.kr
2018 거대 신흥시장 바이어 초청 수출상담회(업체선정완료),서울 그랜드 하얏트 호텔 그랜드볼룸,2018,11,22,TEAZEN.Inc.,"다류, 식품, 무역",2001,"80-23, Daeun-gil, Gyegok-myeon, Haenam-gun, Jeollanam-do",www.teazen.co.kr
2018 거대 신흥시장 바이어 초청 수출상담회(업체선정완료),서울 그랜드 하얏트 호텔 그랜드볼룸,2018,11,22,"KKOH SHAEM FOOD CO.,LTD","다류 제조, 도소매 및 수출",1997,"#82 Jugyeopsan-ro, 35 Beon-gil, Sohol-eup, Pocheon-si, Gyeonggi-do, Korea",www.ksfs.co.kr
2018 거대 신흥시장 바이어 초청 수출상담회(업체선정완료),서울 그랜드 하얏트 호텔 그랜드볼룸,2018,11,22,"Namyang Dairy Products Co., Ltd.","낙농품, 음료",1964,"240, Dosan-daero, Gangnam-gu, Seoul",.http://company.namyangi.com/
2018 거대 신흥시장 바이어 초청 수출상담회(업체선정완료),서울 그랜드 하얏트 호텔 그랜드볼룸,2018,11,22,Woomtree Corporation,"식품가공,장류",1978,"1206, JEONYEONGRO, CHANGSU MYEON, POCHEON CITY, GYEONGGIDO",www.woomtree.co.kr
2018 거대 신흥시장 바이어 초청 수출상담회(업체선정완료),서울 그랜드 하얏트 호텔 그랜드볼룸,2018,11,22,"HOSAN CO., LTD",무역,1994,"57, Iseopdaecheon-ro 263beon-gil, Hoberop-myeon, Icheon, Gyeonggi-do",N
2018 거대 신흥시장 바이어 초청 수출상담회(업체선정완료),서울 그랜드 하얏트 호텔 그랜드볼룸,2018,11,22,SAMYANG FOODS,"라면류, 국수류",1961,"104 OPAESAN-RO 3GIL SEOUNGBUK-GU, SEOUL",
2018 거대 신흥시장 바이어 초청 수출상담회(업체선정완료),서울 그랜드 하얏트 호텔 그랜드볼룸,2018,11,22,"YOUNG POONG CO.,LTD",농식품가공,1993,"64, Seongseogongdanbuk-ro, Dalseo-gu, Daegu, 42712, KOREA",http://www.ypfoods.co.kr
2018 거대 신흥시장 바이어 초청 수출상담회(업체선정완료),서울 그랜드 하얏트 호텔 그랜드볼룸,2018,11,22,"World Food Services Co.,Ltd.",무역업,2015,"Rm 301 Innermass Bldg, 354-28 Dongtanwoncheon-ro, Hwaseong-si, Gyeonggi-do, 18423, South Korea",www.worldfoodsvc.com
2018 거대 신흥시장 바이어 초청 수출상담회(업체선정완료),서울 그랜드 하얏트 호텔 그랜드볼룸,2018,11,22,RAON,무역,2017,"50 Misagangbyeondong-ro, Hanam-si, Gyeonggi-do",
2018 거대 신흥시장 바이어 초청 수출상담회(업체선정완료),서울 그랜드 하얏트 호텔 그랜드볼룸,2018,11,22,"Renewallife Co.,Ltd.",제조업,2004,"#816-3 Jipyeong-ro, Jipyeong-myeon, Yangpyeong-gun, Gyeonggi-do, Republic of Korea",www.renewallife.com
2018 거대 신흥시장 바이어 초청 수출상담회(업체선정완료),서울 그랜드 하얏트 호텔 그랜드볼룸,2018,11,22,"HOSAN CO., LTD",무역,1994,"57, Iseopdaecheon-ro 263beon-gil, Hoberop-myeon, Icheon, Gyeonggi-do",N
2018 거대 신흥시장 바이어 초청 수출상담회(업체선정완료),서울 그랜드 하얏트 호텔 그랜드볼룸,2018,11,22,HB CORPORATION,수출입업,2009,"259-2, Sinseon-ro, Nam-gu, Busan",www.foodtrade.co.kr
2018 거대 신흥시장 바이어 초청 수출상담회(업체선정완료),서울 그랜드 하얏트 호텔 그랜드볼룸,2018,11,22,YBMcmc,수출입 (농수산물),2014,"#B1-10, 38, Beopjo-ro, Yeongtong-gu, Suwon-si, Gyeonggi-do",http://ybmcmckorea.itrocks.kr/
2018 거대 신흥시장 바이어 초청 수출상담회(업체선정완료),서울 그랜드 하얏트 호텔 그랜드볼룸,2018,11,22,"World Food Services Co.,Ltd.",무역업,2015,"Rm 301 Innermass Bldg, 354-28 Dongtanwoncheon-ro, Hwaseong-si, Gyeonggi-do, 18423, South Korea",www.worldfoodsvc.com
2018 거대 신흥시장 바이어 초청 수출상담회(업체선정완료),서울 그랜드 하얏트 호텔 그랜드볼룸,2018,11,22,"JNS GLOBAL CO., LTD.",무역업,2016,"Rm1304, 141, Seowon-ro, Wansan-gu, Jeonju, Jeonbuk, Korea",www.jnsglobalkorea.com
2018 거대 신흥시장 바이어 초청 수출상담회(업체선정완료),서울 그랜드 하얏트 호텔 그랜드볼룸,2018,11,22,"MONGGO FOODS CO., LTD.",장류 및 기타식품 등,1905,"18, Paryong-ro 371beon-gil, Uichang-gu, Changwon-si, Gyeongsangnam-do",www.monggofood.co.kr
2018 거대 신흥시장 바이어 초청 수출상담회(업체선정완료),서울 그랜드 하얏트 호텔 그랜드볼룸,2018,11,22,"SAMHAE COMMERCIAL CO., LTD.","제조업, 도소매, 수출",1968,"25, Beobwon-ro 11-gil, Songpa-gu, Seoul",www.samhae.com
2018 거대 신흥시장 바이어 초청 수출상담회(업체선정완료),서울 그랜드 하얏트 호텔 그랜드볼룸,2018,11,22,SEMPIO FOODS COMPANY,식품,1946,2 chungmuro jung gu seoul korea,www.sempio.com
2018 거대 신흥시장 바이어 초청 수출상담회(업체선정완료),서울 그랜드 하얏트 호텔 그랜드볼룸,2018,11,22,SAMYANG FOODS,"라면류, 국수류",1961,"104 OPAESAN-RO 3GIL SEOUNGBUK-GU, SEOUL",
2018 거대 신흥시장 바이어 초청 수출상담회(업체선정완료),서울 그랜드 하얏트 호텔 그랜드볼룸,2018,11,22,SAMJIN GLOBALNET,"무역업, 임대",1970,"562, Samseong-ro, Gangnam-gu, Seoul, Republic of Korea",http://www.wangfood.com/
2018 거대 신흥시장 바이어 초청 수출상담회(업체선정완료),서울 그랜드 하얏트 호텔 그랜드볼룸,2018,11,22,HB CORPORATION,수출입업,2009,"259-2, Sinseon-ro, Nam-gu, Busan",www.foodtrade.co.kr
2018 거대 신흥시장 바이어 초청 수출상담회(업체선정완료),서울 그랜드 하얏트 호텔 그랜드볼룸,2018,11,22,"HOSAN CO., LTD",무역,1994,"57, Iseopdaecheon-ro 263beon-gil, Hoberop-myeon, Icheon, Gyeonggi-do",N
2018 거대 신흥시장 바이어 초청 수출상담회(업체선정완료),서울 그랜드 하얏트 호텔 그랜드볼룸,2018,11,22,"Health Balance Co., Ltd.","건강기능성식품, 영유아 간부식, 이유식",2006,"Suite 2104, 21Fl., Trade Tower, Samseong-Dong, Gangnam-Gu, Seoul",https://mall.hbalance.co.kr/     http://www.alvins.co.kr/
2018 거대 신흥시장 바이어 초청 수출상담회(업체선정완료),서울 그랜드 하얏트 호텔 그랜드볼룸,2018,11,22,"MONGGO FOODS CO., LTD.",장류 및 기타식품 등,1905,"18, Paryong-ro 371beon-gil, Uichang-gu, Changwon-si, Gyeongsangnam-do",www.monggofood.co.kr
2018 거대 신흥시장 바이어 초청 수출상담회(업체선정완료),서울 그랜드 하얏트 호텔 그랜드볼룸,2018,11,22,"HEE CHANG DAIRY AND FOOD INDUSTRY CO, LTD","식품제조, 가공",1969,"114, Singi-ro, Yangsan-si, Gyeongnam, Republic Of Korea",www.heechang.com
2018 거대 신흥시장 바이어 초청 수출상담회(업체선정완료),서울 그랜드 하얏트 호텔 그랜드볼룸,2018,11,22,"JINHYUN CO.,LTD",식품원료,2011,,www.fresiweed.com
2018 거대 신흥시장 바이어 초청 수출상담회(업체선정완료),서울 그랜드 하얏트 호텔 그랜드볼룸,2018,11,22,YOUNG SHIN FOOD CO.,"맛김,수산물",2001,"131-22, Sinwol-gil, Seo-myeon, Seocheon-gun, Chungcheongnam-do, Repulbic of Korea",www.seafriend.co.kr
2018 거대 신흥시장 바이어 초청 수출상담회(업체선정완료),서울 그랜드 하얏트 호텔 그랜드볼룸,2018,11,22,SAMJIN GLOBALNET,"무역업, 임대",1970,"562, Samseong-ro, Gangnam-gu, Seoul, Republic of Korea",http://www.wangfood.com/
2018 거대 신흥시장 바이어 초청 수출상담회(업체선정완료),서울 그랜드 하얏트 호텔 그랜드볼룸,2018,11,22,"Nokchawon Co., Ltd.","무역, 다류식품",1992,"84, Seocho-daero 4-gil, Seocho-gu, Seoul",www.nokchawon.co.kr
2018 거대 신흥시장 바이어 초청 수출상담회(업체선정완료),서울 그랜드 하얏트 호텔 그랜드볼룸,2018,11,22,"Namyang Dairy Products Co., Ltd.","낙농품, 음료",1964,"240, Dosan-daero, Gangnam-gu, Seoul",.http://company.namyangi.com/
2018 거대 신흥시장 바이어 초청 수출상담회(업체선정완료),서울 그랜드 하얏트 호텔 그랜드볼룸,2018,11,22,nonggafood,즉석조리식품제조,2014,112 musimseoro 1099beongil heungdeokgu cheongjusi  chungcheongbukdo republic of korea,http://nonggafood.itrocks.kr/
2018 거대 신흥시장 바이어 초청 수출상담회(업체선정완료),서울 그랜드 하얏트 호텔 그랜드볼룸,2018,11,22,"GEUMSANMALL CO.,LTD.",인삼 홍삼식품 인삼제품 통신판매업,2009,"8-4, Eomnamu-gil, Geumsan-eup, Geumsan-gun, Chungcheongnam-do, korea",geumsan.co.kr
2018 거대 신흥시장 바이어 초청 수출상담회(업체선정완료),서울 그랜드 하얏트 호텔 그랜드볼룸,2018,11,22,HANMIRAE FOOD,"도소매,제조업,무역",2013,"No, 9-61, Yeongdong-gil,Hamchang-eup, Sangju city, Gyeongsangbuk-do, Korea",http://hanmirae.kr
2018 거대 신흥시장 바이어 초청 수출상담회(업체선정완료),서울 그랜드 하얏트 호텔 그랜드볼룸,2018,11,22,YONSEI UNIVERSITY DAIRY,"낙농품,두유 등",1962,"829, YEUMBONG-RO, YEUMBONG-MYUN, ASAN-SI, CHUNGCHEONGNAM-DO, KOREA.",http://www.yonseidairy.com/milk/
2018 거대 신흥시장 바이어 초청 수출상담회(업체선정완료),서울 그랜드 하얏트 호텔 그랜드볼룸,2018,11,22,"Jeion Co., Ltd.",유아식품,2013,"303, Cheonjam-ro, Wansan-gu, Jeollabuk-do, 55069, S.Korea",www.jeion.com
2018 거대 신흥시장 바이어 초청 수출상담회(업체선정완료),서울 그랜드 하얏트 호텔 그랜드볼룸,2018,11,22,RAON,무역,2017,"50 Misagangbyeondong-ro, Hanam-si, Gyeonggi-do",
2018 거대 신흥시장 바이어 초청 수출상담회(업체선정완료),서울 그랜드 하얏트 호텔 그랜드볼룸,2018,11,22,"SEUNG IN FOOD CO., LTD","참기름,들기름",2015,"58, Nakdongnam-ro 1013beon-gil, Gangseo-gu, Busan",http://seunginfood2.modoo.at
2018 거대 신흥시장 바이어 초청 수출상담회(업체선정완료),서울 그랜드 하얏트 호텔 그랜드볼룸,2018,11,22,GYEONG BUK CORPORATION,도소매,1994,"76-6, HYEONNAE-GIL, JILLYANG-EUP, GYEONGSAN-SI, GYEONGSANGBUK-DO, KOREA",www.gbci.co.kr
2018 거대 신흥시장 바이어 초청 수출상담회(업체선정완료),서울 그랜드 하얏트 호텔 그랜드볼룸,2018,11,22,"HOSAN CO., LTD",무역,1994,"57, Iseopdaecheon-ro 263beon-gil, Hoberop-myeon, Icheon, Gyeonggi-do",N
2018 거대 신흥시장 바이어 초청 수출상담회(업체선정완료),서울 그랜드 하얏트 호텔 그랜드볼룸,2018,11,22,"Kwangdong Pharmaceutical Co.,Ltd",의약품/화장품/임대,1963,"85, Seochojungang-ro, Seocho-gu, Seoul, Korea",www.ekdp.com
2018 거대 신흥시장 바이어 초청 수출상담회(업체선정완료),서울 그랜드 하얏트 호텔 그랜드볼룸,2018,11,22,"HANSUNG FOOD CO ., LTD","제조, 도소매, 무역",1986,"9-10, Ojeong-ro 134 Beon-gil, Ojeong-gu, Bucheon-si, Gyeonggi-do, KOREA",www.hskimchi.co.kr
2018 거대 신흥시장 바이어 초청 수출상담회(업체선정완료),서울 그랜드 하얏트 호텔 그랜드볼룸,2018,11,22,"YOUNG POONG CO.,LTD",농식품가공,1993,"64, Seongseogongdanbuk-ro, Dalseo-gu, Daegu, 42712, KOREA",http://www.ypfoods.co.kr
2018 거대 신흥시장 바이어 초청 수출상담회(업체선정완료),서울 그랜드 하얏트 호텔 그랜드볼룸,2018,11,22,"YOUNG POONG CO.,LTD",농식품가공,1993,"64, Seongseogongdanbuk-ro, Dalseo-gu, Daegu, 42712, KOREA",http://www.ypfoods.co.kr
2018 거대 신흥시장 바이어 초청 수출상담회(업체선정완료),서울 그랜드 하얏트 호텔 그랜드볼룸,2018,11,22,"GEUMSANMALL CO.,LTD.",인삼 홍삼식품 인삼제품 통신판매업,2009,"8-4, Eomnamu-gil, Geumsan-eup, Geumsan-gun, Chungcheongnam-do, korea",geumsan.co.kr
2018 거대 신흥시장 바이어 초청 수출상담회(업체선정완료),서울 그랜드 하얏트 호텔 그랜드볼룸,2018,11,22,"HANSUNG FOOD CO ., LTD","제조, 도소매, 무역",1986,"9-10, Ojeong-ro 134 Beon-gil, Ojeong-gu, Bucheon-si, Gyeonggi-do, KOREA",www.hskimchi.co.kr
2018 거대 신흥시장 바이어 초청 수출상담회(업체선정완료),서울 그랜드 하얏트 호텔 그랜드볼룸,2018,11,22,SAMYANG FOODS,"라면류, 국수류",1961,"104 OPAESAN-RO 3GIL SEOUNGBUK-GU, SEOUL",
2018 거대 신흥시장 바이어 초청 수출상담회(업체선정완료),서울 그랜드 하얏트 호텔 그랜드볼룸,2018,11,22,"Daawon Co., Ltd.",식음료 제조업,2007,"65 Injeong-1 gil,Cheongsan-myeon,Okcheon-gun,Chungcheongbuk-do,Korea",www.daawon.com
2018 거대 신흥시장 바이어 초청 수출상담회(업체선정완료),서울 그랜드 하얏트 호텔 그랜드볼룸,2018,11,22,hanulasak,식품제조가공.과실및채소,2015,,skypear.co.kr
2018 거대 신흥시장 바이어 초청 수출상담회(업체선정완료),서울 그랜드 하얏트 호텔 그랜드볼룸,2018,11,22,"HOSAN CO., LTD",무역,1994,"57, Iseopdaecheon-ro 263beon-gil, Hoberop-myeon, Icheon, Gyeonggi-do",N
2018 거대 신흥시장 바이어 초청 수출상담회(업체선정완료),서울 그랜드 하얏트 호텔 그랜드볼룸,2018,11,22,Saenam F&B,식품,2005,"#903, 28,Hwangsaeul-ro 200beon-gil,Bundang-gu, Seongnam-si",www.tacocafe.co.kr/
2018 거대 신흥시장 바이어 초청 수출상담회(업체선정완료),서울 그랜드 하얏트 호텔 그랜드볼룸,2018,11,22,"Sunyoung Food co.,ltd","과자류, 코코아가공 및 초콜렛",2013,"784, Seongnam-ro, Susin-myeon, Dongnam-gu, Cheonan-si, Chungcheongnam-do, Korea",sy-food.co.kr
2018 거대 신흥시장 바이어 초청 수출상담회(업체선정완료),서울 그랜드 하얏트 호텔 그랜드볼룸,2018,11,22,"[K11] GAMRO700 AGRICULTURE CO., LTD.",다류,2015,"1305-54, Nochusan-ro, Wangsan-myeon, Gangneung-si, Gangwon-do",www.gamro700.com
2018 거대 신흥시장 바이어 초청 수출상담회(업체선정완료),서울 그랜드 하얏트 호텔 그랜드볼룸,2018,11,22,HYE SUNG BEVERAGE CO.LTD,제조,2014,#202  MC TOWN 150 Munwha-ro Jincheonup Jincheongun Korea,www.hyesunggroup.com
2018 거대 신흥시장 바이어 초청 수출상담회(업체선정완료),서울 그랜드 하얏트 호텔 그랜드볼룸,2018,11,22,"UNI TRADING CO., LTD",무역수출수출입업,1999,"NO 115-1808, 77, CHIPYONG-RO, SEO-GU, GWANGJU-CITY, ㅏㅐㄱㄷㅁ",http://my.agrotrade.net/mini/unitrade/
2018 거대 신흥시장 바이어 초청 수출상담회(업체선정완료),서울 그랜드 하얏트 호텔 그랜드볼룸,2018,11,22,shinsagang,식품,2012,"29, Hwaseong-ro 2567 beon-gil, Maesong-myeon, Hwaseong-si, Gyeonggi-do",shinsagang.com
2018 거대 신흥시장 바이어 초청 수출상담회(업체선정완료),서울 그랜드 하얏트 호텔 그랜드볼룸,2018,11,22,"Top Fruit Co.,Ltd","수출입업,무역업",2013,"Eomgung Farmers Market , 3-3, 75 Nongsanmulsijang-ro 25 Beon-gil, Sasang-gu, Busan Korea 47032",N
2018 거대 신흥시장 바이어 초청 수출상담회(업체선정완료),서울 그랜드 하얏트 호텔 그랜드볼룸,2018,11,22,"YILIP INTERNATIONAL CO., LTD.",신선농산물무역업,2015,"Room 101, 12-1 Naesammi-ro 80beon-gil, Osan-si, Gyeonggi-do, 18114, Republic of Korea",http://www.yilip.net
2018 거대 신흥시장 바이어 초청 수출상담회(업체선정완료),서울 그랜드 하얏트 호텔 그랜드볼룸,2018,11,22,Lee's Marketing Inc.,"무역,농수산물외",2007,"508-33 Seolga-ro, Seolseoung-myeon, Icheon-si, Gyeonggi-do, Korea",www.wellplus.co.kr
2018 거대 신흥시장 바이어 초청 수출상담회(업체선정완료),서울 그랜드 하얏트 호텔 그랜드볼룸,2018,11,22,"TAEKWAN CO.,LTD.",무역업,2002,"#401,jungwoo bldg, injung-ro178, jung-gu, incheon",www.taekwan.co.kr
2018 거대 신흥시장 바이어 초청 수출상담회(업체선정완료),서울 그랜드 하얏트 호텔 그랜드볼룸,2018,11,22,"DAMO CO., LTD.","제조업, 무역업",2007,,www.damofood.net
2018 거대 신흥시장 바이어 초청 수출상담회(업체선정완료),서울 그랜드 하얏트 호텔 그랜드볼룸,2018,11,22,Marineseed Korea,수출업체,2015,"27, Bucheon-ro 136beon-gil, Bucheon-si, Gyeonggi-do",www.marineseed.com
2018 거대 신흥시장 바이어 초청 수출상담회(업체선정완료),서울 그랜드 하얏트 호텔 그랜드볼룸,2018,11,22,SAMYANG FOODS,"라면류, 국수류",1961,"104 OPAESAN-RO 3GIL SEOUNGBUK-GU, SEOUL",
2018 거대 신흥시장 바이어 초청 수출상담회(업체선정완료),서울 그랜드 하얏트 호텔 그랜드볼룸,2018,11,22,Korean Pear Export INC.,수출업체,2014,"77, Gosokcheol-daero, Baebang-eup, Asan-si, Chungcheongnam-do",www.koreapear.com
2018 거대 신흥시장 바이어 초청 수출상담회(업체선정완료),서울 그랜드 하얏트 호텔 그랜드볼룸,2018,11,22,SAMJIN GLOBALNET,"무역업, 임대",1970,"562, Samseong-ro, Gangnam-gu, Seoul, Republic of Korea",http://www.wangfood.com/
2018 거대 신흥시장 바이어 초청 수출상담회(업체선정완료),서울 그랜드 하얏트 호텔 그랜드볼룸,2018,11,22,SAMYANG FOODS,"라면류, 국수류",1961,"104 OPAESAN-RO 3GIL SEOUNGBUK-GU, SEOUL",
2018 거대 신흥시장 바이어 초청 수출상담회(업체선정완료),서울 그랜드 하얏트 호텔 그랜드볼룸,2018,11,22,"Mammmos Confectionery Co.,Ltd","생과자, 과자, 기타, 무역업",1985,"8, Dunchon-daero 526beon-gil, Jungwon-gu, Seongnam-si, Gyeonggi-do, Republic of Korea",www.mammos.co.kr
2018 거대 신흥시장 바이어 초청 수출상담회(업체선정완료),서울 그랜드 하얏트 호텔 그랜드볼룸,2018,11,22,"SSMGLOBAL CO., LTD.","무역, 유통",2016,"385, Gulmi-ro, Juksan-myeon, Anseong-si, Gyeonggi-do, Korea",www.ssmglobal.co.kr
2018 거대 신흥시장 바이어 초청 수출상담회(업체선정완료),서울 그랜드 하얏트 호텔 그랜드볼룸,2018,11,22,RAON,무역,2017,"50 Misagangbyeondong-ro, Hanam-si, Gyeonggi-do",
2018 거대 신흥시장 바이어 초청 수출상담회(업체선정완료),서울 그랜드 하얏트 호텔 그랜드볼룸,2018,11,22,OTTOGI,식품,1989,"OTTOGI CENTER, 308, YEONGDONG-DAERO, GANGNAM, SEOUL, KOREA 06177",www.ottogi.co.kr
2018 거대 신흥시장 바이어 초청 수출상담회(업체선정완료),서울 그랜드 하얏트 호텔 그랜드볼룸,2018,11,22,"OZONAID Co., Ltd",신선농산물 신선저장유통,2014,,www.ozonaid.com
2018 거대 신흥시장 바이어 초청 수출상담회(업체선정완료),서울 그랜드 하얏트 호텔 그랜드볼룸,2018,11,22,"YOUNG POONG CO.,LTD",농식품가공,1993,"64, Seongseogongdanbuk-ro, Dalseo-gu, Daegu, 42712, KOREA",http://www.ypfoods.co.kr
2018 거대 신흥시장 바이어 초청 수출상담회(업체선정완료),서울 그랜드 하얏트 호텔 그랜드볼룸,2018,11,22,OTTOGI,식품,1989,"OTTOGI CENTER, 308, YEONGDONG-DAERO, GANGNAM, SEOUL, KOREA 06177",www.ottogi.co.kr
2018 거대 신흥시장 바이어 초청 수출상담회(업체선정완료),서울 그랜드 하얏트 호텔 그랜드볼룸,2018,11,22,"DaeDoFood Co.,Ltd","과자류, 면류",2000,ChungBuk Okcheon-eup Okcheon-gun Yangsuro6-gil,www.daedofood.com
2018 거대 신흥시장 바이어 초청 수출상담회(업체선정완료),서울 그랜드 하얏트 호텔 그랜드볼룸,2018,11,22,"DAMO CO., LTD.","제조업, 무역업",2007,,www.damofood.net
2018 거대 신흥시장 바이어 초청 수출상담회(업체선정완료),서울 그랜드 하얏트 호텔 그랜드볼룸,2018,11,22,"Top Fruit Co.,Ltd","수출입업,무역업",2013,"Eomgung Farmers Market , 3-3, 75 Nongsanmulsijang-ro 25 Beon-gil, Sasang-gu, Busan Korea 47032",N
2018 거대 신흥시장 바이어 초청 수출상담회(업체선정완료),서울 그랜드 하얏트 호텔 그랜드볼룸,2018,11,22,Lee's Marketing Inc.,"무역,농수산물외",2007,"508-33 Seolga-ro, Seolseoung-myeon, Icheon-si, Gyeonggi-do, Korea",www.wellplus.co.kr
2018 거대 신흥시장 바이어 초청 수출상담회(업체선정완료),서울 그랜드 하얏트 호텔 그랜드볼룸,2018,11,22,SAMJIN GLOBALNET,"무역업, 임대",1970,"562, Samseong-ro, Gangnam-gu, Seoul, Republic of Korea",http://www.wangfood.com/
2018 거대 신흥시장 바이어 초청 수출상담회(업체선정완료),서울 그랜드 하얏트 호텔 그랜드볼룸,2018,11,22,GYEONG BUK CORPORATION,도소매,1994,"76-6, HYEONNAE-GIL, JILLYANG-EUP, GYEONGSAN-SI, GYEONGSANGBUK-DO, KOREA",www.gbci.co.kr
2018 거대 신흥시장 바이어 초청 수출상담회(업체선정완료),서울 그랜드 하얏트 호텔 그랜드볼룸,2018,11,22,Chang-Rak Farms,"도매업, 창고업, 무역업",1991,"857, changnyeongjangma-ro, changnyeong-eup, changnyeong-gun, gyeongsangnam-do, Korea",www.changrakfarms.kr
2018 거대 신흥시장 바이어 초청 수출상담회(업체선정완료),서울 그랜드 하얏트 호텔 그랜드볼룸,2018,11,22,[K08] EVERGOOD CORPORATION,"무역(농산물),농산물",2009,,N
2018 거대 신흥시장 바이어 초청 수출상담회(업체선정완료),서울 그랜드 하얏트 호텔 그랜드볼룸,2018,11,22,"OZONAID Co., Ltd",신선농산물 신선저장유통,2014,,www.ozonaid.com
2018 거대 신흥시장 바이어 초청 수출상담회(업체선정완료),서울 그랜드 하얏트 호텔 그랜드볼룸,2018,11,22,"DONGSEO NONGSAN CO, LTD",무역,2005,"Rm.807, East Bldg., 295, Gwangpyeong-ro, Gangnam-gu, Seoul, Korea",N
2018 거대 신흥시장 바이어 초청 수출상담회(업체선정완료),서울 그랜드 하얏트 호텔 그랜드볼룸,2018,11,22,"DAEDONG KOREA GINSENG CO.,LTD",홍삼제품,2002,"ChungNam GeumsanGun, GunbukMyeon, GunbukRo,",www.ddkorea.co.kr
2018 거대 신흥시장 바이어 초청 수출상담회(업체선정완료),서울 그랜드 하얏트 호텔 그랜드볼룸,2018,11,22,KEUMKANG B&F,청량음료외,1988,"106, Dusan-gil, Daesowon-myeon, Chungju-si, Chungcheongbuk-do, Republic of Korea",http://keumkangbnf.com/
2018 거대 신흥시장 바이어 초청 수출상담회(업체선정완료),서울 그랜드 하얏트 호텔 그랜드볼룸,2018,11,22,legend.K,"음식료, 농수축산물, 기타가공식품",2017,,
2018 거대 신흥시장 바이어 초청 수출상담회(업체선정완료),서울 그랜드 하얏트 호텔 그랜드볼룸,2018,11,22,"HAN & GLOBAL CO., LTD.",무역업,2016,119-1 CHOBO-RO MOHYEON-EUP CHEOIN-GU YONGIN-SI GYEONGGI-DO KOREA,N
2018 거대 신흥시장 바이어 초청 수출상담회(업체선정완료),서울 그랜드 하얏트 호텔 그랜드볼룸,2018,11,22,OKF CORPORATION,"식품,식품무역,무역(수출입업),수출대행업",1990,"54, Hakdong-ro 21-gil, Gangnam-gu, Seoul",www.okf.kr
2018 거대 신흥시장 바이어 초청 수출상담회(업체선정완료),서울 그랜드 하얏트 호텔 그랜드볼룸,2018,11,22,"JINHYUN CO.,LTD",식품원료,2011,,www.fresiweed.com
2018 거대 신흥시장 바이어 초청 수출상담회(업체선정완료),서울 그랜드 하얏트 호텔 그랜드볼룸,2018,11,22,ADDI GLOBAL Inc.,"제조, 무역",2016,"JST #908, 229, Seokjeong-ro, Michuhol-gu, Incheon",www.addiglobal.com
2018 거대 신흥시장 바이어 초청 수출상담회(업체선정완료),서울 그랜드 하얏트 호텔 그랜드볼룸,2018,11,22,"SAHM YOOK SEA FOOD CO.,LTD",구이김,2007,"38 Macham-gil, Cheongso-myeon, Boryeong-si, Chungcheongnam-do, Republic of KOREA",www.36gim.com
2018 거대 신흥시장 바이어 초청 수출상담회(업체선정완료),서울 그랜드 하얏트 호텔 그랜드볼룸,2018,11,22,"Mammmos Confectionery Co.,Ltd","생과자, 과자, 기타, 무역업",1985,"8, Dunchon-daero 526beon-gil, Jungwon-gu, Seongnam-si, Gyeonggi-do, Republic of Korea",www.mammos.co.kr
2018 거대 신흥시장 바이어 초청 수출상담회(업체선정완료),서울 그랜드 하얏트 호텔 그랜드볼룸,2018,11,22,Korean Pear Export INC.,수출업체,2014,"77, Gosokcheol-daero, Baebang-eup, Asan-si, Chungcheongnam-do",www.koreapear.com
2018 거대 신흥시장 바이어 초청 수출상담회(업체선정완료),서울 그랜드 하얏트 호텔 그랜드볼룸,2018,11,22,"Jinsan Beverage Co.,Ltd.",음료 제조업,2016,"13, Namjo-ro 3rd road, Jocheon-eup, Jeju, Korea",www.jinsanfnb.com
2018 거대 신흥시장 바이어 초청 수출상담회(업체선정완료),서울 그랜드 하얏트 호텔 그랜드볼룸,2018,11,22,KEUMKANG B&F,청량음료외,1988,"106, Dusan-gil, Daesowon-myeon, Chungju-si, Chungcheongbuk-do, Republic of Korea",http://keumkangbnf.com/
2018 거대 신흥시장 바이어 초청 수출상담회(업체선정완료),서울 그랜드 하얏트 호텔 그랜드볼룸,2018,11,22,"HOSAN CO., LTD",무역,1994,"57, Iseopdaecheon-ro 263beon-gil, Hoberop-myeon, Icheon, Gyeonggi-do",N
2018 거대 신흥시장 바이어 초청 수출상담회(업체선정완료),서울 그랜드 하얏트 호텔 그랜드볼룸,2018,11,22,"HANSUNG FOOD CO ., LTD","제조, 도소매, 무역",1986,"9-10, Ojeong-ro 134 Beon-gil, Ojeong-gu, Bucheon-si, Gyeonggi-do, KOREA",www.hskimchi.co.kr
2018 거대 신흥시장 바이어 초청 수출상담회(업체선정완료),서울 그랜드 하얏트 호텔 그랜드볼룸,2018,11,22,SAMYANG FOODS,"라면류, 국수류",1961,"104 OPAESAN-RO 3GIL SEOUNGBUK-GU, SEOUL",
2018 거대 신흥시장 바이어 초청 수출상담회(업체선정완료),서울 그랜드 하얏트 호텔 그랜드볼룸,2018,11,22,"Jeion Co., Ltd.",유아식품,2013,"303, Cheonjam-ro, Wansan-gu, Jeollabuk-do, 55069, S.Korea",www.jeion.com
2018 거대 신흥시장 바이어 초청 수출상담회(업체선정완료),서울 그랜드 하얏트 호텔 그랜드볼룸,2018,11,22,"SAMHAE COMMERCIAL CO., LTD.","제조업, 도소매, 수출",1968,"25, Beobwon-ro 11-gil, Songpa-gu, Seoul",www.samhae.com
2018 거대 신흥시장 바이어 초청 수출상담회(업체선정완료),서울 그랜드 하얏트 호텔 그랜드볼룸,2018,11,22,"DAECHUN LAVER CO., LTD.","수산물 (조미김, 김밥김, 스낵김)",2013,"425-21, Daehae-ro, Boryeong-si, Chungcheongnam-do, KOREA <33491>",http://www.9329292.co.kr/
2018 거대 신흥시장 바이어 초청 수출상담회(업체선정완료),서울 그랜드 하얏트 호텔 그랜드볼룸,2018,11,22,HUMANWELL,식품제조가공,2000,"NO.130, Noi-gil, Nongong-eup, Dalseong-gun, Daegu",www.humanwell.co.kr
2018 거대 신흥시장 바이어 초청 수출상담회(업체선정완료),서울 그랜드 하얏트 호텔 그랜드볼룸,2018,11,22,"GYODONG FOOD CO.,LTD.","식품,축산물 가공업",1998,"181, Jiyong-ro, Okcheon-eup, Okcheon-gun, Chungcheongbuk-do, Korea",www.howchon.com
2018 거대 신흥시장 바이어 초청 수출상담회(업체선정완료),서울 그랜드 하얏트 호텔 그랜드볼룸,2018,11,22,"HANSUNG FOOD CO ., LTD","제조, 도소매, 무역",1986,"9-10, Ojeong-ro 134 Beon-gil, Ojeong-gu, Bucheon-si, Gyeonggi-do, KOREA",www.hskimchi.co.kr
2018 거대 신흥시장 바이어 초청 수출상담회(업체선정완료),서울 그랜드 하얏트 호텔 그랜드볼룸,2018,11,22,sandolfood,"전분, 사료, 면류",2004,,http://www.sandolfood.co.kr
2018 거대 신흥시장 바이어 초청 수출상담회(업체선정완료),서울 그랜드 하얏트 호텔 그랜드볼룸,2018,11,22,"SEUNG IN FOOD CO., LTD","참기름,들기름",2015,"58, Nakdongnam-ro 1013beon-gil, Gangseo-gu, Busan",http://seunginfood2.modoo.at
2018 거대 신흥시장 바이어 초청 수출상담회(업체선정완료),서울 그랜드 하얏트 호텔 그랜드볼룸,2018,11,22,Charmfre,축산물가공,2012,"32-29, Ogyeo-gil, Haengan-myeon, Buan-gun, Jeollabuk-do, Korea",www.charmfre.co.kr
2018 거대 신흥시장 바이어 초청 수출상담회(업체선정완료),서울 그랜드 하얏트 호텔 그랜드볼룸,2018,11,22,"DAECHUN LAVER CO., LTD.","수산물 (조미김, 김밥김, 스낵김)",2013,"425-21, Daehae-ro, Boryeong-si, Chungcheongnam-do, KOREA <33491>",http://www.9329292.co.kr/
2018 거대 신흥시장 바이어 초청 수출상담회(업체선정완료),서울 그랜드 하얏트 호텔 그랜드볼룸,2018,11,22,"Chungwoo Food Corp.,Inc.",제조업,2004,,www.chungwoofood.co.kr
2018 거대 신흥시장 바이어 초청 수출상담회(업체선정완료),서울 그랜드 하얏트 호텔 그랜드볼룸,2018,11,22,HANMIRAE FOOD,"도소매,제조업,무역",2013,"No, 9-61, Yeongdong-gil,Hamchang-eup, Sangju city, Gyeongsangbuk-do, Korea",http://hanmirae.kr
2018 거대 신흥시장 바이어 초청 수출상담회(업체선정완료),서울 그랜드 하얏트 호텔 그랜드볼룸,2018,11,22,"Badaone Co., Ltd.","건어물, 건어물 가공, 무역업",1995,,www.badaone.co.kr
2018 거대 신흥시장 바이어 초청 수출상담회(업체선정완료),서울 그랜드 하얏트 호텔 그랜드볼룸,2018,11,22,HAEJEO FOODS,제조,2009,"499-25, Chungseo-ro, Gwangcheon-eup, Hongseong-gun, Chungcheongnam-do",www.hjgim.co.kr
2018 거대 신흥시장 바이어 초청 수출상담회(업체선정완료),서울 그랜드 하얏트 호텔 그랜드볼룸,2018,11,22,"GEUMSANMALL CO.,LTD.",인삼 홍삼식품 인삼제품 통신판매업,2009,"8-4, Eomnamu-gil, Geumsan-eup, Geumsan-gun, Chungcheongnam-do, korea",geumsan.co.kr
2018 거대 신흥시장 바이어 초청 수출상담회(업체선정완료),서울 그랜드 하얏트 호텔 그랜드볼룸,2018,11,22,"DAMO CO., LTD.","제조업, 무역업",2007,,www.damofood.net
2018 거대 신흥시장 바이어 초청 수출상담회(업체선정완료),서울 그랜드 하얏트 호텔 그랜드볼룸,2018,11,22,shinsagang,식품,2012,"29, Hwaseong-ro 2567 beon-gil, Maesong-myeon, Hwaseong-si, Gyeonggi-do",shinsagang.com
2018 거대 신흥시장 바이어 초청 수출상담회(업체선정완료),서울 그랜드 하얏트 호텔 그랜드볼룸,2018,11,22,"Health Balance Co., Ltd.","건강기능성식품, 영유아 간부식, 이유식",2006,"Suite 2104, 21Fl., Trade Tower, Samseong-Dong, Gangnam-Gu, Seoul",https://mall.hbalance.co.kr/     http://www.alvins.co.kr/
2018 거대 신흥시장 바이어 초청 수출상담회(업체선정완료),서울 그랜드 하얏트 호텔 그랜드볼룸,2018,11,22,"JINHYUN CO.,LTD",식품원료,2011,,www.fresiweed.com
2018 거대 신흥시장 바이어 초청 수출상담회(업체선정완료),서울 그랜드 하얏트 호텔 그랜드볼룸,2018,11,22,"BOKUMJARI CO.,LTD.",제조업,1996,"901 ACE TOWER, 361 SIMIN-DAERO, DONGAN-GU, ANYANG-SI, GYEONGGI-DO",www.bokumjari.co.kr
2018 거대 신흥시장 바이어 초청 수출상담회(업체선정완료),서울 그랜드 하얏트 호텔 그랜드볼룸,2018,11,22,"HOSAN CO., LTD",무역,1994,"57, Iseopdaecheon-ro 263beon-gil, Hoberop-myeon, Icheon, Gyeonggi-do",N
2018 거대 신흥시장 바이어 초청 수출상담회(업체선정완료),서울 그랜드 하얏트 호텔 그랜드볼룸,2018,11,22,"World Food Services Co.,Ltd.",무역업,2015,"Rm 301 Innermass Bldg, 354-28 Dongtanwoncheon-ro, Hwaseong-si, Gyeonggi-do, 18423, South Korea",www.worldfoodsvc.com
2018 거대 신흥시장 바이어 초청 수출상담회(업체선정완료),서울 그랜드 하얏트 호텔 그랜드볼룸,2018,11,22,PCC Corporation,작물재배업. 제조업,2016,"61-61, Surijae-gil, Mitan-myeon, Pyeongchang-gun, Gangwon-do",
2018 거대 신흥시장 바이어 초청 수출상담회(업체선정완료),서울 그랜드 하얏트 호텔 그랜드볼룸,2018,11,22,"Mammmos Confectionery Co.,Ltd","생과자, 과자, 기타, 무역업",1985,"8, Dunchon-daero 526beon-gil, Jungwon-gu, Seongnam-si, Gyeonggi-do, Republic of Korea",www.mammos.co.kr
2018 거대 신흥시장 바이어 초청 수출상담회(업체선정완료),서울 그랜드 하얏트 호텔 그랜드볼룸,2018,11,22,"GYODONG FOOD CO.,LTD.","식품,축산물 가공업",1998,"181, Jiyong-ro, Okcheon-eup, Okcheon-gun, Chungcheongbuk-do, Korea",www.howchon.com
2018 거대 신흥시장 바이어 초청 수출상담회(업체선정완료),서울 그랜드 하얏트 호텔 그랜드볼룸,2018,11,22,"Thebab CO., LTD.",조미료 및 식품첨가물,2012,"#404 R&DB Center of Kyungil University, 50 Gamasil-gil, Hayang-eup, Kyeongsan city, Kyeongbuk South Korea",www.thebab.kr
2018 거대 신흥시장 바이어 초청 수출상담회(업체선정완료),서울 그랜드 하얏트 호텔 그랜드볼룸,2018,11,22,SAMJIN GLOBALNET,"무역업, 임대",1970,"562, Samseong-ro, Gangnam-gu, Seoul, Republic of Korea",http://www.wangfood.com/
2018 거대 신흥시장 바이어 초청 수출상담회(업체선정완료),서울 그랜드 하얏트 호텔 그랜드볼룸,2018,11,22,SEMPIO FOODS COMPANY,식품,1946,2 chungmuro jung gu seoul korea,www.sempio.com
2018 거대 신흥시장 바이어 초청 수출상담회(업체선정완료),서울 그랜드 하얏트 호텔 그랜드볼룸,2018,11,22,YONSEI UNIVERSITY DAIRY,"낙농품,두유 등",1962,"829, YEUMBONG-RO, YEUMBONG-MYUN, ASAN-SI, CHUNGCHEONGNAM-DO, KOREA.",http://www.yonseidairy.com/milk/
2018 거대 신흥시장 바이어 초청 수출상담회(업체선정완료),서울 그랜드 하얏트 호텔 그랜드볼룸,2018,11,22,legend.K,"음식료, 농수축산물, 기타가공식품",2017,,
2018 거대 신흥시장 바이어 초청 수출상담회(업체선정완료),서울 그랜드 하얏트 호텔 그랜드볼룸,2018,11,22,"OURHOME CO., LTD.","집단급식, 경양식, 육가공, 쌀가공, 조미가공, HMR 제조업",2000,"382, Gangnam-daero, Gangnam-gu, Seoul",http://www.ourhome.co.kr
2018 거대 신흥시장 바이어 초청 수출상담회(업체선정완료),서울 그랜드 하얏트 호텔 그랜드볼룸,2018,11,22,"HEE CHANG DAIRY AND FOOD INDUSTRY CO, LTD","식품제조, 가공",1969,"114, Singi-ro, Yangsan-si, Gyeongnam, Republic Of Korea",www.heechang.com
2018 거대 신흥시장 바이어 초청 수출상담회(업체선정완료),서울 그랜드 하얏트 호텔 그랜드볼룸,2018,11,22,YONSEI UNIVERSITY DAIRY,"낙농품,두유 등",1962,"829, YEUMBONG-RO, YEUMBONG-MYUN, ASAN-SI, CHUNGCHEONGNAM-DO, KOREA.",http://www.yonseidairy.com/milk/
2018 거대 신흥시장 바이어 초청 수출상담회(업체선정완료),서울 그랜드 하얏트 호텔 그랜드볼룸,2018,11,22,"GMF CO., LTD.","음식료품,수출입업",2006,,www.gmfkorea.com
2018 거대 신흥시장 바이어 초청 수출상담회(업체선정완료),서울 그랜드 하얏트 호텔 그랜드볼룸,2018,11,22,Lee's Marketing Inc.,"무역,농수산물외",2007,"508-33 Seolga-ro, Seolseoung-myeon, Icheon-si, Gyeonggi-do, Korea",www.wellplus.co.kr
2018 거대 신흥시장 바이어 초청 수출상담회(업체선정완료),서울 그랜드 하얏트 호텔 그랜드볼룸,2018,11,22,"Jeion Co., Ltd.",유아식품,2013,"303, Cheonjam-ro, Wansan-gu, Jeollabuk-do, 55069, S.Korea",www.jeion.com
2018 거대 신흥시장 바이어 초청 수출상담회(업체선정완료),서울 그랜드 하얏트 호텔 그랜드볼룸,2018,11,22,"DONGSEO NONGSAN CO, LTD",무역,2005,"Rm.807, East Bldg., 295, Gwangpyeong-ro, Gangnam-gu, Seoul, Korea",N
2018 거대 신흥시장 바이어 초청 수출상담회(업체선정완료),서울 그랜드 하얏트 호텔 그랜드볼룸,2018,11,22,"MONGGO FOODS CO., LTD.",장류 및 기타식품 등,1905,"18, Paryong-ro 371beon-gil, Uichang-gu, Changwon-si, Gyeongsangnam-do",www.monggofood.co.kr
2018 거대 신흥시장 바이어 초청 수출상담회(업체선정완료),서울 그랜드 하얏트 호텔 그랜드볼룸,2018,11,22,"DK FOODS CO., LTD.",무역,1997,,www.dkfoods.co.kr
2018 거대 신흥시장 바이어 초청 수출상담회(업체선정완료),서울 그랜드 하얏트 호텔 그랜드볼룸,2018,11,22,SEMPIO FOODS COMPANY,식품,1946,2 chungmuro jung gu seoul korea,www.sempio.com
2018 거대 신흥시장 바이어 초청 수출상담회(업체선정완료),서울 그랜드 하얏트 호텔 그랜드볼룸,2018,11,22,NATURE FARM Agriculture Corp.,농산물 제조 및 유통판매,2010,"257-18 Haksantopyeong-gil, Hwayang, Cheongdo, Gyeongbuk, KOREA",www.nfdry.com
2018 거대 신흥시장 바이어 초청 수출상담회(업체선정완료),서울 그랜드 하얏트 호텔 그랜드볼룸,2018,11,22,YBMcmc,수출입 (농수산물),2014,"#B1-10, 38, Beopjo-ro, Yeongtong-gu, Suwon-si, Gyeonggi-do",http://ybmcmckorea.itrocks.kr/
2018 거대 신흥시장 바이어 초청 수출상담회(업체선정완료),서울 그랜드 하얏트 호텔 그랜드볼룸,2018,11,22,"YOUNG POONG CO.,LTD",농식품가공,1993,"64, Seongseogongdanbuk-ro, Dalseo-gu, Daegu, 42712, KOREA",http://www.ypfoods.co.kr
2018 거대 신흥시장 바이어 초청 수출상담회(업체선정완료),서울 그랜드 하얏트 호텔 그랜드볼룸,2018,11,22,SEMPIO FOODS COMPANY,식품,1946,2 chungmuro jung gu seoul korea,www.sempio.com
2018 거대 신흥시장 바이어 초청 수출상담회(업체선정완료),서울 그랜드 하얏트 호텔 그랜드볼룸,2018,11,22,OKF CORPORATION,"식품,식품무역,무역(수출입업),수출대행업",1990,"54, Hakdong-ro 21-gil, Gangnam-gu, Seoul",www.okf.kr
2018 거대 신흥시장 바이어 초청 수출상담회(업체선정완료),서울 그랜드 하얏트 호텔 그랜드볼룸,2018,11,22,The Marketing Firms in Common of the Primary Cooperatives Nonsan City,농축산물,2013,"34, Chengdong-ro, Yensan-myun, Nonsan-si, Chungchengnam-do, Republic of Korea",
2018 거대 신흥시장 바이어 초청 수출상담회(업체선정완료),서울 그랜드 하얏트 호텔 그랜드볼룸,2018,11,22,Pocheon eco-friendly mountain farming association corporation,"농산물, 제조업",2014,"62-11, Kkotbaesan 3-gil, Gunnae-myeon, Pocheon-si, Gyeonggi-do, Republic of Korea",www.sanchaeum/com
2018 거대 신흥시장 바이어 초청 수출상담회(업체선정완료),서울 그랜드 하얏트 호텔 그랜드볼룸,2018,11,22,"CHUNGHAE S&D CO.,LTD","농수산물제조, 수출입, 도소매, 임가공",2002,"7, Cheonggangol-gil, Toseong-myeon, Goseong-gun, Gangwon-do, Republic of Korea",www.seaweedlove.kr
2018 거대 신흥시장 바이어 초청 수출상담회(업체선정완료),서울 그랜드 하얏트 호텔 그랜드볼룸,2018,11,22,HUMANWELL,식품제조가공,2000,"NO.130, Noi-gil, Nongong-eup, Dalseong-gun, Daegu",www.humanwell.co.kr
2018 거대 신흥시장 바이어 초청 수출상담회(업체선정완료),서울 그랜드 하얏트 호텔 그랜드볼룸,2018,11,22,SAMJIN GLOBALNET,"무역업, 임대",1970,"562, Samseong-ro, Gangnam-gu, Seoul, Republic of Korea",http://www.wangfood.com/
2018 거대 신흥시장 바이어 초청 수출상담회(업체선정완료),서울 그랜드 하얏트 호텔 그랜드볼룸,2018,11,22,"DAEDOO FOODS CO., LTD.",제조,1983,"23, SANGJANGGONWIT-GIL, SEOSU-MYEON, GUNSAN-CITY, JEONRABUGDO, KOREA",www.idaedoo.co.kr
2018 거대 신흥시장 바이어 초청 수출상담회(업체선정완료),서울 그랜드 하얏트 호텔 그랜드볼룸,2018,11,22,"worldfood.co.,Ltd","스낵류, 과자",1986,,www.murgerbon.com
2018 거대 신흥시장 바이어 초청 수출상담회(업체선정완료),서울 그랜드 하얏트 호텔 그랜드볼룸,2018,11,22,"Living Life Co., Ltd.","곡물제분,무역",1993,"275-43, Sinman-ro, Gonjiam-eup, Gwangju-si, Gyunggi-do, Korea",www.elivinglife.co.kr
2018 거대 신흥시장 바이어 초청 수출상담회(업체선정완료),서울 그랜드 하얏트 호텔 그랜드볼룸,2018,11,22,OKF CORPORATION,"식품,식품무역,무역(수출입업),수출대행업",1990,"54, Hakdong-ro 21-gil, Gangnam-gu, Seoul",www.okf.kr
2018 거대 신흥시장 바이어 초청 수출상담회(업체선정완료),서울 그랜드 하얏트 호텔 그랜드볼룸,2018,11,22,"SAMHAE COMMERCIAL CO., LTD.","제조업, 도소매, 수출",1968,"25, Beobwon-ro 11-gil, Songpa-gu, Seoul",www.samhae.com
2018 거대 신흥시장 바이어 초청 수출상담회(업체선정완료),서울 그랜드 하얏트 호텔 그랜드볼룸,2018,11,22,"MONGGO FOODS CO., LTD.",장류 및 기타식품 등,1905,"18, Paryong-ro 371beon-gil, Uichang-gu, Changwon-si, Gyeongsangnam-do",www.monggofood.co.kr
2018 거대 신흥시장 바이어 초청 수출상담회(업체선정완료),서울 그랜드 하얏트 호텔 그랜드볼룸,2018,11,22,RAON,무역,2017,"50 Misagangbyeondong-ro, Hanam-si, Gyeonggi-do",
2018 거대 신흥시장 바이어 초청 수출상담회(업체선정완료),서울 그랜드 하얏트 호텔 그랜드볼룸,2018,11,22,ORIENTAL F&B,식품 무역,2011,"11, Beobwon-ro 11-gil, Songpa-gu, Seoul",www.orientalfnb.com
2018 거대 신흥시장 바이어 초청 수출상담회(업체선정완료),서울 그랜드 하얏트 호텔 그랜드볼룸,2018,11,22,"World Food Services Co.,Ltd.",무역업,2015,"Rm 301 Innermass Bldg, 354-28 Dongtanwoncheon-ro, Hwaseong-si, Gyeonggi-do, 18423, South Korea",www.worldfoodsvc.com
2018 거대 신흥시장 바이어 초청 수출상담회(업체선정완료),서울 그랜드 하얏트 호텔 그랜드볼룸,2018,11,22,"HOSAN CO., LTD",무역,1994,"57, Iseopdaecheon-ro 263beon-gil, Hoberop-myeon, Icheon, Gyeonggi-do",N
2018 거대 신흥시장 바이어 초청 수출상담회(업체선정완료),서울 그랜드 하얏트 호텔 그랜드볼룸,2018,11,22,"HANSUNG FOOD CO ., LTD","제조, 도소매, 무역",1986,"9-10, Ojeong-ro 134 Beon-gil, Ojeong-gu, Bucheon-si, Gyeonggi-do, KOREA",www.hskimchi.co.kr
2018 거대 신흥시장 바이어 초청 수출상담회(업체선정완료),서울 그랜드 하얏트 호텔 그랜드볼룸,2018,11,22,YBMcmc,수출입 (농수산물),2014,"#B1-10, 38, Beopjo-ro, Yeongtong-gu, Suwon-si, Gyeonggi-do",http://ybmcmckorea.itrocks.kr/
2018 거대 신흥시장 바이어 초청 수출상담회(업체선정완료),서울 그랜드 하얏트 호텔 그랜드볼룸,2018,11,22,Marineseed Korea,수출업체,2015,"27, Bucheon-ro 136beon-gil, Bucheon-si, Gyeonggi-do",www.marineseed.com
2018 거대 신흥시장 바이어 초청 수출상담회(업체선정완료),서울 그랜드 하얏트 호텔 그랜드볼룸,2018,11,22,RAON,무역,2017,"50 Misagangbyeondong-ro, Hanam-si, Gyeonggi-do",
2018 거대 신흥시장 바이어 초청 수출상담회(업체선정완료),서울 그랜드 하얏트 호텔 그랜드볼룸,2018,11,22,HYE SUNG BEVERAGE CO.LTD,제조,2014,#202  MC TOWN 150 Munwha-ro Jincheonup Jincheongun Korea,www.hyesunggroup.com
2018 거대 신흥시장 바이어 초청 수출상담회(업체선정완료),서울 그랜드 하얏트 호텔 그랜드볼룸,2018,11,22,Woomtree Corporation,"식품가공,장류",1978,"1206, JEONYEONGRO, CHANGSU MYEON, POCHEON CITY, GYEONGGIDO",www.woomtree.co.kr
2018 거대 신흥시장 바이어 초청 수출상담회(업체선정완료),서울 그랜드 하얏트 호텔 그랜드볼룸,2018,11,22,nonggafood,즉석조리식품제조,2014,112 musimseoro 1099beongil heungdeokgu cheongjusi  chungcheongbukdo republic of korea,http://nonggafood.itrocks.kr/
2018 거대 신흥시장 바이어 초청 수출상담회(업체선정완료),서울 그랜드 하얏트 호텔 그랜드볼룸,2018,11,22,"HANSUNG FOOD CO ., LTD","제조, 도소매, 무역",1986,"9-10, Ojeong-ro 134 Beon-gil, Ojeong-gu, Bucheon-si, Gyeonggi-do, KOREA",www.hskimchi.co.kr
2018 거대 신흥시장 바이어 초청 수출상담회(업체선정완료),서울 그랜드 하얏트 호텔 그랜드볼룸,2018,11,22,"MIWAMI CO., LTD",다류 수출업 무역,2009,"840-1 Noam-dong, Namwon-si, Jeollabuk-do, Korea",www.miwami.com
2018 거대 신흥시장 바이어 초청 수출상담회(업체선정완료),서울 그랜드 하얏트 호텔 그랜드볼룸,2018,11,22,"JNS GLOBAL CO., LTD.",무역업,2016,"Rm1304, 141, Seowon-ro, Wansan-gu, Jeonju, Jeonbuk, Korea",www.jnsglobalkorea.com
2018 거대 신흥시장 바이어 초청 수출상담회(업체선정완료),서울 그랜드 하얏트 호텔 그랜드볼룸,2018,11,22,"GEUMSANMALL CO.,LTD.",인삼 홍삼식품 인삼제품 통신판매업,2009,"8-4, Eomnamu-gil, Geumsan-eup, Geumsan-gun, Chungcheongnam-do, korea",geumsan.co.kr
2018 거대 신흥시장 바이어 초청 수출상담회(업체선정완료),서울 그랜드 하얏트 호텔 그랜드볼룸,2018,11,22,Ecopanax Co.Ltd.,홍삼한방제품,2013,"38, Hongsamhanbang-ro, Jinan-eup, Jinan-gun, Jeollabuk-do, Republic of Korea",www.ecopanax.com
2018 거대 신흥시장 바이어 초청 수출상담회(업체선정완료),서울 그랜드 하얏트 호텔 그랜드볼룸,2018,11,22,"Kwangdong Pharmaceutical Co.,Ltd",의약품/화장품/임대,1963,"85, Seochojungang-ro, Seocho-gu, Seoul, Korea",www.ekdp.com
2018 거대 신흥시장 바이어 초청 수출상담회(업체선정완료),서울 그랜드 하얏트 호텔 그랜드볼룸,2018,11,22,HAEJEO FOODS,제조,2009,"499-25, Chungseo-ro, Gwangcheon-eup, Hongseong-gun, Chungcheongnam-do",www.hjgim.co.kr
2018 거대 신흥시장 바이어 초청 수출상담회(업체선정완료),서울 그랜드 하얏트 호텔 그랜드볼룸,2018,11,22,Lee's Marketing Inc.,"무역,농수산물외",2007,"508-33 Seolga-ro, Seolseoung-myeon, Icheon-si, Gyeonggi-do, Korea",www.wellplus.co.kr
2018 거대 신흥시장 바이어 초청 수출상담회(업체선정완료),서울 그랜드 하얏트 호텔 그랜드볼룸,2018,11,22,hanulasak,식품제조가공.과실및채소,2015,,skypear.co.kr
2018 거대 신흥시장 바이어 초청 수출상담회(업체선정완료),서울 그랜드 하얏트 호텔 그랜드볼룸,2018,11,22,"OURHOME CO., LTD.","집단급식, 경양식, 육가공, 쌀가공, 조미가공, HMR 제조업",2000,"382, Gangnam-daero, Gangnam-gu, Seoul",http://www.ourhome.co.kr
2018 거대 신흥시장 바이어 초청 수출상담회(업체선정완료),서울 그랜드 하얏트 호텔 그랜드볼룸,2018,11,22,"DAEDOO FOODS CO., LTD.",제조,1983,"23, SANGJANGGONWIT-GIL, SEOSU-MYEON, GUNSAN-CITY, JEONRABUGDO, KOREA",www.idaedoo.co.kr
2018 거대 신흥시장 바이어 초청 수출상담회(업체선정완료),서울 그랜드 하얏트 호텔 그랜드볼룸,2018,11,22,"OURHOME CO., LTD.","집단급식, 경양식, 육가공, 쌀가공, 조미가공, HMR 제조업",2000,"382, Gangnam-daero, Gangnam-gu, Seoul",http://www.ourhome.co.kr
2018 거대 신흥시장 바이어 초청 수출상담회(업체선정완료),서울 그랜드 하얏트 호텔 그랜드볼룸,2018,11,22,SAMYANG FOODS,"라면류, 국수류",1961,"104 OPAESAN-RO 3GIL SEOUNGBUK-GU, SEOUL",
2018 거대 신흥시장 바이어 초청 수출상담회(업체선정완료),서울 그랜드 하얏트 호텔 그랜드볼룸,2018,11,22,"SAHM YOOK SEA FOOD CO.,LTD",구이김,2007,"38 Macham-gil, Cheongso-myeon, Boryeong-si, Chungcheongnam-do, Republic of KOREA",www.36gim.com
2018 거대 신흥시장 바이어 초청 수출상담회(업체선정완료),서울 그랜드 하얏트 호텔 그랜드볼룸,2018,11,22,"YOUNG POONG CO.,LTD",농식품가공,1993,"64, Seongseogongdanbuk-ro, Dalseo-gu, Daegu, 42712, KOREA",http://www.ypfoods.co.kr
2018 거대 신흥시장 바이어 초청 수출상담회(업체선정완료),서울 그랜드 하얏트 호텔 그랜드볼룸,2018,11,22,"foodistry co.,ltd",도소매,2017,"65, Dudulgi-gil, Chowol-eup, Gwangju-si, Gyeonggi-do",www.wellygo.co.kr
2018 거대 신흥시장 바이어 초청 수출상담회(업체선정완료),서울 그랜드 하얏트 호텔 그랜드볼룸,2018,11,22,Woomtree Corporation,"식품가공,장류",1978,"1206, JEONYEONGRO, CHANGSU MYEON, POCHEON CITY, GYEONGGIDO",www.woomtree.co.kr
2018 거대 신흥시장 바이어 초청 수출상담회(업체선정완료),서울 그랜드 하얏트 호텔 그랜드볼룸,2018,11,22,"MONGGO FOODS CO., LTD.",장류 및 기타식품 등,1905,"18, Paryong-ro 371beon-gil, Uichang-gu, Changwon-si, Gyeongsangnam-do",www.monggofood.co.kr
2018 거대 신흥시장 바이어 초청 수출상담회(업체선정완료),서울 그랜드 하얏트 호텔 그랜드볼룸,2018,11,22,"MORE CO., LTD.",식품 가공,2006,"113,DODONGGUYEOK-GIL,YEONGCHEON-SI,GYEONGSANGBUK-DO,KOREA",morecorp.co.kr
2018 거대 신흥시장 바이어 초청 수출상담회(업체선정완료),서울 그랜드 하얏트 호텔 그랜드볼룸,2018,11,22,ORIENTAL F&B,식품 무역,2011,"11, Beobwon-ro 11-gil, Songpa-gu, Seoul",www.orientalfnb.com
2018 거대 신흥시장 바이어 초청 수출상담회(업체선정완료),서울 그랜드 하얏트 호텔 그랜드볼룸,2018,11,22,"gs-tk co.,kr","제조,도소매",2011,"(#406,DongJin Bilding, Haengsin-dong)11, Chungjang-ro, Deogyang-gu, Goyang-si, Gyeonggi-do, Korea",gstk.co.kr
2018 거대 신흥시장 바이어 초청 수출상담회(업체선정완료),서울 그랜드 하얏트 호텔 그랜드볼룸,2018,11,22,HYE SUNG BEVERAGE CO.LTD,제조,2014,#202  MC TOWN 150 Munwha-ro Jincheonup Jincheongun Korea,www.hyesunggroup.com
2018 거대 신흥시장 바이어 초청 수출상담회(업체선정완료),서울 그랜드 하얏트 호텔 그랜드볼룸,2018,11,22,"Daawon Co., Ltd.",식음료 제조업,2007,"65 Injeong-1 gil,Cheongsan-myeon,Okcheon-gun,Chungcheongbuk-do,Korea",www.daawon.com
2018 거대 신흥시장 바이어 초청 수출상담회(업체선정완료),서울 그랜드 하얏트 호텔 그랜드볼룸,2018,11,22,KEUMKANG B&F,청량음료외,1988,"106, Dusan-gil, Daesowon-myeon, Chungju-si, Chungcheongbuk-do, Republic of Korea",http://keumkangbnf.com/
2018 거대 신흥시장 바이어 초청 수출상담회(업체선정완료),서울 그랜드 하얏트 호텔 그랜드볼룸,2018,11,22,"DK FOODS CO., LTD.",무역,1997,,www.dkfoods.co.kr
2018 거대 신흥시장 바이어 초청 수출상담회(업체선정완료),서울 그랜드 하얏트 호텔 그랜드볼룸,2018,11,22,Aloe Farm Agriculture Association,제조업,2007,"282, Eumnae-ro, Geoje-myeon, Geoje-si, Gyeongsangnam-do",www.aloefarm.co.kr
2018 거대 신흥시장 바이어 초청 수출상담회(업체선정완료),서울 그랜드 하얏트 호텔 그랜드볼룸,2018,11,22,YONSEI UNIVERSITY DAIRY,"낙농품,두유 등",1962,"829, YEUMBONG-RO, YEUMBONG-MYUN, ASAN-SI, CHUNGCHEONGNAM-DO, KOREA.",http://www.yonseidairy.com/milk/
2018 거대 신흥시장 바이어 초청 수출상담회(업체선정완료),서울 그랜드 하얏트 호텔 그랜드볼룸,2018,11,22,HANMIRAE FOOD,"도소매,제조업,무역",2013,"No, 9-61, Yeongdong-gil,Hamchang-eup, Sangju city, Gyeongsangbuk-do, Korea",http://hanmirae.kr
2018 거대 신흥시장 바이어 초청 수출상담회(업체선정완료),서울 그랜드 하얏트 호텔 그랜드볼룸,2018,11,22,"DAECHUN LAVER CO., LTD.","수산물 (조미김, 김밥김, 스낵김)",2013,"425-21, Daehae-ro, Boryeong-si, Chungcheongnam-do, KOREA <33491>",http://www.9329292.co.kr/
2018 거대 신흥시장 바이어 초청 수출상담회(업체선정완료),서울 그랜드 하얏트 호텔 그랜드볼룸,2018,11,22,"JNS GLOBAL CO., LTD.",무역업,2016,"Rm1304, 141, Seowon-ro, Wansan-gu, Jeonju, Jeonbuk, Korea",www.jnsglobalkorea.com
2018 거대 신흥시장 바이어 초청 수출상담회(업체선정완료),서울 그랜드 하얏트 호텔 그랜드볼룸,2018,11,22,"YILIP INTERNATIONAL CO., LTD.",신선농산물무역업,2015,"Room 101, 12-1 Naesammi-ro 80beon-gil, Osan-si, Gyeonggi-do, 18114, Republic of Korea",http://www.yilip.net
2018 거대 신흥시장 바이어 초청 수출상담회(업체선정완료),서울 그랜드 하얏트 호텔 그랜드볼룸,2018,11,22,The Marketing Firms in Common of the Primary Cooperatives Nonsan City,농축산물,2013,"34, Chengdong-ro, Yensan-myun, Nonsan-si, Chungchengnam-do, Republic of Korea",
2018 거대 신흥시장 바이어 초청 수출상담회(업체선정완료),서울 그랜드 하얏트 호텔 그랜드볼룸,2018,11,22,Sang Ju wonyae agricultural cooperative,"과일,채소도매업.일반자재",1988,"37240 1149,Yeongnamjeil-ro,Sangju-si,Gyeongsangbuk-do,Korea",sangjuwonhyup.nonghyup.com
2018 거대 신흥시장 바이어 초청 수출상담회(업체선정완료),서울 그랜드 하얏트 호텔 그랜드볼룸,2018,11,22,"Green Co., Ltd.","무역업, 버섯가공식품, 제조업",2002,"95, Haksan 1-gil, Iseo-myeon, Cheongdo-gun, Gyeongsangbuk-do",www.greenco.kr
2018 거대 신흥시장 바이어 초청 수출상담회(업체선정완료),서울 그랜드 하얏트 호텔 그랜드볼룸,2018,11,22,"MONGGO FOODS CO., LTD.",장류 및 기타식품 등,1905,"18, Paryong-ro 371beon-gil, Uichang-gu, Changwon-si, Gyeongsangnam-do",www.monggofood.co.kr
2018 거대 신흥시장 바이어 초청 수출상담회(업체선정완료),서울 그랜드 하얏트 호텔 그랜드볼룸,2018,11,22,"Nokchawon Co., Ltd.","무역, 다류식품",1992,"84, Seocho-daero 4-gil, Seocho-gu, Seoul",www.nokchawon.co.kr
2018 거대 신흥시장 바이어 초청 수출상담회(업체선정완료),서울 그랜드 하얏트 호텔 그랜드볼룸,2018,11,22,"Jinsan Beverage Co.,Ltd.",음료 제조업,2016,"13, Namjo-ro 3rd road, Jocheon-eup, Jeju, Korea",www.jinsanfnb.com
2018 거대 신흥시장 바이어 초청 수출상담회(업체선정완료),서울 그랜드 하얏트 호텔 그랜드볼룸,2018,11,22,"SIK Co., Ltd",식음료,2004,"436 Yanghwa-Ro,Neungseo-Myeon,Yeoju City,Gyeonggi,Korea",http://www.sikco.kr/
2018 거대 신흥시장 바이어 초청 수출상담회(업체선정완료),서울 그랜드 하얏트 호텔 그랜드볼룸,2018,11,22,"BOKUMJARI CO.,LTD.",제조업,1996,"901 ACE TOWER, 361 SIMIN-DAERO, DONGAN-GU, ANYANG-SI, GYEONGGI-DO",www.bokumjari.co.kr
2018 거대 신흥시장 바이어 초청 수출상담회(업체선정완료),서울 그랜드 하얏트 호텔 그랜드볼룸,2018,11,22,TEAZEN.Inc.,"다류, 식품, 무역",2001,"80-23, Daeun-gil, Gyegok-myeon, Haenam-gun, Jeollanam-do",www.teazen.co.kr
2018 거대 신흥시장 바이어 초청 수출상담회(업체선정완료),서울 그랜드 하얏트 호텔 그랜드볼룸,2018,11,22,"MIWAMI CO., LTD",다류 수출업 무역,2009,"840-1 Noam-dong, Namwon-si, Jeollabuk-do, Korea",www.miwami.com
2018 거대 신흥시장 바이어 초청 수출상담회(업체선정완료),서울 그랜드 하얏트 호텔 그랜드볼룸,2018,11,22,"SSMGLOBAL CO., LTD.","무역, 유통",2016,"385, Gulmi-ro, Juksan-myeon, Anseong-si, Gyeonggi-do, Korea",www.ssmglobal.co.kr
2018 거대 신흥시장 바이어 초청 수출상담회(업체선정완료),서울 그랜드 하얏트 호텔 그랜드볼룸,2018,11,22,"KKOH SHAEM FOOD CO.,LTD","다류 제조, 도소매 및 수출",1997,"#82 Jugyeopsan-ro, 35 Beon-gil, Sohol-eup, Pocheon-si, Gyeonggi-do, Korea",www.ksfs.co.kr
2018 거대 신흥시장 바이어 초청 수출상담회(업체선정완료),서울 그랜드 하얏트 호텔 그랜드볼룸,2018,11,22,"BOKUMJARI CO.,LTD.",제조업,1996,"901 ACE TOWER, 361 SIMIN-DAERO, DONGAN-GU, ANYANG-SI, GYEONGGI-DO",www.bokumjari.co.kr
2018 거대 신흥시장 바이어 초청 수출상담회(업체선정완료),서울 그랜드 하얏트 호텔 그랜드볼룸,2018,11,22,"MIWAMI CO., LTD",다류 수출업 무역,2009,"840-1 Noam-dong, Namwon-si, Jeollabuk-do, Korea",www.miwami.com
2018 거대 신흥시장 바이어 초청 수출상담회(업체선정완료),서울 그랜드 하얏트 호텔 그랜드볼룸,2018,11,22,"Namyang Dairy Products Co., Ltd.","낙농품, 음료",1964,"240, Dosan-daero, Gangnam-gu, Seoul",.http://company.namyangi.com/
2018 거대 신흥시장 바이어 초청 수출상담회(업체선정완료),서울 그랜드 하얏트 호텔 그랜드볼룸,2018,11,22,"KKOH SHAEM FOOD CO.,LTD","다류 제조, 도소매 및 수출",1997,"#82 Jugyeopsan-ro, 35 Beon-gil, Sohol-eup, Pocheon-si, Gyeonggi-do, Korea",www.ksfs.co.kr
2018 거대 신흥시장 바이어 초청 수출상담회(업체선정완료),서울 그랜드 하얏트 호텔 그랜드볼룸,2018,11,22,JFOODSERVICE,식품제조*소분*무역,2010,"173 Samjuk-ro, Samjuk-myeon, Anseong-si, Gyeonggi-do, Korea 17512",www.jfoodservice.com
2018 거대 신흥시장 바이어 초청 수출상담회(업체선정완료),서울 그랜드 하얏트 호텔 그랜드볼룸,2018,11,22,"DAEKWANG F&G CO.,LTD",김치제조,1990,"45-8, Jungang-daero 680beon-gil, Busanjin-gu, Busan, Korea",www.dkfng.com
2018 거대 신흥시장 바이어 초청 수출상담회(업체선정완료),서울 그랜드 하얏트 호텔 그랜드볼룸,2018,11,22,"SAONGWON CO.,LTD","냉동식품,수출업",1995,"76-17, Hansam-ro 153beon-gil, Daeso-myeon, Eumseong-gun, Chungcheongbuk-do, Republic of Korea",www.saongwon.com
2018 거대 신흥시장 바이어 초청 수출상담회(업체선정완료),서울 그랜드 하얏트 호텔 그랜드볼룸,2018,11,22,"MORE CO., LTD.",식품 가공,2006,"113,DODONGGUYEOK-GIL,YEONGCHEON-SI,GYEONGSANGBUK-DO,KOREA",morecorp.co.kr
2018 거대 신흥시장 바이어 초청 수출상담회(업체선정완료),서울 그랜드 하얏트 호텔 그랜드볼룸,2018,11,22,HANMIRAE FOOD,"도소매,제조업,무역",2013,"No, 9-61, Yeongdong-gil,Hamchang-eup, Sangju city, Gyeongsangbuk-do, Korea",http://hanmirae.kr
2018 거대 신흥시장 바이어 초청 수출상담회(업체선정완료),서울 그랜드 하얏트 호텔 그랜드볼룸,2018,11,22,OTTOGI,식품,1989,"OTTOGI CENTER, 308, YEONGDONG-DAERO, GANGNAM, SEOUL, KOREA 06177",www.ottogi.co.kr
2018 거대 신흥시장 바이어 초청 수출상담회(업체선정완료),서울 그랜드 하얏트 호텔 그랜드볼룸,2018,11,22,"Rima Global Co., LTD","농,축,수산물가공및 판매 수출",2004,"59-16 Maegok-gil, Wungpo-myeon, Iksan-si, Jeonrabukdo, Korea",
2018 거대 신흥시장 바이어 초청 수출상담회(업체선정완료),서울 그랜드 하얏트 호텔 그랜드볼룸,2018,11,22,"Agricultural Corporation Dunchon co., ltd.","농업, 도매및 상품중개업, 도소매",2010,"26Sanumul 1 gil, lipjang-myun, Seubuk-gu, Chunan-si, Chungcheongnam-do, Korea",
2018 거대 신흥시장 바이어 초청 수출상담회(업체선정완료),서울 그랜드 하얏트 호텔 그랜드볼룸,2018,11,22,"DAECHUN LAVER CO., LTD.","수산물 (조미김, 김밥김, 스낵김)",2013,"425-21, Daehae-ro, Boryeong-si, Chungcheongnam-do, KOREA <33491>",http://www.9329292.co.kr/
2018 거대 신흥시장 바이어 초청 수출상담회(업체선정완료),서울 그랜드 하얏트 호텔 그랜드볼룸,2018,11,22,"Mammmos Confectionery Co.,Ltd","생과자, 과자, 기타, 무역업",1985,"8, Dunchon-daero 526beon-gil, Jungwon-gu, Seongnam-si, Gyeonggi-do, Republic of Korea",www.mammos.co.kr
2018 거대 신흥시장 바이어 초청 수출상담회(업체선정완료),서울 그랜드 하얏트 호텔 그랜드볼룸,2018,11,22,ORIENTAL F&B,식품 무역,2011,"11, Beobwon-ro 11-gil, Songpa-gu, Seoul",www.orientalfnb.com
2018 거대 신흥시장 바이어 초청 수출상담회(업체선정완료),서울 그랜드 하얏트 호텔 그랜드볼룸,2018,11,22,ADDI GLOBAL Inc.,"제조, 무역",2016,"JST #908, 229, Seokjeong-ro, Michuhol-gu, Incheon",www.addiglobal.com
2018 거대 신흥시장 바이어 초청 수출상담회(업체선정완료),서울 그랜드 하얏트 호텔 그랜드볼룸,2018,11,22,MyungSung Agricultural Corporation,농산물,2003,,
2018 거대 신흥시장 바이어 초청 수출상담회(업체선정완료),서울 그랜드 하얏트 호텔 그랜드볼룸,2018,11,22,"JJF CO.,LTD",수출입무역,2000,"222-2,Walgak-ro,Hallim-eup,Jeju-si,Jeju-do,Rep.of Korea",www.jjfkorea.co.kr
2018 거대 신흥시장 바이어 초청 수출상담회(업체선정완료),서울 그랜드 하얏트 호텔 그랜드볼룸,2018,11,22,"DAECHUN LAVER CO., LTD.","수산물 (조미김, 김밥김, 스낵김)",2013,"425-21, Daehae-ro, Boryeong-si, Chungcheongnam-do, KOREA <33491>",http://www.9329292.co.kr/
2018 거대 신흥시장 바이어 초청 수출상담회(업체선정완료),서울 그랜드 하얏트 호텔 그랜드볼룸,2018,11,22,SEMPIO FOODS COMPANY,식품,1946,2 chungmuro jung gu seoul korea,www.sempio.com
2018 거대 신흥시장 바이어 초청 수출상담회(업체선정완료),서울 그랜드 하얏트 호텔 그랜드볼룸,2018,11,22,"Namyang Dairy Products Co., Ltd.","낙농품, 음료",1964,"240, Dosan-daero, Gangnam-gu, Seoul",.http://company.namyangi.com/
2018 거대 신흥시장 바이어 초청 수출상담회(업체선정완료),서울 그랜드 하얏트 호텔 그랜드볼룸,2018,11,22,Marineseed Korea,수출업체,2015,"27, Bucheon-ro 136beon-gil, Bucheon-si, Gyeonggi-do",www.marineseed.com
2018 거대 신흥시장 바이어 초청 수출상담회(업체선정완료),서울 그랜드 하얏트 호텔 그랜드볼룸,2018,11,22,NATURE FARM Agriculture Corp.,농산물 제조 및 유통판매,2010,"257-18 Haksantopyeong-gil, Hwayang, Cheongdo, Gyeongbuk, KOREA",www.nfdry.com
2018 거대 신흥시장 바이어 초청 수출상담회(업체선정완료),서울 그랜드 하얏트 호텔 그랜드볼룸,2018,11,22,"[K13] GOOD MORNING KOREA CO., LTD","무역업,농산물유통,판매",2009,"604, Cheonho-daero, Gwangjin-gu, Seoul",gmkfresh.com
2018 거대 신흥시장 바이어 초청 수출상담회(업체선정완료),서울 그랜드 하얏트 호텔 그랜드볼룸,2018,11,22,Lee's Marketing Inc.,"무역,농수산물외",2007,"508-33 Seolga-ro, Seolseoung-myeon, Icheon-si, Gyeonggi-do, Korea",www.wellplus.co.kr
2018 거대 신흥시장 바이어 초청 수출상담회(업체선정완료),서울 그랜드 하얏트 호텔 그랜드볼룸,2018,11,22,Sang Ju wonyae agricultural cooperative,"과일,채소도매업.일반자재",1988,"37240 1149,Yeongnamjeil-ro,Sangju-si,Gyeongsangbuk-do,Korea",sangjuwonhyup.nonghyup.com
2018 거대 신흥시장 바이어 초청 수출상담회(업체선정완료),서울 그랜드 하얏트 호텔 그랜드볼룸,2018,11,22,EVERFARM AGRICULTURAL CORP.,농산물생산및유통,2015,"31, Yeondong-gil, Sinbuk-myeon, Yeongam-gun, Jeollanam-do",
2018 거대 신흥시장 바이어 초청 수출상담회(업체선정완료),서울 그랜드 하얏트 호텔 그랜드볼룸,2018,11,22,"YILIP INTERNATIONAL CO., LTD.",신선농산물무역업,2015,"Room 101, 12-1 Naesammi-ro 80beon-gil, Osan-si, Gyeonggi-do, 18114, Republic of Korea",http://www.yilip.net
2018 거대 신흥시장 바이어 초청 수출상담회(업체선정완료),서울 그랜드 하얏트 호텔 그랜드볼룸,2018,11,22,"UNI TRADING CO., LTD",무역수출수출입업,1999,"NO 115-1808, 77, CHIPYONG-RO, SEO-GU, GWANGJU-CITY, ㅏㅐㄱㄷㅁ",http://my.agrotrade.net/mini/unitrade/
2018 거대 신흥시장 바이어 초청 수출상담회(업체선정완료),서울 그랜드 하얏트 호텔 그랜드볼룸,2018,11,22,"DONGSEO NONGSAN CO, LTD",무역,2005,"Rm.807, East Bldg., 295, Gwangpyeong-ro, Gangnam-gu, Seoul, Korea",N
2018 거대 신흥시장 바이어 초청 수출상담회(업체선정완료),서울 그랜드 하얏트 호텔 그랜드볼룸,2018,11,22,[K08] EVERGOOD CORPORATION,"무역(농산물),농산물",2009,,N
2018 거대 신흥시장 바이어 초청 수출상담회(업체선정완료),서울 그랜드 하얏트 호텔 그랜드볼룸,2018,11,22,GYEONG BUK CORPORATION,도소매,1994,"76-6, HYEONNAE-GIL, JILLYANG-EUP, GYEONGSAN-SI, GYEONGSANGBUK-DO, KOREA",www.gbci.co.kr
2018 거대 신흥시장 바이어 초청 수출상담회(업체선정완료),서울 그랜드 하얏트 호텔 그랜드볼룸,2018,11,22,"DaeDoFood Co.,Ltd","과자류, 면류",2000,ChungBuk Okcheon-eup Okcheon-gun Yangsuro6-gil,www.daedofood.com
2018 거대 신흥시장 바이어 초청 수출상담회(업체선정완료),서울 그랜드 하얏트 호텔 그랜드볼룸,2018,11,22,HUMANWELL,식품제조가공,2000,"NO.130, Noi-gil, Nongong-eup, Dalseong-gun, Daegu",www.humanwell.co.kr
2018 거대 신흥시장 바이어 초청 수출상담회(업체선정완료),서울 그랜드 하얏트 호텔 그랜드볼룸,2018,11,22,"JNS GLOBAL CO., LTD.",무역업,2016,"Rm1304, 141, Seowon-ro, Wansan-gu, Jeonju, Jeonbuk, Korea",www.jnsglobalkorea.com
2018 거대 신흥시장 바이어 초청 수출상담회(업체선정완료),서울 그랜드 하얏트 호텔 그랜드볼룸,2018,11,22,SS TRADING,농수산물 수출입대행,2016,"101, 1140-12, Sinchang-dong, Gwangsan-gu, Gwangju, KOREA",
2018 거대 신흥시장 바이어 초청 수출상담회(업체선정완료),서울 그랜드 하얏트 호텔 그랜드볼룸,2018,11,22,"Living Life Co., Ltd.","곡물제분,무역",1993,"275-43, Sinman-ro, Gonjiam-eup, Gwangju-si, Gyunggi-do, Korea",www.elivinglife.co.kr
2018 거대 신흥시장 바이어 초청 수출상담회(업체선정완료),서울 그랜드 하얏트 호텔 그랜드볼룸,2018,11,22,"MIWAMI CO., LTD",다류 수출업 무역,2009,"840-1 Noam-dong, Namwon-si, Jeollabuk-do, Korea",www.miwami.com
2018 거대 신흥시장 바이어 초청 수출상담회(업체선정완료),서울 그랜드 하얏트 호텔 그랜드볼룸,2018,11,22,YBMcmc,수출입 (농수산물),2014,"#B1-10, 38, Beopjo-ro, Yeongtong-gu, Suwon-si, Gyeonggi-do",http://ybmcmckorea.itrocks.kr/
2018 거대 신흥시장 바이어 초청 수출상담회(업체선정완료),서울 그랜드 하얏트 호텔 그랜드볼룸,2018,11,22,TEAZEN.Inc.,"다류, 식품, 무역",2001,"80-23, Daeun-gil, Gyegok-myeon, Haenam-gun, Jeollanam-do",www.teazen.co.kr
2018 거대 신흥시장 바이어 초청 수출상담회(업체선정완료),서울 그랜드 하얏트 호텔 그랜드볼룸,2018,11,22,Woomtree Corporation,"식품가공,장류",1978,"1206, JEONYEONGRO, CHANGSU MYEON, POCHEON CITY, GYEONGGIDO",www.woomtree.co.kr
2018 거대 신흥시장 바이어 초청 수출상담회(업체선정완료),서울 그랜드 하얏트 호텔 그랜드볼룸,2018,11,22,"SSMGLOBAL CO., LTD.","무역, 유통",2016,"385, Gulmi-ro, Juksan-myeon, Anseong-si, Gyeonggi-do, Korea",www.ssmglobal.co.kr
2018 거대 신흥시장 바이어 초청 수출상담회(업체선정완료),서울 그랜드 하얏트 호텔 그랜드볼룸,2018,11,22,"UNI TRADING CO., LTD",무역수출수출입업,1999,"NO 115-1808, 77, CHIPYONG-RO, SEO-GU, GWANGJU-CITY, ㅏㅐㄱㄷㅁ",http://my.agrotrade.net/mini/unitrade/
2018 거대 신흥시장 바이어 초청 수출상담회(업체선정완료),서울 그랜드 하얏트 호텔 그랜드볼룸,2018,11,22,EVERFARM AGRICULTURAL CORP.,농산물생산및유통,2015,"31, Yeondong-gil, Sinbuk-myeon, Yeongam-gun, Jeollanam-do",
2018 거대 신흥시장 바이어 초청 수출상담회(업체선정완료),서울 그랜드 하얏트 호텔 그랜드볼룸,2018,11,22,H&P INTERNATIONAL,도소매 무역,2011,,www.hnpinternational.com
2018 거대 신흥시장 바이어 초청 수출상담회(업체선정완료),서울 그랜드 하얏트 호텔 그랜드볼룸,2018,11,22,"ALP-KS TRADING CO.,","수추업, 농학연구개발업(종묘학)",1991,"#1514 ACEHIGHTECH21, UDONG 1470, HAEUNDAEGU, BUSAN, KOREA",www.alpks.com
2018 거대 신흥시장 바이어 초청 수출상담회(업체선정완료),서울 그랜드 하얏트 호텔 그랜드볼룸,2018,11,22,"Agricultural Corporation Dunchon co., ltd.","농업, 도매및 상품중개업, 도소매",2010,"26Sanumul 1 gil, lipjang-myun, Seubuk-gu, Chunan-si, Chungcheongnam-do, Korea",
2018 거대 신흥시장 바이어 초청 수출상담회(업체선정완료),서울 그랜드 하얏트 호텔 그랜드볼룸,2018,11,22,"Chungwoo Food Corp.,Inc.",제조업,2004,,www.chungwoofood.co.kr
2018 거대 신흥시장 바이어 초청 수출상담회(업체선정완료),서울 그랜드 하얏트 호텔 그랜드볼룸,2018,11,22,H&P INTERNATIONAL,도소매 무역,2011,,www.hnpinternational.com
2018 거대 신흥시장 바이어 초청 수출상담회(업체선정완료),서울 그랜드 하얏트 호텔 그랜드볼룸,2018,11,22,Marineseed Korea,수출업체,2015,"27, Bucheon-ro 136beon-gil, Bucheon-si, Gyeonggi-do",www.marineseed.com
2018 거대 신흥시장 바이어 초청 수출상담회(업체선정완료),서울 그랜드 하얏트 호텔 그랜드볼룸,2018,11,22,"DONGSEO NONGSAN CO, LTD",무역,2005,"Rm.807, East Bldg., 295, Gwangpyeong-ro, Gangnam-gu, Seoul, Korea",N
2018 거대 신흥시장 바이어 초청 수출상담회(업체선정완료),서울 그랜드 하얏트 호텔 그랜드볼룸,2018,11,22,"Kocheolnam Hongsam Co., Ltd","제조, 유통, 무역",2005,"61, Ganghwasandan-ro, Ganghwa-eup, Ganghwa-gun, Incheon",www.hong3.co.kr
2018 거대 신흥시장 바이어 초청 수출상담회(업체선정완료),서울 그랜드 하얏트 호텔 그랜드볼룸,2018,11,22,YONSEI UNIVERSITY DAIRY,"낙농품,두유 등",1962,"829, YEUMBONG-RO, YEUMBONG-MYUN, ASAN-SI, CHUNGCHEONGNAM-DO, KOREA.",http://www.yonseidairy.com/milk/
2018 거대 신흥시장 바이어 초청 수출상담회(업체선정완료),서울 그랜드 하얏트 호텔 그랜드볼룸,2018,11,22,The Marketing Firms in Common of the Primary Cooperatives Nonsan City,농축산물,2013,"34, Chengdong-ro, Yensan-myun, Nonsan-si, Chungchengnam-do, Republic of Korea",
2018 거대 신흥시장 바이어 초청 수출상담회(업체선정완료),서울 그랜드 하얏트 호텔 그랜드볼룸,2018,11,22,HB CORPORATION,수출입업,2009,"259-2, Sinseon-ro, Nam-gu, Busan",www.foodtrade.co.kr
2018 거대 신흥시장 바이어 초청 수출상담회(업체선정완료),서울 그랜드 하얏트 호텔 그랜드볼룸,2018,11,22,SFCBio Inc.,"제조, 도소매",1999,"25, Gasan digital 1-ro, Geumcheon-gu, Seoul",www.sfcbio.com
2018 거대 신흥시장 바이어 초청 수출상담회(업체선정완료),서울 그랜드 하얏트 호텔 그랜드볼룸,2018,11,22,"DAEDOO FOODS CO., LTD.",제조,1983,"23, SANGJANGGONWIT-GIL, SEOSU-MYEON, GUNSAN-CITY, JEONRABUGDO, KOREA",www.idaedoo.co.kr
2018 거대 신흥시장 바이어 초청 수출상담회(업체선정완료),서울 그랜드 하얏트 호텔 그랜드볼룸,2018,11,22,"Jinsan Beverage Co.,Ltd.",음료 제조업,2016,"13, Namjo-ro 3rd road, Jocheon-eup, Jeju, Korea",www.jinsanfnb.com
2018 거대 신흥시장 바이어 초청 수출상담회(업체선정완료),서울 그랜드 하얏트 호텔 그랜드볼룸,2018,11,22,Lotte Liquor,주류,1926,"Lotte Castle Gold, 3/F, 269 Olympic-ro, Songpa-gu, Seoul, Korea",www.lotteliquor.com
2018 거대 신흥시장 바이어 초청 수출상담회(업체선정완료),서울 그랜드 하얏트 호텔 그랜드볼룸,2018,11,22,legend.K,"음식료, 농수축산물, 기타가공식품",2017,,
2018 거대 신흥시장 바이어 초청 수출상담회(업체선정완료),서울 그랜드 하얏트 호텔 그랜드볼룸,2018,11,22,HEE CHANG TRADING,농수축산물 가공 및 수출 판매,1980,,http://www.heechangtrade.com/
2018 거대 신흥시장 바이어 초청 수출상담회(업체선정완료),서울 그랜드 하얏트 호텔 그랜드볼룸,2018,11,22,"worldfood.co.,Ltd","스낵류, 과자",1986,,www.murgerbon.com
2018 거대 신흥시장 바이어 초청 수출상담회(업체선정완료),서울 그랜드 하얏트 호텔 그랜드볼룸,2018,11,22,SAMJIN GLOBALNET,"무역업, 임대",1970,"562, Samseong-ro, Gangnam-gu, Seoul, Republic of Korea",http://www.wangfood.com/
2018 거대 신흥시장 바이어 초청 수출상담회(업체선정완료),서울 그랜드 하얏트 호텔 그랜드볼룸,2018,11,22,"GMF CO., LTD.","음식료품,수출입업",2006,,www.gmfkorea.com
2018 거대 신흥시장 바이어 초청 수출상담회(업체선정완료),서울 그랜드 하얏트 호텔 그랜드볼룸,2018,11,22,"bogoshinyak.co.,ltd.",음료,2004,"167, Songpa-daero, Songpa-gu, Seoul",www.ebogo.kr
2018 거대 신흥시장 바이어 초청 수출상담회(업체선정완료),서울 그랜드 하얏트 호텔 그랜드볼룸,2018,11,22,HB CORPORATION,수출입업,2009,"259-2, Sinseon-ro, Nam-gu, Busan",www.foodtrade.co.kr
2018 거대 신흥시장 바이어 초청 수출상담회(업체선정완료),서울 그랜드 하얏트 호텔 그랜드볼룸,2018,11,22,"SAMHAE COMMERCIAL CO., LTD.","제조업, 도소매, 수출",1968,"25, Beobwon-ro 11-gil, Songpa-gu, Seoul",www.samhae.com
2018 거대 신흥시장 바이어 초청 수출상담회(업체선정완료),서울 그랜드 하얏트 호텔 그랜드볼룸,2018,11,22,OTTOGI,식품,1989,"OTTOGI CENTER, 308, YEONGDONG-DAERO, GANGNAM, SEOUL, KOREA 06177",www.ottogi.co.kr
2018 거대 신흥시장 바이어 초청 수출상담회(업체선정완료),서울 그랜드 하얏트 호텔 그랜드볼룸,2018,11,22,YOUNG SHIN FOOD CO.,"맛김,수산물",2001,"131-22, Sinwol-gil, Seo-myeon, Seocheon-gun, Chungcheongnam-do, Repulbic of Korea",www.seafriend.co.kr
2018 거대 신흥시장 바이어 초청 수출상담회(업체선정완료),서울 그랜드 하얏트 호텔 그랜드볼룸,2018,11,22,"DAEDONG KOREA GINSENG CO.,LTD",홍삼제품,2002,"ChungNam GeumsanGun, GunbukMyeon, GunbukRo,",www.ddkorea.co.kr
2018 거대 신흥시장 바이어 초청 수출상담회(업체선정완료),서울 그랜드 하얏트 호텔 그랜드볼룸,2018,11,22,ASIAFOOD Co.,제조,1974,"8, Jangjae-ro 520beonan-gil, Saengnim-myeon, Gimhae-si, Gyeongsangnam-do",www.asiafood21.com
2018 거대 신흥시장 바이어 초청 수출상담회(업체선정완료),서울 그랜드 하얏트 호텔 그랜드볼룸,2018,11,22,"JNS GLOBAL CO., LTD.",무역업,2016,"Rm1304, 141, Seowon-ro, Wansan-gu, Jeonju, Jeonbuk, Korea",www.jnsglobalkorea.com
2018 거대 신흥시장 바이어 초청 수출상담회(업체선정완료),서울 그랜드 하얏트 호텔 그랜드볼룸,2018,11,22,"HEE CHANG DAIRY AND FOOD INDUSTRY CO, LTD","식품제조, 가공",1969,"114, Singi-ro, Yangsan-si, Gyeongnam, Republic Of Korea",www.heechang.com
2018 거대 신흥시장 바이어 초청 수출상담회(업체선정완료),서울 그랜드 하얏트 호텔 그랜드볼룸,2018,11,22,ASIAFOOD Co.,제조,1974,"8, Jangjae-ro 520beonan-gil, Saengnim-myeon, Gimhae-si, Gyeongsangnam-do",www.asiafood21.com
2018 거대 신흥시장 바이어 초청 수출상담회(업체선정완료),서울 그랜드 하얏트 호텔 그랜드볼룸,2018,11,22,"OURHOME CO., LTD.","집단급식, 경양식, 육가공, 쌀가공, 조미가공, HMR 제조업",2000,"382, Gangnam-daero, Gangnam-gu, Seoul",http://www.ourhome.co.kr
2018 거대 신흥시장 바이어 초청 수출상담회(업체선정완료),서울 그랜드 하얏트 호텔 그랜드볼룸,2018,11,22,PCC Corporation,작물재배업. 제조업,2016,"61-61, Surijae-gil, Mitan-myeon, Pyeongchang-gun, Gangwon-do",
2018 거대 신흥시장 바이어 초청 수출상담회(업체선정완료),서울 그랜드 하얏트 호텔 그랜드볼룸,2018,11,22,"Namyang Dairy Products Co., Ltd.","낙농품, 음료",1964,"240, Dosan-daero, Gangnam-gu, Seoul",.http://company.namyangi.com/
2018 거대 신흥시장 바이어 초청 수출상담회(업체선정완료),서울 그랜드 하얏트 호텔 그랜드볼룸,2018,11,22,"worldfood.co.,Ltd","스낵류, 과자",1986,,www.murgerbon.com
2018 거대 신흥시장 바이어 초청 수출상담회(업체선정완료),서울 그랜드 하얏트 호텔 그랜드볼룸,2018,11,22,"DAEDOO FOODS CO., LTD.",제조,1983,"23, SANGJANGGONWIT-GIL, SEOSU-MYEON, GUNSAN-CITY, JEONRABUGDO, KOREA",www.idaedoo.co.kr
2018 거대 신흥시장 바이어 초청 수출상담회(업체선정완료),서울 그랜드 하얏트 호텔 그랜드볼룸,2018,11,22,GYEONG BUK CORPORATION,도소매,1994,"76-6, HYEONNAE-GIL, JILLYANG-EUP, GYEONGSAN-SI, GYEONGSANGBUK-DO, KOREA",www.gbci.co.kr
2018 거대 신흥시장 바이어 초청 수출상담회(업체선정완료),서울 그랜드 하얏트 호텔 그랜드볼룸,2018,11,22,"Top Fruit Co.,Ltd","수출입업,무역업",2013,"Eomgung Farmers Market , 3-3, 75 Nongsanmulsijang-ro 25 Beon-gil, Sasang-gu, Busan Korea 47032",N
2018 거대 신흥시장 바이어 초청 수출상담회(업체선정완료),서울 그랜드 하얏트 호텔 그랜드볼룸,2018,11,22,HB CORPORATION,수출입업,2009,"259-2, Sinseon-ro, Nam-gu, Busan",www.foodtrade.co.kr
2018 거대 신흥시장 바이어 초청 수출상담회(업체선정완료),서울 그랜드 하얏트 호텔 그랜드볼룸,2018,11,22,"JNS GLOBAL CO., LTD.",무역업,2016,"Rm1304, 141, Seowon-ro, Wansan-gu, Jeonju, Jeonbuk, Korea",www.jnsglobalkorea.com
2018 거대 신흥시장 바이어 초청 수출상담회(업체선정완료),서울 그랜드 하얏트 호텔 그랜드볼룸,2018,11,22,Halal Korea Co Ltd,컨설팅 및 인증업(할랄),2012,,www.koreahalal.org
2018 거대 신흥시장 바이어 초청 수출상담회(업체선정완료),서울 그랜드 하얏트 호텔 그랜드볼룸,2018,11,22,JFOODSERVICE,식품제조*소분*무역,2010,"173 Samjuk-ro, Samjuk-myeon, Anseong-si, Gyeonggi-do, Korea 17512",www.jfoodservice.com
2018 거대 신흥시장 바이어 초청 수출상담회(업체선정완료),서울 그랜드 하얏트 호텔 그랜드볼룸,2018,11,22,"CHOGA CO.,LTD",주류제조,2005,"33-12, Oegol-gil, Gimhwa-eup, Cheorwon-gun, Gangwon-do, 24055, Rep. of KOREA",www.choga.co.kr
2018 거대 신흥시장 바이어 초청 수출상담회(업체선정완료),서울 그랜드 하얏트 호텔 그랜드볼룸,2018,11,22,pocheon ginseng farmer association,인삼제품,2005,,http://www.pocheoninsam.com/
2018 거대 신흥시장 바이어 초청 수출상담회(업체선정완료),서울 그랜드 하얏트 호텔 그랜드볼룸,2018,11,22,Lotte Liquor,주류,1926,"Lotte Castle Gold, 3/F, 269 Olympic-ro, Songpa-gu, Seoul, Korea",www.lotteliquor.com
2018 거대 신흥시장 바이어 초청 수출상담회(업체선정완료),서울 그랜드 하얏트 호텔 그랜드볼룸,2018,11,22,YONSEI UNIVERSITY DAIRY,"낙농품,두유 등",1962,"829, YEUMBONG-RO, YEUMBONG-MYUN, ASAN-SI, CHUNGCHEONGNAM-DO, KOREA.",http://www.yonseidairy.com/milk/
2018 거대 신흥시장 바이어 초청 수출상담회(업체선정완료),서울 그랜드 하얏트 호텔 그랜드볼룸,2018,11,22,"DAEDONG KOREA GINSENG CO.,LTD",홍삼제품,2002,"ChungNam GeumsanGun, GunbukMyeon, GunbukRo,",www.ddkorea.co.kr
2018 거대 신흥시장 바이어 초청 수출상담회(업체선정완료),서울 그랜드 하얏트 호텔 그랜드볼룸,2018,11,22,"Kocheolnam Hongsam Co., Ltd","제조, 유통, 무역",2005,"61, Ganghwasandan-ro, Ganghwa-eup, Ganghwa-gun, Incheon",www.hong3.co.kr
2018 거대 신흥시장 바이어 초청 수출상담회(업체선정완료),서울 그랜드 하얏트 호텔 그랜드볼룸,2018,11,22,bionfnb,도소매,2008,yeondeungpo Circulation shopping center floor bar 43,www.mscfucoidan.kr
2018 거대 신흥시장 바이어 초청 수출상담회(업체선정완료),서울 그랜드 하얏트 호텔 그랜드볼룸,2018,11,22,WELLBIOTECH,건강식품,1999,"152,?Allim-ro,?Chungju-si,?Chungcheongbuk-do",www.wellbiotech.co.kr
2018 거대 신흥시장 바이어 초청 수출상담회(업체선정완료),서울 그랜드 하얏트 호텔 그랜드볼룸,2018,11,22,"GEUMSANMALL CO.,LTD.",인삼 홍삼식품 인삼제품 통신판매업,2009,"8-4, Eomnamu-gil, Geumsan-eup, Geumsan-gun, Chungcheongnam-do, korea",geumsan.co.kr
2018 거대 신흥시장 바이어 초청 수출상담회(업체선정완료),서울 그랜드 하얏트 호텔 그랜드볼룸,2018,11,22,CHOROKARIUL,농산물/곡물도정/시기품가공(밀가루등)/통신판매,2004,"39, Deungyounggil, Haseo-myyon, Buan-gun, Jeollabuk-do,Korea,56332",http://www.chorokariul.com/
2018 거대 신흥시장 바이어 초청 수출상담회(업체선정완료),서울 그랜드 하얏트 호텔 그랜드볼룸,2018,11,22,"HANSUNG FOOD CO ., LTD","제조, 도소매, 무역",1986,"9-10, Ojeong-ro 134 Beon-gil, Ojeong-gu, Bucheon-si, Gyeonggi-do, KOREA",www.hskimchi.co.kr
2018 거대 신흥시장 바이어 초청 수출상담회(업체선정완료),서울 그랜드 하얏트 호텔 그랜드볼룸,2018,11,22,"MONGGO FOODS CO., LTD.",장류 및 기타식품 등,1905,"18, Paryong-ro 371beon-gil, Uichang-gu, Changwon-si, Gyeongsangnam-do",www.monggofood.co.kr
2018 거대 신흥시장 바이어 초청 수출상담회(업체선정완료),서울 그랜드 하얏트 호텔 그랜드볼룸,2018,11,22,HUMANWELL,식품제조가공,2000,"NO.130, Noi-gil, Nongong-eup, Dalseong-gun, Daegu",www.humanwell.co.kr
2018 거대 신흥시장 바이어 초청 수출상담회(업체선정완료),서울 그랜드 하얏트 호텔 그랜드볼룸,2018,11,22,"MORE CO., LTD.",식품 가공,2006,"113,DODONGGUYEOK-GIL,YEONGCHEON-SI,GYEONGSANGBUK-DO,KOREA",morecorp.co.kr
2018 거대 신흥시장 바이어 초청 수출상담회(업체선정완료),서울 그랜드 하얏트 호텔 그랜드볼룸,2018,11,22,"GMF CO., LTD.","음식료품,수출입업",2006,,www.gmfkorea.com
2018 거대 신흥시장 바이어 초청 수출상담회(업체선정완료),서울 그랜드 하얏트 호텔 그랜드볼룸,2018,11,22,"Chungwoo Food Corp.,Inc.",제조업,2004,,www.chungwoofood.co.kr
2018 거대 신흥시장 바이어 초청 수출상담회(업체선정완료),서울 그랜드 하얏트 호텔 그랜드볼룸,2018,11,22,"DAMO CO., LTD.","제조업, 무역업",2007,,www.damofood.net
2018 거대 신흥시장 바이어 초청 수출상담회(업체선정완료),서울 그랜드 하얏트 호텔 그랜드볼룸,2018,11,22,"World Food Services Co.,Ltd.",무역업,2015,"Rm 301 Innermass Bldg, 354-28 Dongtanwoncheon-ro, Hwaseong-si, Gyeonggi-do, 18423, South Korea",www.worldfoodsvc.com
2018 거대 신흥시장 바이어 초청 수출상담회(업체선정완료),서울 그랜드 하얏트 호텔 그랜드볼룸,2018,11,22,YBMcmc,수출입 (농수산물),2014,"#B1-10, 38, Beopjo-ro, Yeongtong-gu, Suwon-si, Gyeonggi-do",http://ybmcmckorea.itrocks.kr/
2018 거대 신흥시장 바이어 초청 수출상담회(업체선정완료),서울 그랜드 하얏트 호텔 그랜드볼룸,2018,11,22,Chang-Rak Farms,"도매업, 창고업, 무역업",1991,"857, changnyeongjangma-ro, changnyeong-eup, changnyeong-gun, gyeongsangnam-do, Korea",www.changrakfarms.kr
2018 거대 신흥시장 바이어 초청 수출상담회(업체선정완료),서울 그랜드 하얏트 호텔 그랜드볼룸,2018,11,22,"JJF CO.,LTD",수출입무역,2000,"222-2,Walgak-ro,Hallim-eup,Jeju-si,Jeju-do,Rep.of Korea",www.jjfkorea.co.kr
2018 거대 신흥시장 바이어 초청 수출상담회(업체선정완료),서울 그랜드 하얏트 호텔 그랜드볼룸,2018,11,22,[K08] EVERGOOD CORPORATION,"무역(농산물),농산물",2009,,N
2018 거대 신흥시장 바이어 초청 수출상담회(업체선정완료),서울 그랜드 하얏트 호텔 그랜드볼룸,2018,11,22,pocheon ginseng farmer association,인삼제품,2005,,http://www.pocheoninsam.com/
2018 거대 신흥시장 바이어 초청 수출상담회(업체선정완료),서울 그랜드 하얏트 호텔 그랜드볼룸,2018,11,22,Sang Ju wonyae agricultural cooperative,"과일,채소도매업.일반자재",1988,"37240 1149,Yeongnamjeil-ro,Sangju-si,Gyeongsangbuk-do,Korea",sangjuwonhyup.nonghyup.com
2018 거대 신흥시장 바이어 초청 수출상담회(업체선정완료),서울 그랜드 하얏트 호텔 그랜드볼룸,2018,11,22,Korean Pear Export INC.,수출업체,2014,"77, Gosokcheol-daero, Baebang-eup, Asan-si, Chungcheongnam-do",www.koreapear.com
2018 거대 신흥시장 바이어 초청 수출상담회(업체선정완료),서울 그랜드 하얏트 호텔 그랜드볼룸,2018,11,22,RAON,무역,2017,"50 Misagangbyeondong-ro, Hanam-si, Gyeonggi-do",
2018 거대 신흥시장 바이어 초청 수출상담회(업체선정완료),서울 그랜드 하얏트 호텔 그랜드볼룸,2018,11,22,"UNI TRADING CO., LTD",무역수출수출입업,1999,"NO 115-1808, 77, CHIPYONG-RO, SEO-GU, GWANGJU-CITY, ㅏㅐㄱㄷㅁ",http://my.agrotrade.net/mini/unitrade/
2018 거대 신흥시장 바이어 초청 수출상담회(업체선정완료),서울 그랜드 하얏트 호텔 그랜드볼룸,2018,11,22,ASIAFOOD Co.,제조,1974,"8, Jangjae-ro 520beonan-gil, Saengnim-myeon, Gimhae-si, Gyeongsangnam-do",www.asiafood21.com
2018 거대 신흥시장 바이어 초청 수출상담회(업체선정완료),서울 그랜드 하얏트 호텔 그랜드볼룸,2018,11,22,"foodistry co.,ltd",도소매,2017,"65, Dudulgi-gil, Chowol-eup, Gwangju-si, Gyeonggi-do",www.wellygo.co.kr
2018 거대 신흥시장 바이어 초청 수출상담회(업체선정완료),서울 그랜드 하얏트 호텔 그랜드볼룸,2018,11,22,RAON,무역,2017,"50 Misagangbyeondong-ro, Hanam-si, Gyeonggi-do",
2018 거대 신흥시장 바이어 초청 수출상담회(업체선정완료),서울 그랜드 하얏트 호텔 그랜드볼룸,2018,11,22,MyungSung Agricultural Corporation,농산물,2003,,
2018 거대 신흥시장 바이어 초청 수출상담회(업체선정완료),서울 그랜드 하얏트 호텔 그랜드볼룸,2018,11,22,"Kwangdong Pharmaceutical Co.,Ltd",의약품/화장품/임대,1963,"85, Seochojungang-ro, Seocho-gu, Seoul, Korea",www.ekdp.com
2018 거대 신흥시장 바이어 초청 수출상담회(업체선정완료),서울 그랜드 하얏트 호텔 그랜드볼룸,2018,11,22,WELLBIOTECH,건강식품,1999,"152,?Allim-ro,?Chungju-si,?Chungcheongbuk-do",www.wellbiotech.co.kr
2018 거대 신흥시장 바이어 초청 수출상담회(업체선정완료),서울 그랜드 하얏트 호텔 그랜드볼룸,2018,11,22,"Jeion Co., Ltd.",유아식품,2013,"303, Cheonjam-ro, Wansan-gu, Jeollabuk-do, 55069, S.Korea",www.jeion.com
2018 거대 신흥시장 바이어 초청 수출상담회(업체선정완료),서울 그랜드 하얏트 호텔 그랜드볼룸,2018,11,22,"Kocheolnam Hongsam Co., Ltd","제조, 유통, 무역",2005,"61, Ganghwasandan-ro, Ganghwa-eup, Ganghwa-gun, Incheon",www.hong3.co.kr
2018 거대 신흥시장 바이어 초청 수출상담회(업체선정완료),서울 그랜드 하얏트 호텔 그랜드볼룸,2018,11,22,"Renewallife Co.,Ltd.",제조업,2004,"#816-3 Jipyeong-ro, Jipyeong-myeon, Yangpyeong-gun, Gyeonggi-do, Republic of Korea",www.renewallife.com
2018 거대 신흥시장 바이어 초청 수출상담회(업체선정완료),서울 그랜드 하얏트 호텔 그랜드볼룸,2018,11,22,"Mammmos Confectionery Co.,Ltd","생과자, 과자, 기타, 무역업",1985,"8, Dunchon-daero 526beon-gil, Jungwon-gu, Seongnam-si, Gyeonggi-do, Republic of Korea",www.mammos.co.kr
2018 거대 신흥시장 바이어 초청 수출상담회(업체선정완료),서울 그랜드 하얏트 호텔 그랜드볼룸,2018,11,22,sandolfood,"전분, 사료, 면류",2004,,http://www.sandolfood.co.kr
2018 거대 신흥시장 바이어 초청 수출상담회(업체선정완료),서울 그랜드 하얏트 호텔 그랜드볼룸,2018,11,22,"Namyang Dairy Products Co., Ltd.","낙농품, 음료",1964,"240, Dosan-daero, Gangnam-gu, Seoul",.http://company.namyangi.com/
2018 거대 신흥시장 바이어 초청 수출상담회(업체선정완료),서울 그랜드 하얏트 호텔 그랜드볼룸,2018,11,22,SFCBio Inc.,"제조, 도소매",1999,"25, Gasan digital 1-ro, Geumcheon-gu, Seoul",www.sfcbio.com
2018 거대 신흥시장 바이어 초청 수출상담회(업체선정완료),서울 그랜드 하얏트 호텔 그랜드볼룸,2018,11,22,"Genome&Medicine Co., Ltd.",제조도소매,2000,,
2018 거대 신흥시장 바이어 초청 수출상담회(업체선정완료),서울 그랜드 하얏트 호텔 그랜드볼룸,2018,11,22,OTTOGI,식품,1989,"OTTOGI CENTER, 308, YEONGDONG-DAERO, GANGNAM, SEOUL, KOREA 06177",www.ottogi.co.kr
2018 거대 신흥시장 바이어 초청 수출상담회(업체선정완료),서울 그랜드 하얏트 호텔 그랜드볼룸,2018,11,22,"Thebab CO., LTD.",조미료 및 식품첨가물,2012,"#404 R&DB Center of Kyungil University, 50 Gamasil-gil, Hayang-eup, Kyeongsan city, Kyeongbuk South Korea",www.thebab.kr
2018 거대 신흥시장 바이어 초청 수출상담회(업체선정완료),서울 그랜드 하얏트 호텔 그랜드볼룸,2018,11,22,"Kwangdong Pharmaceutical Co.,Ltd",의약품/화장품/임대,1963,"85, Seochojungang-ro, Seocho-gu, Seoul, Korea",www.ekdp.com
2018 거대 신흥시장 바이어 초청 수출상담회(업체선정완료),서울 그랜드 하얏트 호텔 그랜드볼룸,2018,11,22,Halal Korea Co Ltd,컨설팅 및 인증업(할랄),2012,,www.koreahalal.org
2018 거대 신흥시장 바이어 초청 수출상담회(업체선정완료),서울 그랜드 하얏트 호텔 그랜드볼룸,2018,11,22,nonggafood,즉석조리식품제조,2014,112 musimseoro 1099beongil heungdeokgu cheongjusi  chungcheongbukdo republic of korea,http://nonggafood.itrocks.kr/
2018 거대 신흥시장 바이어 초청 수출상담회(업체선정완료),서울 그랜드 하얏트 호텔 그랜드볼룸,2018,11,22,Lotte Liquor,주류,1926,"Lotte Castle Gold, 3/F, 269 Olympic-ro, Songpa-gu, Seoul, Korea",www.lotteliquor.com
2018 거대 신흥시장 바이어 초청 수출상담회(업체선정완료),서울 그랜드 하얏트 호텔 그랜드볼룸,2018,11,22,"Chungwoo Food Corp.,Inc.",제조업,2004,,www.chungwoofood.co.kr
2018 거대 신흥시장 바이어 초청 수출상담회(업체선정완료),서울 그랜드 하얏트 호텔 그랜드볼룸,2018,11,22,Charmfre,축산물가공,2012,"32-29, Ogyeo-gil, Haengan-myeon, Buan-gun, Jeollabuk-do, Korea",www.charmfre.co.kr
2018 거대 신흥시장 바이어 초청 수출상담회(업체선정완료),서울 그랜드 하얏트 호텔 그랜드볼룸,2018,11,22,nonggafood,즉석조리식품제조,2014,112 musimseoro 1099beongil heungdeokgu cheongjusi  chungcheongbukdo republic of korea,http://nonggafood.itrocks.kr/
2018 거대 신흥시장 바이어 초청 수출상담회(업체선정완료),서울 그랜드 하얏트 호텔 그랜드볼룸,2018,11,22,TEAZEN.Inc.,"다류, 식품, 무역",2001,"80-23, Daeun-gil, Gyegok-myeon, Haenam-gun, Jeollanam-do",www.teazen.co.kr
2018 거대 신흥시장 바이어 초청 수출상담회(업체선정완료),서울 그랜드 하얏트 호텔 그랜드볼룸,2018,11,22,"[K13] GOOD MORNING KOREA CO., LTD","무역업,농산물유통,판매",2009,"604, Cheonho-daero, Gwangjin-gu, Seoul",gmkfresh.com
2018 거대 신흥시장 바이어 초청 수출상담회(업체선정완료),서울 그랜드 하얏트 호텔 그랜드볼룸,2018,11,22,"CHUNGHAE S&D CO.,LTD","농수산물제조, 수출입, 도소매, 임가공",2002,"7, Cheonggangol-gil, Toseong-myeon, Goseong-gun, Gangwon-do, Republic of Korea",www.seaweedlove.kr
2018 거대 신흥시장 바이어 초청 수출상담회(업체선정완료),서울 그랜드 하얏트 호텔 그랜드볼룸,2018,11,22,OSONDOSON,"제조업,도매및소매업",2012,"16, Nagwon-dong-gil, Oseoseo-myeon, Sangju-si, Gyeongsangbuk-do South Korea",WWW.happybio114.com
2018 거대 신흥시장 바이어 초청 수출상담회(업체선정완료),서울 그랜드 하얏트 호텔 그랜드볼룸,2018,11,22,"SEUNG IN FOOD CO., LTD","참기름,들기름",2015,"58, Nakdongnam-ro 1013beon-gil, Gangseo-gu, Busan",http://seunginfood2.modoo.at
2018 거대 신흥시장 바이어 초청 수출상담회(업체선정완료),서울 그랜드 하얏트 호텔 그랜드볼룸,2018,11,22,Halal Korea Co Ltd,컨설팅 및 인증업(할랄),2012,,www.koreahalal.org
2018 거대 신흥시장 바이어 초청 수출상담회(업체선정완료),서울 그랜드 하얏트 호텔 그랜드볼룸,2018,11,22,HAEJEO FOODS,제조,2009,"499-25, Chungseo-ro, Gwangcheon-eup, Hongseong-gun, Chungcheongnam-do",www.hjgim.co.kr
2018 거대 신흥시장 바이어 초청 수출상담회(업체선정완료),서울 그랜드 하얏트 호텔 그랜드볼룸,2018,11,22,"SEUNG IN FOOD CO., LTD","참기름,들기름",2015,"58, Nakdongnam-ro 1013beon-gil, Gangseo-gu, Busan",http://seunginfood2.modoo.at
2018 거대 신흥시장 바이어 초청 수출상담회(업체선정완료),서울 그랜드 하얏트 호텔 그랜드볼룸,2018,11,22,SFCBio Inc.,"제조, 도소매",1999,"25, Gasan digital 1-ro, Geumcheon-gu, Seoul",www.sfcbio.com
2018 거대 신흥시장 바이어 초청 수출상담회(업체선정완료),서울 그랜드 하얏트 호텔 그랜드볼룸,2018,11,22,"BOKUMJARI CO.,LTD.",제조업,1996,"901 ACE TOWER, 361 SIMIN-DAERO, DONGAN-GU, ANYANG-SI, GYEONGGI-DO",www.bokumjari.co.kr
2018 거대 신흥시장 바이어 초청 수출상담회(업체선정완료),서울 그랜드 하얏트 호텔 그랜드볼룸,2018,11,22,OKF CORPORATION,"식품,식품무역,무역(수출입업),수출대행업",1990,"54, Hakdong-ro 21-gil, Gangnam-gu, Seoul",www.okf.kr
2018 거대 신흥시장 바이어 초청 수출상담회(업체선정완료),서울 그랜드 하얏트 호텔 그랜드볼룸,2018,11,22,HYE SUNG BEVERAGE CO.LTD,제조,2014,#202  MC TOWN 150 Munwha-ro Jincheonup Jincheongun Korea,www.hyesunggroup.com
2018 거대 신흥시장 바이어 초청 수출상담회(업체선정완료),서울 그랜드 하얏트 호텔 그랜드볼룸,2018,11,22,"CHUNGHAE S&D CO.,LTD","농수산물제조, 수출입, 도소매, 임가공",2002,"7, Cheonggangol-gil, Toseong-myeon, Goseong-gun, Gangwon-do, Republic of Korea",www.seaweedlove.kr
2018 거대 신흥시장 바이어 초청 수출상담회(업체선정완료),서울 그랜드 하얏트 호텔 그랜드볼룸,2018,11,22,"Chungwoo Food Corp.,Inc.",제조업,2004,,www.chungwoofood.co.kr
2018 거대 신흥시장 바이어 초청 수출상담회(업체선정완료),서울 그랜드 하얏트 호텔 그랜드볼룸,2018,11,22,YOUNG SHIN FOOD CO.,"맛김,수산물",2001,"131-22, Sinwol-gil, Seo-myeon, Seocheon-gun, Chungcheongnam-do, Repulbic of Korea",www.seafriend.co.kr
2018 거대 신흥시장 바이어 초청 수출상담회(업체선정완료),서울 그랜드 하얏트 호텔 그랜드볼룸,2018,11,22,SS TRADING,농수산물 수출입대행,2016,"101, 1140-12, Sinchang-dong, Gwangsan-gu, Gwangju, KOREA",
2018 거대 신흥시장 바이어 초청 수출상담회(업체선정완료),서울 그랜드 하얏트 호텔 그랜드볼룸,2018,11,22,ADDI GLOBAL Inc.,"제조, 무역",2016,"JST #908, 229, Seokjeong-ro, Michuhol-gu, Incheon",www.addiglobal.com
2018 거대 신흥시장 바이어 초청 수출상담회(업체선정완료),서울 그랜드 하얏트 호텔 그랜드볼룸,2018,11,22,MyungSung Agricultural Corporation,농산물,2003,,
2018 거대 신흥시장 바이어 초청 수출상담회(업체선정완료),서울 그랜드 하얏트 호텔 그랜드볼룸,2018,11,22,"GYODONG FOOD CO.,LTD.","식품,축산물 가공업",1998,"181, Jiyong-ro, Okcheon-eup, Okcheon-gun, Chungcheongbuk-do, Korea",www.howchon.com
2018 거대 신흥시장 바이어 초청 수출상담회(업체선정완료),서울 그랜드 하얏트 호텔 그랜드볼룸,2018,11,22,HANMIRAE FOOD,"도소매,제조업,무역",2013,"No, 9-61, Yeongdong-gil,Hamchang-eup, Sangju city, Gyeongsangbuk-do, Korea",http://hanmirae.kr
2018 거대 신흥시장 바이어 초청 수출상담회(업체선정완료),서울 그랜드 하얏트 호텔 그랜드볼룸,2018,11,22,"Renewallife Co.,Ltd.",제조업,2004,"#816-3 Jipyeong-ro, Jipyeong-myeon, Yangpyeong-gun, Gyeonggi-do, Republic of Korea",www.renewallife.com
2018 거대 신흥시장 바이어 초청 수출상담회(업체선정완료),서울 그랜드 하얏트 호텔 그랜드볼룸,2018,11,22,"AROMAVILLE COFFEE CO.,LTD.",커피 및 국산차 가공업,2001,"23, Seohae-ro 987beon-gil, Paltan-myeon, Hwaseong-si, Gyeonggi-do, Republic of Korea",www.handrip.com
2018 거대 신흥시장 바이어 초청 수출상담회(업체선정완료),서울 그랜드 하얏트 호텔 그랜드볼룸,2018,11,22,Aloe Farm Agriculture Association,제조업,2007,"282, Eumnae-ro, Geoje-myeon, Geoje-si, Gyeongsangnam-do",www.aloefarm.co.kr
2018 거대 신흥시장 바이어 초청 수출상담회(업체선정완료),서울 그랜드 하얏트 호텔 그랜드볼룸,2018,11,22,WELLBIOTECH,건강식품,1999,"152,?Allim-ro,?Chungju-si,?Chungcheongbuk-do",www.wellbiotech.co.kr
2018 거대 신흥시장 바이어 초청 수출상담회(업체선정완료),서울 그랜드 하얏트 호텔 그랜드볼룸,2018,11,22,KYUNGSEO F&B,"도매, 도매및 상품중개업",2008,"Room1205, Nonhyun B/D, 183, Bomun-ro, Seongbuk-gu, Seoul, korea",rohchs.en.ec21.com
2018 거대 신흥시장 바이어 초청 수출상담회(업체선정완료),서울 그랜드 하얏트 호텔 그랜드볼룸,2018,11,22,"worldfood.co.,Ltd","스낵류, 과자",1986,,www.murgerbon.com
2018 거대 신흥시장 바이어 초청 수출상담회(업체선정완료),서울 그랜드 하얏트 호텔 그랜드볼룸,2018,11,22,Saenam F&B,식품,2005,"#903, 28,Hwangsaeul-ro 200beon-gil,Bundang-gu, Seongnam-si",www.tacocafe.co.kr/
2018 거대 신흥시장 바이어 초청 수출상담회(업체선정완료),서울 그랜드 하얏트 호텔 그랜드볼룸,2018,11,22,"Daawon Co., Ltd.",식음료 제조업,2007,"65 Injeong-1 gil,Cheongsan-myeon,Okcheon-gun,Chungcheongbuk-do,Korea",www.daawon.com
2018 거대 신흥시장 바이어 초청 수출상담회(업체선정완료),서울 그랜드 하얏트 호텔 그랜드볼룸,2018,11,22,Pocheon eco-friendly mountain farming association corporation,"농산물, 제조업",2014,"62-11, Kkotbaesan 3-gil, Gunnae-myeon, Pocheon-si, Gyeonggi-do, Republic of Korea",www.sanchaeum/com
2018 거대 신흥시장 바이어 초청 수출상담회(업체선정완료),서울 그랜드 하얏트 호텔 그랜드볼룸,2018,11,22,KEUMKANG B&F,청량음료외,1988,"106, Dusan-gil, Daesowon-myeon, Chungju-si, Chungcheongbuk-do, Republic of Korea",http://keumkangbnf.com/
2018 거대 신흥시장 바이어 초청 수출상담회(업체선정완료),서울 그랜드 하얏트 호텔 그랜드볼룸,2018,11,22,[K01] AGRICULTURAL COMPANY CORP JAYEONTEO,농산물.농산물가공.농산물,2015,"400, Seonghyeon-ro, Ilsandong-gu, Goyang-si, Gyeonggi-do",www.gentlematto.com
2018 거대 신흥시장 바이어 초청 수출상담회(업체선정완료),서울 그랜드 하얏트 호텔 그랜드볼룸,2018,11,22,"Jinsan Beverage Co.,Ltd.",음료 제조업,2016,"13, Namjo-ro 3rd road, Jocheon-eup, Jeju, Korea",www.jinsanfnb.com
2018 거대 신흥시장 바이어 초청 수출상담회(업체선정완료),서울 그랜드 하얏트 호텔 그랜드볼룸,2018,11,22,Woomtree Corporation,"식품가공,장류",1978,"1206, JEONYEONGRO, CHANGSU MYEON, POCHEON CITY, GYEONGGIDO",www.woomtree.co.kr
2018 거대 신흥시장 바이어 초청 수출상담회(업체선정완료),서울 그랜드 하얏트 호텔 그랜드볼룸,2018,11,22,"worldfood.co.,Ltd","스낵류, 과자",1986,,www.murgerbon.com
2018 거대 신흥시장 바이어 초청 수출상담회(업체선정완료),서울 그랜드 하얏트 호텔 그랜드볼룸,2018,11,22,HANMIRAE FOOD,"도소매,제조업,무역",2013,"No, 9-61, Yeongdong-gil,Hamchang-eup, Sangju city, Gyeongsangbuk-do, Korea",http://hanmirae.kr
2018 거대 신흥시장 바이어 초청 수출상담회(업체선정완료),서울 그랜드 하얏트 호텔 그랜드볼룸,2018,11,22,"[K11] GAMRO700 AGRICULTURE CO., LTD.",다류,2015,"1305-54, Nochusan-ro, Wangsan-myeon, Gangneung-si, Gangwon-do",www.gamro700.com
2018 거대 신흥시장 바이어 초청 수출상담회(업체선정완료),서울 그랜드 하얏트 호텔 그랜드볼룸,2018,11,22,The Marketing Firms in Common of the Primary Cooperatives Nonsan City,농축산물,2013,"34, Chengdong-ro, Yensan-myun, Nonsan-si, Chungchengnam-do, Republic of Korea",
2018 거대 신흥시장 바이어 초청 수출상담회(업체선정완료),서울 그랜드 하얏트 호텔 그랜드볼룸,2018,11,22,HYE SUNG BEVERAGE CO.LTD,제조,2014,#202  MC TOWN 150 Munwha-ro Jincheonup Jincheongun Korea,www.hyesunggroup.com
2018 거대 신흥시장 바이어 초청 수출상담회(업체선정완료),서울 그랜드 하얏트 호텔 그랜드볼룸,2018,11,22,"BOKUMJARI CO.,LTD.",제조업,1996,"901 ACE TOWER, 361 SIMIN-DAERO, DONGAN-GU, ANYANG-SI, GYEONGGI-DO",www.bokumjari.co.kr
2018 거대 신흥시장 바이어 초청 수출상담회(업체선정완료),서울 그랜드 하얏트 호텔 그랜드볼룸,2018,11,22,"TAEKWAN CO.,LTD.",무역업,2002,"#401,jungwoo bldg, injung-ro178, jung-gu, incheon",www.taekwan.co.kr
2018 거대 신흥시장 바이어 초청 수출상담회(업체선정완료),서울 그랜드 하얏트 호텔 그랜드볼룸,2018,11,22,"DONGSEO NONGSAN CO, LTD",무역,2005,"Rm.807, East Bldg., 295, Gwangpyeong-ro, Gangnam-gu, Seoul, Korea",N
2018 거대 신흥시장 바이어 초청 수출상담회(업체선정완료),서울 그랜드 하얏트 호텔 그랜드볼룸,2018,11,22,Aloe Farm Agriculture Association,제조업,2007,"282, Eumnae-ro, Geoje-myeon, Geoje-si, Gyeongsangnam-do",www.aloefarm.co.kr
2018 거대 신흥시장 바이어 초청 수출상담회(업체선정완료),서울 그랜드 하얏트 호텔 그랜드볼룸,2018,11,22,OSONDOSON,"제조업,도매및소매업",2012,"16, Nagwon-dong-gil, Oseoseo-myeon, Sangju-si, Gyeongsangbuk-do South Korea",WWW.happybio114.com
2018 거대 신흥시장 바이어 초청 수출상담회(업체선정완료),서울 그랜드 하얏트 호텔 그랜드볼룸,2018,11,22,Ikgkorea co.,무역,2011,"F718, Centumbiz, 45, Jojeong-daero, Hanam-si, Gyeonggi-do, Korea",www.ikgkorea.com
2018 거대 신흥시장 바이어 초청 수출상담회(업체선정완료),서울 그랜드 하얏트 호텔 그랜드볼룸,2018,11,22,Saenam F&B,식품,2005,"#903, 28,Hwangsaeul-ro 200beon-gil,Bundang-gu, Seongnam-si",www.tacocafe.co.kr/
2018 거대 신흥시장 바이어 초청 수출상담회(업체선정완료),서울 그랜드 하얏트 호텔 그랜드볼룸,2018,11,22,"CHUNGHAE S&D CO.,LTD","농수산물제조, 수출입, 도소매, 임가공",2002,"7, Cheonggangol-gil, Toseong-myeon, Goseong-gun, Gangwon-do, Republic of Korea",www.seaweedlove.kr
2018 거대 신흥시장 바이어 초청 수출상담회(업체선정완료),서울 그랜드 하얏트 호텔 그랜드볼룸,2018,11,22,"MIWAMI CO., LTD",다류 수출업 무역,2009,"840-1 Noam-dong, Namwon-si, Jeollabuk-do, Korea",www.miwami.com
2018 거대 신흥시장 바이어 초청 수출상담회(업체선정완료),서울 그랜드 하얏트 호텔 그랜드볼룸,2018,11,22,[K01] AGRICULTURAL COMPANY CORP JAYEONTEO,농산물.농산물가공.농산물,2015,"400, Seonghyeon-ro, Ilsandong-gu, Goyang-si, Gyeonggi-do",www.gentlematto.com
2018 거대 신흥시장 바이어 초청 수출상담회(업체선정완료),서울 그랜드 하얏트 호텔 그랜드볼룸,2018,11,22,"DAEDONG KOREA GINSENG CO.,LTD",홍삼제품,2002,"ChungNam GeumsanGun, GunbukMyeon, GunbukRo,",www.ddkorea.co.kr
2018 거대 신흥시장 바이어 초청 수출상담회(업체선정완료),서울 그랜드 하얏트 호텔 그랜드볼룸,2018,11,22,"Daawon Co., Ltd.",식음료 제조업,2007,"65 Injeong-1 gil,Cheongsan-myeon,Okcheon-gun,Chungcheongbuk-do,Korea",www.daawon.com
2018 거대 신흥시장 바이어 초청 수출상담회(업체선정완료),서울 그랜드 하얏트 호텔 그랜드볼룸,2018,11,22,"bogoshinyak.co.,ltd.",음료,2004,"167, Songpa-daero, Songpa-gu, Seoul",www.ebogo.kr
2018 거대 신흥시장 바이어 초청 수출상담회(업체선정완료),서울 그랜드 하얏트 호텔 그랜드볼룸,2018,11,22,WELLBIOTECH,건강식품,1999,"152,?Allim-ro,?Chungju-si,?Chungcheongbuk-do",www.wellbiotech.co.kr
2018 거대 신흥시장 바이어 초청 수출상담회(업체선정완료),서울 그랜드 하얏트 호텔 그랜드볼룸,2018,11,22,"Genome&Medicine Co., Ltd.",제조도소매,2000,,
2018 거대 신흥시장 바이어 초청 수출상담회(업체선정완료),서울 그랜드 하얏트 호텔 그랜드볼룸,2018,11,22,"Bionutrigen Co.,Ltd",건강식품외,1999,"1662, Yuseong-daero, Yuseong-gu, Daejeon",www.bionutrigen
2018 거대 신흥시장 바이어 초청 수출상담회(업체선정완료),서울 그랜드 하얏트 호텔 그랜드볼룸,2018,11,22,Handok,"양약, 자양강장제",1954,"132 Teheran-ro, Gangnam-gu, Seoul, south korea",www.handok.co.kr
2018 거대 신흥시장 바이어 초청 수출상담회(업체선정완료),서울 그랜드 하얏트 호텔 그랜드볼룸,2018,11,22,"GEUMSANMALL CO.,LTD.",인삼 홍삼식품 인삼제품 통신판매업,2009,"8-4, Eomnamu-gil, Geumsan-eup, Geumsan-gun, Chungcheongnam-do, korea",geumsan.co.kr
2018 거대 신흥시장 바이어 초청 수출상담회(업체선정완료),서울 그랜드 하얏트 호텔 그랜드볼룸,2018,11,22,PCC Corporation,작물재배업. 제조업,2016,"61-61, Surijae-gil, Mitan-myeon, Pyeongchang-gun, Gangwon-do",
2018 거대 신흥시장 바이어 초청 수출상담회(업체선정완료),서울 그랜드 하얏트 호텔 그랜드볼룸,2018,11,22,"Namyang Dairy Products Co., Ltd.","낙농품, 음료",1964,"240, Dosan-daero, Gangnam-gu, Seoul",.http://company.namyangi.com/
2018 거대 신흥시장 바이어 초청 수출상담회(업체선정완료),서울 그랜드 하얏트 호텔 그랜드볼룸,2018,11,22,"DAEDOO FOODS CO., LTD.",제조,1983,"23, SANGJANGGONWIT-GIL, SEOSU-MYEON, GUNSAN-CITY, JEONRABUGDO, KOREA",www.idaedoo.co.kr
2018 거대 신흥시장 바이어 초청 수출상담회(업체선정완료),서울 그랜드 하얏트 호텔 그랜드볼룸,2018,11,22,SEMPIO FOODS COMPANY,식품,1946,2 chungmuro jung gu seoul korea,www.sempio.com
2018 거대 신흥시장 바이어 초청 수출상담회(업체선정완료),서울 그랜드 하얏트 호텔 그랜드볼룸,2018,11,22,"Daawon Co., Ltd.",식음료 제조업,2007,"65 Injeong-1 gil,Cheongsan-myeon,Okcheon-gun,Chungcheongbuk-do,Korea",www.daawon.com
2018 거대 신흥시장 바이어 초청 수출상담회(업체선정완료),서울 그랜드 하얏트 호텔 그랜드볼룸,2018,11,22,"Nokchawon Co., Ltd.","무역, 다류식품",1992,"84, Seocho-daero 4-gil, Seocho-gu, Seoul",www.nokchawon.co.kr
2018 거대 신흥시장 바이어 초청 수출상담회(업체선정완료),서울 그랜드 하얏트 호텔 그랜드볼룸,2018,11,22,"Badaone Co., Ltd.","건어물, 건어물 가공, 무역업",1995,,www.badaone.co.kr
2018 거대 신흥시장 바이어 초청 수출상담회(업체선정완료),서울 그랜드 하얏트 호텔 그랜드볼룸,2018,11,22,bionfnb,도소매,2008,yeondeungpo Circulation shopping center floor bar 43,www.mscfucoidan.kr
2018 거대 신흥시장 바이어 초청 수출상담회(업체선정완료),서울 그랜드 하얏트 호텔 그랜드볼룸,2018,11,22,Ikgkorea co.,무역,2011,"F718, Centumbiz, 45, Jojeong-daero, Hanam-si, Gyeonggi-do, Korea",www.ikgkorea.com
2018 거대 신흥시장 바이어 초청 수출상담회(업체선정완료),서울 그랜드 하얏트 호텔 그랜드볼룸,2018,11,22,GYEONG BUK CORPORATION,도소매,1994,"76-6, HYEONNAE-GIL, JILLYANG-EUP, GYEONGSAN-SI, GYEONGSANGBUK-DO, KOREA",www.gbci.co.kr
2018 거대 신흥시장 바이어 초청 수출상담회(업체선정완료),서울 그랜드 하얏트 호텔 그랜드볼룸,2018,11,22,"SSMGLOBAL CO., LTD.","무역, 유통",2016,"385, Gulmi-ro, Juksan-myeon, Anseong-si, Gyeonggi-do, Korea",www.ssmglobal.co.kr
2018 거대 신흥시장 바이어 초청 수출상담회(업체선정완료),서울 그랜드 하얏트 호텔 그랜드볼룸,2018,11,22,"Kwangdong Pharmaceutical Co.,Ltd",의약품/화장품/임대,1963,"85, Seochojungang-ro, Seocho-gu, Seoul, Korea",www.ekdp.com
2018 거대 신흥시장 바이어 초청 수출상담회(업체선정완료),서울 그랜드 하얏트 호텔 그랜드볼룸,2018,11,22,HANMIRAE FOOD,"도소매,제조업,무역",2013,"No, 9-61, Yeongdong-gil,Hamchang-eup, Sangju city, Gyeongsangbuk-do, Korea",http://hanmirae.kr
2018 거대 신흥시장 바이어 초청 수출상담회(업체선정완료),서울 그랜드 하얏트 호텔 그랜드볼룸,2018,11,22,[K01] AGRICULTURAL COMPANY CORP JAYEONTEO,농산물.농산물가공.농산물,2015,"400, Seonghyeon-ro, Ilsandong-gu, Goyang-si, Gyeonggi-do",www.gentlematto.com
2018 거대 신흥시장 바이어 초청 수출상담회(업체선정완료),서울 그랜드 하얏트 호텔 그랜드볼룸,2018,11,22,"AROMAVILLE COFFEE CO.,LTD.",커피 및 국산차 가공업,2001,"23, Seohae-ro 987beon-gil, Paltan-myeon, Hwaseong-si, Gyeonggi-do, Republic of Korea",www.handrip.com
2018 거대 신흥시장 바이어 초청 수출상담회(업체선정완료),서울 그랜드 하얏트 호텔 그랜드볼룸,2018,11,22,"Mammmos Confectionery Co.,Ltd","생과자, 과자, 기타, 무역업",1985,"8, Dunchon-daero 526beon-gil, Jungwon-gu, Seongnam-si, Gyeonggi-do, Republic of Korea",www.mammos.co.kr
2018 거대 신흥시장 바이어 초청 수출상담회(업체선정완료),서울 그랜드 하얏트 호텔 그랜드볼룸,2018,11,22,"MORE CO., LTD.",식품 가공,2006,"113,DODONGGUYEOK-GIL,YEONGCHEON-SI,GYEONGSANGBUK-DO,KOREA",morecorp.co.kr
2018 거대 신흥시장 바이어 초청 수출상담회(업체선정완료),서울 그랜드 하얏트 호텔 그랜드볼룸,2018,11,22,"KKOH SHAEM FOOD CO.,LTD","다류 제조, 도소매 및 수출",1997,"#82 Jugyeopsan-ro, 35 Beon-gil, Sohol-eup, Pocheon-si, Gyeonggi-do, Korea",www.ksfs.co.kr
2018 거대 신흥시장 바이어 초청 수출상담회(업체선정완료),서울 그랜드 하얏트 호텔 그랜드볼룸,2018,11,22,Handok,"양약, 자양강장제",1954,"132 Teheran-ro, Gangnam-gu, Seoul, south korea",www.handok.co.kr
2018 거대 신흥시장 바이어 초청 수출상담회(업체선정완료),서울 그랜드 하얏트 호텔 그랜드볼룸,2018,11,22,"Nokchawon Co., Ltd.","무역, 다류식품",1992,"84, Seocho-daero 4-gil, Seocho-gu, Seoul",www.nokchawon.co.kr
2018 거대 신흥시장 바이어 초청 수출상담회(업체선정완료),서울 그랜드 하얏트 호텔 그랜드볼룸,2018,11,22,"[K11] GAMRO700 AGRICULTURE CO., LTD.",다류,2015,"1305-54, Nochusan-ro, Wangsan-myeon, Gangneung-si, Gangwon-do",www.gamro700.com
2018 거대 신흥시장 바이어 초청 수출상담회(업체선정완료),서울 그랜드 하얏트 호텔 그랜드볼룸,2018,11,22,pocheon ginseng farmer association,인삼제품,2005,,http://www.pocheoninsam.com/
2018 거대 신흥시장 바이어 초청 수출상담회(업체선정완료),서울 그랜드 하얏트 호텔 그랜드볼룸,2018,11,22,"TAEKWAN CO.,LTD.",무역업,2002,"#401,jungwoo bldg, injung-ro178, jung-gu, incheon",www.taekwan.co.kr
2018 거대 신흥시장 바이어 초청 수출상담회(업체선정완료),서울 그랜드 하얏트 호텔 그랜드볼룸,2018,11,22,"SIK Co., Ltd",식음료,2004,"436 Yanghwa-Ro,Neungseo-Myeon,Yeoju City,Gyeonggi,Korea",http://www.sikco.kr/
2018 거대 신흥시장 바이어 초청 수출상담회(업체선정완료),서울 그랜드 하얏트 호텔 그랜드볼룸,2018,11,22,HYE SUNG BEVERAGE CO.LTD,제조,2014,#202  MC TOWN 150 Munwha-ro Jincheonup Jincheongun Korea,www.hyesunggroup.com
2018 거대 신흥시장 바이어 초청 수출상담회(업체선정완료),서울 그랜드 하얏트 호텔 그랜드볼룸,2018,11,22,Marineseed Korea,수출업체,2015,"27, Bucheon-ro 136beon-gil, Bucheon-si, Gyeonggi-do",www.marineseed.com
2018 거대 신흥시장 바이어 초청 수출상담회(업체선정완료),서울 그랜드 하얏트 호텔 그랜드볼룸,2018,11,22,"Bionutrigen Co.,Ltd",건강식품외,1999,"1662, Yuseong-daero, Yuseong-gu, Daejeon",www.bionutrigen
2018 거대 신흥시장 바이어 초청 수출상담회(업체선정완료),서울 그랜드 하얏트 호텔 그랜드볼룸,2018,11,22,"Health Balance Co., Ltd.","건강기능성식품, 영유아 간부식, 이유식",2006,"Suite 2104, 21Fl., Trade Tower, Samseong-Dong, Gangnam-Gu, Seoul",https://mall.hbalance.co.kr/     http://www.alvins.co.kr/
2018 거대 신흥시장 바이어 초청 수출상담회(업체선정완료),서울 그랜드 하얏트 호텔 그랜드볼룸,2018,11,22,"KKOH SHAEM FOOD CO.,LTD","다류 제조, 도소매 및 수출",1997,"#82 Jugyeopsan-ro, 35 Beon-gil, Sohol-eup, Pocheon-si, Gyeonggi-do, Korea",www.ksfs.co.kr
2018 거대 신흥시장 바이어 초청 수출상담회(업체선정완료),서울 그랜드 하얏트 호텔 그랜드볼룸,2018,11,22,"AROMAVILLE COFFEE CO.,LTD.",커피 및 국산차 가공업,2001,"23, Seohae-ro 987beon-gil, Paltan-myeon, Hwaseong-si, Gyeonggi-do, Republic of Korea",www.handrip.com
2018 거대 신흥시장 바이어 초청 수출상담회(업체선정완료),서울 그랜드 하얏트 호텔 그랜드볼룸,2018,11,22,PCC Corporation,작물재배업. 제조업,2016,"61-61, Surijae-gil, Mitan-myeon, Pyeongchang-gun, Gangwon-do",
2018 거대 신흥시장 바이어 초청 수출상담회(업체선정완료),서울 그랜드 하얏트 호텔 그랜드볼룸,2018,11,22,"DONGSEO NONGSAN CO, LTD",무역,2005,"Rm.807, East Bldg., 295, Gwangpyeong-ro, Gangnam-gu, Seoul, Korea",N
2018 거대 신흥시장 바이어 초청 수출상담회(업체선정완료),서울 그랜드 하얏트 호텔 그랜드볼룸,2018,11,22,SAMIK MARKETING,신선농산물,2007,"94, Sanginseo-ro, Dalseo-gu, Daegu",
2018 거대 신흥시장 바이어 초청 수출상담회(업체선정완료),서울 그랜드 하얏트 호텔 그랜드볼룸,2018,11,22,CHOROKARIUL,농산물/곡물도정/시기품가공(밀가루등)/통신판매,2004,"39, Deungyounggil, Haseo-myyon, Buan-gun, Jeollabuk-do,Korea,56332",http://www.chorokariul.com/
2018 거대 신흥시장 바이어 초청 수출상담회(업체선정완료),서울 그랜드 하얏트 호텔 그랜드볼룸,2018,11,22,"CHOGA CO.,LTD",주류제조,2005,"33-12, Oegol-gil, Gimhwa-eup, Cheorwon-gun, Gangwon-do, 24055, Rep. of KOREA",www.choga.co.kr
2018 거대 신흥시장 바이어 초청 수출상담회(업체선정완료),서울 그랜드 하얏트 호텔 그랜드볼룸,2018,11,22,"DAEDONG KOREA GINSENG CO.,LTD",홍삼제품,2002,"ChungNam GeumsanGun, GunbukMyeon, GunbukRo,",www.ddkorea.co.kr
2018 거대 신흥시장 바이어 초청 수출상담회(업체선정완료),서울 그랜드 하얏트 호텔 그랜드볼룸,2018,11,22,"Genome&Medicine Co., Ltd.",제조도소매,2000,,
2018 거대 신흥시장 바이어 초청 수출상담회(업체선정완료),서울 그랜드 하얏트 호텔 그랜드볼룸,2018,11,22,"JNS GLOBAL CO., LTD.",무역업,2016,"Rm1304, 141, Seowon-ro, Wansan-gu, Jeonju, Jeonbuk, Korea",www.jnsglobalkorea.com
2018 거대 신흥시장 바이어 초청 수출상담회(업체선정완료),서울 그랜드 하얏트 호텔 그랜드볼룸,2018,11,22,"KEIL Co., Ltd",식용곤충활용식품 제조업,2016,"#403, 4th Floor, 191, Dongho-ro, Jung-gu, Seoul, 04598, Korea",http://www.keilcorp.com
2018 거대 신흥시장 바이어 초청 수출상담회(업체선정완료),서울 그랜드 하얏트 호텔 그랜드볼룸,2018,11,22,Handok,"양약, 자양강장제",1954,"132 Teheran-ro, Gangnam-gu, Seoul, south korea",www.handok.co.kr
2018 거대 신흥시장 바이어 초청 수출상담회(업체선정완료),서울 그랜드 하얏트 호텔 그랜드볼룸,2018,11,22,"bogoshinyak.co.,ltd.",음료,2004,"167, Songpa-daero, Songpa-gu, Seoul",www.ebogo.kr
2018 거대 신흥시장 바이어 초청 수출상담회(업체선정완료),서울 그랜드 하얏트 호텔 그랜드볼룸,2018,11,22,WELLBIOTECH,건강식품,1999,"152,?Allim-ro,?Chungju-si,?Chungcheongbuk-do",www.wellbiotech.co.kr
2018 거대 신흥시장 바이어 초청 수출상담회(업체선정완료),서울 그랜드 하얏트 호텔 그랜드볼룸,2018,11,22,QUALI KOREA CORP,"수출입업무,수출대행업,오퍼",2005,"52, Achasan-ro 15-gil, Seongdong-gu, Seoul",www.qkc.co.kr
2018 거대 신흥시장 바이어 초청 수출상담회(업체선정완료),서울 그랜드 하얏트 호텔 그랜드볼룸,2018,11,22,"Renewallife Co.,Ltd.",제조업,2004,"#816-3 Jipyeong-ro, Jipyeong-myeon, Yangpyeong-gun, Gyeonggi-do, Republic of Korea",www.renewallife.com
2018 거대 신흥시장 바이어 초청 수출상담회(업체선정완료),서울 그랜드 하얏트 호텔 그랜드볼룸,2018,11,22,OTTOGI,식품,1989,"OTTOGI CENTER, 308, YEONGDONG-DAERO, GANGNAM, SEOUL, KOREA 06177",www.ottogi.co.kr
2018 거대 신흥시장 바이어 초청 수출상담회(업체선정완료),서울 그랜드 하얏트 호텔 그랜드볼룸,2018,11,22,"Kwangdong Pharmaceutical Co.,Ltd",의약품/화장품/임대,1963,"85, Seochojungang-ro, Seocho-gu, Seoul, Korea",www.ekdp.com
2018 거대 신흥시장 바이어 초청 수출상담회(업체선정완료),서울 그랜드 하얏트 호텔 그랜드볼룸,2018,11,22,SEMPIO FOODS COMPANY,식품,1946,2 chungmuro jung gu seoul korea,www.sempio.com
2018 거대 신흥시장 바이어 초청 수출상담회(업체선정완료),서울 그랜드 하얏트 호텔 그랜드볼룸,2018,11,22,Lee's Marketing Inc.,"무역,농수산물외",2007,"508-33 Seolga-ro, Seolseoung-myeon, Icheon-si, Gyeonggi-do, Korea",www.wellplus.co.kr
2018 거대 신흥시장 바이어 초청 수출상담회(업체선정완료),서울 그랜드 하얏트 호텔 그랜드볼룸,2018,11,22,"Agricultural Corporation Dunchon co., ltd.","농업, 도매및 상품중개업, 도소매",2010,"26Sanumul 1 gil, lipjang-myun, Seubuk-gu, Chunan-si, Chungcheongnam-do, Korea",
2018 거대 신흥시장 바이어 초청 수출상담회(업체선정완료),서울 그랜드 하얏트 호텔 그랜드볼룸,2018,11,22,"Mammmos Confectionery Co.,Ltd","생과자, 과자, 기타, 무역업",1985,"8, Dunchon-daero 526beon-gil, Jungwon-gu, Seongnam-si, Gyeonggi-do, Republic of Korea",www.mammos.co.kr
2018 거대 신흥시장 바이어 초청 수출상담회(업체선정완료),서울 그랜드 하얏트 호텔 그랜드볼룸,2018,11,22,OKF CORPORATION,"식품,식품무역,무역(수출입업),수출대행업",1990,"54, Hakdong-ro 21-gil, Gangnam-gu, Seoul",www.okf.kr
2018 거대 신흥시장 바이어 초청 수출상담회(업체선정완료),서울 그랜드 하얏트 호텔 그랜드볼룸,2018,11,22,"CHOGA CO.,LTD",주류제조,2005,"33-12, Oegol-gil, Gimhwa-eup, Cheorwon-gun, Gangwon-do, 24055, Rep. of KOREA",www.choga.co.kr
2018 거대 신흥시장 바이어 초청 수출상담회(업체선정완료),서울 그랜드 하얏트 호텔 그랜드볼룸,2018,11,22,"Rima Global Co., LTD","농,축,수산물가공및 판매 수출",2004,"59-16 Maegok-gil, Wungpo-myeon, Iksan-si, Jeonrabukdo, Korea",
2018 거대 신흥시장 바이어 초청 수출상담회(업체선정완료),서울 그랜드 하얏트 호텔 그랜드볼룸,2018,11,22,"SSMGLOBAL CO., LTD.","무역, 유통",2016,"385, Gulmi-ro, Juksan-myeon, Anseong-si, Gyeonggi-do, Korea",www.ssmglobal.co.kr
2018 거대 신흥시장 바이어 초청 수출상담회(업체선정완료),서울 그랜드 하얏트 호텔 그랜드볼룸,2018,11,22,"JINHYUN CO.,LTD",식품원료,2011,,www.fresiweed.com
2018 거대 신흥시장 바이어 초청 수출상담회(업체선정완료),서울 그랜드 하얏트 호텔 그랜드볼룸,2018,11,22,"CHUNGHAE S&D CO.,LTD","농수산물제조, 수출입, 도소매, 임가공",2002,"7, Cheonggangol-gil, Toseong-myeon, Goseong-gun, Gangwon-do, Republic of Korea",www.seaweedlove.kr
2018 거대 신흥시장 바이어 초청 수출상담회(업체선정완료),서울 그랜드 하얏트 호텔 그랜드볼룸,2018,11,22,"MONGGO FOODS CO., LTD.",장류 및 기타식품 등,1905,"18, Paryong-ro 371beon-gil, Uichang-gu, Changwon-si, Gyeongsangnam-do",www.monggofood.co.kr
2018 거대 신흥시장 바이어 초청 수출상담회(업체선정완료),서울 그랜드 하얏트 호텔 그랜드볼룸,2018,11,22,"DAECHUN LAVER CO., LTD.","수산물 (조미김, 김밥김, 스낵김)",2013,"425-21, Daehae-ro, Boryeong-si, Chungcheongnam-do, KOREA <33491>",http://www.9329292.co.kr/
2018 거대 신흥시장 바이어 초청 수출상담회(업체선정완료),서울 그랜드 하얏트 호텔 그랜드볼룸,2018,11,22,TEAZEN.Inc.,"다류, 식품, 무역",2001,"80-23, Daeun-gil, Gyegok-myeon, Haenam-gun, Jeollanam-do",www.teazen.co.kr
2018 거대 신흥시장 바이어 초청 수출상담회(업체선정완료),서울 그랜드 하얏트 호텔 그랜드볼룸,2018,11,22,"MIWAMI CO., LTD",다류 수출업 무역,2009,"840-1 Noam-dong, Namwon-si, Jeollabuk-do, Korea",www.miwami.com
2018 거대 신흥시장 바이어 초청 수출상담회(업체선정완료),서울 그랜드 하얏트 호텔 그랜드볼룸,2018,11,22,HB CORPORATION,수출입업,2009,"259-2, Sinseon-ro, Nam-gu, Busan",www.foodtrade.co.kr
2018 거대 신흥시장 바이어 초청 수출상담회(업체선정완료),서울 그랜드 하얏트 호텔 그랜드볼룸,2018,11,22,YBMcmc,수출입 (농수산물),2014,"#B1-10, 38, Beopjo-ro, Yeongtong-gu, Suwon-si, Gyeonggi-do",http://ybmcmckorea.itrocks.kr/
2018 거대 신흥시장 바이어 초청 수출상담회(업체선정완료),서울 그랜드 하얏트 호텔 그랜드볼룸,2018,11,22,ORIENTAL F&B,식품 무역,2011,"11, Beobwon-ro 11-gil, Songpa-gu, Seoul",www.orientalfnb.com
2018 거대 신흥시장 바이어 초청 수출상담회(업체선정완료),서울 그랜드 하얏트 호텔 그랜드볼룸,2018,11,22,"worldfood.co.,Ltd","스낵류, 과자",1986,,www.murgerbon.com
2018 거대 신흥시장 바이어 초청 수출상담회(업체선정완료),서울 그랜드 하얏트 호텔 그랜드볼룸,2018,11,22,"MORE CO., LTD.",식품 가공,2006,"113,DODONGGUYEOK-GIL,YEONGCHEON-SI,GYEONGSANGBUK-DO,KOREA",morecorp.co.kr
2018 거대 신흥시장 바이어 초청 수출상담회(업체선정완료),서울 그랜드 하얏트 호텔 그랜드볼룸,2018,11,22,OKF CORPORATION,"식품,식품무역,무역(수출입업),수출대행업",1990,"54, Hakdong-ro 21-gil, Gangnam-gu, Seoul",www.okf.kr
2018 거대 신흥시장 바이어 초청 수출상담회(업체선정완료),서울 그랜드 하얏트 호텔 그랜드볼룸,2018,11,22,Pocheon eco-friendly mountain farming association corporation,"농산물, 제조업",2014,"62-11, Kkotbaesan 3-gil, Gunnae-myeon, Pocheon-si, Gyeonggi-do, Republic of Korea",www.sanchaeum/com
2018 거대 신흥시장 바이어 초청 수출상담회(업체선정완료),서울 그랜드 하얏트 호텔 그랜드볼룸,2018,11,22,Gyeovgseong Shiitake Mushroom Farm,임산물생산,2007,,
2018 거대 신흥시장 바이어 초청 수출상담회(업체선정완료),서울 그랜드 하얏트 호텔 그랜드볼룸,2018,11,22,PCC Corporation,작물재배업. 제조업,2016,"61-61, Surijae-gil, Mitan-myeon, Pyeongchang-gun, Gangwon-do",
2018 거대 신흥시장 바이어 초청 수출상담회(업체선정완료),서울 그랜드 하얏트 호텔 그랜드볼룸,2018,11,22,"BOKUMJARI CO.,LTD.",제조업,1996,"901 ACE TOWER, 361 SIMIN-DAERO, DONGAN-GU, ANYANG-SI, GYEONGGI-DO",www.bokumjari.co.kr
2018 거대 신흥시장 바이어 초청 수출상담회(업체선정완료),서울 그랜드 하얏트 호텔 그랜드볼룸,2018,11,22,NATURE FARM Agriculture Corp.,농산물 제조 및 유통판매,2010,"257-18 Haksantopyeong-gil, Hwayang, Cheongdo, Gyeongbuk, KOREA",www.nfdry.com
2018 거대 신흥시장 바이어 초청 수출상담회(업체선정완료),서울 그랜드 하얏트 호텔 그랜드볼룸,2018,11,22,"DAEDOO FOODS CO., LTD.",제조,1983,"23, SANGJANGGONWIT-GIL, SEOSU-MYEON, GUNSAN-CITY, JEONRABUGDO, KOREA",www.idaedoo.co.kr
2018 거대 신흥시장 바이어 초청 수출상담회(업체선정완료),서울 그랜드 하얏트 호텔 그랜드볼룸,2018,11,22,"Living Life Co., Ltd.","곡물제분,무역",1993,"275-43, Sinman-ro, Gonjiam-eup, Gwangju-si, Gyunggi-do, Korea",www.elivinglife.co.kr
2018 거대 신흥시장 바이어 초청 수출상담회(업체선정완료),서울 그랜드 하얏트 호텔 그랜드볼룸,2018,11,22,SAMYANG FOODS,"라면류, 국수류",1961,"104 OPAESAN-RO 3GIL SEOUNGBUK-GU, SEOUL",
2018 거대 신흥시장 바이어 초청 수출상담회(업체선정완료),서울 그랜드 하얏트 호텔 그랜드볼룸,2018,11,22,"GYODONG FOOD CO.,LTD.","식품,축산물 가공업",1998,"181, Jiyong-ro, Okcheon-eup, Okcheon-gun, Chungcheongbuk-do, Korea",www.howchon.com
2018 거대 신흥시장 바이어 초청 수출상담회(업체선정완료),서울 그랜드 하얏트 호텔 그랜드볼룸,2018,11,22,SD Korea,식품,2015,"70, Baksan-ro, Yuseong-gu, Daejeon",www.sd-korea.co.kr
2018 거대 신흥시장 바이어 초청 수출상담회(업체선정완료),서울 그랜드 하얏트 호텔 그랜드볼룸,2018,11,22,Korean pears cooperative union,농업,2012,"218, Dusan-gil, Munsan-eup, Jinju-si, Gyeongsangnam-do",N
2018 거대 신흥시장 바이어 초청 수출상담회(업체선정완료),서울 그랜드 하얏트 호텔 그랜드볼룸,2018,11,22,"SIK Co., Ltd",식음료,2004,"436 Yanghwa-Ro,Neungseo-Myeon,Yeoju City,Gyeonggi,Korea",http://www.sikco.kr/
2018 거대 신흥시장 바이어 초청 수출상담회(업체선정완료),서울 그랜드 하얏트 호텔 그랜드볼룸,2018,11,22,OSONDOSON,"제조업,도매및소매업",2012,"16, Nagwon-dong-gil, Oseoseo-myeon, Sangju-si, Gyeongsangbuk-do South Korea",WWW.happybio114.com
2018 거대 신흥시장 바이어 초청 수출상담회(업체선정완료),서울 그랜드 하얏트 호텔 그랜드볼룸,2018,11,22,"Kocheolnam Hongsam Co., Ltd","제조, 유통, 무역",2005,"61, Ganghwasandan-ro, Ganghwa-eup, Ganghwa-gun, Incheon",www.hong3.co.kr
2018 거대 신흥시장 바이어 초청 수출상담회(업체선정완료),서울 그랜드 하얏트 호텔 그랜드볼룸,2018,11,22,"Badaone Co., Ltd.","건어물, 건어물 가공, 무역업",1995,,www.badaone.co.kr
2018 거대 신흥시장 바이어 초청 수출상담회(업체선정완료),서울 그랜드 하얏트 호텔 그랜드볼룸,2018,11,22,ASIAFOOD Co.,제조,1974,"8, Jangjae-ro 520beonan-gil, Saengnim-myeon, Gimhae-si, Gyeongsangnam-do",www.asiafood21.com
2018 거대 신흥시장 바이어 초청 수출상담회(업체선정완료),서울 그랜드 하얏트 호텔 그랜드볼룸,2018,11,22,"foodistry co.,ltd",도소매,2017,"65, Dudulgi-gil, Chowol-eup, Gwangju-si, Gyeonggi-do",www.wellygo.co.kr
2018 거대 신흥시장 바이어 초청 수출상담회(업체선정완료),서울 그랜드 하얏트 호텔 그랜드볼룸,2018,11,22,Saenam F&B,식품,2005,"#903, 28,Hwangsaeul-ro 200beon-gil,Bundang-gu, Seongnam-si",www.tacocafe.co.kr/
2018 거대 신흥시장 바이어 초청 수출상담회(업체선정완료),서울 그랜드 하얏트 호텔 그랜드볼룸,2018,11,22,MyungSung Agricultural Corporation,농산물,2003,,
2018 거대 신흥시장 바이어 초청 수출상담회(업체선정완료),서울 그랜드 하얏트 호텔 그랜드볼룸,2018,11,22,Charmfre,축산물가공,2012,"32-29, Ogyeo-gil, Haengan-myeon, Buan-gun, Jeollabuk-do, Korea",www.charmfre.co.kr
2018 거대 신흥시장 바이어 초청 수출상담회(업체선정완료),서울 그랜드 하얏트 호텔 그랜드볼룸,2018,11,22,RAON,무역,2017,"50 Misagangbyeondong-ro, Hanam-si, Gyeonggi-do",
2018 거대 신흥시장 바이어 초청 수출상담회(업체선정완료),서울 그랜드 하얏트 호텔 그랜드볼룸,2018,11,22,"Jeion Co., Ltd.",유아식품,2013,"303, Cheonjam-ro, Wansan-gu, Jeollabuk-do, 55069, S.Korea",www.jeion.com
2018 거대 신흥시장 바이어 초청 수출상담회(업체선정완료),서울 그랜드 하얏트 호텔 그랜드볼룸,2018,11,22,"Renewallife Co.,Ltd.",제조업,2004,"#816-3 Jipyeong-ro, Jipyeong-myeon, Yangpyeong-gun, Gyeonggi-do, Republic of Korea",www.renewallife.com
2018 거대 신흥시장 바이어 초청 수출상담회(업체선정완료),서울 그랜드 하얏트 호텔 그랜드볼룸,2018,11,22,"Genome&Medicine Co., Ltd.",제조도소매,2000,,
2018 거대 신흥시장 바이어 초청 수출상담회(업체선정완료),서울 그랜드 하얏트 호텔 그랜드볼룸,2018,11,22,YONSEI UNIVERSITY DAIRY,"낙농품,두유 등",1962,"829, YEUMBONG-RO, YEUMBONG-MYUN, ASAN-SI, CHUNGCHEONGNAM-DO, KOREA.",http://www.yonseidairy.com/milk/
2018 거대 신흥시장 바이어 초청 수출상담회(업체선정완료),서울 그랜드 하얏트 호텔 그랜드볼룸,2018,11,22,"KEIL Co., Ltd",식용곤충활용식품 제조업,2016,"#403, 4th Floor, 191, Dongho-ro, Jung-gu, Seoul, 04598, Korea",http://www.keilcorp.com
2018 거대 신흥시장 바이어 초청 수출상담회(업체선정완료),서울 그랜드 하얏트 호텔 그랜드볼룸,2018,11,22,WELLBIOTECH,건강식품,1999,"152,?Allim-ro,?Chungju-si,?Chungcheongbuk-do",www.wellbiotech.co.kr
2018 거대 신흥시장 바이어 초청 수출상담회(업체선정완료),서울 그랜드 하얏트 호텔 그랜드볼룸,2018,11,22,"foodistry co.,ltd",도소매,2017,"65, Dudulgi-gil, Chowol-eup, Gwangju-si, Gyeonggi-do",www.wellygo.co.kr
2018 거대 신흥시장 바이어 초청 수출상담회(업체선정완료),서울 그랜드 하얏트 호텔 그랜드볼룸,2018,11,22,SD Korea,식품,2015,"70, Baksan-ro, Yuseong-gu, Daejeon",www.sd-korea.co.kr
2018 거대 신흥시장 바이어 초청 수출상담회(업체선정완료),서울 그랜드 하얏트 호텔 그랜드볼룸,2018,11,22,bionfnb,도소매,2008,yeondeungpo Circulation shopping center floor bar 43,www.mscfucoidan.kr
2018 거대 신흥시장 바이어 초청 수출상담회(업체선정완료),서울 그랜드 하얏트 호텔 그랜드볼룸,2018,11,22,"Living Life Co., Ltd.","곡물제분,무역",1993,"275-43, Sinman-ro, Gonjiam-eup, Gwangju-si, Gyunggi-do, Korea",www.elivinglife.co.kr
2018 거대 신흥시장 바이어 초청 수출상담회(업체선정완료),서울 그랜드 하얏트 호텔 그랜드볼룸,2018,11,22,"bogoshinyak.co.,ltd.",음료,2004,"167, Songpa-daero, Songpa-gu, Seoul",www.ebogo.kr
2018 거대 신흥시장 바이어 초청 수출상담회(업체선정완료),서울 그랜드 하얏트 호텔 그랜드볼룸,2018,11,22,"MIWAMI CO., LTD",다류 수출업 무역,2009,"840-1 Noam-dong, Namwon-si, Jeollabuk-do, Korea",www.miwami.com
2018 거대 신흥시장 바이어 초청 수출상담회(업체선정완료),서울 그랜드 하얏트 호텔 그랜드볼룸,2018,11,22,"Daawon Co., Ltd.",식음료 제조업,2007,"65 Injeong-1 gil,Cheongsan-myeon,Okcheon-gun,Chungcheongbuk-do,Korea",www.daawon.com
2018 거대 신흥시장 바이어 초청 수출상담회(업체선정완료),서울 그랜드 하얏트 호텔 그랜드볼룸,2018,11,22,"Kocheolnam Hongsam Co., Ltd","제조, 유통, 무역",2005,"61, Ganghwasandan-ro, Ganghwa-eup, Ganghwa-gun, Incheon",www.hong3.co.kr
2018 거대 신흥시장 바이어 초청 수출상담회(업체선정완료),서울 그랜드 하얏트 호텔 그랜드볼룸,2018,11,22,Ecopanax Co.Ltd.,홍삼한방제품,2013,"38, Hongsamhanbang-ro, Jinan-eup, Jinan-gun, Jeollabuk-do, Republic of Korea",www.ecopanax.com
2018 거대 신흥시장 바이어 초청 수출상담회(업체선정완료),서울 그랜드 하얏트 호텔 그랜드볼룸,2018,11,22,"KKOH SHAEM FOOD CO.,LTD","다류 제조, 도소매 및 수출",1997,"#82 Jugyeopsan-ro, 35 Beon-gil, Sohol-eup, Pocheon-si, Gyeonggi-do, Korea",www.ksfs.co.kr
2018 거대 신흥시장 바이어 초청 수출상담회(업체선정완료),서울 그랜드 하얏트 호텔 그랜드볼룸,2018,11,22,"HEE CHANG DAIRY AND FOOD INDUSTRY CO, LTD","식품제조, 가공",1969,"114, Singi-ro, Yangsan-si, Gyeongnam, Republic Of Korea",www.heechang.com
2018 거대 신흥시장 바이어 초청 수출상담회(업체선정완료),서울 그랜드 하얏트 호텔 그랜드볼룸,2018,11,22,NATURE FARM Agriculture Corp.,농산물 제조 및 유통판매,2010,"257-18 Haksantopyeong-gil, Hwayang, Cheongdo, Gyeongbuk, KOREA",www.nfdry.com
2018 거대 신흥시장 바이어 초청 수출상담회(업체선정완료),서울 그랜드 하얏트 호텔 그랜드볼룸,2018,11,22,"Namyang Dairy Products Co., Ltd.","낙농품, 음료",1964,"240, Dosan-daero, Gangnam-gu, Seoul",.http://company.namyangi.com/
2018 거대 신흥시장 바이어 초청 수출상담회(업체선정완료),서울 그랜드 하얏트 호텔 그랜드볼룸,2018,11,22,"AROMAVILLE COFFEE CO.,LTD.",커피 및 국산차 가공업,2001,"23, Seohae-ro 987beon-gil, Paltan-myeon, Hwaseong-si, Gyeonggi-do, Republic of Korea",www.handrip.com
2018 거대 신흥시장 바이어 초청 수출상담회(업체선정완료),서울 그랜드 하얏트 호텔 그랜드볼룸,2018,11,22,"SSMGLOBAL CO., LTD.","무역, 유통",2016,"385, Gulmi-ro, Juksan-myeon, Anseong-si, Gyeonggi-do, Korea",www.ssmglobal.co.kr
2018 거대 신흥시장 바이어 초청 수출상담회(업체선정완료),서울 그랜드 하얏트 호텔 그랜드볼룸,2018,11,22,OKF CORPORATION,"식품,식품무역,무역(수출입업),수출대행업",1990,"54, Hakdong-ro 21-gil, Gangnam-gu, Seoul",www.okf.kr
2018 거대 신흥시장 바이어 초청 수출상담회(업체선정완료),서울 그랜드 하얏트 호텔 그랜드볼룸,2018,11,22,"foodistry co.,ltd",도소매,2017,"65, Dudulgi-gil, Chowol-eup, Gwangju-si, Gyeonggi-do",www.wellygo.co.kr
2018 거대 신흥시장 바이어 초청 수출상담회(업체선정완료),서울 그랜드 하얏트 호텔 그랜드볼룸,2018,11,22,dong woo F&C,"식품가공,무역",2007,,www.haomi.co.kr
2018 거대 신흥시장 바이어 초청 수출상담회(업체선정완료),서울 그랜드 하얏트 호텔 그랜드볼룸,2018,11,22,TEAZEN.Inc.,"다류, 식품, 무역",2001,"80-23, Daeun-gil, Gyegok-myeon, Haenam-gun, Jeollanam-do",www.teazen.co.kr
2018 거대 신흥시장 바이어 초청 수출상담회(업체선정완료),서울 그랜드 하얏트 호텔 그랜드볼룸,2018,11,22,"YOUNG POONG CO.,LTD",농식품가공,1993,"64, Seongseogongdanbuk-ro, Dalseo-gu, Daegu, 42712, KOREA",http://www.ypfoods.co.kr
2018 거대 신흥시장 바이어 초청 수출상담회(업체선정완료),서울 그랜드 하얏트 호텔 그랜드볼룸,2018,11,22,"SSMGLOBAL CO., LTD.","무역, 유통",2016,"385, Gulmi-ro, Juksan-myeon, Anseong-si, Gyeonggi-do, Korea",www.ssmglobal.co.kr
2018 거대 신흥시장 바이어 초청 수출상담회(업체선정완료),서울 그랜드 하얏트 호텔 그랜드볼룸,2018,11,22,"HEE CHANG DAIRY AND FOOD INDUSTRY CO, LTD","식품제조, 가공",1969,"114, Singi-ro, Yangsan-si, Gyeongnam, Republic Of Korea",www.heechang.com
2018 거대 신흥시장 바이어 초청 수출상담회(업체선정완료),서울 그랜드 하얏트 호텔 그랜드볼룸,2018,11,22,"bogoshinyak.co.,ltd.",음료,2004,"167, Songpa-daero, Songpa-gu, Seoul",www.ebogo.kr
2018 거대 신흥시장 바이어 초청 수출상담회(업체선정완료),서울 그랜드 하얏트 호텔 그랜드볼룸,2018,11,22,"Bionutrigen Co.,Ltd",건강식품외,1999,"1662, Yuseong-daero, Yuseong-gu, Daejeon",www.bionutrigen
2018 거대 신흥시장 바이어 초청 수출상담회(업체선정완료),서울 그랜드 하얏트 호텔 그랜드볼룸,2018,11,22,Saenam F&B,식품,2005,"#903, 28,Hwangsaeul-ro 200beon-gil,Bundang-gu, Seongnam-si",www.tacocafe.co.kr/
2018 거대 신흥시장 바이어 초청 수출상담회(업체선정완료),서울 그랜드 하얏트 호텔 그랜드볼룸,2018,11,22,Ecopanax Co.Ltd.,홍삼한방제품,2013,"38, Hongsamhanbang-ro, Jinan-eup, Jinan-gun, Jeollabuk-do, Republic of Korea",www.ecopanax.com
2018 거대 신흥시장 바이어 초청 수출상담회(업체선정완료),서울 그랜드 하얏트 호텔 그랜드볼룸,2018,11,22,TEAZEN.Inc.,"다류, 식품, 무역",2001,"80-23, Daeun-gil, Gyegok-myeon, Haenam-gun, Jeollanam-do",www.teazen.co.kr
2018 거대 신흥시장 바이어 초청 수출상담회(업체선정완료),서울 그랜드 하얏트 호텔 그랜드볼룸,2018,11,22,"Kocheolnam Hongsam Co., Ltd","제조, 유통, 무역",2005,"61, Ganghwasandan-ro, Ganghwa-eup, Ganghwa-gun, Incheon",www.hong3.co.kr
2018 거대 신흥시장 바이어 초청 수출상담회(업체선정완료),서울 그랜드 하얏트 호텔 그랜드볼룸,2018,11,22,"Renewallife Co.,Ltd.",제조업,2004,"#816-3 Jipyeong-ro, Jipyeong-myeon, Yangpyeong-gun, Gyeonggi-do, Republic of Korea",www.renewallife.com
2018 거대 신흥시장 바이어 초청 수출상담회(업체선정완료),서울 그랜드 하얏트 호텔 그랜드볼룸,2018,11,22,WELLBIOTECH,건강식품,1999,"152,?Allim-ro,?Chungju-si,?Chungcheongbuk-do",www.wellbiotech.co.kr
2018 거대 신흥시장 바이어 초청 수출상담회(업체선정완료),서울 그랜드 하얏트 호텔 그랜드볼룸,2018,11,22,"DAEDONG KOREA GINSENG CO.,LTD",홍삼제품,2002,"ChungNam GeumsanGun, GunbukMyeon, GunbukRo,",www.ddkorea.co.kr
2018 거대 신흥시장 바이어 초청 수출상담회(업체선정완료),서울 그랜드 하얏트 호텔 그랜드볼룸,2018,11,22,"foodistry co.,ltd",도소매,2017,"65, Dudulgi-gil, Chowol-eup, Gwangju-si, Gyeonggi-do",www.wellygo.co.kr
2018 거대 신흥시장 바이어 초청 수출상담회(업체선정완료),서울 그랜드 하얏트 호텔 그랜드볼룸,2018,11,22,"[K11] GAMRO700 AGRICULTURE CO., LTD.",다류,2015,"1305-54, Nochusan-ro, Wangsan-myeon, Gangneung-si, Gangwon-do",www.gamro700.com
2018 거대 신흥시장 바이어 초청 수출상담회(업체선정완료),서울 그랜드 하얏트 호텔 그랜드볼룸,2018,11,22,"DAEDONG KOREA GINSENG CO.,LTD",홍삼제품,2002,"ChungNam GeumsanGun, GunbukMyeon, GunbukRo,",www.ddkorea.co.kr
2018 거대 신흥시장 바이어 초청 수출상담회(업체선정완료),서울 그랜드 하얏트 호텔 그랜드볼룸,2018,11,22,"GEUMSANMALL CO.,LTD.",인삼 홍삼식품 인삼제품 통신판매업,2009,"8-4, Eomnamu-gil, Geumsan-eup, Geumsan-gun, Chungcheongnam-do, korea",geumsan.co.kr
2018 거대 신흥시장 바이어 초청 수출상담회(업체선정완료),서울 그랜드 하얏트 호텔 그랜드볼룸,2018,11,22,NATURE FARM Agriculture Corp.,농산물 제조 및 유통판매,2010,"257-18 Haksantopyeong-gil, Hwayang, Cheongdo, Gyeongbuk, KOREA",www.nfdry.com
2018 거대 신흥시장 바이어 초청 수출상담회(업체선정완료),서울 그랜드 하얏트 호텔 그랜드볼룸,2018,11,22,Hankook Tea Co.,차류,1951,,www.hankooktea.co.kr
2018 거대 신흥시장 바이어 초청 수출상담회(업체선정완료),서울 그랜드 하얏트 호텔 그랜드볼룸,2018,11,22,SAMYANG FOODS,"라면류, 국수류",1961,"104 OPAESAN-RO 3GIL SEOUNGBUK-GU, SEOUL",
2018 거대 신흥시장 바이어 초청 수출상담회(업체선정완료),서울 그랜드 하얏트 호텔 그랜드볼룸,2018,11,22,"bogoshinyak.co.,ltd.",음료,2004,"167, Songpa-daero, Songpa-gu, Seoul",www.ebogo.kr
2018 거대 신흥시장 바이어 초청 수출상담회(업체선정완료),서울 그랜드 하얏트 호텔 그랜드볼룸,2018,11,22,pocheon ginseng farmer association,인삼제품,2005,,http://www.pocheoninsam.com/
2018 거대 신흥시장 바이어 초청 수출상담회(업체선정완료),서울 그랜드 하얏트 호텔 그랜드볼룸,2018,11,22,"Kocheolnam Hongsam Co., Ltd","제조, 유통, 무역",2005,"61, Ganghwasandan-ro, Ganghwa-eup, Ganghwa-gun, Incheon",www.hong3.co.kr
2018 거대 신흥시장 바이어 초청 수출상담회(업체선정완료),서울 그랜드 하얏트 호텔 그랜드볼룸,2018,11,22,"SIK Co., Ltd",식음료,2004,"436 Yanghwa-Ro,Neungseo-Myeon,Yeoju City,Gyeonggi,Korea",http://www.sikco.kr/
2018 거대 신흥시장 바이어 초청 수출상담회(업체선정완료),서울 그랜드 하얏트 호텔 그랜드볼룸,2018,11,22,"SAHM YOOK SEA FOOD CO.,LTD",구이김,2007,"38 Macham-gil, Cheongso-myeon, Boryeong-si, Chungcheongnam-do, Republic of KOREA",www.36gim.com
2018 거대 신흥시장 바이어 초청 수출상담회(업체선정완료),서울 그랜드 하얏트 호텔 그랜드볼룸,2018,11,22,YOUNG SHIN FOOD CO.,"맛김,수산물",2001,"131-22, Sinwol-gil, Seo-myeon, Seocheon-gun, Chungcheongnam-do, Repulbic of Korea",www.seafriend.co.kr
2018 거대 신흥시장 바이어 초청 수출상담회(업체선정완료),서울 그랜드 하얏트 호텔 그랜드볼룸,2018,11,22,dong woo F&C,"식품가공,무역",2007,,www.haomi.co.kr
2018 거대 신흥시장 바이어 초청 수출상담회(업체선정완료),서울 그랜드 하얏트 호텔 그랜드볼룸,2018,11,22,"OURHOME CO., LTD.","집단급식, 경양식, 육가공, 쌀가공, 조미가공, HMR 제조업",2000,"382, Gangnam-daero, Gangnam-gu, Seoul",http://www.ourhome.co.kr
2018 거대 신흥시장 바이어 초청 수출상담회(업체선정완료),서울 그랜드 하얏트 호텔 그랜드볼룸,2018,11,22,H&P INTERNATIONAL,도소매 무역,2011,,www.hnpinternational.com
2018 거대 신흥시장 바이어 초청 수출상담회(업체선정완료),서울 그랜드 하얏트 호텔 그랜드볼룸,2018,11,22,"YILIP INTERNATIONAL CO., LTD.",신선농산물무역업,2015,"Room 101, 12-1 Naesammi-ro 80beon-gil, Osan-si, Gyeonggi-do, 18114, Republic of Korea",http://www.yilip.net
2018 거대 신흥시장 바이어 초청 수출상담회(업체선정완료),서울 그랜드 하얏트 호텔 그랜드볼룸,2018,11,22,"Living Life Co., Ltd.","곡물제분,무역",1993,"275-43, Sinman-ro, Gonjiam-eup, Gwangju-si, Gyunggi-do, Korea",www.elivinglife.co.kr
2018 거대 신흥시장 바이어 초청 수출상담회(업체선정완료),서울 그랜드 하얏트 호텔 그랜드볼룸,2018,11,22,SS TRADING,농수산물 수출입대행,2016,"101, 1140-12, Sinchang-dong, Gwangsan-gu, Gwangju, KOREA",
2018 거대 신흥시장 바이어 초청 수출상담회(업체선정완료),서울 그랜드 하얏트 호텔 그랜드볼룸,2018,11,22,"[K11] GAMRO700 AGRICULTURE CO., LTD.",다류,2015,"1305-54, Nochusan-ro, Wangsan-myeon, Gangneung-si, Gangwon-do",www.gamro700.com
2018 거대 신흥시장 바이어 초청 수출상담회(업체선정완료),서울 그랜드 하얏트 호텔 그랜드볼룸,2018,11,22,"Daawon Co., Ltd.",식음료 제조업,2007,"65 Injeong-1 gil,Cheongsan-myeon,Okcheon-gun,Chungcheongbuk-do,Korea",www.daawon.com
2018 거대 신흥시장 바이어 초청 수출상담회(업체선정완료),서울 그랜드 하얏트 호텔 그랜드볼룸,2018,11,22,JFOODSERVICE,식품제조*소분*무역,2010,"173 Samjuk-ro, Samjuk-myeon, Anseong-si, Gyeonggi-do, Korea 17512",www.jfoodservice.com
2018 거대 신흥시장 바이어 초청 수출상담회(업체선정완료),서울 그랜드 하얏트 호텔 그랜드볼룸,2018,11,22,"DAEKWANG F&G CO.,LTD",김치제조,1990,"45-8, Jungang-daero 680beon-gil, Busanjin-gu, Busan, Korea",www.dkfng.com
2018 거대 신흥시장 바이어 초청 수출상담회(업체선정완료),서울 그랜드 하얏트 호텔 그랜드볼룸,2018,11,22,SAMYANG FOODS,"라면류, 국수류",1961,"104 OPAESAN-RO 3GIL SEOUNGBUK-GU, SEOUL",
2018 거대 신흥시장 바이어 초청 수출상담회(업체선정완료),서울 그랜드 하얏트 호텔 그랜드볼룸,2018,11,22,"BOKUMJARI CO.,LTD.",제조업,1996,"901 ACE TOWER, 361 SIMIN-DAERO, DONGAN-GU, ANYANG-SI, GYEONGGI-DO",www.bokumjari.co.kr
2018 거대 신흥시장 바이어 초청 수출상담회(업체선정완료),서울 그랜드 하얏트 호텔 그랜드볼룸,2018,11,22,"SAHM YOOK SEA FOOD CO.,LTD",구이김,2007,"38 Macham-gil, Cheongso-myeon, Boryeong-si, Chungcheongnam-do, Republic of KOREA",www.36gim.com
2018 거대 신흥시장 바이어 초청 수출상담회(업체선정완료),서울 그랜드 하얏트 호텔 그랜드볼룸,2018,11,22,"SIK Co., Ltd",식음료,2004,"436 Yanghwa-Ro,Neungseo-Myeon,Yeoju City,Gyeonggi,Korea",http://www.sikco.kr/
2018 거대 신흥시장 바이어 초청 수출상담회(업체선정완료),서울 그랜드 하얏트 호텔 그랜드볼룸,2018,11,22,"HANSUNG FOOD CO ., LTD","제조, 도소매, 무역",1986,"9-10, Ojeong-ro 134 Beon-gil, Ojeong-gu, Bucheon-si, Gyeonggi-do, KOREA",www.hskimchi.co.kr
2018 거대 신흥시장 바이어 초청 수출상담회(업체선정완료),서울 그랜드 하얏트 호텔 그랜드볼룸,2018,11,22,HYE SUNG BEVERAGE CO.LTD,제조,2014,#202  MC TOWN 150 Munwha-ro Jincheonup Jincheongun Korea,www.hyesunggroup.com
2018 거대 신흥시장 바이어 초청 수출상담회(업체선정완료),서울 그랜드 하얏트 호텔 그랜드볼룸,2018,11,22,TEAZEN.Inc.,"다류, 식품, 무역",2001,"80-23, Daeun-gil, Gyegok-myeon, Haenam-gun, Jeollanam-do",www.teazen.co.kr
2018 거대 신흥시장 바이어 초청 수출상담회(업체선정완료),서울 그랜드 하얏트 호텔 그랜드볼룸,2018,11,22,Aloe Farm Agriculture Association,제조업,2007,"282, Eumnae-ro, Geoje-myeon, Geoje-si, Gyeongsangnam-do",www.aloefarm.co.kr
2018 거대 신흥시장 바이어 초청 수출상담회(업체선정완료),서울 그랜드 하얏트 호텔 그랜드볼룸,2018,11,22,SAMIK MARKETING,신선농산물,2007,"94, Sanginseo-ro, Dalseo-gu, Daegu",
2018 거대 신흥시장 바이어 초청 수출상담회(업체선정완료),서울 그랜드 하얏트 호텔 그랜드볼룸,2018,11,22,H&P INTERNATIONAL,도소매 무역,2011,,www.hnpinternational.com
2018 거대 신흥시장 바이어 초청 수출상담회(업체선정완료),서울 그랜드 하얏트 호텔 그랜드볼룸,2018,11,22,HYE SUNG BEVERAGE CO.LTD,제조,2014,#202  MC TOWN 150 Munwha-ro Jincheonup Jincheongun Korea,www.hyesunggroup.com
2018 거대 신흥시장 바이어 초청 수출상담회(업체선정완료),서울 그랜드 하얏트 호텔 그랜드볼룸,2018,11,22,"HOSAN CO., LTD",무역,1994,"57, Iseopdaecheon-ro 263beon-gil, Hoberop-myeon, Icheon, Gyeonggi-do",N
2018 거대 신흥시장 바이어 초청 수출상담회(업체선정완료),서울 그랜드 하얏트 호텔 그랜드볼룸,2018,11,22,"Rima Global Co., LTD","농,축,수산물가공및 판매 수출",2004,"59-16 Maegok-gil, Wungpo-myeon, Iksan-si, Jeonrabukdo, Korea",
2018 거대 신흥시장 바이어 초청 수출상담회(업체선정완료),서울 그랜드 하얏트 호텔 그랜드볼룸,2018,11,22,"TAEKWAN CO.,LTD.",무역업,2002,"#401,jungwoo bldg, injung-ro178, jung-gu, incheon",www.taekwan.co.kr
2018 거대 신흥시장 바이어 초청 수출상담회(업체선정완료),서울 그랜드 하얏트 호텔 그랜드볼룸,2018,11,22,"HEE CHANG DAIRY AND FOOD INDUSTRY CO, LTD","식품제조, 가공",1969,"114, Singi-ro, Yangsan-si, Gyeongnam, Republic Of Korea",www.heechang.com
2018 거대 신흥시장 바이어 초청 수출상담회(업체선정완료),서울 그랜드 하얏트 호텔 그랜드볼룸,2018,11,22,"Jinsan Beverage Co.,Ltd.",음료 제조업,2016,"13, Namjo-ro 3rd road, Jocheon-eup, Jeju, Korea",www.jinsanfnb.com
2018 거대 신흥시장 바이어 초청 수출상담회(업체선정완료),서울 그랜드 하얏트 호텔 그랜드볼룸,2018,11,22,"Kwangdong Pharmaceutical Co.,Ltd",의약품/화장품/임대,1963,"85, Seochojungang-ro, Seocho-gu, Seoul, Korea",www.ekdp.com
2018 거대 신흥시장 바이어 초청 수출상담회(업체선정완료),서울 그랜드 하얏트 호텔 그랜드볼룸,2018,11,22,HANMIRAE FOOD,"도소매,제조업,무역",2013,"No, 9-61, Yeongdong-gil,Hamchang-eup, Sangju city, Gyeongsangbuk-do, Korea",http://hanmirae.kr
2018 거대 신흥시장 바이어 초청 수출상담회(업체선정완료),서울 그랜드 하얏트 호텔 그랜드볼룸,2018,11,22,KEUMKANG B&F,청량음료외,1988,"106, Dusan-gil, Daesowon-myeon, Chungju-si, Chungcheongbuk-do, Republic of Korea",http://keumkangbnf.com/
2018 거대 신흥시장 바이어 초청 수출상담회(업체선정완료),서울 그랜드 하얏트 호텔 그랜드볼룸,2018,11,22,ADDI GLOBAL Inc.,"제조, 무역",2016,"JST #908, 229, Seokjeong-ro, Michuhol-gu, Incheon",www.addiglobal.com
2018 거대 신흥시장 바이어 초청 수출상담회(업체선정완료),서울 그랜드 하얏트 호텔 그랜드볼룸,2018,11,22,HEE CHANG TRADING,농수축산물 가공 및 수출 판매,1980,,http://www.heechangtrade.com/
2018 거대 신흥시장 바이어 초청 수출상담회(업체선정완료),서울 그랜드 하얏트 호텔 그랜드볼룸,2018,11,22,"Rima Global Co., LTD","농,축,수산물가공및 판매 수출",2004,"59-16 Maegok-gil, Wungpo-myeon, Iksan-si, Jeonrabukdo, Korea",
2018 거대 신흥시장 바이어 초청 수출상담회(업체선정완료),서울 그랜드 하얏트 호텔 그랜드볼룸,2018,11,22,"World Food Services Co.,Ltd.",무역업,2015,"Rm 301 Innermass Bldg, 354-28 Dongtanwoncheon-ro, Hwaseong-si, Gyeonggi-do, 18423, South Korea",www.worldfoodsvc.com
2018 거대 신흥시장 바이어 초청 수출상담회(업체선정완료),서울 그랜드 하얏트 호텔 그랜드볼룸,2018,11,22,Ecopanax Co.Ltd.,홍삼한방제품,2013,"38, Hongsamhanbang-ro, Jinan-eup, Jinan-gun, Jeollabuk-do, Republic of Korea",www.ecopanax.com
2018 거대 신흥시장 바이어 초청 수출상담회(업체선정완료),서울 그랜드 하얏트 호텔 그랜드볼룸,2018,11,22,"TAEKWAN CO.,LTD.",무역업,2002,"#401,jungwoo bldg, injung-ro178, jung-gu, incheon",www.taekwan.co.kr
2018 거대 신흥시장 바이어 초청 수출상담회(업체선정완료),서울 그랜드 하얏트 호텔 그랜드볼룸,2018,11,22,SAMJIN GLOBALNET,"무역업, 임대",1970,"562, Samseong-ro, Gangnam-gu, Seoul, Republic of Korea",http://www.wangfood.com/
2018 거대 신흥시장 바이어 초청 수출상담회(업체선정완료),서울 그랜드 하얏트 호텔 그랜드볼룸,2018,11,22,"SSMGLOBAL CO., LTD.","무역, 유통",2016,"385, Gulmi-ro, Juksan-myeon, Anseong-si, Gyeonggi-do, Korea",www.ssmglobal.co.kr
2018 거대 신흥시장 바이어 초청 수출상담회(업체선정완료),서울 그랜드 하얏트 호텔 그랜드볼룸,2018,11,22,"Mammmos Confectionery Co.,Ltd","생과자, 과자, 기타, 무역업",1985,"8, Dunchon-daero 526beon-gil, Jungwon-gu, Seongnam-si, Gyeonggi-do, Republic of Korea",www.mammos.co.kr
2018 거대 신흥시장 바이어 초청 수출상담회(업체선정완료),서울 그랜드 하얏트 호텔 그랜드볼룸,2018,11,22,HANMIRAE FOOD,"도소매,제조업,무역",2013,"No, 9-61, Yeongdong-gil,Hamchang-eup, Sangju city, Gyeongsangbuk-do, Korea",http://hanmirae.kr
2018 거대 신흥시장 바이어 초청 수출상담회(업체선정완료),서울 그랜드 하얏트 호텔 그랜드볼룸,2018,11,22,"YOUNG POONG CO.,LTD",농식품가공,1993,"64, Seongseogongdanbuk-ro, Dalseo-gu, Daegu, 42712, KOREA",http://www.ypfoods.co.kr
2018 거대 신흥시장 바이어 초청 수출상담회(업체선정완료),서울 그랜드 하얏트 호텔 그랜드볼룸,2018,11,22,"GYODONG FOOD CO.,LTD.","식품,축산물 가공업",1998,"181, Jiyong-ro, Okcheon-eup, Okcheon-gun, Chungcheongbuk-do, Korea",www.howchon.com
2018 거대 신흥시장 바이어 초청 수출상담회(업체선정완료),서울 그랜드 하얏트 호텔 그랜드볼룸,2018,11,22,"[K11] GAMRO700 AGRICULTURE CO., LTD.",다류,2015,"1305-54, Nochusan-ro, Wangsan-myeon, Gangneung-si, Gangwon-do",www.gamro700.com
2018 거대 신흥시장 바이어 초청 수출상담회(업체선정완료),서울 그랜드 하얏트 호텔 그랜드볼룸,2018,11,22,Marineseed Korea,수출업체,2015,"27, Bucheon-ro 136beon-gil, Bucheon-si, Gyeonggi-do",www.marineseed.com
2018 거대 신흥시장 바이어 초청 수출상담회(업체선정완료),서울 그랜드 하얏트 호텔 그랜드볼룸,2018,11,22,Halal Korea Co Ltd,컨설팅 및 인증업(할랄),2012,,www.koreahalal.org
2018 거대 신흥시장 바이어 초청 수출상담회(업체선정완료),서울 그랜드 하얏트 호텔 그랜드볼룸,2018,11,22,H&P INTERNATIONAL,도소매 무역,2011,,www.hnpinternational.com
2018 거대 신흥시장 바이어 초청 수출상담회(업체선정완료),서울 그랜드 하얏트 호텔 그랜드볼룸,2018,11,22,"OURHOME CO., LTD.","집단급식, 경양식, 육가공, 쌀가공, 조미가공, HMR 제조업",2000,"382, Gangnam-daero, Gangnam-gu, Seoul",http://www.ourhome.co.kr
2018 거대 신흥시장 바이어 초청 수출상담회(업체선정완료),서울 그랜드 하얏트 호텔 그랜드볼룸,2018,11,22,"DAMO CO., LTD.","제조업, 무역업",2007,,www.damofood.net
2018 거대 신흥시장 바이어 초청 수출상담회(업체선정완료),서울 그랜드 하얏트 호텔 그랜드볼룸,2018,11,22,"Renewallife Co.,Ltd.",제조업,2004,"#816-3 Jipyeong-ro, Jipyeong-myeon, Yangpyeong-gun, Gyeonggi-do, Republic of Korea",www.renewallife.com
2018 거대 신흥시장 바이어 초청 수출상담회(업체선정완료),서울 그랜드 하얏트 호텔 그랜드볼룸,2018,11,22,"YILIP INTERNATIONAL CO., LTD.",신선농산물무역업,2015,"Room 101, 12-1 Naesammi-ro 80beon-gil, Osan-si, Gyeonggi-do, 18114, Republic of Korea",http://www.yilip.net
2018 거대 신흥시장 바이어 초청 수출상담회(업체선정완료),서울 그랜드 하얏트 호텔 그랜드볼룸,2018,11,22,"Living Life Co., Ltd.","곡물제분,무역",1993,"275-43, Sinman-ro, Gonjiam-eup, Gwangju-si, Gyunggi-do, Korea",www.elivinglife.co.kr
2018 거대 신흥시장 바이어 초청 수출상담회(업체선정완료),서울 그랜드 하얏트 호텔 그랜드볼룸,2018,11,22,Lee's Marketing Inc.,"무역,농수산물외",2007,"508-33 Seolga-ro, Seolseoung-myeon, Icheon-si, Gyeonggi-do, Korea",www.wellplus.co.kr
2018 거대 신흥시장 바이어 초청 수출상담회(업체선정완료),서울 그랜드 하얏트 호텔 그랜드볼룸,2018,11,22,shinsagang,식품,2012,"29, Hwaseong-ro 2567 beon-gil, Maesong-myeon, Hwaseong-si, Gyeonggi-do",shinsagang.com
2018 거대 신흥시장 바이어 초청 수출상담회(업체선정완료),서울 그랜드 하얏트 호텔 그랜드볼룸,2018,11,22,"UNI TRADING CO., LTD",무역수출수출입업,1999,"NO 115-1808, 77, CHIPYONG-RO, SEO-GU, GWANGJU-CITY, ㅏㅐㄱㄷㅁ",http://my.agrotrade.net/mini/unitrade/
2018 거대 신흥시장 바이어 초청 수출상담회(업체선정완료),서울 그랜드 하얏트 호텔 그랜드볼룸,2018,11,22,"DONGSEO NONGSAN CO, LTD",무역,2005,"Rm.807, East Bldg., 295, Gwangpyeong-ro, Gangnam-gu, Seoul, Korea",N
2018 거대 신흥시장 바이어 초청 수출상담회(업체선정완료),서울 그랜드 하얏트 호텔 그랜드볼룸,2018,11,22,Lee's Marketing Inc.,"무역,농수산물외",2007,"508-33 Seolga-ro, Seolseoung-myeon, Icheon-si, Gyeonggi-do, Korea",www.wellplus.co.kr
2018 거대 신흥시장 바이어 초청 수출상담회(업체선정완료),서울 그랜드 하얏트 호텔 그랜드볼룸,2018,11,22,SS TRADING,농수산물 수출입대행,2016,"101, 1140-12, Sinchang-dong, Gwangsan-gu, Gwangju, KOREA",
2018 거대 신흥시장 바이어 초청 수출상담회(업체선정완료),서울 그랜드 하얏트 호텔 그랜드볼룸,2018,11,22,"MORE CO., LTD.",식품 가공,2006,"113,DODONGGUYEOK-GIL,YEONGCHEON-SI,GYEONGSANGBUK-DO,KOREA",morecorp.co.kr
2018 거대 신흥시장 바이어 초청 수출상담회(업체선정완료),서울 그랜드 하얏트 호텔 그랜드볼룸,2018,11,22,RAON,무역,2017,"50 Misagangbyeondong-ro, Hanam-si, Gyeonggi-do",
2018 거대 신흥시장 바이어 초청 수출상담회(업체선정완료),서울 그랜드 하얏트 호텔 그랜드볼룸,2018,11,22,"BOKUMJARI CO.,LTD.",제조업,1996,"901 ACE TOWER, 361 SIMIN-DAERO, DONGAN-GU, ANYANG-SI, GYEONGGI-DO",www.bokumjari.co.kr
2018 거대 신흥시장 바이어 초청 수출상담회(업체선정완료),서울 그랜드 하얏트 호텔 그랜드볼룸,2018,11,22,HYE SUNG BEVERAGE CO.LTD,제조,2014,#202  MC TOWN 150 Munwha-ro Jincheonup Jincheongun Korea,www.hyesunggroup.com
2018 거대 신흥시장 바이어 초청 수출상담회(업체선정완료),서울 그랜드 하얏트 호텔 그랜드볼룸,2018,11,22,Ikgkorea co.,무역,2011,"F718, Centumbiz, 45, Jojeong-daero, Hanam-si, Gyeonggi-do, Korea",www.ikgkorea.com
2018 거대 신흥시장 바이어 초청 수출상담회(업체선정완료),서울 그랜드 하얏트 호텔 그랜드볼룸,2018,11,22,PCC Corporation,작물재배업. 제조업,2016,"61-61, Surijae-gil, Mitan-myeon, Pyeongchang-gun, Gangwon-do",
2018 거대 신흥시장 바이어 초청 수출상담회(업체선정완료),서울 그랜드 하얏트 호텔 그랜드볼룸,2018,11,22,"YILIP INTERNATIONAL CO., LTD.",신선농산물무역업,2015,"Room 101, 12-1 Naesammi-ro 80beon-gil, Osan-si, Gyeonggi-do, 18114, Republic of Korea",http://www.yilip.net
2018 거대 신흥시장 바이어 초청 수출상담회(업체선정완료),서울 그랜드 하얏트 호텔 그랜드볼룸,2018,11,22,NATURE FARM Agriculture Corp.,농산물 제조 및 유통판매,2010,"257-18 Haksantopyeong-gil, Hwayang, Cheongdo, Gyeongbuk, KOREA",www.nfdry.com
2018 거대 신흥시장 바이어 초청 수출상담회(업체선정완료),서울 그랜드 하얏트 호텔 그랜드볼룸,2018,11,22,"JNS GLOBAL CO., LTD.",무역업,2016,"Rm1304, 141, Seowon-ro, Wansan-gu, Jeonju, Jeonbuk, Korea",www.jnsglobalkorea.com
2018 거대 신흥시장 바이어 초청 수출상담회(업체선정완료),서울 그랜드 하얏트 호텔 그랜드볼룸,2018,11,22,"TAEKWAN CO.,LTD.",무역업,2002,"#401,jungwoo bldg, injung-ro178, jung-gu, incheon",www.taekwan.co.kr
2018 거대 신흥시장 바이어 초청 수출상담회(업체선정완료),서울 그랜드 하얏트 호텔 그랜드볼룸,2018,11,22,"CHOGA CO.,LTD",주류제조,2005,"33-12, Oegol-gil, Gimhwa-eup, Cheorwon-gun, Gangwon-do, 24055, Rep. of KOREA",www.choga.co.kr
2018 거대 신흥시장 바이어 초청 수출상담회(업체선정완료),서울 그랜드 하얏트 호텔 그랜드볼룸,2018,11,22,NATURE FARM Agriculture Corp.,농산물 제조 및 유통판매,2010,"257-18 Haksantopyeong-gil, Hwayang, Cheongdo, Gyeongbuk, KOREA",www.nfdry.com
2018 거대 신흥시장 바이어 초청 수출상담회(업체선정완료),서울 그랜드 하얏트 호텔 그랜드볼룸,2018,11,22,sandolfood,"전분, 사료, 면류",2004,,http://www.sandolfood.co.kr
2018 거대 신흥시장 바이어 초청 수출상담회(업체선정완료),서울 그랜드 하얏트 호텔 그랜드볼룸,2018,11,22,"worldfood.co.,Ltd","스낵류, 과자",1986,,www.murgerbon.com
2018 거대 신흥시장 바이어 초청 수출상담회(업체선정완료),서울 그랜드 하얏트 호텔 그랜드볼룸,2018,11,22,Woomtree Corporation,"식품가공,장류",1978,"1206, JEONYEONGRO, CHANGSU MYEON, POCHEON CITY, GYEONGGIDO",www.woomtree.co.kr
2018 거대 신흥시장 바이어 초청 수출상담회(업체선정완료),서울 그랜드 하얏트 호텔 그랜드볼룸,2018,11,22,"Chungwoo Food Corp.,Inc.",제조업,2004,,www.chungwoofood.co.kr
2018 거대 신흥시장 바이어 초청 수출상담회(업체선정완료),서울 그랜드 하얏트 호텔 그랜드볼룸,2018,11,22,Sang Ju wonyae agricultural cooperative,"과일,채소도매업.일반자재",1988,"37240 1149,Yeongnamjeil-ro,Sangju-si,Gyeongsangbuk-do,Korea",sangjuwonhyup.nonghyup.com
2018 거대 신흥시장 바이어 초청 수출상담회(업체선정완료),서울 그랜드 하얏트 호텔 그랜드볼룸,2018,11,22,H&P INTERNATIONAL,도소매 무역,2011,,www.hnpinternational.com
2018 거대 신흥시장 바이어 초청 수출상담회(업체선정완료),서울 그랜드 하얏트 호텔 그랜드볼룸,2018,11,22,"Badaone Co., Ltd.","건어물, 건어물 가공, 무역업",1995,,www.badaone.co.kr
2018 거대 신흥시장 바이어 초청 수출상담회(업체선정완료),서울 그랜드 하얏트 호텔 그랜드볼룸,2018,11,22,"MORE CO., LTD.",식품 가공,2006,"113,DODONGGUYEOK-GIL,YEONGCHEON-SI,GYEONGSANGBUK-DO,KOREA",morecorp.co.kr
2018 거대 신흥시장 바이어 초청 수출상담회(업체선정완료),서울 그랜드 하얏트 호텔 그랜드볼룸,2018,11,22,"GYODONG FOOD CO.,LTD.","식품,축산물 가공업",1998,"181, Jiyong-ro, Okcheon-eup, Okcheon-gun, Chungcheongbuk-do, Korea",www.howchon.com
2018 거대 신흥시장 바이어 초청 수출상담회(업체선정완료),서울 그랜드 하얏트 호텔 그랜드볼룸,2018,11,22,"HEE CHANG DAIRY AND FOOD INDUSTRY CO, LTD","식품제조, 가공",1969,"114, Singi-ro, Yangsan-si, Gyeongnam, Republic Of Korea",www.heechang.com
2018 거대 신흥시장 바이어 초청 수출상담회(업체선정완료),서울 그랜드 하얏트 호텔 그랜드볼룸,2018,11,22,YONSEI UNIVERSITY DAIRY,"낙농품,두유 등",1962,"829, YEUMBONG-RO, YEUMBONG-MYUN, ASAN-SI, CHUNGCHEONGNAM-DO, KOREA.",http://www.yonseidairy.com/milk/
2018 거대 신흥시장 바이어 초청 수출상담회(업체선정완료),서울 그랜드 하얏트 호텔 그랜드볼룸,2018,11,22,"Health Balance Co., Ltd.","건강기능성식품, 영유아 간부식, 이유식",2006,"Suite 2104, 21Fl., Trade Tower, Samseong-Dong, Gangnam-Gu, Seoul",https://mall.hbalance.co.kr/     http://www.alvins.co.kr/
2018 거대 신흥시장 바이어 초청 수출상담회(업체선정완료),서울 그랜드 하얏트 호텔 그랜드볼룸,2018,11,22,SFCBio Inc.,"제조, 도소매",1999,"25, Gasan digital 1-ro, Geumcheon-gu, Seoul",www.sfcbio.com
2018 거대 신흥시장 바이어 초청 수출상담회(업체선정완료),서울 그랜드 하얏트 호텔 그랜드볼룸,2018,11,22,"Mammmos Confectionery Co.,Ltd","생과자, 과자, 기타, 무역업",1985,"8, Dunchon-daero 526beon-gil, Jungwon-gu, Seongnam-si, Gyeonggi-do, Republic of Korea",www.mammos.co.kr
2018 거대 신흥시장 바이어 초청 수출상담회(업체선정완료),서울 그랜드 하얏트 호텔 그랜드볼룸,2018,11,22,"OURHOME CO., LTD.","집단급식, 경양식, 육가공, 쌀가공, 조미가공, HMR 제조업",2000,"382, Gangnam-daero, Gangnam-gu, Seoul",http://www.ourhome.co.kr
2018 거대 신흥시장 바이어 초청 수출상담회(업체선정완료),서울 그랜드 하얏트 호텔 그랜드볼룸,2018,11,22,"Jeion Co., Ltd.",유아식품,2013,"303, Cheonjam-ro, Wansan-gu, Jeollabuk-do, 55069, S.Korea",www.jeion.com
2018 거대 신흥시장 바이어 초청 수출상담회(업체선정완료),서울 그랜드 하얏트 호텔 그랜드볼룸,2018,11,22,"Chungwoo Food Corp.,Inc.",제조업,2004,,www.chungwoofood.co.kr
2018 거대 신흥시장 바이어 초청 수출상담회(업체선정완료),서울 그랜드 하얏트 호텔 그랜드볼룸,2018,11,22,"Namyang Dairy Products Co., Ltd.","낙농품, 음료",1964,"240, Dosan-daero, Gangnam-gu, Seoul",.http://company.namyangi.com/
2018 거대 신흥시장 바이어 초청 수출상담회(업체선정완료),서울 그랜드 하얏트 호텔 그랜드볼룸,2018,11,22,"YOUNG POONG CO.,LTD",농식품가공,1993,"64, Seongseogongdanbuk-ro, Dalseo-gu, Daegu, 42712, KOREA",http://www.ypfoods.co.kr
2018 거대 신흥시장 바이어 초청 수출상담회(업체선정완료),서울 그랜드 하얏트 호텔 그랜드볼룸,2018,11,22,"Kwangdong Pharmaceutical Co.,Ltd",의약품/화장품/임대,1963,"85, Seochojungang-ro, Seocho-gu, Seoul, Korea",www.ekdp.com
2018 거대 신흥시장 바이어 초청 수출상담회(업체선정완료),서울 그랜드 하얏트 호텔 그랜드볼룸,2018,11,22,HANMIRAE FOOD,"도소매,제조업,무역",2013,"No, 9-61, Yeongdong-gil,Hamchang-eup, Sangju city, Gyeongsangbuk-do, Korea",http://hanmirae.kr
2018 거대 신흥시장 바이어 초청 수출상담회(업체선정완료),서울 그랜드 하얏트 호텔 그랜드볼룸,2018,11,22,ORIENTAL F&B,식품 무역,2011,"11, Beobwon-ro 11-gil, Songpa-gu, Seoul",www.orientalfnb.com
2018 거대 신흥시장 바이어 초청 수출상담회(업체선정완료),서울 그랜드 하얏트 호텔 그랜드볼룸,2018,11,22,"Nokchawon Co., Ltd.","무역, 다류식품",1992,"84, Seocho-daero 4-gil, Seocho-gu, Seoul",www.nokchawon.co.kr
2018 거대 신흥시장 바이어 초청 수출상담회(업체선정완료),서울 그랜드 하얏트 호텔 그랜드볼룸,2018,11,22,"SSMGLOBAL CO., LTD.","무역, 유통",2016,"385, Gulmi-ro, Juksan-myeon, Anseong-si, Gyeonggi-do, Korea",www.ssmglobal.co.kr
2018 거대 신흥시장 바이어 초청 수출상담회(업체선정완료),서울 그랜드 하얏트 호텔 그랜드볼룸,2018,11,22,"HEE CHANG DAIRY AND FOOD INDUSTRY CO, LTD","식품제조, 가공",1969,"114, Singi-ro, Yangsan-si, Gyeongnam, Republic Of Korea",www.heechang.com
2018 거대 신흥시장 바이어 초청 수출상담회(업체선정완료),서울 그랜드 하얏트 호텔 그랜드볼룸,2018,11,22,HUMANWELL,식품제조가공,2000,"NO.130, Noi-gil, Nongong-eup, Dalseong-gun, Daegu",www.humanwell.co.kr
2018 거대 신흥시장 바이어 초청 수출상담회(업체선정완료),서울 그랜드 하얏트 호텔 그랜드볼룸,2018,11,22,SD Korea,식품,2015,"70, Baksan-ro, Yuseong-gu, Daejeon",www.sd-korea.co.kr
2018 거대 신흥시장 바이어 초청 수출상담회(업체선정완료),서울 그랜드 하얏트 호텔 그랜드볼룸,2018,11,22,YOUNG SHIN FOOD CO.,"맛김,수산물",2001,"131-22, Sinwol-gil, Seo-myeon, Seocheon-gun, Chungcheongnam-do, Repulbic of Korea",www.seafriend.co.kr
2018 거대 신흥시장 바이어 초청 수출상담회(업체선정완료),서울 그랜드 하얏트 호텔 그랜드볼룸,2018,11,22,"Chungwoo Food Corp.,Inc.",제조업,2004,,www.chungwoofood.co.kr
2018 거대 신흥시장 바이어 초청 수출상담회(업체선정완료),서울 그랜드 하얏트 호텔 그랜드볼룸,2018,11,22,"GMF CO., LTD.","음식료품,수출입업",2006,,www.gmfkorea.com
2018 거대 신흥시장 바이어 초청 수출상담회(업체선정완료),서울 그랜드 하얏트 호텔 그랜드볼룸,2018,11,22,"worldfood.co.,Ltd","스낵류, 과자",1986,,www.murgerbon.com
2018 거대 신흥시장 바이어 초청 수출상담회(업체선정완료),서울 그랜드 하얏트 호텔 그랜드볼룸,2018,11,22,SAMJIN GLOBALNET,"무역업, 임대",1970,"562, Samseong-ro, Gangnam-gu, Seoul, Republic of Korea",http://www.wangfood.com/
2018 거대 신흥시장 바이어 초청 수출상담회(업체선정완료),서울 그랜드 하얏트 호텔 그랜드볼룸,2018,11,22,"GMF CO., LTD.","음식료품,수출입업",2006,,www.gmfkorea.com
2018 거대 신흥시장 바이어 초청 수출상담회(업체선정완료),서울 그랜드 하얏트 호텔 그랜드볼룸,2018,11,22,"IIKIM CO.,LTD.","김치,반찬류",2005,"35,GEUMGUL4-GIL,BO-EUN-EUP,BO-EUN-GUN,CHUNGCHEONGBUK-DO,KOREA",http://www.iikim.co.kr
2018 거대 신흥시장 바이어 초청 수출상담회(업체선정완료),서울 그랜드 하얏트 호텔 그랜드볼룸,2018,11,22,"SAHM YOOK SEA FOOD CO.,LTD",구이김,2007,"38 Macham-gil, Cheongso-myeon, Boryeong-si, Chungcheongnam-do, Republic of KOREA",www.36gim.com
2018 거대 신흥시장 바이어 초청 수출상담회(업체선정완료),서울 그랜드 하얏트 호텔 그랜드볼룸,2018,11,22,"SEUNG IN FOOD CO., LTD","참기름,들기름",2015,"58, Nakdongnam-ro 1013beon-gil, Gangseo-gu, Busan",http://seunginfood2.modoo.at
2018 거대 신흥시장 바이어 초청 수출상담회(업체선정완료),서울 그랜드 하얏트 호텔 그랜드볼룸,2018,11,22,"Living Life Co., Ltd.","곡물제분,무역",1993,"275-43, Sinman-ro, Gonjiam-eup, Gwangju-si, Gyunggi-do, Korea",www.elivinglife.co.kr
2018 거대 신흥시장 바이어 초청 수출상담회(업체선정완료),서울 그랜드 하얏트 호텔 그랜드볼룸,2018,11,22,"Renewallife Co.,Ltd.",제조업,2004,"#816-3 Jipyeong-ro, Jipyeong-myeon, Yangpyeong-gun, Gyeonggi-do, Republic of Korea",www.renewallife.com
2018 거대 신흥시장 바이어 초청 수출상담회(업체선정완료),서울 그랜드 하얏트 호텔 그랜드볼룸,2018,11,22,"Health Balance Co., Ltd.","건강기능성식품, 영유아 간부식, 이유식",2006,"Suite 2104, 21Fl., Trade Tower, Samseong-Dong, Gangnam-Gu, Seoul",https://mall.hbalance.co.kr/     http://www.alvins.co.kr/
2018 거대 신흥시장 바이어 초청 수출상담회(업체선정완료),서울 그랜드 하얏트 호텔 그랜드볼룸,2018,11,22,HYE SUNG BEVERAGE CO.LTD,제조,2014,#202  MC TOWN 150 Munwha-ro Jincheonup Jincheongun Korea,www.hyesunggroup.com
2018 거대 신흥시장 바이어 초청 수출상담회(업체선정완료),서울 그랜드 하얏트 호텔 그랜드볼룸,2018,11,22,"Daawon Co., Ltd.",식음료 제조업,2007,"65 Injeong-1 gil,Cheongsan-myeon,Okcheon-gun,Chungcheongbuk-do,Korea",www.daawon.com
2018 거대 신흥시장 바이어 초청 수출상담회(업체선정완료),서울 그랜드 하얏트 호텔 그랜드볼룸,2018,11,22,"foodistry co.,ltd",도소매,2017,"65, Dudulgi-gil, Chowol-eup, Gwangju-si, Gyeonggi-do",www.wellygo.co.kr
2018 거대 신흥시장 바이어 초청 수출상담회(업체선정완료),서울 그랜드 하얏트 호텔 그랜드볼룸,2018,11,22,MyungSung Agricultural Corporation,농산물,2003,,
2018 거대 신흥시장 바이어 초청 수출상담회(업체선정완료),서울 그랜드 하얏트 호텔 그랜드볼룸,2018,11,22,Saenam F&B,식품,2005,"#903, 28,Hwangsaeul-ro 200beon-gil,Bundang-gu, Seongnam-si",www.tacocafe.co.kr/
2018 거대 신흥시장 바이어 초청 수출상담회(업체선정완료),서울 그랜드 하얏트 호텔 그랜드볼룸,2018,11,22,"Living Life Co., Ltd.","곡물제분,무역",1993,"275-43, Sinman-ro, Gonjiam-eup, Gwangju-si, Gyunggi-do, Korea",www.elivinglife.co.kr
2018 거대 신흥시장 바이어 초청 수출상담회(업체선정완료),서울 그랜드 하얏트 호텔 그랜드볼룸,2018,11,22,Gyeovgseong Shiitake Mushroom Farm,임산물생산,2007,,
2018 거대 신흥시장 바이어 초청 수출상담회(업체선정완료),서울 그랜드 하얏트 호텔 그랜드볼룸,2018,11,22,CHOROKARIUL,농산물/곡물도정/시기품가공(밀가루등)/통신판매,2004,"39, Deungyounggil, Haseo-myyon, Buan-gun, Jeollabuk-do,Korea,56332",http://www.chorokariul.com/
2018 거대 신흥시장 바이어 초청 수출상담회(업체선정완료),서울 그랜드 하얏트 호텔 그랜드볼룸,2018,11,22,"Genome&Medicine Co., Ltd.",제조도소매,2000,,
2018 거대 신흥시장 바이어 초청 수출상담회(업체선정완료),서울 그랜드 하얏트 호텔 그랜드볼룸,2018,11,22,"KEIL Co., Ltd",식용곤충활용식품 제조업,2016,"#403, 4th Floor, 191, Dongho-ro, Jung-gu, Seoul, 04598, Korea",http://www.keilcorp.com
2018 거대 신흥시장 바이어 초청 수출상담회(업체선정완료),서울 그랜드 하얏트 호텔 그랜드볼룸,2018,11,22,Handok,"양약, 자양강장제",1954,"132 Teheran-ro, Gangnam-gu, Seoul, south korea",www.handok.co.kr
2018 거대 신흥시장 바이어 초청 수출상담회(업체선정완료),서울 그랜드 하얏트 호텔 그랜드볼룸,2018,11,22,"bogoshinyak.co.,ltd.",음료,2004,"167, Songpa-daero, Songpa-gu, Seoul",www.ebogo.kr
2018 거대 신흥시장 바이어 초청 수출상담회(업체선정완료),서울 그랜드 하얏트 호텔 그랜드볼룸,2018,11,22,"JNS GLOBAL CO., LTD.",무역업,2016,"Rm1304, 141, Seowon-ro, Wansan-gu, Jeonju, Jeonbuk, Korea",www.jnsglobalkorea.com
2018 거대 신흥시장 바이어 초청 수출상담회(업체선정완료),서울 그랜드 하얏트 호텔 그랜드볼룸,2018,11,22,"DAEDONG KOREA GINSENG CO.,LTD",홍삼제품,2002,"ChungNam GeumsanGun, GunbukMyeon, GunbukRo,",www.ddkorea.co.kr
2018 거대 신흥시장 바이어 초청 수출상담회(업체선정완료),서울 그랜드 하얏트 호텔 그랜드볼룸,2018,11,22,"Sunyoung Food co.,ltd","과자류, 코코아가공 및 초콜렛",2013,"784, Seongnam-ro, Susin-myeon, Dongnam-gu, Cheonan-si, Chungcheongnam-do, Korea",sy-food.co.kr
2018 거대 신흥시장 바이어 초청 수출상담회(업체선정완료),서울 그랜드 하얏트 호텔 그랜드볼룸,2018,11,22,WELLBIOTECH,건강식품,1999,"152,?Allim-ro,?Chungju-si,?Chungcheongbuk-do",www.wellbiotech.co.kr
2018 거대 신흥시장 바이어 초청 수출상담회(업체선정완료),서울 그랜드 하얏트 호텔 그랜드볼룸,2018,11,22,"DaeDoFood Co.,Ltd","과자류, 면류",2000,ChungBuk Okcheon-eup Okcheon-gun Yangsuro6-gil,www.daedofood.com
2018 거대 신흥시장 바이어 초청 수출상담회(업체선정완료),서울 그랜드 하얏트 호텔 그랜드볼룸,2018,11,22,KEUMKANG B&F,청량음료외,1988,"106, Dusan-gil, Daesowon-myeon, Chungju-si, Chungcheongbuk-do, Republic of Korea",http://keumkangbnf.com/
2018 거대 신흥시장 바이어 초청 수출상담회(업체선정완료),서울 그랜드 하얏트 호텔 그랜드볼룸,2018,11,22,"Renewallife Co.,Ltd.",제조업,2004,"#816-3 Jipyeong-ro, Jipyeong-myeon, Yangpyeong-gun, Gyeonggi-do, Republic of Korea",www.renewallife.com
2018 거대 신흥시장 바이어 초청 수출상담회(업체선정완료),서울 그랜드 하얏트 호텔 그랜드볼룸,2018,11,22,Saenam F&B,식품,2005,"#903, 28,Hwangsaeul-ro 200beon-gil,Bundang-gu, Seongnam-si",www.tacocafe.co.kr/
2018 거대 신흥시장 바이어 초청 수출상담회(업체선정완료),서울 그랜드 하얏트 호텔 그랜드볼룸,2018,11,22,"Rima Global Co., LTD","농,축,수산물가공및 판매 수출",2004,"59-16 Maegok-gil, Wungpo-myeon, Iksan-si, Jeonrabukdo, Korea",
2018 거대 신흥시장 바이어 초청 수출상담회(업체선정완료),서울 그랜드 하얏트 호텔 그랜드볼룸,2018,11,22,Korean pears cooperative union,농업,2012,"218, Dusan-gil, Munsan-eup, Jinju-si, Gyeongsangnam-do",N
2018 거대 신흥시장 바이어 초청 수출상담회(업체선정완료),서울 그랜드 하얏트 호텔 그랜드볼룸,2018,11,22,"MIWAMI CO., LTD",다류 수출업 무역,2009,"840-1 Noam-dong, Namwon-si, Jeollabuk-do, Korea",www.miwami.com
2018 거대 신흥시장 바이어 초청 수출상담회(업체선정완료),서울 그랜드 하얏트 호텔 그랜드볼룸,2018,11,22,YBMcmc,수출입 (농수산물),2014,"#B1-10, 38, Beopjo-ro, Yeongtong-gu, Suwon-si, Gyeonggi-do",http://ybmcmckorea.itrocks.kr/
2018 거대 신흥시장 바이어 초청 수출상담회(업체선정완료),서울 그랜드 하얏트 호텔 그랜드볼룸,2018,11,22,"SAMHAE COMMERCIAL CO., LTD.","제조업, 도소매, 수출",1968,"25, Beobwon-ro 11-gil, Songpa-gu, Seoul",www.samhae.com
2018 거대 신흥시장 바이어 초청 수출상담회(업체선정완료),서울 그랜드 하얏트 호텔 그랜드볼룸,2018,11,22,legend.K,"음식료, 농수축산물, 기타가공식품",2017,,
2018 거대 신흥시장 바이어 초청 수출상담회(업체선정완료),서울 그랜드 하얏트 호텔 그랜드볼룸,2018,11,22,"JINHYUN CO.,LTD",식품원료,2011,,www.fresiweed.com
2018 거대 신흥시장 바이어 초청 수출상담회(업체선정완료),서울 그랜드 하얏트 호텔 그랜드볼룸,2018,11,22,"CHUNGHAE S&D CO.,LTD","농수산물제조, 수출입, 도소매, 임가공",2002,"7, Cheonggangol-gil, Toseong-myeon, Goseong-gun, Gangwon-do, Republic of Korea",www.seaweedlove.kr
2018 거대 신흥시장 바이어 초청 수출상담회(업체선정완료),서울 그랜드 하얏트 호텔 그랜드볼룸,2018,11,22,HAEMISTRAWBERRYWINE,농업 제조업,2015,,www.winesb.co.kr
2018 거대 신흥시장 바이어 초청 수출상담회(업체선정완료),서울 그랜드 하얏트 호텔 그랜드볼룸,2018,11,22,Ecopanax Co.Ltd.,홍삼한방제품,2013,"38, Hongsamhanbang-ro, Jinan-eup, Jinan-gun, Jeollabuk-do, Republic of Korea",www.ecopanax.com
2018 거대 신흥시장 바이어 초청 수출상담회(업체선정완료),서울 그랜드 하얏트 호텔 그랜드볼룸,2018,11,22,Saenam F&B,식품,2005,"#903, 28,Hwangsaeul-ro 200beon-gil,Bundang-gu, Seongnam-si",www.tacocafe.co.kr/
2018 거대 신흥시장 바이어 초청 수출상담회(업체선정완료),서울 그랜드 하얏트 호텔 그랜드볼룸,2018,11,22,"CHOGA CO.,LTD",주류제조,2005,"33-12, Oegol-gil, Gimhwa-eup, Cheorwon-gun, Gangwon-do, 24055, Rep. of KOREA",www.choga.co.kr
2018 거대 신흥시장 바이어 초청 수출상담회(업체선정완료),서울 그랜드 하얏트 호텔 그랜드볼룸,2018,11,22,OKF CORPORATION,"식품,식품무역,무역(수출입업),수출대행업",1990,"54, Hakdong-ro 21-gil, Gangnam-gu, Seoul",www.okf.kr
2018 거대 신흥시장 바이어 초청 수출상담회(업체선정완료),서울 그랜드 하얏트 호텔 그랜드볼룸,2018,11,22,"AROMAVILLE COFFEE CO.,LTD.",커피 및 국산차 가공업,2001,"23, Seohae-ro 987beon-gil, Paltan-myeon, Hwaseong-si, Gyeonggi-do, Republic of Korea",www.handrip.com
2018 거대 신흥시장 바이어 초청 수출상담회(업체선정완료),서울 그랜드 하얏트 호텔 그랜드볼룸,2018,11,22,"Namyang Dairy Products Co., Ltd.","낙농품, 음료",1964,"240, Dosan-daero, Gangnam-gu, Seoul",.http://company.namyangi.com/
2018 거대 신흥시장 바이어 초청 수출상담회(업체선정완료),서울 그랜드 하얏트 호텔 그랜드볼룸,2018,11,22,"DAEDONG KOREA GINSENG CO.,LTD",홍삼제품,2002,"ChungNam GeumsanGun, GunbukMyeon, GunbukRo,",www.ddkorea.co.kr
2018 거대 신흥시장 바이어 초청 수출상담회(업체선정완료),서울 그랜드 하얏트 호텔 그랜드볼룸,2018,11,22,QUALI KOREA CORP,"수출입업무,수출대행업,오퍼",2005,"52, Achasan-ro 15-gil, Seongdong-gu, Seoul",www.qkc.co.kr
2018 거대 신흥시장 바이어 초청 수출상담회(업체선정완료),서울 그랜드 하얏트 호텔 그랜드볼룸,2018,11,22,KEUMKANG B&F,청량음료외,1988,"106, Dusan-gil, Daesowon-myeon, Chungju-si, Chungcheongbuk-do, Republic of Korea",http://keumkangbnf.com/
2018 거대 신흥시장 바이어 초청 수출상담회(업체선정완료),서울 그랜드 하얏트 호텔 그랜드볼룸,2018,11,22,"Chungwoo Food Corp.,Inc.",제조업,2004,,www.chungwoofood.co.kr
2018 거대 신흥시장 바이어 초청 수출상담회(업체선정완료),서울 그랜드 하얏트 호텔 그랜드볼룸,2018,11,22,SD Korea,식품,2015,"70, Baksan-ro, Yuseong-gu, Daejeon",www.sd-korea.co.kr
2018 거대 신흥시장 바이어 초청 수출상담회(업체선정완료),서울 그랜드 하얏트 호텔 그랜드볼룸,2018,11,22,"AROMAVILLE COFFEE CO.,LTD.",커피 및 국산차 가공업,2001,"23, Seohae-ro 987beon-gil, Paltan-myeon, Hwaseong-si, Gyeonggi-do, Republic of Korea",www.handrip.com
2018 거대 신흥시장 바이어 초청 수출상담회(업체선정완료),서울 그랜드 하얏트 호텔 그랜드볼룸,2018,11,22,"gs-tk co.,kr","제조,도소매",2011,"(#406,DongJin Bilding, Haengsin-dong)11, Chungjang-ro, Deogyang-gu, Goyang-si, Gyeonggi-do, Korea",gstk.co.kr
2018 거대 신흥시장 바이어 초청 수출상담회(업체선정완료),서울 그랜드 하얏트 호텔 그랜드볼룸,2018,11,22,"HANSUNG FOOD CO ., LTD","제조, 도소매, 무역",1986,"9-10, Ojeong-ro 134 Beon-gil, Ojeong-gu, Bucheon-si, Gyeonggi-do, KOREA",www.hskimchi.co.kr
2018 거대 신흥시장 바이어 초청 수출상담회(업체선정완료),서울 그랜드 하얏트 호텔 그랜드볼룸,2018,11,22,SAMJIN GLOBALNET,"무역업, 임대",1970,"562, Samseong-ro, Gangnam-gu, Seoul, Republic of Korea",http://www.wangfood.com/
2018 거대 신흥시장 바이어 초청 수출상담회(업체선정완료),서울 그랜드 하얏트 호텔 그랜드볼룸,2018,11,22,"World Food Services Co.,Ltd.",무역업,2015,"Rm 301 Innermass Bldg, 354-28 Dongtanwoncheon-ro, Hwaseong-si, Gyeonggi-do, 18423, South Korea",www.worldfoodsvc.com
2018 거대 신흥시장 바이어 초청 수출상담회(업체선정완료),서울 그랜드 하얏트 호텔 그랜드볼룸,2018,11,22,"SIK Co., Ltd",식음료,2004,"436 Yanghwa-Ro,Neungseo-Myeon,Yeoju City,Gyeonggi,Korea",http://www.sikco.kr/
2018 거대 신흥시장 바이어 초청 수출상담회(업체선정완료),서울 그랜드 하얏트 호텔 그랜드볼룸,2018,11,22,"YOUNG POONG CO.,LTD",농식품가공,1993,"64, Seongseogongdanbuk-ro, Dalseo-gu, Daegu, 42712, KOREA",http://www.ypfoods.co.kr
2018 거대 신흥시장 바이어 초청 수출상담회(업체선정완료),서울 그랜드 하얏트 호텔 그랜드볼룸,2018,11,22,"BOKUMJARI CO.,LTD.",제조업,1996,"901 ACE TOWER, 361 SIMIN-DAERO, DONGAN-GU, ANYANG-SI, GYEONGGI-DO",www.bokumjari.co.kr
2018 거대 신흥시장 바이어 초청 수출상담회(업체선정완료),서울 그랜드 하얏트 호텔 그랜드볼룸,2018,11,22,HUMANWELL,식품제조가공,2000,"NO.130, Noi-gil, Nongong-eup, Dalseong-gun, Daegu",www.humanwell.co.kr
2018 거대 신흥시장 바이어 초청 수출상담회(업체선정완료),서울 그랜드 하얏트 호텔 그랜드볼룸,2018,11,22,The Marketing Firms in Common of the Primary Cooperatives Nonsan City,농축산물,2013,"34, Chengdong-ro, Yensan-myun, Nonsan-si, Chungchengnam-do, Republic of Korea",
2018 거대 신흥시장 바이어 초청 수출상담회(업체선정완료),서울 그랜드 하얏트 호텔 그랜드볼룸,2018,11,22,"CHOGA CO.,LTD",주류제조,2005,"33-12, Oegol-gil, Gimhwa-eup, Cheorwon-gun, Gangwon-do, 24055, Rep. of KOREA",www.choga.co.kr
2018 거대 신흥시장 바이어 초청 수출상담회(업체선정완료),서울 그랜드 하얏트 호텔 그랜드볼룸,2018,11,22,"worldfood.co.,Ltd","스낵류, 과자",1986,,www.murgerbon.com
2018 거대 신흥시장 바이어 초청 수출상담회(업체선정완료),서울 그랜드 하얏트 호텔 그랜드볼룸,2018,11,22,HAEMISTRAWBERRYWINE,농업 제조업,2015,,www.winesb.co.kr
2018 거대 신흥시장 바이어 초청 수출상담회(업체선정완료),서울 그랜드 하얏트 호텔 그랜드볼룸,2018,11,22,Ikgkorea co.,무역,2011,"F718, Centumbiz, 45, Jojeong-daero, Hanam-si, Gyeonggi-do, Korea",www.ikgkorea.com
2018 거대 신흥시장 바이어 초청 수출상담회(업체선정완료),서울 그랜드 하얏트 호텔 그랜드볼룸,2018,11,22,"GYODONG FOOD CO.,LTD.","식품,축산물 가공업",1998,"181, Jiyong-ro, Okcheon-eup, Okcheon-gun, Chungcheongbuk-do, Korea",www.howchon.com
2018 거대 신흥시장 바이어 초청 수출상담회(업체선정완료),서울 그랜드 하얏트 호텔 그랜드볼룸,2018,11,22,H&P INTERNATIONAL,도소매 무역,2011,,www.hnpinternational.com
2018 거대 신흥시장 바이어 초청 수출상담회(업체선정완료),서울 그랜드 하얏트 호텔 그랜드볼룸,2018,11,22,HB CORPORATION,수출입업,2009,"259-2, Sinseon-ro, Nam-gu, Busan",www.foodtrade.co.kr
2018 거대 신흥시장 바이어 초청 수출상담회(업체선정완료),서울 그랜드 하얏트 호텔 그랜드볼룸,2018,11,22,SEMPIO FOODS COMPANY,식품,1946,2 chungmuro jung gu seoul korea,www.sempio.com
2018 거대 신흥시장 바이어 초청 수출상담회(업체선정완료),서울 그랜드 하얏트 호텔 그랜드볼룸,2018,11,22,OTTOGI,식품,1989,"OTTOGI CENTER, 308, YEONGDONG-DAERO, GANGNAM, SEOUL, KOREA 06177",www.ottogi.co.kr
2018 거대 신흥시장 바이어 초청 수출상담회(업체선정완료),서울 그랜드 하얏트 호텔 그랜드볼룸,2018,11,22,SS TRADING,농수산물 수출입대행,2016,"101, 1140-12, Sinchang-dong, Gwangsan-gu, Gwangju, KOREA",
2018 거대 신흥시장 바이어 초청 수출상담회(업체선정완료),서울 그랜드 하얏트 호텔 그랜드볼룸,2018,11,22,ADDI GLOBAL Inc.,"제조, 무역",2016,"JST #908, 229, Seokjeong-ro, Michuhol-gu, Incheon",www.addiglobal.com
2018 거대 신흥시장 바이어 초청 수출상담회(업체선정완료),서울 그랜드 하얏트 호텔 그랜드볼룸,2018,11,22,"MIWAMI CO., LTD",다류 수출업 무역,2009,"840-1 Noam-dong, Namwon-si, Jeollabuk-do, Korea",www.miwami.com
2018 거대 신흥시장 바이어 초청 수출상담회(업체선정완료),서울 그랜드 하얏트 호텔 그랜드볼룸,2018,11,22,"gs-tk co.,kr","제조,도소매",2011,"(#406,DongJin Bilding, Haengsin-dong)11, Chungjang-ro, Deogyang-gu, Goyang-si, Gyeonggi-do, Korea",gstk.co.kr
2018 거대 신흥시장 바이어 초청 수출상담회(업체선정완료),서울 그랜드 하얏트 호텔 그랜드볼룸,2018,11,22,dong woo F&C,"식품가공,무역",2007,,www.haomi.co.kr
2018 거대 신흥시장 바이어 초청 수출상담회(업체선정완료),서울 그랜드 하얏트 호텔 그랜드볼룸,2018,11,22,"SAMHAE COMMERCIAL CO., LTD.","제조업, 도소매, 수출",1968,"25, Beobwon-ro 11-gil, Songpa-gu, Seoul",www.samhae.com
2018 거대 신흥시장 바이어 초청 수출상담회(업체선정완료),서울 그랜드 하얏트 호텔 그랜드볼룸,2018,11,22,"Sunyoung Food co.,ltd","과자류, 코코아가공 및 초콜렛",2013,"784, Seongnam-ro, Susin-myeon, Dongnam-gu, Cheonan-si, Chungcheongnam-do, Korea",sy-food.co.kr
2018 거대 신흥시장 바이어 초청 수출상담회(업체선정완료),서울 그랜드 하얏트 호텔 그랜드볼룸,2018,11,22,"World Food Services Co.,Ltd.",무역업,2015,"Rm 301 Innermass Bldg, 354-28 Dongtanwoncheon-ro, Hwaseong-si, Gyeonggi-do, 18423, South Korea",www.worldfoodsvc.com
2018 거대 신흥시장 바이어 초청 수출상담회(업체선정완료),서울 그랜드 하얏트 호텔 그랜드볼룸,2018,11,22,"DaeDoFood Co.,Ltd","과자류, 면류",2000,ChungBuk Okcheon-eup Okcheon-gun Yangsuro6-gil,www.daedofood.com
2018 거대 신흥시장 바이어 초청 수출상담회(업체선정완료),서울 그랜드 하얏트 호텔 그랜드볼룸,2018,11,22,[K01] AGRICULTURAL COMPANY CORP JAYEONTEO,농산물.농산물가공.농산물,2015,"400, Seonghyeon-ro, Ilsandong-gu, Goyang-si, Gyeonggi-do",www.gentlematto.com
2018 거대 신흥시장 바이어 초청 수출상담회(업체선정완료),서울 그랜드 하얏트 호텔 그랜드볼룸,2018,11,22,nonggafood,즉석조리식품제조,2014,112 musimseoro 1099beongil heungdeokgu cheongjusi  chungcheongbukdo republic of korea,http://nonggafood.itrocks.kr/
2018 거대 신흥시장 바이어 초청 수출상담회(업체선정완료),서울 그랜드 하얏트 호텔 그랜드볼룸,2018,11,22,HEE CHANG TRADING,농수축산물 가공 및 수출 판매,1980,,http://www.heechangtrade.com/
2018 거대 신흥시장 바이어 초청 수출상담회(업체선정완료),서울 그랜드 하얏트 호텔 그랜드볼룸,2018,11,22,"DAECHUN LAVER CO., LTD.","수산물 (조미김, 김밥김, 스낵김)",2013,"425-21, Daehae-ro, Boryeong-si, Chungcheongnam-do, KOREA <33491>",http://www.9329292.co.kr/
2018 거대 신흥시장 바이어 초청 수출상담회(업체선정완료),서울 그랜드 하얏트 호텔 그랜드볼룸,2018,11,22,Korean Pear Export INC.,수출업체,2014,"77, Gosokcheol-daero, Baebang-eup, Asan-si, Chungcheongnam-do",www.koreapear.com
2018 거대 신흥시장 바이어 초청 수출상담회(업체선정완료),서울 그랜드 하얏트 호텔 그랜드볼룸,2018,11,22,"Kwangdong Pharmaceutical Co.,Ltd",의약품/화장품/임대,1963,"85, Seochojungang-ro, Seocho-gu, Seoul, Korea",www.ekdp.com
2018 거대 신흥시장 바이어 초청 수출상담회(업체선정완료),서울 그랜드 하얏트 호텔 그랜드볼룸,2018,11,22,HB CORPORATION,수출입업,2009,"259-2, Sinseon-ro, Nam-gu, Busan",www.foodtrade.co.kr
2018 거대 신흥시장 바이어 초청 수출상담회(업체선정완료),서울 그랜드 하얏트 호텔 그랜드볼룸,2018,11,22,Lotte Liquor,주류,1926,"Lotte Castle Gold, 3/F, 269 Olympic-ro, Songpa-gu, Seoul, Korea",www.lotteliquor.com
2018 거대 신흥시장 바이어 초청 수출상담회(업체선정완료),서울 그랜드 하얏트 호텔 그랜드볼룸,2018,11,22,OTTOGI,식품,1989,"OTTOGI CENTER, 308, YEONGDONG-DAERO, GANGNAM, SEOUL, KOREA 06177",www.ottogi.co.kr
2018 거대 신흥시장 바이어 초청 수출상담회(업체선정완료),서울 그랜드 하얏트 호텔 그랜드볼룸,2018,11,22,nonggafood,즉석조리식품제조,2014,112 musimseoro 1099beongil heungdeokgu cheongjusi  chungcheongbukdo republic of korea,http://nonggafood.itrocks.kr/
2018 거대 신흥시장 바이어 초청 수출상담회(업체선정완료),서울 그랜드 하얏트 호텔 그랜드볼룸,2018,11,22,Ikgkorea co.,무역,2011,"F718, Centumbiz, 45, Jojeong-daero, Hanam-si, Gyeonggi-do, Korea",www.ikgkorea.com
2018 거대 신흥시장 바이어 초청 수출상담회(업체선정완료),서울 그랜드 하얏트 호텔 그랜드볼룸,2018,11,22,"KKOH SHAEM FOOD CO.,LTD","다류 제조, 도소매 및 수출",1997,"#82 Jugyeopsan-ro, 35 Beon-gil, Sohol-eup, Pocheon-si, Gyeonggi-do, Korea",www.ksfs.co.kr
2018 거대 신흥시장 바이어 초청 수출상담회(업체선정완료),서울 그랜드 하얏트 호텔 그랜드볼룸,2018,11,22,"MORE CO., LTD.",식품 가공,2006,"113,DODONGGUYEOK-GIL,YEONGCHEON-SI,GYEONGSANGBUK-DO,KOREA",morecorp.co.kr
2018 거대 신흥시장 바이어 초청 수출상담회(업체선정완료),서울 그랜드 하얏트 호텔 그랜드볼룸,2018,11,22,Marineseed Korea,수출업체,2015,"27, Bucheon-ro 136beon-gil, Bucheon-si, Gyeonggi-do",www.marineseed.com
2018 거대 신흥시장 바이어 초청 수출상담회(업체선정완료),서울 그랜드 하얏트 호텔 그랜드볼룸,2018,11,22,"mereal co.,ltd",제조업,2013,"50, Sandan 1-ro, Jangheung-eup, Jangheung-gun, Jeollanam-do",
2018 거대 신흥시장 바이어 초청 수출상담회(업체선정완료),서울 그랜드 하얏트 호텔 그랜드볼룸,2018,11,22,"MIWAMI CO., LTD",다류 수출업 무역,2009,"840-1 Noam-dong, Namwon-si, Jeollabuk-do, Korea",www.miwami.com
2018 거대 신흥시장 바이어 초청 수출상담회(업체선정완료),서울 그랜드 하얏트 호텔 그랜드볼룸,2018,11,22,"AROMAVILLE COFFEE CO.,LTD.",커피 및 국산차 가공업,2001,"23, Seohae-ro 987beon-gil, Paltan-myeon, Hwaseong-si, Gyeonggi-do, Republic of Korea",www.handrip.com
2018 거대 신흥시장 바이어 초청 수출상담회(업체선정완료),서울 그랜드 하얏트 호텔 그랜드볼룸,2018,11,22,HAEMISTRAWBERRYWINE,농업 제조업,2015,,www.winesb.co.kr
2018 거대 신흥시장 바이어 초청 수출상담회(업체선정완료),서울 그랜드 하얏트 호텔 그랜드볼룸,2018,11,22,"bogoshinyak.co.,ltd.",음료,2004,"167, Songpa-daero, Songpa-gu, Seoul",www.ebogo.kr
2018 거대 신흥시장 바이어 초청 수출상담회(업체선정완료),서울 그랜드 하얏트 호텔 그랜드볼룸,2018,11,22,"DAECHUN LAVER CO., LTD.","수산물 (조미김, 김밥김, 스낵김)",2013,"425-21, Daehae-ro, Boryeong-si, Chungcheongnam-do, KOREA <33491>",http://www.9329292.co.kr/
2018 거대 신흥시장 바이어 초청 수출상담회(업체선정완료),서울 그랜드 하얏트 호텔 그랜드볼룸,2018,11,22,"Kwangdong Pharmaceutical Co.,Ltd",의약품/화장품/임대,1963,"85, Seochojungang-ro, Seocho-gu, Seoul, Korea",www.ekdp.com
2018 거대 신흥시장 바이어 초청 수출상담회(업체선정완료),서울 그랜드 하얏트 호텔 그랜드볼룸,2018,11,22,nonggafood,즉석조리식품제조,2014,112 musimseoro 1099beongil heungdeokgu cheongjusi  chungcheongbukdo republic of korea,http://nonggafood.itrocks.kr/
2018 거대 신흥시장 바이어 초청 수출상담회(업체선정완료),서울 그랜드 하얏트 호텔 그랜드볼룸,2018,11,22,"Rima Global Co., LTD","농,축,수산물가공및 판매 수출",2004,"59-16 Maegok-gil, Wungpo-myeon, Iksan-si, Jeonrabukdo, Korea",
2018 거대 신흥시장 바이어 초청 수출상담회(업체선정완료),서울 그랜드 하얏트 호텔 그랜드볼룸,2018,11,22,"mereal co.,ltd",제조업,2013,"50, Sandan 1-ro, Jangheung-eup, Jangheung-gun, Jeollanam-do",
2018 거대 신흥시장 바이어 초청 수출상담회(업체선정완료),서울 그랜드 하얏트 호텔 그랜드볼룸,2018,11,22,HEE CHANG TRADING,농수축산물 가공 및 수출 판매,1980,,http://www.heechangtrade.com/
2018 거대 신흥시장 바이어 초청 수출상담회(업체선정완료),서울 그랜드 하얏트 호텔 그랜드볼룸,2018,11,22,SFCBio Inc.,"제조, 도소매",1999,"25, Gasan digital 1-ro, Geumcheon-gu, Seoul",www.sfcbio.com
2018 거대 신흥시장 바이어 초청 수출상담회(업체선정완료),서울 그랜드 하얏트 호텔 그랜드볼룸,2018,11,22,"OZONAID Co., Ltd",신선농산물 신선저장유통,2014,,www.ozonaid.com
2018 거대 신흥시장 바이어 초청 수출상담회(업체선정완료),서울 그랜드 하얏트 호텔 그랜드볼룸,2018,11,22,"World Food Services Co.,Ltd.",무역업,2015,"Rm 301 Innermass Bldg, 354-28 Dongtanwoncheon-ro, Hwaseong-si, Gyeonggi-do, 18423, South Korea",www.worldfoodsvc.com
2018 거대 신흥시장 바이어 초청 수출상담회(업체선정완료),서울 그랜드 하얏트 호텔 그랜드볼룸,2018,11,22,"SEUNG IN FOOD CO., LTD","참기름,들기름",2015,"58, Nakdongnam-ro 1013beon-gil, Gangseo-gu, Busan",http://seunginfood2.modoo.at
2018 거대 신흥시장 바이어 초청 수출상담회(업체선정완료),서울 그랜드 하얏트 호텔 그랜드볼룸,2018,11,22,hanulasak,식품제조가공.과실및채소,2015,,skypear.co.kr
2018 거대 신흥시장 바이어 초청 수출상담회(업체선정완료),서울 그랜드 하얏트 호텔 그랜드볼룸,2018,11,22,"Jeion Co., Ltd.",유아식품,2013,"303, Cheonjam-ro, Wansan-gu, Jeollabuk-do, 55069, S.Korea",www.jeion.com
2018 거대 신흥시장 바이어 초청 수출상담회(업체선정완료),서울 그랜드 하얏트 호텔 그랜드볼룸,2018,11,22,HAEJEO FOODS,제조,2009,"499-25, Chungseo-ro, Gwangcheon-eup, Hongseong-gun, Chungcheongnam-do",www.hjgim.co.kr
2018 거대 신흥시장 바이어 초청 수출상담회(업체선정완료),서울 그랜드 하얏트 호텔 그랜드볼룸,2018,11,22,YONSEI UNIVERSITY DAIRY,"낙농품,두유 등",1962,"829, YEUMBONG-RO, YEUMBONG-MYUN, ASAN-SI, CHUNGCHEONGNAM-DO, KOREA.",http://www.yonseidairy.com/milk/
2018 거대 신흥시장 바이어 초청 수출상담회(업체선정완료),서울 그랜드 하얏트 호텔 그랜드볼룸,2018,11,22,QUALI KOREA CORP,"수출입업무,수출대행업,오퍼",2005,"52, Achasan-ro 15-gil, Seongdong-gu, Seoul",www.qkc.co.kr
2018 거대 신흥시장 바이어 초청 수출상담회(업체선정완료),서울 그랜드 하얏트 호텔 그랜드볼룸,2018,11,22,Woomtree Corporation,"식품가공,장류",1978,"1206, JEONYEONGRO, CHANGSU MYEON, POCHEON CITY, GYEONGGIDO",www.woomtree.co.kr
2018 거대 신흥시장 바이어 초청 수출상담회(업체선정완료),서울 그랜드 하얏트 호텔 그랜드볼룸,2018,11,22,"MONGGO FOODS CO., LTD.",장류 및 기타식품 등,1905,"18, Paryong-ro 371beon-gil, Uichang-gu, Changwon-si, Gyeongsangnam-do",www.monggofood.co.kr
2018 거대 신흥시장 바이어 초청 수출상담회(업체선정완료),서울 그랜드 하얏트 호텔 그랜드볼룸,2018,11,22,HB CORPORATION,수출입업,2009,"259-2, Sinseon-ro, Nam-gu, Busan",www.foodtrade.co.kr
2018 거대 신흥시장 바이어 초청 수출상담회(업체선정완료),서울 그랜드 하얏트 호텔 그랜드볼룸,2018,11,22,pocheon ginseng farmer association,인삼제품,2005,,http://www.pocheoninsam.com/
2018 거대 신흥시장 바이어 초청 수출상담회(업체선정완료),서울 그랜드 하얏트 호텔 그랜드볼룸,2018,11,22,"CHOGA CO.,LTD",주류제조,2005,"33-12, Oegol-gil, Gimhwa-eup, Cheorwon-gun, Gangwon-do, 24055, Rep. of KOREA",www.choga.co.kr
2018 거대 신흥시장 바이어 초청 수출상담회(업체선정완료),서울 그랜드 하얏트 호텔 그랜드볼룸,2018,11,22,Lotte Liquor,주류,1926,"Lotte Castle Gold, 3/F, 269 Olympic-ro, Songpa-gu, Seoul, Korea",www.lotteliquor.com
2018 거대 신흥시장 바이어 초청 수출상담회(업체선정완료),서울 그랜드 하얏트 호텔 그랜드볼룸,2018,11,22,"Jinsan Beverage Co.,Ltd.",음료 제조업,2016,"13, Namjo-ro 3rd road, Jocheon-eup, Jeju, Korea",www.jinsanfnb.com
2018 거대 신흥시장 바이어 초청 수출상담회(업체선정완료),서울 그랜드 하얏트 호텔 그랜드볼룸,2018,11,22,Woomtree Corporation,"식품가공,장류",1978,"1206, JEONYEONGRO, CHANGSU MYEON, POCHEON CITY, GYEONGGIDO",www.woomtree.co.kr
2018 거대 신흥시장 바이어 초청 수출상담회(업체선정완료),서울 그랜드 하얏트 호텔 그랜드볼룸,2018,11,22,"DAEDOO FOODS CO., LTD.",제조,1983,"23, SANGJANGGONWIT-GIL, SEOSU-MYEON, GUNSAN-CITY, JEONRABUGDO, KOREA",www.idaedoo.co.kr
2018 거대 신흥시장 바이어 초청 수출상담회(업체선정완료),서울 그랜드 하얏트 호텔 그랜드볼룸,2018,11,22,"KKOH SHAEM FOOD CO.,LTD","다류 제조, 도소매 및 수출",1997,"#82 Jugyeopsan-ro, 35 Beon-gil, Sohol-eup, Pocheon-si, Gyeonggi-do, Korea",www.ksfs.co.kr
2018 거대 신흥시장 바이어 초청 수출상담회(업체선정완료),서울 그랜드 하얏트 호텔 그랜드볼룸,2018,11,22,"Kocheolnam Hongsam Co., Ltd","제조, 유통, 무역",2005,"61, Ganghwasandan-ro, Ganghwa-eup, Ganghwa-gun, Incheon",www.hong3.co.kr
2018 거대 신흥시장 바이어 초청 수출상담회(업체선정완료),서울 그랜드 하얏트 호텔 그랜드볼룸,2018,11,22,HB CORPORATION,수출입업,2009,"259-2, Sinseon-ro, Nam-gu, Busan",www.foodtrade.co.kr
2018 거대 신흥시장 바이어 초청 수출상담회(업체선정완료),서울 그랜드 하얏트 호텔 그랜드볼룸,2018,11,22,"DK FOODS CO., LTD.",무역,1997,,www.dkfoods.co.kr
2018 거대 신흥시장 바이어 초청 수출상담회(업체선정완료),서울 그랜드 하얏트 호텔 그랜드볼룸,2018,11,22,"HAN & GLOBAL CO., LTD.",무역업,2016,119-1 CHOBO-RO MOHYEON-EUP CHEOIN-GU YONGIN-SI GYEONGGI-DO KOREA,N
2018 거대 신흥시장 바이어 초청 수출상담회(업체선정완료),서울 그랜드 하얏트 호텔 그랜드볼룸,2018,11,22,ORIENTAL F&B,식품 무역,2011,"11, Beobwon-ro 11-gil, Songpa-gu, Seoul",www.orientalfnb.com
2018 거대 신흥시장 바이어 초청 수출상담회(업체선정완료),서울 그랜드 하얏트 호텔 그랜드볼룸,2018,11,22,"gs-tk co.,kr","제조,도소매",2011,"(#406,DongJin Bilding, Haengsin-dong)11, Chungjang-ro, Deogyang-gu, Goyang-si, Gyeonggi-do, Korea",gstk.co.kr
2018 거대 신흥시장 바이어 초청 수출상담회(업체선정완료),서울 그랜드 하얏트 호텔 그랜드볼룸,2018,11,22,"SAMHAE COMMERCIAL CO., LTD.","제조업, 도소매, 수출",1968,"25, Beobwon-ro 11-gil, Songpa-gu, Seoul",www.samhae.com
2018 거대 신흥시장 바이어 초청 수출상담회(업체선정완료),서울 그랜드 하얏트 호텔 그랜드볼룸,2018,11,22,"Health Balance Co., Ltd.","건강기능성식품, 영유아 간부식, 이유식",2006,"Suite 2104, 21Fl., Trade Tower, Samseong-Dong, Gangnam-Gu, Seoul",https://mall.hbalance.co.kr/     http://www.alvins.co.kr/
2018 거대 신흥시장 바이어 초청 수출상담회(업체선정완료),서울 그랜드 하얏트 호텔 그랜드볼룸,2018,11,22,hanulasak,식품제조가공.과실및채소,2015,,skypear.co.kr
2018 거대 신흥시장 바이어 초청 수출상담회(업체선정완료),서울 그랜드 하얏트 호텔 그랜드볼룸,2018,11,22,"DK FOODS CO., LTD.",무역,1997,,www.dkfoods.co.kr
2018 거대 신흥시장 바이어 초청 수출상담회(업체선정완료),서울 그랜드 하얏트 호텔 그랜드볼룸,2018,11,22,QUALI KOREA CORP,"수출입업무,수출대행업,오퍼",2005,"52, Achasan-ro 15-gil, Seongdong-gu, Seoul",www.qkc.co.kr
2018 거대 신흥시장 바이어 초청 수출상담회(업체선정완료),서울 그랜드 하얏트 호텔 그랜드볼룸,2018,11,22,Gyeovgseong Shiitake Mushroom Farm,임산물생산,2007,,
2018 거대 신흥시장 바이어 초청 수출상담회(업체선정완료),서울 그랜드 하얏트 호텔 그랜드볼룸,2018,11,22,Lotte Liquor,주류,1926,"Lotte Castle Gold, 3/F, 269 Olympic-ro, Songpa-gu, Seoul, Korea",www.lotteliquor.com
2018 거대 신흥시장 바이어 초청 수출상담회(업체선정완료),서울 그랜드 하얏트 호텔 그랜드볼룸,2018,11,22,MyungSung Agricultural Corporation,농산물,2003,,
2018 거대 신흥시장 바이어 초청 수출상담회(업체선정완료),서울 그랜드 하얏트 호텔 그랜드볼룸,2018,11,22,SS TRADING,농수산물 수출입대행,2016,"101, 1140-12, Sinchang-dong, Gwangsan-gu, Gwangju, KOREA",
2018 거대 신흥시장 바이어 초청 수출상담회(업체선정완료),서울 그랜드 하얏트 호텔 그랜드볼룸,2018,11,22,"Chungwoo Food Corp.,Inc.",제조업,2004,,www.chungwoofood.co.kr
2018 거대 신흥시장 바이어 초청 수출상담회(업체선정완료),서울 그랜드 하얏트 호텔 그랜드볼룸,2018,11,22,Saenam F&B,식품,2005,"#903, 28,Hwangsaeul-ro 200beon-gil,Bundang-gu, Seongnam-si",www.tacocafe.co.kr/
2018 거대 신흥시장 바이어 초청 수출상담회(업체선정완료),서울 그랜드 하얏트 호텔 그랜드볼룸,2018,11,22,"foodistry co.,ltd",도소매,2017,"65, Dudulgi-gil, Chowol-eup, Gwangju-si, Gyeonggi-do",www.wellygo.co.kr
2018 거대 신흥시장 바이어 초청 수출상담회(업체선정완료),서울 그랜드 하얏트 호텔 그랜드볼룸,2018,11,22,"JINHYUN CO.,LTD",식품원료,2011,,www.fresiweed.com
2018 거대 신흥시장 바이어 초청 수출상담회(업체선정완료),서울 그랜드 하얏트 호텔 그랜드볼룸,2018,11,22,OKF CORPORATION,"식품,식품무역,무역(수출입업),수출대행업",1990,"54, Hakdong-ro 21-gil, Gangnam-gu, Seoul",www.okf.kr
2018 거대 신흥시장 바이어 초청 수출상담회(업체선정완료),서울 그랜드 하얏트 호텔 그랜드볼룸,2018,11,22,"KKOH SHAEM FOOD CO.,LTD","다류 제조, 도소매 및 수출",1997,"#82 Jugyeopsan-ro, 35 Beon-gil, Sohol-eup, Pocheon-si, Gyeonggi-do, Korea",www.ksfs.co.kr
2018 거대 신흥시장 바이어 초청 수출상담회(업체선정완료),서울 그랜드 하얏트 호텔 그랜드볼룸,2018,11,22,"Daawon Co., Ltd.",식음료 제조업,2007,"65 Injeong-1 gil,Cheongsan-myeon,Okcheon-gun,Chungcheongbuk-do,Korea",www.daawon.com
2018 거대 신흥시장 바이어 초청 수출상담회(업체선정완료),서울 그랜드 하얏트 호텔 그랜드볼룸,2018,11,22,"Health Balance Co., Ltd.","건강기능성식품, 영유아 간부식, 이유식",2006,"Suite 2104, 21Fl., Trade Tower, Samseong-Dong, Gangnam-Gu, Seoul",https://mall.hbalance.co.kr/     http://www.alvins.co.kr/
2018 거대 신흥시장 바이어 초청 수출상담회(업체선정완료),서울 그랜드 하얏트 호텔 그랜드볼룸,2018,11,22,SEMPIO FOODS COMPANY,식품,1946,2 chungmuro jung gu seoul korea,www.sempio.com
2018 거대 신흥시장 바이어 초청 수출상담회(업체선정완료),서울 그랜드 하얏트 호텔 그랜드볼룸,2018,11,22,QUALI KOREA CORP,"수출입업무,수출대행업,오퍼",2005,"52, Achasan-ro 15-gil, Seongdong-gu, Seoul",www.qkc.co.kr
2018 거대 신흥시장 바이어 초청 수출상담회(업체선정완료),서울 그랜드 하얏트 호텔 그랜드볼룸,2018,11,22,MyungSung Agricultural Corporation,농산물,2003,,
2018 거대 신흥시장 바이어 초청 수출상담회(업체선정완료),서울 그랜드 하얏트 호텔 그랜드볼룸,2018,11,22,HEE CHANG TRADING,농수축산물 가공 및 수출 판매,1980,,http://www.heechangtrade.com/
2018 거대 신흥시장 바이어 초청 수출상담회(업체선정완료),서울 그랜드 하얏트 호텔 그랜드볼룸,2018,11,22,"gs-tk co.,kr","제조,도소매",2011,"(#406,DongJin Bilding, Haengsin-dong)11, Chungjang-ro, Deogyang-gu, Goyang-si, Gyeonggi-do, Korea",gstk.co.kr
2018 거대 신흥시장 바이어 초청 수출상담회(업체선정완료),서울 그랜드 하얏트 호텔 그랜드볼룸,2018,11,22,HUMANWELL,식품제조가공,2000,"NO.130, Noi-gil, Nongong-eup, Dalseong-gun, Daegu",www.humanwell.co.kr
2018 거대 신흥시장 바이어 초청 수출상담회(업체선정완료),서울 그랜드 하얏트 호텔 그랜드볼룸,2018,11,22,ASIAFOOD Co.,제조,1974,"8, Jangjae-ro 520beonan-gil, Saengnim-myeon, Gimhae-si, Gyeongsangnam-do",www.asiafood21.com
2018 거대 신흥시장 바이어 초청 수출상담회(업체선정완료),서울 그랜드 하얏트 호텔 그랜드볼룸,2018,11,22,MyungSung Agricultural Corporation,농산물,2003,,
2018 거대 신흥시장 바이어 초청 수출상담회(업체선정완료),서울 그랜드 하얏트 호텔 그랜드볼룸,2018,11,22,KEUMKANG B&F,청량음료외,1988,"106, Dusan-gil, Daesowon-myeon, Chungju-si, Chungcheongbuk-do, Republic of Korea",http://keumkangbnf.com/
2018 거대 신흥시장 바이어 초청 수출상담회(업체선정완료),서울 그랜드 하얏트 호텔 그랜드볼룸,2018,11,22,"foodistry co.,ltd",도소매,2017,"65, Dudulgi-gil, Chowol-eup, Gwangju-si, Gyeonggi-do",www.wellygo.co.kr
2018 거대 신흥시장 바이어 초청 수출상담회(업체선정완료),서울 그랜드 하얏트 호텔 그랜드볼룸,2018,11,22,ivycoffee,커피가공,2014,81 dol o mol gil . pyeong taek city . korea,www.cafemano.net
2018 거대 신흥시장 바이어 초청 수출상담회(업체선정완료),서울 그랜드 하얏트 호텔 그랜드볼룸,2018,11,22,"SAMHAE COMMERCIAL CO., LTD.","제조업, 도소매, 수출",1968,"25, Beobwon-ro 11-gil, Songpa-gu, Seoul",www.samhae.com
2018 거대 신흥시장 바이어 초청 수출상담회(업체선정완료),서울 그랜드 하얏트 호텔 그랜드볼룸,2018,11,22,"gs-tk co.,kr","제조,도소매",2011,"(#406,DongJin Bilding, Haengsin-dong)11, Chungjang-ro, Deogyang-gu, Goyang-si, Gyeonggi-do, Korea",gstk.co.kr
2018 거대 신흥시장 바이어 초청 수출상담회(업체선정완료),서울 그랜드 하얏트 호텔 그랜드볼룸,2018,11,22,SS TRADING,농수산물 수출입대행,2016,"101, 1140-12, Sinchang-dong, Gwangsan-gu, Gwangju, KOREA",
2018 거대 신흥시장 바이어 초청 수출상담회(업체선정완료),서울 그랜드 하얏트 호텔 그랜드볼룸,2018,11,22,ADDI GLOBAL Inc.,"제조, 무역",2016,"JST #908, 229, Seokjeong-ro, Michuhol-gu, Incheon",www.addiglobal.com
2018 거대 신흥시장 바이어 초청 수출상담회(업체선정완료),서울 그랜드 하얏트 호텔 그랜드볼룸,2018,11,22,NATURE FARM Agriculture Corp.,농산물 제조 및 유통판매,2010,"257-18 Haksantopyeong-gil, Hwayang, Cheongdo, Gyeongbuk, KOREA",www.nfdry.com
2018 거대 신흥시장 바이어 초청 수출상담회(업체선정완료),서울 그랜드 하얏트 호텔 그랜드볼룸,2018,11,22,"mereal co.,ltd",제조업,2013,"50, Sandan 1-ro, Jangheung-eup, Jangheung-gun, Jeollanam-do",
2018 거대 신흥시장 바이어 초청 수출상담회(업체선정완료),서울 그랜드 하얏트 호텔 그랜드볼룸,2018,11,22,"Sunyoung Food co.,ltd","과자류, 코코아가공 및 초콜렛",2013,"784, Seongnam-ro, Susin-myeon, Dongnam-gu, Cheonan-si, Chungcheongnam-do, Korea",sy-food.co.kr
2018 거대 신흥시장 바이어 초청 수출상담회(업체선정완료),서울 그랜드 하얏트 호텔 그랜드볼룸,2018,11,22,"gs-tk co.,kr","제조,도소매",2011,"(#406,DongJin Bilding, Haengsin-dong)11, Chungjang-ro, Deogyang-gu, Goyang-si, Gyeonggi-do, Korea",gstk.co.kr
2018 거대 신흥시장 바이어 초청 수출상담회(업체선정완료),서울 그랜드 하얏트 호텔 그랜드볼룸,2018,11,22,Ikgkorea co.,무역,2011,"F718, Centumbiz, 45, Jojeong-daero, Hanam-si, Gyeonggi-do, Korea",www.ikgkorea.com
2018 거대 신흥시장 바이어 초청 수출상담회(업체선정완료),서울 그랜드 하얏트 호텔 그랜드볼룸,2018,11,22,"GEUMSANMALL CO.,LTD.",인삼 홍삼식품 인삼제품 통신판매업,2009,"8-4, Eomnamu-gil, Geumsan-eup, Geumsan-gun, Chungcheongnam-do, korea",geumsan.co.kr
2018 거대 신흥시장 바이어 초청 수출상담회(업체선정완료),서울 그랜드 하얏트 호텔 그랜드볼룸,2018,11,22,ORIENTAL F&B,식품 무역,2011,"11, Beobwon-ro 11-gil, Songpa-gu, Seoul",www.orientalfnb.com
2018 거대 신흥시장 바이어 초청 수출상담회(업체선정완료),서울 그랜드 하얏트 호텔 그랜드볼룸,2018,11,22,"JINHYUN CO.,LTD",식품원료,2011,,www.fresiweed.com
2018 거대 신흥시장 바이어 초청 수출상담회(업체선정완료),서울 그랜드 하얏트 호텔 그랜드볼룸,2018,11,22,The Marketing Firms in Common of the Primary Cooperatives Nonsan City,농축산물,2013,"34, Chengdong-ro, Yensan-myun, Nonsan-si, Chungchengnam-do, Republic of Korea",
2018 거대 신흥시장 바이어 초청 수출상담회(업체선정완료),서울 그랜드 하얏트 호텔 그랜드볼룸,2018,11,22,"Health Balance Co., Ltd.","건강기능성식품, 영유아 간부식, 이유식",2006,"Suite 2104, 21Fl., Trade Tower, Samseong-Dong, Gangnam-Gu, Seoul",https://mall.hbalance.co.kr/     http://www.alvins.co.kr/
2018 거대 신흥시장 바이어 초청 수출상담회(업체선정완료),서울 그랜드 하얏트 호텔 그랜드볼룸,2018,11,22,"Living Life Co., Ltd.","곡물제분,무역",1993,"275-43, Sinman-ro, Gonjiam-eup, Gwangju-si, Gyunggi-do, Korea",www.elivinglife.co.kr
2018 거대 신흥시장 바이어 초청 수출상담회(업체선정완료),서울 그랜드 하얏트 호텔 그랜드볼룸,2018,11,22,"gs-tk co.,kr","제조,도소매",2011,"(#406,DongJin Bilding, Haengsin-dong)11, Chungjang-ro, Deogyang-gu, Goyang-si, Gyeonggi-do, Korea",gstk.co.kr
2018 거대 신흥시장 바이어 초청 수출상담회(업체선정완료),서울 그랜드 하얏트 호텔 그랜드볼룸,2018,11,22,KYUNGSEO F&B,"도매, 도매및 상품중개업",2008,"Room1205, Nonhyun B/D, 183, Bomun-ro, Seongbuk-gu, Seoul, korea",rohchs.en.ec21.com
2018 거대 신흥시장 바이어 초청 수출상담회(업체선정완료),서울 그랜드 하얏트 호텔 그랜드볼룸,2018,11,22,Gyeovgseong Shiitake Mushroom Farm,임산물생산,2007,,
2018 거대 신흥시장 바이어 초청 수출상담회(업체선정완료),서울 그랜드 하얏트 호텔 그랜드볼룸,2018,11,22,shinsagang,식품,2012,"29, Hwaseong-ro 2567 beon-gil, Maesong-myeon, Hwaseong-si, Gyeonggi-do",shinsagang.com
2018 거대 신흥시장 바이어 초청 수출상담회(업체선정완료),서울 그랜드 하얏트 호텔 그랜드볼룸,2018,11,22,Korean Pear Export INC.,수출업체,2014,"77, Gosokcheol-daero, Baebang-eup, Asan-si, Chungcheongnam-do",www.koreapear.com
2018 거대 신흥시장 바이어 초청 수출상담회(업체선정완료),서울 그랜드 하얏트 호텔 그랜드볼룸,2018,11,22,NATURE FARM Agriculture Corp.,농산물 제조 및 유통판매,2010,"257-18 Haksantopyeong-gil, Hwayang, Cheongdo, Gyeongbuk, KOREA",www.nfdry.com
2018 거대 신흥시장 바이어 초청 수출상담회(업체선정완료),서울 그랜드 하얏트 호텔 그랜드볼룸,2018,11,22,dong woo F&C,"식품가공,무역",2007,,www.haomi.co.kr
2018 거대 신흥시장 바이어 초청 수출상담회(업체선정완료),서울 그랜드 하얏트 호텔 그랜드볼룸,2018,11,22,"TAEKWAN CO.,LTD.",무역업,2002,"#401,jungwoo bldg, injung-ro178, jung-gu, incheon",www.taekwan.co.kr
2018 거대 신흥시장 바이어 초청 수출상담회(업체선정완료),서울 그랜드 하얏트 호텔 그랜드볼룸,2018,11,22,OSONDOSON,"제조업,도매및소매업",2012,"16, Nagwon-dong-gil, Oseoseo-myeon, Sangju-si, Gyeongsangbuk-do South Korea",WWW.happybio114.com
2018 거대 신흥시장 바이어 초청 수출상담회(업체선정완료),서울 그랜드 하얏트 호텔 그랜드볼룸,2018,11,22,"worldfood.co.,Ltd","스낵류, 과자",1986,,www.murgerbon.com
2018 거대 신흥시장 바이어 초청 수출상담회(업체선정완료),서울 그랜드 하얏트 호텔 그랜드볼룸,2018,11,22,"gs-tk co.,kr","제조,도소매",2011,"(#406,DongJin Bilding, Haengsin-dong)11, Chungjang-ro, Deogyang-gu, Goyang-si, Gyeonggi-do, Korea",gstk.co.kr
2018 거대 신흥시장 바이어 초청 수출상담회(업체선정완료),서울 그랜드 하얏트 호텔 그랜드볼룸,2018,11,22,"TAEKWAN CO.,LTD.",무역업,2002,"#401,jungwoo bldg, injung-ro178, jung-gu, incheon",www.taekwan.co.kr
2018 거대 신흥시장 바이어 초청 수출상담회(업체선정완료),서울 그랜드 하얏트 호텔 그랜드볼룸,2018,11,22,"Sunyoung Food co.,ltd","과자류, 코코아가공 및 초콜렛",2013,"784, Seongnam-ro, Susin-myeon, Dongnam-gu, Cheonan-si, Chungcheongnam-do, Korea",sy-food.co.kr
2018 거대 신흥시장 바이어 초청 수출상담회(업체선정완료),서울 그랜드 하얏트 호텔 그랜드볼룸,2018,11,22,"HEE CHANG DAIRY AND FOOD INDUSTRY CO, LTD","식품제조, 가공",1969,"114, Singi-ro, Yangsan-si, Gyeongnam, Republic Of Korea",www.heechang.com
2018 거대 신흥시장 바이어 초청 수출상담회(업체선정완료),서울 그랜드 하얏트 호텔 그랜드볼룸,2018,11,22,Ecopanax Co.Ltd.,홍삼한방제품,2013,"38, Hongsamhanbang-ro, Jinan-eup, Jinan-gun, Jeollabuk-do, Republic of Korea",www.ecopanax.com
2018 거대 신흥시장 바이어 초청 수출상담회(업체선정완료),서울 그랜드 하얏트 호텔 그랜드볼룸,2018,11,22,"DaeDoFood Co.,Ltd","과자류, 면류",2000,ChungBuk Okcheon-eup Okcheon-gun Yangsuro6-gil,www.daedofood.com
2018 거대 신흥시장 바이어 초청 수출상담회(업체선정완료),서울 그랜드 하얏트 호텔 그랜드볼룸,2018,11,22,Woomtree Corporation,"식품가공,장류",1978,"1206, JEONYEONGRO, CHANGSU MYEON, POCHEON CITY, GYEONGGIDO",www.woomtree.co.kr
2018 거대 신흥시장 바이어 초청 수출상담회(업체선정완료),서울 그랜드 하얏트 호텔 그랜드볼룸,2018,11,22,"DONGSEO NONGSAN CO, LTD",무역,2005,"Rm.807, East Bldg., 295, Gwangpyeong-ro, Gangnam-gu, Seoul, Korea",N
2018 거대 신흥시장 바이어 초청 수출상담회(업체선정완료),서울 그랜드 하얏트 호텔 그랜드볼룸,2018,11,22,"mereal co.,ltd",제조업,2013,"50, Sandan 1-ro, Jangheung-eup, Jangheung-gun, Jeollanam-do",
2018 거대 신흥시장 바이어 초청 수출상담회(업체선정완료),서울 그랜드 하얏트 호텔 그랜드볼룸,2018,11,22,Saenam F&B,식품,2005,"#903, 28,Hwangsaeul-ro 200beon-gil,Bundang-gu, Seongnam-si",www.tacocafe.co.kr/
2018 거대 신흥시장 바이어 초청 수출상담회(업체선정완료),서울 그랜드 하얏트 호텔 그랜드볼룸,2018,11,22,WELLBIOTECH,건강식품,1999,"152,?Allim-ro,?Chungju-si,?Chungcheongbuk-do",www.wellbiotech.co.kr
2018 거대 신흥시장 바이어 초청 수출상담회(업체선정완료),서울 그랜드 하얏트 호텔 그랜드볼룸,2018,11,22,Lotte Liquor,주류,1926,"Lotte Castle Gold, 3/F, 269 Olympic-ro, Songpa-gu, Seoul, Korea",www.lotteliquor.com
2018 거대 신흥시장 바이어 초청 수출상담회(업체선정완료),서울 그랜드 하얏트 호텔 그랜드볼룸,2018,11,22,HAEMISTRAWBERRYWINE,농업 제조업,2015,,www.winesb.co.kr
2018 거대 신흥시장 바이어 초청 수출상담회(업체선정완료),서울 그랜드 하얏트 호텔 그랜드볼룸,2018,11,22,"SAMHAE COMMERCIAL CO., LTD.","제조업, 도소매, 수출",1968,"25, Beobwon-ro 11-gil, Songpa-gu, Seoul",www.samhae.com
2018 거대 신흥시장 바이어 초청 수출상담회(업체선정완료),서울 그랜드 하얏트 호텔 그랜드볼룸,2018,11,22,Gyeovgseong Shiitake Mushroom Farm,임산물생산,2007,,
2018 거대 신흥시장 바이어 초청 수출상담회(업체선정완료),서울 그랜드 하얏트 호텔 그랜드볼룸,2018,11,22,JFOODSERVICE,식품제조*소분*무역,2010,"173 Samjuk-ro, Samjuk-myeon, Anseong-si, Gyeonggi-do, Korea 17512",www.jfoodservice.com
2018 거대 신흥시장 바이어 초청 수출상담회(업체선정완료),서울 그랜드 하얏트 호텔 그랜드볼룸,2018,11,22,YBMcmc,수출입 (농수산물),2014,"#B1-10, 38, Beopjo-ro, Yeongtong-gu, Suwon-si, Gyeonggi-do",http://ybmcmckorea.itrocks.kr/
2018 거대 신흥시장 바이어 초청 수출상담회(업체선정완료),서울 그랜드 하얏트 호텔 그랜드볼룸,2018,11,22,"Nokchawon Co., Ltd.","무역, 다류식품",1992,"84, Seocho-daero 4-gil, Seocho-gu, Seoul",www.nokchawon.co.kr
2018 거대 신흥시장 바이어 초청 수출상담회(업체선정완료),서울 그랜드 하얏트 호텔 그랜드볼룸,2018,11,22,SEMPIO FOODS COMPANY,식품,1946,2 chungmuro jung gu seoul korea,www.sempio.com
2018 거대 신흥시장 바이어 초청 수출상담회(업체선정완료),서울 그랜드 하얏트 호텔 그랜드볼룸,2018,11,22,Halal Korea Co Ltd,컨설팅 및 인증업(할랄),2012,,www.koreahalal.org
2018 거대 신흥시장 바이어 초청 수출상담회(업체선정완료),서울 그랜드 하얏트 호텔 그랜드볼룸,2018,11,22,"DaeDoFood Co.,Ltd","과자류, 면류",2000,ChungBuk Okcheon-eup Okcheon-gun Yangsuro6-gil,www.daedofood.com
2018 거대 신흥시장 바이어 초청 수출상담회(업체선정완료),서울 그랜드 하얏트 호텔 그랜드볼룸,2018,11,22,Woomtree Corporation,"식품가공,장류",1978,"1206, JEONYEONGRO, CHANGSU MYEON, POCHEON CITY, GYEONGGIDO",www.woomtree.co.kr
2019 상반기 대규모 수출상담회(BKF),aT센터 1층 제1전시장,2019,5,23,"Seoul F&B Co.,Ltd","유가공, 식품가공",2005,"36, IT Valley gil, Gonggeun-myeon, Hoengseong-gun, Gangwon-do 25209, Republic of Korea",http://www.seoulfnb.com/
2019 상반기 대규모 수출상담회(BKF),aT센터 1층 제1전시장,2019,5,23,CHOROKARIUL,"식품가공 제조업/참기름,들기름,생들기름",2004,"39,Deungyonggil,Haseo-myeon,Buan-gun,Jeollabuk-do,korea",www.chorokariul.com
2019 상반기 대규모 수출상담회(BKF),aT센터 1층 제1전시장,2019,5,23,"KOREA NATURAL FOOD CO.,LTD","제조업, 무역업",1987,,www.dooraeone.com
2019 상반기 대규모 수출상담회(BKF),aT센터 1층 제1전시장,2019,5,23,"TAEKWAN CO.,LTD.",무역업,2002,"#401, Jungwoo bldg, 178, Injung-ro, Jung-gu, Incheon, Korea",www.taekwan.co.kr
2019 상반기 대규모 수출상담회(BKF),aT센터 1층 제1전시장,2019,5,23,KOREABUGSBIO,식품제조업,2018,"815, Daewangpangyo-ro, Sujeong-gu, Seongnam-si, Gyeonggi-do",www.megapowerman.com
2019 상반기 대규모 수출상담회(BKF),aT센터 1층 제1전시장,2019,5,23,"OURHOME CO., LTD.","집단급식, 경양식, 육가공, 쌀가공, 조미가공, HMR 제조업",2000,"382, Gangnam-daero, Gangnam-gu, Seoul",http://www.ourhome.co.kr
2019 상반기 대규모 수출상담회(BKF),aT센터 1층 제1전시장,2019,5,23,"Biorhythm Co., LTD",식품제조및 가공,2008,"686-4, Yangcheon-ri, Ochang-eup, Cheongwon-gun, Chungbuk, S. Korea : Chungbuk Technopark Bio Center",www.biorhythm.kr
2019 상반기 대규모 수출상담회(BKF),aT센터 1층 제1전시장,2019,5,23,lotuskorea,식용유지,2016,"7-10, Maean 2-gil, Gaya-myeon, Hapcheon-gun, Gyeongsangnam-do, Republic of Korea",iloveoil.co.kr
2019 상반기 대규모 수출상담회(BKF),aT센터 1층 제1전시장,2019,5,23,greenstore,건강기능식품수입업,2011,"807 jeljontower 1, 16, Neuti-ro, Bundang-gu, Seongnam-si, Gyeonggi-do, Korea 13558",http://green-store.co.kr/xe/
2019 상반기 대규모 수출상담회(BKF),aT센터 1층 제1전시장,2019,5,23,"Jelzonfood co.,ltd.",무역,2007,"155-9, Duwol-gil, Chowol-eup, Gwangju-si, Gyeonggi-do, Republic of Korea",N
2019 상반기 대규모 수출상담회(BKF),aT센터 1층 제1전시장,2019,5,23,"KUAN INDUSTRIAL CO.,LTD.","인삼, 커피",1992,"B1, 13, Bangbaeseonhaeng-gil, Seocho-gu, Seoul",www.zenlac.com
2019 상반기 대규모 수출상담회(BKF),aT센터 1층 제1전시장,2019,5,23,Cheonjihyunhwang.co.ltd.,"흑삼,홍삼",2012,1514 keumsan-ro keumsan-eup keumsan-gun chungnam.Korea,www.kbgrg3.com/ china.kbgrg3.com
2019 상반기 대규모 수출상담회(BKF),aT센터 1층 제1전시장,2019,5,23,The happyfood,"액상차,침출자,음료베이스",2014,221-14 songsanro koyangsi,thehappyfoodmall.com
2019 상반기 대규모 수출상담회(BKF),aT센터 1층 제1전시장,2019,5,23,MoonGyeong Omija Valley Co.,제조 및 생산,2009,2371-5 Yeowoomok-ro Dongro-ro Munkyeong-si Gyeongsangbuk-do,www.omijamall.co.kr
2019 상반기 대규모 수출상담회(BKF),aT센터 1층 제1전시장,2019,5,23,TAEBONG INC.,과실및채소절임식품 통신판매 농임산물냉장,1959,"22 SHINBANG 1GIL, SEONGHWAN-EUP, SEOBUK-GU, CHEONAN-SI, CHUNGNAM, 31002 SOUTH KOREA",www.taebongfresh.com
2019 상반기 대규모 수출상담회(BKF),aT센터 1층 제1전시장,2019,5,23,"KOPA,INC.",농산물 무역업,2012,"6F, JOOYEON bldg.,69, Wolpyeong-ro, Seo-gu, Daejeon, 35223, KOREA",www.kopap.co.kr
2019 상반기 대규모 수출상담회(BKF),aT센터 1층 제1전시장,2019,5,23,"Nokchawon Co., Ltd.","무역, 다류식품",1992,"84, Seocho-daero 4-gil, Seocho-gu, Seoul",www.nokchawon.co.kr
2019 상반기 대규모 수출상담회(BKF),aT센터 1층 제1전시장,2019,5,23,Joy Natural Co.,"식료품제조업, 농산물판매",2007,"208, 3702 Namboo-ro, Samseung-myeon, Boeun, Choongbook-do, South Korea",www.enjoygarlic.com
2019 상반기 대규모 수출상담회(BKF),aT센터 1층 제1전시장,2019,5,23,"Milwon.co,.ltd","제조업. 도매업, 소매업",2005,"1563, Seodong-ro, Anheung-myeon, Hoengseong-gun, Gangwon-do, Republic of Korea",www.milwon.com
2019 상반기 대규모 수출상담회(BKF),aT센터 1층 제1전시장,2019,5,23,Joy Natural Co.,"식료품제조업, 농산물판매",2007,"208, 3702 Namboo-ro, Samseung-myeon, Boeun, Choongbook-do, South Korea",www.enjoygarlic.com
2019 상반기 대규모 수출상담회(BKF),aT센터 1층 제1전시장,2019,5,23,"MONGGO FOODS CO., LTD.",장류 및 기타식품 등,1905,"18, Paryong-ro 371beon-gil, Uichang-gu, Changwon-si, Gyeongsangnam-do",www.monggofood.co.kr
2019 상반기 대규모 수출상담회(BKF),aT센터 1층 제1전시장,2019,5,23,HANVIT FOOD CORP.,"과자, 곡류가공품, 무역업",2008,"106, Naeyu-gil, Deogyang-gu, Goyang-si, Gyeonggi-do, Republic of Korea",WWW.THEBASSK.COM
2019 상반기 대규모 수출상담회(BKF),aT센터 1층 제1전시장,2019,5,23,"KOREA NATURAL FOOD CO.,LTD","제조업, 무역업",1987,,www.dooraeone.com
2019 상반기 대규모 수출상담회(BKF),aT센터 1층 제1전시장,2019,5,23,TEAZEN.Inc.,"다류, 식품, 무역",2001,"B-606 ACROTOWER 230 SIMIN-DAERO, DONGAN-GU, ANYANG-SI, GYEONGGI-DO, KOREA",www.teazen.co.kr
2019 상반기 대규모 수출상담회(BKF),aT센터 1층 제1전시장,2019,5,23,Nongbu Corp.,농산물유통 작물재배업,2009,"1197-9, Sanoe-ro, Gui-myeon, Wanju-gun, Jeonbuk, Korea",www.dangjo.co.kr
2019 상반기 대규모 수출상담회(BKF),aT센터 1층 제1전시장,2019,5,23,"Youn Sun Ae Cactut co.,Ltd",식품제조가공,2015,"1795-2, Donghae-daero, Heunghae-eup, Buk-gu, Pohang-si, Gyeongsangbuk-do, Republic of Korea","www,100nc.com"
2019 상반기 대규모 수출상담회(BKF),aT센터 1층 제1전시장,2019,5,23,"Kwangdong Pharmaceutical Co.,Ltd",의약품/화장품/식품,1963,,www.ekdp.com
2019 상반기 대규모 수출상담회(BKF),aT센터 1층 제1전시장,2019,5,23,K-MUSH,"무역(버섯, 농산물)",2011,,N
2019 상반기 대규모 수출상담회(BKF),aT센터 1층 제1전시장,2019,5,23,[K08] EVERGOOD CORPORATION,"무역(농산물),농산물",2009,,N
2019 상반기 대규모 수출상담회(BKF),aT센터 1층 제1전시장,2019,5,23,WOOJIN CORPORATION,제조,2016,,www.woojinfoods.com
2019 상반기 대규모 수출상담회(BKF),aT센터 1층 제1전시장,2019,5,23,JINSUNG F.M,"식품 및 첨가물, 무역(식품 및 첨가물, 식품)",1994,"Chorok-Ro, Yanggam-myun, Hwasung Si Kyunggi-do Korea",www.jsfm.co.kr
2019 상반기 대규모 수출상담회(BKF),aT센터 1층 제1전시장,2019,5,23,"OURHOME CO., LTD.","집단급식, 경양식, 육가공, 쌀가공, 조미가공, HMR 제조업",2000,"382, Gangnam-daero, Gangnam-gu, Seoul",http://www.ourhome.co.kr
2019 상반기 대규모 수출상담회(BKF),aT센터 1층 제1전시장,2019,5,23,"Milwon.co,.ltd","제조업. 도매업, 소매업",2005,"1563, Seodong-ro, Anheung-myeon, Hoengseong-gun, Gangwon-do, Republic of Korea",www.milwon.com
2019 상반기 대규모 수출상담회(BKF),aT센터 1층 제1전시장,2019,5,23,haenaroo fermented food,"발효음료, 효소",1996,"15 Seryu-gil, Ugang-myeon, Dangdin-si, Chungnam-do, korea",hcb-silk.net
2019 상반기 대규모 수출상담회(BKF),aT센터 1층 제1전시장,2019,5,23,"Seoul F&B Co.,Ltd","유가공, 식품가공",2005,"36, IT Valley gil, Gonggeun-myeon, Hoengseong-gun, Gangwon-do 25209, Republic of Korea",http://www.seoulfnb.com/
2019 상반기 대규모 수출상담회(BKF),aT센터 1층 제1전시장,2019,5,23,Hankook Tea Co.,차류,1951,,www.hankooktea.co.kr
2019 상반기 대규모 수출상담회(BKF),aT센터 1층 제1전시장,2019,5,23,KOREABUGSBIO,식품제조업,2018,"815, Daewangpangyo-ro, Sujeong-gu, Seongnam-si, Gyeonggi-do",www.megapowerman.com
2019 상반기 대규모 수출상담회(BKF),aT센터 1층 제1전시장,2019,5,23,"BIOKOREA CO, LTD","생물산업관련사업, 무역, 연구개발",2000,"Taewon Bldg. 2F., 8, Baekjegobun-ro 39gil, Songpa-gu, Seoul, 05616, Korea",www.healthkhan.com
2019 상반기 대규모 수출상담회(BKF),aT센터 1층 제1전시장,2019,5,23,BEOM A Trading Corporation,"과일,농산물무역",1999,"507,CentumT Tower,66 Centum Joongang-ro, Haeundae-gu, Busan,Korea",
2019 상반기 대규모 수출상담회(BKF),aT센터 1층 제1전시장,2019,5,23,"Han & Global Co., Ltd.",무역업,2016,,N
2019 상반기 대규모 수출상담회(BKF),aT센터 1층 제1전시장,2019,5,23,"Infotrading co., ltd.",무역(농수임축산),2012,"461-1, Geumpyeong-ro, Cheongan-myeon, Goesan-gun, Chungcheongbuk-do",
2019 상반기 대규모 수출상담회(BKF),aT센터 1층 제1전시장,2019,5,23,"BIOKOREA CO, LTD","생물산업관련사업, 무역, 연구개발",2000,"Taewon Bldg. 2F., 8, Baekjegobun-ro 39gil, Songpa-gu, Seoul, 05616, Korea",www.healthkhan.com
2019 상반기 대규모 수출상담회(BKF),aT센터 1층 제1전시장,2019,5,23,"KOPA,INC.",농산물 무역업,2012,"6F, JOOYEON bldg.,69, Wolpyeong-ro, Seo-gu, Daejeon, 35223, KOREA",www.kopap.co.kr
2019 상반기 대규모 수출상담회(BKF),aT센터 1층 제1전시장,2019,5,23,"KCWOORIGIM CO.,LTD",조미김 등,2013,"147-40, KWANGCHEON-RO, KWANGCHEON-EP, HONGSEONG-GUN, CHOONGCHEONGNAM-DO,KOREA",www.kcwoori.com
2019 상반기 대규모 수출상담회(BKF),aT센터 1층 제1전시장,2019,5,23,"FOODMASTERGROUP CO., LTD",식품,2017,"4F,    215-6, Yulgok-ro, Jongno-gu, Seoul, Republic of Korea",www.foodmastergroup.co.kr
2019 상반기 대규모 수출상담회(BKF),aT센터 1층 제1전시장,2019,5,23,IKG KOREA CO.,무역,2011,"F718, CENTUMBIZ, 45, JOJEONG-DAERO, HANAM-SI, GYEONGGI-DO, KOREA",N
2019 상반기 대규모 수출상담회(BKF),aT센터 1층 제1전시장,2019,5,23,L&L Corporation,"설탕, 음료, 식품",2011,"Rm. 408, East BLDG. Guangpyeong-ro, Gannam-gu, Seoul",www.lnlfood.com
2019 상반기 대규모 수출상담회(BKF),aT센터 1층 제1전시장,2019,5,23,JAEWON GLOBAL NET,"가공식품 제조, 도매",2007,"87, Cheongbaengni-ro 697beon-gil, Baeksa-myeon, Icheon-si, Gyeonggi-do",www.goodandwell.co.kr
2019 상반기 대규모 수출상담회(BKF),aT센터 1층 제1전시장,2019,5,23,HUMANWELL,식품제조가공,2000,"130,NOI-GIL, NONGONG-EUP, DALSEONG-GUN, DAEGU, KOREA",www.humanwell.co.kr
2019 상반기 대규모 수출상담회(BKF),aT센터 1층 제1전시장,2019,5,23,"BEBEFOOD KOREA CO.,LTD.",영유아식품,2009,"25, Sagimakgol-ro 105beon-gil, Jungwon-gu, Seongnam-si, Gyeonggi-do",www.bebefood.co.kr
2019 상반기 대규모 수출상담회(BKF),aT센터 1층 제1전시장,2019,5,23,"KOREA NATURAL FOOD CO.,LTD","제조업, 무역업",1987,,www.dooraeone.com
2019 상반기 대규모 수출상담회(BKF),aT센터 1층 제1전시장,2019,5,23,greenstore,건강기능식품수입업,2011,"807 jeljontower 1, 16, Neuti-ro, Bundang-gu, Seongnam-si, Gyeonggi-do, Korea 13558",http://green-store.co.kr/xe/
2019 상반기 대규모 수출상담회(BKF),aT센터 1층 제1전시장,2019,5,23,"Top Fruit Co.,Ltd","수출입업,무역업",2013,"Eomgung Farmer's Market 3-3, 75 Nongsanmulsijang-ro 25Beon-Gil, Busan, Korea",N
2019 상반기 대규모 수출상담회(BKF),aT센터 1층 제1전시장,2019,5,23,H&P INTERNATIONAL,도소매 무역,2011,,www.hnpinternational.com
2019 상반기 대규모 수출상담회(BKF),aT센터 1층 제1전시장,2019,5,23,"GREEN VIL CO., LTD.",무역,2009,"#701, Technosangeop-ro 40, Hyeonpoong-myeon, Dalseong-gun, Daegu, Korea",www.greenvil.co
2019 상반기 대규모 수출상담회(BKF),aT센터 1층 제1전시장,2019,5,23,I&S KOREA CO.LTD.,무역업,2013,"1250, Gyeongui-ro, Paju-si, Gyeonggi-do",
2019 상반기 대규모 수출상담회(BKF),aT센터 1층 제1전시장,2019,5,23,HB CORPORATION,수출입업,2009,"259-2, Sinseon-ro, Nam-gu, Busan, Korea",www.foodtrade.co.kr
2019 상반기 대규모 수출상담회(BKF),aT센터 1층 제1전시장,2019,5,23,"Dairyzen Co.,Ltd.",제조업,1999,"170,Munmakgongdan-gil,Wonju-so,Gangwon-do",www.dairyzen.co.kr
2019 상반기 대규모 수출상담회(BKF),aT센터 1층 제1전시장,2019,5,23,K-SAUCE,"쌀국수, 김치소스, 한식 소스류",2015,"499-46, Chungseo-ro, Gwangcheon-eup, Hongseong-gun, Chungcheongnam-do, South Korea",www.ksauce.kr
2019 상반기 대규모 수출상담회(BKF),aT센터 1층 제1전시장,2019,5,23,Handok,"양약, 자양강장제",1958,"132 Teheran-ro, Gangnam-gu, Seoul, South Korea",www.handok.co.kr
2019 상반기 대규모 수출상담회(BKF),aT센터 1층 제1전시장,2019,5,23,cpmmunity Business jangguri,재조업,2016,"jangguri,82,myeongjae-ro287beon-gil,Noseong-myeon,Nonsan-si,Chungcheomgnam-do,Korea",cofilia.net
2019 상반기 대규모 수출상담회(BKF),aT센터 1층 제1전시장,2019,5,23,Korean pears cooperative union,농업,2012,"218, Dusan-gil, Munsan-eup, Jinju-si, Gyeongsangnam-do",N
2019 상반기 대규모 수출상담회(BKF),aT센터 1층 제1전시장,2019,5,23,Cheonjihyunhwang.co.ltd.,"흑삼,홍삼",2012,1514 keumsan-ro keumsan-eup keumsan-gun chungnam.Korea,www.kbgrg3.com/ china.kbgrg3.com
2019 상반기 대규모 수출상담회(BKF),aT센터 1층 제1전시장,2019,5,23,"SAVIA INT'L CO.,LTD.",수출/제조,2010,"W1417, hansinInterValley24, 322, Teheran-ro, Gangnam-gu, Seoul, Republic of Korea",www.saviaintl.com
2019 상반기 대규모 수출상담회(BKF),aT센터 1층 제1전시장,2019,5,23,"Agriculture Corporation Greenfarmers Co., Ltd.",제조,2017,"2280, Dongbu-ro, Geumseong-Myeon, Uiseong-gun, Gyeongsangbuk-do, South Korea",N
2019 상반기 대규모 수출상담회(BKF),aT센터 1층 제1전시장,2019,5,23,"BIOKOREA CO, LTD","생물산업관련사업, 무역, 연구개발",2000,"Taewon Bldg. 2F., 8, Baekjegobun-ro 39gil, Songpa-gu, Seoul, 05616, Korea",www.healthkhan.com
2019 상반기 대규모 수출상담회(BKF),aT센터 1층 제1전시장,2019,5,23,Shinnong,"제조, 도소매",2019,,www. k-shinnong. or. kr
2019 상반기 대규모 수출상담회(BKF),aT센터 1층 제1전시장,2019,5,23,"HEE CHANG DAIRY AND FOOD CO., LTD","분유, 다류 제조업",1969,"114, SINGI-RO, GYEONGSANGNAM-DO, KOREA",www.heechang.com
2019 상반기 대규모 수출상담회(BKF),aT센터 1층 제1전시장,2019,5,23,lotuskorea,식용유지,2016,"7-10, Maean 2-gil, Gaya-myeon, Hapcheon-gun, Gyeongsangnam-do, Republic of Korea",iloveoil.co.kr
2019 상반기 대규모 수출상담회(BKF),aT센터 1층 제1전시장,2019,5,23,PRIME HOUSE,"커피, 차 가공 / 커피 기자재 유통 / 기타 무역업 / 통신 판매업",2005,,http://www.cafeprime.co.kr/
2019 상반기 대규모 수출상담회(BKF),aT센터 1층 제1전시장,2019,5,23,CJ Freshway Corporation,기타음식료품외.과일및채소.축산물.냉동수산물.특정주,1988,"32, Gigok-ro, Giheung-gu, Yongin-si, Gyeonggi-do, Republic of Korea",www.cjfreshway.com
2019 상반기 대규모 수출상담회(BKF),aT센터 1층 제1전시장,2019,5,23,Dr.ASAHAN Corp.,제조업,2015,"49, Daewangpangyo-ro 644beon-gil, Bundang-gu,   Seongnam-si, Gyeonggi-do, Republic of Korea",www.asahan.kr
2019 상반기 대규모 수출상담회(BKF),aT센터 1층 제1전시장,2019,5,23,Korean pears cooperative union,농업,2012,"218, Dusan-gil, Munsan-eup, Jinju-si, Gyeongsangnam-do",N
2019 상반기 대규모 수출상담회(BKF),aT센터 1층 제1전시장,2019,5,23,"CFM Commerce Co., Ltd.","식품, 무역, 농산물",2017,"No.1505 623 Gaepo-ro Gangnam-gu, Seoul, Korea",www.cfmcommerce.net
2019 상반기 대규모 수출상담회(BKF),aT센터 1층 제1전시장,2019,5,23,"Chaseo Connctome Co., Ltd.","서비스, 제조, 도소매, 음식점",2012,"14, Nambusunhwan-ro 378-gil, Gangnam-gu, Seoul",
2019 상반기 대규모 수출상담회(BKF),aT센터 1층 제1전시장,2019,5,23,WOOJIN CORPORATION,제조,2016,,www.woojinfoods.com
2019 상반기 대규모 수출상담회(BKF),aT센터 1층 제1전시장,2019,5,23,"Haetter Co, Ltd","홍삼제품,건강식품",2003,"Rm601,8cha Daeryung technotown,481-11,Gasan-dong,Geumcheon-gu,Seoul,Korea",http://haetter.en.ec21.com
2019 상반기 대규모 수출상담회(BKF),aT센터 1층 제1전시장,2019,5,23,mom's Co.Ltd,제조업,2017,"706, City Office Tower, Yanghyunro-411, Jungwon-gu, Seongnam-si, Gyeonggi-do,  South Korea",www.momsfnb.co.kr
2019 상반기 대규모 수출상담회(BKF),aT센터 1층 제1전시장,2019,5,23,"Thebab co., Ltd.",조미료 및 식품첨가물,2012,"38428  #404 R&DB Center of Kyungil Univ. Hayang-eup, Kyeongsan city, Kyeongbuk, South Korea",thebab.kr
2019 상반기 대규모 수출상담회(BKF),aT센터 1층 제1전시장,2019,5,23,K-SAUCE,"쌀국수, 김치소스, 한식 소스류",2015,"499-46, Chungseo-ro, Gwangcheon-eup, Hongseong-gun, Chungcheongnam-do, South Korea",www.ksauce.kr
2019 상반기 대규모 수출상담회(BKF),aT센터 1층 제1전시장,2019,5,23,"RESH CO.,LTD","전자상거래업,제조업",2014,"20, Bongeunsa-ro 51-gil, Gangnam-gu, Seoul, Republic of Korea",www.lookourtea.com
2019 상반기 대규모 수출상담회(BKF),aT센터 1층 제1전시장,2019,5,23,PRIME HOUSE,"커피, 차 가공 / 커피 기자재 유통 / 기타 무역업 / 통신 판매업",2005,,http://www.cafeprime.co.kr/
2019 상반기 대규모 수출상담회(BKF),aT센터 1층 제1전시장,2019,5,23,"BEBEFOOD KOREA CO.,LTD.",영유아식품,2009,"25, Sagimakgol-ro 105beon-gil, Jungwon-gu, Seongnam-si, Gyeonggi-do",www.bebefood.co.kr
2019 상반기 대규모 수출상담회(BKF),aT센터 1층 제1전시장,2019,5,23,da yak  jeong,"농산물,제조업",2014,"106-4, Howol 4-gil, Uljin-eup, Uljin-gun, Gyeongsangbuk-do",www.uljinwasong.co.kr
2019 상반기 대규모 수출상담회(BKF),aT센터 1층 제1전시장,2019,5,23,"KKOH SHAEM FOOD CO,LTD","제조,도매",1997,"82,jugyeopsan-ro 35beon-gil,sohol-eup,pocheon-si,geonggi-do,korea",www.ksfs.co.kr
2019 상반기 대규모 수출상담회(BKF),aT센터 1층 제1전시장,2019,5,23,"KUAN INDUSTRIAL CO.,LTD.","인삼, 커피",1992,"B1, 13, Bangbaeseonhaeng-gil, Seocho-gu, Seoul",www.zenlac.com
2019 상반기 대규모 수출상담회(BKF),aT센터 1층 제1전시장,2019,5,23,Shinnong,"제조, 도소매",2019,,www. k-shinnong. or. kr
2019 상반기 대규모 수출상담회(BKF),aT센터 1층 제1전시장,2019,5,23,"DANURIM Co., Ltd.",제조,2014,"28-2, Ojeong-ro , 9beon-gil, Daedeok-gu, Daejeon, Korea",www.danurim.com
2019 상반기 대규모 수출상담회(BKF),aT센터 1층 제1전시장,2019,5,23,iberry,건강기능식품,2011,"167, Songpa-daero, Songpa-gu, Seoul",www.iberry.kr
2019 상반기 대규모 수출상담회(BKF),aT센터 1층 제1전시장,2019,5,23,MoonGyeong Omija Valley Co.,제조 및 생산,2009,2371-5 Yeowoomok-ro Dongro-ro Munkyeong-si Gyeongsangbuk-do,www.omijamall.co.kr
2019 상반기 대규모 수출상담회(BKF),aT센터 1층 제1전시장,2019,5,23,himchanmaru,제조업,2016,"15, Honamcheol-ro, Sintaein-eup, Jeongeup-si, Jeollabuk-do",https://powermaru.modoo.at/
2019 상반기 대규모 수출상담회(BKF),aT센터 1층 제1전시장,2019,5,23,TAEBONG INC.,과실및채소절임식품 통신판매 농임산물냉장,1959,"22 SHINBANG 1GIL, SEONGHWAN-EUP, SEOBUK-GU, CHEONAN-SI, CHUNGNAM, 31002 SOUTH KOREA",www.taebongfresh.com
2019 상반기 대규모 수출상담회(BKF),aT센터 1층 제1전시장,2019,5,23,"WELLNESS KOREA Co.,Ltd.","제조업, 도소매",2014,,www.wellnesskor.com
2019 상반기 대규모 수출상담회(BKF),aT센터 1층 제1전시장,2019,5,23,Hemang-Smart Farm,소매업(새싹삼),2017,"84, Eumnaejungang-gil, Gwangyang-eup, Gwangyang-si, Jeollanam-do",http://www.hemang.kr/
2019 상반기 대규모 수출상담회(BKF),aT센터 1층 제1전시장,2019,5,23,TAEBONG INC.,과실및채소절임식품 통신판매 농임산물냉장,1959,"22 SHINBANG 1GIL, SEONGHWAN-EUP, SEOBUK-GU, CHEONAN-SI, CHUNGNAM, 31002 SOUTH KOREA",www.taebongfresh.com
2019 상반기 대규모 수출상담회(BKF),aT센터 1층 제1전시장,2019,5,23,SAMIK MARKETING,농산물,2007,"94, Sanginseo-ro, Dalseo-gu, Daegu",
2019 상반기 대규모 수출상담회(BKF),aT센터 1층 제1전시장,2019,5,23,"CFM Commerce Co., Ltd.","식품, 무역, 농산물",2017,"No.1505 623 Gaepo-ro Gangnam-gu, Seoul, Korea",www.cfmcommerce.net
2019 상반기 대규모 수출상담회(BKF),aT센터 1층 제1전시장,2019,5,23,"HANSUNG FOOD CO ., LTD","제조, 도소매, 무역",1986,"9-10, Ojeong-ro 134 Beon-gil, Ojeong-gu, Bucheon-si, Gyeonggi-do, KOREA",www.hskimchi.co.kr
2019 상반기 대규모 수출상담회(BKF),aT센터 1층 제1전시장,2019,5,23,BEOM A Trading Corporation,"과일,농산물무역",1999,"507,CentumT Tower,66 Centum Joongang-ro, Haeundae-gu, Busan,Korea",
2019 상반기 대규모 수출상담회(BKF),aT센터 1층 제1전시장,2019,5,23,"CHUNHONCARE CO.,LTD","제조,도소매,소매,부동산",2010,"8th floor, 177, Beomil-ro, Busanjin-gu, Busan, Republic of Korea",http://www.chunhomall.com
2019 상반기 대규모 수출상담회(BKF),aT센터 1층 제1전시장,2019,5,23,sp-madeyoon,제조,2019,"#119, 190-6,hwangnyeong-daero319beonga-gil, nam-gu, busan, korea",coc.busan.kr
2019 상반기 대규모 수출상담회(BKF),aT센터 1층 제1전시장,2019,5,23,WOOJIN CORPORATION,제조,2016,,www.woojinfoods.com
2019 상반기 대규모 수출상담회(BKF),aT센터 1층 제1전시장,2019,5,23,Nongbu Corp.,농산물유통 작물재배업,2009,"1197-9, Sanoe-ro, Gui-myeon, Wanju-gun, Jeonbuk, Korea",www.dangjo.co.kr
2019 상반기 대규모 수출상담회(BKF),aT센터 1층 제1전시장,2019,5,23,"Milwon.co,.ltd","제조업. 도매업, 소매업",2005,"1563, Seodong-ro, Anheung-myeon, Hoengseong-gun, Gangwon-do, Republic of Korea",www.milwon.com
2019 상반기 대규모 수출상담회(BKF),aT센터 1층 제1전시장,2019,5,23,h-trading,무역,2016,"90, Sanggye-ro, Nowon-gu, Seoul",www.h-food.co.kr
2019 상반기 대규모 수출상담회(BKF),aT센터 1층 제1전시장,2019,5,23,"Chaseo Connctome Co., Ltd.","서비스, 제조, 도소매, 음식점",2012,"14, Nambusunhwan-ro 378-gil, Gangnam-gu, Seoul",
2019 상반기 대규모 수출상담회(BKF),aT센터 1층 제1전시장,2019,5,23,GIANT FARM,농업/제조업,2016,"36, Hwajeon-gil, Angang-eup, Gyeongju-si, Gyeongsangbuk-do",http://rag0312.modoo.at
2019 상반기 대규모 수출상담회(BKF),aT센터 1층 제1전시장,2019,5,23,"Dr. Chung's Food Co., Ltd.",도매,1973,,www.vegemil.co.kr
2019 상반기 대규모 수출상담회(BKF),aT센터 1층 제1전시장,2019,5,23,greenmax.co,"식품제조유통, 쌀국수,쌀과자,기능성국수,친환경농식품,기타",2009,"46, Gangha 1-ro, Gangha-myeon, Yangpyeong-gun, Gyeonggi-do",greenmax.kr
2019 상반기 대규모 수출상담회(BKF),aT센터 1층 제1전시장,2019,5,23,Hosung Logos Inc.,"건강기능식품, 기타가공식품",2013,"30, Jandari-ro, Mapo-gu, Seoul",
2019 상반기 대규모 수출상담회(BKF),aT센터 1층 제1전시장,2019,5,23,Mill Company,한식점업,2014,"5, Ttukseom-ro 1na-gil, Seongdong-gu, Seoul",www.millcompany.co.kr
2019 상반기 대규모 수출상담회(BKF),aT센터 1층 제1전시장,2019,5,23,Hosung Logos Inc.,"건강기능식품, 기타가공식품",2013,"30, Jandari-ro, Mapo-gu, Seoul",
2019 상반기 대규모 수출상담회(BKF),aT센터 1층 제1전시장,2019,5,23,Yurim korea red ginseng,"인삼제품, 홍삼제품",2004,,www.yurimkorea.com
2019 상반기 대규모 수출상담회(BKF),aT센터 1층 제1전시장,2019,5,23,himchanmaru,제조업,2016,"15, Honamcheol-ro, Sintaein-eup, Jeongeup-si, Jeollabuk-do",https://powermaru.modoo.at/
2019 상반기 대규모 수출상담회(BKF),aT센터 1층 제1전시장,2019,5,23,"DaeDoFood Co.,Ltd","과자류, 면류",2000,,Y
2019 상반기 대규모 수출상담회(BKF),aT센터 1층 제1전시장,2019,5,23,H&P INTERNATIONAL,도소매 무역,2011,,www.hnpinternational.com
2019 상반기 대규모 수출상담회(BKF),aT센터 1층 제1전시장,2019,5,23,"TAEKWAN CO.,LTD.",무역업,2002,"#401, Jungwoo bldg, 178, Injung-ro, Jung-gu, Incheon, Korea",www.taekwan.co.kr
2019 상반기 대규모 수출상담회(BKF),aT센터 1층 제1전시장,2019,5,23,greenstore,건강기능식품수입업,2011,"807 jeljontower 1, 16, Neuti-ro, Bundang-gu, Seongnam-si, Gyeonggi-do, Korea 13558",http://green-store.co.kr/xe/
2019 상반기 대규모 수출상담회(BKF),aT센터 1층 제1전시장,2019,5,23,"Biorhythm Co., LTD",식품제조및 가공,2008,"686-4, Yangcheon-ri, Ochang-eup, Cheongwon-gun, Chungbuk, S. Korea : Chungbuk Technopark Bio Center",www.biorhythm.kr
2019 상반기 대규모 수출상담회(BKF),aT센터 1층 제1전시장,2019,5,23,"CFM Commerce Co., Ltd.","식품, 무역, 농산물",2017,"No.1505 623 Gaepo-ro Gangnam-gu, Seoul, Korea",www.cfmcommerce.net
2019 상반기 대규모 수출상담회(BKF),aT센터 1층 제1전시장,2019,5,23,"WELLNESS KOREA Co.,Ltd.","제조업, 도소매",2014,,www.wellnesskor.com
2019 상반기 대규모 수출상담회(BKF),aT센터 1층 제1전시장,2019,5,23,Hankook Tea Co.,차류,1951,,www.hankooktea.co.kr
2019 상반기 대규모 수출상담회(BKF),aT센터 1층 제1전시장,2019,5,23,"[K04] CHAMOTDEUL CO., LTD.",식품제조가공,2005,"238 Cheongseon-ro, Cheongseong-myeon, Okcheon-gun, Chungcheongbuk-do, Korea",www.otsam.com
2019 상반기 대규모 수출상담회(BKF),aT센터 1층 제1전시장,2019,5,23,"Nokchawon Co., Ltd.","무역, 다류식품",1992,"84, Seocho-daero 4-gil, Seocho-gu, Seoul",www.nokchawon.co.kr
2019 상반기 대규모 수출상담회(BKF),aT센터 1층 제1전시장,2019,5,23,sudo-san winery,주류,2008,Gimcheon    Jeungsan-myeon     Geumgok-ri   3-gil 29,www.sdsmeru.com
2019 상반기 대규모 수출상담회(BKF),aT센터 1층 제1전시장,2019,5,23,da yak  jeong,"농산물,제조업",2014,"106-4, Howol 4-gil, Uljin-eup, Uljin-gun, Gyeongsangbuk-do",www.uljinwasong.co.kr
2019 상반기 대규모 수출상담회(BKF),aT센터 1층 제1전시장,2019,5,23,"CHUNHONCARE CO.,LTD","제조,도소매,소매,부동산",2010,"8th floor, 177, Beomil-ro, Busanjin-gu, Busan, Republic of Korea",http://www.chunhomall.com
2019 상반기 대규모 수출상담회(BKF),aT센터 1층 제1전시장,2019,5,23,BEOM A Trading Corporation,"과일,농산물무역",1999,"507,CentumT Tower,66 Centum Joongang-ro, Haeundae-gu, Busan,Korea",
2019 상반기 대규모 수출상담회(BKF),aT센터 1층 제1전시장,2019,5,23,Shinnong,"제조, 도소매",2019,,www. k-shinnong. or. kr
2019 상반기 대규모 수출상담회(BKF),aT센터 1층 제1전시장,2019,5,23,DUWON AGRICUTURAL COOPERATIVE,과실통조림및유사조제식품,1993,"2418 Goheung-ro, Duwon-myeon, Goheung-gun, Jeollanamdo",http:www.uja.co.kr
2019 상반기 대규모 수출상담회(BKF),aT센터 1층 제1전시장,2019,5,23,CHOROKARIUL,"식품가공 제조업/참기름,들기름,생들기름",2004,"39,Deungyonggil,Haseo-myeon,Buan-gun,Jeollabuk-do,korea",www.chorokariul.com
2019 상반기 대규모 수출상담회(BKF),aT센터 1층 제1전시장,2019,5,23,Cheonjihyunhwang.co.ltd.,"흑삼,홍삼",2012,1514 keumsan-ro keumsan-eup keumsan-gun chungnam.Korea,www.kbgrg3.com/ china.kbgrg3.com
2019 상반기 대규모 수출상담회(BKF),aT센터 1층 제1전시장,2019,5,23,"ALP-KS TRADING CO.,","수출업, 농학연구개발업(종묘학)",1991,"#1514-ACEHIGHTECH21, UDONG, HAEUNDAE-GU, BUSAN",www.alpks.com
2019 상반기 대규모 수출상담회(BKF),aT센터 1층 제1전시장,2019,5,23,"mushm co., ltd.",과일및채소도매,2008,"33 JANGANOEI-GIL, PYEONGTACK-SI, GYEOUNGGI-DO, SOUTH KOREA",www.mushm.co.kr
2019 상반기 대규모 수출상담회(BKF),aT센터 1층 제1전시장,2019,5,23,DUWON AGRICUTURAL COOPERATIVE,과실통조림및유사조제식품,1993,"2418 Goheung-ro, Duwon-myeon, Goheung-gun, Jeollanamdo",http:www.uja.co.kr
2019 상반기 대규모 수출상담회(BKF),aT센터 1층 제1전시장,2019,5,23,cpmmunity Business jangguri,재조업,2016,"jangguri,82,myeongjae-ro287beon-gil,Noseong-myeon,Nonsan-si,Chungcheomgnam-do,Korea",cofilia.net
2019 상반기 대규모 수출상담회(BKF),aT센터 1층 제1전시장,2019,5,23,mom's Co.Ltd,제조업,2017,"706, City Office Tower, Yanghyunro-411, Jungwon-gu, Seongnam-si, Gyeonggi-do,  South Korea",www.momsfnb.co.kr
2019 상반기 대규모 수출상담회(BKF),aT센터 1층 제1전시장,2019,5,23,Shinnong,"제조, 도소매",2019,,www. k-shinnong. or. kr
2019 상반기 대규모 수출상담회(BKF),aT센터 1층 제1전시장,2019,5,23,CHOROKARIUL,"식품가공 제조업/참기름,들기름,생들기름",2004,"39,Deungyonggil,Haseo-myeon,Buan-gun,Jeollabuk-do,korea",www.chorokariul.com
2019 상반기 대규모 수출상담회(BKF),aT센터 1층 제1전시장,2019,5,23,"FOODMASTERGROUP CO., LTD",식품,2017,"4F,    215-6, Yulgok-ro, Jongno-gu, Seoul, Republic of Korea",www.foodmastergroup.co.kr
2019 상반기 대규모 수출상담회(BKF),aT센터 1층 제1전시장,2019,5,23,haenaroo fermented food,"발효음료, 효소",1996,"15 Seryu-gil, Ugang-myeon, Dangdin-si, Chungnam-do, korea",hcb-silk.net
2019 상반기 대규모 수출상담회(BKF),aT센터 1층 제1전시장,2019,5,23,Gyeongseong Sittake Mushroom Farm,임산물생산,2007,#56 songgye3gil seongju-Gun Gyeongsangbuk-Do.Korea,mushkim.co.kr
2019 상반기 대규모 수출상담회(BKF),aT센터 1층 제1전시장,2019,5,23,"CHUNHONCARE CO.,LTD","제조,도소매,소매,부동산",2010,"8th floor, 177, Beomil-ro, Busanjin-gu, Busan, Republic of Korea",http://www.chunhomall.com
2019 상반기 대규모 수출상담회(BKF),aT센터 1층 제1전시장,2019,5,23,"Nokchawon Co., Ltd.","무역, 다류식품",1992,"84, Seocho-daero 4-gil, Seocho-gu, Seoul",www.nokchawon.co.kr
2019 상반기 대규모 수출상담회(BKF),aT센터 1층 제1전시장,2019,5,23,WOOJIN CORPORATION,제조,2016,,www.woojinfoods.com
2019 상반기 대규모 수출상담회(BKF),aT센터 1층 제1전시장,2019,5,23,"Youn Sun Ae Cactut co.,Ltd",식품제조가공,2015,"1795-2, Donghae-daero, Heunghae-eup, Buk-gu, Pohang-si, Gyeongsangbuk-do, Republic of Korea","www,100nc.com"
2019 상반기 대규모 수출상담회(BKF),aT센터 1층 제1전시장,2019,5,23,"Good Morning365co.,LTD","간건강, 숙취해소",2016,"412, seokwangmir, 1ro 29-37 Supsokmaeul, pung-dong, IlsanDong-gu, Goyang-si, Gyeonggi-do, korea",www.gmn365.com(mall)
2019 상반기 대규모 수출상담회(BKF),aT센터 1층 제1전시장,2019,5,23,"Thebab co., Ltd.",조미료 및 식품첨가물,2012,"38428  #404 R&DB Center of Kyungil Univ. Hayang-eup, Kyeongsan city, Kyeongbuk, South Korea",thebab.kr
2019 상반기 대규모 수출상담회(BKF),aT센터 1층 제1전시장,2019,5,23,Handok,"양약, 자양강장제",1958,"132 Teheran-ro, Gangnam-gu, Seoul, South Korea",www.handok.co.kr
2019 상반기 대규모 수출상담회(BKF),aT센터 1층 제1전시장,2019,5,23,"SAVIA INT'L CO.,LTD.",수출/제조,2010,"W1417, hansinInterValley24, 322, Teheran-ro, Gangnam-gu, Seoul, Republic of Korea",www.saviaintl.com
2019 상반기 대규모 수출상담회(BKF),aT센터 1층 제1전시장,2019,5,23,Korean pears cooperative union,농업,2012,"218, Dusan-gil, Munsan-eup, Jinju-si, Gyeongsangnam-do",N
2019 상반기 대규모 수출상담회(BKF),aT센터 1층 제1전시장,2019,5,23,"RESH CO.,LTD","전자상거래업,제조업",2014,"20, Bongeunsa-ro 51-gil, Gangnam-gu, Seoul, Republic of Korea",www.lookourtea.com
2019 상반기 대규모 수출상담회(BKF),aT센터 1층 제1전시장,2019,5,23,The happyfood,"액상차,침출자,음료베이스",2014,221-14 songsanro koyangsi,thehappyfoodmall.com
2019 상반기 대규모 수출상담회(BKF),aT센터 1층 제1전시장,2019,5,23,greenstore,건강기능식품수입업,2011,"807 jeljontower 1, 16, Neuti-ro, Bundang-gu, Seongnam-si, Gyeonggi-do, Korea 13558",http://green-store.co.kr/xe/
2019 상반기 대규모 수출상담회(BKF),aT센터 1층 제1전시장,2019,5,23,"Jelzonfood co.,ltd.",무역,2007,"155-9, Duwol-gil, Chowol-eup, Gwangju-si, Gyeonggi-do, Republic of Korea",N
2019 상반기 대규모 수출상담회(BKF),aT센터 1층 제1전시장,2019,5,23,"OURHOME CO., LTD.","집단급식, 경양식, 육가공, 쌀가공, 조미가공, HMR 제조업",2000,"382, Gangnam-daero, Gangnam-gu, Seoul",http://www.ourhome.co.kr
2019 상반기 대규모 수출상담회(BKF),aT센터 1층 제1전시장,2019,5,23,Mill Company,한식점업,2014,"5, Ttukseom-ro 1na-gil, Seongdong-gu, Seoul",www.millcompany.co.kr
2019 상반기 대규모 수출상담회(BKF),aT센터 1층 제1전시장,2019,5,23,"Kwangdong Pharmaceutical Co.,Ltd",의약품/화장품/식품,1963,,www.ekdp.com
2019 상반기 대규모 수출상담회(BKF),aT센터 1층 제1전시장,2019,5,23,mom's Co.Ltd,제조업,2017,"706, City Office Tower, Yanghyunro-411, Jungwon-gu, Seongnam-si, Gyeonggi-do,  South Korea",www.momsfnb.co.kr
2019 상반기 대규모 수출상담회(BKF),aT센터 1층 제1전시장,2019,5,23,CJ Freshway Corporation,기타음식료품외.과일및채소.축산물.냉동수산물.특정주,1988,"32, Gigok-ro, Giheung-gu, Yongin-si, Gyeonggi-do, Republic of Korea",www.cjfreshway.com
2019 상반기 대규모 수출상담회(BKF),aT센터 1층 제1전시장,2019,5,23,"wellfarm co., ltd",식품,2002,"87 Geumil-ro, 546beon-gil, Geumwang-eup, Eumgseong Gun, Chungcheongbuk-do, South Korea",www.well-farm.co.kr
2019 상반기 대규모 수출상담회(BKF),aT센터 1층 제1전시장,2019,5,23,"Renewallife Co.,Ltd","과자류, 다류",2004,"816-3, Jipyeong-ro, Jipyeong-myeon, Yangpyeong-gun, Gyeonggi-do, Republic of Korea [12544]",www.renewallife.com
2019 상반기 대규모 수출상담회(BKF),aT센터 1층 제1전시장,2019,5,23,"[K13] GOOD MORNING KOREA CO., LTD","무역업,농산물유통,판매",2009,"604, Cheonho-daero, Gwangjin-gu, Seoul",gmkfresh.com
2019 상반기 대규모 수출상담회(BKF),aT센터 1층 제1전시장,2019,5,23,"jekiss co., Ltd",초콜릿,2006,"205 YUSUAMPYEONGHWA-GIL, AEWOL-EUP, JEJU CITY, JEJU SPECIAL SELF GOVERNING, PROVINCE, KOREA",www.jekiss.com
2019 상반기 대규모 수출상담회(BKF),aT센터 1층 제1전시장,2019,5,23,"Seoul F&B Co.,Ltd","유가공, 식품가공",2005,"36, IT Valley gil, Gonggeun-myeon, Hoengseong-gun, Gangwon-do 25209, Republic of Korea",http://www.seoulfnb.com/
2019 상반기 대규모 수출상담회(BKF),aT센터 1층 제1전시장,2019,5,23,"[K13] GOOD MORNING KOREA CO., LTD","무역업,농산물유통,판매",2009,"604, Cheonho-daero, Gwangjin-gu, Seoul",gmkfresh.com
2019 상반기 대규모 수출상담회(BKF),aT센터 1층 제1전시장,2019,5,23,"HANSUNG FOOD CO ., LTD","제조, 도소매, 무역",1986,"9-10, Ojeong-ro 134 Beon-gil, Ojeong-gu, Bucheon-si, Gyeonggi-do, KOREA",www.hskimchi.co.kr
2019 상반기 대규모 수출상담회(BKF),aT센터 1층 제1전시장,2019,5,23,"[K04] CHAMOTDEUL CO., LTD.",식품제조가공,2005,"238 Cheongseon-ro, Cheongseong-myeon, Okcheon-gun, Chungcheongbuk-do, Korea",www.otsam.com
2019 상반기 대규모 수출상담회(BKF),aT센터 1층 제1전시장,2019,5,23,"SAVIA INT'L CO.,LTD.",수출/제조,2010,"W1417, hansinInterValley24, 322, Teheran-ro, Gangnam-gu, Seoul, Republic of Korea",www.saviaintl.com
2019 상반기 대규모 수출상담회(BKF),aT센터 1층 제1전시장,2019,5,23,PNM INTERNATIONAL CO,무역,2011,"#909, Gyeongchun-ro 229, Guri-si, Gyeonggi-do, Korea",
2019 상반기 대규모 수출상담회(BKF),aT센터 1층 제1전시장,2019,5,23,World International,종합상품도매업,2019,"17, Techno 4-ro, Yuseong-gu, Daejeon",
2019 상반기 대규모 수출상담회(BKF),aT센터 1층 제1전시장,2019,5,23,"Nokchawon Co., Ltd.","무역, 다류식품",1992,"84, Seocho-daero 4-gil, Seocho-gu, Seoul",www.nokchawon.co.kr
2019 상반기 대규모 수출상담회(BKF),aT센터 1층 제1전시장,2019,5,23,"Korean Ginseng Research Co., Ltd.",인삼,1996,"3275 Gyeonggang-ro,Yongmun-Myeon,Yangpyeong-Gun,Gyeonggi-Do, Korea",www.samnako.com
2019 상반기 대규모 수출상담회(BKF),aT센터 1층 제1전시장,2019,5,23,Yurim korea red ginseng,"인삼제품, 홍삼제품",2004,,www.yurimkorea.com
2019 상반기 대규모 수출상담회(BKF),aT센터 1층 제1전시장,2019,5,23,himchanmaru,제조업,2016,"15, Honamcheol-ro, Sintaein-eup, Jeongeup-si, Jeollabuk-do",https://powermaru.modoo.at/
2019 상반기 대규모 수출상담회(BKF),aT센터 1층 제1전시장,2019,5,23,H&P INTERNATIONAL,도소매 무역,2011,,www.hnpinternational.com
2019 상반기 대규모 수출상담회(BKF),aT센터 1층 제1전시장,2019,5,23,Chang-Rak Farms,"무역업, 도매업, 창고업",1990,"857, Changnyeongjangma-ro, Changnyeong-eup, Gyeongsangmam-Do, Korea",www.changrakfarms.kr
2019 상반기 대규모 수출상담회(BKF),aT센터 1층 제1전시장,2019,5,23,"HANSUNG FOOD CO ., LTD","제조, 도소매, 무역",1986,"9-10, Ojeong-ro 134 Beon-gil, Ojeong-gu, Bucheon-si, Gyeonggi-do, KOREA",www.hskimchi.co.kr
2019 상반기 대규모 수출상담회(BKF),aT센터 1층 제1전시장,2019,5,23,mantrading,"제조,무역, 음료, 컨설팅",2012,"50, Gaepo-ro 110-gil, Gangnam-gu, Seoul",www.matrading.co.kr
2019 상반기 대규모 수출상담회(BKF),aT센터 1층 제1전시장,2019,5,23,The happyfood,"액상차,침출자,음료베이스",2014,221-14 songsanro koyangsi,thehappyfoodmall.com
2019 상반기 대규모 수출상담회(BKF),aT센터 1층 제1전시장,2019,5,23,"Jelzonfood co.,ltd.",무역,2007,"155-9, Duwol-gil, Chowol-eup, Gwangju-si, Gyeonggi-do, Republic of Korea",N
2019 상반기 대규모 수출상담회(BKF),aT센터 1층 제1전시장,2019,5,23,"FOODMASTERGROUP CO., LTD",식품,2017,"4F,    215-6, Yulgok-ro, Jongno-gu, Seoul, Republic of Korea",www.foodmastergroup.co.kr
2019 상반기 대규모 수출상담회(BKF),aT센터 1층 제1전시장,2019,5,23,"BEBEFOOD KOREA CO.,LTD.",영유아식품,2009,"25, Sagimakgol-ro 105beon-gil, Jungwon-gu, Seongnam-si, Gyeonggi-do",www.bebefood.co.kr
2019 상반기 대규모 수출상담회(BKF),aT센터 1층 제1전시장,2019,5,23,SAMBUJACOMPANY,"조미김,신선농산물",2016,"79, Sangjanggonwit-rd, Seosu-myeon,Gunsan-city",www.sbjcompany.com
2019 상반기 대규모 수출상담회(BKF),aT센터 1층 제1전시장,2019,5,23,DONGWON HOME FOOD,조미식품,1993,"13F, MABANG-RO, SEOCHO-GU, SEOUL, KOREA (06775)",http://www.dwhf.co.kr/eng/
2019 상반기 대규모 수출상담회(BKF),aT센터 1층 제1전시장,2019,5,23,"[K13] GOOD MORNING KOREA CO., LTD","무역업,농산물유통,판매",2009,"604, Cheonho-daero, Gwangjin-gu, Seoul",gmkfresh.com
2019 상반기 대규모 수출상담회(BKF),aT센터 1층 제1전시장,2019,5,23,"wellfarm co., ltd",식품,2002,"87 Geumil-ro, 546beon-gil, Geumwang-eup, Eumgseong Gun, Chungcheongbuk-do, South Korea",www.well-farm.co.kr
2019 상반기 대규모 수출상담회(BKF),aT센터 1층 제1전시장,2019,5,23,"Youn Sun Ae Cactut co.,Ltd",식품제조가공,2015,"1795-2, Donghae-daero, Heunghae-eup, Buk-gu, Pohang-si, Gyeongsangbuk-do, Republic of Korea","www,100nc.com"
2019 상반기 대규모 수출상담회(BKF),aT센터 1층 제1전시장,2019,5,23,"Agriculture Corporation Greenfarmers Co., Ltd.",제조,2017,"2280, Dongbu-ro, Geumseong-Myeon, Uiseong-gun, Gyeongsangbuk-do, South Korea",N
2019 상반기 대규모 수출상담회(BKF),aT센터 1층 제1전시장,2019,5,23,"DANURIM Co., Ltd.",제조,2014,"28-2, Ojeong-ro , 9beon-gil, Daedeok-gu, Daejeon, Korea",www.danurim.com
2019 상반기 대규모 수출상담회(BKF),aT센터 1층 제1전시장,2019,5,23,"ALP-KS TRADING CO.,","수출업, 농학연구개발업(종묘학)",1991,"#1514-ACEHIGHTECH21, UDONG, HAEUNDAE-GU, BUSAN",www.alpks.com
2019 상반기 대규모 수출상담회(BKF),aT센터 1층 제1전시장,2019,5,23,"TRUE CORPORATION CO.,LTD.",상품종합 중개업,2018,"16-4, 16 beon-gil, Dongbaekjungang-ro, Giheung-gu, Yongin-si, Gyeonggi-do, Republic of Korea",https://success20162018.modoo.at/
2019 상반기 대규모 수출상담회(BKF),aT센터 1층 제1전시장,2019,5,23,greenmax.co,"식품제조유통, 쌀국수,쌀과자,기능성국수,친환경농식품,기타",2009,"46, Gangha 1-ro, Gangha-myeon, Yangpyeong-gun, Gyeonggi-do",greenmax.kr
2019 상반기 대규모 수출상담회(BKF),aT센터 1층 제1전시장,2019,5,23,"DANURIM Co., Ltd.",제조,2014,"28-2, Ojeong-ro , 9beon-gil, Daedeok-gu, Daejeon, Korea",www.danurim.com
2019 상반기 대규모 수출상담회(BKF),aT센터 1층 제1전시장,2019,5,23,Yurim korea red ginseng,"인삼제품, 홍삼제품",2004,,www.yurimkorea.com
2019 상반기 대규모 수출상담회(BKF),aT센터 1층 제1전시장,2019,5,23,"Haetter Co, Ltd","홍삼제품,건강식품",2003,"Rm601,8cha Daeryung technotown,481-11,Gasan-dong,Geumcheon-gu,Seoul,Korea",http://haetter.en.ec21.com
2019 상반기 대규모 수출상담회(BKF),aT센터 1층 제1전시장,2019,5,23,"NONGSHIM CO.,LTD.","라면류, 스낵류",1965,"112  YEODAEBANG-RO, DONGJAK-GU, SEOUL, KOREA",www.nongshim.com
2019 상반기 대규모 수출상담회(BKF),aT센터 1층 제1전시장,2019,5,23,HANVIT FOOD CORP.,"과자, 곡류가공품, 무역업",2008,"106, Naeyu-gil, Deogyang-gu, Goyang-si, Gyeonggi-do, Republic of Korea",WWW.THEBASSK.COM
2019 상반기 대규모 수출상담회(BKF),aT센터 1층 제1전시장,2019,5,23,SS TRADING,농수산물 수출입대행,2016,"10, Wangbeodeul-ro 251beon-gil, Gwangsan-gu, Gwangju",
2019 상반기 대규모 수출상담회(BKF),aT센터 1층 제1전시장,2019,5,23,"HEE CHANG DAIRY AND FOOD CO., LTD","분유, 다류 제조업",1969,"114, SINGI-RO, GYEONGSANGNAM-DO, KOREA",www.heechang.com
2019 상반기 대규모 수출상담회(BKF),aT센터 1층 제1전시장,2019,5,23,"RESH CO.,LTD","전자상거래업,제조업",2014,"20, Bongeunsa-ro 51-gil, Gangnam-gu, Seoul, Republic of Korea",www.lookourtea.com
2019 상반기 대규모 수출상담회(BKF),aT센터 1층 제1전시장,2019,5,23,"KCWOORIGIM CO.,LTD",조미김 등,2013,"147-40, KWANGCHEON-RO, KWANGCHEON-EP, HONGSEONG-GUN, CHOONGCHEONGNAM-DO,KOREA",www.kcwoori.com
2019 상반기 대규모 수출상담회(BKF),aT센터 1층 제1전시장,2019,5,23,PNM INTERNATIONAL CO,무역,2011,"#909, Gyeongchun-ro 229, Guri-si, Gyeonggi-do, Korea",
2019 상반기 대규모 수출상담회(BKF),aT센터 1층 제1전시장,2019,5,23,WELLBIOTECH,건강식품,1999,"152,?Allim-ro,?Chungju-si,?Chungcheongbuk-do  Republic of korea",www.wellbiotech.co.kr
2019 상반기 대규모 수출상담회(BKF),aT센터 1층 제1전시장,2019,5,23,"Kwangdong Pharmaceutical Co.,Ltd",의약품/화장품/식품,1963,,www.ekdp.com
2019 상반기 대규모 수출상담회(BKF),aT센터 1층 제1전시장,2019,5,23,Link Bridge International,무역 등,2016,"122, Saechang-ro, Yongsan-gu, Seoul",
2019 상반기 대규모 수출상담회(BKF),aT센터 1층 제1전시장,2019,5,23,CJ Freshway Corporation,기타음식료품외.과일및채소.축산물.냉동수산물.특정주,1988,"32, Gigok-ro, Giheung-gu, Yongin-si, Gyeonggi-do, Republic of Korea",www.cjfreshway.com
2019 상반기 대규모 수출상담회(BKF),aT센터 1층 제1전시장,2019,5,23,"EyN Agricultural Co., Ltd.",기타식품가공,2015,"19-57, Donghampyeongsandan-gil, Daedong-myeon, Hampyeong-gun, Jeollanam-do",www.eyn-ailv.com
2019 상반기 대규모 수출상담회(BKF),aT센터 1층 제1전시장,2019,5,23,Georyu Agricultural Corporations,제조업,2009,"130-21, Eunwol 1-gil, Georyu-myeon, Goseong-gun, Gyeongsangnam-do, Republic of Korea",www.georyu.com
2019 상반기 대규모 수출상담회(BKF),aT센터 1층 제1전시장,2019,5,23,"Good Morning365co.,LTD","간건강, 숙취해소",2016,"412, seokwangmir, 1ro 29-37 Supsokmaeul, pung-dong, IlsanDong-gu, Goyang-si, Gyeonggi-do, korea",www.gmn365.com(mall)
2019 상반기 대규모 수출상담회(BKF),aT센터 1층 제1전시장,2019,5,23,"Biorhythm Co., LTD",식품제조및 가공,2008,"686-4, Yangcheon-ri, Ochang-eup, Cheongwon-gun, Chungbuk, S. Korea : Chungbuk Technopark Bio Center",www.biorhythm.kr
2019 상반기 대규모 수출상담회(BKF),aT센터 1층 제1전시장,2019,5,23,JINSUNG F.M,"식품 및 첨가물, 무역(식품 및 첨가물, 식품)",1994,"Chorok-Ro, Yanggam-myun, Hwasung Si Kyunggi-do Korea",www.jsfm.co.kr
2019 상반기 대규모 수출상담회(BKF),aT센터 1층 제1전시장,2019,5,23,"Dajung Co., Ltd.",인삼류,1996,"371, JANGSU-RO, IWOL-MYEON, JINCHEON-GUN, CHUNGBUK, 27819 REPUBLIC OF KOREA",www.kgs.ne.kr
2019 상반기 대규모 수출상담회(BKF),aT센터 1층 제1전시장,2019,5,23,DUWON AGRICUTURAL COOPERATIVE,과실통조림및유사조제식품,1993,"2418 Goheung-ro, Duwon-myeon, Goheung-gun, Jeollanamdo",http:www.uja.co.kr
2019 상반기 대규모 수출상담회(BKF),aT센터 1층 제1전시장,2019,5,23,CJ Freshway Corporation,기타음식료품외.과일및채소.축산물.냉동수산물.특정주,1988,"32, Gigok-ro, Giheung-gu, Yongin-si, Gyeonggi-do, Republic of Korea",www.cjfreshway.com
2019 상반기 대규모 수출상담회(BKF),aT센터 1층 제1전시장,2019,5,23,greenstore,건강기능식품수입업,2011,"807 jeljontower 1, 16, Neuti-ro, Bundang-gu, Seongnam-si, Gyeonggi-do, Korea 13558",http://green-store.co.kr/xe/
2019 상반기 대규모 수출상담회(BKF),aT센터 1층 제1전시장,2019,5,23,mantrading,"제조,무역, 음료, 컨설팅",2012,"50, Gaepo-ro 110-gil, Gangnam-gu, Seoul",www.matrading.co.kr
2019 상반기 대규모 수출상담회(BKF),aT센터 1층 제1전시장,2019,5,23,Hemang-Smart Farm,소매업(새싹삼),2017,"84, Eumnaejungang-gil, Gwangyang-eup, Gwangyang-si, Jeollanam-do",http://www.hemang.kr/
2019 상반기 대규모 수출상담회(BKF),aT센터 1층 제1전시장,2019,5,23,Joy Natural Co.,"식료품제조업, 농산물판매",2007,"208, 3702 Namboo-ro, Samseung-myeon, Boeun, Choongbook-do, South Korea",www.enjoygarlic.com
2019 상반기 대규모 수출상담회(BKF),aT센터 1층 제1전시장,2019,5,23,"jekiss co., Ltd",초콜릿,2006,"205 YUSUAMPYEONGHWA-GIL, AEWOL-EUP, JEJU CITY, JEJU SPECIAL SELF GOVERNING, PROVINCE, KOREA",www.jekiss.com
2019 상반기 대규모 수출상담회(BKF),aT센터 1층 제1전시장,2019,5,23,SAMBUJACOMPANY,"조미김,신선농산물",2016,"79, Sangjanggonwit-rd, Seosu-myeon,Gunsan-city",www.sbjcompany.com
2019 상반기 대규모 수출상담회(BKF),aT센터 1층 제1전시장,2019,5,23,Gyeongseong Sittake Mushroom Farm,임산물생산,2007,#56 songgye3gil seongju-Gun Gyeongsangbuk-Do.Korea,mushkim.co.kr
2019 상반기 대규모 수출상담회(BKF),aT센터 1층 제1전시장,2019,5,23,"Infotrading co., ltd.",무역(농수임축산),2012,"461-1, Geumpyeong-ro, Cheongan-myeon, Goesan-gun, Chungcheongbuk-do",
2019 상반기 대규모 수출상담회(BKF),aT센터 1층 제1전시장,2019,5,23,Yurim korea red ginseng,"인삼제품, 홍삼제품",2004,,www.yurimkorea.com
2019 상반기 대규모 수출상담회(BKF),aT센터 1층 제1전시장,2019,5,23,Marineseed Korea,수출업체,2015,"27, Bucheon-ro 136beon-gil, Bucheon-si, Gyeonggi-do",www.marineseed.com
2019 상반기 대규모 수출상담회(BKF),aT센터 1층 제1전시장,2019,5,23,SS TRADING,농수산물 수출입대행,2016,"10, Wangbeodeul-ro 251beon-gil, Gwangsan-gu, Gwangju",
2019 상반기 대규모 수출상담회(BKF),aT센터 1층 제1전시장,2019,5,23,Marineseed Korea,수출업체,2015,"27, Bucheon-ro 136beon-gil, Bucheon-si, Gyeonggi-do",www.marineseed.com
2019 상반기 대규모 수출상담회(BKF),aT센터 1층 제1전시장,2019,5,23,"Han & Global Co., Ltd.",무역업,2016,,N
2019 상반기 대규모 수출상담회(BKF),aT센터 1층 제1전시장,2019,5,23,"SAVIA INT'L CO.,LTD.",수출/제조,2010,"W1417, hansinInterValley24, 322, Teheran-ro, Gangnam-gu, Seoul, Republic of Korea",www.saviaintl.com
2019 상반기 대규모 수출상담회(BKF),aT센터 1층 제1전시장,2019,5,23,HUMANWELL,식품제조가공,2000,"130,NOI-GIL, NONGONG-EUP, DALSEONG-GUN, DAEGU, KOREA",www.humanwell.co.kr
2019 상반기 대규모 수출상담회(BKF),aT센터 1층 제1전시장,2019,5,23,"[K13] GOOD MORNING KOREA CO., LTD","무역업,농산물유통,판매",2009,"604, Cheonho-daero, Gwangjin-gu, Seoul",gmkfresh.com
2019 상반기 대규모 수출상담회(BKF),aT센터 1층 제1전시장,2019,5,23,I&S KOREA CO.LTD.,무역업,2013,"1250, Gyeongui-ro, Paju-si, Gyeonggi-do",
2019 상반기 대규모 수출상담회(BKF),aT센터 1층 제1전시장,2019,5,23,Chang-Rak Farms,"무역업, 도매업, 창고업",1990,"857, Changnyeongjangma-ro, Changnyeong-eup, Gyeongsangmam-Do, Korea",www.changrakfarms.kr
2019 상반기 대규모 수출상담회(BKF),aT센터 1층 제1전시장,2019,5,23,"Haetter Co, Ltd","홍삼제품,건강식품",2003,"Rm601,8cha Daeryung technotown,481-11,Gasan-dong,Geumcheon-gu,Seoul,Korea",http://haetter.en.ec21.com
2019 상반기 대규모 수출상담회(BKF),aT센터 1층 제1전시장,2019,5,23,"JJF CO.,LTD",수출입무역,2000,"222, Wolgak-ro, Hallim-eup, Jeju-si, Jeju-do, Korea",www.jjfkorea.co.kr
2019 상반기 대규모 수출상담회(BKF),aT센터 1층 제1전시장,2019,5,23,L&L Corporation,"설탕, 음료, 식품",2011,"Rm. 408, East BLDG. Guangpyeong-ro, Gannam-gu, Seoul",www.lnlfood.com
2019 상반기 대규모 수출상담회(BKF),aT센터 1층 제1전시장,2019,5,23,DONGWON HOME FOOD,조미식품,1993,"13F, MABANG-RO, SEOCHO-GU, SEOUL, KOREA (06775)",http://www.dwhf.co.kr/eng/
2019 상반기 대규모 수출상담회(BKF),aT센터 1층 제1전시장,2019,5,23,"MONGGO FOODS CO., LTD.",장류 및 기타식품 등,1905,"18, Paryong-ro 371beon-gil, Uichang-gu, Changwon-si, Gyeongsangnam-do",www.monggofood.co.kr
2019 상반기 대규모 수출상담회(BKF),aT센터 1층 제1전시장,2019,5,23,ORIENTAL F&B,무역,2011,"11, Beobwon-ro 11-gil, Songpa-gu, Seoul",www.orientalfnb.com
2019 상반기 대규모 수출상담회(BKF),aT센터 1층 제1전시장,2019,5,23,"GREEN VIL CO., LTD.",무역,2009,"#701, Technosangeop-ro 40, Hyeonpoong-myeon, Dalseong-gun, Daegu, Korea",www.greenvil.co
2019 상반기 대규모 수출상담회(BKF),aT센터 1층 제1전시장,2019,5,23,"MONGGO FOODS CO., LTD.",장류 및 기타식품 등,1905,"18, Paryong-ro 371beon-gil, Uichang-gu, Changwon-si, Gyeongsangnam-do",www.monggofood.co.kr
2019 상반기 대규모 수출상담회(BKF),aT센터 1층 제1전시장,2019,5,23,"Nokchawon Co., Ltd.","무역, 다류식품",1992,"84, Seocho-daero 4-gil, Seocho-gu, Seoul",www.nokchawon.co.kr
2019 상반기 대규모 수출상담회(BKF),aT센터 1층 제1전시장,2019,5,23,SAMIK MARKETING,농산물,2007,"94, Sanginseo-ro, Dalseo-gu, Daegu",
2019 상반기 대규모 수출상담회(BKF),aT센터 1층 제1전시장,2019,5,23,"ALP-KS TRADING CO.,","수출업, 농학연구개발업(종묘학)",1991,"#1514-ACEHIGHTECH21, UDONG, HAEUNDAE-GU, BUSAN",www.alpks.com
2019 상반기 대규모 수출상담회(BKF),aT센터 1층 제1전시장,2019,5,23,SS TRADING,농수산물 수출입대행,2016,"10, Wangbeodeul-ro 251beon-gil, Gwangsan-gu, Gwangju",
2019 상반기 대규모 수출상담회(BKF),aT센터 1층 제1전시장,2019,5,23,HUMANWELL,식품제조가공,2000,"130,NOI-GIL, NONGONG-EUP, DALSEONG-GUN, DAEGU, KOREA",www.humanwell.co.kr
2019 상반기 대규모 수출상담회(BKF),aT센터 1층 제1전시장,2019,5,23,"Dairyzen Co.,Ltd.",제조업,1999,"170,Munmakgongdan-gil,Wonju-so,Gangwon-do",www.dairyzen.co.kr
2019 상반기 대규모 수출상담회(BKF),aT센터 1층 제1전시장,2019,5,23,ORIENTAL F&B,무역,2011,"11, Beobwon-ro 11-gil, Songpa-gu, Seoul",www.orientalfnb.com
2019 상반기 대규모 수출상담회(BKF),aT센터 1층 제1전시장,2019,5,23,sp-madeyoon,제조,2019,"#119, 190-6,hwangnyeong-daero319beonga-gil, nam-gu, busan, korea",coc.busan.kr
2019 상반기 대규모 수출상담회(BKF),aT센터 1층 제1전시장,2019,5,23,Taehwa Food Inc.,"장류 (된장, 고추장, 쌈장, 간장)",1945,"81, Sanmakgongdan-ro, Yangsan-si, Gyeongsangnam-do, Republic of Korea",www.taehwafood.com
2019 상반기 대규모 수출상담회(BKF),aT센터 1층 제1전시장,2019,5,23,ADDI GLOBAL Inc.,"제조, 무역",2016,"JST #908, 229, Seokjeong-ro, Michuhol-gu, Incheon",www.addiglobal.com
2019 상반기 대규모 수출상담회(BKF),aT센터 1층 제1전시장,2019,5,23,"NONGSHIM CO.,LTD.","라면류, 스낵류",1965,"112  YEODAEBANG-RO, DONGJAK-GU, SEOUL, KOREA",www.nongshim.com
2019 상반기 대규모 수출상담회(BKF),aT센터 1층 제1전시장,2019,5,23,HANEULNONGSANYEONGNONGJOHAPBERPIN,"제조업,농업,도소매",2010,"41, Wontong-ro 74beon-gil, Buk-myeon, Inje-gun, Gangwon-do",www.hnfarm.kr
2019 상반기 대규모 수출상담회(BKF),aT센터 1층 제1전시장,2019,5,23,"DaeDoFood Co.,Ltd","과자류, 면류",2000,,Y
2019 상반기 대규모 수출상담회(BKF),aT센터 1층 제1전시장,2019,5,23,mom's Co.Ltd,제조업,2017,"706, City Office Tower, Yanghyunro-411, Jungwon-gu, Seongnam-si, Gyeonggi-do,  South Korea",www.momsfnb.co.kr
2019 상반기 대규모 수출상담회(BKF),aT센터 1층 제1전시장,2019,5,23,Mill Company,한식점업,2014,"5, Ttukseom-ro 1na-gil, Seongdong-gu, Seoul",www.millcompany.co.kr
2019 상반기 대규모 수출상담회(BKF),aT센터 1층 제1전시장,2019,5,23,Wellbeing Farm Co.,음료 등 농산물,2013,"27, Donggal-gil, Ayeong-myeon, Namwon-si, Jeollabuk-do",www.jirisanproduce.com
2019 상반기 대규모 수출상담회(BKF),aT센터 1층 제1전시장,2019,5,23,lotuskorea,식용유지,2016,"7-10, Maean 2-gil, Gaya-myeon, Hapcheon-gun, Gyeongsangnam-do, Republic of Korea",iloveoil.co.kr
2019 상반기 대규모 수출상담회(BKF),aT센터 1층 제1전시장,2019,5,23,HANVIT FOOD CORP.,"과자, 곡류가공품, 무역업",2008,"106, Naeyu-gil, Deogyang-gu, Goyang-si, Gyeonggi-do, Republic of Korea",WWW.THEBASSK.COM
2019 상반기 대규모 수출상담회(BKF),aT센터 1층 제1전시장,2019,5,23,"OURHOME CO., LTD.","집단급식, 경양식, 육가공, 쌀가공, 조미가공, HMR 제조업",2000,"382, Gangnam-daero, Gangnam-gu, Seoul",http://www.ourhome.co.kr
2019 상반기 대규모 수출상담회(BKF),aT센터 1층 제1전시장,2019,5,23,"Agriculture Corporation Greenfarmers Co., Ltd.",제조,2017,"2280, Dongbu-ro, Geumseong-Myeon, Uiseong-gun, Gyeongsangbuk-do, South Korea",N
2019 상반기 대규모 수출상담회(BKF),aT센터 1층 제1전시장,2019,5,23,Wellbeing Farm Co.,음료 등 농산물,2013,"27, Donggal-gil, Ayeong-myeon, Namwon-si, Jeollabuk-do",www.jirisanproduce.com
2019 상반기 대규모 수출상담회(BKF),aT센터 1층 제1전시장,2019,5,23,haenaroo fermented food,"발효음료, 효소",1996,"15 Seryu-gil, Ugang-myeon, Dangdin-si, Chungnam-do, korea",hcb-silk.net
2019 상반기 대규모 수출상담회(BKF),aT센터 1층 제1전시장,2019,5,23,MoonGyeong Omija Valley Co.,제조 및 생산,2009,2371-5 Yeowoomok-ro Dongro-ro Munkyeong-si Gyeongsangbuk-do,www.omijamall.co.kr
2019 상반기 대규모 수출상담회(BKF),aT센터 1층 제1전시장,2019,5,23,H&P INTERNATIONAL,도소매 무역,2011,,www.hnpinternational.com
2019 상반기 대규모 수출상담회(BKF),aT센터 1층 제1전시장,2019,5,23,"wellfarm co., ltd",식품,2002,"87 Geumil-ro, 546beon-gil, Geumwang-eup, Eumgseong Gun, Chungcheongbuk-do, South Korea",www.well-farm.co.kr
2019 상반기 대규모 수출상담회(BKF),aT센터 1층 제1전시장,2019,5,23,ADDI GLOBAL Inc.,"제조, 무역",2016,"JST #908, 229, Seokjeong-ro, Michuhol-gu, Incheon",www.addiglobal.com
2019 상반기 대규모 수출상담회(BKF),aT센터 1층 제1전시장,2019,5,23,"OURHOME CO., LTD.","집단급식, 경양식, 육가공, 쌀가공, 조미가공, HMR 제조업",2000,"382, Gangnam-daero, Gangnam-gu, Seoul",http://www.ourhome.co.kr
2019 상반기 대규모 수출상담회(BKF),aT센터 1층 제1전시장,2019,5,23,"[K13] GOOD MORNING KOREA CO., LTD","무역업,농산물유통,판매",2009,"604, Cheonho-daero, Gwangjin-gu, Seoul",gmkfresh.com
2019 상반기 대규모 수출상담회(BKF),aT센터 1층 제1전시장,2019,5,23,Chang-Rak Farms,"무역업, 도매업, 창고업",1990,"857, Changnyeongjangma-ro, Changnyeong-eup, Gyeongsangmam-Do, Korea",www.changrakfarms.kr
2019 상반기 대규모 수출상담회(BKF),aT센터 1층 제1전시장,2019,5,23,"Good Morning365co.,LTD","간건강, 숙취해소",2016,"412, seokwangmir, 1ro 29-37 Supsokmaeul, pung-dong, IlsanDong-gu, Goyang-si, Gyeonggi-do, korea",www.gmn365.com(mall)
2019 상반기 대규모 수출상담회(BKF),aT센터 1층 제1전시장,2019,5,23,Yurim korea red ginseng,"인삼제품, 홍삼제품",2004,,www.yurimkorea.com
2019 상반기 대규모 수출상담회(BKF),aT센터 1층 제1전시장,2019,5,23,"Korean Ginseng Research Co., Ltd.",인삼,1996,"3275 Gyeonggang-ro,Yongmun-Myeon,Yangpyeong-Gun,Gyeonggi-Do, Korea",www.samnako.com
2019 상반기 대규모 수출상담회(BKF),aT센터 1층 제1전시장,2019,5,23,"KUAN INDUSTRIAL CO.,LTD.","인삼, 커피",1992,"B1, 13, Bangbaeseonhaeng-gil, Seocho-gu, Seoul",www.zenlac.com
2019 상반기 대규모 수출상담회(BKF),aT센터 1층 제1전시장,2019,5,23,"WELLNESS KOREA Co.,Ltd.","제조업, 도소매",2014,,www.wellnesskor.com
2019 상반기 대규모 수출상담회(BKF),aT센터 1층 제1전시장,2019,5,23,"HANMIRAE FOOD CO., LTD","조미김, 식품, 무역",2013,"No.9-61, YEONGDONG-GIL, HAMCHANG-EUP, SANGJU CITY, GYEONGSANGBUK-DO, KOREA",http://hanmirae.kr
2019 상반기 대규모 수출상담회(BKF),aT센터 1층 제1전시장,2019,5,23,"Agricultral Corporation Cheongdo Wongam Co.,Ltd",제조업,2016,"574, Saemaeul-ro Cheongdo-eup, Cheongdo-gun, Gyeongsangbuk-do, Korea",www.wongam.co.kr
2019 상반기 대규모 수출상담회(BKF),aT센터 1층 제1전시장,2019,5,23,sp-madeyoon,제조,2019,"#119, 190-6,hwangnyeong-daero319beonga-gil, nam-gu, busan, korea",coc.busan.kr
2019 상반기 대규모 수출상담회(BKF),aT센터 1층 제1전시장,2019,5,23,World International,종합상품도매업,2019,"17, Techno 4-ro, Yuseong-gu, Daejeon",
2019 상반기 대규모 수출상담회(BKF),aT센터 1층 제1전시장,2019,5,23,"Agriculture Corporation Greenfarmers Co., Ltd.",제조,2017,"2280, Dongbu-ro, Geumseong-Myeon, Uiseong-gun, Gyeongsangbuk-do, South Korea",N
2019 상반기 대규모 수출상담회(BKF),aT센터 1층 제1전시장,2019,5,23,"EyN Agricultural Co., Ltd.",기타식품가공,2015,"19-57, Donghampyeongsandan-gil, Daedong-myeon, Hampyeong-gun, Jeollanam-do",www.eyn-ailv.com
2019 상반기 대규모 수출상담회(BKF),aT센터 1층 제1전시장,2019,5,23,HANEULNONGSANYEONGNONGJOHAPBERPIN,"제조업,농업,도소매",2010,"41, Wontong-ro 74beon-gil, Buk-myeon, Inje-gun, Gangwon-do",www.hnfarm.kr
2019 상반기 대규모 수출상담회(BKF),aT센터 1층 제1전시장,2019,5,23,HUMANWELL,식품제조가공,2000,"130,NOI-GIL, NONGONG-EUP, DALSEONG-GUN, DAEGU, KOREA",www.humanwell.co.kr
2019 상반기 대규모 수출상담회(BKF),aT센터 1층 제1전시장,2019,5,23,"Renewallife Co.,Ltd","과자류, 다류",2004,"816-3, Jipyeong-ro, Jipyeong-myeon, Yangpyeong-gun, Gyeonggi-do, Republic of Korea [12544]",www.renewallife.com
2019 상반기 대규모 수출상담회(BKF),aT센터 1층 제1전시장,2019,5,23,JINSUNG F.M,"식품 및 첨가물, 무역(식품 및 첨가물, 식품)",1994,"Chorok-Ro, Yanggam-myun, Hwasung Si Kyunggi-do Korea",www.jsfm.co.kr
2019 상반기 대규모 수출상담회(BKF),aT센터 1층 제1전시장,2019,5,23,Taehwa Food Inc.,"장류 (된장, 고추장, 쌈장, 간장)",1945,"81, Sanmakgongdan-ro, Yangsan-si, Gyeongsangnam-do, Republic of Korea",www.taehwafood.com
2019 상반기 대규모 수출상담회(BKF),aT센터 1층 제1전시장,2019,5,23,JAEWON GLOBAL NET,"가공식품 제조, 도매",2007,"87, Cheongbaengni-ro 697beon-gil, Baeksa-myeon, Icheon-si, Gyeonggi-do",www.goodandwell.co.kr
2019 상반기 대규모 수출상담회(BKF),aT센터 1층 제1전시장,2019,5,23,"Dajung Co., Ltd.",인삼류,1996,"371, JANGSU-RO, IWOL-MYEON, JINCHEON-GUN, CHUNGBUK, 27819 REPUBLIC OF KOREA",www.kgs.ne.kr
2019 상반기 대규모 수출상담회(BKF),aT센터 1층 제1전시장,2019,5,23,Nature Farm Corp,농산물유통판매,2010,"257-18, Haksantopyeong-gil, Hwayang-eup, Cheongdo-gun, Gyeongsangbuk-do, Korea",www.gamsarang.co.kr
2019 상반기 대규모 수출상담회(BKF),aT센터 1층 제1전시장,2019,5,23,Georyu Agricultural Corporations,제조업,2009,"130-21, Eunwol 1-gil, Georyu-myeon, Goseong-gun, Gyeongsangnam-do, Republic of Korea",www.georyu.com
2019 상반기 대규모 수출상담회(BKF),aT센터 1층 제1전시장,2019,5,23,da yak  jeong,"농산물,제조업",2014,"106-4, Howol 4-gil, Uljin-eup, Uljin-gun, Gyeongsangbuk-do",www.uljinwasong.co.kr
2019 상반기 대규모 수출상담회(BKF),aT센터 1층 제1전시장,2019,5,23,Mill Company,한식점업,2014,"5, Ttukseom-ro 1na-gil, Seongdong-gu, Seoul",www.millcompany.co.kr
2019 상반기 대규모 수출상담회(BKF),aT센터 1층 제1전시장,2019,5,23,Nongbu Corp.,농산물유통 작물재배업,2009,"1197-9, Sanoe-ro, Gui-myeon, Wanju-gun, Jeonbuk, Korea",www.dangjo.co.kr
2019 상반기 대규모 수출상담회(BKF),aT센터 1층 제1전시장,2019,5,23,Dr.ASAHAN Corp.,제조업,2015,"49, Daewangpangyo-ro 644beon-gil, Bundang-gu,   Seongnam-si, Gyeonggi-do, Republic of Korea",www.asahan.kr
2019 상반기 대규모 수출상담회(BKF),aT센터 1층 제1전시장,2019,5,23,Handok,"양약, 자양강장제",1958,"132 Teheran-ro, Gangnam-gu, Seoul, South Korea",www.handok.co.kr
2019 상반기 대규모 수출상담회(BKF),aT센터 1층 제1전시장,2019,5,23,"jekiss co., Ltd",초콜릿,2006,"205 YUSUAMPYEONGHWA-GIL, AEWOL-EUP, JEJU CITY, JEJU SPECIAL SELF GOVERNING, PROVINCE, KOREA",www.jekiss.com
2019 상반기 대규모 수출상담회(BKF),aT센터 1층 제1전시장,2019,5,23,WELLBIOTECH,건강식품,1999,"152,?Allim-ro,?Chungju-si,?Chungcheongbuk-do  Republic of korea",www.wellbiotech.co.kr
2019 상반기 대규모 수출상담회(BKF),aT센터 1층 제1전시장,2019,5,23,Handok,"양약, 자양강장제",1958,"132 Teheran-ro, Gangnam-gu, Seoul, South Korea",www.handok.co.kr
2019 상반기 대규모 수출상담회(BKF),aT센터 1층 제1전시장,2019,5,23,"DaeDoFood Co.,Ltd","과자류, 면류",2000,,Y
2019 상반기 대규모 수출상담회(BKF),aT센터 1층 제1전시장,2019,5,23,Wellbeing Farm Co.,음료 등 농산물,2013,"27, Donggal-gil, Ayeong-myeon, Namwon-si, Jeollabuk-do",www.jirisanproduce.com
2019 상반기 대규모 수출상담회(BKF),aT센터 1층 제1전시장,2019,5,23,DONGWON HOME FOOD,조미식품,1993,"13F, MABANG-RO, SEOCHO-GU, SEOUL, KOREA (06775)",http://www.dwhf.co.kr/eng/
2019 상반기 대규모 수출상담회(BKF),aT센터 1층 제1전시장,2019,5,23,Wellbeing Farm Co.,음료 등 농산물,2013,"27, Donggal-gil, Ayeong-myeon, Namwon-si, Jeollabuk-do",www.jirisanproduce.com
2019 상반기 대규모 수출상담회(BKF),aT센터 1층 제1전시장,2019,5,23,ORIENTAL F&B,무역,2011,"11, Beobwon-ro 11-gil, Songpa-gu, Seoul",www.orientalfnb.com
2019 상반기 대규모 수출상담회(BKF),aT센터 1층 제1전시장,2019,5,23,World International,종합상품도매업,2019,"17, Techno 4-ro, Yuseong-gu, Daejeon",
2019 상반기 대규모 수출상담회(BKF),aT센터 1층 제1전시장,2019,5,23,"MONGGO FOODS CO., LTD.",장류 및 기타식품 등,1905,"18, Paryong-ro 371beon-gil, Uichang-gu, Changwon-si, Gyeongsangnam-do",www.monggofood.co.kr
2019 상반기 대규모 수출상담회(BKF),aT센터 1층 제1전시장,2019,5,23,"Korean Ginseng Research Co., Ltd.",인삼,1996,"3275 Gyeonggang-ro,Yongmun-Myeon,Yangpyeong-Gun,Gyeonggi-Do, Korea",www.samnako.com
2019 상반기 대규모 수출상담회(BKF),aT센터 1층 제1전시장,2019,5,23,"BIOKOREA CO, LTD","생물산업관련사업, 무역, 연구개발",2000,"Taewon Bldg. 2F., 8, Baekjegobun-ro 39gil, Songpa-gu, Seoul, 05616, Korea",www.healthkhan.com
2019 상반기 대규모 수출상담회(BKF),aT센터 1층 제1전시장,2019,5,23,"Youn Sun Ae Cactut co.,Ltd",식품제조가공,2015,"1795-2, Donghae-daero, Heunghae-eup, Buk-gu, Pohang-si, Gyeongsangbuk-do, Republic of Korea","www,100nc.com"
2019 상반기 대규모 수출상담회(BKF),aT센터 1층 제1전시장,2019,5,23,"KKOH SHAEM FOOD CO,LTD","제조,도매",1997,"82,jugyeopsan-ro 35beon-gil,sohol-eup,pocheon-si,geonggi-do,korea",www.ksfs.co.kr
2019 상반기 대규모 수출상담회(BKF),aT센터 1층 제1전시장,2019,5,23,IKG KOREA CO.,무역,2011,"F718, CENTUMBIZ, 45, JOJEONG-DAERO, HANAM-SI, GYEONGGI-DO, KOREA",N
2019 상반기 대규모 수출상담회(BKF),aT센터 1층 제1전시장,2019,5,23,"Seoul F&B Co.,Ltd","유가공, 식품가공",2005,"36, IT Valley gil, Gonggeun-myeon, Hoengseong-gun, Gangwon-do 25209, Republic of Korea",http://www.seoulfnb.com/
2019 상반기 대규모 수출상담회(BKF),aT센터 1층 제1전시장,2019,5,23,"Renewallife Co.,Ltd","과자류, 다류",2004,"816-3, Jipyeong-ro, Jipyeong-myeon, Yangpyeong-gun, Gyeonggi-do, Republic of Korea [12544]",www.renewallife.com
2019 상반기 대규모 수출상담회(BKF),aT센터 1층 제1전시장,2019,5,23,h-trading,무역,2016,"90, Sanggye-ro, Nowon-gu, Seoul",www.h-food.co.kr
2019 상반기 대규모 수출상담회(BKF),aT센터 1층 제1전시장,2019,5,23,"Infotrading co., ltd.",무역(농수임축산),2012,"461-1, Geumpyeong-ro, Cheongan-myeon, Goesan-gun, Chungcheongbuk-do",
2019 상반기 대규모 수출상담회(BKF),aT센터 1층 제1전시장,2019,5,23,World International,종합상품도매업,2019,"17, Techno 4-ro, Yuseong-gu, Daejeon",
2019 상반기 대규모 수출상담회(BKF),aT센터 1층 제1전시장,2019,5,23,"SIK Co., Ltd",식음료,2004,"436 Yanghwa-Ro,Neungseo-Myeon,Yeoju City,Gyeonggi,Korea",http://www.sikco.kr/
2019 상반기 대규모 수출상담회(BKF),aT센터 1층 제1전시장,2019,5,23,SAMBUJACOMPANY,"조미김,신선농산물",2016,"79, Sangjanggonwit-rd, Seosu-myeon,Gunsan-city",www.sbjcompany.com
2019 상반기 대규모 수출상담회(BKF),aT센터 1층 제1전시장,2019,5,23,WELLBIOTECH,건강식품,1999,"152,?Allim-ro,?Chungju-si,?Chungcheongbuk-do  Republic of korea",www.wellbiotech.co.kr
2019 상반기 대규모 수출상담회(BKF),aT센터 1층 제1전시장,2019,5,23,"HOSAN.CO.,LTD.",무역,1998,"7F Zena B/D, 14-14, Teheran-ro 78-gil, Gangnam-gu, Seoul, Korea",www.koreanproducts.net
2019 상반기 대규모 수출상담회(BKF),aT센터 1층 제1전시장,2019,5,23,"Thebab co., Ltd.",조미료 및 식품첨가물,2012,"38428  #404 R&DB Center of Kyungil Univ. Hayang-eup, Kyeongsan city, Kyeongbuk, South Korea",thebab.kr
2019 상반기 대규모 수출상담회(BKF),aT센터 1층 제1전시장,2019,5,23,Taehwa Food Inc.,"장류 (된장, 고추장, 쌈장, 간장)",1945,"81, Sanmakgongdan-ro, Yangsan-si, Gyeongsangnam-do, Republic of Korea",www.taehwafood.com
2019 상반기 대규모 수출상담회(BKF),aT센터 1층 제1전시장,2019,5,23,"BEBEFOOD KOREA CO.,LTD.",영유아식품,2009,"25, Sagimakgol-ro 105beon-gil, Jungwon-gu, Seongnam-si, Gyeonggi-do",www.bebefood.co.kr
2019 상반기 대규모 수출상담회(BKF),aT센터 1층 제1전시장,2019,5,23,"HANMIRAE FOOD CO., LTD","조미김, 식품, 무역",2013,"No.9-61, YEONGDONG-GIL, HAMCHANG-EUP, SANGJU CITY, GYEONGSANGBUK-DO, KOREA",http://hanmirae.kr
2019 상반기 대규모 수출상담회(BKF),aT센터 1층 제1전시장,2019,5,23,"TAEKWAN CO.,LTD.",무역업,2002,"#401, Jungwoo bldg, 178, Injung-ro, Jung-gu, Incheon, Korea",www.taekwan.co.kr
2019 상반기 대규모 수출상담회(BKF),aT센터 1층 제1전시장,2019,5,23,MoonGyeong Omija Valley Co.,제조 및 생산,2009,2371-5 Yeowoomok-ro Dongro-ro Munkyeong-si Gyeongsangbuk-do,www.omijamall.co.kr
2019 상반기 대규모 수출상담회(BKF),aT센터 1층 제1전시장,2019,5,23,CHOROKARIUL,"식품가공 제조업/참기름,들기름,생들기름",2004,"39,Deungyonggil,Haseo-myeon,Buan-gun,Jeollabuk-do,korea",www.chorokariul.com
2019 상반기 대규모 수출상담회(BKF),aT센터 1층 제1전시장,2019,5,23,"EyN Agricultural Co., Ltd.",기타식품가공,2015,"19-57, Donghampyeongsandan-gil, Daedong-myeon, Hampyeong-gun, Jeollanam-do",www.eyn-ailv.com
2019 상반기 대규모 수출상담회(BKF),aT센터 1층 제1전시장,2019,5,23,Gyeongseong Sittake Mushroom Farm,임산물생산,2007,#56 songgye3gil seongju-Gun Gyeongsangbuk-Do.Korea,mushkim.co.kr
2019 상반기 대규모 수출상담회(BKF),aT센터 1층 제1전시장,2019,5,23,farmer corporation happy mushroom,"농업,식품제조업",2017,gyeong-gido goyangsi ilsandong-gu myeogjeolgil 324-20,http://happymushroom.modoo.at
2019 상반기 대규모 수출상담회(BKF),aT센터 1층 제1전시장,2019,5,23,Hankook Tea Co.,차류,1951,,www.hankooktea.co.kr
2019 상반기 대규모 수출상담회(BKF),aT센터 1층 제1전시장,2019,5,23,Hosung Logos Inc.,"건강기능식품, 기타가공식품",2013,"30, Jandari-ro, Mapo-gu, Seoul",
2019 상반기 대규모 수출상담회(BKF),aT센터 1층 제1전시장,2019,5,23,farmer corporation happy mushroom,"농업,식품제조업",2017,gyeong-gido goyangsi ilsandong-gu myeogjeolgil 324-20,http://happymushroom.modoo.at
2019 상반기 대규모 수출상담회(BKF),aT센터 1층 제1전시장,2019,5,23,"WELLNESS KOREA Co.,Ltd.","제조업, 도소매",2014,,www.wellnesskor.com
2019 상반기 대규모 수출상담회(BKF),aT센터 1층 제1전시장,2019,5,23,"KUAN INDUSTRIAL CO.,LTD.","인삼, 커피",1992,"B1, 13, Bangbaeseonhaeng-gil, Seocho-gu, Seoul",www.zenlac.com
2019 상반기 대규모 수출상담회(BKF),aT센터 1층 제1전시장,2019,5,23,cpmmunity Business jangguri,재조업,2016,"jangguri,82,myeongjae-ro287beon-gil,Noseong-myeon,Nonsan-si,Chungcheomgnam-do,Korea",cofilia.net
2019 상반기 대규모 수출상담회(BKF),aT센터 1층 제1전시장,2019,5,23,"HANSUNG FOOD CO ., LTD","제조, 도소매, 무역",1986,"9-10, Ojeong-ro 134 Beon-gil, Ojeong-gu, Bucheon-si, Gyeonggi-do, KOREA",www.hskimchi.co.kr
2019 상반기 대규모 수출상담회(BKF),aT센터 1층 제1전시장,2019,5,23,ADDI GLOBAL Inc.,"제조, 무역",2016,"JST #908, 229, Seokjeong-ro, Michuhol-gu, Incheon",www.addiglobal.com
2019 상반기 대규모 수출상담회(BKF),aT센터 1층 제1전시장,2019,5,23,haenaroo fermented food,"발효음료, 효소",1996,"15 Seryu-gil, Ugang-myeon, Dangdin-si, Chungnam-do, korea",hcb-silk.net
2019 상반기 대규모 수출상담회(BKF),aT센터 1층 제1전시장,2019,5,23,"NONGSHIM CO.,LTD.","라면류, 스낵류",1965,"112  YEODAEBANG-RO, DONGJAK-GU, SEOUL, KOREA",www.nongshim.com
2019 상반기 대규모 수출상담회(BKF),aT센터 1층 제1전시장,2019,5,23,lotuskorea,식용유지,2016,"7-10, Maean 2-gil, Gaya-myeon, Hapcheon-gun, Gyeongsangnam-do, Republic of Korea",iloveoil.co.kr
2019 상반기 대규모 수출상담회(BKF),aT센터 1층 제1전시장,2019,5,23,"Kwangdong Pharmaceutical Co.,Ltd",의약품/화장품/식품,1963,,www.ekdp.com
2019 상반기 대규모 수출상담회(BKF),aT센터 1층 제1전시장,2019,5,23,OTTOGI CORPORATION,식품,1969,"405, Heungan-daero, Dongan-gu, Anyang-si, Gyeonggi-do, Republic of Korea",www.ottogi.co.kr
2019 상반기 대규모 수출상담회(BKF),aT센터 1층 제1전시장,2019,5,23,OTTOGI CORPORATION,식품,1969,"405, Heungan-daero, Dongan-gu, Anyang-si, Gyeonggi-do, Republic of Korea",www.ottogi.co.kr
2019 상반기 대규모 수출상담회(BKF),aT센터 1층 제1전시장,2019,5,23,SEMPIO FOODS COMPANY,식품,1946,2 CHUNGMURO JUNG GU SEOUL KOREA,www.sempio.com
2019 상반기 대규모 수출상담회(BKF),aT센터 1층 제1전시장,2019,5,23,SAMYANG FOODS,"라면류, 국수류",1961,"104 OPAESAN-RO 3GIL SEOUNGBUK-GU, SEOUL",
2019 상반기 대규모 수출상담회(BKF),aT센터 1층 제1전시장,2019,5,23,SEMPIO FOODS COMPANY,식품,1946,2 CHUNGMURO JUNG GU SEOUL KOREA,www.sempio.com
2019 상반기 대규모 수출상담회(BKF),aT센터 1층 제1전시장,2019,5,23,NH TRADING,"무역,주류수출,축산물수입판매,농수산물,오퍼상",1990,"7, Olympic-ro 48-gil, Gangdong-gu, Seoul, Republic of Korea",
2019 상반기 대규모 수출상담회(BKF),aT센터 1층 제1전시장,2019,5,23,"LOTTE FOODS CO.,LTD.","유가공, 빙과, 식용유지, 육가공 등",1958,"19, Yangpyeong-ro 19-gil, Yeongdeungpo-gu, Seoul",www.lottefoods.co.kr
2019 상반기 대규모 수출상담회(BKF),aT센터 1층 제1전시장,2019,5,23,SAMYANG FOODS,"라면류, 국수류",1961,"104 OPAESAN-RO 3GIL SEOUNGBUK-GU, SEOUL",
2019 상반기 대규모 수출상담회(BKF),aT센터 1층 제1전시장,2019,5,23,NH TRADING,"무역,주류수출,축산물수입판매,농수산물,오퍼상",1990,"7, Olympic-ro 48-gil, Gangdong-gu, Seoul, Republic of Korea",
2019 상반기 대규모 수출상담회(BKF),aT센터 1층 제1전시장,2019,5,23,"KKOH SHAEM FOOD CO,LTD","제조,도매",1997,"82,jugyeopsan-ro 35beon-gil,sohol-eup,pocheon-si,geonggi-do,korea",www.ksfs.co.kr
2019 상반기 대규모 수출상담회(BKF),aT센터 1층 제1전시장,2019,5,23,"LOTTE FOODS CO.,LTD.","유가공, 빙과, 식용유지, 육가공 등",1958,"19, Yangpyeong-ro 19-gil, Yeongdeungpo-gu, Seoul",www.lottefoods.co.kr
2019 상반기 대규모 수출상담회(BKF),aT센터 1층 제1전시장,2019,5,23,NH TRADING,"무역,주류수출,축산물수입판매,농수산물,오퍼상",1990,"7, Olympic-ro 48-gil, Gangdong-gu, Seoul, Republic of Korea",
2019 상반기 대규모 수출상담회(BKF),aT센터 1층 제1전시장,2019,5,23,SAMYANG FOODS,"라면류, 국수류",1961,"104 OPAESAN-RO 3GIL SEOUNGBUK-GU, SEOUL",
2019 상반기 대규모 수출상담회(BKF),aT센터 1층 제1전시장,2019,5,23,"LOTTE FOODS CO.,LTD.","유가공, 빙과, 식용유지, 육가공 등",1958,"19, Yangpyeong-ro 19-gil, Yeongdeungpo-gu, Seoul",www.lottefoods.co.kr
2019 상반기 대규모 수출상담회(BKF),aT센터 1층 제1전시장,2019,5,23,"TAE KYUNG NONG SAN CO., LTD.",식품 제조,1979,"112, Yeouidaebang-ro, Dongjak-gu, Seoul",www.itaekyung.com
2019 상반기 대규모 수출상담회(BKF),aT센터 1층 제1전시장,2019,5,23,L&L Corporation,"설탕, 음료, 식품",2011,"Rm. 408, East BLDG. Guangpyeong-ro, Gannam-gu, Seoul",www.lnlfood.com
2019 상반기 대규모 수출상담회(BKF),aT센터 1층 제1전시장,2019,5,23,Joy Natural Co.,"식료품제조업, 농산물판매",2007,"208, 3702 Namboo-ro, Samseung-myeon, Boeun, Choongbook-do, South Korea",www.enjoygarlic.com
2019 상반기 대규모 수출상담회(BKF),aT센터 1층 제1전시장,2019,5,23,Mill Company,한식점업,2014,"5, Ttukseom-ro 1na-gil, Seongdong-gu, Seoul",www.millcompany.co.kr
2019 상반기 대규모 수출상담회(BKF),aT센터 1층 제1전시장,2019,5,23,"CFM Commerce Co., Ltd.","식품, 무역, 농산물",2017,"No.1505 623 Gaepo-ro Gangnam-gu, Seoul, Korea",www.cfmcommerce.net
2019 상반기 대규모 수출상담회(BKF),aT센터 1층 제1전시장,2019,5,23,Willingness Inc.,무역,2018,,
2019 상반기 대규모 수출상담회(BKF),aT센터 1층 제1전시장,2019,5,23,"SAEMI BIO CO.,LTD","무역, 유통, OEM 생산",2015,"ROOM 501, 5 TEHERAN-RO 29-GIL, GANGANAM-GU, SEOUL, KOREA",https://www.saemibio.com
2019 상반기 대규모 수출상담회(BKF),aT센터 1층 제1전시장,2019,5,23,choco cyber,"무역, 도소매업,",1995,,www.chococyber.co.kr
2019 상반기 대규모 수출상담회(BKF),aT센터 1층 제1전시장,2019,5,23,Willingness Inc.,무역,2018,,
2019 상반기 대규모 수출상담회(BKF),aT센터 1층 제1전시장,2019,5,23,SAMYANG FOODS,"라면류, 국수류",1961,"104 OPAESAN-RO 3GIL SEOUNGBUK-GU, SEOUL",
2019 상반기 대규모 수출상담회(BKF),aT센터 1층 제1전시장,2019,5,23,Willingness Inc.,무역,2018,,
2019 상반기 대규모 수출상담회(BKF),aT센터 1층 제1전시장,2019,5,23,iberry,건강기능식품,2011,"167, Songpa-daero, Songpa-gu, Seoul",www.iberry.kr
2019 상반기 대규모 수출상담회(BKF),aT센터 1층 제1전시장,2019,5,23,"Lotte Chilsung Beverage Co.,Ltd.","청량음료, 식품, 주류",1967,"269, Olympic-ro, Songpa-gu, Seoul",https://company.lottechilsung.co.kr/eng/main/index.do
2019 상반기 대규모 수출상담회(BKF),aT센터 1층 제1전시장,2019,5,23,SEMPIO FOODS COMPANY,식품,1946,2 CHUNGMURO JUNG GU SEOUL KOREA,www.sempio.com
2019 상반기 대규모 수출상담회(BKF),aT센터 1층 제1전시장,2019,5,23,"LOTTE FOODS CO.,LTD.","유가공, 빙과, 식용유지, 육가공 등",1958,"19, Yangpyeong-ro 19-gil, Yeongdeungpo-gu, Seoul",www.lottefoods.co.kr
2019 상반기 대규모 수출상담회(BKF),aT센터 1층 제1전시장,2019,5,23,OTTOGI CORPORATION,식품,1969,"405, Heungan-daero, Dongan-gu, Anyang-si, Gyeonggi-do, Republic of Korea",www.ottogi.co.kr
2019 상반기 대규모 수출상담회(BKF),aT센터 1층 제1전시장,2019,5,23,"LOTTE FOODS CO.,LTD.","유가공, 빙과, 식용유지, 육가공 등",1958,"19, Yangpyeong-ro 19-gil, Yeongdeungpo-gu, Seoul",www.lottefoods.co.kr
2019 상반기 대규모 수출상담회(BKF),aT센터 1층 제1전시장,2019,5,23,SAMYANG FOODS,"라면류, 국수류",1961,"104 OPAESAN-RO 3GIL SEOUNGBUK-GU, SEOUL",
2019 상반기 대규모 수출상담회(BKF),aT센터 1층 제1전시장,2019,5,23,Dr.ASAHAN Corp.,제조업,2015,"49, Daewangpangyo-ro 644beon-gil, Bundang-gu,   Seongnam-si, Gyeonggi-do, Republic of Korea",www.asahan.kr
2019 상반기 대규모 수출상담회(BKF),aT센터 1층 제1전시장,2019,5,23,mantrading,"제조,무역, 음료, 컨설팅",2012,"50, Gaepo-ro 110-gil, Gangnam-gu, Seoul",www.matrading.co.kr
2019 상반기 대규모 수출상담회(BKF),aT센터 1층 제1전시장,2019,5,23,"KUAN INDUSTRIAL CO.,LTD.","인삼, 커피",1992,"B1, 13, Bangbaeseonhaeng-gil, Seocho-gu, Seoul",www.zenlac.com
2019 상반기 대규모 수출상담회(BKF),aT센터 1층 제1전시장,2019,5,23,greenmax.co,"식품제조유통, 쌀국수,쌀과자,기능성국수,친환경농식품,기타",2009,"46, Gangha 1-ro, Gangha-myeon, Yangpyeong-gun, Gyeonggi-do",greenmax.kr
2019 상반기 대규모 수출상담회(BKF),aT센터 1층 제1전시장,2019,5,23,Nongbu Corp.,농산물유통 작물재배업,2009,"1197-9, Sanoe-ro, Gui-myeon, Wanju-gun, Jeonbuk, Korea",www.dangjo.co.kr
2019 상반기 대규모 수출상담회(BKF),aT센터 1층 제1전시장,2019,5,23,greenmax.co,"식품제조유통, 쌀국수,쌀과자,기능성국수,친환경농식품,기타",2009,"46, Gangha 1-ro, Gangha-myeon, Yangpyeong-gun, Gyeonggi-do",greenmax.kr
2019 상반기 대규모 수출상담회(BKF),aT센터 1층 제1전시장,2019,5,23,Joy Natural Co.,"식료품제조업, 농산물판매",2007,"208, 3702 Namboo-ro, Samseung-myeon, Boeun, Choongbook-do, South Korea",www.enjoygarlic.com
2019 상반기 대규모 수출상담회(BKF),aT센터 1층 제1전시장,2019,5,23,"Renewallife Co.,Ltd","과자류, 다류",2004,"816-3, Jipyeong-ro, Jipyeong-myeon, Yangpyeong-gun, Gyeonggi-do, Republic of Korea [12544]",www.renewallife.com
2019 상반기 대규모 수출상담회(BKF),aT센터 1층 제1전시장,2019,5,23,mom's Co.Ltd,제조업,2017,"706, City Office Tower, Yanghyunro-411, Jungwon-gu, Seongnam-si, Gyeonggi-do,  South Korea",www.momsfnb.co.kr
2019 상반기 대규모 수출상담회(BKF),aT센터 1층 제1전시장,2019,5,23,H&P INTERNATIONAL,도소매 무역,2011,,www.hnpinternational.com
2019 상반기 대규모 수출상담회(BKF),aT센터 1층 제1전시장,2019,5,23,"GREEN VIL CO., LTD.",무역,2009,"#701, Technosangeop-ro 40, Hyeonpoong-myeon, Dalseong-gun, Daegu, Korea",www.greenvil.co
2019 상반기 대규모 수출상담회(BKF),aT센터 1층 제1전시장,2019,5,23,SAMIK MARKETING,농산물,2007,"94, Sanginseo-ro, Dalseo-gu, Daegu",
2019 상반기 대규모 수출상담회(BKF),aT센터 1층 제1전시장,2019,5,23,"Dr. Chung's Food Co., Ltd.",도매,1973,,www.vegemil.co.kr
2019 상반기 대규모 수출상담회(BKF),aT센터 1층 제1전시장,2019,5,23,NH TRADING,"무역,주류수출,축산물수입판매,농수산물,오퍼상",1990,"7, Olympic-ro 48-gil, Gangdong-gu, Seoul, Republic of Korea",
2019 상반기 대규모 수출상담회(BKF),aT센터 1층 제1전시장,2019,5,23,SAMBUJACOMPANY,"조미김,신선농산물",2016,"79, Sangjanggonwit-rd, Seosu-myeon,Gunsan-city",www.sbjcompany.com
2019 상반기 대규모 수출상담회(BKF),aT센터 1층 제1전시장,2019,5,23,"Infotrading co., ltd.",무역(농수임축산),2012,"461-1, Geumpyeong-ro, Cheongan-myeon, Goesan-gun, Chungcheongbuk-do",
2019 상반기 대규모 수출상담회(BKF),aT센터 1층 제1전시장,2019,5,23,TEAZEN.Inc.,"다류, 식품, 무역",2001,"B-606 ACROTOWER 230 SIMIN-DAERO, DONGAN-GU, ANYANG-SI, GYEONGGI-DO, KOREA",www.teazen.co.kr
2019 상반기 대규모 수출상담회(BKF),aT센터 1층 제1전시장,2019,5,23,"Chaseo Connctome Co., Ltd.","서비스, 제조, 도소매, 음식점",2012,"14, Nambusunhwan-ro 378-gil, Gangnam-gu, Seoul",
2019 상반기 대규모 수출상담회(BKF),aT센터 1층 제1전시장,2019,5,23,GEONWON TRADE,"무역,식품, 유아식품",2016,"10, Gangnam-daero 51-gil, Seocho-gu, Seoul",
2019 상반기 대규모 수출상담회(BKF),aT센터 1층 제1전시장,2019,5,23,"LOTTE FOODS CO.,LTD.","유가공, 빙과, 식용유지, 육가공 등",1958,"19, Yangpyeong-ro 19-gil, Yeongdeungpo-gu, Seoul",www.lottefoods.co.kr
2019 상반기 대규모 수출상담회(BKF),aT센터 1층 제1전시장,2019,5,23,"Lotte Chilsung Beverage Co.,Ltd.","청량음료, 식품, 주류",1967,"269, Olympic-ro, Songpa-gu, Seoul",https://company.lottechilsung.co.kr/eng/main/index.do
2019 상반기 대규모 수출상담회(BKF),aT센터 1층 제1전시장,2019,5,23,Daywell Inc,기타잼류,2014,"64-34,Dangsangangbyun-ro,Muju-eup,Muju-gun,Jeollabuk-do,Korea",www.ramiefood.com
2019 상반기 대규모 수출상담회(BKF),aT센터 1층 제1전시장,2019,5,23,choco cyber,"무역, 도소매업,",1995,,www.chococyber.co.kr
2019 상반기 대규모 수출상담회(BKF),aT센터 1층 제1전시장,2019,5,23,SEMPIO FOODS COMPANY,식품,1946,2 CHUNGMURO JUNG GU SEOUL KOREA,www.sempio.com
2019 상반기 대규모 수출상담회(BKF),aT센터 1층 제1전시장,2019,5,23,"Top Fruit Co.,Ltd","수출입업,무역업",2013,"Eomgung Farmer's Market 3-3, 75 Nongsanmulsijang-ro 25Beon-Gil, Busan, Korea",N
2019 상반기 대규모 수출상담회(BKF),aT센터 1층 제1전시장,2019,5,23,"CFM Commerce Co., Ltd.","식품, 무역, 농산물",2017,"No.1505 623 Gaepo-ro Gangnam-gu, Seoul, Korea",www.cfmcommerce.net
2019 상반기 대규모 수출상담회(BKF),aT센터 1층 제1전시장,2019,5,23,"Seoul F&B Co.,Ltd","유가공, 식품가공",2005,"36, IT Valley gil, Gonggeun-myeon, Hoengseong-gun, Gangwon-do 25209, Republic of Korea",http://www.seoulfnb.com/
2019 상반기 대규모 수출상담회(BKF),aT센터 1층 제1전시장,2019,5,23,"SAEMI BIO CO.,LTD","무역, 유통, OEM 생산",2015,"ROOM 501, 5 TEHERAN-RO 29-GIL, GANGANAM-GU, SEOUL, KOREA",https://www.saemibio.com
2019 상반기 대규모 수출상담회(BKF),aT센터 1층 제1전시장,2019,5,23,WELLBIOTECH,건강식품,1999,"152,?Allim-ro,?Chungju-si,?Chungcheongbuk-do  Republic of korea",www.wellbiotech.co.kr
2019 상반기 대규모 수출상담회(BKF),aT센터 1층 제1전시장,2019,5,23,Mill Company,한식점업,2014,"5, Ttukseom-ro 1na-gil, Seongdong-gu, Seoul",www.millcompany.co.kr
2019 상반기 대규모 수출상담회(BKF),aT센터 1층 제1전시장,2019,5,23,Link Bridge International,무역 등,2016,"122, Saechang-ro, Yongsan-gu, Seoul",
2019 상반기 대규모 수출상담회(BKF),aT센터 1층 제1전시장,2019,5,23,Handok,"양약, 자양강장제",1958,"132 Teheran-ro, Gangnam-gu, Seoul, South Korea",www.handok.co.kr
2019 상반기 대규모 수출상담회(BKF),aT센터 1층 제1전시장,2019,5,23,iberry,건강기능식품,2011,"167, Songpa-daero, Songpa-gu, Seoul",www.iberry.kr
2019 상반기 대규모 수출상담회(BKF),aT센터 1층 제1전시장,2019,5,23,TAEBONG INC.,과실및채소절임식품 통신판매 농임산물냉장,1959,"22 SHINBANG 1GIL, SEONGHWAN-EUP, SEOBUK-GU, CHEONAN-SI, CHUNGNAM, 31002 SOUTH KOREA",www.taebongfresh.com
2019 상반기 대규모 수출상담회(BKF),aT센터 1층 제1전시장,2019,5,23,Nature Farm Corp,농산물유통판매,2010,"257-18, Haksantopyeong-gil, Hwayang-eup, Cheongdo-gun, Gyeongsangbuk-do, Korea",www.gamsarang.co.kr
2019 상반기 대규모 수출상담회(BKF),aT센터 1층 제1전시장,2019,5,23,SAMIK MARKETING,농산물,2007,"94, Sanginseo-ro, Dalseo-gu, Daegu",
2019 상반기 대규모 수출상담회(BKF),aT센터 1층 제1전시장,2019,5,23,"Milwon.co,.ltd","제조업. 도매업, 소매업",2005,"1563, Seodong-ro, Anheung-myeon, Hoengseong-gun, Gangwon-do, Republic of Korea",www.milwon.com
2019 상반기 대규모 수출상담회(BKF),aT센터 1층 제1전시장,2019,5,23,"Agricultral Corporation Cheongdo Wongam Co.,Ltd",제조업,2016,"574, Saemaeul-ro Cheongdo-eup, Cheongdo-gun, Gyeongsangbuk-do, Korea",www.wongam.co.kr
2019 상반기 대규모 수출상담회(BKF),aT센터 1층 제1전시장,2019,5,23,"Lotte Chilsung Beverage Co.,Ltd.","청량음료, 식품, 주류",1967,"269, Olympic-ro, Songpa-gu, Seoul",https://company.lottechilsung.co.kr/eng/main/index.do
2019 상반기 대규모 수출상담회(BKF),aT센터 1층 제1전시장,2019,5,23,"TAEKWAN CO.,LTD.",무역업,2002,"#401, Jungwoo bldg, 178, Injung-ro, Jung-gu, Incheon, Korea",www.taekwan.co.kr
2019 상반기 대규모 수출상담회(BKF),aT센터 1층 제1전시장,2019,5,23,OTTOGI CORPORATION,식품,1969,"405, Heungan-daero, Dongan-gu, Anyang-si, Gyeonggi-do, Republic of Korea",www.ottogi.co.kr
2019 상반기 대규모 수출상담회(BKF),aT센터 1층 제1전시장,2019,5,23,"WEDO CO., LTD.",식품수출유통,2006,"#204,206,207 , 932, Yangjae-daero,Songpa-gu,Seoul,Republic of Korea",www.wedofood.co.kr
2019 상반기 대규모 수출상담회(BKF),aT센터 1층 제1전시장,2019,5,23,"Renewallife Co.,Ltd","과자류, 다류",2004,"816-3, Jipyeong-ro, Jipyeong-myeon, Yangpyeong-gun, Gyeonggi-do, Republic of Korea [12544]",www.renewallife.com
2019 상반기 대규모 수출상담회(BKF),aT센터 1층 제1전시장,2019,5,23,GEONWON TRADE,"무역,식품, 유아식품",2016,"10, Gangnam-daero 51-gil, Seocho-gu, Seoul",
2019 상반기 대규모 수출상담회(BKF),aT센터 1층 제1전시장,2019,5,23,"WEDO CO., LTD.",식품수출유통,2006,"#204,206,207 , 932, Yangjae-daero,Songpa-gu,Seoul,Republic of Korea",www.wedofood.co.kr
2019 상반기 대규모 수출상담회(BKF),aT센터 1층 제1전시장,2019,5,23,"Lotte Chilsung Beverage Co.,Ltd.","청량음료, 식품, 주류",1967,"269, Olympic-ro, Songpa-gu, Seoul",https://company.lottechilsung.co.kr/eng/main/index.do
2019 상반기 대규모 수출상담회(BKF),aT센터 1층 제1전시장,2019,5,23,"TAE KYUNG NONG SAN CO., LTD.",식품 제조,1979,"112, Yeouidaebang-ro, Dongjak-gu, Seoul",www.itaekyung.com
2019 상반기 대규모 수출상담회(BKF),aT센터 1층 제1전시장,2019,5,23,"TAE KYUNG NONG SAN CO., LTD.",식품 제조,1979,"112, Yeouidaebang-ro, Dongjak-gu, Seoul",www.itaekyung.com
2019 상반기 대규모 수출상담회(BKF),aT센터 1층 제1전시장,2019,5,23,SAMYANG FOODS,"라면류, 국수류",1961,"104 OPAESAN-RO 3GIL SEOUNGBUK-GU, SEOUL",
2019 상반기 대규모 수출상담회(BKF),aT센터 1층 제1전시장,2019,5,23,NH TRADING,"무역,주류수출,축산물수입판매,농수산물,오퍼상",1990,"7, Olympic-ro 48-gil, Gangdong-gu, Seoul, Republic of Korea",
2019 상반기 대규모 수출상담회(BKF),aT센터 1층 제1전시장,2019,5,23,"TAE KYUNG NONG SAN CO., LTD.",식품 제조,1979,"112, Yeouidaebang-ro, Dongjak-gu, Seoul",www.itaekyung.com
2019 상반기 대규모 수출상담회(BKF),aT센터 1층 제1전시장,2019,5,23,choco cyber,"무역, 도소매업,",1995,,www.chococyber.co.kr
2019 상반기 대규모 수출상담회(BKF),aT센터 1층 제1전시장,2019,5,23,SAMYANG FOODS,"라면류, 국수류",1961,"104 OPAESAN-RO 3GIL SEOUNGBUK-GU, SEOUL",
2019 상반기 대규모 수출상담회(BKF),aT센터 1층 제1전시장,2019,5,23,choco cyber,"무역, 도소매업,",1995,,www.chococyber.co.kr
2019 상반기 대규모 수출상담회(BKF),aT센터 1층 제1전시장,2019,5,23,choco cyber,"무역, 도소매업,",1995,,www.chococyber.co.kr
2019 상반기 대규모 수출상담회(BKF),aT센터 1층 제1전시장,2019,5,23,L&L Corporation,"설탕, 음료, 식품",2011,"Rm. 408, East BLDG. Guangpyeong-ro, Gannam-gu, Seoul",www.lnlfood.com
2019 상반기 대규모 수출상담회(BKF),aT센터 1층 제1전시장,2019,5,23,Chang-Rak Farms,"무역업, 도매업, 창고업",1990,"857, Changnyeongjangma-ro, Changnyeong-eup, Gyeongsangmam-Do, Korea",www.changrakfarms.kr
2019 상반기 대규모 수출상담회(BKF),aT센터 1층 제1전시장,2019,5,23,SEMPIO FOODS COMPANY,식품,1946,2 CHUNGMURO JUNG GU SEOUL KOREA,www.sempio.com
2019 상반기 대규모 수출상담회(BKF),aT센터 1층 제1전시장,2019,5,23,"Lotte Chilsung Beverage Co.,Ltd.","청량음료, 식품, 주류",1967,"269, Olympic-ro, Songpa-gu, Seoul",https://company.lottechilsung.co.kr/eng/main/index.do
2019 상반기 대규모 수출상담회(BKF),aT센터 1층 제1전시장,2019,5,23,"SAEMI BIO CO.,LTD","무역, 유통, OEM 생산",2015,"ROOM 501, 5 TEHERAN-RO 29-GIL, GANGANAM-GU, SEOUL, KOREA",https://www.saemibio.com
2019 상반기 대규모 수출상담회(BKF),aT센터 1층 제1전시장,2019,5,23,SEMPIO FOODS COMPANY,식품,1946,2 CHUNGMURO JUNG GU SEOUL KOREA,www.sempio.com
2019 상반기 대규모 수출상담회(BKF),aT센터 1층 제1전시장,2019,5,23,SEMPIO FOODS COMPANY,식품,1946,2 CHUNGMURO JUNG GU SEOUL KOREA,www.sempio.com
2019 상반기 대규모 수출상담회(BKF),aT센터 1층 제1전시장,2019,5,23,Nature Farm Corp,농산물유통판매,2010,"257-18, Haksantopyeong-gil, Hwayang-eup, Cheongdo-gun, Gyeongsangbuk-do, Korea",www.gamsarang.co.kr
2019 상반기 대규모 수출상담회(BKF),aT센터 1층 제1전시장,2019,5,23,"Dairyzen Co.,Ltd.",제조업,1999,"170,Munmakgongdan-gil,Wonju-so,Gangwon-do",www.dairyzen.co.kr
2019 상반기 대규모 수출상담회(BKF),aT센터 1층 제1전시장,2019,5,23,HUMANWELL,식품제조가공,2000,"130,NOI-GIL, NONGONG-EUP, DALSEONG-GUN, DAEGU, KOREA",www.humanwell.co.kr
2019 상반기 대규모 수출상담회(BKF),aT센터 1층 제1전시장,2019,5,23,"Thebab co., Ltd.",조미료 및 식품첨가물,2012,"38428  #404 R&DB Center of Kyungil Univ. Hayang-eup, Kyeongsan city, Kyeongbuk, South Korea",thebab.kr
2019 상반기 대규모 수출상담회(BKF),aT센터 1층 제1전시장,2019,5,23,GEONWON TRADE,"무역,식품, 유아식품",2016,"10, Gangnam-daero 51-gil, Seocho-gu, Seoul",
2019 상반기 대규모 수출상담회(BKF),aT센터 1층 제1전시장,2019,5,23,"TAE KYUNG NONG SAN CO., LTD.",식품 제조,1979,"112, Yeouidaebang-ro, Dongjak-gu, Seoul",www.itaekyung.com
2019 상반기 대규모 수출상담회(BKF),aT센터 1층 제1전시장,2019,5,23,"CFM Commerce Co., Ltd.","식품, 무역, 농산물",2017,"No.1505 623 Gaepo-ro Gangnam-gu, Seoul, Korea",www.cfmcommerce.net
2019 상반기 대규모 수출상담회(BKF),aT센터 1층 제1전시장,2019,5,23,"NONGSHIM CO.,LTD.","라면류, 스낵류",1965,"112  YEODAEBANG-RO, DONGJAK-GU, SEOUL, KOREA",www.nongshim.com
2019 상반기 대규모 수출상담회(BKF),aT센터 1층 제1전시장,2019,5,23,"TAE KYUNG NONG SAN CO., LTD.",식품 제조,1979,"112, Yeouidaebang-ro, Dongjak-gu, Seoul",www.itaekyung.com
2019 상반기 대규모 수출상담회(BKF),aT센터 1층 제1전시장,2019,5,23,OTTOGI CORPORATION,식품,1969,"405, Heungan-daero, Dongan-gu, Anyang-si, Gyeonggi-do, Republic of Korea",www.ottogi.co.kr
2019 상반기 대규모 수출상담회(BKF),aT센터 1층 제1전시장,2019,5,23,NH TRADING,"무역,주류수출,축산물수입판매,농수산물,오퍼상",1990,"7, Olympic-ro 48-gil, Gangdong-gu, Seoul, Republic of Korea",
2019 상반기 대규모 수출상담회(BKF),aT센터 1층 제1전시장,2019,5,23,NH TRADING,"무역,주류수출,축산물수입판매,농수산물,오퍼상",1990,"7, Olympic-ro 48-gil, Gangdong-gu, Seoul, Republic of Korea",
2019 상반기 대규모 수출상담회(BKF),aT센터 1층 제1전시장,2019,5,23,"LOTTE FOODS CO.,LTD.","유가공, 빙과, 식용유지, 육가공 등",1958,"19, Yangpyeong-ro 19-gil, Yeongdeungpo-gu, Seoul",www.lottefoods.co.kr
2019 상반기 대규모 수출상담회(BKF),aT센터 1층 제1전시장,2019,5,23,"TAE KYUNG NONG SAN CO., LTD.",식품 제조,1979,"112, Yeouidaebang-ro, Dongjak-gu, Seoul",www.itaekyung.com
2019 상반기 대규모 수출상담회(BKF),aT센터 1층 제1전시장,2019,5,23,OTTOGI CORPORATION,식품,1969,"405, Heungan-daero, Dongan-gu, Anyang-si, Gyeonggi-do, Republic of Korea",www.ottogi.co.kr
2019 상반기 대규모 수출상담회(BKF),aT센터 1층 제1전시장,2019,5,23,Handok,"양약, 자양강장제",1958,"132 Teheran-ro, Gangnam-gu, Seoul, South Korea",www.handok.co.kr
2019 상반기 대규모 수출상담회(BKF),aT센터 1층 제1전시장,2019,5,23,sp-madeyoon,제조,2019,"#119, 190-6,hwangnyeong-daero319beonga-gil, nam-gu, busan, korea",coc.busan.kr
2019 상반기 대규모 수출상담회(BKF),aT센터 1층 제1전시장,2019,5,23,JINSUNG F.M,"식품 및 첨가물, 무역(식품 및 첨가물, 식품)",1994,"Chorok-Ro, Yanggam-myun, Hwasung Si Kyunggi-do Korea",www.jsfm.co.kr
2019 상반기 대규모 수출상담회(BKF),aT센터 1층 제1전시장,2019,5,23,"LOTTE FOODS CO.,LTD.","유가공, 빙과, 식용유지, 육가공 등",1958,"19, Yangpyeong-ro 19-gil, Yeongdeungpo-gu, Seoul",www.lottefoods.co.kr
2019 상반기 대규모 수출상담회(BKF),aT센터 1층 제1전시장,2019,5,23,WOOJIN CORPORATION,제조,2016,,www.woojinfoods.com
2019 상반기 대규모 수출상담회(BKF),aT센터 1층 제1전시장,2019,5,23,"KOPA,INC.",농산물 무역업,2012,"6F, JOOYEON bldg.,69, Wolpyeong-ro, Seo-gu, Daejeon, 35223, KOREA",www.kopap.co.kr
2019 상반기 대규모 수출상담회(BKF),aT센터 1층 제1전시장,2019,5,23,iberry,건강기능식품,2011,"167, Songpa-daero, Songpa-gu, Seoul",www.iberry.kr
2019 상반기 대규모 수출상담회(BKF),aT센터 1층 제1전시장,2019,5,23,"Lotte Chilsung Beverage Co.,Ltd.","청량음료, 식품, 주류",1967,"269, Olympic-ro, Songpa-gu, Seoul",https://company.lottechilsung.co.kr/eng/main/index.do
2019 상반기 대규모 수출상담회(BKF),aT센터 1층 제1전시장,2019,5,23,WOOJIN CORPORATION,제조,2016,,www.woojinfoods.com
2019 상반기 대규모 수출상담회(BKF),aT센터 1층 제1전시장,2019,5,23,"Jelzonfood co.,ltd.",무역,2007,"155-9, Duwol-gil, Chowol-eup, Gwangju-si, Gyeonggi-do, Republic of Korea",N
2019 상반기 대규모 수출상담회(BKF),aT센터 1층 제1전시장,2019,5,23,GEONWON TRADE,"무역,식품, 유아식품",2016,"10, Gangnam-daero 51-gil, Seocho-gu, Seoul",
2019 상반기 대규모 수출상담회(BKF),aT센터 1층 제1전시장,2019,5,23,HB CORPORATION,수출입업,2009,"259-2, Sinseon-ro, Nam-gu, Busan, Korea",www.foodtrade.co.kr
2019 상반기 대규모 수출상담회(BKF),aT센터 1층 제1전시장,2019,5,23,"Haetter Co, Ltd","홍삼제품,건강식품",2003,"Rm601,8cha Daeryung technotown,481-11,Gasan-dong,Geumcheon-gu,Seoul,Korea",http://haetter.en.ec21.com
2019 상반기 대규모 수출상담회(BKF),aT센터 1층 제1전시장,2019,5,23,"NONGSHIM CO.,LTD.","라면류, 스낵류",1965,"112  YEODAEBANG-RO, DONGJAK-GU, SEOUL, KOREA",www.nongshim.com
2019 상반기 대규모 수출상담회(BKF),aT센터 1층 제1전시장,2019,5,23,OTTOGI CORPORATION,식품,1969,"405, Heungan-daero, Dongan-gu, Anyang-si, Gyeonggi-do, Republic of Korea",www.ottogi.co.kr
2019 상반기 대규모 수출상담회(BKF),aT센터 1층 제1전시장,2019,5,23,"TAE KYUNG NONG SAN CO., LTD.",식품 제조,1979,"112, Yeouidaebang-ro, Dongjak-gu, Seoul",www.itaekyung.com
2019 상반기 대규모 수출상담회(BKF),aT센터 1층 제1전시장,2019,5,23,OTTOGI CORPORATION,식품,1969,"405, Heungan-daero, Dongan-gu, Anyang-si, Gyeonggi-do, Republic of Korea",www.ottogi.co.kr
2019 상반기 대규모 수출상담회(BKF),aT센터 1층 제1전시장,2019,5,23,"HANMIRAE FOOD CO., LTD","조미김, 식품, 무역",2013,"No.9-61, YEONGDONG-GIL, HAMCHANG-EUP, SANGJU CITY, GYEONGSANGBUK-DO, KOREA",http://hanmirae.kr
2019 상반기 대규모 수출상담회(BKF),aT센터 1층 제1전시장,2019,5,23,"[K17] HAPCHEON MEDICAL HERBS CO., LTD","제조업, 도, 소매업",1996,"16, Naegok-gil, Hapcheon-eup, Hapcheon-gun, Gyeongsangnam-do",www.sangrime.com
2019 상반기 대규모 수출상담회(BKF),aT센터 1층 제1전시장,2019,5,23,Willingness Inc.,무역,2018,,
2019 상반기 대규모 수출상담회(BKF),aT센터 1층 제1전시장,2019,5,23,"KCWOORIGIM CO.,LTD",조미김 등,2013,"147-40, KWANGCHEON-RO, KWANGCHEON-EP, HONGSEONG-GUN, CHOONGCHEONGNAM-DO,KOREA",www.kcwoori.com
2019 상반기 대규모 수출상담회(BKF),aT센터 1층 제1전시장,2019,5,23,"RESH CO.,LTD","전자상거래업,제조업",2014,"20, Bongeunsa-ro 51-gil, Gangnam-gu, Seoul, Republic of Korea",www.lookourtea.com
2019 상반기 대규모 수출상담회(BKF),aT센터 1층 제1전시장,2019,5,23,sudo-san winery,주류,2008,Gimcheon    Jeungsan-myeon     Geumgok-ri   3-gil 29,www.sdsmeru.com
2019 상반기 대규모 수출상담회(BKF),aT센터 1층 제1전시장,2019,5,23,"MONGGO FOODS CO., LTD.",장류 및 기타식품 등,1905,"18, Paryong-ro 371beon-gil, Uichang-gu, Changwon-si, Gyeongsangnam-do",www.monggofood.co.kr
2019 상반기 대규모 수출상담회(BKF),aT센터 1층 제1전시장,2019,5,23,"JJF CO.,LTD",수출입무역,2000,"222, Wolgak-ro, Hallim-eup, Jeju-si, Jeju-do, Korea",www.jjfkorea.co.kr
2019 상반기 대규모 수출상담회(BKF),aT센터 1층 제1전시장,2019,5,23,IKG KOREA CO.,무역,2011,"F718, CENTUMBIZ, 45, JOJEONG-DAERO, HANAM-SI, GYEONGGI-DO, KOREA",N
2019 상반기 대규모 수출상담회(BKF),aT센터 1층 제1전시장,2019,5,23,KOREABUGSBIO,식품제조업,2018,"815, Daewangpangyo-ro, Sujeong-gu, Seongnam-si, Gyeonggi-do",www.megapowerman.com
2019 상반기 대규모 수출상담회(BKF),aT센터 1층 제1전시장,2019,5,23,"DaeDoFood Co.,Ltd","과자류, 면류",2000,,Y
2019 상반기 대규모 수출상담회(BKF),aT센터 1층 제1전시장,2019,5,23,Georyu Agricultural Corporations,제조업,2009,"130-21, Eunwol 1-gil, Georyu-myeon, Goseong-gun, Gyeongsangnam-do, Republic of Korea",www.georyu.com
2019 상반기 대규모 수출상담회(BKF),aT센터 1층 제1전시장,2019,5,23,Taehwa Food Inc.,"장류 (된장, 고추장, 쌈장, 간장)",1945,"81, Sanmakgongdan-ro, Yangsan-si, Gyeongsangnam-do, Republic of Korea",www.taehwafood.com
2019 상반기 대규모 수출상담회(BKF),aT센터 1층 제1전시장,2019,5,23,Shinnong,"제조, 도소매",2019,,www. k-shinnong. or. kr
2019 상반기 대규모 수출상담회(BKF),aT센터 1층 제1전시장,2019,5,23,JAEWON GLOBAL NET,"가공식품 제조, 도매",2007,"87, Cheongbaengni-ro 697beon-gil, Baeksa-myeon, Icheon-si, Gyeonggi-do",www.goodandwell.co.kr
2019 상반기 대규모 수출상담회(BKF),aT센터 1층 제1전시장,2019,5,23,H&P INTERNATIONAL,도소매 무역,2011,,www.hnpinternational.com
2019 상반기 대규모 수출상담회(BKF),aT센터 1층 제1전시장,2019,5,23,"TRUE CORPORATION CO.,LTD.",상품종합 중개업,2018,"16-4, 16 beon-gil, Dongbaekjungang-ro, Giheung-gu, Yongin-si, Gyeonggi-do, Republic of Korea",https://success20162018.modoo.at/
2019 상반기 대규모 수출상담회(BKF),aT센터 1층 제1전시장,2019,5,23,TEAZEN.Inc.,"다류, 식품, 무역",2001,"B-606 ACROTOWER 230 SIMIN-DAERO, DONGAN-GU, ANYANG-SI, GYEONGGI-DO, KOREA",www.teazen.co.kr
2019 상반기 대규모 수출상담회(BKF),aT센터 1층 제1전시장,2019,5,23,Link Bridge International,무역 등,2016,"122, Saechang-ro, Yongsan-gu, Seoul",
2019 상반기 대규모 수출상담회(BKF),aT센터 1층 제1전시장,2019,5,23,BEOM A Trading Corporation,"과일,농산물무역",1999,"507,CentumT Tower,66 Centum Joongang-ro, Haeundae-gu, Busan,Korea",
2019 상반기 대규모 수출상담회(BKF),aT센터 1층 제1전시장,2019,5,23,"SIK Co., Ltd",식음료,2004,"436 Yanghwa-Ro,Neungseo-Myeon,Yeoju City,Gyeonggi,Korea",http://www.sikco.kr/
2019 상반기 대규모 수출상담회(BKF),aT센터 1층 제1전시장,2019,5,23,Taehwa Food Inc.,"장류 (된장, 고추장, 쌈장, 간장)",1945,"81, Sanmakgongdan-ro, Yangsan-si, Gyeongsangnam-do, Republic of Korea",www.taehwafood.com
2019 상반기 대규모 수출상담회(BKF),aT센터 1층 제1전시장,2019,5,23,CJ Freshway Corporation,기타음식료품외.과일및채소.축산물.냉동수산물.특정주,1988,"32, Gigok-ro, Giheung-gu, Yongin-si, Gyeonggi-do, Republic of Korea",www.cjfreshway.com
2019 상반기 대규모 수출상담회(BKF),aT센터 1층 제1전시장,2019,5,23,BEOM A Trading Corporation,"과일,농산물무역",1999,"507,CentumT Tower,66 Centum Joongang-ro, Haeundae-gu, Busan,Korea",
2019 상반기 대규모 수출상담회(BKF),aT센터 1층 제1전시장,2019,5,23,Link Bridge International,무역 등,2016,"122, Saechang-ro, Yongsan-gu, Seoul",
2019 상반기 대규모 수출상담회(BKF),aT센터 1층 제1전시장,2019,5,23,"SIK Co., Ltd",식음료,2004,"436 Yanghwa-Ro,Neungseo-Myeon,Yeoju City,Gyeonggi,Korea",http://www.sikco.kr/
2019 상반기 대규모 수출상담회(BKF),aT센터 1층 제1전시장,2019,5,23,The happyfood,"액상차,침출자,음료베이스",2014,221-14 songsanro koyangsi,thehappyfoodmall.com
2019 상반기 대규모 수출상담회(BKF),aT센터 1층 제1전시장,2019,5,23,"[K17] HAPCHEON MEDICAL HERBS CO., LTD","제조업, 도, 소매업",1996,"16, Naegok-gil, Hapcheon-eup, Hapcheon-gun, Gyeongsangnam-do",www.sangrime.com
2019 상반기 대규모 수출상담회(BKF),aT센터 1층 제1전시장,2019,5,23,"HANMIRAE FOOD CO., LTD","조미김, 식품, 무역",2013,"No.9-61, YEONGDONG-GIL, HAMCHANG-EUP, SANGJU CITY, GYEONGSANGBUK-DO, KOREA",http://hanmirae.kr
2019 상반기 대규모 수출상담회(BKF),aT센터 1층 제1전시장,2019,5,23,"Kwangdong Pharmaceutical Co.,Ltd",의약품/화장품/식품,1963,,www.ekdp.com
2019 상반기 대규모 수출상담회(BKF),aT센터 1층 제1전시장,2019,5,23,"TRUE CORPORATION CO.,LTD.",상품종합 중개업,2018,"16-4, 16 beon-gil, Dongbaekjungang-ro, Giheung-gu, Yongin-si, Gyeonggi-do, Republic of Korea",https://success20162018.modoo.at/
2019 상반기 대규모 수출상담회(BKF),aT센터 1층 제1전시장,2019,5,23,DUWON AGRICUTURAL COOPERATIVE,과실통조림및유사조제식품,1993,"2418 Goheung-ro, Duwon-myeon, Goheung-gun, Jeollanamdo",http:www.uja.co.kr
2019 상반기 대규모 수출상담회(BKF),aT센터 1층 제1전시장,2019,5,23,"HOSAN.CO.,LTD.",무역,1998,"7F Zena B/D, 14-14, Teheran-ro 78-gil, Gangnam-gu, Seoul, Korea",www.koreanproducts.net
2019 상반기 대규모 수출상담회(BKF),aT센터 1층 제1전시장,2019,5,23,"Nokchawon Co., Ltd.","무역, 다류식품",1992,"84, Seocho-daero 4-gil, Seocho-gu, Seoul",www.nokchawon.co.kr
2019 상반기 대규모 수출상담회(BKF),aT센터 1층 제1전시장,2019,5,23,H&P INTERNATIONAL,도소매 무역,2011,,www.hnpinternational.com
2019 상반기 대규모 수출상담회(BKF),aT센터 1층 제1전시장,2019,5,23,"mushm co., ltd.",과일및채소도매,2008,"33 JANGANOEI-GIL, PYEONGTACK-SI, GYEOUNGGI-DO, SOUTH KOREA",www.mushm.co.kr
2019 상반기 대규모 수출상담회(BKF),aT센터 1층 제1전시장,2019,5,23,"Good Morning365co.,LTD","간건강, 숙취해소",2016,"412, seokwangmir, 1ro 29-37 Supsokmaeul, pung-dong, IlsanDong-gu, Goyang-si, Gyeonggi-do, korea",www.gmn365.com(mall)
2019 상반기 대규모 수출상담회(BKF),aT센터 1층 제1전시장,2019,5,23,Hemang-Smart Farm,소매업(새싹삼),2017,"84, Eumnaejungang-gil, Gwangyang-eup, Gwangyang-si, Jeollanam-do",http://www.hemang.kr/
2019 상반기 대규모 수출상담회(BKF),aT센터 1층 제1전시장,2019,5,23,"Kwangdong Pharmaceutical Co.,Ltd",의약품/화장품/식품,1963,,www.ekdp.com
2019 상반기 대규모 수출상담회(BKF),aT센터 1층 제1전시장,2019,5,23,[K08] EVERGOOD CORPORATION,"무역(농산물),농산물",2009,,N
2019 상반기 대규모 수출상담회(BKF),aT센터 1층 제1전시장,2019,5,23,"HANSUNG FOOD CO ., LTD","제조, 도소매, 무역",1986,"9-10, Ojeong-ro 134 Beon-gil, Ojeong-gu, Bucheon-si, Gyeonggi-do, KOREA",www.hskimchi.co.kr
2019 상반기 대규모 수출상담회(BKF),aT센터 1층 제1전시장,2019,5,23,Link Bridge International,무역 등,2016,"122, Saechang-ro, Yongsan-gu, Seoul",
2019 상반기 대규모 수출상담회(BKF),aT센터 1층 제1전시장,2019,5,23,SS TRADING,농수산물 수출입대행,2016,"10, Wangbeodeul-ro 251beon-gil, Gwangsan-gu, Gwangju",
2019 상반기 대규모 수출상담회(BKF),aT센터 1층 제1전시장,2019,5,23,"HOSAN.CO.,LTD.",무역,1998,"7F Zena B/D, 14-14, Teheran-ro 78-gil, Gangnam-gu, Seoul, Korea",www.koreanproducts.net
2019 상반기 대규모 수출상담회(BKF),aT센터 1층 제1전시장,2019,5,23,L&L Corporation,"설탕, 음료, 식품",2011,"Rm. 408, East BLDG. Guangpyeong-ro, Gannam-gu, Seoul",www.lnlfood.com
2019 상반기 대규모 수출상담회(BKF),aT센터 1층 제1전시장,2019,5,23,HANVIT FOOD CORP.,"과자, 곡류가공품, 무역업",2008,"106, Naeyu-gil, Deogyang-gu, Goyang-si, Gyeonggi-do, Republic of Korea",WWW.THEBASSK.COM
2019 상반기 대규모 수출상담회(BKF),aT센터 1층 제1전시장,2019,5,23,"KOPA,INC.",농산물 무역업,2012,"6F, JOOYEON bldg.,69, Wolpyeong-ro, Seo-gu, Daejeon, 35223, KOREA",www.kopap.co.kr
2019 상반기 대규모 수출상담회(BKF),aT센터 1층 제1전시장,2019,5,23,"Seoul F&B Co.,Ltd","유가공, 식품가공",2005,"36, IT Valley gil, Gonggeun-myeon, Hoengseong-gun, Gangwon-do 25209, Republic of Korea",http://www.seoulfnb.com/
2019 상반기 대규모 수출상담회(BKF),aT센터 1층 제1전시장,2019,5,23,"[K13] GOOD MORNING KOREA CO., LTD","무역업,농산물유통,판매",2009,"604, Cheonho-daero, Gwangjin-gu, Seoul",gmkfresh.com
2019 상반기 대규모 수출상담회(BKF),aT센터 1층 제1전시장,2019,5,23,"BEBEFOOD KOREA CO.,LTD.",영유아식품,2009,"25, Sagimakgol-ro 105beon-gil, Jungwon-gu, Seongnam-si, Gyeonggi-do",www.bebefood.co.kr
2019 상반기 대규모 수출상담회(BKF),aT센터 1층 제1전시장,2019,5,23,"OURHOME CO., LTD.","집단급식, 경양식, 육가공, 쌀가공, 조미가공, HMR 제조업",2000,"382, Gangnam-daero, Gangnam-gu, Seoul",http://www.ourhome.co.kr
2019 상반기 대규모 수출상담회(BKF),aT센터 1층 제1전시장,2019,5,23,"KCWOORIGIM CO.,LTD",조미김 등,2013,"147-40, KWANGCHEON-RO, KWANGCHEON-EP, HONGSEONG-GUN, CHOONGCHEONGNAM-DO,KOREA",www.kcwoori.com
2019 상반기 대규모 수출상담회(BKF),aT센터 1층 제1전시장,2019,5,23,Nature Farm Corp,농산물유통판매,2010,"257-18, Haksantopyeong-gil, Hwayang-eup, Cheongdo-gun, Gyeongsangbuk-do, Korea",www.gamsarang.co.kr
2019 상반기 대규모 수출상담회(BKF),aT센터 1층 제1전시장,2019,5,23,"Milwon.co,.ltd","제조업. 도매업, 소매업",2005,"1563, Seodong-ro, Anheung-myeon, Hoengseong-gun, Gangwon-do, Republic of Korea",www.milwon.com
2019 상반기 대규모 수출상담회(BKF),aT센터 1층 제1전시장,2019,5,23,JAEWON GLOBAL NET,"가공식품 제조, 도매",2007,"87, Cheongbaengni-ro 697beon-gil, Baeksa-myeon, Icheon-si, Gyeonggi-do",www.goodandwell.co.kr
2019 상반기 대규모 수출상담회(BKF),aT센터 1층 제1전시장,2019,5,23,"Dairyzen Co.,Ltd.",제조업,1999,"170,Munmakgongdan-gil,Wonju-so,Gangwon-do",www.dairyzen.co.kr
2019 상반기 대규모 수출상담회(BKF),aT센터 1층 제1전시장,2019,5,23,ADDI GLOBAL Inc.,"제조, 무역",2016,"JST #908, 229, Seokjeong-ro, Michuhol-gu, Incheon",www.addiglobal.com
2019 상반기 대규모 수출상담회(BKF),aT센터 1층 제1전시장,2019,5,23,The happyfood,"액상차,침출자,음료베이스",2014,221-14 songsanro koyangsi,thehappyfoodmall.com
2019 상반기 대규모 수출상담회(BKF),aT센터 1층 제1전시장,2019,5,23,Link Bridge International,무역 등,2016,"122, Saechang-ro, Yongsan-gu, Seoul",
2019 상반기 대규모 수출상담회(BKF),aT센터 1층 제1전시장,2019,5,23,"FOODMASTERGROUP CO., LTD",식품,2017,"4F,    215-6, Yulgok-ro, Jongno-gu, Seoul, Republic of Korea",www.foodmastergroup.co.kr
2019 상반기 대규모 수출상담회(BKF),aT센터 1층 제1전시장,2019,5,23,mantrading,"제조,무역, 음료, 컨설팅",2012,"50, Gaepo-ro 110-gil, Gangnam-gu, Seoul",www.matrading.co.kr
2019 상반기 대규모 수출상담회(BKF),aT센터 1층 제1전시장,2019,5,23,H&P INTERNATIONAL,도소매 무역,2011,,www.hnpinternational.com
2019 상반기 대규모 수출상담회(BKF),aT센터 1층 제1전시장,2019,5,23,"HANMIRAE FOOD CO., LTD","조미김, 식품, 무역",2013,"No.9-61, YEONGDONG-GIL, HAMCHANG-EUP, SANGJU CITY, GYEONGSANGBUK-DO, KOREA",http://hanmirae.kr
2019 상반기 대규모 수출상담회(BKF),aT센터 1층 제1전시장,2019,5,23,"[K04] CHAMOTDEUL CO., LTD.",식품제조가공,2005,"238 Cheongseon-ro, Cheongseong-myeon, Okcheon-gun, Chungcheongbuk-do, Korea",www.otsam.com
2019 상반기 대규모 수출상담회(BKF),aT센터 1층 제1전시장,2019,5,23,"KCWOORIGIM CO.,LTD",조미김 등,2013,"147-40, KWANGCHEON-RO, KWANGCHEON-EP, HONGSEONG-GUN, CHOONGCHEONGNAM-DO,KOREA",www.kcwoori.com
2019 상반기 대규모 수출상담회(BKF),aT센터 1층 제1전시장,2019,5,23,farmer corporation happy mushroom,"농업,식품제조업",2017,gyeong-gido goyangsi ilsandong-gu myeogjeolgil 324-20,http://happymushroom.modoo.at
2019 상반기 대규모 수출상담회(BKF),aT센터 1층 제1전시장,2019,5,23,JINSUNG F.M,"식품 및 첨가물, 무역(식품 및 첨가물, 식품)",1994,"Chorok-Ro, Yanggam-myun, Hwasung Si Kyunggi-do Korea",www.jsfm.co.kr
2019 상반기 대규모 수출상담회(BKF),aT센터 1층 제1전시장,2019,5,23,sudo-san winery,주류,2008,Gimcheon    Jeungsan-myeon     Geumgok-ri   3-gil 29,www.sdsmeru.com
2019 상반기 대규모 수출상담회(BKF),aT센터 1층 제1전시장,2019,5,23,JAEWON GLOBAL NET,"가공식품 제조, 도매",2007,"87, Cheongbaengni-ro 697beon-gil, Baeksa-myeon, Icheon-si, Gyeonggi-do",www.goodandwell.co.kr
2019 상반기 대규모 수출상담회(BKF),aT센터 1층 제1전시장,2019,5,23,"CHUNHONCARE CO.,LTD","제조,도소매,소매,부동산",2010,"8th floor, 177, Beomil-ro, Busanjin-gu, Busan, Republic of Korea",http://www.chunhomall.com
2019 상반기 대규모 수출상담회(BKF),aT센터 1층 제1전시장,2019,5,23,greenstore,건강기능식품수입업,2011,"807 jeljontower 1, 16, Neuti-ro, Bundang-gu, Seongnam-si, Gyeonggi-do, Korea 13558",http://green-store.co.kr/xe/
2019 상반기 대규모 수출상담회(BKF),aT센터 1층 제1전시장,2019,5,23,"WELLNESS KOREA Co.,Ltd.","제조업, 도소매",2014,,www.wellnesskor.com
2019 상반기 대규모 수출상담회(BKF),aT센터 1층 제1전시장,2019,5,23,"Milwon.co,.ltd","제조업. 도매업, 소매업",2005,"1563, Seodong-ro, Anheung-myeon, Hoengseong-gun, Gangwon-do, Republic of Korea",www.milwon.com
2019 상반기 대규모 수출상담회(BKF),aT센터 1층 제1전시장,2019,5,23,farmer corporation happy mushroom,"농업,식품제조업",2017,gyeong-gido goyangsi ilsandong-gu myeogjeolgil 324-20,http://happymushroom.modoo.at
2019 상반기 대규모 수출상담회(BKF),aT센터 1층 제1전시장,2019,5,23,ADDI GLOBAL Inc.,"제조, 무역",2016,"JST #908, 229, Seokjeong-ro, Michuhol-gu, Incheon",www.addiglobal.com
2019 상반기 대규모 수출상담회(BKF),aT센터 1층 제1전시장,2019,5,23,"Agricultral Corporation Cheongdo Wongam Co.,Ltd",제조업,2016,"574, Saemaeul-ro Cheongdo-eup, Cheongdo-gun, Gyeongsangbuk-do, Korea",www.wongam.co.kr
2019 상반기 대규모 수출상담회(BKF),aT센터 1층 제1전시장,2019,5,23,I&S KOREA CO.LTD.,무역업,2013,"1250, Gyeongui-ro, Paju-si, Gyeonggi-do",
2019 상반기 대규모 수출상담회(BKF),aT센터 1층 제1전시장,2019,5,23,SAMIK MARKETING,농산물,2007,"94, Sanginseo-ro, Dalseo-gu, Daegu",
2019 상반기 대규모 수출상담회(BKF),aT센터 1층 제1전시장,2019,5,23,"Top Fruit Co.,Ltd","수출입업,무역업",2013,"Eomgung Farmer's Market 3-3, 75 Nongsanmulsijang-ro 25Beon-Gil, Busan, Korea",N
2019 상반기 대규모 수출상담회(BKF),aT센터 1층 제1전시장,2019,5,23,K-SAUCE,"쌀국수, 김치소스, 한식 소스류",2015,"499-46, Chungseo-ro, Gwangcheon-eup, Hongseong-gun, Chungcheongnam-do, South Korea",www.ksauce.kr
2019 상반기 대규모 수출상담회(BKF),aT센터 1층 제1전시장,2019,5,23,"JJF CO.,LTD",수출입무역,2000,"222, Wolgak-ro, Hallim-eup, Jeju-si, Jeju-do, Korea",www.jjfkorea.co.kr
2019 상반기 대규모 수출상담회(BKF),aT센터 1층 제1전시장,2019,5,23,"WELLNESS KOREA Co.,Ltd.","제조업, 도소매",2014,,www.wellnesskor.com
2019 상반기 대규모 수출상담회(BKF),aT센터 1층 제1전시장,2019,5,23,HANEULNONGSANYEONGNONGJOHAPBERPIN,"제조업,농업,도소매",2010,"41, Wontong-ro 74beon-gil, Buk-myeon, Inje-gun, Gangwon-do",www.hnfarm.kr
2019 상반기 대규모 수출상담회(BKF),aT센터 1층 제1전시장,2019,5,23,Dr.ASAHAN Corp.,제조업,2015,"49, Daewangpangyo-ro 644beon-gil, Bundang-gu,   Seongnam-si, Gyeonggi-do, Republic of Korea",www.asahan.kr
2019 상반기 대규모 수출상담회(BKF),aT센터 1층 제1전시장,2019,5,23,h-trading,무역,2016,"90, Sanggye-ro, Nowon-gu, Seoul",www.h-food.co.kr
2019 상반기 대규모 수출상담회(BKF),aT센터 1층 제1전시장,2019,5,23,"GREEN VIL CO., LTD.",무역,2009,"#701, Technosangeop-ro 40, Hyeonpoong-myeon, Dalseong-gun, Daegu, Korea",www.greenvil.co
2019 상반기 대규모 수출상담회(BKF),aT센터 1층 제1전시장,2019,5,23,"Han & Global Co., Ltd.",무역업,2016,,N
2019 상반기 대규모 수출상담회(BKF),aT센터 1층 제1전시장,2019,5,23,"Agriculture Corporation Greenfarmers Co., Ltd.",제조,2017,"2280, Dongbu-ro, Geumseong-Myeon, Uiseong-gun, Gyeongsangbuk-do, South Korea",N
2019 상반기 대규모 수출상담회(BKF),aT센터 1층 제1전시장,2019,5,23,Dr.ASAHAN Corp.,제조업,2015,"49, Daewangpangyo-ro 644beon-gil, Bundang-gu,   Seongnam-si, Gyeonggi-do, Republic of Korea",www.asahan.kr
2019 상반기 대규모 수출상담회(BKF),aT센터 1층 제1전시장,2019,5,23,"Renewallife Co.,Ltd","과자류, 다류",2004,"816-3, Jipyeong-ro, Jipyeong-myeon, Yangpyeong-gun, Gyeonggi-do, Republic of Korea [12544]",www.renewallife.com
2019 상반기 대규모 수출상담회(BKF),aT센터 1층 제1전시장,2019,5,23,h-trading,무역,2016,"90, Sanggye-ro, Nowon-gu, Seoul",www.h-food.co.kr
2019 상반기 대규모 수출상담회(BKF),aT센터 1층 제1전시장,2019,5,23,SAMBUJACOMPANY,"조미김,신선농산물",2016,"79, Sangjanggonwit-rd, Seosu-myeon,Gunsan-city",www.sbjcompany.com
2019 상반기 대규모 수출상담회(BKF),aT센터 1층 제1전시장,2019,5,23,"Top Fruit Co.,Ltd","수출입업,무역업",2013,"Eomgung Farmer's Market 3-3, 75 Nongsanmulsijang-ro 25Beon-Gil, Busan, Korea",N
2019 상반기 대규모 수출상담회(BKF),aT센터 1층 제1전시장,2019,5,23,Korean pears cooperative union,농업,2012,"218, Dusan-gil, Munsan-eup, Jinju-si, Gyeongsangnam-do",N
2019 상반기 대규모 수출상담회(BKF),aT센터 1층 제1전시장,2019,5,23,[K08] EVERGOOD CORPORATION,"무역(농산물),농산물",2009,,N
2019 상반기 대규모 수출상담회(BKF),aT센터 1층 제1전시장,2019,5,23,Gyeongseong Sittake Mushroom Farm,임산물생산,2007,#56 songgye3gil seongju-Gun Gyeongsangbuk-Do.Korea,mushkim.co.kr
2019 상반기 대규모 수출상담회(BKF),aT센터 1층 제1전시장,2019,5,23,PRIME HOUSE,"커피, 차 가공 / 커피 기자재 유통 / 기타 무역업 / 통신 판매업",2005,,http://www.cafeprime.co.kr/
2019 상반기 대규모 수출상담회(BKF),aT센터 1층 제1전시장,2019,5,23,"GREEN VIL CO., LTD.",무역,2009,"#701, Technosangeop-ro 40, Hyeonpoong-myeon, Dalseong-gun, Daegu, Korea",www.greenvil.co
2019 상반기 대규모 수출상담회(BKF),aT센터 1층 제1전시장,2019,5,23,farmer corporation happy mushroom,"농업,식품제조업",2017,gyeong-gido goyangsi ilsandong-gu myeogjeolgil 324-20,http://happymushroom.modoo.at
2019 상반기 대규모 수출상담회(BKF),aT센터 1층 제1전시장,2019,5,23,"HEE CHANG DAIRY AND FOOD CO., LTD","분유, 다류 제조업",1969,"114, SINGI-RO, GYEONGSANGNAM-DO, KOREA",www.heechang.com
2019 상반기 대규모 수출상담회(BKF),aT센터 1층 제1전시장,2019,5,23,h-trading,무역,2016,"90, Sanggye-ro, Nowon-gu, Seoul",www.h-food.co.kr
2019 상반기 대규모 수출상담회(BKF),aT센터 1층 제1전시장,2019,5,23,SAMIK MARKETING,농산물,2007,"94, Sanginseo-ro, Dalseo-gu, Daegu",
2019 상반기 대규모 수출상담회(BKF),aT센터 1층 제1전시장,2019,5,23,"Infotrading co., ltd.",무역(농수임축산),2012,"461-1, Geumpyeong-ro, Cheongan-myeon, Goesan-gun, Chungcheongbuk-do",
2019 상반기 대규모 수출상담회(BKF),aT센터 1층 제1전시장,2019,5,23,"Top Fruit Co.,Ltd","수출입업,무역업",2013,"Eomgung Farmer's Market 3-3, 75 Nongsanmulsijang-ro 25Beon-Gil, Busan, Korea",N
2019 상반기 대규모 수출상담회(BKF),aT센터 1층 제1전시장,2019,5,23,CJ Freshway Corporation,기타음식료품외.과일및채소.축산물.냉동수산물.특정주,1988,"32, Gigok-ro, Giheung-gu, Yongin-si, Gyeonggi-do, Republic of Korea",www.cjfreshway.com
2019 상반기 대규모 수출상담회(BKF),aT센터 1층 제1전시장,2019,5,23,"KKOH SHAEM FOOD CO,LTD","제조,도매",1997,"82,jugyeopsan-ro 35beon-gil,sohol-eup,pocheon-si,geonggi-do,korea",www.ksfs.co.kr
2019 상반기 대규모 수출상담회(BKF),aT센터 1층 제1전시장,2019,5,23,greenmax.co,"식품제조유통, 쌀국수,쌀과자,기능성국수,친환경농식품,기타",2009,"46, Gangha 1-ro, Gangha-myeon, Yangpyeong-gun, Gyeonggi-do",greenmax.kr
2019 상반기 대규모 수출상담회(BKF),aT센터 1층 제1전시장,2019,5,23,"Chaseo Connctome Co., Ltd.","서비스, 제조, 도소매, 음식점",2012,"14, Nambusunhwan-ro 378-gil, Gangnam-gu, Seoul",
2019 상반기 대규모 수출상담회(BKF),aT센터 1층 제1전시장,2019,5,23,HANVIT FOOD CORP.,"과자, 곡류가공품, 무역업",2008,"106, Naeyu-gil, Deogyang-gu, Goyang-si, Gyeonggi-do, Republic of Korea",WWW.THEBASSK.COM
2019 상반기 대규모 수출상담회(BKF),aT센터 1층 제1전시장,2019,5,23,"FOODMASTERGROUP CO., LTD",식품,2017,"4F,    215-6, Yulgok-ro, Jongno-gu, Seoul, Republic of Korea",www.foodmastergroup.co.kr
2019 상반기 대규모 수출상담회(BKF),aT센터 1층 제1전시장,2019,5,23,"Seoul F&B Co.,Ltd","유가공, 식품가공",2005,"36, IT Valley gil, Gonggeun-myeon, Hoengseong-gun, Gangwon-do 25209, Republic of Korea",http://www.seoulfnb.com/
2019 상반기 대규모 수출상담회(BKF),aT센터 1층 제1전시장,2019,5,23,"Han & Global Co., Ltd.",무역업,2016,,N
2019 상반기 대규모 수출상담회(BKF),aT센터 1층 제1전시장,2019,5,23,"SAVIA INT'L CO.,LTD.",수출/제조,2010,"W1417, hansinInterValley24, 322, Teheran-ro, Gangnam-gu, Seoul, Republic of Korea",www.saviaintl.com
2019 상반기 대규모 수출상담회(BKF),aT센터 1층 제1전시장,2019,5,23,"Han & Global Co., Ltd.",무역업,2016,,N
2019 상반기 대규모 수출상담회(BKF),aT센터 1층 제1전시장,2019,5,23,K-SAUCE,"쌀국수, 김치소스, 한식 소스류",2015,"499-46, Chungseo-ro, Gwangcheon-eup, Hongseong-gun, Chungcheongnam-do, South Korea",www.ksauce.kr
2019 상반기 대규모 수출상담회(BKF),aT센터 1층 제1전시장,2019,5,23,KOREABUGSBIO,식품제조업,2018,"815, Daewangpangyo-ro, Sujeong-gu, Seongnam-si, Gyeonggi-do",www.megapowerman.com
2019 상반기 대규모 수출상담회(BKF),aT센터 1층 제1전시장,2019,5,23,"Top Fruit Co.,Ltd","수출입업,무역업",2013,"Eomgung Farmer's Market 3-3, 75 Nongsanmulsijang-ro 25Beon-Gil, Busan, Korea",N
2019 상반기 대규모 수출상담회(BKF),aT센터 1층 제1전시장,2019,5,23,K-MUSH,"무역(버섯, 농산물)",2011,,N
2019 상반기 대규모 수출상담회(BKF),aT센터 1층 제1전시장,2019,5,23,"HEE CHANG DAIRY AND FOOD CO., LTD","분유, 다류 제조업",1969,"114, SINGI-RO, GYEONGSANGNAM-DO, KOREA",www.heechang.com
2019 상반기 대규모 수출상담회(BKF),aT센터 1층 제1전시장,2019,5,23,"Nokchawon Co., Ltd.","무역, 다류식품",1992,"84, Seocho-daero 4-gil, Seocho-gu, Seoul",www.nokchawon.co.kr
2019 상반기 대규모 수출상담회(BKF),aT센터 1층 제1전시장,2019,5,23,ORIENTAL F&B,무역,2011,"11, Beobwon-ro 11-gil, Songpa-gu, Seoul",www.orientalfnb.com
2019 상반기 대규모 수출상담회(BKF),aT센터 1층 제1전시장,2019,5,23,PRIME HOUSE,"커피, 차 가공 / 커피 기자재 유통 / 기타 무역업 / 통신 판매업",2005,,http://www.cafeprime.co.kr/
2019 상반기 대규모 수출상담회(BKF),aT센터 1층 제1전시장,2019,5,23,K-SAUCE,"쌀국수, 김치소스, 한식 소스류",2015,"499-46, Chungseo-ro, Gwangcheon-eup, Hongseong-gun, Chungcheongnam-do, South Korea",www.ksauce.kr
2019 상반기 대규모 수출상담회(BKF),aT센터 1층 제1전시장,2019,5,23,mom's Co.Ltd,제조업,2017,"706, City Office Tower, Yanghyunro-411, Jungwon-gu, Seongnam-si, Gyeonggi-do,  South Korea",www.momsfnb.co.kr
2019 상반기 대규모 수출상담회(BKF),aT센터 1층 제1전시장,2019,5,23,GIANT FARM,농업/제조업,2016,"36, Hwajeon-gil, Angang-eup, Gyeongju-si, Gyeongsangbuk-do",http://rag0312.modoo.at
2019 상반기 대규모 수출상담회(BKF),aT센터 1층 제1전시장,2019,5,23,"Haetter Co, Ltd","홍삼제품,건강식품",2003,"Rm601,8cha Daeryung technotown,481-11,Gasan-dong,Geumcheon-gu,Seoul,Korea",http://haetter.en.ec21.com
2019 상반기 대규모 수출상담회(BKF),aT센터 1층 제1전시장,2019,5,23,GIANT FARM,농업/제조업,2016,"36, Hwajeon-gil, Angang-eup, Gyeongju-si, Gyeongsangbuk-do",http://rag0312.modoo.at
2019 상반기 대규모 수출상담회(BKF),aT센터 1층 제1전시장,2019,5,23,"Korean Ginseng Research Co., Ltd.",인삼,1996,"3275 Gyeonggang-ro,Yongmun-Myeon,Yangpyeong-Gun,Gyeonggi-Do, Korea",www.samnako.com
2019 상반기 대규모 수출상담회(BKF),aT센터 1층 제1전시장,2019,5,23,"wellfarm co., ltd",식품,2002,"87 Geumil-ro, 546beon-gil, Geumwang-eup, Eumgseong Gun, Chungcheongbuk-do, South Korea",www.well-farm.co.kr
2019 상반기 대규모 수출상담회(BKF),aT센터 1층 제1전시장,2019,5,23,Shinnong,"제조, 도소매",2019,,www. k-shinnong. or. kr
2019 상반기 대규모 수출상담회(BKF),aT센터 1층 제1전시장,2019,5,23,"KUAN INDUSTRIAL CO.,LTD.","인삼, 커피",1992,"B1, 13, Bangbaeseonhaeng-gil, Seocho-gu, Seoul",www.zenlac.com
2019 상반기 대규모 수출상담회(BKF),aT센터 1층 제1전시장,2019,5,23,"Korean Ginseng Research Co., Ltd.",인삼,1996,"3275 Gyeonggang-ro,Yongmun-Myeon,Yangpyeong-Gun,Gyeonggi-Do, Korea",www.samnako.com
2019 상반기 대규모 수출상담회(BKF),aT센터 1층 제1전시장,2019,5,23,"Good Morning365co.,LTD","간건강, 숙취해소",2016,"412, seokwangmir, 1ro 29-37 Supsokmaeul, pung-dong, IlsanDong-gu, Goyang-si, Gyeonggi-do, korea",www.gmn365.com(mall)
2019 상반기 대규모 수출상담회(BKF),aT센터 1층 제1전시장,2019,5,23,iberry,건강기능식품,2011,"167, Songpa-daero, Songpa-gu, Seoul",www.iberry.kr
2019 상반기 대규모 수출상담회(BKF),aT센터 1층 제1전시장,2019,5,23,HANEULNONGSANYEONGNONGJOHAPBERPIN,"제조업,농업,도소매",2010,"41, Wontong-ro 74beon-gil, Buk-myeon, Inje-gun, Gangwon-do",www.hnfarm.kr
2019 상반기 대규모 수출상담회(BKF),aT센터 1층 제1전시장,2019,5,23,K-SAUCE,"쌀국수, 김치소스, 한식 소스류",2015,"499-46, Chungseo-ro, Gwangcheon-eup, Hongseong-gun, Chungcheongnam-do, South Korea",www.ksauce.kr
2019 상반기 대규모 수출상담회(BKF),aT센터 1층 제1전시장,2019,5,23,"Jelzonfood co.,ltd.",무역,2007,"155-9, Duwol-gil, Chowol-eup, Gwangju-si, Gyeonggi-do, Republic of Korea",N
2019 상반기 대규모 수출상담회(BKF),aT센터 1층 제1전시장,2019,5,23,"DANURIM Co., Ltd.",제조,2014,"28-2, Ojeong-ro , 9beon-gil, Daedeok-gu, Daejeon, Korea",www.danurim.com
2019 상반기 대규모 수출상담회(BKF),aT센터 1층 제1전시장,2019,5,23,Hosung Logos Inc.,"건강기능식품, 기타가공식품",2013,"30, Jandari-ro, Mapo-gu, Seoul",
2019 상반기 대규모 수출상담회(BKF),aT센터 1층 제1전시장,2019,5,23,"mushm co., ltd.",과일및채소도매,2008,"33 JANGANOEI-GIL, PYEONGTACK-SI, GYEOUNGGI-DO, SOUTH KOREA",www.mushm.co.kr
2019 상반기 대규모 수출상담회(BKF),aT센터 1층 제1전시장,2019,5,23,"[K17] HAPCHEON MEDICAL HERBS CO., LTD","제조업, 도, 소매업",1996,"16, Naegok-gil, Hapcheon-eup, Hapcheon-gun, Gyeongsangnam-do",www.sangrime.com
2019 상반기 대규모 수출상담회(BKF),aT센터 1층 제1전시장,2019,5,23,K-MUSH,"무역(버섯, 농산물)",2011,,N
2019 상반기 대규모 수출상담회(BKF),aT센터 1층 제1전시장,2019,5,23,"FOODMASTERGROUP CO., LTD",식품,2017,"4F,    215-6, Yulgok-ro, Jongno-gu, Seoul, Republic of Korea",www.foodmastergroup.co.kr
2019 상반기 대규모 수출상담회(BKF),aT센터 1층 제1전시장,2019,5,23,I&S KOREA CO.LTD.,무역업,2013,"1250, Gyeongui-ro, Paju-si, Gyeonggi-do",
2019 상반기 대규모 수출상담회(BKF),aT센터 1층 제1전시장,2019,5,23,greenmax.co,"식품제조유통, 쌀국수,쌀과자,기능성국수,친환경농식품,기타",2009,"46, Gangha 1-ro, Gangha-myeon, Yangpyeong-gun, Gyeonggi-do",greenmax.kr
2019 상반기 대규모 수출상담회(BKF),aT센터 1층 제1전시장,2019,5,23,SS TRADING,농수산물 수출입대행,2016,"10, Wangbeodeul-ro 251beon-gil, Gwangsan-gu, Gwangju",
2019 상반기 대규모 수출상담회(BKF),aT센터 1층 제1전시장,2019,5,23,Gyeongseong Sittake Mushroom Farm,임산물생산,2007,#56 songgye3gil seongju-Gun Gyeongsangbuk-Do.Korea,mushkim.co.kr
2019 상반기 대규모 수출상담회(BKF),aT센터 1층 제1전시장,2019,5,23,HUMANWELL,식품제조가공,2000,"130,NOI-GIL, NONGONG-EUP, DALSEONG-GUN, DAEGU, KOREA",www.humanwell.co.kr
2019 상반기 대규모 수출상담회(BKF),aT센터 1층 제1전시장,2019,5,23,Hemang-Smart Farm,소매업(새싹삼),2017,"84, Eumnaejungang-gil, Gwangyang-eup, Gwangyang-si, Jeollanam-do",http://www.hemang.kr/
2019 상반기 대규모 수출상담회(BKF),aT센터 1층 제1전시장,2019,5,23,"Agricultral Corporation Cheongdo Wongam Co.,Ltd",제조업,2016,"574, Saemaeul-ro Cheongdo-eup, Cheongdo-gun, Gyeongsangbuk-do, Korea",www.wongam.co.kr
2019 상반기 대규모 수출상담회(BKF),aT센터 1층 제1전시장,2019,5,23,Hemang-Smart Farm,소매업(새싹삼),2017,"84, Eumnaejungang-gil, Gwangyang-eup, Gwangyang-si, Jeollanam-do",http://www.hemang.kr/
2019 상반기 대규모 수출상담회(BKF),aT센터 1층 제1전시장,2019,5,23,PRIME HOUSE,"커피, 차 가공 / 커피 기자재 유통 / 기타 무역업 / 통신 판매업",2005,,http://www.cafeprime.co.kr/
2019 상반기 대규모 수출상담회(BKF),aT센터 1층 제1전시장,2019,5,23,haenaroo fermented food,"발효음료, 효소",1996,"15 Seryu-gil, Ugang-myeon, Dangdin-si, Chungnam-do, korea",hcb-silk.net
2019 상반기 대규모 수출상담회(BKF),aT센터 1층 제1전시장,2019,5,23,"Chaseo Connctome Co., Ltd.","서비스, 제조, 도소매, 음식점",2012,"14, Nambusunhwan-ro 378-gil, Gangnam-gu, Seoul",
2019 상반기 대규모 수출상담회(BKF),aT센터 1층 제1전시장,2019,5,23,[K08] EVERGOOD CORPORATION,"무역(농산물),농산물",2009,,N
2019 상반기 대규모 수출상담회(BKF),aT센터 1층 제1전시장,2019,5,23,"Dairyzen Co.,Ltd.",제조업,1999,"170,Munmakgongdan-gil,Wonju-so,Gangwon-do",www.dairyzen.co.kr
2019 상반기 대규모 수출상담회(BKF),aT센터 1층 제1전시장,2019,5,23,World International,종합상품도매업,2019,"17, Techno 4-ro, Yuseong-gu, Daejeon",
2019 상반기 대규모 수출상담회(BKF),aT센터 1층 제1전시장,2019,5,23,Gyeongseong Sittake Mushroom Farm,임산물생산,2007,#56 songgye3gil seongju-Gun Gyeongsangbuk-Do.Korea,mushkim.co.kr
2019 상반기 대규모 수출상담회(BKF),aT센터 1층 제1전시장,2019,5,23,"mushm co., ltd.",과일및채소도매,2008,"33 JANGANOEI-GIL, PYEONGTACK-SI, GYEOUNGGI-DO, SOUTH KOREA",www.mushm.co.kr
2019 상반기 대규모 수출상담회(BKF),aT센터 1층 제1전시장,2019,5,23,K-MUSH,"무역(버섯, 농산물)",2011,,N
2019 상반기 대규모 수출상담회(BKF),aT센터 1층 제1전시장,2019,5,23,"mushm co., ltd.",과일및채소도매,2008,"33 JANGANOEI-GIL, PYEONGTACK-SI, GYEOUNGGI-DO, SOUTH KOREA",www.mushm.co.kr
2019 상반기 대규모 수출상담회(BKF),aT센터 1층 제1전시장,2019,5,23,"RESH CO.,LTD","전자상거래업,제조업",2014,"20, Bongeunsa-ro 51-gil, Gangnam-gu, Seoul, Republic of Korea",www.lookourtea.com
2019 상반기 대규모 수출상담회(BKF),aT센터 1층 제1전시장,2019,5,23,"[K13] GOOD MORNING KOREA CO., LTD","무역업,농산물유통,판매",2009,"604, Cheonho-daero, Gwangjin-gu, Seoul",gmkfresh.com
2019 상반기 대규모 수출상담회(BKF),aT센터 1층 제1전시장,2019,5,23,"Agricultral Corporation Cheongdo Wongam Co.,Ltd",제조업,2016,"574, Saemaeul-ro Cheongdo-eup, Cheongdo-gun, Gyeongsangbuk-do, Korea",www.wongam.co.kr
2019 상반기 대규모 수출상담회(BKF),aT센터 1층 제1전시장,2019,5,23,BEOM A Trading Corporation,"과일,농산물무역",1999,"507,CentumT Tower,66 Centum Joongang-ro, Haeundae-gu, Busan,Korea",
2019 상반기 대규모 수출상담회(BKF),aT센터 1층 제1전시장,2019,5,23,"mushm co., ltd.",과일및채소도매,2008,"33 JANGANOEI-GIL, PYEONGTACK-SI, GYEOUNGGI-DO, SOUTH KOREA",www.mushm.co.kr
2019 상반기 대규모 수출상담회(BKF),aT센터 1층 제1전시장,2019,5,23,Handok,"양약, 자양강장제",1958,"132 Teheran-ro, Gangnam-gu, Seoul, South Korea",www.handok.co.kr
2019 상반기 대규모 수출상담회(BKF),aT센터 1층 제1전시장,2019,5,23,L&L Corporation,"설탕, 음료, 식품",2011,"Rm. 408, East BLDG. Guangpyeong-ro, Gannam-gu, Seoul",www.lnlfood.com
2019 상반기 대규모 수출상담회(BKF),aT센터 1층 제1전시장,2019,5,23,"Biorhythm Co., LTD",식품제조및 가공,2008,"686-4, Yangcheon-ri, Ochang-eup, Cheongwon-gun, Chungbuk, S. Korea : Chungbuk Technopark Bio Center",www.biorhythm.kr
2019 상반기 대규모 수출상담회(BKF),aT센터 1층 제1전시장,2019,5,23,"KKOH SHAEM FOOD CO,LTD","제조,도매",1997,"82,jugyeopsan-ro 35beon-gil,sohol-eup,pocheon-si,geonggi-do,korea",www.ksfs.co.kr
2019 상반기 대규모 수출상담회(BKF),aT센터 1층 제1전시장,2019,5,23,"DANURIM Co., Ltd.",제조,2014,"28-2, Ojeong-ro , 9beon-gil, Daedeok-gu, Daejeon, Korea",www.danurim.com
2019 상반기 대규모 수출상담회(BKF),aT센터 1층 제1전시장,2019,5,23,"CFM Commerce Co., Ltd.","식품, 무역, 농산물",2017,"No.1505 623 Gaepo-ro Gangnam-gu, Seoul, Korea",www.cfmcommerce.net
2019 상반기 대규모 수출상담회(BKF),aT센터 1층 제1전시장,2019,5,23,JINSUNG F.M,"식품 및 첨가물, 무역(식품 및 첨가물, 식품)",1994,"Chorok-Ro, Yanggam-myun, Hwasung Si Kyunggi-do Korea",www.jsfm.co.kr
2019 상반기 대규모 수출상담회(BKF),aT센터 1층 제1전시장,2019,5,23,"wellfarm co., ltd",식품,2002,"87 Geumil-ro, 546beon-gil, Geumwang-eup, Eumgseong Gun, Chungcheongbuk-do, South Korea",www.well-farm.co.kr
2019 상반기 대규모 수출상담회(BKF),aT센터 1층 제1전시장,2019,5,23,Korean pears cooperative union,농업,2012,"218, Dusan-gil, Munsan-eup, Jinju-si, Gyeongsangnam-do",N
2019 상반기 대규모 수출상담회(BKF),aT센터 1층 제1전시장,2019,5,23,"KKOH SHAEM FOOD CO,LTD","제조,도매",1997,"82,jugyeopsan-ro 35beon-gil,sohol-eup,pocheon-si,geonggi-do,korea",www.ksfs.co.kr
2019 상반기 대규모 수출상담회(BKF),aT센터 1층 제1전시장,2019,5,23,"Biorhythm Co., LTD",식품제조및 가공,2008,"686-4, Yangcheon-ri, Ochang-eup, Cheongwon-gun, Chungbuk, S. Korea : Chungbuk Technopark Bio Center",www.biorhythm.kr
2019 상반기 대규모 수출상담회(BKF),aT센터 1층 제1전시장,2019,5,23,Cheonjihyunhwang.co.ltd.,"흑삼,홍삼",2012,1514 keumsan-ro keumsan-eup keumsan-gun chungnam.Korea,www.kbgrg3.com/ china.kbgrg3.com
2019 상반기 대규모 수출상담회(BKF),aT센터 1층 제1전시장,2019,5,23,IKG KOREA CO.,무역,2011,"F718, CENTUMBIZ, 45, JOJEONG-DAERO, HANAM-SI, GYEONGGI-DO, KOREA",N
2019 상반기 대규모 수출상담회(BKF),aT센터 1층 제1전시장,2019,5,23,HANVIT FOOD CORP.,"과자, 곡류가공품, 무역업",2008,"106, Naeyu-gil, Deogyang-gu, Goyang-si, Gyeonggi-do, Republic of Korea",WWW.THEBASSK.COM
2019 상반기 대규모 수출상담회(BKF),aT센터 1층 제1전시장,2019,5,23,HB CORPORATION,수출입업,2009,"259-2, Sinseon-ro, Nam-gu, Busan, Korea",www.foodtrade.co.kr
2019 상반기 대규모 수출상담회(BKF),aT센터 1층 제1전시장,2019,5,23,TEAZEN.Inc.,"다류, 식품, 무역",2001,"B-606 ACROTOWER 230 SIMIN-DAERO, DONGAN-GU, ANYANG-SI, GYEONGGI-DO, KOREA",www.teazen.co.kr
2019 상반기 대규모 수출상담회(BKF),aT센터 1층 제1전시장,2019,5,23,"HOSAN.CO.,LTD.",무역,1998,"7F Zena B/D, 14-14, Teheran-ro 78-gil, Gangnam-gu, Seoul, Korea",www.koreanproducts.net
2019 상반기 대규모 수출상담회(BKF),aT센터 1층 제1전시장,2019,5,23,CJ Freshway Corporation,기타음식료품외.과일및채소.축산물.냉동수산물.특정주,1988,"32, Gigok-ro, Giheung-gu, Yongin-si, Gyeonggi-do, Republic of Korea",www.cjfreshway.com
2019 상반기 대규모 수출상담회(BKF),aT센터 1층 제1전시장,2019,5,23,K-MUSH,"무역(버섯, 농산물)",2011,,N
2019 상반기 대규모 수출상담회(BKF),aT센터 1층 제1전시장,2019,5,23,"DaeDoFood Co.,Ltd","과자류, 면류",2000,,Y
2019 상반기 대규모 수출상담회(BKF),aT센터 1층 제1전시장,2019,5,23,HANEULNONGSANYEONGNONGJOHAPBERPIN,"제조업,농업,도소매",2010,"41, Wontong-ro 74beon-gil, Buk-myeon, Inje-gun, Gangwon-do",www.hnfarm.kr
2019 상반기 대규모 수출상담회(BKF),aT센터 1층 제1전시장,2019,5,23,"TRUE CORPORATION CO.,LTD.",상품종합 중개업,2018,"16-4, 16 beon-gil, Dongbaekjungang-ro, Giheung-gu, Yongin-si, Gyeonggi-do, Republic of Korea",https://success20162018.modoo.at/
2019 상반기 대규모 수출상담회(BKF),aT센터 1층 제1전시장,2019,5,23,Dr.ASAHAN Corp.,제조업,2015,"49, Daewangpangyo-ro 644beon-gil, Bundang-gu,   Seongnam-si, Gyeonggi-do, Republic of Korea",www.asahan.kr
2019 상반기 대규모 수출상담회(BKF),aT센터 1층 제1전시장,2019,5,23,"HANSUNG FOOD CO ., LTD","제조, 도소매, 무역",1986,"9-10, Ojeong-ro 134 Beon-gil, Ojeong-gu, Bucheon-si, Gyeonggi-do, KOREA",www.hskimchi.co.kr
2019 상반기 대규모 수출상담회(BKF),aT센터 1층 제1전시장,2019,5,23,"Chaseo Connctome Co., Ltd.","서비스, 제조, 도소매, 음식점",2012,"14, Nambusunhwan-ro 378-gil, Gangnam-gu, Seoul",
2019 상반기 대규모 수출상담회(BKF),aT센터 1층 제1전시장,2019,5,23,GIANT FARM,농업/제조업,2016,"36, Hwajeon-gil, Angang-eup, Gyeongju-si, Gyeongsangbuk-do",http://rag0312.modoo.at
2019 상반기 대규모 수출상담회(BKF),aT센터 1층 제1전시장,2019,5,23,Dr.ASAHAN Corp.,제조업,2015,"49, Daewangpangyo-ro 644beon-gil, Bundang-gu,   Seongnam-si, Gyeonggi-do, Republic of Korea",www.asahan.kr
2019 상반기 대규모 수출상담회(BKF),aT센터 1층 제1전시장,2019,5,23,"HOSAN.CO.,LTD.",무역,1998,"7F Zena B/D, 14-14, Teheran-ro 78-gil, Gangnam-gu, Seoul, Korea",www.koreanproducts.net
2019 상반기 대규모 수출상담회(BKF),aT센터 1층 제1전시장,2019,5,23,"Youn Sun Ae Cactut co.,Ltd",식품제조가공,2015,"1795-2, Donghae-daero, Heunghae-eup, Buk-gu, Pohang-si, Gyeongsangbuk-do, Republic of Korea","www,100nc.com"
2019 상반기 대규모 수출상담회(BKF),aT센터 1층 제1전시장,2019,5,23,Nongbu Corp.,농산물유통 작물재배업,2009,"1197-9, Sanoe-ro, Gui-myeon, Wanju-gun, Jeonbuk, Korea",www.dangjo.co.kr
2019 상반기 대규모 수출상담회(BKF),aT센터 1층 제1전시장,2019,5,23,"Dr. Chung's Food Co., Ltd.",도매,1973,,www.vegemil.co.kr
2019 상반기 대규모 수출상담회(BKF),aT센터 1층 제1전시장,2019,5,23,DONGWON HOME FOOD,조미식품,1993,"13F, MABANG-RO, SEOCHO-GU, SEOUL, KOREA (06775)",http://www.dwhf.co.kr/eng/
2019 상반기 대규모 수출상담회(BKF),aT센터 1층 제1전시장,2019,5,23,"OURHOME CO., LTD.","집단급식, 경양식, 육가공, 쌀가공, 조미가공, HMR 제조업",2000,"382, Gangnam-daero, Gangnam-gu, Seoul",http://www.ourhome.co.kr
2019 상반기 대규모 수출상담회(BKF),aT센터 1층 제1전시장,2019,5,23,"Biorhythm Co., LTD",식품제조및 가공,2008,"686-4, Yangcheon-ri, Ochang-eup, Cheongwon-gun, Chungbuk, S. Korea : Chungbuk Technopark Bio Center",www.biorhythm.kr
2019 상반기 대규모 수출상담회(BKF),aT센터 1층 제1전시장,2019,5,23,"jekiss co., Ltd",초콜릿,2006,"205 YUSUAMPYEONGHWA-GIL, AEWOL-EUP, JEJU CITY, JEJU SPECIAL SELF GOVERNING, PROVINCE, KOREA",www.jekiss.com
2019 상반기 대규모 수출상담회(BKF),aT센터 1층 제1전시장,2019,5,23,Georyu Agricultural Corporations,제조업,2009,"130-21, Eunwol 1-gil, Georyu-myeon, Goseong-gun, Gyeongsangnam-do, Republic of Korea",www.georyu.com
2019 상반기 대규모 수출상담회(BKF),aT센터 1층 제1전시장,2019,5,23,farmer corporation happy mushroom,"농업,식품제조업",2017,gyeong-gido goyangsi ilsandong-gu myeogjeolgil 324-20,http://happymushroom.modoo.at
2019 상반기 대규모 수출상담회(BKF),aT센터 1층 제1전시장,2019,5,23,"Dajung Co., Ltd.",인삼류,1996,"371, JANGSU-RO, IWOL-MYEON, JINCHEON-GUN, CHUNGBUK, 27819 REPUBLIC OF KOREA",www.kgs.ne.kr
2019 상반기 대규모 수출상담회(BKF),aT센터 1층 제1전시장,2019,5,23,Georyu Agricultural Corporations,제조업,2009,"130-21, Eunwol 1-gil, Georyu-myeon, Goseong-gun, Gyeongsangnam-do, Republic of Korea",www.georyu.com
2019 상반기 대규모 수출상담회(BKF),aT센터 1층 제1전시장,2019,5,23,"RESH CO.,LTD","전자상거래업,제조업",2014,"20, Bongeunsa-ro 51-gil, Gangnam-gu, Seoul, Republic of Korea",www.lookourtea.com
2019 상반기 대규모 수출상담회(BKF),aT센터 1층 제1전시장,2019,5,23,[K08] EVERGOOD CORPORATION,"무역(농산물),농산물",2009,,N
2019 상반기 대규모 수출상담회(BKF),aT센터 1층 제1전시장,2019,5,23,Wellbeing Farm Co.,음료 등 농산물,2013,"27, Donggal-gil, Ayeong-myeon, Namwon-si, Jeollabuk-do",www.jirisanproduce.com
2019 상반기 대규모 수출상담회(BKF),aT센터 1층 제1전시장,2019,5,23,Marineseed Korea,수출업체,2015,"27, Bucheon-ro 136beon-gil, Bucheon-si, Gyeonggi-do",www.marineseed.com
2019 상반기 대규모 수출상담회(BKF),aT센터 1층 제1전시장,2019,5,23,Hankook Tea Co.,차류,1951,,www.hankooktea.co.kr
2019 상반기 대규모 수출상담회(BKF),aT센터 1층 제1전시장,2019,5,23,greenmax.co,"식품제조유통, 쌀국수,쌀과자,기능성국수,친환경농식품,기타",2009,"46, Gangha 1-ro, Gangha-myeon, Yangpyeong-gun, Gyeonggi-do",greenmax.kr
2019 상반기 대규모 수출상담회(BKF),aT센터 1층 제1전시장,2019,5,23,PNM INTERNATIONAL CO,무역,2011,"#909, Gyeongchun-ro 229, Guri-si, Gyeonggi-do, Korea",
2019 상반기 대규모 수출상담회(BKF),aT센터 1층 제1전시장,2019,5,23,HB CORPORATION,수출입업,2009,"259-2, Sinseon-ro, Nam-gu, Busan, Korea",www.foodtrade.co.kr
2019 상반기 대규모 수출상담회(BKF),aT센터 1층 제1전시장,2019,5,23,"SAVIA INT'L CO.,LTD.",수출/제조,2010,"W1417, hansinInterValley24, 322, Teheran-ro, Gangnam-gu, Seoul, Republic of Korea",www.saviaintl.com
2019 상반기 대규모 수출상담회(BKF),aT센터 1층 제1전시장,2019,5,23,IKG KOREA CO.,무역,2011,"F718, CENTUMBIZ, 45, JOJEONG-DAERO, HANAM-SI, GYEONGGI-DO, KOREA",N
2019 상반기 대규모 수출상담회(BKF),aT센터 1층 제1전시장,2019,5,23,"Kwangdong Pharmaceutical Co.,Ltd",의약품/화장품/식품,1963,,www.ekdp.com
2019 상반기 대규모 수출상담회(BKF),aT센터 1층 제1전시장,2019,5,23,"Renewallife Co.,Ltd","과자류, 다류",2004,"816-3, Jipyeong-ro, Jipyeong-myeon, Yangpyeong-gun, Gyeonggi-do, Republic of Korea [12544]",www.renewallife.com
2019 상반기 대규모 수출상담회(BKF),aT센터 1층 제1전시장,2019,5,23,sudo-san winery,주류,2008,Gimcheon    Jeungsan-myeon     Geumgok-ri   3-gil 29,www.sdsmeru.com
2019 상반기 대규모 수출상담회(BKF),aT센터 1층 제1전시장,2019,5,23,Georyu Agricultural Corporations,제조업,2009,"130-21, Eunwol 1-gil, Georyu-myeon, Goseong-gun, Gyeongsangnam-do, Republic of Korea",www.georyu.com
2019 상반기 대규모 수출상담회(BKF),aT센터 1층 제1전시장,2019,5,23,I&S KOREA CO.LTD.,무역업,2013,"1250, Gyeongui-ro, Paju-si, Gyeonggi-do",
2019 상반기 대규모 수출상담회(BKF),aT센터 1층 제1전시장,2019,5,23,greenmax.co,"식품제조유통, 쌀국수,쌀과자,기능성국수,친환경농식품,기타",2009,"46, Gangha 1-ro, Gangha-myeon, Yangpyeong-gun, Gyeonggi-do",greenmax.kr
2019 상반기 대규모 수출상담회(BKF),aT센터 1층 제1전시장,2019,5,23,haenaroo fermented food,"발효음료, 효소",1996,"15 Seryu-gil, Ugang-myeon, Dangdin-si, Chungnam-do, korea",hcb-silk.net
2019 상반기 대규모 수출상담회(BKF),aT센터 1층 제1전시장,2019,5,23,"Thebab co., Ltd.",조미료 및 식품첨가물,2012,"38428  #404 R&DB Center of Kyungil Univ. Hayang-eup, Kyeongsan city, Kyeongbuk, South Korea",thebab.kr
2019 상반기 대규모 수출상담회(BKF),aT센터 1층 제1전시장,2019,5,23,DONGWON HOME FOOD,조미식품,1993,"13F, MABANG-RO, SEOCHO-GU, SEOUL, KOREA (06775)",http://www.dwhf.co.kr/eng/
2019 상반기 대규모 수출상담회(BKF),aT센터 1층 제1전시장,2019,5,23,PNM INTERNATIONAL CO,무역,2011,"#909, Gyeongchun-ro 229, Guri-si, Gyeonggi-do, Korea",
2019 상반기 대규모 수출상담회(BKF),aT센터 1층 제1전시장,2019,5,23,"Dr. Chung's Food Co., Ltd.",도매,1973,,www.vegemil.co.kr
2019 상반기 대규모 수출상담회(BKF),aT센터 1층 제1전시장,2019,5,23,"Chaseo Connctome Co., Ltd.","서비스, 제조, 도소매, 음식점",2012,"14, Nambusunhwan-ro 378-gil, Gangnam-gu, Seoul",
2019 상반기 대규모 수출상담회(BKF),aT센터 1층 제1전시장,2019,5,23,ORIENTAL F&B,무역,2011,"11, Beobwon-ro 11-gil, Songpa-gu, Seoul",www.orientalfnb.com
2019 상반기 대규모 수출상담회(BKF),aT센터 1층 제1전시장,2019,5,23,IKG KOREA CO.,무역,2011,"F718, CENTUMBIZ, 45, JOJEONG-DAERO, HANAM-SI, GYEONGGI-DO, KOREA",N
2019 상반기 대규모 수출상담회(BKF),aT센터 1층 제1전시장,2019,5,23,cpmmunity Business jangguri,재조업,2016,"jangguri,82,myeongjae-ro287beon-gil,Noseong-myeon,Nonsan-si,Chungcheomgnam-do,Korea",cofilia.net
2019 상반기 대규모 수출상담회(BKF),aT센터 1층 제1전시장,2019,5,23,"KCWOORIGIM CO.,LTD",조미김 등,2013,"147-40, KWANGCHEON-RO, KWANGCHEON-EP, HONGSEONG-GUN, CHOONGCHEONGNAM-DO,KOREA",www.kcwoori.com
2019 상반기 대규모 수출상담회(BKF),aT센터 1층 제1전시장,2019,5,23,"JJF CO.,LTD",수출입무역,2000,"222, Wolgak-ro, Hallim-eup, Jeju-si, Jeju-do, Korea",www.jjfkorea.co.kr
2019 상반기 대규모 수출상담회(BKF),aT센터 1층 제1전시장,2019,5,23,Chang-Rak Farms,"무역업, 도매업, 창고업",1990,"857, Changnyeongjangma-ro, Changnyeong-eup, Gyeongsangmam-Do, Korea",www.changrakfarms.kr
2019 상반기 대규모 수출상담회(BKF),aT센터 1층 제1전시장,2019,5,23,"BIOKOREA CO, LTD","생물산업관련사업, 무역, 연구개발",2000,"Taewon Bldg. 2F., 8, Baekjegobun-ro 39gil, Songpa-gu, Seoul, 05616, Korea",www.healthkhan.com
2019 상반기 대규모 수출상담회(BKF),aT센터 1층 제1전시장,2019,5,23,CHOROKARIUL,"식품가공 제조업/참기름,들기름,생들기름",2004,"39,Deungyonggil,Haseo-myeon,Buan-gun,Jeollabuk-do,korea",www.chorokariul.com
2019 상반기 대규모 수출상담회(BKF),aT센터 1층 제1전시장,2019,5,23,sp-madeyoon,제조,2019,"#119, 190-6,hwangnyeong-daero319beonga-gil, nam-gu, busan, korea",coc.busan.kr
2019 상반기 대규모 수출상담회(BKF),aT센터 1층 제1전시장,2019,5,23,Marineseed Korea,수출업체,2015,"27, Bucheon-ro 136beon-gil, Bucheon-si, Gyeonggi-do",www.marineseed.com
2019 상반기 대규모 수출상담회(BKF),aT센터 1층 제1전시장,2019,5,23,Hankook Tea Co.,차류,1951,,www.hankooktea.co.kr
2019 상반기 대규모 수출상담회(BKF),aT센터 1층 제1전시장,2019,5,23,I&S KOREA CO.LTD.,무역업,2013,"1250, Gyeongui-ro, Paju-si, Gyeonggi-do",
2019 상반기 대규모 수출상담회(BKF),aT센터 1층 제1전시장,2019,5,23,Chang-Rak Farms,"무역업, 도매업, 창고업",1990,"857, Changnyeongjangma-ro, Changnyeong-eup, Gyeongsangmam-Do, Korea",www.changrakfarms.kr
2019 상반기 대규모 수출상담회(BKF),aT센터 1층 제1전시장,2019,5,23,"[K17] HAPCHEON MEDICAL HERBS CO., LTD","제조업, 도, 소매업",1996,"16, Naegok-gil, Hapcheon-eup, Hapcheon-gun, Gyeongsangnam-do",www.sangrime.com
2019 상반기 대규모 수출상담회(BKF),aT센터 1층 제1전시장,2019,5,23,JINSUNG F.M,"식품 및 첨가물, 무역(식품 및 첨가물, 식품)",1994,"Chorok-Ro, Yanggam-myun, Hwasung Si Kyunggi-do Korea",www.jsfm.co.kr
2019 상반기 대규모 수출상담회(BKF),aT센터 1층 제1전시장,2019,5,23,Taehwa Food Inc.,"장류 (된장, 고추장, 쌈장, 간장)",1945,"81, Sanmakgongdan-ro, Yangsan-si, Gyeongsangnam-do, Republic of Korea",www.taehwafood.com
2019 상반기 대규모 수출상담회(BKF),aT센터 1층 제1전시장,2019,5,23,"TRUE CORPORATION CO.,LTD.",상품종합 중개업,2018,"16-4, 16 beon-gil, Dongbaekjungang-ro, Giheung-gu, Yongin-si, Gyeonggi-do, Republic of Korea",https://success20162018.modoo.at/
2019 상반기 대규모 수출상담회(BKF),aT센터 1층 제1전시장,2019,5,23,"HOSAN.CO.,LTD.",무역,1998,"7F Zena B/D, 14-14, Teheran-ro 78-gil, Gangnam-gu, Seoul, Korea",www.koreanproducts.net
2019 상반기 대규모 수출상담회(BKF),aT센터 1층 제1전시장,2019,5,23,Joy Natural Co.,"식료품제조업, 농산물판매",2007,"208, 3702 Namboo-ro, Samseung-myeon, Boeun, Choongbook-do, South Korea",www.enjoygarlic.com
2019 상반기 대규모 수출상담회(BKF),aT센터 1층 제1전시장,2019,5,23,CJ Freshway Corporation,기타음식료품외.과일및채소.축산물.냉동수산물.특정주,1988,"32, Gigok-ro, Giheung-gu, Yongin-si, Gyeonggi-do, Republic of Korea",www.cjfreshway.com
2019 상반기 대규모 수출상담회(BKF),aT센터 1층 제1전시장,2019,5,23,Marineseed Korea,수출업체,2015,"27, Bucheon-ro 136beon-gil, Bucheon-si, Gyeonggi-do",www.marineseed.com
2019 상반기 대규모 수출상담회(BKF),aT센터 1층 제1전시장,2019,5,23,"[K13] GOOD MORNING KOREA CO., LTD","무역업,농산물유통,판매",2009,"604, Cheonho-daero, Gwangjin-gu, Seoul",gmkfresh.com
2019 상반기 대규모 수출상담회(BKF),aT센터 1층 제1전시장,2019,5,23,Nature Farm Corp,농산물유통판매,2010,"257-18, Haksantopyeong-gil, Hwayang-eup, Cheongdo-gun, Gyeongsangbuk-do, Korea",www.gamsarang.co.kr
2019 상반기 대규모 수출상담회(BKF),aT센터 1층 제1전시장,2019,5,23,HB CORPORATION,수출입업,2009,"259-2, Sinseon-ro, Nam-gu, Busan, Korea",www.foodtrade.co.kr
2019 상반기 대규모 수출상담회(BKF),aT센터 1층 제1전시장,2019,5,23,TEAZEN.Inc.,"다류, 식품, 무역",2001,"B-606 ACROTOWER 230 SIMIN-DAERO, DONGAN-GU, ANYANG-SI, GYEONGGI-DO, KOREA",www.teazen.co.kr
2019 상반기 대규모 수출상담회(BKF),aT센터 1층 제1전시장,2019,5,23,"Infotrading co., ltd.",무역(농수임축산),2012,"461-1, Geumpyeong-ro, Cheongan-myeon, Goesan-gun, Chungcheongbuk-do",
2019 상반기 대규모 수출상담회(BKF),aT센터 1층 제1전시장,2019,5,23,h-trading,무역,2016,"90, Sanggye-ro, Nowon-gu, Seoul",www.h-food.co.kr
2019 상반기 대규모 수출상담회(BKF),aT센터 1층 제1전시장,2019,5,23,"SIK Co., Ltd",식음료,2004,"436 Yanghwa-Ro,Neungseo-Myeon,Yeoju City,Gyeonggi,Korea",http://www.sikco.kr/
2019 상반기 대규모 수출상담회(BKF),aT센터 1층 제1전시장,2019,5,23,The happyfood,"액상차,침출자,음료베이스",2014,221-14 songsanro koyangsi,thehappyfoodmall.com
2019 상반기 대규모 수출상담회(BKF),aT센터 1층 제1전시장,2019,5,23,DONGWON HOME FOOD,조미식품,1993,"13F, MABANG-RO, SEOCHO-GU, SEOUL, KOREA (06775)",http://www.dwhf.co.kr/eng/
2019 상반기 대규모 수출상담회(BKF),aT센터 1층 제1전시장,2019,5,23,SS TRADING,농수산물 수출입대행,2016,"10, Wangbeodeul-ro 251beon-gil, Gwangsan-gu, Gwangju",
2019 상반기 대규모 수출상담회(BKF),aT센터 1층 제1전시장,2019,5,23,"[K04] CHAMOTDEUL CO., LTD.",식품제조가공,2005,"238 Cheongseon-ro, Cheongseong-myeon, Okcheon-gun, Chungcheongbuk-do, Korea",www.otsam.com
2019 상반기 대규모 수출상담회(BKF),aT센터 1층 제1전시장,2019,5,23,"EyN Agricultural Co., Ltd.",기타식품가공,2015,"19-57, Donghampyeongsandan-gil, Daedong-myeon, Hampyeong-gun, Jeollanam-do",www.eyn-ailv.com
2019 상반기 대규모 수출상담회(BKF),aT센터 1층 제1전시장,2019,5,23,"EyN Agricultural Co., Ltd.",기타식품가공,2015,"19-57, Donghampyeongsandan-gil, Daedong-myeon, Hampyeong-gun, Jeollanam-do",www.eyn-ailv.com
2019 상반기 대규모 수출상담회(BKF),aT센터 1층 제1전시장,2019,5,23,DONGWON HOME FOOD,조미식품,1993,"13F, MABANG-RO, SEOCHO-GU, SEOUL, KOREA (06775)",http://www.dwhf.co.kr/eng/
2019 상반기 대규모 수출상담회(BKF),aT센터 1층 제1전시장,2019,5,23,"Kwangdong Pharmaceutical Co.,Ltd",의약품/화장품/식품,1963,,www.ekdp.com
2019 상반기 대규모 수출상담회(BKF),aT센터 1층 제1전시장,2019,5,23,"Good Morning365co.,LTD","간건강, 숙취해소",2016,"412, seokwangmir, 1ro 29-37 Supsokmaeul, pung-dong, IlsanDong-gu, Goyang-si, Gyeonggi-do, korea",www.gmn365.com(mall)
2019 상반기 대규모 수출상담회(BKF),aT센터 1층 제1전시장,2019,5,23,"Dr. Chung's Food Co., Ltd.",도매,1973,,www.vegemil.co.kr
2019 상반기 대규모 수출상담회(BKF),aT센터 1층 제1전시장,2019,5,23,HB CORPORATION,수출입업,2009,"259-2, Sinseon-ro, Nam-gu, Busan, Korea",www.foodtrade.co.kr
2019 상반기 대규모 수출상담회(BKF),aT센터 1층 제1전시장,2019,5,23,Dr.ASAHAN Corp.,제조업,2015,"49, Daewangpangyo-ro 644beon-gil, Bundang-gu,   Seongnam-si, Gyeonggi-do, Republic of Korea",www.asahan.kr
2019 상반기 대규모 수출상담회(BKF),aT센터 1층 제1전시장,2019,5,23,[K08] EVERGOOD CORPORATION,"무역(농산물),농산물",2009,,N
2019 상반기 대규모 수출상담회(BKF),aT센터 1층 제1전시장,2019,5,23,"Jelzonfood co.,ltd.",무역,2007,"155-9, Duwol-gil, Chowol-eup, Gwangju-si, Gyeonggi-do, Republic of Korea",N
2019 상반기 대규모 수출상담회(BKF),aT센터 1층 제1전시장,2019,5,23,"Nokchawon Co., Ltd.","무역, 다류식품",1992,"84, Seocho-daero 4-gil, Seocho-gu, Seoul",www.nokchawon.co.kr
2019 상반기 대규모 수출상담회(BKF),aT센터 1층 제1전시장,2019,5,23,Yurim korea red ginseng,"인삼제품, 홍삼제품",2004,,www.yurimkorea.com
2019 상반기 대규모 수출상담회(BKF),aT센터 1층 제1전시장,2019,5,23,"KOREA NATURAL FOOD CO.,LTD","제조업, 무역업",1987,,www.dooraeone.com
2019 상반기 대규모 수출상담회(BKF),aT센터 1층 제1전시장,2019,5,23,"HEE CHANG DAIRY AND FOOD CO., LTD","분유, 다류 제조업",1969,"114, SINGI-RO, GYEONGSANGNAM-DO, KOREA",www.heechang.com
2019 상반기 대규모 수출상담회(BKF),aT센터 1층 제1전시장,2019,5,23,"FOODMASTERGROUP CO., LTD",식품,2017,"4F,    215-6, Yulgok-ro, Jongno-gu, Seoul, Republic of Korea",www.foodmastergroup.co.kr
2019 상반기 대규모 수출상담회(BKF),aT센터 1층 제1전시장,2019,5,23,WELLBIOTECH,건강식품,1999,"152,?Allim-ro,?Chungju-si,?Chungcheongbuk-do  Republic of korea",www.wellbiotech.co.kr
2019 상반기 대규모 수출상담회(BKF),aT센터 1층 제1전시장,2019,5,23,sudo-san winery,주류,2008,Gimcheon    Jeungsan-myeon     Geumgok-ri   3-gil 29,www.sdsmeru.com
2019 상반기 대규모 수출상담회(BKF),aT센터 1층 제1전시장,2019,5,23,"jekiss co., Ltd",초콜릿,2006,"205 YUSUAMPYEONGHWA-GIL, AEWOL-EUP, JEJU CITY, JEJU SPECIAL SELF GOVERNING, PROVINCE, KOREA",www.jekiss.com
2019 상반기 대규모 수출상담회(BKF),aT센터 1층 제1전시장,2019,5,23,h-trading,무역,2016,"90, Sanggye-ro, Nowon-gu, Seoul",www.h-food.co.kr
2019 상반기 대규모 수출상담회(BKF),aT센터 1층 제1전시장,2019,5,23,"EyN Agricultural Co., Ltd.",기타식품가공,2015,"19-57, Donghampyeongsandan-gil, Daedong-myeon, Hampyeong-gun, Jeollanam-do",www.eyn-ailv.com
2019 상반기 대규모 수출상담회(BKF),aT센터 1층 제1전시장,2019,5,23,"Thebab co., Ltd.",조미료 및 식품첨가물,2012,"38428  #404 R&DB Center of Kyungil Univ. Hayang-eup, Kyeongsan city, Kyeongbuk, South Korea",thebab.kr
2019 상반기 대규모 수출상담회(BKF),aT센터 1층 제1전시장,2019,5,23,"DaeDoFood Co.,Ltd","과자류, 면류",2000,,Y
2019 상반기 대규모 수출상담회(BKF),aT센터 1층 제1전시장,2019,5,23,"BIOKOREA CO, LTD","생물산업관련사업, 무역, 연구개발",2000,"Taewon Bldg. 2F., 8, Baekjegobun-ro 39gil, Songpa-gu, Seoul, 05616, Korea",www.healthkhan.com
2019 상반기 대규모 수출상담회(BKF),aT센터 1층 제1전시장,2019,5,23,World International,종합상품도매업,2019,"17, Techno 4-ro, Yuseong-gu, Daejeon",
2019 상반기 대규모 수출상담회(BKF),aT센터 1층 제1전시장,2019,5,23,TEAZEN.Inc.,"다류, 식품, 무역",2001,"B-606 ACROTOWER 230 SIMIN-DAERO, DONGAN-GU, ANYANG-SI, GYEONGGI-DO, KOREA",www.teazen.co.kr
2019 상반기 대규모 수출상담회(BKF),aT센터 1층 제1전시장,2019,5,23,mantrading,"제조,무역, 음료, 컨설팅",2012,"50, Gaepo-ro 110-gil, Gangnam-gu, Seoul",www.matrading.co.kr
2019 상반기 대규모 수출상담회(BKF),aT센터 1층 제1전시장,2019,5,23,"ALP-KS TRADING CO.,","수출업, 농학연구개발업(종묘학)",1991,"#1514-ACEHIGHTECH21, UDONG, HAEUNDAE-GU, BUSAN",www.alpks.com
2019 상반기 대규모 수출상담회(BKF),aT센터 1층 제1전시장,2019,5,23,TAEBONG INC.,과실및채소절임식품 통신판매 농임산물냉장,1959,"22 SHINBANG 1GIL, SEONGHWAN-EUP, SEOBUK-GU, CHEONAN-SI, CHUNGNAM, 31002 SOUTH KOREA",www.taebongfresh.com
2019 상반기 대규모 수출상담회(BKF),aT센터 1층 제1전시장,2019,5,23,Mill Company,한식점업,2014,"5, Ttukseom-ro 1na-gil, Seongdong-gu, Seoul",www.millcompany.co.kr
2019 상반기 대규모 수출상담회(BKF),aT센터 1층 제1전시장,2019,5,23,"Han & Global Co., Ltd.",무역업,2016,,N
2019 상반기 대규모 수출상담회(BKF),aT센터 1층 제1전시장,2019,5,23,lotuskorea,식용유지,2016,"7-10, Maean 2-gil, Gaya-myeon, Hapcheon-gun, Gyeongsangnam-do, Republic of Korea",iloveoil.co.kr
2019 상반기 대규모 수출상담회(BKF),aT센터 1층 제1전시장,2019,5,23,mantrading,"제조,무역, 음료, 컨설팅",2012,"50, Gaepo-ro 110-gil, Gangnam-gu, Seoul",www.matrading.co.kr
2019 상반기 대규모 수출상담회(BKF),aT센터 1층 제1전시장,2019,5,23,"Haetter Co, Ltd","홍삼제품,건강식품",2003,"Rm601,8cha Daeryung technotown,481-11,Gasan-dong,Geumcheon-gu,Seoul,Korea",http://haetter.en.ec21.com
2019 상반기 대규모 수출상담회(BKF),aT센터 1층 제1전시장,2019,5,23,Hemang-Smart Farm,소매업(새싹삼),2017,"84, Eumnaejungang-gil, Gwangyang-eup, Gwangyang-si, Jeollanam-do",http://www.hemang.kr/
2019 상반기 대규모 수출상담회(BKF),aT센터 1층 제1전시장,2019,5,23,da yak  jeong,"농산물,제조업",2014,"106-4, Howol 4-gil, Uljin-eup, Uljin-gun, Gyeongsangbuk-do",www.uljinwasong.co.kr
2019 상반기 대규모 수출상담회(BKF),aT센터 1층 제1전시장,2019,5,23,iberry,건강기능식품,2011,"167, Songpa-daero, Songpa-gu, Seoul",www.iberry.kr
2019 상반기 대규모 수출상담회(BKF),aT센터 1층 제1전시장,2019,5,23,Link Bridge International,무역 등,2016,"122, Saechang-ro, Yongsan-gu, Seoul",
2019 상반기 대규모 수출상담회(BKF),aT센터 1층 제1전시장,2019,5,23,"OURHOME CO., LTD.","집단급식, 경양식, 육가공, 쌀가공, 조미가공, HMR 제조업",2000,"382, Gangnam-daero, Gangnam-gu, Seoul",http://www.ourhome.co.kr
2019 상반기 대규모 수출상담회(BKF),aT센터 1층 제1전시장,2019,5,23,himchanmaru,제조업,2016,"15, Honamcheol-ro, Sintaein-eup, Jeongeup-si, Jeollabuk-do",https://powermaru.modoo.at/
2019 상반기 대규모 수출상담회(BKF),aT센터 1층 제1전시장,2019,5,23,da yak  jeong,"농산물,제조업",2014,"106-4, Howol 4-gil, Uljin-eup, Uljin-gun, Gyeongsangbuk-do",www.uljinwasong.co.kr
2019 상반기 대규모 수출상담회(BKF),aT센터 1층 제1전시장,2019,5,23,"[K04] CHAMOTDEUL CO., LTD.",식품제조가공,2005,"238 Cheongseon-ro, Cheongseong-myeon, Okcheon-gun, Chungcheongbuk-do, Korea",www.otsam.com
2019 상반기 대규모 수출상담회(BKF),aT센터 1층 제1전시장,2019,5,23,"BIOKOREA CO, LTD","생물산업관련사업, 무역, 연구개발",2000,"Taewon Bldg. 2F., 8, Baekjegobun-ro 39gil, Songpa-gu, Seoul, 05616, Korea",www.healthkhan.com
2019 상반기 대규모 수출상담회(BKF),aT센터 1층 제1전시장,2019,5,23,himchanmaru,제조업,2016,"15, Honamcheol-ro, Sintaein-eup, Jeongeup-si, Jeollabuk-do",https://powermaru.modoo.at/
2019 상반기 대규모 수출상담회(BKF),aT센터 1층 제1전시장,2019,5,23,sp-madeyoon,제조,2019,"#119, 190-6,hwangnyeong-daero319beonga-gil, nam-gu, busan, korea",coc.busan.kr
2019 상반기 대규모 수출상담회(BKF),aT센터 1층 제1전시장,2019,5,23,"Dr. Chung's Food Co., Ltd.",도매,1973,,www.vegemil.co.kr
2019 상반기 대규모 수출상담회(BKF),aT센터 1층 제1전시장,2019,5,23,DONGWON HOME FOOD,조미식품,1993,"13F, MABANG-RO, SEOCHO-GU, SEOUL, KOREA (06775)",http://www.dwhf.co.kr/eng/
2019 상반기 대규모 수출상담회(BKF),aT센터 1층 제1전시장,2019,5,23,[K08] EVERGOOD CORPORATION,"무역(농산물),농산물",2009,,N
2019 상반기 대규모 수출상담회(BKF),aT센터 1층 제1전시장,2019,5,23,"NONGSHIM CO.,LTD.","라면류, 스낵류",1965,"112  YEODAEBANG-RO, DONGJAK-GU, SEOUL, KOREA",www.nongshim.com
2019 상반기 대규모 수출상담회(BKF),aT센터 1층 제1전시장,2019,5,23,ADDI GLOBAL Inc.,"제조, 무역",2016,"JST #908, 229, Seokjeong-ro, Michuhol-gu, Incheon",www.addiglobal.com
2019 상반기 대규모 수출상담회(BKF),aT센터 1층 제1전시장,2019,5,23,WELLBIOTECH,건강식품,1999,"152,?Allim-ro,?Chungju-si,?Chungcheongbuk-do  Republic of korea",www.wellbiotech.co.kr
2019 상반기 대규모 수출상담회(BKF),aT센터 1층 제1전시장,2019,5,23,lotuskorea,식용유지,2016,"7-10, Maean 2-gil, Gaya-myeon, Hapcheon-gun, Gyeongsangnam-do, Republic of Korea",iloveoil.co.kr
2019 상반기 대규모 수출상담회(BKF),aT센터 1층 제1전시장,2019,5,23,"SIK Co., Ltd",식음료,2004,"436 Yanghwa-Ro,Neungseo-Myeon,Yeoju City,Gyeonggi,Korea",http://www.sikco.kr/
2019 상반기 대규모 수출상담회(BKF),aT센터 1층 제1전시장,2019,5,23,"Agricultral Corporation Cheongdo Wongam Co.,Ltd",제조업,2016,"574, Saemaeul-ro Cheongdo-eup, Cheongdo-gun, Gyeongsangbuk-do, Korea",www.wongam.co.kr
2019 상반기 대규모 수출상담회(BKF),aT센터 1층 제1전시장,2019,5,23,Hosung Logos Inc.,"건강기능식품, 기타가공식품",2013,"30, Jandari-ro, Mapo-gu, Seoul",
2019 상반기 대규모 수출상담회(BKF),aT센터 1층 제1전시장,2019,5,23,mom's Co.Ltd,제조업,2017,"706, City Office Tower, Yanghyunro-411, Jungwon-gu, Seongnam-si, Gyeonggi-do,  South Korea",www.momsfnb.co.kr
2019 상반기 대규모 수출상담회(BKF),aT센터 1층 제1전시장,2019,5,23,"HEE CHANG DAIRY AND FOOD CO., LTD","분유, 다류 제조업",1969,"114, SINGI-RO, GYEONGSANGNAM-DO, KOREA",www.heechang.com
2019 상반기 대규모 수출상담회(BKF),aT센터 1층 제1전시장,2019,5,23,"jekiss co., Ltd",초콜릿,2006,"205 YUSUAMPYEONGHWA-GIL, AEWOL-EUP, JEJU CITY, JEJU SPECIAL SELF GOVERNING, PROVINCE, KOREA",www.jekiss.com
2019 상반기 대규모 수출상담회(BKF),aT센터 1층 제1전시장,2019,5,23,"CHUNHONCARE CO.,LTD","제조,도소매,소매,부동산",2010,"8th floor, 177, Beomil-ro, Busanjin-gu, Busan, Republic of Korea",http://www.chunhomall.com
2019 상반기 대규모 수출상담회(BKF),aT센터 1층 제1전시장,2019,5,23,"NONGSHIM CO.,LTD.","라면류, 스낵류",1965,"112  YEODAEBANG-RO, DONGJAK-GU, SEOUL, KOREA",www.nongshim.com
2019 상반기 대규모 수출상담회(BKF),aT센터 1층 제1전시장,2019,5,23,Shinnong,"제조, 도소매",2019,,www. k-shinnong. or. kr
2019 상반기 대규모 수출상담회(BKF),aT센터 1층 제1전시장,2019,5,23,PNM INTERNATIONAL CO,무역,2011,"#909, Gyeongchun-ro 229, Guri-si, Gyeonggi-do, Korea",
2019 상반기 대규모 수출상담회(BKF),aT센터 1층 제1전시장,2019,5,23,"JJF CO.,LTD",수출입무역,2000,"222, Wolgak-ro, Hallim-eup, Jeju-si, Jeju-do, Korea",www.jjfkorea.co.kr
2019 상반기 대규모 수출상담회(BKF),aT센터 1층 제1전시장,2019,5,23,"Haetter Co, Ltd","홍삼제품,건강식품",2003,"Rm601,8cha Daeryung technotown,481-11,Gasan-dong,Geumcheon-gu,Seoul,Korea",http://haetter.en.ec21.com
2019 상반기 대규모 수출상담회(BKF),aT센터 1층 제1전시장,2019,5,23,DUWON AGRICUTURAL COOPERATIVE,과실통조림및유사조제식품,1993,"2418 Goheung-ro, Duwon-myeon, Goheung-gun, Jeollanamdo",http:www.uja.co.kr
2019 상반기 대규모 수출상담회(BKF),aT센터 1층 제1전시장,2019,5,23,Cheonjihyunhwang.co.ltd.,"흑삼,홍삼",2012,1514 keumsan-ro keumsan-eup keumsan-gun chungnam.Korea,www.kbgrg3.com/ china.kbgrg3.com
2019 상반기 대규모 수출상담회(BKF),aT센터 1층 제1전시장,2019,5,23,farmer corporation happy mushroom,"농업,식품제조업",2017,gyeong-gido goyangsi ilsandong-gu myeogjeolgil 324-20,http://happymushroom.modoo.at
2019 상반기 대규모 수출상담회(BKF),aT센터 1층 제1전시장,2019,5,23,ORIENTAL F&B,무역,2011,"11, Beobwon-ro 11-gil, Songpa-gu, Seoul",www.orientalfnb.com
2019 상반기 대규모 수출상담회(BKF),aT센터 1층 제1전시장,2019,5,23,PNM INTERNATIONAL CO,무역,2011,"#909, Gyeongchun-ro 229, Guri-si, Gyeonggi-do, Korea",
2019 상반기 대규모 수출상담회(BKF),aT센터 1층 제1전시장,2019,5,23,mantrading,"제조,무역, 음료, 컨설팅",2012,"50, Gaepo-ro 110-gil, Gangnam-gu, Seoul",www.matrading.co.kr
2019 상반기 대규모 수출상담회(BKF),aT센터 1층 제1전시장,2019,5,23,[K08] EVERGOOD CORPORATION,"무역(농산물),농산물",2009,,N
2019 상반기 대규모 수출상담회(BKF),aT센터 1층 제1전시장,2019,5,23,"HANMIRAE FOOD CO., LTD","조미김, 식품, 무역",2013,"No.9-61, YEONGDONG-GIL, HAMCHANG-EUP, SANGJU CITY, GYEONGSANGBUK-DO, KOREA",http://hanmirae.kr
2019 상반기 대규모 수출상담회(BKF),aT센터 1층 제1전시장,2019,5,23,"KOPA,INC.",농산물 무역업,2012,"6F, JOOYEON bldg.,69, Wolpyeong-ro, Seo-gu, Daejeon, 35223, KOREA",www.kopap.co.kr
2019 상반기 대규모 수출상담회(BKF),aT센터 1층 제1전시장,2019,5,22,"Bionutrigen Co., Ltd.",건강식품외,1999,"1662, Yuseong-daero, Yuseong-gu, Daejeon",www.bionutrigen.com
2019 상반기 대규모 수출상담회(BKF),aT센터 1층 제1전시장,2019,5,22,"3B NETWORKS CO., LTD.","씨리얼바,넛트바,초콜릿바",2008,"48, Namdongseo-ro 113beon-gil, Namdong-gu, Incheon","www,thetime.or.kr"
2019 상반기 대규모 수출상담회(BKF),aT센터 1층 제1전시장,2019,5,22,"UNIONE Co.,Ltd.",도매 및 상품중개업,2016,"#413, 20-38, MUGUNGHWA-RO, ILSANDONG-GU, GOYANG-SI, GYEONGGI-DO, 10401, KOREA",www.unionekr.com
2019 상반기 대규모 수출상담회(BKF),aT센터 1층 제1전시장,2019,5,22,[K12] GEUMSAN GINSENG COOPERATIVE,도소매업,2016,"1F 103-4, Geumsanchoen 1-gil, Geumsan-eup, Geumsan-gun, Chungcheongnam-do, Republic of Korea",gincoop.com
2019 상반기 대규모 수출상담회(BKF),aT센터 1층 제1전시장,2019,5,22,"Prestige Laver Co,.Ltd.",제조업,2012,"139, Huirisan-gil, Jongcheon-myeon, Seocheon-gun, Chungcheongnam-do",marochip.co.kr
2019 상반기 대규모 수출상담회(BKF),aT센터 1층 제1전시장,2019,5,22,DUREBANG FOODS INC,제조업,1990,"2081-73, Sunam-ro, Geochang-eup,Geochang-gun, Gyeongsangnam-do",http://www.durebang.co.kr
2019 상반기 대규모 수출상담회(BKF),aT센터 1층 제1전시장,2019,5,22,"SD Korea CO., Ltd","제조, 도소매",2015,"70, Baksan-ro, Yuseong-gu, Daejeon",www.sd-korea.co.kr
2019 상반기 대규모 수출상담회(BKF),aT센터 1층 제1전시장,2019,5,22,"Okra International co.,Ltd",수출입업,2014,"#1308, Private tower Ⅱ,171, Magokjungang-ro,Gangseo-gu, Seoul, Republic of Korea 07788",www.okraint.com
2019 상반기 대규모 수출상담회(BKF),aT센터 1층 제1전시장,2019,5,22,"[K05] CHOLOCWON CO., LTD.",다류,2000,"45-15, Pyeongsa 1-gil, Jillyang-eup, Gyeongsan-si, Gyeongsangbuk-do, Korea, 38455",www.cholocwon.com
2019 상반기 대규모 수출상담회(BKF),aT센터 1층 제1전시장,2019,5,22,"Prestige Laver Co,.Ltd.",제조업,2012,"139, Huirisan-gil, Jongcheon-myeon, Seocheon-gun, Chungcheongnam-do",marochip.co.kr
2019 상반기 대규모 수출상담회(BKF),aT센터 1층 제1전시장,2019,5,22,KEUIREUM,식물성유지 제조업,2014,"3F, 519, Dunchon-daero, Jungwon-gu, Seongnam-si, Gyeonggi-do, 13216, Republic of Korea",http://onlyoil.co.kr
2019 상반기 대규모 수출상담회(BKF),aT센터 1층 제1전시장,2019,5,22,Singram Food Co. Ltd,과실 및 채소절임식품,1999,"15, Yeongsungongdan-gil, Yeongsun-myeon, Mungyeong-si,Gyeongsangnam-do, Korea",www.singram.co.kr
2019 상반기 대규모 수출상담회(BKF),aT센터 1층 제1전시장,2019,5,22,GYEONG BUK CORPORATION,도소매,1994,"76-7 Hyunnae-gil, Jinryangeup, Gyeongsan, Gyeongbuk,korea",www.gbci.co.kr
2019 상반기 대규모 수출상담회(BKF),aT센터 1층 제1전시장,2019,5,22,"YOUNG POONG CO.,LTD",농식품가공,1993,"64, Seongseogongdanbuk-ro, Dalseo-gu, Daegu, KOREA",http://www.ypfoods.co.kr
2019 상반기 대규모 수출상담회(BKF),aT센터 1층 제1전시장,2019,5,22,"SANDOL FOOD., LTD","전분, 사료, 면류",2001,"1009-9, Seorak-ro, Hongcheon-eup, Gangwon-do",http://www.sandolfood.co.kr
2019 상반기 대규모 수출상담회(BKF),aT센터 1층 제1전시장,2019,5,22,"DAEKWANG F&G CO.,LTD",제조업외,1990,"1530-2, Seobu-ro, Juchon-myeon, Gimhae-si, Geongsangnam-do, Korea",www.dkfng.com
2019 상반기 대규모 수출상담회(BKF),aT센터 1층 제1전시장,2019,5,22,DUREBANG FOODS INC,제조업,1990,"2081-73, Sunam-ro, Geochang-eup,Geochang-gun, Gyeongsangnam-do",http://www.durebang.co.kr
2019 상반기 대규모 수출상담회(BKF),aT센터 1층 제1전시장,2019,5,22,"ASER FOOD Co., Ltd",식품수출입,2004,"130, Beodae-gil, Sangnok-gu, Ansan-si, Gyeonggi-do",www.aser.co.kr
2019 상반기 대규모 수출상담회(BKF),aT센터 1층 제1전시장,2019,5,22,YOUNG SHIN FOOD CO.,"맛김,수산물",2001,"131-22, Sinwol-gil, Seo-myeon, Seocheon-gun, Chungcheongnam-do, Republic of Korea",www.seafriend.co.kr
2019 상반기 대규모 수출상담회(BKF),aT센터 1층 제1전시장,2019,5,22,"Ilhwa co.,ltd.",제조,1971,96 BULMAL-RO GURI-SI  GYUNGGI-DO KOREA,www.ilhwa.co.kr
2019 상반기 대규모 수출상담회(BKF),aT센터 1층 제1전시장,2019,5,22,ARIUL FISH LLC,"제조업,도소매",2010,"103-15, Sipjadeul-ro, Seongsan-myeon, Gunsan-si, Jeollabuk-do",www.gold-fish.kr
2019 상반기 대규모 수출상담회(BKF),aT센터 1층 제1전시장,2019,5,22,JK partners,"제조업,도소매업",2017,"2F, 33, Cheombok-ro, Dong-gu, Daegu",www.jk-partners.co.kr
2019 상반기 대규모 수출상담회(BKF),aT센터 1층 제1전시장,2019,5,22,OKF CORPORATION,"식품,식품무역,무역(수출입업),수출대행업",1990,"54, Hakdong-ro 21-gil, Gangnam-gu, Seoul",www.okf.kr
2019 상반기 대규모 수출상담회(BKF),aT센터 1층 제1전시장,2019,5,22,RIMAGLOBAL,"농,축,수산물가공및 판매 수출",2004,,www.rimaglobal.com
2019 상반기 대규모 수출상담회(BKF),aT센터 1층 제1전시장,2019,5,22,"HAESER Products Co., Ltd.","수산물가공업,건강보조음료",2011,"79-13, Geumgwan-daero 804beon-gil, Gimhae-si, Gyeongsangnam-do, Republic of Korea",www.haeser-cnt.com
2019 상반기 대규모 수출상담회(BKF),aT센터 1층 제1전시장,2019,5,22,"SUNILFOOD CO.,LTD",무역,2011,"1, Sangdo-ro 13na-gil, Dongjak-gu, Seoul",
2019 상반기 대규모 수출상담회(BKF),aT센터 1층 제1전시장,2019,5,22,SFC,도소매,2002,"190, Yulgok-ro, Jongno-gu, Seoul",www.safegg.com.hk
2019 상반기 대규모 수출상담회(BKF),aT센터 1층 제1전시장,2019,5,22,Jeju Coffee Farm,"묘목, 커피농장체험",2014,"151, Hyanggyo-ro, Andeok-myeon, Seogwipo-si, Jeju-do",www.coffeenac.kr
2019 상반기 대규모 수출상담회(BKF),aT센터 1층 제1전시장,2019,5,22,"YILIP INTERNATIONAL CO., LTD.",신선농산물무역,2015,"Room 101, 12-1, Naesammi-ro 80beon-gil, Osan-si, Gyeonggi-do, 18114, Republic of Korea",http://www.yilip.net
2019 상반기 대규모 수출상담회(BKF),aT센터 1층 제1전시장,2019,5,22,"IIKIM CO.,LTD.","김치,반찬류",2005,"35,GEUMGUL4-GIL,BO-EUN-EUP,BO-EUN-GUN,CHUNGCHEONGBUK-DO,KOREA",http://www.iikim.co.kr
2019 상반기 대규모 수출상담회(BKF),aT센터 1층 제1전시장,2019,5,22,UNIONTECH Corp.,제조업,2004,"128-71, Wolsan-ro, Eumbong-myeon, Asan-si, Chungcheongnam-do, Republic of Korea",www.malrin.co.kr
2019 상반기 대규모 수출상담회(BKF),aT센터 1층 제1전시장,2019,5,22,"bogoshinyak.co.,ltd.",음료,2004,"#B1204, B Dong, Tear tower, 167, Songpa-daero, Songpa-gu, Seoul",www.ebogo.kr
2019 상반기 대규모 수출상담회(BKF),aT센터 1층 제1전시장,2019,5,22,"JEION CO., LTD.",유아용식품,2013,"303, Cheonjam-ro, Wansan-gu, Jeollabuk-do, 55069, S.Korea",www.jeion.com
2019 상반기 대규모 수출상담회(BKF),aT센터 1층 제1전시장,2019,5,22,"joon internaional co., ltd",무역,1998,"601, Daeye-dong, Shiheoung-city, Gyeonggi-do",www.green-nara.com
2019 상반기 대규모 수출상담회(BKF),aT센터 1층 제1전시장,2019,5,22,Shinnong Agriculture Corporation,"표고분말, 곶감, 아이스홍시",2002,"618, Nangye-ro, Simcheon-myeon, Yeongdong-gun, Chungcheongbuk-do",http://gam114.com
2019 상반기 대규모 수출상담회(BKF),aT센터 1층 제1전시장,2019,5,22,Daeheung,"농임산물가공,농임산물",2008,"180, Daebu-gill, Jillyang-eup, Gyeongsan-si, Gyeongsanbuk-do, 38441 Rep. of korea",www.alalri.co.kr
2019 상반기 대규모 수출상담회(BKF),aT센터 1층 제1전시장,2019,5,22,"SINSUNGFOOD CO., LTD",제조업,2007,"410-6 Jaunseowon-ro, Beobwon-eup, Paju-si, Gyeonggi-do, Korea",
2019 상반기 대규모 수출상담회(BKF),aT센터 1층 제1전시장,2019,5,22,"YEIN TRADING & GLOBAL Co., Ltd.","음료, 무역",2008,"71, Cheongjeongsikpumdanji-gil, Donggang-myeon, Goheung-gun, Jeollanam-do",www.yeintng.com
2019 상반기 대규모 수출상담회(BKF),aT센터 1층 제1전시장,2019,5,22,"GEO ENTERPRISE CO., LTD",무역,1993,"76, Jangan-ro 496beon-gil, Jangan-gu, Suwon-si, Gyeonggi-do",N
2019 상반기 대규모 수출상담회(BKF),aT센터 1층 제1전시장,2019,5,22,"WEDO CO., LTD.",식품수출유통,2006,"#204,206,207 , 932, Yangjae-daero,Songpa-gu,Seoul,Republic of Korea",www.wedofood.co.kr
2019 상반기 대규모 수출상담회(BKF),aT센터 1층 제1전시장,2019,5,22,GYEONG BUK CORPORATION,도소매,1994,"76-7 Hyunnae-gil, Jinryangeup, Gyeongsan, Gyeongbuk,korea",www.gbci.co.kr
2019 상반기 대규모 수출상담회(BKF),aT센터 1층 제1전시장,2019,5,22,R&G CORPORATION,"무역, 농수산물가공식품",1985,"347 Daewangpangyo-ro, Bundang-gu, Seongnam-si Gyeonggi-do",www.assifood.co.kr
2019 상반기 대규모 수출상담회(BKF),aT센터 1층 제1전시장,2019,5,22,JEJU NATURE & VINEGAR,식품가공,2015,"102, Jejudaehak-ro, Jeju-si, Jeju-do",www.jejuvinegar.com
2019 상반기 대규모 수출상담회(BKF),aT센터 1층 제1전시장,2019,5,22,"Samcheok Dongja Yack Doraji, Corp.",도소매,2011,"2222 Baechdudaegan-ro, Hajang-myeon, Samcheok-si, Gangwon-do, Korea",
2019 상반기 대규모 수출상담회(BKF),aT센터 1층 제1전시장,2019,5,22,SUNNYVILLE CO,"농산물 가공, 수출, 수입, 보관",1996,"232, Ime-gil, Yangchon-myeon, Nonsan-si, Chungcheongnam-do, Korea",http://sunnyville.kr/
2019 상반기 대규모 수출상담회(BKF),aT센터 1층 제1전시장,2019,5,22,"Seung In Food Co., Ltd","참기름,들기름",2015,"58, Nakdongnam-ro 1013beon-gil, Gangseo-gu, Busan",http://blog.naver.com/seunginfood
2019 상반기 대규모 수출상담회(BKF),aT센터 1층 제1전시장,2019,5,22,"3B NETWORKS CO., LTD.","씨리얼바,넛트바,초콜릿바",2008,"48, Namdongseo-ro 113beon-gil, Namdong-gu, Incheon","www,thetime.or.kr"
2019 상반기 대규모 수출상담회(BKF),aT센터 1층 제1전시장,2019,5,22,thehubplus,"무역, 유통, 전자상거래",2014,,
2019 상반기 대규모 수출상담회(BKF),aT센터 1층 제1전시장,2019,5,22,"hanyangfood co.,",떡,1999,"144-34,geombawi-gil,wolong myeon,paju-si,gyeonggido,korea",www.hyfood.kr
2019 상반기 대규모 수출상담회(BKF),aT센터 1층 제1전시장,2019,5,22,"SAMMI COMMERCE CO.,LTD.",무역.식품잡화.통신판매,1994,"3F, 296, Jungdae-ro, Songpa-gu, Seoul, 05724, Korea",www.sammicms.co.kr
2019 상반기 대규모 수출상담회(BKF),aT센터 1층 제1전시장,2019,5,22,ARIUL FISH LLC,"제조업,도소매",2010,"103-15, Sipjadeul-ro, Seongsan-myeon, Gunsan-si, Jeollabuk-do",www.gold-fish.kr
2019 상반기 대규모 수출상담회(BKF),aT센터 1층 제1전시장,2019,5,22,Willingness Inc.,무역,2018,,
2019 상반기 대규모 수출상담회(BKF),aT센터 1층 제1전시장,2019,5,22,goldenjs,농산물,2018,"2F 3F, Kyung Min B/D, 103 Geumnanghwa-ro, Gangseo-gu, Seoul, Korea",http://www.goldenjs.com/
2019 상반기 대규모 수출상담회(BKF),aT센터 1층 제1전시장,2019,5,22,"ROC.CO.,Ltd","건강컨텐츠 연구개발, 식품, 무역",2016,"3, Munhwachon-ro, Pyeongtaek-si, Gyeonggi-do",www.exstore.kr / www.baoshop.kr
2019 상반기 대규모 수출상담회(BKF),aT센터 1층 제1전시장,2019,5,22,Yak Sik Dong Won,"차류제조, 떡류",2013,"79-48,339 Tanhyeon-myeon,Sawori-ro,Paju-si,Gyeonggi-do",eogawa.co.kr
2019 상반기 대규모 수출상담회(BKF),aT센터 1층 제1전시장,2019,5,22,Hwangtorang Onion Extract Farming Association Corporation,제조,2006,"38, Cheonggyegongdan-gil, Cheonggye-myeon, Muan-gun, Jeollanam-do",www.muanonion.co.kr
2019 상반기 대규모 수출상담회(BKF),aT센터 1층 제1전시장,2019,5,22,Hwangtorang Onion Extract Farming Association Corporation,제조,2006,"38, Cheonggyegongdan-gil, Cheonggye-myeon, Muan-gun, Jeollanam-do",www.muanonion.co.kr
2019 상반기 대규모 수출상담회(BKF),aT센터 1층 제1전시장,2019,5,22,RIMAGLOBAL,"농,축,수산물가공및 판매 수출",2004,,www.rimaglobal.com
2019 상반기 대규모 수출상담회(BKF),aT센터 1층 제1전시장,2019,5,22,"[K19] I’M DNL CO., LTD",가공식품,2017,,www. younmifoods.com
2019 상반기 대규모 수출상담회(BKF),aT센터 1층 제1전시장,2019,5,22,"Ruiguan Korea Co., Ltd.",수출,2015,"11, Songhwa-ro, Paju-si, Gyeonggi-do, Korea",N
2019 상반기 대규모 수출상담회(BKF),aT센터 1층 제1전시장,2019,5,22,R&G CORPORATION,"무역, 농수산물가공식품",1985,"347 Daewangpangyo-ro, Bundang-gu, Seongnam-si Gyeonggi-do",www.assifood.co.kr
2019 상반기 대규모 수출상담회(BKF),aT센터 1층 제1전시장,2019,5,22,"Samcheok Dongja Yack Doraji, Corp.",도소매,2011,"2222 Baechdudaegan-ro, Hajang-myeon, Samcheok-si, Gangwon-do, Korea",
2019 상반기 대규모 수출상담회(BKF),aT센터 1층 제1전시장,2019,5,22,"WEDO CO., LTD.",식품수출유통,2006,"#204,206,207 , 932, Yangjae-daero,Songpa-gu,Seoul,Republic of Korea",www.wedofood.co.kr
2019 상반기 대규모 수출상담회(BKF),aT센터 1층 제1전시장,2019,5,22,"[K19] I’M DNL CO., LTD",가공식품,2017,,www. younmifoods.com
2019 상반기 대규모 수출상담회(BKF),aT센터 1층 제1전시장,2019,5,22,"bogoshinyak.co.,ltd.",음료,2004,"#B1204, B Dong, Tear tower, 167, Songpa-daero, Songpa-gu, Seoul",www.ebogo.kr
2019 상반기 대규모 수출상담회(BKF),aT센터 1층 제1전시장,2019,5,22,KEUMKANG B&F,청량음료외,1994,"106 Dusan-GilDaesowon-Myeon,Chungju City,Chungbuk,Korea",http://www.keumkangbnf.com/
2019 상반기 대규모 수출상담회(BKF),aT센터 1층 제1전시장,2019,5,22,Quali Korea Corp.,"수출입업무,수출대행업,오퍼",2003,"52, Achasan-ro 15-gil, Seongdong-gu, Seoul",www.qkcfamily.com
2019 상반기 대규모 수출상담회(BKF),aT센터 1층 제1전시장,2019,5,22,"MIWAMI CO., LTD",다류 수출업 무역,2009,"840-1 Noam-dong, Namwon-si, Jeollabuk-do, Korea",www.miwami.com
2019 상반기 대규모 수출상담회(BKF),aT센터 1층 제1전시장,2019,5,22,"SINSUNGFOOD CO., LTD",제조업,2007,"410-6 Jaunseowon-ro, Beobwon-eup, Paju-si, Gyeonggi-do, Korea",
2019 상반기 대규모 수출상담회(BKF),aT센터 1층 제1전시장,2019,5,22,SLOWFOOD Farming Corp.,"농산물, 전자상거래업",2010,"317-22, Hwasim-gil, Hadong-eup, Hadong-gun, Gyeongsangnam-do, Republic of Korea",http://firstmaesil.com/
2019 상반기 대규모 수출상담회(BKF),aT센터 1층 제1전시장,2019,5,22,OTTOGI CORPORATION,식품,1969,"405, Heungan-daero, Dongan-gu, Anyang-si, Gyeonggi-do, Republic of Korea",www.ottogi.co.kr
2019 상반기 대규모 수출상담회(BKF),aT센터 1층 제1전시장,2019,5,22,"HANHAEBO CO.,LTD.","마른김,스시김,김밥김,조미김,김자반",2016,"57162,3513, Yeongsan-ro Hakgyo-myeon, Hampyeong-gun, Jeollanam-do, Korea",https://www.agrotrade.net/mini/hanhaebo87
2019 상반기 대규모 수출상담회(BKF),aT센터 1층 제1전시장,2019,5,22,"Argicultural Corporation Gagopa Healing Food Co., Ltd","도소매, 제조업, 도매 및 소매업",2013,"177, Samgye-ro, Naeseo-eup, Masanhoewon-gu, Changwon-si, Gyeongsangnam-do, Republic of Korea",kfoods.kr
2019 상반기 대규모 수출상담회(BKF),aT센터 1층 제1전시장,2019,5,22,davichi,제조업,2016,"52-28, Tapgiam-gil, Ochang-eup, Cheongwon-gu, Cheongju-si, Chungcheongbuk-do",davichifarm.com
2019 상반기 대규모 수출상담회(BKF),aT센터 1층 제1전시장,2019,5,22,"SUNILFOOD CO.,LTD",무역,2011,"1, Sangdo-ro 13na-gil, Dongjak-gu, Seoul",
2019 상반기 대규모 수출상담회(BKF),aT센터 1층 제1전시장,2019,5,22,Hanbando Inc.,농산물,2017,"11, Gaya-ro 66-gil, Jillyang-eup, Gyeongsan-si, Gyeongsangbuk-do",https://hanbandokr.com
2019 상반기 대규모 수출상담회(BKF),aT센터 1층 제1전시장,2019,5,22,"Ilhwa co.,ltd.",제조,1971,96 BULMAL-RO GURI-SI  GYUNGGI-DO KOREA,www.ilhwa.co.kr
2019 상반기 대규모 수출상담회(BKF),aT센터 1층 제1전시장,2019,5,22,"Daedong Korea Ginseng Co.,Ltd",홍삼제품. 건강제품. 통신판매업,2002,"ChungNam GeumsanGun, GunbukMyeon, GunbukRo, 586",http://www.hongsamgeon.co.kr
2019 상반기 대규모 수출상담회(BKF),aT센터 1층 제1전시장,2019,5,22,"[K09] FINE FT CO., LTD","식품제조가공업, 식품첨가물제조업 등",2007,"3524, Charyeong-ro, Jeongan-myeon, Gongju-si, Chungcheongnam-do, 32511, South Korea",www.fineft.co.kr
2019 상반기 대규모 수출상담회(BKF),aT센터 1층 제1전시장,2019,5,22,"BAEKGYUN FOOD SYSTEM CO.,LTD",무역,2006,"136 BANG HAK RO, DO BONG GU, SEOUL,KOREA",N
2019 상반기 대규모 수출상담회(BKF),aT센터 1층 제1전시장,2019,5,22,[K24] NATUREGANIC SEOWON CORPORATION,제조,2017,"(12773) 17-99, Opo-ro 171beon-gil, Opo-eup, Gwangju-si, Gyeonggi-do, Republic of Korea",www.berrykle.com
2019 상반기 대규모 수출상담회(BKF),aT센터 1층 제1전시장,2019,5,22,Hanbando Inc.,농산물,2017,"11, Gaya-ro 66-gil, Jillyang-eup, Gyeongsan-si, Gyeongsangbuk-do",https://hanbandokr.com
2019 상반기 대규모 수출상담회(BKF),aT센터 1층 제1전시장,2019,5,22,"DELLOS F&B CO.,LTD","잼류,음료류",2013,"159, USANGONGDAN-GIL, WONJU-SI, GANGWON-DO",N
2019 상반기 대규모 수출상담회(BKF),aT센터 1층 제1전시장,2019,5,22,[K01] AGRICULTURAL COMPANY CORP JAYEONTEO,농산물.농산물가공.농산물,2015,"400, Seonghyeon-ro, Ilsandong-gu, Goyang-si, Gyeonggi-do",www.gentlematto.com
2019 상반기 대규모 수출상담회(BKF),aT센터 1층 제1전시장,2019,5,22,"SINSUNGFOOD CO., LTD",제조업,2007,"410-6 Jaunseowon-ro, Beobwon-eup, Paju-si, Gyeonggi-do, Korea",
2019 상반기 대규모 수출상담회(BKF),aT센터 1층 제1전시장,2019,5,22,"SD Korea CO., Ltd","제조, 도소매",2015,"70, Baksan-ro, Yuseong-gu, Daejeon",www.sd-korea.co.kr
2019 상반기 대규모 수출상담회(BKF),aT센터 1층 제1전시장,2019,5,22,"WEDO CO., LTD.",식품수출유통,2006,"#204,206,207 , 932, Yangjae-daero,Songpa-gu,Seoul,Republic of Korea",www.wedofood.co.kr
2019 상반기 대규모 수출상담회(BKF),aT센터 1층 제1전시장,2019,5,22,"JEONG HWA FOODS CO.,LTD.",manufacturing,1987,,http://jeonghwa.koreasme.com/index.htm
2019 상반기 대규모 수출상담회(BKF),aT센터 1층 제1전시장,2019,5,22,ukisaem,"제분, 농산물, 견과류",2013,"630, Sotae-ro, Sotae-myeon, Chungju-si, Chungcheongbuk-do",www.62sem.com
2019 상반기 대규모 수출상담회(BKF),aT센터 1층 제1전시장,2019,5,22,"GEUMSAN BLACK GINSENG CO.,LTD.",식품 제조업,2013,"15, Insamyakchogongdan-ro, Buri-myeon, Geumsan-gun, Chungcheongnam-do",www.geumheuk.com
2019 상반기 대규모 수출상담회(BKF),aT센터 1층 제1전시장,2019,5,22,"YOUNG POONG CO.,LTD",농식품가공,1993,"64, Seongseogongdanbuk-ro, Dalseo-gu, Daegu, KOREA",http://www.ypfoods.co.kr
2019 상반기 대규모 수출상담회(BKF),aT센터 1층 제1전시장,2019,5,22,"NONGHYUP RED GINSENG Co.,Ltd.","인삼식품, 수출, 인삼제품",2002,"Jeungpyeong-eup, Jeungpyeong-gun, Chungcheongbuk-do",http://en.hansamin.org/
2019 상반기 대규모 수출상담회(BKF),aT센터 1층 제1전시장,2019,5,22,"Sejong Brewing Co.,Ltd.","탁주, 약주, 증류식소주, 리큐르주, 기타주류",2007,"5-2, Sacheon-ro 18beon-gil, cheongwon gu, cheongu-si chungcheongbui-do, korea",http://www.sejongricewine.com
2019 상반기 대규모 수출상담회(BKF),aT센터 1층 제1전시장,2019,5,22,seyeonfoods,유통 식품가공,2013,,www.nadrifs.co.kr
2019 상반기 대규모 수출상담회(BKF),aT센터 1층 제1전시장,2019,5,22,HARIM CORPORATION,"축산, 제조업",2011,"14 Mangseong-ro, Mangseong-myeon, Iksan-Si, Jeollabuk-do,Korea",harim.com
2019 상반기 대규모 수출상담회(BKF),aT센터 1층 제1전시장,2019,5,22,"JEONGNAMJIN JANGHEUNG OAK MUSHROOM CO.,LTD",표고버섯 등 농산물 가공무역업,2011,"38-7 Neanguryonggil  Busanmyeon Jangheunggun Jeollanamdo, Korea",jjpyogo@naver.com
2019 상반기 대규모 수출상담회(BKF),aT센터 1층 제1전시장,2019,5,22,BIOPOLYTECH,식품제조업,2004,"714, 134, Gongdan-ro, Heungdeok-gu, Cheongju-si, Chungcheongbuk-do, Korea",www.biopolytech.com
2019 상반기 대규모 수출상담회(BKF),aT센터 1층 제1전시장,2019,5,22,"[K11] GAMRO700 AGRICULTURE CO., LTD.",다류,2015,"1305-54, Nochusan-ro, Wangsan-myeon, Gangneung-si, Gangwon-do",www.gamro700.com
2019 상반기 대규모 수출상담회(BKF),aT센터 1층 제1전시장,2019,5,22,KORINA TRADE CO.,수출무역,2012,"Rm, 424, Wooyang Bldg, 234, Chungmu-daero, Seo-gu, Busan",www.korinatrade.com
2019 상반기 대규모 수출상담회(BKF),aT센터 1층 제1전시장,2019,5,22,"DAEKWANG F&G CO.,LTD",제조업외,1990,"1530-2, Seobu-ro, Juchon-myeon, Gimhae-si, Geongsangnam-do, Korea",www.dkfng.com
2019 상반기 대규모 수출상담회(BKF),aT센터 1층 제1전시장,2019,5,22,"SUNBONG FOOD CO., LTD.",식품가공업,2013,"31, Geomdan-ro 93beon-gil, Seo-gu, Incheon, Korea",www.sunbong.net
2019 상반기 대규모 수출상담회(BKF),aT센터 1층 제1전시장,2019,5,22,DONJIN TRADING,도매,2006,"72-14, Jeolgol-gil, Osan-si, Gyeonggi-do",
2019 상반기 대규모 수출상담회(BKF),aT센터 1층 제1전시장,2019,5,22,"Okra International co.,Ltd",수출입업,2014,"#1308, Private tower Ⅱ,171, Magokjungang-ro,Gangseo-gu, Seoul, Republic of Korea 07788",www.okraint.com
2019 상반기 대규모 수출상담회(BKF),aT센터 1층 제1전시장,2019,5,22,"Seung In Food Co., Ltd","참기름,들기름",2015,"58, Nakdongnam-ro 1013beon-gil, Gangseo-gu, Busan",http://blog.naver.com/seunginfood
2019 상반기 대규모 수출상담회(BKF),aT센터 1층 제1전시장,2019,5,22,"GEUMSANMALL CO.,LTD",인삼 홍삼식품 제조,2009,,geumsan.co.kr
2019 상반기 대규모 수출상담회(BKF),aT센터 1층 제1전시장,2019,5,22,[K24] NATUREGANIC SEOWON CORPORATION,제조,2017,"(12773) 17-99, Opo-ro 171beon-gil, Opo-eup, Gwangju-si, Gyeonggi-do, Republic of Korea",www.berrykle.com
2019 상반기 대규모 수출상담회(BKF),aT센터 1층 제1전시장,2019,5,22,"Namyang Dairy Products Co., Ltd.","낙농품, 음료",1964,"240, Dosan-daero, Gangnam-gu, Seoul",.http://company.namyangi.com/
2019 상반기 대규모 수출상담회(BKF),aT센터 1층 제1전시장,2019,5,22,"Youngdongseafood Co.,Ltd",식품제조 가공 소분,2004,"163,Yangji-ro,Onam-eup,Namyangju-si,Kyeunggi-do,Korea",www.ydseafood.co.kr
2019 상반기 대규모 수출상담회(BKF),aT센터 1층 제1전시장,2019,5,22,"Sejong Brewing Co.,Ltd.","탁주, 약주, 증류식소주, 리큐르주, 기타주류",2007,"5-2, Sacheon-ro 18beon-gil, cheongwon gu, cheongu-si chungcheongbui-do, korea",http://www.sejongricewine.com
2019 상반기 대규모 수출상담회(BKF),aT센터 1층 제1전시장,2019,5,22,"Pohang wellbeing food Co., Ltd.","면류, 쌀가공품",2016,"104, Myeonbongsan-gil, Jukjang-myeon, Buk-gu, Pohang-si, Gyeongsangbuk-do, Korea",www.migana.co.kr
2019 상반기 대규모 수출상담회(BKF),aT센터 1층 제1전시장,2019,5,22,Shinnong Agriculture Corporation,"표고분말, 곶감, 아이스홍시",2002,"618, Nangye-ro, Simcheon-myeon, Yeongdong-gun, Chungcheongbuk-do",http://gam114.com
2019 상반기 대규모 수출상담회(BKF),aT센터 1층 제1전시장,2019,5,22,GYEONG BUK CORPORATION,도소매,1994,"76-7 Hyunnae-gil, Jinryangeup, Gyeongsan, Gyeongbuk,korea",www.gbci.co.kr
2019 상반기 대규모 수출상담회(BKF),aT센터 1층 제1전시장,2019,5,22,HEFS CO.,식품,2018,"51, Bokseong 15-gil, Yangmok-myeon, Chilgok-gun, Gyeongsangbuk-do",N
2019 상반기 대규모 수출상담회(BKF),aT센터 1층 제1전시장,2019,5,22,caffebene,도소매 프랜차이즈 제조 무역,2008,"25, Sangwon 1-gil, Seongdong-gu, Seoul",www.caffebene.co.kr
2019 상반기 대규모 수출상담회(BKF),aT센터 1층 제1전시장,2019,5,22,"WONIL FOOD CO., LTD",식품 제조,1988,"28, Nambusunhwan-ro 378-gil, Gangnam-gu, Seoul",www.wonilfood.com
2019 상반기 대규모 수출상담회(BKF),aT센터 1층 제1전시장,2019,5,22,"Ilhwa co.,ltd.",제조,1971,96 BULMAL-RO GURI-SI  GYUNGGI-DO KOREA,www.ilhwa.co.kr
2019 상반기 대규모 수출상담회(BKF),aT센터 1층 제1전시장,2019,5,22,Jeju Coffee Farm,"묘목, 커피농장체험",2014,"151, Hyanggyo-ro, Andeok-myeon, Seogwipo-si, Jeju-do",www.coffeenac.kr
2019 상반기 대규모 수출상담회(BKF),aT센터 1층 제1전시장,2019,5,22,suchang,식품제조가공업,2016,Bio Convergence Center 1 Hall 207 Room Sincheon Dong road 16 jeju-do,www.scjeju.co.kr
2019 상반기 대규모 수출상담회(BKF),aT센터 1층 제1전시장,2019,5,22,jayounhyanggi,식품제조도소매,2012,"248 Akyang-dong-ro, Akyang-myeon, Hadong-gun, Gyeongsangnam-do, South Korea",http://www.jayounmi.com
2019 상반기 대규모 수출상담회(BKF),aT센터 1층 제1전시장,2019,5,22,"Daedong Korea Ginseng Co.,Ltd",홍삼제품. 건강제품. 통신판매업,2002,"ChungNam GeumsanGun, GunbukMyeon, GunbukRo, 586",http://www.hongsamgeon.co.kr
2019 상반기 대규모 수출상담회(BKF),aT센터 1층 제1전시장,2019,5,22,MyungSung Agrilcultural Corp.,농산물,2003,"Agricultural Food and Fisheries Export Center, Yangjae-daero 932, Songpa-gu, Seoul",없음
2019 상반기 대규모 수출상담회(BKF),aT센터 1층 제1전시장,2019,5,22,thehubplus,"무역, 유통, 전자상거래",2014,,
2019 상반기 대규모 수출상담회(BKF),aT센터 1층 제1전시장,2019,5,22,GEONWON TRADE,"무역,식품, 유아식품",2016,"10, Gangnam-daero 51-gil, Seocho-gu, Seoul",
2019 상반기 대규모 수출상담회(BKF),aT센터 1층 제1전시장,2019,5,22,KEUIREUM,식물성유지 제조업,2014,"3F, 519, Dunchon-daero, Jungwon-gu, Seongnam-si, Gyeonggi-do, 13216, Republic of Korea",http://onlyoil.co.kr
2019 상반기 대규모 수출상담회(BKF),aT센터 1층 제1전시장,2019,5,22,"JEONG HWA FOODS CO.,LTD.",manufacturing,1987,,http://jeonghwa.koreasme.com/index.htm
2019 상반기 대규모 수출상담회(BKF),aT센터 1층 제1전시장,2019,5,22,"GEO ENTERPRISE CO., LTD",무역,1993,"76, Jangan-ro 496beon-gil, Jangan-gu, Suwon-si, Gyeonggi-do",N
2019 상반기 대규모 수출상담회(BKF),aT센터 1층 제1전시장,2019,5,22,"BONWORLD CO., LTD.","무역, 농수산물",2014,"Bonworld Mission Center B/D 3F, 31, Yangcheon-ro 75-gil Gangseo-gu, Seoul, Korea",www.bonworld.co.kr
2019 상반기 대규모 수출상담회(BKF),aT센터 1층 제1전시장,2019,5,22,"[K27] PUREPLUS CO., LTD","제조, 도소매",2002,"11, Sudongnonggong-gil, Sudong-myeon, Hamyang-gun, Gyeongsangnam-do",www.pureplus.co.kr
2019 상반기 대규모 수출상담회(BKF),aT센터 1층 제1전시장,2019,5,22,"Bionutrigen Co., Ltd.",건강식품외,1999,"1662, Yuseong-daero, Yuseong-gu, Daejeon",www.bionutrigen.com
2019 상반기 대규모 수출상담회(BKF),aT센터 1층 제1전시장,2019,5,22,caffebene,도소매 프랜차이즈 제조 무역,2008,"25, Sangwon 1-gil, Seongdong-gu, Seoul",www.caffebene.co.kr
2019 상반기 대규모 수출상담회(BKF),aT센터 1층 제1전시장,2019,5,22,"SUNILFOOD CO.,LTD",무역,2011,"1, Sangdo-ro 13na-gil, Dongjak-gu, Seoul",
2019 상반기 대규모 수출상담회(BKF),aT센터 1층 제1전시장,2019,5,22,seyeonfoods,유통 식품가공,2013,,www.nadrifs.co.kr
2019 상반기 대규모 수출상담회(BKF),aT센터 1층 제1전시장,2019,5,22,Yak Sik Dong Won,"차류제조, 떡류",2013,"79-48,339 Tanhyeon-myeon,Sawori-ro,Paju-si,Gyeonggi-do",eogawa.co.kr
2019 상반기 대규모 수출상담회(BKF),aT센터 1층 제1전시장,2019,5,22,"Ruiguan Korea Co., Ltd.",수출,2015,"11, Songhwa-ro, Paju-si, Gyeonggi-do, Korea",N
2019 상반기 대규모 수출상담회(BKF),aT센터 1층 제1전시장,2019,5,22,"SUNILFOOD CO.,LTD",무역,2011,"1, Sangdo-ro 13na-gil, Dongjak-gu, Seoul",
2019 상반기 대규모 수출상담회(BKF),aT센터 1층 제1전시장,2019,5,22,[K22] KOREAN GINSENG EXPORT CORP.,"건강기능식품, 홍삼",2012,"216-18, Sindumangok-ro, Gongdo-eup, Anseong-si, Gyeonggi-do, Republic of Korea",www.kgec.kr
2019 상반기 대규모 수출상담회(BKF),aT센터 1층 제1전시장,2019,5,22,"NONGHYUP RED GINSENG Co.,Ltd.","인삼식품, 수출, 인삼제품",2002,"Jeungpyeong-eup, Jeungpyeong-gun, Chungcheongbuk-do",http://en.hansamin.org/
2019 상반기 대규모 수출상담회(BKF),aT센터 1층 제1전시장,2019,5,22,EVERFARM AGRICULTURAL CORP.,농산물생산및유통,2015,"31, Yeondong-gil, Sinbuk-myeon, Yeongam-gun, Jeollanam-do",
2019 상반기 대규모 수출상담회(BKF),aT센터 1층 제1전시장,2019,5,22,"BABIJOA.co,ltd","식품가공업,기능성곡류외",2017,"923-27, Jeonggwan-ro, Jeonggwan-eup, Gijang-gun, Busan",http://babijoa.co.kr/
2019 상반기 대규모 수출상담회(BKF),aT센터 1층 제1전시장,2019,5,22,"Pohang wellbeing food Co., Ltd.","면류, 쌀가공품",2016,"104, Myeonbongsan-gil, Jukjang-myeon, Buk-gu, Pohang-si, Gyeongsangbuk-do, Korea",www.migana.co.kr
2019 상반기 대규모 수출상담회(BKF),aT센터 1층 제1전시장,2019,5,22,YOUNG SHIN FOOD CO.,"맛김,수산물",2001,"131-22, Sinwol-gil, Seo-myeon, Seocheon-gun, Chungcheongnam-do, Republic of Korea",www.seafriend.co.kr
2019 상반기 대규모 수출상담회(BKF),aT센터 1층 제1전시장,2019,5,22,caffebene,도소매 프랜차이즈 제조 무역,2008,"25, Sangwon 1-gil, Seongdong-gu, Seoul",www.caffebene.co.kr
2019 상반기 대규모 수출상담회(BKF),aT센터 1층 제1전시장,2019,5,22,"ASIAN FOOD SERVICE CO.,LTD","수출입업,무역업",2015,"Geumjeong Hiview 305, 153-8, LS-ro Gunpo-si, Gyeonggi-do, Republic of Korea (Zip:435-805)",www.asianfoods.co.kr
2019 상반기 대규모 수출상담회(BKF),aT센터 1층 제1전시장,2019,5,22,"YEIN TRADING & GLOBAL Co., Ltd.","음료, 무역",2008,"71, Cheongjeongsikpumdanji-gil, Donggang-myeon, Goheung-gun, Jeollanam-do",www.yeintng.com
2019 상반기 대규모 수출상담회(BKF),aT센터 1층 제1전시장,2019,5,22,"SSMGLOBAL CO., LTD.","무역, 유통",2016,"385, Gulmi-ro, Juksan-myeon, Anseong-si, Gyeonggi-do, Korea",www.ssmglobal.co.kr
2019 상반기 대규모 수출상담회(BKF),aT센터 1층 제1전시장,2019,5,22,"BABIJOA.co,ltd","식품가공업,기능성곡류외",2017,"923-27, Jeonggwan-ro, Jeonggwan-eup, Gijang-gun, Busan",http://babijoa.co.kr/
2019 상반기 대규모 수출상담회(BKF),aT센터 1층 제1전시장,2019,5,22,[K10] FRESHIS CO LTD,무역업,2014,,http://www.freshisland.co.kr/
2019 상반기 대규모 수출상담회(BKF),aT센터 1층 제1전시장,2019,5,22,"SD Korea CO., Ltd","제조, 도소매",2015,"70, Baksan-ro, Yuseong-gu, Daejeon",www.sd-korea.co.kr
2019 상반기 대규모 수출상담회(BKF),aT센터 1층 제1전시장,2019,5,22,GEONWON TRADE,"무역,식품, 유아식품",2016,"10, Gangnam-daero 51-gil, Seocho-gu, Seoul",
2019 상반기 대규모 수출상담회(BKF),aT센터 1층 제1전시장,2019,5,22,(주)Phyto Corporation,기능성 식품 소재,2013,"#207, Institute of Molecular Biology & Genetics, Seoul National University, 1 Kwanakro, Kwanakgu, Seoul, South Korea",www.phytoco.com
2019 상반기 대규모 수출상담회(BKF),aT센터 1층 제1전시장,2019,5,22,GLO-LEE VINCI CORP,도매/수출업,1999,"9th floor happy plus bldg., #471-2, Kumoh-dong, Uijengbu-si, Kyunggi-do, Korea",www
2019 상반기 대규모 수출상담회(BKF),aT센터 1층 제1전시장,2019,5,22,"WEDO CO., LTD.",식품수출유통,2006,"#204,206,207 , 932, Yangjae-daero,Songpa-gu,Seoul,Republic of Korea",www.wedofood.co.kr
2019 상반기 대규모 수출상담회(BKF),aT센터 1층 제1전시장,2019,5,22,"HANSARANG CO,LTD",도매 수출업,2005,"103(Jinae-dong, Chungsol Mall) 50, Gimhae-daero 2725beon-gil, Gimhae-si, Gyeongsangnam-do, Korea",www.kormush.com
2019 상반기 대규모 수출상담회(BKF),aT센터 1층 제1전시장,2019,5,22,"BK bio Co., Ltd.","식품제조 및 가공업,무역",2000,"2706-38, Iljudong-ro, Gujwa-eup, Jeju-si, Jeju-do, Republic of Korea",http://www.bkbio.com
2019 상반기 대규모 수출상담회(BKF),aT센터 1층 제1전시장,2019,5,22,HAN SUNG GAP,"농산물, 장류",2009,"391, Guam Gamgye-gil, Oksan-myeon, Uiseong-gun, Gyeonsangbok-do, Korea",
2019 상반기 대규모 수출상담회(BKF),aT센터 1층 제1전시장,2019,5,22,OKF CORPORATION,"식품,식품무역,무역(수출입업),수출대행업",1990,"54, Hakdong-ro 21-gil, Gangnam-gu, Seoul",www.okf.kr
2019 상반기 대규모 수출상담회(BKF),aT센터 1층 제1전시장,2019,5,22,"SINSUNGFOOD CO., LTD",제조업,2007,"410-6 Jaunseowon-ro, Beobwon-eup, Paju-si, Gyeonggi-do, Korea",
2019 상반기 대규모 수출상담회(BKF),aT센터 1층 제1전시장,2019,5,22,Daeheung,"농임산물가공,농임산물",2008,"180, Daebu-gill, Jillyang-eup, Gyeongsan-si, Gyeongsanbuk-do, 38441 Rep. of korea",www.alalri.co.kr
2019 상반기 대규모 수출상담회(BKF),aT센터 1층 제1전시장,2019,5,22,choco cyber,"무역, 도소매업,",1995,,www.chococyber.co.kr
2019 상반기 대규모 수출상담회(BKF),aT센터 1층 제1전시장,2019,5,22,"hanyangfood co.,",떡,1999,"144-34,geombawi-gil,wolong myeon,paju-si,gyeonggido,korea",www.hyfood.kr
2019 상반기 대규모 수출상담회(BKF),aT센터 1층 제1전시장,2019,5,22,"Pohang wellbeing food Co., Ltd.","면류, 쌀가공품",2016,"104, Myeonbongsan-gil, Jukjang-myeon, Buk-gu, Pohang-si, Gyeongsangbuk-do, Korea",www.migana.co.kr
2019 상반기 대규모 수출상담회(BKF),aT센터 1층 제1전시장,2019,5,22,"BAEKGYUN FOOD SYSTEM CO.,LTD",무역,2006,"136 BANG HAK RO, DO BONG GU, SEOUL,KOREA",N
2019 상반기 대규모 수출상담회(BKF),aT센터 1층 제1전시장,2019,5,22,Willingness Inc.,무역,2018,,
2019 상반기 대규모 수출상담회(BKF),aT센터 1층 제1전시장,2019,5,22,[K24] NATUREGANIC SEOWON CORPORATION,제조,2017,"(12773) 17-99, Opo-ro 171beon-gil, Opo-eup, Gwangju-si, Gyeonggi-do, Republic of Korea",www.berrykle.com
2019 상반기 대규모 수출상담회(BKF),aT센터 1층 제1전시장,2019,5,22,"OZAR CO.,LTD",제조 / 도소매,2009,"#202, 36-22, Baekjegobunro 40gil, Songpagu, Seoul, Republic of Korea",http://ozar8887.tradekorea.com  http://www.ozar.kr
2019 상반기 대규모 수출상담회(BKF),aT센터 1층 제1전시장,2019,5,22,FOODWELL CORPORATION,제조,1968,"121 Seongseoseo-ro, Dalseo-gu, Daegu, Korea",www.foodwell.com
2019 상반기 대규모 수출상담회(BKF),aT센터 1층 제1전시장,2019,5,22,Quali Korea Corp.,"수출입업무,수출대행업,오퍼",2003,"52, Achasan-ro 15-gil, Seongdong-gu, Seoul",www.qkcfamily.com
2019 상반기 대규모 수출상담회(BKF),aT센터 1층 제1전시장,2019,5,22,"SUNBONG FOOD CO., LTD.",식품가공업,2013,"31, Geomdan-ro 93beon-gil, Seo-gu, Incheon, Korea",www.sunbong.net
2019 상반기 대규모 수출상담회(BKF),aT센터 1층 제1전시장,2019,5,22,Quali Korea Corp.,"수출입업무,수출대행업,오퍼",2003,"52, Achasan-ro 15-gil, Seongdong-gu, Seoul",www.qkcfamily.com
2019 상반기 대규모 수출상담회(BKF),aT센터 1층 제1전시장,2019,5,22,YOUNG SHIN FOOD CO.,"맛김,수산물",2001,"131-22, Sinwol-gil, Seo-myeon, Seocheon-gun, Chungcheongnam-do, Republic of Korea",www.seafriend.co.kr
2019 상반기 대규모 수출상담회(BKF),aT센터 1층 제1전시장,2019,5,22,"Sejong Brewing Co.,Ltd.","탁주, 약주, 증류식소주, 리큐르주, 기타주류",2007,"5-2, Sacheon-ro 18beon-gil, cheongwon gu, cheongu-si chungcheongbui-do, korea",http://www.sejongricewine.com
2019 상반기 대규모 수출상담회(BKF),aT센터 1층 제1전시장,2019,5,22,"Ruiguan Korea Co., Ltd.",수출,2015,"11, Songhwa-ro, Paju-si, Gyeonggi-do, Korea",N
2019 상반기 대규모 수출상담회(BKF),aT센터 1층 제1전시장,2019,5,22,UNIONTECH Corp.,제조업,2004,"128-71, Wolsan-ro, Eumbong-myeon, Asan-si, Chungcheongnam-do, Republic of Korea",www.malrin.co.kr
2019 상반기 대규모 수출상담회(BKF),aT센터 1층 제1전시장,2019,5,22,"Samcheok Dongja Yack Doraji, Corp.",도소매,2011,"2222 Baechdudaegan-ro, Hajang-myeon, Samcheok-si, Gangwon-do, Korea",
2019 상반기 대규모 수출상담회(BKF),aT센터 1층 제1전시장,2019,5,22,"ALEX CO.,LTD",식품 무역,2016,"66, Chungmin-ro, Songpa-gu, Seoul",
2019 상반기 대규모 수출상담회(BKF),aT센터 1층 제1전시장,2019,5,22,"ROC.CO.,Ltd","건강컨텐츠 연구개발, 식품, 무역",2016,"3, Munhwachon-ro, Pyeongtaek-si, Gyeonggi-do",www.exstore.kr / www.baoshop.kr
2019 상반기 대규모 수출상담회(BKF),aT센터 1층 제1전시장,2019,5,22,Willingness Inc.,무역,2018,,
2019 상반기 대규모 수출상담회(BKF),aT센터 1층 제1전시장,2019,5,22,"Ilhwa co.,ltd.",제조,1971,96 BULMAL-RO GURI-SI  GYUNGGI-DO KOREA,www.ilhwa.co.kr
2019 상반기 대규모 수출상담회(BKF),aT센터 1층 제1전시장,2019,5,22,"SAMMI COMMERCE CO.,LTD.",무역.식품잡화.통신판매,1994,"3F, 296, Jungdae-ro, Songpa-gu, Seoul, 05724, Korea",www.sammicms.co.kr
2019 상반기 대규모 수출상담회(BKF),aT센터 1층 제1전시장,2019,5,22,IVENET,"분유, 이유식, 식품",2012,"200-38, Buma-ro, Jinjeop-eup, Namyangju-si, Gyeonggi-do",http://shop.ivenet.co.kr/
2019 상반기 대규모 수출상담회(BKF),aT센터 1층 제1전시장,2019,5,22,"TAE KYUNG NONG SAN CO., LTD.",식품 제조,1979,"112, Yeouidaebang-ro, Dongjak-gu, Seoul",www.itaekyung.com
2019 상반기 대규모 수출상담회(BKF),aT센터 1층 제1전시장,2019,5,22,BIOPOLYTECH,식품제조업,2004,"714, 134, Gongdan-ro, Heungdeok-gu, Cheongju-si, Chungcheongbuk-do, Korea",www.biopolytech.com
2019 상반기 대규모 수출상담회(BKF),aT센터 1층 제1전시장,2019,5,22,"MIWAMI CO., LTD",다류 수출업 무역,2009,"840-1 Noam-dong, Namwon-si, Jeollabuk-do, Korea",www.miwami.com
2019 상반기 대규모 수출상담회(BKF),aT센터 1층 제1전시장,2019,5,22,"[K28] RAON CORPORATION CO., LTD.","상품 종합 도매,중개업",2018,"16?4,?Dongbaekjungang?ro,?16 Beon-gil,?Giheung?gu, Yongin?si,?Gyeonggi?do,?Republic?Of?Korea",https://success20162018.modoo.at/
2019 상반기 대규모 수출상담회(BKF),aT센터 1층 제1전시장,2019,5,22,suchang,식품제조가공업,2016,Bio Convergence Center 1 Hall 207 Room Sincheon Dong road 16 jeju-do,www.scjeju.co.kr
2019 상반기 대규모 수출상담회(BKF),aT센터 1층 제1전시장,2019,5,22,taepyung salt,제조업 도소매,2009,"1650-37 Daecho-ri, Jeungdo-myeon, Sinan-gun, Jeollanam-do, Korea",www.taepyungsalt.com
2019 상반기 대규모 수출상담회(BKF),aT센터 1층 제1전시장,2019,5,22,SAMJIN GLOBALNET,"무역업, 임대",1970,,N
2019 상반기 대규모 수출상담회(BKF),aT센터 1층 제1전시장,2019,5,22,DUREBANG FOODS INC,제조업,1990,"2081-73, Sunam-ro, Geochang-eup,Geochang-gun, Gyeongsangnam-do",http://www.durebang.co.kr
2019 상반기 대규모 수출상담회(BKF),aT센터 1층 제1전시장,2019,5,22,"SINSUNGFOOD CO., LTD",제조업,2007,"410-6 Jaunseowon-ro, Beobwon-eup, Paju-si, Gyeonggi-do, Korea",
2019 상반기 대규모 수출상담회(BKF),aT센터 1층 제1전시장,2019,5,22,"3B NETWORKS CO., LTD.","씨리얼바,넛트바,초콜릿바",2008,"48, Namdongseo-ro 113beon-gil, Namdong-gu, Incheon","www,thetime.or.kr"
2019 상반기 대규모 수출상담회(BKF),aT센터 1층 제1전시장,2019,5,22,"ASIAN FOOD SERVICE CO.,LTD","수출입업,무역업",2015,"Geumjeong Hiview 305, 153-8, LS-ro Gunpo-si, Gyeonggi-do, Republic of Korea (Zip:435-805)",www.asianfoods.co.kr
2019 상반기 대규모 수출상담회(BKF),aT센터 1층 제1전시장,2019,5,22,"DA JUNG CO., LTD.",식품가공업,1997,"28, 97, Yeongil-ro, Yeongjung-myeon, Pocheon-si, Gyeonggi-do, Korea",www.damizle.com
2019 상반기 대규모 수출상담회(BKF),aT센터 1층 제1전시장,2019,5,22,"Namyang Dairy Products Co., Ltd.","낙농품, 음료",1964,"240, Dosan-daero, Gangnam-gu, Seoul",.http://company.namyangi.com/
2019 상반기 대규모 수출상담회(BKF),aT센터 1층 제1전시장,2019,5,22,"EBICHE CO.,LTD",제조업,2000,"21, HWANGGANG GONGDANGIL, IMGOMYUN, YOUNGCHUN, GYEONGSANGBUKDO, KOREA",www.ebiche.com
2019 상반기 대규모 수출상담회(BKF),aT센터 1층 제1전시장,2019,5,22,"ALEX CO.,LTD",식품 무역,2016,"66, Chungmin-ro, Songpa-gu, Seoul",
2019 상반기 대규모 수출상담회(BKF),aT센터 1층 제1전시장,2019,5,22,ivycoffee,커피가공,2012,gyeong gi pyeong taek dol u mul gil 81,www.cafemano.net
2019 상반기 대규모 수출상담회(BKF),aT센터 1층 제1전시장,2019,5,22,"ROC.CO.,Ltd","건강컨텐츠 연구개발, 식품, 무역",2016,"3, Munhwachon-ro, Pyeongtaek-si, Gyeonggi-do",www.exstore.kr / www.baoshop.kr
2019 상반기 대규모 수출상담회(BKF),aT센터 1층 제1전시장,2019,5,22,HARIM CORPORATION,"축산, 제조업",2011,"14 Mangseong-ro, Mangseong-myeon, Iksan-Si, Jeollabuk-do,Korea",harim.com
2019 상반기 대규모 수출상담회(BKF),aT센터 1층 제1전시장,2019,5,22,"JNS GLOBAL CO., LTD.",무역업,2012,"Rm1304, 141, Seowon-ro, Wansan-gu, Jeonju, Jeonbuk, Korea",www.jnsglobalkorea.com
2019 상반기 대규모 수출상담회(BKF),aT센터 1층 제1전시장,2019,5,22,davichi,제조업,2016,"52-28, Tapgiam-gil, Ochang-eup, Cheongwon-gu, Cheongju-si, Chungcheongbuk-do",davichifarm.com
2019 상반기 대규모 수출상담회(BKF),aT센터 1층 제1전시장,2019,5,22,donghwa,"냉동제품, 식육제품",1992,"31-201, WOLMYEONG-RO, HEUNGDEOK-GU, CHUNGCHEONGBUK-DO, KOREA","www.dhfoods1co,kr"
2019 상반기 대규모 수출상담회(BKF),aT센터 1층 제1전시장,2019,5,22,"INSAN BAMBOO SALT, Inc.",식품,1998,"99-25, Dabyeot-gil, Byeonggok-myeon, Hamyang-gun, Gyeongsangnam-do, Republic of Korea",www.insan.com
2019 상반기 대규모 수출상담회(BKF),aT센터 1층 제1전시장,2019,5,22,Jeju Coffee Farm,"묘목, 커피농장체험",2014,"151, Hyanggyo-ro, Andeok-myeon, Seogwipo-si, Jeju-do",www.coffeenac.kr
2019 상반기 대규모 수출상담회(BKF),aT센터 1층 제1전시장,2019,5,22,"MORE Co.,Ltd",식품 가공,2006,"113, Dodongguyeok-gil, Yeongcheon-si, Gyeongsangbuk-do",www.morekoreakimchi.com
2019 상반기 대규모 수출상담회(BKF),aT센터 1층 제1전시장,2019,5,22,HARIM CORPORATION,"축산, 제조업",2011,"14 Mangseong-ro, Mangseong-myeon, Iksan-Si, Jeollabuk-do,Korea",harim.com
2019 상반기 대규모 수출상담회(BKF),aT센터 1층 제1전시장,2019,5,22,"[K05] CHOLOCWON CO., LTD.",다류,2000,"45-15, Pyeongsa 1-gil, Jillyang-eup, Gyeongsan-si, Gyeongsangbuk-do, Korea, 38455",www.cholocwon.com
2019 상반기 대규모 수출상담회(BKF),aT센터 1층 제1전시장,2019,5,22,SEMPIO FOODS COMPANY,식품,1946,2 CHUNGMURO JUNG GU SEOUL KOREA,www.sempio.com
2019 상반기 대규모 수출상담회(BKF),aT센터 1층 제1전시장,2019,5,22,[K32] TULIP INTERNATIONAL INC.,"기타식품, 무역, 제조",1999,"37, Teheran-ro 87-gil, Gangnam-gu, Seoul",www.tulipint.com
2019 상반기 대규모 수출상담회(BKF),aT센터 1층 제1전시장,2019,5,22,FOODWELL CORPORATION,제조,1968,"121 Seongseoseo-ro, Dalseo-gu, Daegu, Korea",www.foodwell.com
2019 상반기 대규모 수출상담회(BKF),aT센터 1층 제1전시장,2019,5,22,"BK bio Co., Ltd.","식품제조 및 가공업,무역",2000,"2706-38, Iljudong-ro, Gujwa-eup, Jeju-si, Jeju-do, Republic of Korea",http://www.bkbio.com
2019 상반기 대규모 수출상담회(BKF),aT센터 1층 제1전시장,2019,5,22,[K22] KOREAN GINSENG EXPORT CORP.,"건강기능식품, 홍삼",2012,"216-18, Sindumangok-ro, Gongdo-eup, Anseong-si, Gyeonggi-do, Republic of Korea",www.kgec.kr
2019 상반기 대규모 수출상담회(BKF),aT센터 1층 제1전시장,2019,5,22,YOUNG SHIN FOOD CO.,"맛김,수산물",2001,"131-22, Sinwol-gil, Seo-myeon, Seocheon-gun, Chungcheongnam-do, Republic of Korea",www.seafriend.co.kr
2019 상반기 대규모 수출상담회(BKF),aT센터 1층 제1전시장,2019,5,22,"SUNILFOOD CO.,LTD",무역,2011,"1, Sangdo-ro 13na-gil, Dongjak-gu, Seoul",
2019 상반기 대규모 수출상담회(BKF),aT센터 1층 제1전시장,2019,5,22,"HANSARANG CO,LTD",도매 수출업,2005,"103(Jinae-dong, Chungsol Mall) 50, Gimhae-daero 2725beon-gil, Gimhae-si, Gyeongsangnam-do, Korea",www.kormush.com
2019 상반기 대규모 수출상담회(BKF),aT센터 1층 제1전시장,2019,5,22,MyungSung Agrilcultural Corp.,농산물,2003,"Agricultural Food and Fisheries Export Center, Yangjae-daero 932, Songpa-gu, Seoul",없음
2019 상반기 대규모 수출상담회(BKF),aT센터 1층 제1전시장,2019,5,22,Quali Korea Corp.,"수출입업무,수출대행업,오퍼",2003,"52, Achasan-ro 15-gil, Seongdong-gu, Seoul",www.qkcfamily.com
2019 상반기 대규모 수출상담회(BKF),aT센터 1층 제1전시장,2019,5,22,seasoner,"양념육, 통조림, 김치",2000,"712, CHILBO-, CHEONGAN-MYEON, GOESAN-GUN, CHUNG-BUK",www.dhfoods1.kr
2019 상반기 대규모 수출상담회(BKF),aT센터 1층 제1전시장,2019,5,22,GYEONG BUK CORPORATION,도소매,1994,"76-7 Hyunnae-gil, Jinryangeup, Gyeongsan, Gyeongbuk,korea",www.gbci.co.kr
2019 상반기 대규모 수출상담회(BKF),aT센터 1층 제1전시장,2019,5,22,MORNING FARM CO.. LTD.,수출입,2007,,www.morningfarm.kr
2019 상반기 대규모 수출상담회(BKF),aT센터 1층 제1전시장,2019,5,22,RIMAGLOBAL,"농,축,수산물가공및 판매 수출",2004,,www.rimaglobal.com
2019 상반기 대규모 수출상담회(BKF),aT센터 1층 제1전시장,2019,5,22,GYEONG BUK CORPORATION,도소매,1994,"76-7 Hyunnae-gil, Jinryangeup, Gyeongsan, Gyeongbuk,korea",www.gbci.co.kr
2019 상반기 대규모 수출상담회(BKF),aT센터 1층 제1전시장,2019,5,22,NH TRADING,"무역,주류수출,축산물수입판매,농수산물,오퍼상",1990,"7, Olympic-ro 48-gil, Gangdong-gu, Seoul, Republic of Korea",
2019 상반기 대규모 수출상담회(BKF),aT센터 1층 제1전시장,2019,5,22,Singram Food Co. Ltd,과실 및 채소절임식품,1999,"15, Yeongsungongdan-gil, Yeongsun-myeon, Mungyeong-si,Gyeongsangnam-do, Korea",www.singram.co.kr
2019 상반기 대규모 수출상담회(BKF),aT센터 1층 제1전시장,2019,5,22,"YEIN TRADING & GLOBAL Co., Ltd.","음료, 무역",2008,"71, Cheongjeongsikpumdanji-gil, Donggang-myeon, Goheung-gun, Jeollanam-do",www.yeintng.com
2019 상반기 대규모 수출상담회(BKF),aT센터 1층 제1전시장,2019,5,22,"LOTTE FOODS CO.,LTD.","유가공, 빙과, 식용유지, 육가공 등",1958,"19, Yangpyeong-ro 19-gil, Yeongdeungpo-gu, Seoul",www.lottefoods.co.kr
2019 상반기 대규모 수출상담회(BKF),aT센터 1층 제1전시장,2019,5,22,"SERIM HYUNMI CO., LTD.",식물성유지,2003,"24, Gongdan 1-gil, Jeongeup-si, Jeollabuk-do, 56154, Republic of Korea",www.serim.kr
2019 상반기 대규모 수출상담회(BKF),aT센터 1층 제1전시장,2019,5,22,donghwa,"냉동제품, 식육제품",1992,"31-201, WOLMYEONG-RO, HEUNGDEOK-GU, CHUNGCHEONGBUK-DO, KOREA","www.dhfoods1co,kr"
2019 상반기 대규모 수출상담회(BKF),aT센터 1층 제1전시장,2019,5,22,"Argicultural Corporation Gagopa Healing Food Co., Ltd","도소매, 제조업, 도매 및 소매업",2013,"177, Samgye-ro, Naeseo-eup, Masanhoewon-gu, Changwon-si, Gyeongsangnam-do, Republic of Korea",kfoods.kr
2019 상반기 대규모 수출상담회(BKF),aT센터 1층 제1전시장,2019,5,22,kwangyafood,"비알콜성음료,차류",2009,"134, Sintanjin-ro 738beon-gil, Daedeok-gu, Daejeon",www.kwangfood.co.kr
2019 상반기 대규모 수출상담회(BKF),aT센터 1층 제1전시장,2019,5,22,"BAEKGYUN FOOD SYSTEM CO.,LTD",무역,2006,"136 BANG HAK RO, DO BONG GU, SEOUL,KOREA",N
2019 상반기 대규모 수출상담회(BKF),aT센터 1층 제1전시장,2019,5,22,"DA JUNG CO., LTD.",식품가공업,1997,"28, 97, Yeongil-ro, Yeongjung-myeon, Pocheon-si, Gyeonggi-do, Korea",www.damizle.com
2019 상반기 대규모 수출상담회(BKF),aT센터 1층 제1전시장,2019,5,22,MORNING FARM CO.. LTD.,수출입,2007,,www.morningfarm.kr
2019 상반기 대규모 수출상담회(BKF),aT센터 1층 제1전시장,2019,5,22,RIMAGLOBAL,"농,축,수산물가공및 판매 수출",2004,,www.rimaglobal.com
2019 상반기 대규모 수출상담회(BKF),aT센터 1층 제1전시장,2019,5,22,Naju Pear Agricultural Cooperative Association,무역업,1963,"32, Cheongdong-gil, Naju-si, Jeollanam-do",http://najupear.nonghyup.com
2019 상반기 대규모 수출상담회(BKF),aT센터 1층 제1전시장,2019,5,22,"GEO ENTERPRISE CO., LTD",무역,1993,"76, Jangan-ro 496beon-gil, Jangan-gu, Suwon-si, Gyeonggi-do",N
2019 상반기 대규모 수출상담회(BKF),aT센터 1층 제1전시장,2019,5,22,"IIAMHUB Co., Ltd.","농수산물, 제과, 식료품",2018,"7, Hangang-daero 48-gil, Yongsan-gu, Seoul",http://iiam.co.kr
2019 상반기 대규모 수출상담회(BKF),aT센터 1층 제1전시장,2019,5,22,KEUMKANG B&F,청량음료외,1994,"106 Dusan-GilDaesowon-Myeon,Chungju City,Chungbuk,Korea",http://www.keumkangbnf.com/
2019 상반기 대규모 수출상담회(BKF),aT센터 1층 제1전시장,2019,5,22,caffebene,도소매 프랜차이즈 제조 무역,2008,"25, Sangwon 1-gil, Seongdong-gu, Seoul",www.caffebene.co.kr
2019 상반기 대규모 수출상담회(BKF),aT센터 1층 제1전시장,2019,5,22,"BK bio Co., Ltd.","식품제조 및 가공업,무역",2000,"2706-38, Iljudong-ro, Gujwa-eup, Jeju-si, Jeju-do, Republic of Korea",http://www.bkbio.com
2019 상반기 대규모 수출상담회(BKF),aT센터 1층 제1전시장,2019,5,22,"WONIL FOOD CO., LTD",식품 제조,1988,"28, Nambusunhwan-ro 378-gil, Gangnam-gu, Seoul",www.wonilfood.com
2019 상반기 대규모 수출상담회(BKF),aT센터 1층 제1전시장,2019,5,22,[K32] TULIP INTERNATIONAL INC.,"기타식품, 무역, 제조",1999,"37, Teheran-ro 87-gil, Gangnam-gu, Seoul",www.tulipint.com
2019 상반기 대규모 수출상담회(BKF),aT센터 1층 제1전시장,2019,5,22,Gwangju Jeon-nam Ewport Co-operative,수출업,2019,"Sangdeung-ri, Masan-myeon, Haenam-gun, Jeollanam-do, 1116",
2019 상반기 대규모 수출상담회(BKF),aT센터 1층 제1전시장,2019,5,22,"[K02] AGRICULTURAL CORPORATION JANGHEUNG FOOD CO., LTD.","된장, 고추장, 간장, 청국장, 식량재배",2011,"49-19 GISAN-GIL, ANYANG-MYEON JANGHEUNG-GUN JEOLLANAMDO, KOREA",www.cjjfood.com
2019 상반기 대규모 수출상담회(BKF),aT센터 1층 제1전시장,2019,5,22,"hanyangfood co.,",떡,1999,"144-34,geombawi-gil,wolong myeon,paju-si,gyeonggido,korea",www.hyfood.kr
2019 상반기 대규모 수출상담회(BKF),aT센터 1층 제1전시장,2019,5,22,"[K05] CHOLOCWON CO., LTD.",다류,2000,"45-15, Pyeongsa 1-gil, Jillyang-eup, Gyeongsan-si, Gyeongsangbuk-do, Korea, 38455",www.cholocwon.com
2019 상반기 대규모 수출상담회(BKF),aT센터 1층 제1전시장,2019,5,22,Yak Sik Dong Won,"차류제조, 떡류",2013,"79-48,339 Tanhyeon-myeon,Sawori-ro,Paju-si,Gyeonggi-do",eogawa.co.kr
2019 상반기 대규모 수출상담회(BKF),aT센터 1층 제1전시장,2019,5,22,"JEONG HWA FOODS CO.,LTD.",manufacturing,1987,,http://jeonghwa.koreasme.com/index.htm
2019 상반기 대규모 수출상담회(BKF),aT센터 1층 제1전시장,2019,5,22,"BONWORLD CO., LTD.","무역, 농수산물",2014,"Bonworld Mission Center B/D 3F, 31, Yangcheon-ro 75-gil Gangseo-gu, Seoul, Korea",www.bonworld.co.kr
2019 상반기 대규모 수출상담회(BKF),aT센터 1층 제1전시장,2019,5,22,"INTAKE CO., LTD.",식품등각종산업재및소비재,2013,"116, Myeongdal-ro, Seocho-gu, Seoul, Republic of Korea",https://www.intakefoods.kr/ko/
2019 상반기 대규모 수출상담회(BKF),aT센터 1층 제1전시장,2019,5,22,SAMJIN GLOBALNET,"무역업, 임대",1970,,N
2019 상반기 대규모 수출상담회(BKF),aT센터 1층 제1전시장,2019,5,22,"Sejong Brewing Co.,Ltd.","탁주, 약주, 증류식소주, 리큐르주, 기타주류",2007,"5-2, Sacheon-ro 18beon-gil, cheongwon gu, cheongu-si chungcheongbui-do, korea",http://www.sejongricewine.com
2019 상반기 대규모 수출상담회(BKF),aT센터 1층 제1전시장,2019,5,22,kwangyafood,"비알콜성음료,차류",2009,"134, Sintanjin-ro 738beon-gil, Daedeok-gu, Daejeon",www.kwangfood.co.kr
2019 상반기 대규모 수출상담회(BKF),aT센터 1층 제1전시장,2019,5,22,jayounhyanggi,식품제조도소매,2012,"248 Akyang-dong-ro, Akyang-myeon, Hadong-gun, Gyeongsangnam-do, South Korea",http://www.jayounmi.com
2019 상반기 대규모 수출상담회(BKF),aT센터 1층 제1전시장,2019,5,22,"MANNAFOOD CO .,LTD","조미김, 농수산물, 해조류",2016,"97-4, Donghampyeongsandan-gil,  Hampyeong-gun, Jeollanam-do, 57141, Republic of Korea.",www.mannafood.net
2019 상반기 대규모 수출상담회(BKF),aT센터 1층 제1전시장,2019,5,22,"GMF CO., LTD.","음식료품,수출입업",2006,KOREA 06774,N
2019 상반기 대규모 수출상담회(BKF),aT센터 1층 제1전시장,2019,5,22,"[K28] RAON CORPORATION CO., LTD.","상품 종합 도매,중개업",2018,"16?4,?Dongbaekjungang?ro,?16 Beon-gil,?Giheung?gu, Yongin?si,?Gyeonggi?do,?Republic?Of?Korea",https://success20162018.modoo.at/
2019 상반기 대규모 수출상담회(BKF),aT센터 1층 제1전시장,2019,5,22,"HANHAEBO CO.,LTD.","마른김,스시김,김밥김,조미김,김자반",2016,"57162,3513, Yeongsan-ro Hakgyo-myeon, Hampyeong-gun, Jeollanam-do, Korea",https://www.agrotrade.net/mini/hanhaebo87
2019 상반기 대규모 수출상담회(BKF),aT센터 1층 제1전시장,2019,5,22,"HANSARANG CO,LTD",도매 수출업,2005,"103(Jinae-dong, Chungsol Mall) 50, Gimhae-daero 2725beon-gil, Gimhae-si, Gyeongsangnam-do, Korea",www.kormush.com
2019 상반기 대규모 수출상담회(BKF),aT센터 1층 제1전시장,2019,5,22,"JEONGNAMJIN JANGHEUNG OAK MUSHROOM CO.,LTD",표고버섯 등 농산물 가공무역업,2011,"38-7 Neanguryonggil  Busanmyeon Jangheunggun Jeollanamdo, Korea",jjpyogo@naver.com
2019 상반기 대규모 수출상담회(BKF),aT센터 1층 제1전시장,2019,5,22,"GMF CO., LTD.","음식료품,수출입업",2006,KOREA 06774,N
2019 상반기 대규모 수출상담회(BKF),aT센터 1층 제1전시장,2019,5,22,goldenjs,농산물,2018,"2F 3F, Kyung Min B/D, 103 Geumnanghwa-ro, Gangseo-gu, Seoul, Korea",http://www.goldenjs.com/
2019 상반기 대규모 수출상담회(BKF),aT센터 1층 제1전시장,2019,5,22,MORNING FARM CO.. LTD.,수출입,2007,,www.morningfarm.kr
2019 상반기 대규모 수출상담회(BKF),aT센터 1층 제1전시장,2019,5,22,"HANSARANG CO,LTD",도매 수출업,2005,"103(Jinae-dong, Chungsol Mall) 50, Gimhae-daero 2725beon-gil, Gimhae-si, Gyeongsangnam-do, Korea",www.kormush.com
2019 상반기 대규모 수출상담회(BKF),aT센터 1층 제1전시장,2019,5,22,RIMAGLOBAL,"농,축,수산물가공및 판매 수출",2004,,www.rimaglobal.com
2019 상반기 대규모 수출상담회(BKF),aT센터 1층 제1전시장,2019,5,22,MyungSung Agrilcultural Corp.,농산물,2003,"Agricultural Food and Fisheries Export Center, Yangjae-daero 932, Songpa-gu, Seoul",없음
2019 상반기 대규모 수출상담회(BKF),aT센터 1층 제1전시장,2019,5,22,PrimeOra,기능성음료,2015,"101, Jurye-ro, Sasang-gu, Busan",Y
2019 상반기 대규모 수출상담회(BKF),aT센터 1층 제1전시장,2019,5,22,"GEO ENTERPRISE CO., LTD",무역,1993,"76, Jangan-ro 496beon-gil, Jangan-gu, Suwon-si, Gyeonggi-do",N
2019 상반기 대규모 수출상담회(BKF),aT센터 1층 제1전시장,2019,5,22,"Prestige Laver Co,.Ltd.",제조업,2012,"139, Huirisan-gil, Jongcheon-myeon, Seocheon-gun, Chungcheongnam-do",marochip.co.kr
2019 상반기 대규모 수출상담회(BKF),aT센터 1층 제1전시장,2019,5,22,"DONGWON F&B CO., LTD.",수출입업,2000,"68, Mabang-ro, Seocho-gu, Seoul",www.dongwonfnb.com
2019 상반기 대규모 수출상담회(BKF),aT센터 1층 제1전시장,2019,5,22,"SD Korea CO., Ltd","제조, 도소매",2015,"70, Baksan-ro, Yuseong-gu, Daejeon",www.sd-korea.co.kr
2019 상반기 대규모 수출상담회(BKF),aT센터 1층 제1전시장,2019,5,22,Daywell Inc,기타잼류,2014,"64-34,Dangsangangbyun-ro,Muju-eup,Muju-gun,Jeollabuk-do,Korea",www.ramiefood.com
2019 상반기 대규모 수출상담회(BKF),aT센터 1층 제1전시장,2019,5,22,"Welltural.Co.,Ltd","견과, 시리얼, 선식, 체중조절식품",2002,"17, Saneopdanji 3-gil, Pungsan-eup, Andong-si, Gyeongsangbuk-do",www.welltural.co.kr
2019 상반기 대규모 수출상담회(BKF),aT센터 1층 제1전시장,2019,5,22,"Pohang wellbeing food Co., Ltd.","면류, 쌀가공품",2016,"104, Myeonbongsan-gil, Jukjang-myeon, Buk-gu, Pohang-si, Gyeongsangbuk-do, Korea",www.migana.co.kr
2019 상반기 대규모 수출상담회(BKF),aT센터 1층 제1전시장,2019,5,22,"ALEX CO.,LTD",식품 무역,2016,"66, Chungmin-ro, Songpa-gu, Seoul",
2019 상반기 대규모 수출상담회(BKF),aT센터 1층 제1전시장,2019,5,22,KEUMKANG B&F,청량음료외,1994,"106 Dusan-GilDaesowon-Myeon,Chungju City,Chungbuk,Korea",http://www.keumkangbnf.com/
2019 상반기 대규모 수출상담회(BKF),aT센터 1층 제1전시장,2019,5,22,"[K19] I’M DNL CO., LTD",가공식품,2017,,www. younmifoods.com
2019 상반기 대규모 수출상담회(BKF),aT센터 1층 제1전시장,2019,5,22,"TAE KYUNG NONG SAN CO., LTD.",식품 제조,1979,"112, Yeouidaebang-ro, Dongjak-gu, Seoul",www.itaekyung.com
2019 상반기 대규모 수출상담회(BKF),aT센터 1층 제1전시장,2019,5,22,"JEONG HWA FOODS CO.,LTD.",manufacturing,1987,,http://jeonghwa.koreasme.com/index.htm
2019 상반기 대규모 수출상담회(BKF),aT센터 1층 제1전시장,2019,5,22,"[K11] GAMRO700 AGRICULTURE CO., LTD.",다류,2015,"1305-54, Nochusan-ro, Wangsan-myeon, Gangneung-si, Gangwon-do",www.gamro700.com
2019 상반기 대규모 수출상담회(BKF),aT센터 1층 제1전시장,2019,5,22,"WONIL FOOD CO., LTD",식품 제조,1988,"28, Nambusunhwan-ro 378-gil, Gangnam-gu, Seoul",www.wonilfood.com
2019 상반기 대규모 수출상담회(BKF),aT센터 1층 제1전시장,2019,5,22,"BONWORLD CO., LTD.","무역, 농수산물",2014,"Bonworld Mission Center B/D 3F, 31, Yangcheon-ro 75-gil Gangseo-gu, Seoul, Korea",www.bonworld.co.kr
2019 상반기 대규모 수출상담회(BKF),aT센터 1층 제1전시장,2019,5,22,[K24] NATUREGANIC SEOWON CORPORATION,제조,2017,"(12773) 17-99, Opo-ro 171beon-gil, Opo-eup, Gwangju-si, Gyeonggi-do, Republic of Korea",www.berrykle.com
2019 상반기 대규모 수출상담회(BKF),aT센터 1층 제1전시장,2019,5,22,Daeheung,"농임산물가공,농임산물",2008,"180, Daebu-gill, Jillyang-eup, Gyeongsan-si, Gyeongsanbuk-do, 38441 Rep. of korea",www.alalri.co.kr
2019 상반기 대규모 수출상담회(BKF),aT센터 1층 제1전시장,2019,5,22,seyeonfoods,유통 식품가공,2013,,www.nadrifs.co.kr
2019 상반기 대규모 수출상담회(BKF),aT센터 1층 제1전시장,2019,5,22,KANGLIM ORGANIC corp.,"유기농산물재배,판매,김치,식물성유지",1999,"510, Choha-ro, Chodong-myeon, Miryang-si, Gyeongsangnam-do",agricom.co.kr
2019 상반기 대규모 수출상담회(BKF),aT센터 1층 제1전시장,2019,5,22,Naju Pear Agricultural Cooperative Association,무역업,1963,"32, Cheongdong-gil, Naju-si, Jeollanam-do",http://najupear.nonghyup.com
2019 상반기 대규모 수출상담회(BKF),aT센터 1층 제1전시장,2019,5,22,HAN SUNG GAP,"농산물, 장류",2009,"391, Guam Gamgye-gil, Oksan-myeon, Uiseong-gun, Gyeonsangbok-do, Korea",
2019 상반기 대규모 수출상담회(BKF),aT센터 1층 제1전시장,2019,5,22,"SAEMI BIO CO.,LTD","무역, 유통, OEM 생산",2015,"ROOM 501, 5 TEHERAN-RO 29-GIL, GANGANAM-GU, SEOUL, KOREA",https://www.saemibio.com
2019 상반기 대규모 수출상담회(BKF),aT센터 1층 제1전시장,2019,5,22,PrimeOra,기능성음료,2015,"101, Jurye-ro, Sasang-gu, Busan",Y
2019 상반기 대규모 수출상담회(BKF),aT센터 1층 제1전시장,2019,5,22,"ALEX CO.,LTD",식품 무역,2016,"66, Chungmin-ro, Songpa-gu, Seoul",
2019 상반기 대규모 수출상담회(BKF),aT센터 1층 제1전시장,2019,5,22,NH TRADING,"무역,주류수출,축산물수입판매,농수산물,오퍼상",1990,"7, Olympic-ro 48-gil, Gangdong-gu, Seoul, Republic of Korea",
2019 상반기 대규모 수출상담회(BKF),aT센터 1층 제1전시장,2019,5,22,YOUNG SHIN FOOD CO.,"맛김,수산물",2001,"131-22, Sinwol-gil, Seo-myeon, Seocheon-gun, Chungcheongnam-do, Republic of Korea",www.seafriend.co.kr
2019 상반기 대규모 수출상담회(BKF),aT센터 1층 제1전시장,2019,5,22,PrimeOra,기능성음료,2015,"101, Jurye-ro, Sasang-gu, Busan",Y
2019 상반기 대규모 수출상담회(BKF),aT센터 1층 제1전시장,2019,5,22,"Jeongsimfood Co., Ltd",농산물가공,2012,,"656-54 Cheongjaro, Gangjin-gun, Jeollanamdo, S.Korea"
2019 상반기 대규모 수출상담회(BKF),aT센터 1층 제1전시장,2019,5,22,"DAEKWANG F&G CO.,LTD",제조업외,1990,"1530-2, Seobu-ro, Juchon-myeon, Gimhae-si, Geongsangnam-do, Korea",www.dkfng.com
2019 상반기 대규모 수출상담회(BKF),aT센터 1층 제1전시장,2019,5,22,OTTOGI CORPORATION,식품,1969,"405, Heungan-daero, Dongan-gu, Anyang-si, Gyeonggi-do, Republic of Korea",www.ottogi.co.kr
2019 상반기 대규모 수출상담회(BKF),aT센터 1층 제1전시장,2019,5,22,"[K11] GAMRO700 AGRICULTURE CO., LTD.",다류,2015,"1305-54, Nochusan-ro, Wangsan-myeon, Gangneung-si, Gangwon-do",www.gamro700.com
2019 상반기 대규모 수출상담회(BKF),aT센터 1층 제1전시장,2019,5,22,"Kocheolnam Hongsam Co., Ltd","제조, 유통, 무역",2005,"61, Ganghwasandan-ro, Ganghwa-eup, Ganghwa-gun, Incheon",www.hong3.co.kr
2019 상반기 대규모 수출상담회(BKF),aT센터 1층 제1전시장,2019,5,22,[K22] KOREAN GINSENG EXPORT CORP.,"건강기능식품, 홍삼",2012,"216-18, Sindumangok-ro, Gongdo-eup, Anseong-si, Gyeonggi-do, Republic of Korea",www.kgec.kr
2019 상반기 대규모 수출상담회(BKF),aT센터 1층 제1전시장,2019,5,22,Yak Sik Dong Won,"차류제조, 떡류",2013,"79-48,339 Tanhyeon-myeon,Sawori-ro,Paju-si,Gyeonggi-do",eogawa.co.kr
2019 상반기 대규모 수출상담회(BKF),aT센터 1층 제1전시장,2019,5,22,"Youngdongseafood Co.,Ltd",식품제조 가공 소분,2004,"163,Yangji-ro,Onam-eup,Namyangju-si,Kyeunggi-do,Korea",www.ydseafood.co.kr
2019 상반기 대규모 수출상담회(BKF),aT센터 1층 제1전시장,2019,5,22,caffebene,도소매 프랜차이즈 제조 무역,2008,"25, Sangwon 1-gil, Seongdong-gu, Seoul",www.caffebene.co.kr
2019 상반기 대규모 수출상담회(BKF),aT센터 1층 제1전시장,2019,5,22,"SUNBONG FOOD CO., LTD.",식품가공업,2013,"31, Geomdan-ro 93beon-gil, Seo-gu, Incheon, Korea",www.sunbong.net
2019 상반기 대규모 수출상담회(BKF),aT센터 1층 제1전시장,2019,5,22,Hwangtorang Onion Extract Farming Association Corporation,제조,2006,"38, Cheonggyegongdan-gil, Cheonggye-myeon, Muan-gun, Jeollanam-do",www.muanonion.co.kr
2019 상반기 대규모 수출상담회(BKF),aT센터 1층 제1전시장,2019,5,22,OKF CORPORATION,"식품,식품무역,무역(수출입업),수출대행업",1990,"54, Hakdong-ro 21-gil, Gangnam-gu, Seoul",www.okf.kr
2019 상반기 대규모 수출상담회(BKF),aT센터 1층 제1전시장,2019,5,22,"BK bio Co., Ltd.","식품제조 및 가공업,무역",2000,"2706-38, Iljudong-ro, Gujwa-eup, Jeju-si, Jeju-do, Republic of Korea",http://www.bkbio.com
2019 상반기 대규모 수출상담회(BKF),aT센터 1층 제1전시장,2019,5,22,"Welltural.Co.,Ltd","견과, 시리얼, 선식, 체중조절식품",2002,"17, Saneopdanji 3-gil, Pungsan-eup, Andong-si, Gyeongsangbuk-do",www.welltural.co.kr
2019 상반기 대규모 수출상담회(BKF),aT센터 1층 제1전시장,2019,5,22,[K32] TULIP INTERNATIONAL INC.,"기타식품, 무역, 제조",1999,"37, Teheran-ro 87-gil, Gangnam-gu, Seoul",www.tulipint.com
2019 상반기 대규모 수출상담회(BKF),aT센터 1층 제1전시장,2019,5,22,FOODWELL CORPORATION,제조,1968,"121 Seongseoseo-ro, Dalseo-gu, Daegu, Korea",www.foodwell.com
2019 상반기 대규모 수출상담회(BKF),aT센터 1층 제1전시장,2019,5,22,kwangyafood,"비알콜성음료,차류",2009,"134, Sintanjin-ro 738beon-gil, Daedeok-gu, Daejeon",www.kwangfood.co.kr
2019 상반기 대규모 수출상담회(BKF),aT센터 1층 제1전시장,2019,5,22,jayounhyanggi,식품제조도소매,2012,"248 Akyang-dong-ro, Akyang-myeon, Hadong-gun, Gyeongsangnam-do, South Korea",http://www.jayounmi.com
2019 상반기 대규모 수출상담회(BKF),aT센터 1층 제1전시장,2019,5,22,"ASER FOOD Co., Ltd",식품수출입,2004,"130, Beodae-gil, Sangnok-gu, Ansan-si, Gyeonggi-do",www.aser.co.kr
2019 상반기 대규모 수출상담회(BKF),aT센터 1층 제1전시장,2019,5,22,"Honestfood Co., Ltd",제조,2014,"59-11 Biseongnal-ro, Deokjin-gu, Jeonju-si, Jeollabuk-do South Korea",www.honestfood.co.kr
2019 상반기 대규모 수출상담회(BKF),aT센터 1층 제1전시장,2019,5,22,KORINA TRADE CO.,수출무역,2012,"Rm, 424, Wooyang Bldg, 234, Chungmu-daero, Seo-gu, Busan",www.korinatrade.com
2019 상반기 대규모 수출상담회(BKF),aT센터 1층 제1전시장,2019,5,22,"DA JUNG CO., LTD.",식품가공업,1997,"28, 97, Yeongil-ro, Yeongjung-myeon, Pocheon-si, Gyeonggi-do, Korea",www.damizle.com
2019 상반기 대규모 수출상담회(BKF),aT센터 1층 제1전시장,2019,5,22,"IIAMHUB Co., Ltd.","농수산물, 제과, 식료품",2018,"7, Hangang-daero 48-gil, Yongsan-gu, Seoul",http://iiam.co.kr
2019 상반기 대규모 수출상담회(BKF),aT센터 1층 제1전시장,2019,5,22,"GEO ENTERPRISE CO., LTD",무역,1993,"76, Jangan-ro 496beon-gil, Jangan-gu, Suwon-si, Gyeonggi-do",N
2019 상반기 대규모 수출상담회(BKF),aT센터 1층 제1전시장,2019,5,22,"[K11] GAMRO700 AGRICULTURE CO., LTD.",다류,2015,"1305-54, Nochusan-ro, Wangsan-myeon, Gangneung-si, Gangwon-do",www.gamro700.com
2019 상반기 대규모 수출상담회(BKF),aT센터 1층 제1전시장,2019,5,22,"UNIONE Co.,Ltd.",도매 및 상품중개업,2016,"#413, 20-38, MUGUNGHWA-RO, ILSANDONG-GU, GOYANG-SI, GYEONGGI-DO, 10401, KOREA",www.unionekr.com
2019 상반기 대규모 수출상담회(BKF),aT센터 1층 제1전시장,2019,5,22,HAN SUNG GAP,"농산물, 장류",2009,"391, Guam Gamgye-gil, Oksan-myeon, Uiseong-gun, Gyeonsangbok-do, Korea",
2019 상반기 대규모 수출상담회(BKF),aT센터 1층 제1전시장,2019,5,22,Naju Pear Agricultural Cooperative Association,무역업,1963,"32, Cheongdong-gil, Naju-si, Jeollanam-do",http://najupear.nonghyup.com
2019 상반기 대규모 수출상담회(BKF),aT센터 1층 제1전시장,2019,5,22,"joon internaional co., ltd",무역,1998,"601, Daeye-dong, Shiheoung-city, Gyeonggi-do",www.green-nara.com
2019 상반기 대규모 수출상담회(BKF),aT센터 1층 제1전시장,2019,5,22,"JNS GLOBAL CO., LTD.",무역업,2012,"Rm1304, 141, Seowon-ro, Wansan-gu, Jeonju, Jeonbuk, Korea",www.jnsglobalkorea.com
2019 상반기 대규모 수출상담회(BKF),aT센터 1층 제1전시장,2019,5,22,"DELLOS F&B CO.,LTD","잼류,음료류",2013,"159, USANGONGDAN-GIL, WONJU-SI, GANGWON-DO",N
2019 상반기 대규모 수출상담회(BKF),aT센터 1층 제1전시장,2019,5,22,"SSMGLOBAL CO., LTD.","무역, 유통",2016,"385, Gulmi-ro, Juksan-myeon, Anseong-si, Gyeonggi-do, Korea",www.ssmglobal.co.kr
2019 상반기 대규모 수출상담회(BKF),aT센터 1층 제1전시장,2019,5,22,RIMAGLOBAL,"농,축,수산물가공및 판매 수출",2004,,www.rimaglobal.com
2019 상반기 대규모 수출상담회(BKF),aT센터 1층 제1전시장,2019,5,22,"UNIONE Co.,Ltd.",도매 및 상품중개업,2016,"#413, 20-38, MUGUNGHWA-RO, ILSANDONG-GU, GOYANG-SI, GYEONGGI-DO, 10401, KOREA",www.unionekr.com
2019 상반기 대규모 수출상담회(BKF),aT센터 1층 제1전시장,2019,5,22,OTTOGI CORPORATION,식품,1969,"405, Heungan-daero, Dongan-gu, Anyang-si, Gyeonggi-do, Republic of Korea",www.ottogi.co.kr
2019 상반기 대규모 수출상담회(BKF),aT센터 1층 제1전시장,2019,5,22,"[K27] PUREPLUS CO., LTD","제조, 도소매",2002,"11, Sudongnonggong-gil, Sudong-myeon, Hamyang-gun, Gyeongsangnam-do",www.pureplus.co.kr
2019 상반기 대규모 수출상담회(BKF),aT센터 1층 제1전시장,2019,5,22,"[K28] RAON CORPORATION CO., LTD.","상품 종합 도매,중개업",2018,"16?4,?Dongbaekjungang?ro,?16 Beon-gil,?Giheung?gu, Yongin?si,?Gyeonggi?do,?Republic?Of?Korea",https://success20162018.modoo.at/
2019 상반기 대규모 수출상담회(BKF),aT센터 1층 제1전시장,2019,5,22,"Okra International co.,Ltd",수출입업,2014,"#1308, Private tower Ⅱ,171, Magokjungang-ro,Gangseo-gu, Seoul, Republic of Korea 07788",www.okraint.com
2019 상반기 대규모 수출상담회(BKF),aT센터 1층 제1전시장,2019,5,22,Shinnong Agriculture Corporation,"표고분말, 곶감, 아이스홍시",2002,"618, Nangye-ro, Simcheon-myeon, Yeongdong-gun, Chungcheongbuk-do",http://gam114.com
2019 상반기 대규모 수출상담회(BKF),aT센터 1층 제1전시장,2019,5,22,[K10] FRESHIS CO LTD,무역업,2014,,http://www.freshisland.co.kr/
2019 상반기 대규모 수출상담회(BKF),aT센터 1층 제1전시장,2019,5,22,ukisaem,"제분, 농산물, 견과류",2013,"630, Sotae-ro, Sotae-myeon, Chungju-si, Chungcheongbuk-do",www.62sem.com
2019 상반기 대규모 수출상담회(BKF),aT센터 1층 제1전시장,2019,5,22,Daeheung,"농임산물가공,농임산물",2008,"180, Daebu-gill, Jillyang-eup, Gyeongsan-si, Gyeongsanbuk-do, 38441 Rep. of korea",www.alalri.co.kr
2019 상반기 대규모 수출상담회(BKF),aT센터 1층 제1전시장,2019,5,22,"HANSARANG CO,LTD",도매 수출업,2005,"103(Jinae-dong, Chungsol Mall) 50, Gimhae-daero 2725beon-gil, Gimhae-si, Gyeongsangnam-do, Korea",www.kormush.com
2019 상반기 대규모 수출상담회(BKF),aT센터 1층 제1전시장,2019,5,22,SUNNYVILLE CO,"농산물 가공, 수출, 수입, 보관",1996,"232, Ime-gil, Yangchon-myeon, Nonsan-si, Chungcheongnam-do, Korea",http://sunnyville.kr/
2019 상반기 대규모 수출상담회(BKF),aT센터 1층 제1전시장,2019,5,22,[K01] AGRICULTURAL COMPANY CORP JAYEONTEO,농산물.농산물가공.농산물,2015,"400, Seonghyeon-ro, Ilsandong-gu, Goyang-si, Gyeonggi-do",www.gentlematto.com
2019 상반기 대규모 수출상담회(BKF),aT센터 1층 제1전시장,2019,5,22,"YILIP INTERNATIONAL CO., LTD.",신선농산물무역,2015,"Room 101, 12-1, Naesammi-ro 80beon-gil, Osan-si, Gyeonggi-do, 18114, Republic of Korea",http://www.yilip.net
2019 상반기 대규모 수출상담회(BKF),aT센터 1층 제1전시장,2019,5,22,"Pohang wellbeing food Co., Ltd.","면류, 쌀가공품",2016,"104, Myeonbongsan-gil, Jukjang-myeon, Buk-gu, Pohang-si, Gyeongsangbuk-do, Korea",www.migana.co.kr
2019 상반기 대규모 수출상담회(BKF),aT센터 1층 제1전시장,2019,5,22,"JEION CO., LTD.",유아용식품,2013,"303, Cheonjam-ro, Wansan-gu, Jeollabuk-do, 55069, S.Korea",www.jeion.com
2019 상반기 대규모 수출상담회(BKF),aT센터 1층 제1전시장,2019,5,22,OTTOGI CORPORATION,식품,1969,"405, Heungan-daero, Dongan-gu, Anyang-si, Gyeonggi-do, Republic of Korea",www.ottogi.co.kr
2019 상반기 대규모 수출상담회(BKF),aT센터 1층 제1전시장,2019,5,22,SEMPIO FOODS COMPANY,식품,1946,2 CHUNGMURO JUNG GU SEOUL KOREA,www.sempio.com
2019 상반기 대규모 수출상담회(BKF),aT센터 1층 제1전시장,2019,5,22,ivycoffee,커피가공,2012,gyeong gi pyeong taek dol u mul gil 81,www.cafemano.net
2019 상반기 대규모 수출상담회(BKF),aT센터 1층 제1전시장,2019,5,22,"ASER FOOD Co., Ltd",식품수출입,2004,"130, Beodae-gil, Sangnok-gu, Ansan-si, Gyeonggi-do",www.aser.co.kr
2019 상반기 대규모 수출상담회(BKF),aT센터 1층 제1전시장,2019,5,22,"MIWAMI CO., LTD",다류 수출업 무역,2009,"840-1 Noam-dong, Namwon-si, Jeollabuk-do, Korea",www.miwami.com
2019 상반기 대규모 수출상담회(BKF),aT센터 1층 제1전시장,2019,5,22,"JNS GLOBAL CO., LTD.",무역업,2012,"Rm1304, 141, Seowon-ro, Wansan-gu, Jeonju, Jeonbuk, Korea",www.jnsglobalkorea.com
2019 상반기 대규모 수출상담회(BKF),aT센터 1층 제1전시장,2019,5,22,"DELLOS F&B CO.,LTD","잼류,음료류",2013,"159, USANGONGDAN-GIL, WONJU-SI, GANGWON-DO",N
2019 상반기 대규모 수출상담회(BKF),aT센터 1층 제1전시장,2019,5,22,"[K27] PUREPLUS CO., LTD","제조, 도소매",2002,"11, Sudongnonggong-gil, Sudong-myeon, Hamyang-gun, Gyeongsangnam-do",www.pureplus.co.kr
2019 상반기 대규모 수출상담회(BKF),aT센터 1층 제1전시장,2019,5,22,[K32] TULIP INTERNATIONAL INC.,"기타식품, 무역, 제조",1999,"37, Teheran-ro 87-gil, Gangnam-gu, Seoul",www.tulipint.com
2019 상반기 대규모 수출상담회(BKF),aT센터 1층 제1전시장,2019,5,22,"Okra International co.,Ltd",수출입업,2014,"#1308, Private tower Ⅱ,171, Magokjungang-ro,Gangseo-gu, Seoul, Republic of Korea 07788",www.okraint.com
2019 상반기 대규모 수출상담회(BKF),aT센터 1층 제1전시장,2019,5,22,IVENET,"분유, 이유식, 식품",2012,"200-38, Buma-ro, Jinjeop-eup, Namyangju-si, Gyeonggi-do",http://shop.ivenet.co.kr/
2019 상반기 대규모 수출상담회(BKF),aT센터 1층 제1전시장,2019,5,22,"YILIP INTERNATIONAL CO., LTD.",신선농산물무역,2015,"Room 101, 12-1, Naesammi-ro 80beon-gil, Osan-si, Gyeonggi-do, 18114, Republic of Korea",http://www.yilip.net
2019 상반기 대규모 수출상담회(BKF),aT센터 1층 제1전시장,2019,5,22,Hwangtorang Onion Extract Farming Association Corporation,제조,2006,"38, Cheonggyegongdan-gil, Cheonggye-myeon, Muan-gun, Jeollanam-do",www.muanonion.co.kr
2019 상반기 대규모 수출상담회(BKF),aT센터 1층 제1전시장,2019,5,22,"JEONGNAMJIN JANGHEUNG OAK MUSHROOM CO.,LTD",표고버섯 등 농산물 가공무역업,2011,"38-7 Neanguryonggil  Busanmyeon Jangheunggun Jeollanamdo, Korea",jjpyogo@naver.com
2019 상반기 대규모 수출상담회(BKF),aT센터 1층 제1전시장,2019,5,22,Gwangju Jeon-nam Ewport Co-operative,수출업,2019,"Sangdeung-ri, Masan-myeon, Haenam-gun, Jeollanam-do, 1116",
2019 상반기 대규모 수출상담회(BKF),aT센터 1층 제1전시장,2019,5,22,goldenjs,농산물,2018,"2F 3F, Kyung Min B/D, 103 Geumnanghwa-ro, Gangseo-gu, Seoul, Korea",http://www.goldenjs.com/
2019 상반기 대규모 수출상담회(BKF),aT센터 1층 제1전시장,2019,5,22,"HANSARANG CO,LTD",도매 수출업,2005,"103(Jinae-dong, Chungsol Mall) 50, Gimhae-daero 2725beon-gil, Gimhae-si, Gyeongsangnam-do, Korea",www.kormush.com
2019 상반기 대규모 수출상담회(BKF),aT센터 1층 제1전시장,2019,5,22,"Sejong Brewing Co.,Ltd.","탁주, 약주, 증류식소주, 리큐르주, 기타주류",2007,"5-2, Sacheon-ro 18beon-gil, cheongwon gu, cheongu-si chungcheongbui-do, korea",http://www.sejongricewine.com
2019 상반기 대규모 수출상담회(BKF),aT센터 1층 제1전시장,2019,5,22,"3B NETWORKS CO., LTD.","씨리얼바,넛트바,초콜릿바",2008,"48, Namdongseo-ro 113beon-gil, Namdong-gu, Incheon","www,thetime.or.kr"
2019 상반기 대규모 수출상담회(BKF),aT센터 1층 제1전시장,2019,5,22,seyeonfoods,유통 식품가공,2013,,www.nadrifs.co.kr
2019 상반기 대규모 수출상담회(BKF),aT센터 1층 제1전시장,2019,5,22,"SUNBONG FOOD CO., LTD.",식품가공업,2013,"31, Geomdan-ro 93beon-gil, Seo-gu, Incheon, Korea",www.sunbong.net
2019 상반기 대규모 수출상담회(BKF),aT센터 1층 제1전시장,2019,5,22,Shinnong Agriculture Corporation,"표고분말, 곶감, 아이스홍시",2002,"618, Nangye-ro, Simcheon-myeon, Yeongdong-gun, Chungcheongbuk-do",http://gam114.com
2019 상반기 대규모 수출상담회(BKF),aT센터 1층 제1전시장,2019,5,22,"BAEKGYUN FOOD SYSTEM CO.,LTD",무역,2006,"136 BANG HAK RO, DO BONG GU, SEOUL,KOREA",N
2019 상반기 대규모 수출상담회(BKF),aT센터 1층 제1전시장,2019,5,22,[K01] AGRICULTURAL COMPANY CORP JAYEONTEO,농산물.농산물가공.농산물,2015,"400, Seonghyeon-ro, Ilsandong-gu, Goyang-si, Gyeonggi-do",www.gentlematto.com
2019 상반기 대규모 수출상담회(BKF),aT센터 1층 제1전시장,2019,5,22,"JEION CO., LTD.",유아용식품,2013,"303, Cheonjam-ro, Wansan-gu, Jeollabuk-do, 55069, S.Korea",www.jeion.com
2019 상반기 대규모 수출상담회(BKF),aT센터 1층 제1전시장,2019,5,22,"SANDOL FOOD., LTD","전분, 사료, 면류",2001,"1009-9, Seorak-ro, Hongcheon-eup, Gangwon-do",http://www.sandolfood.co.kr
2019 상반기 대규모 수출상담회(BKF),aT센터 1층 제1전시장,2019,5,22,"CFM Commerce Co., Ltd.","식품, 무역, 농산물",2017,"No.1505 623 Gaepo-ro Gangnam-gu, Seoul, Korea",www.cfmcommerce.net
2019 상반기 대규모 수출상담회(BKF),aT센터 1층 제1전시장,2019,5,22,GLO-LEE VINCI CORP,도매/수출업,1999,"9th floor happy plus bldg., #471-2, Kumoh-dong, Uijengbu-si, Kyunggi-do, Korea",www
2019 상반기 대규모 수출상담회(BKF),aT센터 1층 제1전시장,2019,5,22,Shinnong Agriculture Corporation,"표고분말, 곶감, 아이스홍시",2002,"618, Nangye-ro, Simcheon-myeon, Yeongdong-gun, Chungcheongbuk-do",http://gam114.com
2019 상반기 대규모 수출상담회(BKF),aT센터 1층 제1전시장,2019,5,22,[K32] TULIP INTERNATIONAL INC.,"기타식품, 무역, 제조",1999,"37, Teheran-ro 87-gil, Gangnam-gu, Seoul",www.tulipint.com
2019 상반기 대규모 수출상담회(BKF),aT센터 1층 제1전시장,2019,5,22,"JEONGNAMJIN JANGHEUNG OAK MUSHROOM CO.,LTD",표고버섯 등 농산물 가공무역업,2011,"38-7 Neanguryonggil  Busanmyeon Jangheunggun Jeollanamdo, Korea",jjpyogo@naver.com
2019 상반기 대규모 수출상담회(BKF),aT센터 1층 제1전시장,2019,5,22,KORINA TRADE CO.,수출무역,2012,"Rm, 424, Wooyang Bldg, 234, Chungmu-daero, Seo-gu, Busan",www.korinatrade.com
2019 상반기 대규모 수출상담회(BKF),aT센터 1층 제1전시장,2019,5,22,"3B NETWORKS CO., LTD.","씨리얼바,넛트바,초콜릿바",2008,"48, Namdongseo-ro 113beon-gil, Namdong-gu, Incheon","www,thetime.or.kr"
2019 상반기 대규모 수출상담회(BKF),aT센터 1층 제1전시장,2019,5,22,EVERFARM AGRICULTURAL CORP.,농산물생산및유통,2015,"31, Yeondong-gil, Sinbuk-myeon, Yeongam-gun, Jeollanam-do",
2019 상반기 대규모 수출상담회(BKF),aT센터 1층 제1전시장,2019,5,22,SFC,도소매,2002,"190, Yulgok-ro, Jongno-gu, Seoul",www.safegg.com.hk
2019 상반기 대규모 수출상담회(BKF),aT센터 1층 제1전시장,2019,5,22,"[K13] GOOD MORNING KOREA CO., LTD","무역업,농산물유통,판매",2009,"604, Cheonho-daero, Gwangjin-gu, Seoul",gmkfresh.com
2019 상반기 대규모 수출상담회(BKF),aT센터 1층 제1전시장,2019,5,22,"GEUMSANMALL CO.,LTD",인삼 홍삼식품 제조,2009,,geumsan.co.kr
2019 상반기 대규모 수출상담회(BKF),aT센터 1층 제1전시장,2019,5,22,"INSAN BAMBOO SALT, Inc.",식품,1998,"99-25, Dabyeot-gil, Byeonggok-myeon, Hamyang-gun, Gyeongsangnam-do, Republic of Korea",www.insan.com
2019 상반기 대규모 수출상담회(BKF),aT센터 1층 제1전시장,2019,5,22,[K10] FRESHIS CO LTD,무역업,2014,,http://www.freshisland.co.kr/
2019 상반기 대규모 수출상담회(BKF),aT센터 1층 제1전시장,2019,5,22,"IIKIM CO.,LTD.","김치,반찬류",2005,"35,GEUMGUL4-GIL,BO-EUN-EUP,BO-EUN-GUN,CHUNGCHEONGBUK-DO,KOREA",http://www.iikim.co.kr
2019 상반기 대규모 수출상담회(BKF),aT센터 1층 제1전시장,2019,5,22,taepyung salt,제조업 도소매,2009,"1650-37 Daecho-ri, Jeungdo-myeon, Sinan-gun, Jeollanam-do, Korea",www.taepyungsalt.com
2019 상반기 대규모 수출상담회(BKF),aT센터 1층 제1전시장,2019,5,22,"[K13] GOOD MORNING KOREA CO., LTD","무역업,농산물유통,판매",2009,"604, Cheonho-daero, Gwangjin-gu, Seoul",gmkfresh.com
2019 상반기 대규모 수출상담회(BKF),aT센터 1층 제1전시장,2019,5,22,"GEUMSANMALL CO.,LTD",인삼 홍삼식품 제조,2009,,geumsan.co.kr
2019 상반기 대규모 수출상담회(BKF),aT센터 1층 제1전시장,2019,5,22,"Daedong Korea Ginseng Co.,Ltd",홍삼제품. 건강제품. 통신판매업,2002,"ChungNam GeumsanGun, GunbukMyeon, GunbukRo, 586",http://www.hongsamgeon.co.kr
2019 상반기 대규모 수출상담회(BKF),aT센터 1층 제1전시장,2019,5,22,jayounhyanggi,식품제조도소매,2012,"248 Akyang-dong-ro, Akyang-myeon, Hadong-gun, Gyeongsangnam-do, South Korea",http://www.jayounmi.com
2019 상반기 대규모 수출상담회(BKF),aT센터 1층 제1전시장,2019,5,22,CJ Freshway Corporation,기타음식료품외.과일및채소.축산물.냉동수산물.특정주,1988,"32, Gigok-ro, Giheung-gu, Yongin-si, Gyeonggi-do, Republic of Korea",www.cjfreshway.com
2019 상반기 대규모 수출상담회(BKF),aT센터 1층 제1전시장,2019,5,22,EVERFARM AGRICULTURAL CORP.,농산물생산및유통,2015,"31, Yeondong-gil, Sinbuk-myeon, Yeongam-gun, Jeollanam-do",
2019 상반기 대규모 수출상담회(BKF),aT센터 1층 제1전시장,2019,5,22,"EBICHE CO.,LTD",제조업,2000,"21, HWANGGANG GONGDANGIL, IMGOMYUN, YOUNGCHUN, GYEONGSANGBUKDO, KOREA",www.ebiche.com
2019 상반기 대규모 수출상담회(BKF),aT센터 1층 제1전시장,2019,5,22,"DAEKWANG F&G CO.,LTD",제조업외,1990,"1530-2, Seobu-ro, Juchon-myeon, Gimhae-si, Geongsangnam-do, Korea",www.dkfng.com
2019 상반기 대규모 수출상담회(BKF),aT센터 1층 제1전시장,2019,5,22,Daeheung,"농임산물가공,농임산물",2008,"180, Daebu-gill, Jillyang-eup, Gyeongsan-si, Gyeongsanbuk-do, 38441 Rep. of korea",www.alalri.co.kr
2019 상반기 대규모 수출상담회(BKF),aT센터 1층 제1전시장,2019,5,22,goldenjs,농산물,2018,"2F 3F, Kyung Min B/D, 103 Geumnanghwa-ro, Gangseo-gu, Seoul, Korea",http://www.goldenjs.com/
2019 상반기 대규모 수출상담회(BKF),aT센터 1층 제1전시장,2019,5,22,choco cyber,"무역, 도소매업,",1995,,www.chococyber.co.kr
2019 상반기 대규모 수출상담회(BKF),aT센터 1층 제1전시장,2019,5,22,"SERIM HYUNMI CO., LTD.",식물성유지,2003,"24, Gongdan 1-gil, Jeongeup-si, Jeollabuk-do, 56154, Republic of Korea",www.serim.kr
2019 상반기 대규모 수출상담회(BKF),aT센터 1층 제1전시장,2019,5,22,choco cyber,"무역, 도소매업,",1995,,www.chococyber.co.kr
2019 상반기 대규모 수출상담회(BKF),aT센터 1층 제1전시장,2019,5,22,Hosung Farming Corp.,제조,2016,"36, Yongjeonjidong-gil, Bonghwang-myeon, Naju-si, Jeollanam-do, Korea",http://www.oberryya.co.kr
2019 상반기 대규모 수출상담회(BKF),aT센터 1층 제1전시장,2019,5,22,DONJIN TRADING,도매,2006,"72-14, Jeolgol-gil, Osan-si, Gyeonggi-do",
2019 상반기 대규모 수출상담회(BKF),aT센터 1층 제1전시장,2019,5,22,Daywell Inc,기타잼류,2014,"64-34,Dangsangangbyun-ro,Muju-eup,Muju-gun,Jeollabuk-do,Korea",www.ramiefood.com
2019 상반기 대규모 수출상담회(BKF),aT센터 1층 제1전시장,2019,5,22,MyungSung Agrilcultural Corp.,농산물,2003,"Agricultural Food and Fisheries Export Center, Yangjae-daero 932, Songpa-gu, Seoul",없음
2019 상반기 대규모 수출상담회(BKF),aT센터 1층 제1전시장,2019,5,22,"SSMGLOBAL CO., LTD.","무역, 유통",2016,"385, Gulmi-ro, Juksan-myeon, Anseong-si, Gyeonggi-do, Korea",www.ssmglobal.co.kr
2019 상반기 대규모 수출상담회(BKF),aT센터 1층 제1전시장,2019,5,22,seyeonfoods,유통 식품가공,2013,,www.nadrifs.co.kr
2019 상반기 대규모 수출상담회(BKF),aT센터 1층 제1전시장,2019,5,22,UNIONTECH Corp.,제조업,2004,"128-71, Wolsan-ro, Eumbong-myeon, Asan-si, Chungcheongnam-do, Republic of Korea",www.malrin.co.kr
2019 상반기 대규모 수출상담회(BKF),aT센터 1층 제1전시장,2019,5,22,EVERFARM AGRICULTURAL CORP.,농산물생산및유통,2015,"31, Yeondong-gil, Sinbuk-myeon, Yeongam-gun, Jeollanam-do",
2019 상반기 대규모 수출상담회(BKF),aT센터 1층 제1전시장,2019,5,22,"YILIP INTERNATIONAL CO., LTD.",신선농산물무역,2015,"Room 101, 12-1, Naesammi-ro 80beon-gil, Osan-si, Gyeonggi-do, 18114, Republic of Korea",http://www.yilip.net
2019 상반기 대규모 수출상담회(BKF),aT센터 1층 제1전시장,2019,5,22,"Welltural.Co.,Ltd","견과, 시리얼, 선식, 체중조절식품",2002,"17, Saneopdanji 3-gil, Pungsan-eup, Andong-si, Gyeongsangbuk-do",www.welltural.co.kr
2019 상반기 대규모 수출상담회(BKF),aT센터 1층 제1전시장,2019,5,22,"INTAKE CO., LTD.",식품등각종산업재및소비재,2013,"116, Myeongdal-ro, Seocho-gu, Seoul, Republic of Korea",https://www.intakefoods.kr/ko/
2019 상반기 대규모 수출상담회(BKF),aT센터 1층 제1전시장,2019,5,22,GEONWON TRADE,"무역,식품, 유아식품",2016,"10, Gangnam-daero 51-gil, Seocho-gu, Seoul",
2019 상반기 대규모 수출상담회(BKF),aT센터 1층 제1전시장,2019,5,22,"IIAMHUB Co., Ltd.","농수산물, 제과, 식료품",2018,"7, Hangang-daero 48-gil, Yongsan-gu, Seoul",http://iiam.co.kr
2019 상반기 대규모 수출상담회(BKF),aT센터 1층 제1전시장,2019,5,22,"SAMMI COMMERCE CO.,LTD.",무역.식품잡화.통신판매,1994,"3F, 296, Jungdae-ro, Songpa-gu, Seoul, 05724, Korea",www.sammicms.co.kr
2019 상반기 대규모 수출상담회(BKF),aT센터 1층 제1전시장,2019,5,22,[K10] FRESHIS CO LTD,무역업,2014,,http://www.freshisland.co.kr/
2019 상반기 대규모 수출상담회(BKF),aT센터 1층 제1전시장,2019,5,22,"SD Korea CO., Ltd","제조, 도소매",2015,"70, Baksan-ro, Yuseong-gu, Daejeon",www.sd-korea.co.kr
2019 상반기 대규모 수출상담회(BKF),aT센터 1층 제1전시장,2019,5,22,"UNIONE Co.,Ltd.",도매 및 상품중개업,2016,"#413, 20-38, MUGUNGHWA-RO, ILSANDONG-GU, GOYANG-SI, GYEONGGI-DO, 10401, KOREA",www.unionekr.com
2019 상반기 대규모 수출상담회(BKF),aT센터 1층 제1전시장,2019,5,22,Quali Korea Corp.,"수출입업무,수출대행업,오퍼",2003,"52, Achasan-ro 15-gil, Seongdong-gu, Seoul",www.qkcfamily.com
2019 상반기 대규모 수출상담회(BKF),aT센터 1층 제1전시장,2019,5,22,"BONWORLD CO., LTD.","무역, 농수산물",2014,"Bonworld Mission Center B/D 3F, 31, Yangcheon-ro 75-gil Gangseo-gu, Seoul, Korea",www.bonworld.co.kr
2019 상반기 대규모 수출상담회(BKF),aT센터 1층 제1전시장,2019,5,22,"hanyangfood co.,",떡,1999,"144-34,geombawi-gil,wolong myeon,paju-si,gyeonggido,korea",www.hyfood.kr
2019 상반기 대규모 수출상담회(BKF),aT센터 1층 제1전시장,2019,5,22,"JEION CO., LTD.",유아용식품,2013,"303, Cheonjam-ro, Wansan-gu, Jeollabuk-do, 55069, S.Korea",www.jeion.com
2019 상반기 대규모 수출상담회(BKF),aT센터 1층 제1전시장,2019,5,22,"[K09] FINE FT CO., LTD","식품제조가공업, 식품첨가물제조업 등",2007,"3524, Charyeong-ro, Jeongan-myeon, Gongju-si, Chungcheongnam-do, 32511, South Korea",www.fineft.co.kr
2019 상반기 대규모 수출상담회(BKF),aT센터 1층 제1전시장,2019,5,22,"LOTTE FOODS CO.,LTD.","유가공, 빙과, 식용유지, 육가공 등",1958,"19, Yangpyeong-ro 19-gil, Yeongdeungpo-gu, Seoul",www.lottefoods.co.kr
2019 상반기 대규모 수출상담회(BKF),aT센터 1층 제1전시장,2019,5,22,"[K13] GOOD MORNING KOREA CO., LTD","무역업,농산물유통,판매",2009,"604, Cheonho-daero, Gwangjin-gu, Seoul",gmkfresh.com
2019 상반기 대규모 수출상담회(BKF),aT센터 1층 제1전시장,2019,5,22,"Chaseo Connctome Co., Ltd.","서비스, 제조, 도소매, 음식점",2012,"14, Nambusunhwan-ro 378-gil, Gangnam-gu, Seoul",
2019 상반기 대규모 수출상담회(BKF),aT센터 1층 제1전시장,2019,5,22,GEONWON TRADE,"무역,식품, 유아식품",2016,"10, Gangnam-daero 51-gil, Seocho-gu, Seoul",
2019 상반기 대규모 수출상담회(BKF),aT센터 1층 제1전시장,2019,5,22,[K32] TULIP INTERNATIONAL INC.,"기타식품, 무역, 제조",1999,"37, Teheran-ro 87-gil, Gangnam-gu, Seoul",www.tulipint.com
2019 상반기 대규모 수출상담회(BKF),aT센터 1층 제1전시장,2019,5,22,"[K13] GOOD MORNING KOREA CO., LTD","무역업,농산물유통,판매",2009,"604, Cheonho-daero, Gwangjin-gu, Seoul",gmkfresh.com
2019 상반기 대규모 수출상담회(BKF),aT센터 1층 제1전시장,2019,5,22,"Honestfood Co., Ltd",제조,2014,"59-11 Biseongnal-ro, Deokjin-gu, Jeonju-si, Jeollabuk-do South Korea",www.honestfood.co.kr
2019 상반기 대규모 수출상담회(BKF),aT센터 1층 제1전시장,2019,5,22,"SD Food Co., Ltd.","제조업, 도소매업, 서비스업",2015,,
2019 상반기 대규모 수출상담회(BKF),aT센터 1층 제1전시장,2019,5,22,Maniker F&G,육가공품 외,2004,"36-2 144 St. Baekokdaero Yidong-myeon Cheoin-gu Gyeonggi-do, Yongin-si, Korea(63701 Hwasan-ri, Yidong-myeon)",www.maniker.com
2019 상반기 대규모 수출상담회(BKF),aT센터 1층 제1전시장,2019,5,22,UNIONTECH Corp.,제조업,2004,"128-71, Wolsan-ro, Eumbong-myeon, Asan-si, Chungcheongnam-do, Republic of Korea",www.malrin.co.kr
2019 상반기 대규모 수출상담회(BKF),aT센터 1층 제1전시장,2019,5,22,"GEUMSAN BLACK GINSENG CO.,LTD.",식품 제조업,2013,"15, Insamyakchogongdan-ro, Buri-myeon, Geumsan-gun, Chungcheongnam-do",www.geumheuk.com
2019 상반기 대규모 수출상담회(BKF),aT센터 1층 제1전시장,2019,5,22,JK partners,"제조업,도소매업",2017,"2F, 33, Cheombok-ro, Dong-gu, Daegu",www.jk-partners.co.kr
2019 상반기 대규모 수출상담회(BKF),aT센터 1층 제1전시장,2019,5,22,MyungSung Agrilcultural Corp.,농산물,2003,"Agricultural Food and Fisheries Export Center, Yangjae-daero 932, Songpa-gu, Seoul",없음
2019 상반기 대규모 수출상담회(BKF),aT센터 1층 제1전시장,2019,5,22,GLO-LEE VINCI CORP,도매/수출업,1999,"9th floor happy plus bldg., #471-2, Kumoh-dong, Uijengbu-si, Kyunggi-do, Korea",www
2019 상반기 대규모 수출상담회(BKF),aT센터 1층 제1전시장,2019,5,22,GLO-LEE VINCI CORP,도매/수출업,1999,"9th floor happy plus bldg., #471-2, Kumoh-dong, Uijengbu-si, Kyunggi-do, Korea",www
2019 상반기 대규모 수출상담회(BKF),aT센터 1층 제1전시장,2019,5,22,KF TRADING,무역,2002,"86-1, Jungang-ro 1275beon-gil, Ilsandong-gu, Goyang-si, Gyeonggi-do",
2019 상반기 대규모 수출상담회(BKF),aT센터 1층 제1전시장,2019,5,22,[K24] NATUREGANIC SEOWON CORPORATION,제조,2017,"(12773) 17-99, Opo-ro 171beon-gil, Opo-eup, Gwangju-si, Gyeonggi-do, Republic of Korea",www.berrykle.com
2019 상반기 대규모 수출상담회(BKF),aT센터 1층 제1전시장,2019,5,22,Hosung Farming Corp.,제조,2016,"36, Yongjeonjidong-gil, Bonghwang-myeon, Naju-si, Jeollanam-do, Korea",http://www.oberryya.co.kr
2019 상반기 대규모 수출상담회(BKF),aT센터 1층 제1전시장,2019,5,22,IVENET,"분유, 이유식, 식품",2012,"200-38, Buma-ro, Jinjeop-eup, Namyangju-si, Gyeonggi-do",http://shop.ivenet.co.kr/
2019 상반기 대규모 수출상담회(BKF),aT센터 1층 제1전시장,2019,5,22,"ASIAN FOOD SERVICE CO.,LTD","수출입업,무역업",2015,"Geumjeong Hiview 305, 153-8, LS-ro Gunpo-si, Gyeonggi-do, Republic of Korea (Zip:435-805)",www.asianfoods.co.kr
2019 상반기 대규모 수출상담회(BKF),aT센터 1층 제1전시장,2019,5,22,"BAEKGYUN FOOD SYSTEM CO.,LTD",무역,2006,"136 BANG HAK RO, DO BONG GU, SEOUL,KOREA",N
2019 상반기 대규모 수출상담회(BKF),aT센터 1층 제1전시장,2019,5,22,"Taewoongfood Co.,Ltd.",제조,2000,"21, Daegeum-ro 196beon-gil, Daeso-myeon, Eumseong-gun, Chungcheongbuk-do, Korea",http://www.twfood.co.kr
2019 상반기 대규모 수출상담회(BKF),aT센터 1층 제1전시장,2019,5,22,OTTOGI CORPORATION,식품,1969,"405, Heungan-daero, Dongan-gu, Anyang-si, Gyeonggi-do, Republic of Korea",www.ottogi.co.kr
2019 상반기 대규모 수출상담회(BKF),aT센터 1층 제1전시장,2019,5,22,JINSUNG F.M,"식품 및 첨가물, 무역(식품 및 첨가물, 식품)",1994,"Chorok-Ro, Yanggam-myun, Hwasung Si Kyunggi-do Korea",www.jsfm.co.kr
2019 상반기 대규모 수출상담회(BKF),aT센터 1층 제1전시장,2019,5,22,EVERFARM AGRICULTURAL CORP.,농산물생산및유통,2015,"31, Yeondong-gil, Sinbuk-myeon, Yeongam-gun, Jeollanam-do",
2019 상반기 대규모 수출상담회(BKF),aT센터 1층 제1전시장,2019,5,22,"INTAKE CO., LTD.",식품등각종산업재및소비재,2013,"116, Myeongdal-ro, Seocho-gu, Seoul, Republic of Korea",https://www.intakefoods.kr/ko/
2019 상반기 대규모 수출상담회(BKF),aT센터 1층 제1전시장,2019,5,22,"JEION CO., LTD.",유아용식품,2013,"303, Cheonjam-ro, Wansan-gu, Jeollabuk-do, 55069, S.Korea",www.jeion.com
2019 상반기 대규모 수출상담회(BKF),aT센터 1층 제1전시장,2019,5,22,"YEIN TRADING & GLOBAL Co., Ltd.","음료, 무역",2008,"71, Cheongjeongsikpumdanji-gil, Donggang-myeon, Goheung-gun, Jeollanam-do",www.yeintng.com
2019 상반기 대규모 수출상담회(BKF),aT센터 1층 제1전시장,2019,5,22,"IIKIM CO.,LTD.","김치,반찬류",2005,"35,GEUMGUL4-GIL,BO-EUN-EUP,BO-EUN-GUN,CHUNGCHEONGBUK-DO,KOREA",http://www.iikim.co.kr
2019 상반기 대규모 수출상담회(BKF),aT센터 1층 제1전시장,2019,5,22,[K01] AGRICULTURAL COMPANY CORP JAYEONTEO,농산물.농산물가공.농산물,2015,"400, Seonghyeon-ro, Ilsandong-gu, Goyang-si, Gyeonggi-do",www.gentlematto.com
2019 상반기 대규모 수출상담회(BKF),aT센터 1층 제1전시장,2019,5,22,CJ Freshway Corporation,기타음식료품외.과일및채소.축산물.냉동수산물.특정주,1988,"32, Gigok-ro, Giheung-gu, Yongin-si, Gyeonggi-do, Republic of Korea",www.cjfreshway.com
2019 상반기 대규모 수출상담회(BKF),aT센터 1층 제1전시장,2019,5,22,"JEONG HWA FOODS CO.,LTD.",manufacturing,1987,,http://jeonghwa.koreasme.com/index.htm
2019 상반기 대규모 수출상담회(BKF),aT센터 1층 제1전시장,2019,5,22,seasoner,"양념육, 통조림, 김치",2000,"712, CHILBO-, CHEONGAN-MYEON, GOESAN-GUN, CHUNG-BUK",www.dhfoods1.kr
2019 상반기 대규모 수출상담회(BKF),aT센터 1층 제1전시장,2019,5,22,"Nokchawon Co., Ltd.","무역, 다류식품",1992,"84, Seocho-daero 4-gil, Seocho-gu, Seoul",www.nokchawon.co.kr
2019 상반기 대규모 수출상담회(BKF),aT센터 1층 제1전시장,2019,5,22,Willingness Inc.,무역,2018,,
2019 상반기 대규모 수출상담회(BKF),aT센터 1층 제1전시장,2019,5,22,SAMJIN GLOBALNET,"무역업, 임대",1970,,N
2019 상반기 대규모 수출상담회(BKF),aT센터 1층 제1전시장,2019,5,22,CJ Freshway Corporation,기타음식료품외.과일및채소.축산물.냉동수산물.특정주,1988,"32, Gigok-ro, Giheung-gu, Yongin-si, Gyeonggi-do, Republic of Korea",www.cjfreshway.com
2019 상반기 대규모 수출상담회(BKF),aT센터 1층 제1전시장,2019,5,22,firefly yuja farming union act,농업 도소매업,2017,jeollanam-do gohung-gun gyeongnam province harim road in 60-3,Www.yuja.kr
2019 상반기 대규모 수출상담회(BKF),aT센터 1층 제1전시장,2019,5,22,JINSUNG F.M,"식품 및 첨가물, 무역(식품 및 첨가물, 식품)",1994,"Chorok-Ro, Yanggam-myun, Hwasung Si Kyunggi-do Korea",www.jsfm.co.kr
2019 상반기 대규모 수출상담회(BKF),aT센터 1층 제1전시장,2019,5,22,CJ Freshway Corporation,기타음식료품외.과일및채소.축산물.냉동수산물.특정주,1988,"32, Gigok-ro, Giheung-gu, Yongin-si, Gyeonggi-do, Republic of Korea",www.cjfreshway.com
2019 상반기 대규모 수출상담회(BKF),aT센터 1층 제1전시장,2019,5,22,"NONGSHIM CO.,LTD.","라면류, 스낵류",1965,"112  YEODAEBANG-RO, DONGJAK-GU, SEOUL, KOREA",www.nongshim.com
2019 상반기 대규모 수출상담회(BKF),aT센터 1층 제1전시장,2019,5,22,JINSUNG F.M,"식품 및 첨가물, 무역(식품 및 첨가물, 식품)",1994,"Chorok-Ro, Yanggam-myun, Hwasung Si Kyunggi-do Korea",www.jsfm.co.kr
2019 상반기 대규모 수출상담회(BKF),aT센터 1층 제1전시장,2019,5,22,Eromglobal,"무역, 농산물, 건강식품",2015,"111, Toegyenonggong-ro, Chuncheon-si, Gangwon-do, Korea",www.erom.co.kr
2019 상반기 대규모 수출상담회(BKF),aT센터 1층 제1전시장,2019,5,22,"CFM Commerce Co., Ltd.","식품, 무역, 농산물",2017,"No.1505 623 Gaepo-ro Gangnam-gu, Seoul, Korea",www.cfmcommerce.net
2019 상반기 대규모 수출상담회(BKF),aT센터 1층 제1전시장,2019,5,22,"NONGSHIM CO.,LTD.","라면류, 스낵류",1965,"112  YEODAEBANG-RO, DONGJAK-GU, SEOUL, KOREA",www.nongshim.com
2019 상반기 대규모 수출상담회(BKF),aT센터 1층 제1전시장,2019,5,22,"CFM Commerce Co., Ltd.","식품, 무역, 농산물",2017,"No.1505 623 Gaepo-ro Gangnam-gu, Seoul, Korea",www.cfmcommerce.net
2019 상반기 대규모 수출상담회(BKF),aT센터 1층 제1전시장,2019,5,22,Daywell Inc,기타잼류,2014,"64-34,Dangsangangbyun-ro,Muju-eup,Muju-gun,Jeollabuk-do,Korea",www.ramiefood.com
2019 상반기 대규모 수출상담회(BKF),aT센터 1층 제1전시장,2019,5,22,"LOTTE FOODS CO.,LTD.","유가공, 빙과, 식용유지, 육가공 등",1958,"19, Yangpyeong-ro 19-gil, Yeongdeungpo-gu, Seoul",www.lottefoods.co.kr
2019 상반기 대규모 수출상담회(BKF),aT센터 1층 제1전시장,2019,5,22,PrimeOra,기능성음료,2015,"101, Jurye-ro, Sasang-gu, Busan",Y
2019 상반기 대규모 수출상담회(BKF),aT센터 1층 제1전시장,2019,5,22,choco cyber,"무역, 도소매업,",1995,,www.chococyber.co.kr
2019 상반기 대규모 수출상담회(BKF),aT센터 1층 제1전시장,2019,5,22,"ROC.CO.,Ltd","건강컨텐츠 연구개발, 식품, 무역",2016,"3, Munhwachon-ro, Pyeongtaek-si, Gyeonggi-do",www.exstore.kr / www.baoshop.kr
2019 상반기 대규모 수출상담회(BKF),aT센터 1층 제1전시장,2019,5,22,SUNNYVILLE CO,"농산물 가공, 수출, 수입, 보관",1996,"232, Ime-gil, Yangchon-myeon, Nonsan-si, Chungcheongnam-do, Korea",http://sunnyville.kr/
2019 상반기 대규모 수출상담회(BKF),aT센터 1층 제1전시장,2019,5,22,"YILIP INTERNATIONAL CO., LTD.",신선농산물무역,2015,"Room 101, 12-1, Naesammi-ro 80beon-gil, Osan-si, Gyeonggi-do, 18114, Republic of Korea",http://www.yilip.net
2019 상반기 대규모 수출상담회(BKF),aT센터 1층 제1전시장,2019,5,22,[K10] FRESHIS CO LTD,무역업,2014,,http://www.freshisland.co.kr/
2019 상반기 대규모 수출상담회(BKF),aT센터 1층 제1전시장,2019,5,22,seyeonfoods,유통 식품가공,2013,,www.nadrifs.co.kr
2019 상반기 대규모 수출상담회(BKF),aT센터 1층 제1전시장,2019,5,22,MyungSung Agrilcultural Corp.,농산물,2003,"Agricultural Food and Fisheries Export Center, Yangjae-daero 932, Songpa-gu, Seoul",없음
2019 상반기 대규모 수출상담회(BKF),aT센터 1층 제1전시장,2019,5,22,"IIAMHUB Co., Ltd.","농수산물, 제과, 식료품",2018,"7, Hangang-daero 48-gil, Yongsan-gu, Seoul",http://iiam.co.kr
2019 상반기 대규모 수출상담회(BKF),aT센터 1층 제1전시장,2019,5,22,"ASER FOOD Co., Ltd",식품수출입,2004,"130, Beodae-gil, Sangnok-gu, Ansan-si, Gyeonggi-do",www.aser.co.kr
2019 상반기 대규모 수출상담회(BKF),aT센터 1층 제1전시장,2019,5,22,SLOWFOOD Farming Corp.,"농산물, 전자상거래업",2010,"317-22, Hwasim-gil, Hadong-eup, Hadong-gun, Gyeongsangnam-do, Republic of Korea",http://firstmaesil.com/
2019 상반기 대규모 수출상담회(BKF),aT센터 1층 제1전시장,2019,5,22,"JEONG HWA FOODS CO.,LTD.",manufacturing,1987,,http://jeonghwa.koreasme.com/index.htm
2019 상반기 대규모 수출상담회(BKF),aT센터 1층 제1전시장,2019,5,22,"Welltural.Co.,Ltd","견과, 시리얼, 선식, 체중조절식품",2002,"17, Saneopdanji 3-gil, Pungsan-eup, Andong-si, Gyeongsangbuk-do",www.welltural.co.kr
2019 상반기 대규모 수출상담회(BKF),aT센터 1층 제1전시장,2019,5,22,DONJIN TRADING,도매,2006,"72-14, Jeolgol-gil, Osan-si, Gyeonggi-do",
2019 상반기 대규모 수출상담회(BKF),aT센터 1층 제1전시장,2019,5,22,ARIUL FISH LLC,"제조업,도소매",2010,"103-15, Sipjadeul-ro, Seongsan-myeon, Gunsan-si, Jeollabuk-do",www.gold-fish.kr
2019 상반기 대규모 수출상담회(BKF),aT센터 1층 제1전시장,2019,5,22,"IIAMHUB Co., Ltd.","농수산물, 제과, 식료품",2018,"7, Hangang-daero 48-gil, Yongsan-gu, Seoul",http://iiam.co.kr
2019 상반기 대규모 수출상담회(BKF),aT센터 1층 제1전시장,2019,5,22,seasoner,"양념육, 통조림, 김치",2000,"712, CHILBO-, CHEONGAN-MYEON, GOESAN-GUN, CHUNG-BUK",www.dhfoods1.kr
2019 상반기 대규모 수출상담회(BKF),aT센터 1층 제1전시장,2019,5,22,"LOTTE FOODS CO.,LTD.","유가공, 빙과, 식용유지, 육가공 등",1958,"19, Yangpyeong-ro 19-gil, Yeongdeungpo-gu, Seoul",www.lottefoods.co.kr
2019 상반기 대규모 수출상담회(BKF),aT센터 1층 제1전시장,2019,5,22,"JEION CO., LTD.",유아용식품,2013,"303, Cheonjam-ro, Wansan-gu, Jeollabuk-do, 55069, S.Korea",www.jeion.com
2019 상반기 대규모 수출상담회(BKF),aT센터 1층 제1전시장,2019,5,22,"BAEKGYUN FOOD SYSTEM CO.,LTD",무역,2006,"136 BANG HAK RO, DO BONG GU, SEOUL,KOREA",N
2019 상반기 대규모 수출상담회(BKF),aT센터 1층 제1전시장,2019,5,22,Quali Korea Corp.,"수출입업무,수출대행업,오퍼",2003,"52, Achasan-ro 15-gil, Seongdong-gu, Seoul",www.qkcfamily.com
2019 상반기 대규모 수출상담회(BKF),aT센터 1층 제1전시장,2019,5,22,ivycoffee,커피가공,2012,gyeong gi pyeong taek dol u mul gil 81,www.cafemano.net
2019 상반기 대규모 수출상담회(BKF),aT센터 1층 제1전시장,2019,5,22,goldenjs,농산물,2018,"2F 3F, Kyung Min B/D, 103 Geumnanghwa-ro, Gangseo-gu, Seoul, Korea",http://www.goldenjs.com/
2019 상반기 대규모 수출상담회(BKF),aT센터 1층 제1전시장,2019,5,22,"JNS GLOBAL CO., LTD.",무역업,2012,"Rm1304, 141, Seowon-ro, Wansan-gu, Jeonju, Jeonbuk, Korea",www.jnsglobalkorea.com
2019 상반기 대규모 수출상담회(BKF),aT센터 1층 제1전시장,2019,5,22,"Okra International co.,Ltd",수출입업,2014,"#1308, Private tower Ⅱ,171, Magokjungang-ro,Gangseo-gu, Seoul, Republic of Korea 07788",www.okraint.com
2019 상반기 대규모 수출상담회(BKF),aT센터 1층 제1전시장,2019,5,22,"[K28] RAON CORPORATION CO., LTD.","상품 종합 도매,중개업",2018,"16?4,?Dongbaekjungang?ro,?16 Beon-gil,?Giheung?gu, Yongin?si,?Gyeonggi?do,?Republic?Of?Korea",https://success20162018.modoo.at/
2019 상반기 대규모 수출상담회(BKF),aT센터 1층 제1전시장,2019,5,22,Hanbando Inc.,농산물,2017,"11, Gaya-ro 66-gil, Jillyang-eup, Gyeongsan-si, Gyeongsangbuk-do",https://hanbandokr.com
2019 상반기 대규모 수출상담회(BKF),aT센터 1층 제1전시장,2019,5,22,HEASAN,"무역, 제조",2018,"502ho,200-9, UN village-gil, Yongsan-gu, Seoul, Republic of Korea",heasanglobal.com
2019 상반기 대규모 수출상담회(BKF),aT센터 1층 제1전시장,2019,5,22,"Argicultural Corporation Gagopa Healing Food Co., Ltd","도소매, 제조업, 도매 및 소매업",2013,"177, Samgye-ro, Naeseo-eup, Masanhoewon-gu, Changwon-si, Gyeongsangnam-do, Republic of Korea",kfoods.kr
2019 상반기 대규모 수출상담회(BKF),aT센터 1층 제1전시장,2019,5,22,"[K02] AGRICULTURAL CORPORATION JANGHEUNG FOOD CO., LTD.","된장, 고추장, 간장, 청국장, 식량재배",2011,"49-19 GISAN-GIL, ANYANG-MYEON JANGHEUNG-GUN JEOLLANAMDO, KOREA",www.cjjfood.com
2019 상반기 대규모 수출상담회(BKF),aT센터 1층 제1전시장,2019,5,22,"MANNAFOOD CO .,LTD","조미김, 농수산물, 해조류",2016,"97-4, Donghampyeongsandan-gil,  Hampyeong-gun, Jeollanam-do, 57141, Republic of Korea.",www.mannafood.net
2019 상반기 대규모 수출상담회(BKF),aT센터 1층 제1전시장,2019,5,22,"TAE KYUNG NONG SAN CO., LTD.",식품 제조,1979,"112, Yeouidaebang-ro, Dongjak-gu, Seoul",www.itaekyung.com
2019 상반기 대규모 수출상담회(BKF),aT센터 1층 제1전시장,2019,5,22,OKF CORPORATION,"식품,식품무역,무역(수출입업),수출대행업",1990,"54, Hakdong-ro 21-gil, Gangnam-gu, Seoul",www.okf.kr
2019 상반기 대규모 수출상담회(BKF),aT센터 1층 제1전시장,2019,5,22,SEMPIO FOODS COMPANY,식품,1946,2 CHUNGMURO JUNG GU SEOUL KOREA,www.sempio.com
2019 상반기 대규모 수출상담회(BKF),aT센터 1층 제1전시장,2019,5,22,"ROC.CO.,Ltd","건강컨텐츠 연구개발, 식품, 무역",2016,"3, Munhwachon-ro, Pyeongtaek-si, Gyeonggi-do",www.exstore.kr / www.baoshop.kr
2019 상반기 대규모 수출상담회(BKF),aT센터 1층 제1전시장,2019,5,22,"Honestfood Co., Ltd",제조,2014,"59-11 Biseongnal-ro, Deokjin-gu, Jeonju-si, Jeollabuk-do South Korea",www.honestfood.co.kr
2019 상반기 대규모 수출상담회(BKF),aT센터 1층 제1전시장,2019,5,22,goldenjs,농산물,2018,"2F 3F, Kyung Min B/D, 103 Geumnanghwa-ro, Gangseo-gu, Seoul, Korea",http://www.goldenjs.com/
2019 상반기 대규모 수출상담회(BKF),aT센터 1층 제1전시장,2019,5,22,PrimeOra,기능성음료,2015,"101, Jurye-ro, Sasang-gu, Busan",Y
2019 상반기 대규모 수출상담회(BKF),aT센터 1층 제1전시장,2019,5,22,"Youngdongseafood Co.,Ltd",식품제조 가공 소분,2004,"163,Yangji-ro,Onam-eup,Namyangju-si,Kyeunggi-do,Korea",www.ydseafood.co.kr
2019 상반기 대규모 수출상담회(BKF),aT센터 1층 제1전시장,2019,5,22,"BONWORLD CO., LTD.","무역, 농수산물",2014,"Bonworld Mission Center B/D 3F, 31, Yangcheon-ro 75-gil Gangseo-gu, Seoul, Korea",www.bonworld.co.kr
2019 상반기 대규모 수출상담회(BKF),aT센터 1층 제1전시장,2019,5,22,"SANDOL FOOD., LTD","전분, 사료, 면류",2001,"1009-9, Seorak-ro, Hongcheon-eup, Gangwon-do",http://www.sandolfood.co.kr
2019 상반기 대규모 수출상담회(BKF),aT센터 1층 제1전시장,2019,5,22,EVERFARM AGRICULTURAL CORP.,농산물생산및유통,2015,"31, Yeondong-gil, Sinbuk-myeon, Yeongam-gun, Jeollanam-do",
2019 상반기 대규모 수출상담회(BKF),aT센터 1층 제1전시장,2019,5,22,Naju Pear Agricultural Cooperative Association,무역업,1963,"32, Cheongdong-gil, Naju-si, Jeollanam-do",http://najupear.nonghyup.com
2019 상반기 대규모 수출상담회(BKF),aT센터 1층 제1전시장,2019,5,22,"HANSARANG CO,LTD",도매 수출업,2005,"103(Jinae-dong, Chungsol Mall) 50, Gimhae-daero 2725beon-gil, Gimhae-si, Gyeongsangnam-do, Korea",www.kormush.com
2019 상반기 대규모 수출상담회(BKF),aT센터 1층 제1전시장,2019,5,22,"SERIM HYUNMI CO., LTD.",식물성유지,2003,"24, Gongdan 1-gil, Jeongeup-si, Jeollabuk-do, 56154, Republic of Korea",www.serim.kr
2019 상반기 대규모 수출상담회(BKF),aT센터 1층 제1전시장,2019,5,22,"Pohang wellbeing food Co., Ltd.","면류, 쌀가공품",2016,"104, Myeonbongsan-gil, Jukjang-myeon, Buk-gu, Pohang-si, Gyeongsangbuk-do, Korea",www.migana.co.kr
2019 상반기 대규모 수출상담회(BKF),aT센터 1층 제1전시장,2019,5,22,"[K11] GAMRO700 AGRICULTURE CO., LTD.",다류,2015,"1305-54, Nochusan-ro, Wangsan-myeon, Gangneung-si, Gangwon-do",www.gamro700.com
2019 상반기 대규모 수출상담회(BKF),aT센터 1층 제1전시장,2019,5,22,donghwa,"냉동제품, 식육제품",1992,"31-201, WOLMYEONG-RO, HEUNGDEOK-GU, CHUNGCHEONGBUK-DO, KOREA","www.dhfoods1co,kr"
2019 상반기 대규모 수출상담회(BKF),aT센터 1층 제1전시장,2019,5,22,HEFS CO.,식품,2018,"51, Bokseong 15-gil, Yangmok-myeon, Chilgok-gun, Gyeongsangbuk-do",N
2019 상반기 대규모 수출상담회(BKF),aT센터 1층 제1전시장,2019,5,22,"GMF CO., LTD.","음식료품,수출입업",2006,KOREA 06774,N
2019 상반기 대규모 수출상담회(BKF),aT센터 1층 제1전시장,2019,5,22,ARIUL FISH LLC,"제조업,도소매",2010,"103-15, Sipjadeul-ro, Seongsan-myeon, Gunsan-si, Jeollabuk-do",www.gold-fish.kr
2019 상반기 대규모 수출상담회(BKF),aT센터 1층 제1전시장,2019,5,22,Eromglobal,"무역, 농산물, 건강식품",2015,"111, Toegyenonggong-ro, Chuncheon-si, Gangwon-do, Korea",www.erom.co.kr
2019 상반기 대규모 수출상담회(BKF),aT센터 1층 제1전시장,2019,5,22,MORNING FARM CO.. LTD.,수출입,2007,,www.morningfarm.kr
2019 상반기 대규모 수출상담회(BKF),aT센터 1층 제1전시장,2019,5,22,"MORE Co.,Ltd",식품 가공,2006,"113, Dodongguyeok-gil, Yeongcheon-si, Gyeongsangbuk-do",www.morekoreakimchi.com
2019 상반기 대규모 수출상담회(BKF),aT센터 1층 제1전시장,2019,5,22,"GMF CO., LTD.","음식료품,수출입업",2006,KOREA 06774,N
2019 상반기 대규모 수출상담회(BKF),aT센터 1층 제1전시장,2019,5,22,"TAE KYUNG NONG SAN CO., LTD.",식품 제조,1979,"112, Yeouidaebang-ro, Dongjak-gu, Seoul",www.itaekyung.com
2019 상반기 대규모 수출상담회(BKF),aT센터 1층 제1전시장,2019,5,22,"HAESER Products Co., Ltd.","수산물가공업,건강보조음료",2011,"79-13, Geumgwan-daero 804beon-gil, Gimhae-si, Gyeongsangnam-do, Republic of Korea",www.haeser-cnt.com
2019 상반기 대규모 수출상담회(BKF),aT센터 1층 제1전시장,2019,5,22,"JNS GLOBAL CO., LTD.",무역업,2012,"Rm1304, 141, Seowon-ro, Wansan-gu, Jeonju, Jeonbuk, Korea",www.jnsglobalkorea.com
2019 상반기 대규모 수출상담회(BKF),aT센터 1층 제1전시장,2019,5,22,HEFS CO.,식품,2018,"51, Bokseong 15-gil, Yangmok-myeon, Chilgok-gun, Gyeongsangbuk-do",N
2019 상반기 대규모 수출상담회(BKF),aT센터 1층 제1전시장,2019,5,22,"SAMMI COMMERCE CO.,LTD.",무역.식품잡화.통신판매,1994,"3F, 296, Jungdae-ro, Songpa-gu, Seoul, 05724, Korea",www.sammicms.co.kr
2019 상반기 대규모 수출상담회(BKF),aT센터 1층 제1전시장,2019,5,22,"Youngdongseafood Co.,Ltd",식품제조 가공 소분,2004,"163,Yangji-ro,Onam-eup,Namyangju-si,Kyeunggi-do,Korea",www.ydseafood.co.kr
2019 상반기 대규모 수출상담회(BKF),aT센터 1층 제1전시장,2019,5,22,"EBICHE CO.,LTD",제조업,2000,"21, HWANGGANG GONGDANGIL, IMGOMYUN, YOUNGCHUN, GYEONGSANGBUKDO, KOREA",www.ebiche.com
2019 상반기 대규모 수출상담회(BKF),aT센터 1층 제1전시장,2019,5,22,"BABIJOA.co,ltd","식품가공업,기능성곡류외",2017,"923-27, Jeonggwan-ro, Jeonggwan-eup, Gijang-gun, Busan",http://babijoa.co.kr/
2019 상반기 대규모 수출상담회(BKF),aT센터 1층 제1전시장,2019,5,22,"ASIAN FOOD SERVICE CO.,LTD","수출입업,무역업",2015,"Geumjeong Hiview 305, 153-8, LS-ro Gunpo-si, Gyeonggi-do, Republic of Korea (Zip:435-805)",www.asianfoods.co.kr
2019 상반기 대규모 수출상담회(BKF),aT센터 1층 제1전시장,2019,5,22,"Lotte Chilsung Beverage Co.,Ltd.","청량음료, 식품, 주류",1967,"269, Olympic-ro, Songpa-gu, Seoul",https://company.lottechilsung.co.kr/eng/main/index.do
2019 상반기 대규모 수출상담회(BKF),aT센터 1층 제1전시장,2019,5,22,"ALEX CO.,LTD",식품 무역,2016,"66, Chungmin-ro, Songpa-gu, Seoul",
2019 상반기 대규모 수출상담회(BKF),aT센터 1층 제1전시장,2019,5,22,SUNNYVILLE CO,"농산물 가공, 수출, 수입, 보관",1996,"232, Ime-gil, Yangchon-myeon, Nonsan-si, Chungcheongnam-do, Korea",http://sunnyville.kr/
2019 상반기 대규모 수출상담회(BKF),aT센터 1층 제1전시장,2019,5,22,Daeheung,"농임산물가공,농임산물",2008,"180, Daebu-gill, Jillyang-eup, Gyeongsan-si, Gyeongsanbuk-do, 38441 Rep. of korea",www.alalri.co.kr
2019 상반기 대규모 수출상담회(BKF),aT센터 1층 제1전시장,2019,5,22,SAMJIN GLOBALNET,"무역업, 임대",1970,,N
2019 상반기 대규모 수출상담회(BKF),aT센터 1층 제1전시장,2019,5,22,"JEONGNAMJIN JANGHEUNG OAK MUSHROOM CO.,LTD",표고버섯 등 농산물 가공무역업,2011,"38-7 Neanguryonggil  Busanmyeon Jangheunggun Jeollanamdo, Korea",jjpyogo@naver.com
2019 상반기 대규모 수출상담회(BKF),aT센터 1층 제1전시장,2019,5,22,Naju Pear Agricultural Cooperative Association,무역업,1963,"32, Cheongdong-gil, Naju-si, Jeollanam-do",http://najupear.nonghyup.com
2019 상반기 대규모 수출상담회(BKF),aT센터 1층 제1전시장,2019,5,22,"SERIM HYUNMI CO., LTD.",식물성유지,2003,"24, Gongdan 1-gil, Jeongeup-si, Jeollabuk-do, 56154, Republic of Korea",www.serim.kr
2019 상반기 대규모 수출상담회(BKF),aT센터 1층 제1전시장,2019,5,22,SAMJIN GLOBALNET,"무역업, 임대",1970,,N
2019 상반기 대규모 수출상담회(BKF),aT센터 1층 제1전시장,2019,5,22,NH TRADING,"무역,주류수출,축산물수입판매,농수산물,오퍼상",1990,"7, Olympic-ro 48-gil, Gangdong-gu, Seoul, Republic of Korea",
2019 상반기 대규모 수출상담회(BKF),aT센터 1층 제1전시장,2019,5,22,KANGLIM ORGANIC corp.,"유기농산물재배,판매,김치,식물성유지",1999,"510, Choha-ro, Chodong-myeon, Miryang-si, Gyeongsangnam-do",agricom.co.kr
2019 상반기 대규모 수출상담회(BKF),aT센터 1층 제1전시장,2019,5,22,"SUNILFOOD CO.,LTD",무역,2011,"1, Sangdo-ro 13na-gil, Dongjak-gu, Seoul",
2019 상반기 대규모 수출상담회(BKF),aT센터 1층 제1전시장,2019,5,22,"Taewoongfood Co.,Ltd.",제조,2000,"21, Daegeum-ro 196beon-gil, Daeso-myeon, Eumseong-gun, Chungcheongbuk-do, Korea",http://www.twfood.co.kr
2019 상반기 대규모 수출상담회(BKF),aT센터 1층 제1전시장,2019,5,22,"Bionutrigen Co., Ltd.",건강식품외,1999,"1662, Yuseong-daero, Yuseong-gu, Daejeon",www.bionutrigen.com
2019 상반기 대규모 수출상담회(BKF),aT센터 1층 제1전시장,2019,5,22,"SD Food Co., Ltd.","제조업, 도소매업, 서비스업",2015,,
2019 상반기 대규모 수출상담회(BKF),aT센터 1층 제1전시장,2019,5,22,"INTAKE CO., LTD.",식품등각종산업재및소비재,2013,"116, Myeongdal-ro, Seocho-gu, Seoul, Republic of Korea",https://www.intakefoods.kr/ko/
2019 상반기 대규모 수출상담회(BKF),aT센터 1층 제1전시장,2019,5,22,BIOPOLYTECH,식품제조업,2004,"714, 134, Gongdan-ro, Heungdeok-gu, Cheongju-si, Chungcheongbuk-do, Korea",www.biopolytech.com
2019 상반기 대규모 수출상담회(BKF),aT센터 1층 제1전시장,2019,5,22,[K24] NATUREGANIC SEOWON CORPORATION,제조,2017,"(12773) 17-99, Opo-ro 171beon-gil, Opo-eup, Gwangju-si, Gyeonggi-do, Republic of Korea",www.berrykle.com
2019 상반기 대규모 수출상담회(BKF),aT센터 1층 제1전시장,2019,5,22,Daeheung,"농임산물가공,농임산물",2008,"180, Daebu-gill, Jillyang-eup, Gyeongsan-si, Gyeongsanbuk-do, 38441 Rep. of korea",www.alalri.co.kr
2019 상반기 대규모 수출상담회(BKF),aT센터 1층 제1전시장,2019,5,22,"SUNBONG FOOD CO., LTD.",식품가공업,2013,"31, Geomdan-ro 93beon-gil, Seo-gu, Incheon, Korea",www.sunbong.net
2019 상반기 대규모 수출상담회(BKF),aT센터 1층 제1전시장,2019,5,22,"ASER FOOD Co., Ltd",식품수출입,2004,"130, Beodae-gil, Sangnok-gu, Ansan-si, Gyeonggi-do",www.aser.co.kr
2019 상반기 대규모 수출상담회(BKF),aT센터 1층 제1전시장,2019,5,22,HAN SUNG GAP,"농산물, 장류",2009,"391, Guam Gamgye-gil, Oksan-myeon, Uiseong-gun, Gyeonsangbok-do, Korea",
2019 상반기 대규모 수출상담회(BKF),aT센터 1층 제1전시장,2019,5,22,"TAE KYUNG NONG SAN CO., LTD.",식품 제조,1979,"112, Yeouidaebang-ro, Dongjak-gu, Seoul",www.itaekyung.com
2019 상반기 대규모 수출상담회(BKF),aT센터 1층 제1전시장,2019,5,22,HAN SUNG GAP,"농산물, 장류",2009,"391, Guam Gamgye-gil, Oksan-myeon, Uiseong-gun, Gyeonsangbok-do, Korea",
2019 상반기 대규모 수출상담회(BKF),aT센터 1층 제1전시장,2019,5,22,seyeonfoods,유통 식품가공,2013,,www.nadrifs.co.kr
2019 상반기 대규모 수출상담회(BKF),aT센터 1층 제1전시장,2019,5,22,Singram Food Co. Ltd,과실 및 채소절임식품,1999,"15, Yeongsungongdan-gil, Yeongsun-myeon, Mungyeong-si,Gyeongsangnam-do, Korea",www.singram.co.kr
2019 상반기 대규모 수출상담회(BKF),aT센터 1층 제1전시장,2019,5,22,choco cyber,"무역, 도소매업,",1995,,www.chococyber.co.kr
2019 상반기 대규모 수출상담회(BKF),aT센터 1층 제1전시장,2019,5,22,Naju Pear Agricultural Cooperative Association,무역업,1963,"32, Cheongdong-gil, Naju-si, Jeollanam-do",http://najupear.nonghyup.com
2019 상반기 대규모 수출상담회(BKF),aT센터 1층 제1전시장,2019,5,22,NH TRADING,"무역,주류수출,축산물수입판매,농수산물,오퍼상",1990,"7, Olympic-ro 48-gil, Gangdong-gu, Seoul, Republic of Korea",
2019 상반기 대규모 수출상담회(BKF),aT센터 1층 제1전시장,2019,5,22,"Lotte Chilsung Beverage Co.,Ltd.","청량음료, 식품, 주류",1967,"269, Olympic-ro, Songpa-gu, Seoul",https://company.lottechilsung.co.kr/eng/main/index.do
2019 상반기 대규모 수출상담회(BKF),aT센터 1층 제1전시장,2019,5,22,R&G CORPORATION,"무역, 농수산물가공식품",1985,"347 Daewangpangyo-ro, Bundang-gu, Seongnam-si Gyeonggi-do",www.assifood.co.kr
2019 상반기 대규모 수출상담회(BKF),aT센터 1층 제1전시장,2019,5,22,"LOTTE FOODS CO.,LTD.","유가공, 빙과, 식용유지, 육가공 등",1958,"19, Yangpyeong-ro 19-gil, Yeongdeungpo-gu, Seoul",www.lottefoods.co.kr
2019 상반기 대규모 수출상담회(BKF),aT센터 1층 제1전시장,2019,5,22,Daywell Inc,기타잼류,2014,"64-34,Dangsangangbyun-ro,Muju-eup,Muju-gun,Jeollabuk-do,Korea",www.ramiefood.com
2019 상반기 대규모 수출상담회(BKF),aT센터 1층 제1전시장,2019,5,22,"DONGWON F&B CO., LTD.",수출입업,2000,"68, Mabang-ro, Seocho-gu, Seoul",www.dongwonfnb.com
2019 상반기 대규모 수출상담회(BKF),aT센터 1층 제1전시장,2019,5,22,"ASIAN FOOD SERVICE CO.,LTD","수출입업,무역업",2015,"Geumjeong Hiview 305, 153-8, LS-ro Gunpo-si, Gyeonggi-do, Republic of Korea (Zip:435-805)",www.asianfoods.co.kr
2019 상반기 대규모 수출상담회(BKF),aT센터 1층 제1전시장,2019,5,22,R&G CORPORATION,"무역, 농수산물가공식품",1985,"347 Daewangpangyo-ro, Bundang-gu, Seongnam-si Gyeonggi-do",www.assifood.co.kr
2019 상반기 대규모 수출상담회(BKF),aT센터 1층 제1전시장,2019,5,22,"SSMGLOBAL CO., LTD.","무역, 유통",2016,"385, Gulmi-ro, Juksan-myeon, Anseong-si, Gyeonggi-do, Korea",www.ssmglobal.co.kr
2019 상반기 대규모 수출상담회(BKF),aT센터 1층 제1전시장,2019,5,22,OTTOGI CORPORATION,식품,1969,"405, Heungan-daero, Dongan-gu, Anyang-si, Gyeonggi-do, Republic of Korea",www.ottogi.co.kr
2019 상반기 대규모 수출상담회(BKF),aT센터 1층 제1전시장,2019,5,22,SEMPIO FOODS COMPANY,식품,1946,2 CHUNGMURO JUNG GU SEOUL KOREA,www.sempio.com
2019 상반기 대규모 수출상담회(BKF),aT센터 1층 제1전시장,2019,5,22,SAMYANG FOODS,"라면류, 국수류",1961,"104 OPAESAN-RO 3GIL SEOUNGBUK-GU, SEOUL",
2019 상반기 대규모 수출상담회(BKF),aT센터 1층 제1전시장,2019,5,22,SFC,도소매,2002,"190, Yulgok-ro, Jongno-gu, Seoul",www.safegg.com.hk
2019 상반기 대규모 수출상담회(BKF),aT센터 1층 제1전시장,2019,5,22,JK partners,"제조업,도소매업",2017,"2F, 33, Cheombok-ro, Dong-gu, Daegu",www.jk-partners.co.kr
2019 상반기 대규모 수출상담회(BKF),aT센터 1층 제1전시장,2019,5,22,"Bionutrigen Co., Ltd.",건강식품외,1999,"1662, Yuseong-daero, Yuseong-gu, Daejeon",www.bionutrigen.com
2019 상반기 대규모 수출상담회(BKF),aT센터 1층 제1전시장,2019,5,22,"Kocheolnam Hongsam Co., Ltd","제조, 유통, 무역",2005,"61, Ganghwasandan-ro, Ganghwa-eup, Ganghwa-gun, Incheon",www.hong3.co.kr
2019 상반기 대규모 수출상담회(BKF),aT센터 1층 제1전시장,2019,5,22,"Seung In Food Co., Ltd","참기름,들기름",2015,"58, Nakdongnam-ro 1013beon-gil, Gangseo-gu, Busan",http://blog.naver.com/seunginfood
2019 상반기 대규모 수출상담회(BKF),aT센터 1층 제1전시장,2019,5,22,JK partners,"제조업,도소매업",2017,"2F, 33, Cheombok-ro, Dong-gu, Daegu",www.jk-partners.co.kr
2019 상반기 대규모 수출상담회(BKF),aT센터 1층 제1전시장,2019,5,22,"Bionutrigen Co., Ltd.",건강식품외,1999,"1662, Yuseong-daero, Yuseong-gu, Daejeon",www.bionutrigen.com
2019 상반기 대규모 수출상담회(BKF),aT센터 1층 제1전시장,2019,5,22,"hanyangfood co.,",떡,1999,"144-34,geombawi-gil,wolong myeon,paju-si,gyeonggido,korea",www.hyfood.kr
2019 상반기 대규모 수출상담회(BKF),aT센터 1층 제1전시장,2019,5,22,SLOWFOOD Farming Corp.,"농산물, 전자상거래업",2010,"317-22, Hwasim-gil, Hadong-eup, Hadong-gun, Gyeongsangnam-do, Republic of Korea",http://firstmaesil.com/
2019 상반기 대규모 수출상담회(BKF),aT센터 1층 제1전시장,2019,5,22,Naju Pear Agricultural Cooperative Association,무역업,1963,"32, Cheongdong-gil, Naju-si, Jeollanam-do",http://najupear.nonghyup.com
2019 상반기 대규모 수출상담회(BKF),aT센터 1층 제1전시장,2019,5,22,R&G CORPORATION,"무역, 농수산물가공식품",1985,"347 Daewangpangyo-ro, Bundang-gu, Seongnam-si Gyeonggi-do",www.assifood.co.kr
2019 상반기 대규모 수출상담회(BKF),aT센터 1층 제1전시장,2019,5,22,"DONGWON F&B CO., LTD.",수출입업,2000,"68, Mabang-ro, Seocho-gu, Seoul",www.dongwonfnb.com
2019 상반기 대규모 수출상담회(BKF),aT센터 1층 제1전시장,2019,5,22,"ALEX CO.,LTD",식품 무역,2016,"66, Chungmin-ro, Songpa-gu, Seoul",
2019 상반기 대규모 수출상담회(BKF),aT센터 1층 제1전시장,2019,5,22,"SAEMI BIO CO.,LTD","무역, 유통, OEM 생산",2015,"ROOM 501, 5 TEHERAN-RO 29-GIL, GANGANAM-GU, SEOUL, KOREA",https://www.saemibio.com
2019 상반기 대규모 수출상담회(BKF),aT센터 1층 제1전시장,2019,5,22,"[K28] RAON CORPORATION CO., LTD.","상품 종합 도매,중개업",2018,"16?4,?Dongbaekjungang?ro,?16 Beon-gil,?Giheung?gu, Yongin?si,?Gyeonggi?do,?Republic?Of?Korea",https://success20162018.modoo.at/
2019 상반기 대규모 수출상담회(BKF),aT센터 1층 제1전시장,2019,5,22,"JNS GLOBAL CO., LTD.",무역업,2012,"Rm1304, 141, Seowon-ro, Wansan-gu, Jeonju, Jeonbuk, Korea",www.jnsglobalkorea.com
2019 상반기 대규모 수출상담회(BKF),aT센터 1층 제1전시장,2019,5,22,HEASAN,"무역, 제조",2018,"502ho,200-9, UN village-gil, Yongsan-gu, Seoul, Republic of Korea",heasanglobal.com
2019 상반기 대규모 수출상담회(BKF),aT센터 1층 제1전시장,2019,5,22,"SAEMI BIO CO.,LTD","무역, 유통, OEM 생산",2015,"ROOM 501, 5 TEHERAN-RO 29-GIL, GANGANAM-GU, SEOUL, KOREA",https://www.saemibio.com
2019 상반기 대규모 수출상담회(BKF),aT센터 1층 제1전시장,2019,5,22,"Jeongsimfood Co., Ltd",농산물가공,2012,,"656-54 Cheongjaro, Gangjin-gun, Jeollanamdo, S.Korea"
2019 상반기 대규모 수출상담회(BKF),aT센터 1층 제1전시장,2019,5,22,seasoner,"양념육, 통조림, 김치",2000,"712, CHILBO-, CHEONGAN-MYEON, GOESAN-GUN, CHUNG-BUK",www.dhfoods1.kr
2019 상반기 대규모 수출상담회(BKF),aT센터 1층 제1전시장,2019,5,22,JEJU NATURE & VINEGAR,식품가공,2015,"102, Jejudaehak-ro, Jeju-si, Jeju-do",www.jejuvinegar.com
2019 상반기 대규모 수출상담회(BKF),aT센터 1층 제1전시장,2019,5,22,"SSMGLOBAL CO., LTD.","무역, 유통",2016,"385, Gulmi-ro, Juksan-myeon, Anseong-si, Gyeonggi-do, Korea",www.ssmglobal.co.kr
2019 상반기 대규모 수출상담회(BKF),aT센터 1층 제1전시장,2019,5,22,"SD Food Co., Ltd.","제조업, 도소매업, 서비스업",2015,,
2019 상반기 대규모 수출상담회(BKF),aT센터 1층 제1전시장,2019,5,22,SEMPIO FOODS COMPANY,식품,1946,2 CHUNGMURO JUNG GU SEOUL KOREA,www.sempio.com
2019 상반기 대규모 수출상담회(BKF),aT센터 1층 제1전시장,2019,5,22,"Namyang Dairy Products Co., Ltd.","낙농품, 음료",1964,"240, Dosan-daero, Gangnam-gu, Seoul",.http://company.namyangi.com/
2019 상반기 대규모 수출상담회(BKF),aT센터 1층 제1전시장,2019,5,22,"SD Korea CO., Ltd","제조, 도소매",2015,"70, Baksan-ro, Yuseong-gu, Daejeon",www.sd-korea.co.kr
2019 상반기 대규모 수출상담회(BKF),aT센터 1층 제1전시장,2019,5,22,SAMYANG FOODS,"라면류, 국수류",1961,"104 OPAESAN-RO 3GIL SEOUNGBUK-GU, SEOUL",
2019 상반기 대규모 수출상담회(BKF),aT센터 1층 제1전시장,2019,5,22,"DONGWON F&B CO., LTD.",수출입업,2000,"68, Mabang-ro, Seocho-gu, Seoul",www.dongwonfnb.com
2019 상반기 대규모 수출상담회(BKF),aT센터 1층 제1전시장,2019,5,22,"Jeongsimfood Co., Ltd",농산물가공,2012,,"656-54 Cheongjaro, Gangjin-gun, Jeollanamdo, S.Korea"
2019 상반기 대규모 수출상담회(BKF),aT센터 1층 제1전시장,2019,5,22,"DA JUNG CO., LTD.",식품가공업,1997,"28, 97, Yeongil-ro, Yeongjung-myeon, Pocheon-si, Gyeonggi-do, Korea",www.damizle.com
2019 상반기 대규모 수출상담회(BKF),aT센터 1층 제1전시장,2019,5,22,"SANDOL FOOD., LTD","전분, 사료, 면류",2001,"1009-9, Seorak-ro, Hongcheon-eup, Gangwon-do",http://www.sandolfood.co.kr
2019 상반기 대규모 수출상담회(BKF),aT센터 1층 제1전시장,2019,5,22,DUREBANG FOODS INC,제조업,1990,"2081-73, Sunam-ro, Geochang-eup,Geochang-gun, Gyeongsangnam-do",http://www.durebang.co.kr
2019 상반기 대규모 수출상담회(BKF),aT센터 1층 제1전시장,2019,5,22,SEMPIO FOODS COMPANY,식품,1946,2 CHUNGMURO JUNG GU SEOUL KOREA,www.sempio.com
2019 상반기 대규모 수출상담회(BKF),aT센터 1층 제1전시장,2019,5,22,"HAESER Products Co., Ltd.","수산물가공업,건강보조음료",2011,"79-13, Geumgwan-daero 804beon-gil, Gimhae-si, Gyeongsangnam-do, Republic of Korea",www.haeser-cnt.com
2019 상반기 대규모 수출상담회(BKF),aT센터 1층 제1전시장,2019,5,22,SLOWFOOD Farming Corp.,"농산물, 전자상거래업",2010,"317-22, Hwasim-gil, Hadong-eup, Hadong-gun, Gyeongsangnam-do, Republic of Korea",http://firstmaesil.com/
2019 상반기 대규모 수출상담회(BKF),aT센터 1층 제1전시장,2019,5,22,Eromglobal,"무역, 농산물, 건강식품",2015,"111, Toegyenonggong-ro, Chuncheon-si, Gangwon-do, Korea",www.erom.co.kr
2019 상반기 대규모 수출상담회(BKF),aT센터 1층 제1전시장,2019,5,22,choco cyber,"무역, 도소매업,",1995,,www.chococyber.co.kr
2019 상반기 대규모 수출상담회(BKF),aT센터 1층 제1전시장,2019,5,22,Hanbando Inc.,농산물,2017,"11, Gaya-ro 66-gil, Jillyang-eup, Gyeongsan-si, Gyeongsangbuk-do",https://hanbandokr.com
2019 상반기 대규모 수출상담회(BKF),aT센터 1층 제1전시장,2019,5,22,"SAEMI BIO CO.,LTD","무역, 유통, OEM 생산",2015,"ROOM 501, 5 TEHERAN-RO 29-GIL, GANGANAM-GU, SEOUL, KOREA",https://www.saemibio.com
2019 상반기 대규모 수출상담회(BKF),aT센터 1층 제1전시장,2019,5,22,"Prestige Laver Co,.Ltd.",제조업,2012,"139, Huirisan-gil, Jongcheon-myeon, Seocheon-gun, Chungcheongnam-do",marochip.co.kr
2019 상반기 대규모 수출상담회(BKF),aT센터 1층 제1전시장,2019,5,22,Gwangju Jeon-nam Ewport Co-operative,수출업,2019,"Sangdeung-ri, Masan-myeon, Haenam-gun, Jeollanam-do, 1116",
2019 상반기 대규모 수출상담회(BKF),aT센터 1층 제1전시장,2019,5,22,jayounhyanggi,식품제조도소매,2012,"248 Akyang-dong-ro, Akyang-myeon, Hadong-gun, Gyeongsangnam-do, South Korea",http://www.jayounmi.com
2019 상반기 대규모 수출상담회(BKF),aT센터 1층 제1전시장,2019,5,22,"Honestfood Co., Ltd",제조,2014,"59-11 Biseongnal-ro, Deokjin-gu, Jeonju-si, Jeollabuk-do South Korea",www.honestfood.co.kr
2019 상반기 대규모 수출상담회(BKF),aT센터 1층 제1전시장,2019,5,22,"WONIL FOOD CO., LTD",식품 제조,1988,"28, Nambusunhwan-ro 378-gil, Gangnam-gu, Seoul",www.wonilfood.com
2019 상반기 대규모 수출상담회(BKF),aT센터 1층 제1전시장,2019,5,22,"SUNBONG FOOD CO., LTD.",식품가공업,2013,"31, Geomdan-ro 93beon-gil, Seo-gu, Incheon, Korea",www.sunbong.net
2019 상반기 대규모 수출상담회(BKF),aT센터 1층 제1전시장,2019,5,22,donghwa,"냉동제품, 식육제품",1992,"31-201, WOLMYEONG-RO, HEUNGDEOK-GU, CHUNGCHEONGBUK-DO, KOREA","www.dhfoods1co,kr"
2019 상반기 대규모 수출상담회(BKF),aT센터 1층 제1전시장,2019,5,22,"MORE Co.,Ltd",식품 가공,2006,"113, Dodongguyeok-gil, Yeongcheon-si, Gyeongsangbuk-do",www.morekoreakimchi.com
2019 상반기 대규모 수출상담회(BKF),aT센터 1층 제1전시장,2019,5,22,"INSAN BAMBOO SALT, Inc.",식품,1998,"99-25, Dabyeot-gil, Byeonggok-myeon, Hamyang-gun, Gyeongsangnam-do, Republic of Korea",www.insan.com
2019 상반기 대규모 수출상담회(BKF),aT센터 1층 제1전시장,2019,5,22,"IIKIM CO.,LTD.","김치,반찬류",2005,"35,GEUMGUL4-GIL,BO-EUN-EUP,BO-EUN-GUN,CHUNGCHEONGBUK-DO,KOREA",http://www.iikim.co.kr
2019 상반기 대규모 수출상담회(BKF),aT센터 1층 제1전시장,2019,5,22,"DAEKWANG F&G CO.,LTD",제조업외,1990,"1530-2, Seobu-ro, Juchon-myeon, Gimhae-si, Geongsangnam-do, Korea",www.dkfng.com
2019 상반기 대규모 수출상담회(BKF),aT센터 1층 제1전시장,2019,5,22,"HANHAEBO CO.,LTD.","마른김,스시김,김밥김,조미김,김자반",2016,"57162,3513, Yeongsan-ro Hakgyo-myeon, Hampyeong-gun, Jeollanam-do, Korea",https://www.agrotrade.net/mini/hanhaebo87
2019 상반기 대규모 수출상담회(BKF),aT센터 1층 제1전시장,2019,5,22,"GMF CO., LTD.","음식료품,수출입업",2006,KOREA 06774,N
2019 상반기 대규모 수출상담회(BKF),aT센터 1층 제1전시장,2019,5,22,YOUNG SHIN FOOD CO.,"맛김,수산물",2001,"131-22, Sinwol-gil, Seo-myeon, Seocheon-gun, Chungcheongnam-do, Republic of Korea",www.seafriend.co.kr
2019 상반기 대규모 수출상담회(BKF),aT센터 1층 제1전시장,2019,5,22,"Lotte Chilsung Beverage Co.,Ltd.","청량음료, 식품, 주류",1967,"269, Olympic-ro, Songpa-gu, Seoul",https://company.lottechilsung.co.kr/eng/main/index.do
2019 상반기 대규모 수출상담회(BKF),aT센터 1층 제1전시장,2019,5,22,"SD Food Co., Ltd.","제조업, 도소매업, 서비스업",2015,,
2019 상반기 대규모 수출상담회(BKF),aT센터 1층 제1전시장,2019,5,22,"WONIL FOOD CO., LTD",식품 제조,1988,"28, Nambusunhwan-ro 378-gil, Gangnam-gu, Seoul",www.wonilfood.com
2019 상반기 대규모 수출상담회(BKF),aT센터 1층 제1전시장,2019,5,22,SEMPIO FOODS COMPANY,식품,1946,2 CHUNGMURO JUNG GU SEOUL KOREA,www.sempio.com
2019 상반기 대규모 수출상담회(BKF),aT센터 1층 제1전시장,2019,5,22,SAMYANG FOODS,"라면류, 국수류",1961,"104 OPAESAN-RO 3GIL SEOUNGBUK-GU, SEOUL",
2019 상반기 대규모 수출상담회(BKF),aT센터 1층 제1전시장,2019,5,22,"LOTTE FOODS CO.,LTD.","유가공, 빙과, 식용유지, 육가공 등",1958,"19, Yangpyeong-ro 19-gil, Yeongdeungpo-gu, Seoul",www.lottefoods.co.kr
2019 상반기 대규모 수출상담회(BKF),aT센터 1층 제1전시장,2019,5,22,"Jeongsimfood Co., Ltd",농산물가공,2012,,"656-54 Cheongjaro, Gangjin-gun, Jeollanamdo, S.Korea"
2019 상반기 대규모 수출상담회(BKF),aT센터 1층 제1전시장,2019,5,22,KEUIREUM,식물성유지 제조업,2014,"3F, 519, Dunchon-daero, Jungwon-gu, Seongnam-si, Gyeonggi-do, 13216, Republic of Korea",http://onlyoil.co.kr
2019 상반기 대규모 수출상담회(BKF),aT센터 1층 제1전시장,2019,5,22,"[K11] GAMRO700 AGRICULTURE CO., LTD.",다류,2015,"1305-54, Nochusan-ro, Wangsan-myeon, Gangneung-si, Gangwon-do",www.gamro700.com
2019 상반기 대규모 수출상담회(BKF),aT센터 1층 제1전시장,2019,5,22,"3B NETWORKS CO., LTD.","씨리얼바,넛트바,초콜릿바",2008,"48, Namdongseo-ro 113beon-gil, Namdong-gu, Incheon","www,thetime.or.kr"
2019 상반기 대규모 수출상담회(BKF),aT센터 1층 제1전시장,2019,5,22,NH TRADING,"무역,주류수출,축산물수입판매,농수산물,오퍼상",1990,"7, Olympic-ro 48-gil, Gangdong-gu, Seoul, Republic of Korea",
2019 상반기 대규모 수출상담회(BKF),aT센터 1층 제1전시장,2019,5,22,"[K02] AGRICULTURAL CORPORATION JANGHEUNG FOOD CO., LTD.","된장, 고추장, 간장, 청국장, 식량재배",2011,"49-19 GISAN-GIL, ANYANG-MYEON JANGHEUNG-GUN JEOLLANAMDO, KOREA",www.cjjfood.com
2019 상반기 대규모 수출상담회(BKF),aT센터 1층 제1전시장,2019,5,22,KF TRADING,무역,2002,"86-1, Jungang-ro 1275beon-gil, Ilsandong-gu, Goyang-si, Gyeonggi-do",
2019 상반기 대규모 수출상담회(BKF),aT센터 1층 제1전시장,2019,5,22,taepyung salt,제조업 도소매,2009,"1650-37 Daecho-ri, Jeungdo-myeon, Sinan-gun, Jeollanam-do, Korea",www.taepyungsalt.com
2019 상반기 대규모 수출상담회(BKF),aT센터 1층 제1전시장,2019,5,22,UNIONTECH Corp.,제조업,2004,"128-71, Wolsan-ro, Eumbong-myeon, Asan-si, Chungcheongnam-do, Republic of Korea",www.malrin.co.kr
2019 상반기 대규모 수출상담회(BKF),aT센터 1층 제1전시장,2019,5,22,JEJU NATURE & VINEGAR,식품가공,2015,"102, Jejudaehak-ro, Jeju-si, Jeju-do",www.jejuvinegar.com
2019 상반기 대규모 수출상담회(BKF),aT센터 1층 제1전시장,2019,5,22,Singram Food Co. Ltd,과실 및 채소절임식품,1999,"15, Yeongsungongdan-gil, Yeongsun-myeon, Mungyeong-si,Gyeongsangnam-do, Korea",www.singram.co.kr
2019 상반기 대규모 수출상담회(BKF),aT센터 1층 제1전시장,2019,5,22,"LOTTE FOODS CO.,LTD.","유가공, 빙과, 식용유지, 육가공 등",1958,"19, Yangpyeong-ro 19-gil, Yeongdeungpo-gu, Seoul",www.lottefoods.co.kr
2019 상반기 대규모 수출상담회(BKF),aT센터 1층 제1전시장,2019,5,22,HEASAN,"무역, 제조",2018,"502ho,200-9, UN village-gil, Yongsan-gu, Seoul, Republic of Korea",heasanglobal.com
2019 상반기 대규모 수출상담회(BKF),aT센터 1층 제1전시장,2019,5,22,"Lotte Chilsung Beverage Co.,Ltd.","청량음료, 식품, 주류",1967,"269, Olympic-ro, Songpa-gu, Seoul",https://company.lottechilsung.co.kr/eng/main/index.do
2019 상반기 대규모 수출상담회(BKF),aT센터 1층 제1전시장,2019,5,22,"SERIM HYUNMI CO., LTD.",식물성유지,2003,"24, Gongdan 1-gil, Jeongeup-si, Jeollabuk-do, 56154, Republic of Korea",www.serim.kr
2019 상반기 대규모 수출상담회(BKF),aT센터 1층 제1전시장,2019,5,22,NH TRADING,"무역,주류수출,축산물수입판매,농수산물,오퍼상",1990,"7, Olympic-ro 48-gil, Gangdong-gu, Seoul, Republic of Korea",
2019 상반기 대규모 수출상담회(BKF),aT센터 1층 제1전시장,2019,5,22,HEFS CO.,식품,2018,"51, Bokseong 15-gil, Yangmok-myeon, Chilgok-gun, Gyeongsangbuk-do",N
2019 상반기 대규모 수출상담회(BKF),aT센터 1층 제1전시장,2019,5,22,"JNS GLOBAL CO., LTD.",무역업,2012,"Rm1304, 141, Seowon-ro, Wansan-gu, Jeonju, Jeonbuk, Korea",www.jnsglobalkorea.com
2019 상반기 대규모 수출상담회(BKF),aT센터 1층 제1전시장,2019,5,22,"SD Food Co., Ltd.","제조업, 도소매업, 서비스업",2015,,
2019 상반기 대규모 수출상담회(BKF),aT센터 1층 제1전시장,2019,5,22,"[K05] CHOLOCWON CO., LTD.",다류,2000,"45-15, Pyeongsa 1-gil, Jillyang-eup, Gyeongsan-si, Gyeongsangbuk-do, Korea, 38455",www.cholocwon.com
2019 상반기 대규모 수출상담회(BKF),aT센터 1층 제1전시장,2019,5,22,"GEO ENTERPRISE CO., LTD",무역,1993,"76, Jangan-ro 496beon-gil, Jangan-gu, Suwon-si, Gyeonggi-do",N
2019 상반기 대규모 수출상담회(BKF),aT센터 1층 제1전시장,2019,5,22,"WEDO CO., LTD.",식품수출유통,2006,"#204,206,207 , 932, Yangjae-daero,Songpa-gu,Seoul,Republic of Korea",www.wedofood.co.kr
2019 상반기 대규모 수출상담회(BKF),aT센터 1층 제1전시장,2019,5,22,"UNIONE Co.,Ltd.",도매 및 상품중개업,2016,"#413, 20-38, MUGUNGHWA-RO, ILSANDONG-GU, GOYANG-SI, GYEONGGI-DO, 10401, KOREA",www.unionekr.com
2019 상반기 대규모 수출상담회(BKF),aT센터 1층 제1전시장,2019,5,22,"MANNAFOOD CO .,LTD","조미김, 농수산물, 해조류",2016,"97-4, Donghampyeongsandan-gil,  Hampyeong-gun, Jeollanam-do, 57141, Republic of Korea.",www.mannafood.net
2019 상반기 대규모 수출상담회(BKF),aT센터 1층 제1전시장,2019,5,22,"HANHAEBO CO.,LTD.","마른김,스시김,김밥김,조미김,김자반",2016,"57162,3513, Yeongsan-ro Hakgyo-myeon, Hampyeong-gun, Jeollanam-do, Korea",https://www.agrotrade.net/mini/hanhaebo87
2019 상반기 대규모 수출상담회(BKF),aT센터 1층 제1전시장,2019,5,22,"YOUNG POONG CO.,LTD",농식품가공,1993,"64, Seongseogongdanbuk-ro, Dalseo-gu, Daegu, KOREA",http://www.ypfoods.co.kr
2019 상반기 대규모 수출상담회(BKF),aT센터 1층 제1전시장,2019,5,22,"EBICHE CO.,LTD",제조업,2000,"21, HWANGGANG GONGDANGIL, IMGOMYUN, YOUNGCHUN, GYEONGSANGBUKDO, KOREA",www.ebiche.com
2019 상반기 대규모 수출상담회(BKF),aT센터 1층 제1전시장,2019,5,22,"ASIAN FOOD SERVICE CO.,LTD","수출입업,무역업",2015,"Geumjeong Hiview 305, 153-8, LS-ro Gunpo-si, Gyeonggi-do, Republic of Korea (Zip:435-805)",www.asianfoods.co.kr
2019 상반기 대규모 수출상담회(BKF),aT센터 1층 제1전시장,2019,5,22,SAMYANG FOODS,"라면류, 국수류",1961,"104 OPAESAN-RO 3GIL SEOUNGBUK-GU, SEOUL",
2019 상반기 대규모 수출상담회(BKF),aT센터 1층 제1전시장,2019,5,22,"IIAMHUB Co., Ltd.","농수산물, 제과, 식료품",2018,"7, Hangang-daero 48-gil, Yongsan-gu, Seoul",http://iiam.co.kr
2019 상반기 대규모 수출상담회(BKF),aT센터 1층 제1전시장,2019,5,22,"Ilhwa co.,ltd.",제조,1971,96 BULMAL-RO GURI-SI  GYUNGGI-DO KOREA,www.ilhwa.co.kr
2019 상반기 대규모 수출상담회(BKF),aT센터 1층 제1전시장,2019,5,22,"Guksim co., Ltd","차류가공, 인삼제품, 커피가공",2007,"383 Hakdong-ro, Jinbuk-myeon, Masan Happo-gu, Changwon, Gyeongsangnam-do",www.guksim.com
2019 상반기 대규모 수출상담회(BKF),aT센터 1층 제1전시장,2019,5,22,KORINA TRADE CO.,수출무역,2012,"Rm, 424, Wooyang Bldg, 234, Chungmu-daero, Seo-gu, Busan",www.korinatrade.com
2019 상반기 대규모 수출상담회(BKF),aT센터 1층 제1전시장,2019,5,22,"ASIAN FOOD SERVICE CO.,LTD","수출입업,무역업",2015,"Geumjeong Hiview 305, 153-8, LS-ro Gunpo-si, Gyeonggi-do, Republic of Korea (Zip:435-805)",www.asianfoods.co.kr
2019 상반기 대규모 수출상담회(BKF),aT센터 1층 제1전시장,2019,5,22,"BABIJOA.co,ltd","식품가공업,기능성곡류외",2017,"923-27, Jeonggwan-ro, Jeonggwan-eup, Gijang-gun, Busan",http://babijoa.co.kr/
2019 상반기 대규모 수출상담회(BKF),aT센터 1층 제1전시장,2019,5,22,Maniker F&G,육가공품 외,2004,"36-2 144 St. Baekokdaero Yidong-myeon Cheoin-gu Gyeonggi-do, Yongin-si, Korea(63701 Hwasan-ri, Yidong-myeon)",www.maniker.com
2019 상반기 대규모 수출상담회(BKF),aT센터 1층 제1전시장,2019,5,22,HARIM CORPORATION,"축산, 제조업",2011,"14 Mangseong-ro, Mangseong-myeon, Iksan-Si, Jeollabuk-do,Korea",harim.com
2019 상반기 대규모 수출상담회(BKF),aT센터 1층 제1전시장,2019,5,22,"WONIL FOOD CO., LTD",식품 제조,1988,"28, Nambusunhwan-ro 378-gil, Gangnam-gu, Seoul",www.wonilfood.com
2019 상반기 대규모 수출상담회(BKF),aT센터 1층 제1전시장,2019,5,22,davichi,제조업,2016,"52-28, Tapgiam-gil, Ochang-eup, Cheongwon-gu, Cheongju-si, Chungcheongbuk-do",davichifarm.com
2019 상반기 대규모 수출상담회(BKF),aT센터 1층 제1전시장,2019,5,22,"YILIP INTERNATIONAL CO., LTD.",신선농산물무역,2015,"Room 101, 12-1, Naesammi-ro 80beon-gil, Osan-si, Gyeonggi-do, 18114, Republic of Korea",http://www.yilip.net
2019 상반기 대규모 수출상담회(BKF),aT센터 1층 제1전시장,2019,5,22,Maniker F&G,육가공품 외,2004,"36-2 144 St. Baekokdaero Yidong-myeon Cheoin-gu Gyeonggi-do, Yongin-si, Korea(63701 Hwasan-ri, Yidong-myeon)",www.maniker.com
2019 상반기 대규모 수출상담회(BKF),aT센터 1층 제1전시장,2019,5,22,"Seung In Food Co., Ltd","참기름,들기름",2015,"58, Nakdongnam-ro 1013beon-gil, Gangseo-gu, Busan",http://blog.naver.com/seunginfood
2019 상반기 대규모 수출상담회(BKF),aT센터 1층 제1전시장,2019,5,22,HEASAN,"무역, 제조",2018,"502ho,200-9, UN village-gil, Yongsan-gu, Seoul, Republic of Korea",heasanglobal.com
2019 상반기 대규모 수출상담회(BKF),aT센터 1층 제1전시장,2019,5,22,donghwa,"냉동제품, 식육제품",1992,"31-201, WOLMYEONG-RO, HEUNGDEOK-GU, CHUNGCHEONGBUK-DO, KOREA","www.dhfoods1co,kr"
2019 상반기 대규모 수출상담회(BKF),aT센터 1층 제1전시장,2019,5,22,Maniker F&G,육가공품 외,2004,"36-2 144 St. Baekokdaero Yidong-myeon Cheoin-gu Gyeonggi-do, Yongin-si, Korea(63701 Hwasan-ri, Yidong-myeon)",www.maniker.com
2019 상반기 대규모 수출상담회(BKF),aT센터 1층 제1전시장,2019,5,22,"Seung In Food Co., Ltd","참기름,들기름",2015,"58, Nakdongnam-ro 1013beon-gil, Gangseo-gu, Busan",http://blog.naver.com/seunginfood
2019 상반기 대규모 수출상담회(BKF),aT센터 1층 제1전시장,2019,5,22,enzymefarm,발효식품,213,,www.fathers-hill.co.kr
2019 상반기 대규모 수출상담회(BKF),aT센터 1층 제1전시장,2019,5,22,seasoner,"양념육, 통조림, 김치",2000,"712, CHILBO-, CHEONGAN-MYEON, GOESAN-GUN, CHUNG-BUK",www.dhfoods1.kr
2019 상반기 대규모 수출상담회(BKF),aT센터 1층 제1전시장,2019,5,22,"Sejong Brewing Co.,Ltd.","탁주, 약주, 증류식소주, 리큐르주, 기타주류",2007,"5-2, Sacheon-ro 18beon-gil, cheongwon gu, cheongu-si chungcheongbui-do, korea",http://www.sejongricewine.com
2019 상반기 대규모 수출상담회(BKF),aT센터 1층 제1전시장,2019,5,22,KF TRADING,무역,2002,"86-1, Jungang-ro 1275beon-gil, Ilsandong-gu, Goyang-si, Gyeonggi-do",
2019 상반기 대규모 수출상담회(BKF),aT센터 1층 제1전시장,2019,5,22,DUREBANG FOODS INC,제조업,1990,"2081-73, Sunam-ro, Geochang-eup,Geochang-gun, Gyeongsangnam-do",http://www.durebang.co.kr
2019 상반기 대규모 수출상담회(BKF),aT센터 1층 제1전시장,2019,5,22,donghwa,"냉동제품, 식육제품",1992,"31-201, WOLMYEONG-RO, HEUNGDEOK-GU, CHUNGCHEONGBUK-DO, KOREA","www.dhfoods1co,kr"
2019 상반기 대규모 수출상담회(BKF),aT센터 1층 제1전시장,2019,5,22,"UNIONE Co.,Ltd.",도매 및 상품중개업,2016,"#413, 20-38, MUGUNGHWA-RO, ILSANDONG-GU, GOYANG-SI, GYEONGGI-DO, 10401, KOREA",www.unionekr.com
2019 상반기 대규모 수출상담회(BKF),aT센터 1층 제1전시장,2019,5,22,"MORE Co.,Ltd",식품 가공,2006,"113, Dodongguyeok-gil, Yeongcheon-si, Gyeongsangbuk-do",www.morekoreakimchi.com
2019 상반기 대규모 수출상담회(BKF),aT센터 1층 제1전시장,2019,5,22,"WEDO CO., LTD.",식품수출유통,2006,"#204,206,207 , 932, Yangjae-daero,Songpa-gu,Seoul,Republic of Korea",www.wedofood.co.kr
2019 상반기 대규모 수출상담회(BKF),aT센터 1층 제1전시장,2019,5,22,"DA JUNG CO., LTD.",식품가공업,1997,"28, 97, Yeongil-ro, Yeongjung-myeon, Pocheon-si, Gyeonggi-do, Korea",www.damizle.com
2019 상반기 대규모 수출상담회(BKF),aT센터 1층 제1전시장,2019,5,22,"TAE KYUNG NONG SAN CO., LTD.",식품 제조,1979,"112, Yeouidaebang-ro, Dongjak-gu, Seoul",www.itaekyung.com
2019 상반기 대규모 수출상담회(BKF),aT센터 1층 제1전시장,2019,5,22,Singram Food Co. Ltd,과실 및 채소절임식품,1999,"15, Yeongsungongdan-gil, Yeongsun-myeon, Mungyeong-si,Gyeongsangnam-do, Korea",www.singram.co.kr
2019 상반기 대규모 수출상담회(BKF),aT센터 1층 제1전시장,2019,5,22,DUREBANG FOODS INC,제조업,1990,"2081-73, Sunam-ro, Geochang-eup,Geochang-gun, Gyeongsangnam-do",http://www.durebang.co.kr
2019 상반기 대규모 수출상담회(BKF),aT센터 1층 제1전시장,2019,5,22,"HAESER Products Co., Ltd.","수산물가공업,건강보조음료",2011,"79-13, Geumgwan-daero 804beon-gil, Gimhae-si, Gyeongsangnam-do, Republic of Korea",www.haeser-cnt.com
2019 상반기 대규모 수출상담회(BKF),aT센터 1층 제1전시장,2019,5,22,"Honestfood Co., Ltd",제조,2014,"59-11 Biseongnal-ro, Deokjin-gu, Jeonju-si, Jeollabuk-do South Korea",www.honestfood.co.kr
2019 상반기 대규모 수출상담회(BKF),aT센터 1층 제1전시장,2019,5,22,"Argicultural Corporation Gagopa Healing Food Co., Ltd","도소매, 제조업, 도매 및 소매업",2013,"177, Samgye-ro, Naeseo-eup, Masanhoewon-gu, Changwon-si, Gyeongsangnam-do, Republic of Korea",kfoods.kr
2019 상반기 대규모 수출상담회(BKF),aT센터 1층 제1전시장,2019,5,22,OTTOGI CORPORATION,식품,1969,"405, Heungan-daero, Dongan-gu, Anyang-si, Gyeonggi-do, Republic of Korea",www.ottogi.co.kr
2019 상반기 대규모 수출상담회(BKF),aT센터 1층 제1전시장,2019,5,22,"SAMMI COMMERCE CO.,LTD.",무역.식품잡화.통신판매,1994,"3F, 296, Jungdae-ro, Songpa-gu, Seoul, 05724, Korea",www.sammicms.co.kr
2019 상반기 대규모 수출상담회(BKF),aT센터 1층 제1전시장,2019,5,22,SAMYANG FOODS,"라면류, 국수류",1961,"104 OPAESAN-RO 3GIL SEOUNGBUK-GU, SEOUL",
2019 상반기 대규모 수출상담회(BKF),aT센터 1층 제1전시장,2019,5,22,NH TRADING,"무역,주류수출,축산물수입판매,농수산물,오퍼상",1990,"7, Olympic-ro 48-gil, Gangdong-gu, Seoul, Republic of Korea",
2019 상반기 대규모 수출상담회(BKF),aT센터 1층 제1전시장,2019,5,22,"ROC.CO.,Ltd","건강컨텐츠 연구개발, 식품, 무역",2016,"3, Munhwachon-ro, Pyeongtaek-si, Gyeonggi-do",www.exstore.kr / www.baoshop.kr
2019 상반기 대규모 수출상담회(BKF),aT센터 1층 제1전시장,2019,5,22,"SANDOL FOOD., LTD","전분, 사료, 면류",2001,"1009-9, Seorak-ro, Hongcheon-eup, Gangwon-do",http://www.sandolfood.co.kr
2019 상반기 대규모 수출상담회(BKF),aT센터 1층 제1전시장,2019,5,22,"[K11] GAMRO700 AGRICULTURE CO., LTD.",다류,2015,"1305-54, Nochusan-ro, Wangsan-myeon, Gangneung-si, Gangwon-do",www.gamro700.com
2019 상반기 대규모 수출상담회(BKF),aT센터 1층 제1전시장,2019,5,22,"JEION CO., LTD.",유아용식품,2013,"303, Cheonjam-ro, Wansan-gu, Jeollabuk-do, 55069, S.Korea",www.jeion.com
2019 상반기 대규모 수출상담회(BKF),aT센터 1층 제1전시장,2019,5,22,"HAESER Products Co., Ltd.","수산물가공업,건강보조음료",2011,"79-13, Geumgwan-daero 804beon-gil, Gimhae-si, Gyeongsangnam-do, Republic of Korea",www.haeser-cnt.com
2019 상반기 대규모 수출상담회(BKF),aT센터 1층 제1전시장,2019,5,22,ukisaem,"제분, 농산물, 견과류",2013,"630, Sotae-ro, Sotae-myeon, Chungju-si, Chungcheongbuk-do",www.62sem.com
2019 상반기 대규모 수출상담회(BKF),aT센터 1층 제1전시장,2019,5,22,"Seung In Food Co., Ltd","참기름,들기름",2015,"58, Nakdongnam-ro 1013beon-gil, Gangseo-gu, Busan",http://blog.naver.com/seunginfood
2019 상반기 대규모 수출상담회(BKF),aT센터 1층 제1전시장,2019,5,22,HEASAN,"무역, 제조",2018,"502ho,200-9, UN village-gil, Yongsan-gu, Seoul, Republic of Korea",heasanglobal.com
2019 상반기 대규모 수출상담회(BKF),aT센터 1층 제1전시장,2019,5,22,"[K02] AGRICULTURAL CORPORATION JANGHEUNG FOOD CO., LTD.","된장, 고추장, 간장, 청국장, 식량재배",2011,"49-19 GISAN-GIL, ANYANG-MYEON JANGHEUNG-GUN JEOLLANAMDO, KOREA",www.cjjfood.com
2019 상반기 대규모 수출상담회(BKF),aT센터 1층 제1전시장,2019,5,22,"[K02] AGRICULTURAL CORPORATION JANGHEUNG FOOD CO., LTD.","된장, 고추장, 간장, 청국장, 식량재배",2011,"49-19 GISAN-GIL, ANYANG-MYEON JANGHEUNG-GUN JEOLLANAMDO, KOREA",www.cjjfood.com
2019 상반기 대규모 수출상담회(BKF),aT센터 1층 제1전시장,2019,5,22,"MIWAMI CO., LTD",다류 수출업 무역,2009,"840-1 Noam-dong, Namwon-si, Jeollabuk-do, Korea",www.miwami.com
2019 상반기 대규모 수출상담회(BKF),aT센터 1층 제1전시장,2019,5,22,"Namyang Dairy Products Co., Ltd.","낙농품, 음료",1964,"240, Dosan-daero, Gangnam-gu, Seoul",.http://company.namyangi.com/
2019 상반기 대규모 수출상담회(BKF),aT센터 1층 제1전시장,2019,5,22,HEFS CO.,식품,2018,"51, Bokseong 15-gil, Yangmok-myeon, Chilgok-gun, Gyeongsangbuk-do",N
2019 상반기 대규모 수출상담회(BKF),aT센터 1층 제1전시장,2019,5,22,JEJU NATURE & VINEGAR,식품가공,2015,"102, Jejudaehak-ro, Jeju-si, Jeju-do",www.jejuvinegar.com
2019 상반기 대규모 수출상담회(BKF),aT센터 1층 제1전시장,2019,5,22,"[K27] PUREPLUS CO., LTD","제조, 도소매",2002,"11, Sudongnonggong-gil, Sudong-myeon, Hamyang-gun, Gyeongsangnam-do",www.pureplus.co.kr
2019 상반기 대규모 수출상담회(BKF),aT센터 1층 제1전시장,2019,5,22,"INSAN BAMBOO SALT, Inc.",식품,1998,"99-25, Dabyeot-gil, Byeonggok-myeon, Hamyang-gun, Gyeongsangnam-do, Republic of Korea",www.insan.com
2019 상반기 대규모 수출상담회(BKF),aT센터 1층 제1전시장,2019,5,22,"Lotte Chilsung Beverage Co.,Ltd.","청량음료, 식품, 주류",1967,"269, Olympic-ro, Songpa-gu, Seoul",https://company.lottechilsung.co.kr/eng/main/index.do
2019 상반기 대규모 수출상담회(BKF),aT센터 1층 제1전시장,2019,5,22,seasoner,"양념육, 통조림, 김치",2000,"712, CHILBO-, CHEONGAN-MYEON, GOESAN-GUN, CHUNG-BUK",www.dhfoods1.kr
2019 상반기 대규모 수출상담회(BKF),aT센터 1층 제1전시장,2019,5,22,jayounhyanggi,식품제조도소매,2012,"248 Akyang-dong-ro, Akyang-myeon, Hadong-gun, Gyeongsangnam-do, South Korea",http://www.jayounmi.com
2019 상반기 대규모 수출상담회(BKF),aT센터 1층 제1전시장,2019,5,22,"Honestfood Co., Ltd",제조,2014,"59-11 Biseongnal-ro, Deokjin-gu, Jeonju-si, Jeollabuk-do South Korea",www.honestfood.co.kr
2019 상반기 대규모 수출상담회(BKF),aT센터 1층 제1전시장,2019,5,22,GEONWON TRADE,"무역,식품, 유아식품",2016,"10, Gangnam-daero 51-gil, Seocho-gu, Seoul",
2019 상반기 대규모 수출상담회(BKF),aT센터 1층 제1전시장,2019,5,22,"BrandAcumen co.,Ltd.",식품기획 및 유통,2002,"A-1404, 53, mapo-daero, mapo-gu, seoul, 04158, Korea",http://www.superbeverage.co.kr/
2019 상반기 대규모 수출상담회(BKF),aT센터 1층 제1전시장,2019,5,22,"Prestige Laver Co,.Ltd.",제조업,2012,"139, Huirisan-gil, Jongcheon-myeon, Seocheon-gun, Chungcheongnam-do",marochip.co.kr
2019 상반기 대규모 수출상담회(BKF),aT센터 1층 제1전시장,2019,5,22,Willingness Inc.,무역,2018,,
2019 상반기 대규모 수출상담회(BKF),aT센터 1층 제1전시장,2019,5,22,"Ruiguan Korea Co., Ltd.",수출,2015,"11, Songhwa-ro, Paju-si, Gyeonggi-do, Korea",N
2019 상반기 대규모 수출상담회(BKF),aT센터 1층 제1전시장,2019,5,22,"NONGHYUP RED GINSENG Co.,Ltd.","인삼식품, 수출, 인삼제품",2002,"Jeungpyeong-eup, Jeungpyeong-gun, Chungcheongbuk-do",http://en.hansamin.org/
2019 상반기 대규모 수출상담회(BKF),aT센터 1층 제1전시장,2019,5,22,"Youngdongseafood Co.,Ltd",식품제조 가공 소분,2004,"163,Yangji-ro,Onam-eup,Namyangju-si,Kyeunggi-do,Korea",www.ydseafood.co.kr
2019 상반기 대규모 수출상담회(BKF),aT센터 1층 제1전시장,2019,5,22,"DA JUNG CO., LTD.",식품가공업,1997,"28, 97, Yeongil-ro, Yeongjung-myeon, Pocheon-si, Gyeonggi-do, Korea",www.damizle.com
2019 상반기 대규모 수출상담회(BKF),aT센터 1층 제1전시장,2019,5,22,JEJU NATURE & VINEGAR,식품가공,2015,"102, Jejudaehak-ro, Jeju-si, Jeju-do",www.jejuvinegar.com
2019 상반기 대규모 수출상담회(BKF),aT센터 1층 제1전시장,2019,5,22,"SAMMI COMMERCE CO.,LTD.",무역.식품잡화.통신판매,1994,"3F, 296, Jungdae-ro, Songpa-gu, Seoul, 05724, Korea",www.sammicms.co.kr
2019 상반기 대규모 수출상담회(BKF),aT센터 1층 제1전시장,2019,5,22,[K12] GEUMSAN GINSENG COOPERATIVE,도소매업,2016,"1F 103-4, Geumsanchoen 1-gil, Geumsan-eup, Geumsan-gun, Chungcheongnam-do, Republic of Korea",gincoop.com
2019 상반기 대규모 수출상담회(BKF),aT센터 1층 제1전시장,2019,5,22,"SSMGLOBAL CO., LTD.","무역, 유통",2016,"385, Gulmi-ro, Juksan-myeon, Anseong-si, Gyeonggi-do, Korea",www.ssmglobal.co.kr
2019 상반기 대규모 수출상담회(BKF),aT센터 1층 제1전시장,2019,5,22,Gwangju Jeon-nam Ewport Co-operative,수출업,2019,"Sangdeung-ri, Masan-myeon, Haenam-gun, Jeollanam-do, 1116",
2019 상반기 대규모 수출상담회(BKF),aT센터 1층 제1전시장,2019,5,22,"GMF CO., LTD.","음식료품,수출입업",2006,KOREA 06774,N
2019 상반기 대규모 수출상담회(BKF),aT센터 1층 제1전시장,2019,5,22,"[K02] AGRICULTURAL CORPORATION JANGHEUNG FOOD CO., LTD.","된장, 고추장, 간장, 청국장, 식량재배",2011,"49-19 GISAN-GIL, ANYANG-MYEON JANGHEUNG-GUN JEOLLANAMDO, KOREA",www.cjjfood.com
2019 상반기 대규모 수출상담회(BKF),aT센터 1층 제1전시장,2019,5,22,HEASAN,"무역, 제조",2018,"502ho,200-9, UN village-gil, Yongsan-gu, Seoul, Republic of Korea",heasanglobal.com
2019 상반기 대규모 수출상담회(BKF),aT센터 1층 제1전시장,2019,5,22,"SAMMI COMMERCE CO.,LTD.",무역.식품잡화.통신판매,1994,"3F, 296, Jungdae-ro, Songpa-gu, Seoul, 05724, Korea",www.sammicms.co.kr
2019 상반기 대규모 수출상담회(BKF),aT센터 1층 제1전시장,2019,5,22,suchang,식품제조가공업,2016,Bio Convergence Center 1 Hall 207 Room Sincheon Dong road 16 jeju-do,www.scjeju.co.kr
2019 상반기 대규모 수출상담회(BKF),aT센터 1층 제1전시장,2019,5,22,"SAEMI BIO CO.,LTD","무역, 유통, OEM 생산",2015,"ROOM 501, 5 TEHERAN-RO 29-GIL, GANGANAM-GU, SEOUL, KOREA",https://www.saemibio.com
2019 상반기 대규모 수출상담회(BKF),aT센터 1층 제1전시장,2019,5,22,Hosung Farming Corp.,제조,2016,"36, Yongjeonjidong-gil, Bonghwang-myeon, Naju-si, Jeollanam-do, Korea",http://www.oberryya.co.kr
2019 상반기 대규모 수출상담회(BKF),aT센터 1층 제1전시장,2019,5,22,"JEONG HWA FOODS CO.,LTD.",manufacturing,1987,,http://jeonghwa.koreasme.com/index.htm
2019 상반기 대규모 수출상담회(BKF),aT센터 1층 제1전시장,2019,5,22,"Guksim co., Ltd","차류가공, 인삼제품, 커피가공",2007,"383 Hakdong-ro, Jinbuk-myeon, Masan Happo-gu, Changwon, Gyeongsangnam-do",www.guksim.com
2019 상반기 대규모 수출상담회(BKF),aT센터 1층 제1전시장,2019,5,22,GEONWON TRADE,"무역,식품, 유아식품",2016,"10, Gangnam-daero 51-gil, Seocho-gu, Seoul",
2019 상반기 대규모 수출상담회(BKF),aT센터 1층 제1전시장,2019,5,22,EVERFARM AGRICULTURAL CORP.,농산물생산및유통,2015,"31, Yeondong-gil, Sinbuk-myeon, Yeongam-gun, Jeollanam-do",
2019 상반기 대규모 수출상담회(BKF),aT센터 1층 제1전시장,2019,5,22,"GEO ENTERPRISE CO., LTD",무역,1993,"76, Jangan-ro 496beon-gil, Jangan-gu, Suwon-si, Gyeonggi-do",N
2019 상반기 대규모 수출상담회(BKF),aT센터 1층 제1전시장,2019,5,22,"Ilhwa co.,ltd.",제조,1971,96 BULMAL-RO GURI-SI  GYUNGGI-DO KOREA,www.ilhwa.co.kr
2019 상반기 대규모 수출상담회(BKF),aT센터 1층 제1전시장,2019,5,22,[K01] AGRICULTURAL COMPANY CORP JAYEONTEO,농산물.농산물가공.농산물,2015,"400, Seonghyeon-ro, Ilsandong-gu, Goyang-si, Gyeonggi-do",www.gentlematto.com
2019 상반기 대규모 수출상담회(BKF),aT센터 1층 제1전시장,2019,5,22,davichi,제조업,2016,"52-28, Tapgiam-gil, Ochang-eup, Cheongwon-gu, Cheongju-si, Chungcheongbuk-do",davichifarm.com
2019 상반기 대규모 수출상담회(BKF),aT센터 1층 제1전시장,2019,5,22,"Kocheolnam Hongsam Co., Ltd","제조, 유통, 무역",2005,"61, Ganghwasandan-ro, Ganghwa-eup, Ganghwa-gun, Incheon",www.hong3.co.kr
2019 상반기 대규모 수출상담회(BKF),aT센터 1층 제1전시장,2019,5,22,"OZAR CO.,LTD",제조 / 도소매,2009,"#202, 36-22, Baekjegobunro 40gil, Songpagu, Seoul, Republic of Korea",http://ozar8887.tradekorea.com  http://www.ozar.kr
2019 상반기 대규모 수출상담회(BKF),aT센터 1층 제1전시장,2019,5,22,"Bionutrigen Co., Ltd.",건강식품외,1999,"1662, Yuseong-daero, Yuseong-gu, Daejeon",www.bionutrigen.com
2019 상반기 대규모 수출상담회(BKF),aT센터 1층 제1전시장,2019,5,22,"[K09] FINE FT CO., LTD","식품제조가공업, 식품첨가물제조업 등",2007,"3524, Charyeong-ro, Jeongan-myeon, Gongju-si, Chungcheongnam-do, 32511, South Korea",www.fineft.co.kr
2019 상반기 대규모 수출상담회(BKF),aT센터 1층 제1전시장,2019,5,22,"Samcheok Dongja Yack Doraji, Corp.",도소매,2011,"2222 Baechdudaegan-ro, Hajang-myeon, Samcheok-si, Gangwon-do, Korea",
2019 상반기 대규모 수출상담회(BKF),aT센터 1층 제1전시장,2019,5,22,"SAEMI BIO CO.,LTD","무역, 유통, OEM 생산",2015,"ROOM 501, 5 TEHERAN-RO 29-GIL, GANGANAM-GU, SEOUL, KOREA",https://www.saemibio.com
2019 상반기 대규모 수출상담회(BKF),aT센터 1층 제1전시장,2019,5,22,GYEONG BUK CORPORATION,도소매,1994,"76-7 Hyunnae-gil, Jinryangeup, Gyeongsan, Gyeongbuk,korea",www.gbci.co.kr
2019 상반기 대규모 수출상담회(BKF),aT센터 1층 제1전시장,2019,5,22,JK partners,"제조업,도소매업",2017,"2F, 33, Cheombok-ro, Dong-gu, Daegu",www.jk-partners.co.kr
2019 상반기 대규모 수출상담회(BKF),aT센터 1층 제1전시장,2019,5,22,"Lotte Chilsung Beverage Co.,Ltd.","청량음료, 식품, 주류",1967,"269, Olympic-ro, Songpa-gu, Seoul",https://company.lottechilsung.co.kr/eng/main/index.do
2019 상반기 대규모 수출상담회(BKF),aT센터 1층 제1전시장,2019,5,22,kwangyafood,"비알콜성음료,차류",2009,"134, Sintanjin-ro 738beon-gil, Daedeok-gu, Daejeon",www.kwangfood.co.kr
2019 상반기 대규모 수출상담회(BKF),aT센터 1층 제1전시장,2019,5,22,"MIWAMI CO., LTD",다류 수출업 무역,2009,"840-1 Noam-dong, Namwon-si, Jeollabuk-do, Korea",www.miwami.com
2019 상반기 대규모 수출상담회(BKF),aT센터 1층 제1전시장,2019,5,22,enzymefarm,발효식품,213,,www.fathers-hill.co.kr
2019 상반기 대규모 수출상담회(BKF),aT센터 1층 제1전시장,2019,5,22,"Samcheok Dongja Yack Doraji, Corp.",도소매,2011,"2222 Baechdudaegan-ro, Hajang-myeon, Samcheok-si, Gangwon-do, Korea",
2019 상반기 대규모 수출상담회(BKF),aT센터 1층 제1전시장,2019,5,22,Hwangtorang Onion Extract Farming Association Corporation,제조,2006,"38, Cheonggyegongdan-gil, Cheonggye-myeon, Muan-gun, Jeollanam-do",www.muanonion.co.kr
2019 상반기 대규모 수출상담회(BKF),aT센터 1층 제1전시장,2019,5,22,"[K05] CHOLOCWON CO., LTD.",다류,2000,"45-15, Pyeongsa 1-gil, Jillyang-eup, Gyeongsan-si, Gyeongsangbuk-do, Korea, 38455",www.cholocwon.com
2019 상반기 대규모 수출상담회(BKF),aT센터 1층 제1전시장,2019,5,22,"SERIM HYUNMI CO., LTD.",식물성유지,2003,"24, Gongdan 1-gil, Jeongeup-si, Jeollabuk-do, 56154, Republic of Korea",www.serim.kr
2019 상반기 대규모 수출상담회(BKF),aT센터 1층 제1전시장,2019,5,22,(주)Phyto Corporation,기능성 식품 소재,2013,"#207, Institute of Molecular Biology & Genetics, Seoul National University, 1 Kwanakro, Kwanakgu, Seoul, South Korea",www.phytoco.com
2019 상반기 대규모 수출상담회(BKF),aT센터 1층 제1전시장,2019,5,22,Hwangtorang Onion Extract Farming Association Corporation,제조,2006,"38, Cheonggyegongdan-gil, Cheonggye-myeon, Muan-gun, Jeollanam-do",www.muanonion.co.kr
2019 상반기 대규모 수출상담회(BKF),aT센터 1층 제1전시장,2019,5,22,"Taewoongfood Co.,Ltd.",제조,2000,"21, Daegeum-ro 196beon-gil, Daeso-myeon, Eumseong-gun, Chungcheongbuk-do, Korea",http://www.twfood.co.kr
2019 상반기 대규모 수출상담회(BKF),aT센터 1층 제1전시장,2019,5,22,"Guksim co., Ltd","차류가공, 인삼제품, 커피가공",2007,"383 Hakdong-ro, Jinbuk-myeon, Masan Happo-gu, Changwon, Gyeongsangnam-do",www.guksim.com
2019 상반기 대규모 수출상담회(BKF),aT센터 1층 제1전시장,2019,5,22,"BrandAcumen co.,Ltd.",식품기획 및 유통,2002,"A-1404, 53, mapo-daero, mapo-gu, seoul, 04158, Korea",http://www.superbeverage.co.kr/
2019 상반기 대규모 수출상담회(BKF),aT센터 1층 제1전시장,2019,5,22,"GEUMSAN BLACK GINSENG CO.,LTD.",식품 제조업,2013,"15, Insamyakchogongdan-ro, Buri-myeon, Geumsan-gun, Chungcheongnam-do",www.geumheuk.com
2019 상반기 대규모 수출상담회(BKF),aT센터 1층 제1전시장,2019,5,22,"DONGWON F&B CO., LTD.",수출입업,2000,"68, Mabang-ro, Seocho-gu, Seoul",www.dongwonfnb.com
2019 상반기 대규모 수출상담회(BKF),aT센터 1층 제1전시장,2019,5,22,"Daedong Korea Ginseng Co.,Ltd",홍삼제품. 건강제품. 통신판매업,2002,"ChungNam GeumsanGun, GunbukMyeon, GunbukRo, 586",http://www.hongsamgeon.co.kr
2019 상반기 대규모 수출상담회(BKF),aT센터 1층 제1전시장,2019,5,22,ivycoffee,커피가공,2012,gyeong gi pyeong taek dol u mul gil 81,www.cafemano.net
2019 상반기 대규모 수출상담회(BKF),aT센터 1층 제1전시장,2019,5,22,"YOUNG POONG CO.,LTD",농식품가공,1993,"64, Seongseogongdanbuk-ro, Dalseo-gu, Daegu, KOREA",http://www.ypfoods.co.kr
2019 상반기 대규모 수출상담회(BKF),aT센터 1층 제1전시장,2019,5,22,thehubplus,"무역, 유통, 전자상거래",2014,,
2019 상반기 대규모 수출상담회(BKF),aT센터 1층 제1전시장,2019,5,22,GEONWON TRADE,"무역,식품, 유아식품",2016,"10, Gangnam-daero 51-gil, Seocho-gu, Seoul",
2019 상반기 대규모 수출상담회(BKF),aT센터 1층 제1전시장,2019,5,22,"DELLOS F&B CO.,LTD","잼류,음료류",2013,"159, USANGONGDAN-GIL, WONJU-SI, GANGWON-DO",N
2019 상반기 대규모 수출상담회(BKF),aT센터 1층 제1전시장,2019,5,22,Jeju Coffee Farm,"묘목, 커피농장체험",2014,"151, Hyanggyo-ro, Andeok-myeon, Seogwipo-si, Jeju-do",www.coffeenac.kr
2019 상반기 대규모 수출상담회(BKF),aT센터 1층 제1전시장,2019,5,22,"bogoshinyak.co.,ltd.",음료,2004,"#B1204, B Dong, Tear tower, 167, Songpa-daero, Songpa-gu, Seoul",www.ebogo.kr
2019 상반기 대규모 수출상담회(BKF),aT센터 1층 제1전시장,2019,5,22,"[K09] FINE FT CO., LTD","식품제조가공업, 식품첨가물제조업 등",2007,"3524, Charyeong-ro, Jeongan-myeon, Gongju-si, Chungcheongnam-do, 32511, South Korea",www.fineft.co.kr
2019 상반기 대규모 수출상담회(BKF),aT센터 1층 제1전시장,2019,5,22,"HANHAEBO CO.,LTD.","마른김,스시김,김밥김,조미김,김자반",2016,"57162,3513, Yeongsan-ro Hakgyo-myeon, Hampyeong-gun, Jeollanam-do, Korea",https://www.agrotrade.net/mini/hanhaebo87
2019 상반기 대규모 수출상담회(BKF),aT센터 1층 제1전시장,2019,5,22,Hosung Farming Corp.,제조,2016,"36, Yongjeonjidong-gil, Bonghwang-myeon, Naju-si, Jeollanam-do, Korea",http://www.oberryya.co.kr
2019 상반기 대규모 수출상담회(BKF),aT센터 1층 제1전시장,2019,5,22,[K12] GEUMSAN GINSENG COOPERATIVE,도소매업,2016,"1F 103-4, Geumsanchoen 1-gil, Geumsan-eup, Geumsan-gun, Chungcheongnam-do, Republic of Korea",gincoop.com
2019 상반기 대규모 수출상담회(BKF),aT센터 1층 제1전시장,2019,5,22,Gwangju Jeon-nam Ewport Co-operative,수출업,2019,"Sangdeung-ri, Masan-myeon, Haenam-gun, Jeollanam-do, 1116",
2019 상반기 대규모 수출상담회(BKF),aT센터 1층 제1전시장,2019,5,22,"GEUMSAN BLACK GINSENG CO.,LTD.",식품 제조업,2013,"15, Insamyakchogongdan-ro, Buri-myeon, Geumsan-gun, Chungcheongnam-do",www.geumheuk.com
2019 상반기 대규모 수출상담회(BKF),aT센터 1층 제1전시장,2019,5,22,"BrandAcumen co.,Ltd.",식품기획 및 유통,2002,"A-1404, 53, mapo-daero, mapo-gu, seoul, 04158, Korea",http://www.superbeverage.co.kr/
2019 상반기 대규모 수출상담회(BKF),aT센터 1층 제1전시장,2019,5,22,"DONGWON F&B CO., LTD.",수출입업,2000,"68, Mabang-ro, Seocho-gu, Seoul",www.dongwonfnb.com
2019 상반기 대규모 수출상담회(BKF),aT센터 1층 제1전시장,2019,5,22,"Taewoongfood Co.,Ltd.",제조,2000,"21, Daegeum-ro 196beon-gil, Daeso-myeon, Eumseong-gun, Chungcheongbuk-do, Korea",http://www.twfood.co.kr
2019 상반기 대규모 수출상담회(BKF),aT센터 1층 제1전시장,2019,5,22,"GEUMSAN BLACK GINSENG CO.,LTD.",식품 제조업,2013,"15, Insamyakchogongdan-ro, Buri-myeon, Geumsan-gun, Chungcheongnam-do",www.geumheuk.com
2019 상반기 대규모 수출상담회(BKF),aT센터 1층 제1전시장,2019,5,22,"INSAN BAMBOO SALT, Inc.",식품,1998,"99-25, Dabyeot-gil, Byeonggok-myeon, Hamyang-gun, Gyeongsangnam-do, Republic of Korea",www.insan.com
2019 상반기 대규모 수출상담회(BKF),aT센터 1층 제1전시장,2019,5,22,KEUIREUM,식물성유지 제조업,2014,"3F, 519, Dunchon-daero, Jungwon-gu, Seongnam-si, Gyeonggi-do, 13216, Republic of Korea",http://onlyoil.co.kr
2019 상반기 대규모 수출상담회(BKF),aT센터 1층 제1전시장,2019,5,22,"Kocheolnam Hongsam Co., Ltd","제조, 유통, 무역",2005,"61, Ganghwasandan-ro, Ganghwa-eup, Ganghwa-gun, Incheon",www.hong3.co.kr
2019 상반기 대규모 수출상담회(BKF),aT센터 1층 제1전시장,2019,5,22,Hanbando Inc.,농산물,2017,"11, Gaya-ro 66-gil, Jillyang-eup, Gyeongsan-si, Gyeongsangbuk-do",https://hanbandokr.com
2019 상반기 대규모 수출상담회(BKF),aT센터 1층 제1전시장,2019,5,22,"SD Korea CO., Ltd","제조, 도소매",2015,"70, Baksan-ro, Yuseong-gu, Daejeon",www.sd-korea.co.kr
2019 상반기 대규모 수출상담회(BKF),aT센터 1층 제1전시장,2019,5,22,"NONGHYUP RED GINSENG Co.,Ltd.","인삼식품, 수출, 인삼제품",2002,"Jeungpyeong-eup, Jeungpyeong-gun, Chungcheongbuk-do",http://en.hansamin.org/
2019 상반기 대규모 수출상담회(BKF),aT센터 1층 제1전시장,2019,5,22,"Prestige Laver Co,.Ltd.",제조업,2012,"139, Huirisan-gil, Jongcheon-myeon, Seocheon-gun, Chungcheongnam-do",marochip.co.kr
2019 상반기 대규모 수출상담회(BKF),aT센터 1층 제1전시장,2019,5,22,JEJU NATURE & VINEGAR,식품가공,2015,"102, Jejudaehak-ro, Jeju-si, Jeju-do",www.jejuvinegar.com
2019 상반기 대규모 수출상담회(BKF),aT센터 1층 제1전시장,2019,5,22,"NONGHYUP RED GINSENG Co.,Ltd.","인삼식품, 수출, 인삼제품",2002,"Jeungpyeong-eup, Jeungpyeong-gun, Chungcheongbuk-do",http://en.hansamin.org/
2019 상반기 대규모 수출상담회(BKF),aT센터 1층 제1전시장,2019,5,22,HARIM CORPORATION,"축산, 제조업",2011,"14 Mangseong-ro, Mangseong-myeon, Iksan-Si, Jeollabuk-do,Korea",harim.com
2019 상반기 대규모 수출상담회(BKF),aT센터 1층 제1전시장,2019,5,22,DONJIN TRADING,도매,2006,"72-14, Jeolgol-gil, Osan-si, Gyeonggi-do",
2019 상반기 대규모 수출상담회(BKF),aT센터 1층 제1전시장,2019,5,22,[K12] GEUMSAN GINSENG COOPERATIVE,도소매업,2016,"1F 103-4, Geumsanchoen 1-gil, Geumsan-eup, Geumsan-gun, Chungcheongnam-do, Republic of Korea",gincoop.com
2019 상반기 대규모 수출상담회(BKF),aT센터 1층 제1전시장,2019,5,22,"EBICHE CO.,LTD",제조업,2000,"21, HWANGGANG GONGDANGIL, IMGOMYUN, YOUNGCHUN, GYEONGSANGBUKDO, KOREA",www.ebiche.com
2019 상반기 대규모 수출상담회(BKF),aT센터 1층 제1전시장,2019,5,22,suchang,식품제조가공업,2016,Bio Convergence Center 1 Hall 207 Room Sincheon Dong road 16 jeju-do,www.scjeju.co.kr
2019 상반기 대규모 수출상담회(BKF),aT센터 1층 제1전시장,2019,5,22,KEUMKANG B&F,청량음료외,1994,"106 Dusan-GilDaesowon-Myeon,Chungju City,Chungbuk,Korea",http://www.keumkangbnf.com/
2019 상반기 대규모 수출상담회(BKF),aT센터 1층 제1전시장,2019,5,22,"BrandAcumen co.,Ltd.",식품기획 및 유통,2002,"A-1404, 53, mapo-daero, mapo-gu, seoul, 04158, Korea",http://www.superbeverage.co.kr/
2019 상반기 대규모 수출상담회(BKF),aT센터 1층 제1전시장,2019,5,22,"GMF CO., LTD.","음식료품,수출입업",2006,KOREA 06774,N
2019 상반기 대규모 수출상담회(BKF),aT센터 1층 제1전시장,2019,5,22,"DONGWON F&B CO., LTD.",수출입업,2000,"68, Mabang-ro, Seocho-gu, Seoul",www.dongwonfnb.com
2019 상반기 대규모 수출상담회(BKF),aT센터 1층 제1전시장,2019,5,22,R&G CORPORATION,"무역, 농수산물가공식품",1985,"347 Daewangpangyo-ro, Bundang-gu, Seongnam-si Gyeonggi-do",www.assifood.co.kr
2019 상반기 대규모 수출상담회(BKF),aT센터 1층 제1전시장,2019,5,22,OKF CORPORATION,"식품,식품무역,무역(수출입업),수출대행업",1990,"54, Hakdong-ro 21-gil, Gangnam-gu, Seoul",www.okf.kr
2019 상반기 대규모 수출상담회(BKF),aT센터 1층 제1전시장,2019,5,22,[K32] TULIP INTERNATIONAL INC.,"기타식품, 무역, 제조",1999,"37, Teheran-ro 87-gil, Gangnam-gu, Seoul",www.tulipint.com
2019 상반기 대규모 수출상담회(BKF),aT센터 1층 제1전시장,2019,5,22,"MIWAMI CO., LTD",다류 수출업 무역,2009,"840-1 Noam-dong, Namwon-si, Jeollabuk-do, Korea",www.miwami.com
2019 상반기 대규모 수출상담회(BKF),aT센터 1층 제1전시장,2019,5,22,SUNNYVILLE CO,"농산물 가공, 수출, 수입, 보관",1996,"232, Ime-gil, Yangchon-myeon, Nonsan-si, Chungcheongnam-do, Korea",http://sunnyville.kr/
2019 상반기 대규모 수출상담회(BKF),aT센터 1층 제1전시장,2019,5,22,HAN SUNG GAP,"농산물, 장류",2009,"391, Guam Gamgye-gil, Oksan-myeon, Uiseong-gun, Gyeonsangbok-do, Korea",
2019 상반기 대규모 수출상담회(BKF),aT센터 1층 제1전시장,2019,5,22,KANGLIM ORGANIC corp.,"유기농산물재배,판매,김치,식물성유지",1999,"510, Choha-ro, Chodong-myeon, Miryang-si, Gyeongsangnam-do",agricom.co.kr
2019 상반기 대규모 수출상담회(BKF),aT센터 1층 제1전시장,2019,5,22,"YOUNG POONG CO.,LTD",농식품가공,1993,"64, Seongseogongdanbuk-ro, Dalseo-gu, Daegu, KOREA",http://www.ypfoods.co.kr
2019 상반기 대규모 수출상담회(BKF),aT센터 1층 제1전시장,2019,5,22,"Bionutrigen Co., Ltd.",건강식품외,1999,"1662, Yuseong-daero, Yuseong-gu, Daejeon",www.bionutrigen.com
2019 상반기 대규모 수출상담회(BKF),aT센터 1층 제1전시장,2019,5,22,"BABIJOA.co,ltd","식품가공업,기능성곡류외",2017,"923-27, Jeonggwan-ro, Jeonggwan-eup, Gijang-gun, Busan",http://babijoa.co.kr/
2019 상반기 대규모 수출상담회(BKF),aT센터 1층 제1전시장,2019,5,22,"Welltural.Co.,Ltd","견과, 시리얼, 선식, 체중조절식품",2002,"17, Saneopdanji 3-gil, Pungsan-eup, Andong-si, Gyeongsangbuk-do",www.welltural.co.kr
2019 상반기 대규모 수출상담회(BKF),aT센터 1층 제1전시장,2019,5,22,"OZAR CO.,LTD",제조 / 도소매,2009,"#202, 36-22, Baekjegobunro 40gil, Songpagu, Seoul, Republic of Korea",http://ozar8887.tradekorea.com  http://www.ozar.kr
2019 상반기 대규모 수출상담회(BKF),aT센터 1층 제1전시장,2019,5,22,MORNING FARM CO.. LTD.,수출입,2007,,www.morningfarm.kr
2019 상반기 대규모 수출상담회(BKF),aT센터 1층 제1전시장,2019,5,22,"[K19] I’M DNL CO., LTD",가공식품,2017,,www. younmifoods.com
2019 상반기 대규모 수출상담회(BKF),aT센터 1층 제1전시장,2019,5,22,KORINA TRADE CO.,수출무역,2012,"Rm, 424, Wooyang Bldg, 234, Chungmu-daero, Seo-gu, Busan",www.korinatrade.com
2019 상반기 대규모 수출상담회(BKF),aT센터 1층 제1전시장,2019,5,22,"BABIJOA.co,ltd","식품가공업,기능성곡류외",2017,"923-27, Jeonggwan-ro, Jeonggwan-eup, Gijang-gun, Busan",http://babijoa.co.kr/
2019 상반기 대규모 수출상담회(BKF),aT센터 1층 제1전시장,2019,5,22,"IIKIM CO.,LTD.","김치,반찬류",2005,"35,GEUMGUL4-GIL,BO-EUN-EUP,BO-EUN-GUN,CHUNGCHEONGBUK-DO,KOREA",http://www.iikim.co.kr
2019 상반기 대규모 수출상담회(BKF),aT센터 1층 제1전시장,2019,5,22,firefly yuja farming union act,농업 도소매업,2017,jeollanam-do gohung-gun gyeongnam province harim road in 60-3,Www.yuja.kr
2019 상반기 대규모 수출상담회(BKF),aT센터 1층 제1전시장,2019,5,22,[K10] FRESHIS CO LTD,무역업,2014,,http://www.freshisland.co.kr/
2019 상반기 대규모 수출상담회(BKF),aT센터 1층 제1전시장,2019,5,22,"joon internaional co., ltd",무역,1998,"601, Daeye-dong, Shiheoung-city, Gyeonggi-do",www.green-nara.com
2019 상반기 대규모 수출상담회(BKF),aT센터 1층 제1전시장,2019,5,22,"[K09] FINE FT CO., LTD","식품제조가공업, 식품첨가물제조업 등",2007,"3524, Charyeong-ro, Jeongan-myeon, Gongju-si, Chungcheongnam-do, 32511, South Korea",www.fineft.co.kr
2019 상반기 대규모 수출상담회(BKF),aT센터 1층 제1전시장,2019,5,22,OKF CORPORATION,"식품,식품무역,무역(수출입업),수출대행업",1990,"54, Hakdong-ro 21-gil, Gangnam-gu, Seoul",www.okf.kr
2019 상반기 대규모 수출상담회(BKF),aT센터 1층 제1전시장,2019,5,22,GYEONG BUK CORPORATION,도소매,1994,"76-7 Hyunnae-gil, Jinryangeup, Gyeongsan, Gyeongbuk,korea",www.gbci.co.kr
2019 상반기 대규모 수출상담회(BKF),aT센터 1층 제1전시장,2019,5,22,[K01] AGRICULTURAL COMPANY CORP JAYEONTEO,농산물.농산물가공.농산물,2015,"400, Seonghyeon-ro, Ilsandong-gu, Goyang-si, Gyeonggi-do",www.gentlematto.com
2019 상반기 대규모 수출상담회(BKF),aT센터 1층 제1전시장,2019,5,22,SFC,도소매,2002,"190, Yulgok-ro, Jongno-gu, Seoul",www.safegg.com.hk
2019 상반기 대규모 수출상담회(BKF),aT센터 1층 제1전시장,2019,5,22,thehubplus,"무역, 유통, 전자상거래",2014,,
2019 상반기 대규모 수출상담회(BKF),aT센터 1층 제1전시장,2019,5,22,SAMYANG FOODS,"라면류, 국수류",1961,"104 OPAESAN-RO 3GIL SEOUNGBUK-GU, SEOUL",
2019 상반기 대규모 수출상담회(BKF),aT센터 1층 제1전시장,2019,5,22,KF TRADING,무역,2002,"86-1, Jungang-ro 1275beon-gil, Ilsandong-gu, Goyang-si, Gyeonggi-do",
2019 상반기 대규모 수출상담회(BKF),aT센터 1층 제1전시장,2019,5,22,Quali Korea Corp.,"수출입업무,수출대행업,오퍼",2003,"52, Achasan-ro 15-gil, Seongdong-gu, Seoul",www.qkcfamily.com
2019 상반기 대규모 수출상담회(BKF),aT센터 1층 제1전시장,2019,5,22,"HAESER Products Co., Ltd.","수산물가공업,건강보조음료",2011,"79-13, Geumgwan-daero 804beon-gil, Gimhae-si, Gyeongsangnam-do, Republic of Korea",www.haeser-cnt.com
2019 상반기 대규모 수출상담회(BKF),aT센터 1층 제1전시장,2019,5,22,Eromglobal,"무역, 농산물, 건강식품",2015,"111, Toegyenonggong-ro, Chuncheon-si, Gangwon-do, Korea",www.erom.co.kr
2019 상반기 대규모 수출상담회(BKF),aT센터 1층 제1전시장,2019,5,22,"YILIP INTERNATIONAL CO., LTD.",신선농산물무역,2015,"Room 101, 12-1, Naesammi-ro 80beon-gil, Osan-si, Gyeonggi-do, 18114, Republic of Korea",http://www.yilip.net
2019 상반기 대규모 수출상담회(BKF),aT센터 1층 제1전시장,2019,5,22,davichi,제조업,2016,"52-28, Tapgiam-gil, Ochang-eup, Cheongwon-gu, Cheongju-si, Chungcheongbuk-do",davichifarm.com
2019 상반기 대규모 수출상담회(BKF),aT센터 1층 제1전시장,2019,5,22,kwangyafood,"비알콜성음료,차류",2009,"134, Sintanjin-ro 738beon-gil, Daedeok-gu, Daejeon",www.kwangfood.co.kr
2019 상반기 대규모 수출상담회(BKF),aT센터 1층 제1전시장,2019,5,22,thehubplus,"무역, 유통, 전자상거래",2014,,
2019 상반기 대규모 수출상담회(BKF),aT센터 1층 제1전시장,2019,5,22,"Pohang wellbeing food Co., Ltd.","면류, 쌀가공품",2016,"104, Myeonbongsan-gil, Jukjang-myeon, Buk-gu, Pohang-si, Gyeongsangbuk-do, Korea",www.migana.co.kr
2019 상반기 대규모 수출상담회(BKF),aT센터 1층 제1전시장,2019,5,22,"WONIL FOOD CO., LTD",식품 제조,1988,"28, Nambusunhwan-ro 378-gil, Gangnam-gu, Seoul",www.wonilfood.com
2019 상반기 대규모 수출상담회(BKF),aT센터 1층 제1전시장,2019,5,22,"SANDOL FOOD., LTD","전분, 사료, 면류",2001,"1009-9, Seorak-ro, Hongcheon-eup, Gangwon-do",http://www.sandolfood.co.kr
2019 상반기 대규모 수출상담회(BKF),aT센터 1층 제1전시장,2019,5,22,BIOPOLYTECH,식품제조업,2004,"714, 134, Gongdan-ro, Heungdeok-gu, Cheongju-si, Chungcheongbuk-do, Korea",www.biopolytech.com
2019 상반기 대규모 수출상담회(BKF),aT센터 1층 제1전시장,2019,5,22,"bogoshinyak.co.,ltd.",음료,2004,"#B1204, B Dong, Tear tower, 167, Songpa-daero, Songpa-gu, Seoul",www.ebogo.kr
2019 상반기 대규모 수출상담회(BKF),aT센터 1층 제1전시장,2019,5,22,"joon internaional co., ltd",무역,1998,"601, Daeye-dong, Shiheoung-city, Gyeonggi-do",www.green-nara.com
2019 상반기 대규모 수출상담회(BKF),aT센터 1층 제1전시장,2019,5,22,"[K19] I’M DNL CO., LTD",가공식품,2017,,www. younmifoods.com
2019 상반기 대규모 수출상담회(BKF),aT센터 1층 제1전시장,2019,5,22,R&G CORPORATION,"무역, 농수산물가공식품",1985,"347 Daewangpangyo-ro, Bundang-gu, Seongnam-si Gyeonggi-do",www.assifood.co.kr
2019 상반기 대규모 수출상담회(BKF),aT센터 1층 제1전시장,2019,5,22,SLOWFOOD Farming Corp.,"농산물, 전자상거래업",2010,"317-22, Hwasim-gil, Hadong-eup, Hadong-gun, Gyeongsangnam-do, Republic of Korea",http://firstmaesil.com/
2019 상반기 대규모 수출상담회(BKF),aT센터 1층 제1전시장,2019,5,22,Willingness Inc.,무역,2018,,
2019 상반기 대규모 수출상담회(BKF),aT센터 1층 제1전시장,2019,5,22,Shinnong Agriculture Corporation,"표고분말, 곶감, 아이스홍시",2002,"618, Nangye-ro, Simcheon-myeon, Yeongdong-gun, Chungcheongbuk-do",http://gam114.com
2019 상반기 대규모 수출상담회(BKF),aT센터 1층 제1전시장,2019,5,22,[K10] FRESHIS CO LTD,무역업,2014,,http://www.freshisland.co.kr/
2019 상반기 대규모 수출상담회(BKF),aT센터 1층 제1전시장,2019,5,22,"MORE Co.,Ltd",식품 가공,2006,"113, Dodongguyeok-gil, Yeongcheon-si, Gyeongsangbuk-do",www.morekoreakimchi.com
2019 상반기 대규모 수출상담회(BKF),aT센터 1층 제1전시장,2019,5,22,suchang,식품제조가공업,2016,Bio Convergence Center 1 Hall 207 Room Sincheon Dong road 16 jeju-do,www.scjeju.co.kr
2019 상반기 대규모 수출상담회(BKF),aT센터 1층 제1전시장,2019,5,22,enzymefarm,발효식품,213,,www.fathers-hill.co.kr
2019 상반기 대규모 수출상담회(BKF),aT센터 1층 제1전시장,2019,5,22,UNIONTECH Corp.,제조업,2004,"128-71, Wolsan-ro, Eumbong-myeon, Asan-si, Chungcheongnam-do, Republic of Korea",www.malrin.co.kr
2019 상반기 대규모 수출상담회(BKF),aT센터 1층 제1전시장,2019,5,22,SUNNYVILLE CO,"농산물 가공, 수출, 수입, 보관",1996,"232, Ime-gil, Yangchon-myeon, Nonsan-si, Chungcheongnam-do, Korea",http://sunnyville.kr/
2019 상반기 대규모 수출상담회(BKF),aT센터 1층 제1전시장,2019,5,22,"ALEX CO.,LTD",식품 무역,2016,"66, Chungmin-ro, Songpa-gu, Seoul",
2019 상반기 대규모 수출상담회(BKF),aT센터 1층 제1전시장,2019,5,22,"Argicultural Corporation Gagopa Healing Food Co., Ltd","도소매, 제조업, 도매 및 소매업",2013,"177, Samgye-ro, Naeseo-eup, Masanhoewon-gu, Changwon-si, Gyeongsangnam-do, Republic of Korea",kfoods.kr
2019 상반기 대규모 수출상담회(BKF),aT센터 1층 제1전시장,2019,5,22,JK partners,"제조업,도소매업",2017,"2F, 33, Cheombok-ro, Dong-gu, Daegu",www.jk-partners.co.kr
2019 상반기 대규모 수출상담회(BKF),aT센터 1층 제1전시장,2019,5,22,SAMJIN GLOBALNET,"무역업, 임대",1970,,N
2019 상반기 대규모 수출상담회(BKF),aT센터 1층 제1전시장,2019,5,22,"DAEKWANG F&G CO.,LTD",제조업외,1990,"1530-2, Seobu-ro, Juchon-myeon, Gimhae-si, Geongsangnam-do, Korea",www.dkfng.com
2019 상반기 대규모 수출상담회(BKF),aT센터 1층 제1전시장,2019,5,22,firefly yuja farming union act,농업 도소매업,2017,jeollanam-do gohung-gun gyeongnam province harim road in 60-3,Www.yuja.kr
2019 상반기 대규모 수출상담회(BKF),aT센터 1층 제1전시장,2019,5,22,"SANDOL FOOD., LTD","전분, 사료, 면류",2001,"1009-9, Seorak-ro, Hongcheon-eup, Gangwon-do",http://www.sandolfood.co.kr
2019 상반기 대규모 수출상담회(BKF),aT센터 1층 제1전시장,2019,5,22,FOODWELL CORPORATION,제조,1968,"121 Seongseoseo-ro, Dalseo-gu, Daegu, Korea",www.foodwell.com
2019 상반기 대규모 수출상담회(BKF),aT센터 1층 제1전시장,2019,5,22,ukisaem,"제분, 농산물, 견과류",2013,"630, Sotae-ro, Sotae-myeon, Chungju-si, Chungcheongbuk-do",www.62sem.com
2019 상반기 대규모 수출상담회(BKF),aT센터 1층 제1전시장,2019,5,22,"ASER FOOD Co., Ltd",식품수출입,2004,"130, Beodae-gil, Sangnok-gu, Ansan-si, Gyeonggi-do",www.aser.co.kr
2019 상반기 대규모 수출상담회(BKF),aT센터 1층 제1전시장,2019,5,22,HAN SUNG GAP,"농산물, 장류",2009,"391, Guam Gamgye-gil, Oksan-myeon, Uiseong-gun, Gyeonsangbok-do, Korea",
2019 상반기 대규모 수출상담회(BKF),aT센터 1층 제1전시장,2019,5,22,"INTAKE CO., LTD.",식품등각종산업재및소비재,2013,"116, Myeongdal-ro, Seocho-gu, Seoul, Republic of Korea",https://www.intakefoods.kr/ko/
2019 상반기 대규모 수출상담회(BKF),aT센터 1층 제1전시장,2019,5,22,SFC,도소매,2002,"190, Yulgok-ro, Jongno-gu, Seoul",www.safegg.com.hk
2019 상반기 대규모 수출상담회(BKF),aT센터 1층 제1전시장,2019,5,22,HEFS CO.,식품,2018,"51, Bokseong 15-gil, Yangmok-myeon, Chilgok-gun, Gyeongsangbuk-do",N
2019 상반기 대규모 수출상담회(BKF),aT센터 1층 제1전시장,2019,5,22,MORNING FARM CO.. LTD.,수출입,2007,,www.morningfarm.kr
2019 상반기 대규모 수출상담회(BKF),aT센터 1층 제1전시장,2019,5,22,"Ruiguan Korea Co., Ltd.",수출,2015,"11, Songhwa-ro, Paju-si, Gyeonggi-do, Korea",N
2019 상반기 대규모 수출상담회(BKF),aT센터 1층 제1전시장,2019,5,22,Hanbando Inc.,농산물,2017,"11, Gaya-ro 66-gil, Jillyang-eup, Gyeongsan-si, Gyeongsangbuk-do",https://hanbandokr.com
2019 상반기 대규모 수출상담회(BKF),aT센터 1층 제1전시장,2019,5,22,firefly yuja farming union act,농업 도소매업,2017,jeollanam-do gohung-gun gyeongnam province harim road in 60-3,Www.yuja.kr
2019 상반기 대규모 수출상담회(BKF),aT센터 1층 제1전시장,2019,5,22,"Daedong Korea Ginseng Co.,Ltd",홍삼제품. 건강제품. 통신판매업,2002,"ChungNam GeumsanGun, GunbukMyeon, GunbukRo, 586",http://www.hongsamgeon.co.kr
2019 상반기 대규모 수출상담회(BKF),aT센터 1층 제1전시장,2019,5,22,Daywell Inc,기타잼류,2014,"64-34,Dangsangangbyun-ro,Muju-eup,Muju-gun,Jeollabuk-do,Korea",www.ramiefood.com
2019 상반기 대규모 수출상담회(BKF),aT센터 1층 제1전시장,2019,5,22,suchang,식품제조가공업,2016,Bio Convergence Center 1 Hall 207 Room Sincheon Dong road 16 jeju-do,www.scjeju.co.kr
2019 상반기 대규모 수출상담회(BKF),aT센터 1층 제1전시장,2019,5,22,ivycoffee,커피가공,2012,gyeong gi pyeong taek dol u mul gil 81,www.cafemano.net
2019 상반기 대규모 수출상담회(BKF),aT센터 1층 제1전시장,2019,5,22,"Namyang Dairy Products Co., Ltd.","낙농품, 음료",1964,"240, Dosan-daero, Gangnam-gu, Seoul",.http://company.namyangi.com/
2019 상반기 대규모 수출상담회(BKF),aT센터 1층 제1전시장,2019,5,22,IVENET,"분유, 이유식, 식품",2012,"200-38, Buma-ro, Jinjeop-eup, Namyangju-si, Gyeonggi-do",http://shop.ivenet.co.kr/
2019 상반기 대규모 수출상담회(BKF),aT센터 1층 제1전시장,2019,5,22,"Lotte Chilsung Beverage Co.,Ltd.","청량음료, 식품, 주류",1967,"269, Olympic-ro, Songpa-gu, Seoul",https://company.lottechilsung.co.kr/eng/main/index.do
2019 상반기 대규모 수출상담회(BKF),aT센터 1층 제1전시장,2019,5,22,"YOUNG POONG CO.,LTD",농식품가공,1993,"64, Seongseogongdanbuk-ro, Dalseo-gu, Daegu, KOREA",http://www.ypfoods.co.kr
2019 상반기 대규모 수출상담회(BKF),aT센터 1층 제1전시장,2019,5,22,"[K02] AGRICULTURAL CORPORATION JANGHEUNG FOOD CO., LTD.","된장, 고추장, 간장, 청국장, 식량재배",2011,"49-19 GISAN-GIL, ANYANG-MYEON JANGHEUNG-GUN JEOLLANAMDO, KOREA",www.cjjfood.com
2019 상반기 대규모 수출상담회(BKF),aT센터 1층 제1전시장,2019,5,22,Jeju Coffee Farm,"묘목, 커피농장체험",2014,"151, Hyanggyo-ro, Andeok-myeon, Seogwipo-si, Jeju-do",www.coffeenac.kr
2019 LA K-FOOD FAIR,Inter Continental Los Angeles Downtown,2019,7,10,[K24] NATUREGANIC SEOWON CORPORATION,제조,2017,"(12773) 17-99, Opo-ro 171beon-gil, Opo-eup, Gwangju-si, Gyeonggi-do, Republic of Korea",www.berrykle.com
2019 LA K-FOOD FAIR,Inter Continental Los Angeles Downtown,2019,7,10,[K14] GUAVALAND,제조업,2007,"32-20, Sannam-gil, Chilgok-myeon, Uiryeong-gun, Gyeongsangnam-do, Republic of Korea",www.guavaland.co.kr
2019 LA K-FOOD FAIR,Inter Continental Los Angeles Downtown,2019,7,10,"[K31] TRUNAS CO., LTD",식품제조가공,2016,32 Chungjusandan Chungju-si Chungbuk S.Korea,www.troonature.com
2019 LA K-FOOD FAIR,Inter Continental Los Angeles Downtown,2019,7,10,[K15] HANBAEK FOOD AGRICULTURAL CO. LTD.,조미김 제조업,2012,"624-33 Gwangjagng, Cheongan, Goesan, Chungcheongbukdo",hanbaekfood.com
2019 LA K-FOOD FAIR,Inter Continental Los Angeles Downtown,2019,7,10,[K22] KOREAN GINSENG EXPORT CORP.,"건강기능식품, 홍삼",2012,"216-18, Sindumangok-ro, Gongdo-eup, Anseong-si, Gyeonggi-do, Republic of Korea",www.kgec.kr
2019 LA K-FOOD FAIR,Inter Continental Los Angeles Downtown,2019,7,10,[K29] SEORAKSAN GREEN FOOD CO.,농산물 가공,2014,"41-50, Powolsaemal-gil, Yangyang-eup, Yangyang-gun, Gangwon-do, Korea",www.sgreenfood.co.kr
2019 LA K-FOOD FAIR,Inter Continental Los Angeles Downtown,2019,7,10,"[K04] CHAMOTDEUL CO., LTD.",식품제조가공,2005,"238 Cheongseon-ro, Cheongseong-myeon, Okcheon-gun, Chungcheongbuk-do, Korea",www.otsam.com
2019 LA K-FOOD FAIR,Inter Continental Los Angeles Downtown,2019,7,10,[K33] BOEUN JUJUBE FARM,농산물,2007,"927, BIRYONGDONGGWAN-RO, SONGNISAN-MYEON,  BOEUN-GUN, CHUNGCHEONGBUK-DO, KOREA",www.boeun-jujube.co.kr
2019 LA K-FOOD FAIR,Inter Continental Los Angeles Downtown,2019,7,10,HANVIT FOOD CORP.,"과자, 곡류가공품, 무역업",2008,"106, Naeyu-gil, Deogyang-gu, Goyang-si, Gyeonggi-do, Republic of Korea",WWW.THEBASSK.COM
2019 LA K-FOOD FAIR,Inter Continental Los Angeles Downtown,2019,7,10,"[K06] DAEKWANG F&G CO., LTD","김치, 농산물저장가공",1990,"1530-2, Seobu-ro, Juchon-myeon, Gimhae-si, Gyeongsangnamdo, Korea",www.dkfng.com
2019 LA K-FOOD FAIR,Inter Continental Los Angeles Downtown,2019,7,10,"[K11] GAMRO700 AGRICULTURE CO., LTD.",다류,2015,"1305-54, Nochusan-ro, Wangsan-myeon, Gangneung-si, Gangwon-do",www.gamro700.com
2019 LA K-FOOD FAIR,Inter Continental Los Angeles Downtown,2019,7,10,[K14] GUAVALAND,제조업,2007,"32-20, Sannam-gil, Chilgok-myeon, Uiryeong-gun, Gyeongsangnam-do, Republic of Korea",www.guavaland.co.kr
2019 LA K-FOOD FAIR,Inter Continental Los Angeles Downtown,2019,7,10,"[K28] RAON CORPORATION CO., LTD.","상품 종합 도매,중개업",2018,"16?4,?Dongbaekjungang?ro,?16 Beon-gil,?Giheung?gu, Yongin?si,?Gyeonggi?do,?Republic?Of?Korea",https://success20162018.modoo.at/
2019 LA K-FOOD FAIR,Inter Continental Los Angeles Downtown,2019,7,10,HANVIT FOOD CORP.,"과자, 곡류가공품, 무역업",2008,"106, Naeyu-gil, Deogyang-gu, Goyang-si, Gyeonggi-do, Republic of Korea",WWW.THEBASSK.COM
2019 LA K-FOOD FAIR,Inter Continental Los Angeles Downtown,2019,7,10,[K25] ORGANIC VEGAN CORP.,조청 농산물 통신판매(농산물),2010,"483, Malmokjangteo-ro, Ipyeong-myeon, Jeongeup-si, Jeollabuk-do",www.orgvegan.com/
2019 LA K-FOOD FAIR,Inter Continental Los Angeles Downtown,2019,7,10,"[K27] PUREPLUS CO., LTD","제조, 도소매",2002,"11, Sudongnonggong-gil, Sudong-myeon, Hamyang-gun, Gyeongsangnam-do",www.pureplus.co.kr
2019 LA K-FOOD FAIR,Inter Continental Los Angeles Downtown,2019,7,10,[K03] GOLDEN CITRON,"차, 음료가공,무역",2009,"45-5,Unjeong2-gil,Paju-si,Gyeonggi-do,10910,Korea",www.goldencitron.com
2019 LA K-FOOD FAIR,Inter Continental Los Angeles Downtown,2019,7,10,[K33] BOEUN JUJUBE FARM,농산물,2007,"927, BIRYONGDONGGWAN-RO, SONGNISAN-MYEON,  BOEUN-GUN, CHUNGCHEONGBUK-DO, KOREA",www.boeun-jujube.co.kr
2019 LA K-FOOD FAIR,Inter Continental Los Angeles Downtown,2019,7,10,[K29] SEORAKSAN GREEN FOOD CO.,농산물 가공,2014,"41-50, Powolsaemal-gil, Yangyang-eup, Yangyang-gun, Gangwon-do, Korea",www.sgreenfood.co.kr
2019 LA K-FOOD FAIR,Inter Continental Los Angeles Downtown,2019,7,10,[K12] GEUMSAN GINSENG COOPERATIVE,도소매업,2016,"1F 103-4, Geumsanchoen 1-gil, Geumsan-eup, Geumsan-gun, Chungcheongnam-do, Republic of Korea",gincoop.com
2019 LA K-FOOD FAIR,Inter Continental Los Angeles Downtown,2019,7,10,"[K35] WOORISOOL CO., LTD","탁주, 약주",2003,"#29 Daboganseon-ro, Jojong-myeon, Gapyeong-gun, Gyeonggi-do, Korea(Republic of)",www.woorisool.kr
2019 LA K-FOOD FAIR,Inter Continental Los Angeles Downtown,2019,7,10,[K30] SHIN HWA DANG CONFECTIONERY CO.,"과자,빙과,기타,수출",1992,"54-17, Yuldae-5gil, Goseong-eup, Goseong-gun, Gyeongsangnam-do, Republic of Korea",www.shdconf.com
2019 LA K-FOOD FAIR,Inter Continental Los Angeles Downtown,2019,7,10,"[K13] GOOD MORNING KOREA CO., LTD","무역업,농산물유통,판매",2009,"604, Cheonho-daero, Gwangjin-gu, Seoul",gmkfresh.com
2019 LA K-FOOD FAIR,Inter Continental Los Angeles Downtown,2019,7,10,[K32] TULIP INTERNATIONAL INC.,"기타식품, 무역, 제조",1999,"37, Teheran-ro 87-gil, Gangnam-gu, Seoul",www.tulipint.com
2019 LA K-FOOD FAIR,Inter Continental Los Angeles Downtown,2019,7,10,"[K05] CHOLOCWON CO., LTD.",다류,2000,"45-15, Pyeongsa 1-gil, Jillyang-eup, Gyeongsan-si, Gyeongsangbuk-do, Korea, 38455",www.cholocwon.com
2019 LA K-FOOD FAIR,Inter Continental Los Angeles Downtown,2019,7,10,"[K05] CHOLOCWON CO., LTD.",다류,2000,"45-15, Pyeongsa 1-gil, Jillyang-eup, Gyeongsan-si, Gyeongsangbuk-do, Korea, 38455",www.cholocwon.com
2019 LA K-FOOD FAIR,Inter Continental Los Angeles Downtown,2019,7,10,[K03] GOLDEN CITRON,"차, 음료가공,무역",2009,"45-5,Unjeong2-gil,Paju-si,Gyeonggi-do,10910,Korea",www.goldencitron.com
2019 LA K-FOOD FAIR,Inter Continental Los Angeles Downtown,2019,7,10,[K30] SHIN HWA DANG CONFECTIONERY CO.,"과자,빙과,기타,수출",1992,"54-17, Yuldae-5gil, Goseong-eup, Goseong-gun, Gyeongsangnam-do, Republic of Korea",www.shdconf.com
2019 LA K-FOOD FAIR,Inter Continental Los Angeles Downtown,2019,7,10,[K08] EVERGOOD CORPORATION,"무역(농산물),농산물",2009,,N
2019 LA K-FOOD FAIR,Inter Continental Los Angeles Downtown,2019,7,10,"[K06] DAEKWANG F&G CO., LTD","김치, 농산물저장가공",1990,"1530-2, Seobu-ro, Juchon-myeon, Gimhae-si, Gyeongsangnamdo, Korea",www.dkfng.com
2019 LA K-FOOD FAIR,Inter Continental Los Angeles Downtown,2019,7,10,"[K06] DAEKWANG F&G CO., LTD","김치, 농산물저장가공",1990,"1530-2, Seobu-ro, Juchon-myeon, Gimhae-si, Gyeongsangnamdo, Korea",www.dkfng.com
2019 LA K-FOOD FAIR,Inter Continental Los Angeles Downtown,2019,7,10,"[K06] DAEKWANG F&G CO., LTD","김치, 농산물저장가공",1990,"1530-2, Seobu-ro, Juchon-myeon, Gimhae-si, Gyeongsangnamdo, Korea",www.dkfng.com
2019 LA K-FOOD FAIR,Inter Continental Los Angeles Downtown,2019,7,10,[K25] ORGANIC VEGAN CORP.,조청 농산물 통신판매(농산물),2010,"483, Malmokjangteo-ro, Ipyeong-myeon, Jeongeup-si, Jeollabuk-do",www.orgvegan.com/
2019 LA K-FOOD FAIR,Inter Continental Los Angeles Downtown,2019,7,10,[K08] EVERGOOD CORPORATION,"무역(농산물),농산물",2009,,N
2019 LA K-FOOD FAIR,Inter Continental Los Angeles Downtown,2019,7,10,"[K05] CHOLOCWON CO., LTD.",다류,2000,"45-15, Pyeongsa 1-gil, Jillyang-eup, Gyeongsan-si, Gyeongsangbuk-do, Korea, 38455",www.cholocwon.com
2019 LA K-FOOD FAIR,Inter Continental Los Angeles Downtown,2019,7,10,[K10] FRESHIS CO LTD,무역업,2014,,http://www.freshisland.co.kr/
2019 LA K-FOOD FAIR,Inter Continental Los Angeles Downtown,2019,7,10,[K10] FRESHIS CO LTD,무역업,2014,,http://www.freshisland.co.kr/
2019 LA K-FOOD FAIR,Inter Continental Los Angeles Downtown,2019,7,10,[K29] SEORAKSAN GREEN FOOD CO.,농산물 가공,2014,"41-50, Powolsaemal-gil, Yangyang-eup, Yangyang-gun, Gangwon-do, Korea",www.sgreenfood.co.kr
2019 LA K-FOOD FAIR,Inter Continental Los Angeles Downtown,2019,7,10,[K07] DESIGNNONGBOO CO LTD,"도소매, 제조업",2011,"1-130, Dogang-gil, Deokjin-gu, Jeonju-si, Jeollabuk-do",www.designnongboo.com
2019 LA K-FOOD FAIR,Inter Continental Los Angeles Downtown,2019,7,10,"[K05] CHOLOCWON CO., LTD.",다류,2000,"45-15, Pyeongsa 1-gil, Jillyang-eup, Gyeongsan-si, Gyeongsangbuk-do, Korea, 38455",www.cholocwon.com
2019 LA K-FOOD FAIR,Inter Continental Los Angeles Downtown,2019,7,10,"[K27] PUREPLUS CO., LTD","제조, 도소매",2002,"11, Sudongnonggong-gil, Sudong-myeon, Hamyang-gun, Gyeongsangnam-do",www.pureplus.co.kr
2019 LA K-FOOD FAIR,Inter Continental Los Angeles Downtown,2019,7,10,[K03] GOLDEN CITRON,"차, 음료가공,무역",2009,"45-5,Unjeong2-gil,Paju-si,Gyeonggi-do,10910,Korea",www.goldencitron.com
2019 LA K-FOOD FAIR,Inter Continental Los Angeles Downtown,2019,7,10,"[K02] AGRICULTURAL CORPORATION JANGHEUNG FOOD CO., LTD.","된장, 고추장, 간장, 청국장, 식량재배",2011,"49-19 GISAN-GIL, ANYANG-MYEON JANGHEUNG-GUN JEOLLANAMDO, KOREA",www.cjjfood.com
2019 LA K-FOOD FAIR,Inter Continental Los Angeles Downtown,2019,7,10,"[K17] HAPCHEON MEDICAL HERBS CO., LTD","제조업, 도, 소매업",1996,"16, Naegok-gil, Hapcheon-eup, Hapcheon-gun, Gyeongsangnam-do",www.sangrime.com
2019 LA K-FOOD FAIR,Inter Continental Los Angeles Downtown,2019,7,10,[K14] GUAVALAND,제조업,2007,"32-20, Sannam-gil, Chilgok-myeon, Uiryeong-gun, Gyeongsangnam-do, Republic of Korea",www.guavaland.co.kr
2019 LA K-FOOD FAIR,Inter Continental Los Angeles Downtown,2019,7,10,[K30] SHIN HWA DANG CONFECTIONERY CO.,"과자,빙과,기타,수출",1992,"54-17, Yuldae-5gil, Goseong-eup, Goseong-gun, Gyeongsangnam-do, Republic of Korea",www.shdconf.com
2019 LA K-FOOD FAIR,Inter Continental Los Angeles Downtown,2019,7,10,"[K23] NAMDOFOOD CO., LTD.",농수산 식품 제조 가공업,,,
2019 LA K-FOOD FAIR,Inter Continental Los Angeles Downtown,2019,7,10,"[K09] FINE FT CO., LTD","식품제조가공업, 식품첨가물제조업 등",2007,"3524, Charyeong-ro, Jeongan-myeon, Gongju-si, Chungcheongnam-do, 32511, South Korea",www.fineft.co.kr
2019 LA K-FOOD FAIR,Inter Continental Los Angeles Downtown,2019,7,10,"[K04] CHAMOTDEUL CO., LTD.",식품제조가공,2005,"238 Cheongseon-ro, Cheongseong-myeon, Okcheon-gun, Chungcheongbuk-do, Korea",www.otsam.com
2019 LA K-FOOD FAIR,Inter Continental Los Angeles Downtown,2019,7,10,"[K23] NAMDOFOOD CO., LTD.",농수산 식품 제조 가공업,,,
2019 LA K-FOOD FAIR,Inter Continental Los Angeles Downtown,2019,7,10,"[K02] AGRICULTURAL CORPORATION JANGHEUNG FOOD CO., LTD.","된장, 고추장, 간장, 청국장, 식량재배",2011,"49-19 GISAN-GIL, ANYANG-MYEON JANGHEUNG-GUN JEOLLANAMDO, KOREA",www.cjjfood.com
2019 LA K-FOOD FAIR,Inter Continental Los Angeles Downtown,2019,7,10,[K10] FRESHIS CO LTD,무역업,2014,,http://www.freshisland.co.kr/
2019 LA K-FOOD FAIR,Inter Continental Los Angeles Downtown,2019,7,10,"[K05] CHOLOCWON CO., LTD.",다류,2000,"45-15, Pyeongsa 1-gil, Jillyang-eup, Gyeongsan-si, Gyeongsangbuk-do, Korea, 38455",www.cholocwon.com
2019 LA K-FOOD FAIR,Inter Continental Los Angeles Downtown,2019,7,10,"[K23] NAMDOFOOD CO., LTD.",농수산 식품 제조 가공업,,,
2019 LA K-FOOD FAIR,Inter Continental Los Angeles Downtown,2019,7,10,"[K17] HAPCHEON MEDICAL HERBS CO., LTD","제조업, 도, 소매업",1996,"16, Naegok-gil, Hapcheon-eup, Hapcheon-gun, Gyeongsangnam-do",www.sangrime.com
2019 LA K-FOOD FAIR,Inter Continental Los Angeles Downtown,2019,7,10,"[K17] HAPCHEON MEDICAL HERBS CO., LTD","제조업, 도, 소매업",1996,"16, Naegok-gil, Hapcheon-eup, Hapcheon-gun, Gyeongsangnam-do",www.sangrime.com
2019 LA K-FOOD FAIR,Inter Continental Los Angeles Downtown,2019,7,10,"[K27] PUREPLUS CO., LTD","제조, 도소매",2002,"11, Sudongnonggong-gil, Sudong-myeon, Hamyang-gun, Gyeongsangnam-do",www.pureplus.co.kr
2019 LA K-FOOD FAIR,Inter Continental Los Angeles Downtown,2019,7,10,"[K31] TRUNAS CO., LTD",식품제조가공,2016,32 Chungjusandan Chungju-si Chungbuk S.Korea,www.troonature.com
2019 LA K-FOOD FAIR,Inter Continental Los Angeles Downtown,2019,7,10,[K18] HAWANGSOOYEON TRADITIONAL FOOD COMPANY,장류,2010,"75 godogil, geumma-myeon,iksan-si, jellabukdo,",www. samamme.com
2019 LA K-FOOD FAIR,Inter Continental Los Angeles Downtown,2019,7,10,"[K26] PALDO CO., LTD","면, 음료 제조",1969,"577 GANGNAMDAERO, SEOCHO-GU, SEOUL, KOREA",www.paldofood.com
2019 LA K-FOOD FAIR,Inter Continental Los Angeles Downtown,2019,7,10,"[K23] NAMDOFOOD CO., LTD.",농수산 식품 제조 가공업,,,
2019 LA K-FOOD FAIR,Inter Continental Los Angeles Downtown,2019,7,10,"[K23] NAMDOFOOD CO., LTD.",농수산 식품 제조 가공업,,,
2019 LA K-FOOD FAIR,Inter Continental Los Angeles Downtown,2019,7,10,"[K13] GOOD MORNING KOREA CO., LTD","무역업,농산물유통,판매",2009,"604, Cheonho-daero, Gwangjin-gu, Seoul",gmkfresh.com
2019 LA K-FOOD FAIR,Inter Continental Los Angeles Downtown,2019,7,10,[K18] HAWANGSOOYEON TRADITIONAL FOOD COMPANY,장류,2010,"75 godogil, geumma-myeon,iksan-si, jellabukdo,",www. samamme.com
2019 LA K-FOOD FAIR,Inter Continental Los Angeles Downtown,2019,7,10,[K32] TULIP INTERNATIONAL INC.,"기타식품, 무역, 제조",1999,"37, Teheran-ro 87-gil, Gangnam-gu, Seoul",www.tulipint.com
2019 LA K-FOOD FAIR,Inter Continental Los Angeles Downtown,2019,7,10,[K20] JINJU,"식품가공.제조/식육/식육,농산물/임대/전산용역",1963,"441, Yeoksam-ro, Gangnam-gu, Seoul",N
2019 LA K-FOOD FAIR,Inter Continental Los Angeles Downtown,2019,7,10,[K10] FRESHIS CO LTD,무역업,2014,,http://www.freshisland.co.kr/
2019 LA K-FOOD FAIR,Inter Continental Los Angeles Downtown,2019,7,10,"[K11] GAMRO700 AGRICULTURE CO., LTD.",다류,2015,"1305-54, Nochusan-ro, Wangsan-myeon, Gangneung-si, Gangwon-do",www.gamro700.com
2019 LA K-FOOD FAIR,Inter Continental Los Angeles Downtown,2019,7,10,"[K35] WOORISOOL CO., LTD","탁주, 약주",2003,"#29 Daboganseon-ro, Jojong-myeon, Gapyeong-gun, Gyeonggi-do, Korea(Republic of)",www.woorisool.kr
2019 LA K-FOOD FAIR,Inter Continental Los Angeles Downtown,2019,7,10,"[K27] PUREPLUS CO., LTD","제조, 도소매",2002,"11, Sudongnonggong-gil, Sudong-myeon, Hamyang-gun, Gyeongsangnam-do",www.pureplus.co.kr
2019 LA K-FOOD FAIR,Inter Continental Los Angeles Downtown,2019,7,10,[K30] SHIN HWA DANG CONFECTIONERY CO.,"과자,빙과,기타,수출",1992,"54-17, Yuldae-5gil, Goseong-eup, Goseong-gun, Gyeongsangnam-do, Republic of Korea",www.shdconf.com
2019 LA K-FOOD FAIR,Inter Continental Los Angeles Downtown,2019,7,10,[K14] GUAVALAND,제조업,2007,"32-20, Sannam-gil, Chilgok-myeon, Uiryeong-gun, Gyeongsangnam-do, Republic of Korea",www.guavaland.co.kr
2019 LA K-FOOD FAIR,Inter Continental Los Angeles Downtown,2019,7,10,[K20] JINJU,"식품가공.제조/식육/식육,농산물/임대/전산용역",1963,"441, Yeoksam-ro, Gangnam-gu, Seoul",N
2019 LA K-FOOD FAIR,Inter Continental Los Angeles Downtown,2019,7,10,[K20] JINJU,"식품가공.제조/식육/식육,농산물/임대/전산용역",1963,"441, Yeoksam-ro, Gangnam-gu, Seoul",N
2019 LA K-FOOD FAIR,Inter Continental Los Angeles Downtown,2019,7,10,[K14] GUAVALAND,제조업,2007,"32-20, Sannam-gil, Chilgok-myeon, Uiryeong-gun, Gyeongsangnam-do, Republic of Korea",www.guavaland.co.kr
2019 LA K-FOOD FAIR,Inter Continental Los Angeles Downtown,2019,7,10,"[K34] WITHO Co., LTD",식품제조업,2011,"Unit 219, 213-3, Cheomdan-ro, Jeju-si, Jeju-do, Republic of Korea",www.witho.co.kr
2019 LA K-FOOD FAIR,Inter Continental Los Angeles Downtown,2019,7,10,"[K06] DAEKWANG F&G CO., LTD","김치, 농산물저장가공",1990,"1530-2, Seobu-ro, Juchon-myeon, Gimhae-si, Gyeongsangnamdo, Korea",www.dkfng.com
2019 LA K-FOOD FAIR,Inter Continental Los Angeles Downtown,2019,7,10,"[K09] FINE FT CO., LTD","식품제조가공업, 식품첨가물제조업 등",2007,"3524, Charyeong-ro, Jeongan-myeon, Gongju-si, Chungcheongnam-do, 32511, South Korea",www.fineft.co.kr
2019 LA K-FOOD FAIR,Inter Continental Los Angeles Downtown,2019,7,10,"[K04] CHAMOTDEUL CO., LTD.",식품제조가공,2005,"238 Cheongseon-ro, Cheongseong-myeon, Okcheon-gun, Chungcheongbuk-do, Korea",www.otsam.com
2019 LA K-FOOD FAIR,Inter Continental Los Angeles Downtown,2019,7,10,"[K35] WOORISOOL CO., LTD","탁주, 약주",2003,"#29 Daboganseon-ro, Jojong-myeon, Gapyeong-gun, Gyeonggi-do, Korea(Republic of)",www.woorisool.kr
2019 LA K-FOOD FAIR,Inter Continental Los Angeles Downtown,2019,7,10,[K12] GEUMSAN GINSENG COOPERATIVE,도소매업,2016,"1F 103-4, Geumsanchoen 1-gil, Geumsan-eup, Geumsan-gun, Chungcheongnam-do, Republic of Korea",gincoop.com
2019 LA K-FOOD FAIR,Inter Continental Los Angeles Downtown,2019,7,10,[K25] ORGANIC VEGAN CORP.,조청 농산물 통신판매(농산물),2010,"483, Malmokjangteo-ro, Ipyeong-myeon, Jeongeup-si, Jeollabuk-do",www.orgvegan.com/
2019 LA K-FOOD FAIR,Inter Continental Los Angeles Downtown,2019,7,10,[K33] BOEUN JUJUBE FARM,농산물,2007,"927, BIRYONGDONGGWAN-RO, SONGNISAN-MYEON,  BOEUN-GUN, CHUNGCHEONGBUK-DO, KOREA",www.boeun-jujube.co.kr
2019 LA K-FOOD FAIR,Inter Continental Los Angeles Downtown,2019,7,10,"[K04] CHAMOTDEUL CO., LTD.",식품제조가공,2005,"238 Cheongseon-ro, Cheongseong-myeon, Okcheon-gun, Chungcheongbuk-do, Korea",www.otsam.com
2019 LA K-FOOD FAIR,Inter Continental Los Angeles Downtown,2019,7,10,[K22] KOREAN GINSENG EXPORT CORP.,"건강기능식품, 홍삼",2012,"216-18, Sindumangok-ro, Gongdo-eup, Anseong-si, Gyeonggi-do, Republic of Korea",www.kgec.kr
2019 LA K-FOOD FAIR,Inter Continental Los Angeles Downtown,2019,7,10,"[K11] GAMRO700 AGRICULTURE CO., LTD.",다류,2015,"1305-54, Nochusan-ro, Wangsan-myeon, Gangneung-si, Gangwon-do",www.gamro700.com
2019 LA K-FOOD FAIR,Inter Continental Los Angeles Downtown,2019,7,10,[K10] FRESHIS CO LTD,무역업,2014,,http://www.freshisland.co.kr/
2019 LA K-FOOD FAIR,Inter Continental Los Angeles Downtown,2019,7,10,[K33] BOEUN JUJUBE FARM,농산물,2007,"927, BIRYONGDONGGWAN-RO, SONGNISAN-MYEON,  BOEUN-GUN, CHUNGCHEONGBUK-DO, KOREA",www.boeun-jujube.co.kr
2019 LA K-FOOD FAIR,Inter Continental Los Angeles Downtown,2019,7,10,"[K31] TRUNAS CO., LTD",식품제조가공,2016,32 Chungjusandan Chungju-si Chungbuk S.Korea,www.troonature.com
2019 LA K-FOOD FAIR,Inter Continental Los Angeles Downtown,2019,7,10,[K24] NATUREGANIC SEOWON CORPORATION,제조,2017,"(12773) 17-99, Opo-ro 171beon-gil, Opo-eup, Gwangju-si, Gyeonggi-do, Republic of Korea",www.berrykle.com
2019 LA K-FOOD FAIR,Inter Continental Los Angeles Downtown,2019,7,10,"[K11] GAMRO700 AGRICULTURE CO., LTD.",다류,2015,"1305-54, Nochusan-ro, Wangsan-myeon, Gangneung-si, Gangwon-do",www.gamro700.com
2019 LA K-FOOD FAIR,Inter Continental Los Angeles Downtown,2019,7,10,"[K04] CHAMOTDEUL CO., LTD.",식품제조가공,2005,"238 Cheongseon-ro, Cheongseong-myeon, Okcheon-gun, Chungcheongbuk-do, Korea",www.otsam.com
2019 LA K-FOOD FAIR,Inter Continental Los Angeles Downtown,2019,7,10,"[K02] AGRICULTURAL CORPORATION JANGHEUNG FOOD CO., LTD.","된장, 고추장, 간장, 청국장, 식량재배",2011,"49-19 GISAN-GIL, ANYANG-MYEON JANGHEUNG-GUN JEOLLANAMDO, KOREA",www.cjjfood.com
2019 LA K-FOOD FAIR,Inter Continental Los Angeles Downtown,2019,7,10,"[K13] GOOD MORNING KOREA CO., LTD","무역업,농산물유통,판매",2009,"604, Cheonho-daero, Gwangjin-gu, Seoul",gmkfresh.com
2019 LA K-FOOD FAIR,Inter Continental Los Angeles Downtown,2019,7,10,[K15] HANBAEK FOOD AGRICULTURAL CO. LTD.,조미김 제조업,2012,"624-33 Gwangjagng, Cheongan, Goesan, Chungcheongbukdo",hanbaekfood.com
2019 LA K-FOOD FAIR,Inter Continental Los Angeles Downtown,2019,7,10,[K20] JINJU,"식품가공.제조/식육/식육,농산물/임대/전산용역",1963,"441, Yeoksam-ro, Gangnam-gu, Seoul",N
2019 LA K-FOOD FAIR,Inter Continental Los Angeles Downtown,2019,7,10,"[K34] WITHO Co., LTD",식품제조업,2011,"Unit 219, 213-3, Cheomdan-ro, Jeju-si, Jeju-do, Republic of Korea",www.witho.co.kr
2019 LA K-FOOD FAIR,Inter Continental Los Angeles Downtown,2019,7,10,"[K26] PALDO CO., LTD","면, 음료 제조",1969,"577 GANGNAMDAERO, SEOCHO-GU, SEOUL, KOREA",www.paldofood.com
2019 LA K-FOOD FAIR,Inter Continental Los Angeles Downtown,2019,7,10,[K29] SEORAKSAN GREEN FOOD CO.,농산물 가공,2014,"41-50, Powolsaemal-gil, Yangyang-eup, Yangyang-gun, Gangwon-do, Korea",www.sgreenfood.co.kr
2019 LA K-FOOD FAIR,Inter Continental Los Angeles Downtown,2019,7,10,[K08] EVERGOOD CORPORATION,"무역(농산물),농산물",2009,,N
2019 LA K-FOOD FAIR,Inter Continental Los Angeles Downtown,2019,7,10,"[K02] AGRICULTURAL CORPORATION JANGHEUNG FOOD CO., LTD.","된장, 고추장, 간장, 청국장, 식량재배",2011,"49-19 GISAN-GIL, ANYANG-MYEON JANGHEUNG-GUN JEOLLANAMDO, KOREA",www.cjjfood.com
2019 LA K-FOOD FAIR,Inter Continental Los Angeles Downtown,2019,7,10,"[K13] GOOD MORNING KOREA CO., LTD","무역업,농산물유통,판매",2009,"604, Cheonho-daero, Gwangjin-gu, Seoul",gmkfresh.com
2019 LA K-FOOD FAIR,Inter Continental Los Angeles Downtown,2019,7,10,HANVIT FOOD CORP.,"과자, 곡류가공품, 무역업",2008,"106, Naeyu-gil, Deogyang-gu, Goyang-si, Gyeonggi-do, Republic of Korea",WWW.THEBASSK.COM
2019 LA K-FOOD FAIR,Inter Continental Los Angeles Downtown,2019,7,10,[K25] ORGANIC VEGAN CORP.,조청 농산물 통신판매(농산물),2010,"483, Malmokjangteo-ro, Ipyeong-myeon, Jeongeup-si, Jeollabuk-do",www.orgvegan.com/
2019 LA K-FOOD FAIR,Inter Continental Los Angeles Downtown,2019,7,10,[K32] TULIP INTERNATIONAL INC.,"기타식품, 무역, 제조",1999,"37, Teheran-ro 87-gil, Gangnam-gu, Seoul",www.tulipint.com
2019 LA K-FOOD FAIR,Inter Continental Los Angeles Downtown,2019,7,10,[K33] BOEUN JUJUBE FARM,농산물,2007,"927, BIRYONGDONGGWAN-RO, SONGNISAN-MYEON,  BOEUN-GUN, CHUNGCHEONGBUK-DO, KOREA",www.boeun-jujube.co.kr
2019 LA K-FOOD FAIR,Inter Continental Los Angeles Downtown,2019,7,10,"[K35] WOORISOOL CO., LTD","탁주, 약주",2003,"#29 Daboganseon-ro, Jojong-myeon, Gapyeong-gun, Gyeonggi-do, Korea(Republic of)",www.woorisool.kr
2019 LA K-FOOD FAIR,Inter Continental Los Angeles Downtown,2019,7,10,[K14] GUAVALAND,제조업,2007,"32-20, Sannam-gil, Chilgok-myeon, Uiryeong-gun, Gyeongsangnam-do, Republic of Korea",www.guavaland.co.kr
2019 LA K-FOOD FAIR,Inter Continental Los Angeles Downtown,2019,7,10,"[K23] NAMDOFOOD CO., LTD.",농수산 식품 제조 가공업,,,
2019 LA K-FOOD FAIR,Inter Continental Los Angeles Downtown,2019,7,10,"[K02] AGRICULTURAL CORPORATION JANGHEUNG FOOD CO., LTD.","된장, 고추장, 간장, 청국장, 식량재배",2011,"49-19 GISAN-GIL, ANYANG-MYEON JANGHEUNG-GUN JEOLLANAMDO, KOREA",www.cjjfood.com
2019 LA K-FOOD FAIR,Inter Continental Los Angeles Downtown,2019,7,10,[K10] FRESHIS CO LTD,무역업,2014,,http://www.freshisland.co.kr/
2019 LA K-FOOD FAIR,Inter Continental Los Angeles Downtown,2019,7,10,"[K13] GOOD MORNING KOREA CO., LTD","무역업,농산물유통,판매",2009,"604, Cheonho-daero, Gwangjin-gu, Seoul",gmkfresh.com
2019 LA K-FOOD FAIR,Inter Continental Los Angeles Downtown,2019,7,10,"[K26] PALDO CO., LTD","면, 음료 제조",1969,"577 GANGNAMDAERO, SEOCHO-GU, SEOUL, KOREA",www.paldofood.com
2019 LA K-FOOD FAIR,Inter Continental Los Angeles Downtown,2019,7,10,[K29] SEORAKSAN GREEN FOOD CO.,농산물 가공,2014,"41-50, Powolsaemal-gil, Yangyang-eup, Yangyang-gun, Gangwon-do, Korea",www.sgreenfood.co.kr
2019 LA K-FOOD FAIR,Inter Continental Los Angeles Downtown,2019,7,10,[K10] FRESHIS CO LTD,무역업,2014,,http://www.freshisland.co.kr/
2019 LA K-FOOD FAIR,Inter Continental Los Angeles Downtown,2019,7,10,[K32] TULIP INTERNATIONAL INC.,"기타식품, 무역, 제조",1999,"37, Teheran-ro 87-gil, Gangnam-gu, Seoul",www.tulipint.com
2019 LA K-FOOD FAIR,Inter Continental Los Angeles Downtown,2019,7,10,HANVIT FOOD CORP.,"과자, 곡류가공품, 무역업",2008,"106, Naeyu-gil, Deogyang-gu, Goyang-si, Gyeonggi-do, Republic of Korea",WWW.THEBASSK.COM
2019 LA K-FOOD FAIR,Inter Continental Los Angeles Downtown,2019,7,10,[K15] HANBAEK FOOD AGRICULTURAL CO. LTD.,조미김 제조업,2012,"624-33 Gwangjagng, Cheongan, Goesan, Chungcheongbukdo",hanbaekfood.com
2019 LA K-FOOD FAIR,Inter Continental Los Angeles Downtown,2019,7,10,[K24] NATUREGANIC SEOWON CORPORATION,제조,2017,"(12773) 17-99, Opo-ro 171beon-gil, Opo-eup, Gwangju-si, Gyeonggi-do, Republic of Korea",www.berrykle.com
2019 LA K-FOOD FAIR,Inter Continental Los Angeles Downtown,2019,7,10,"[K04] CHAMOTDEUL CO., LTD.",식품제조가공,2005,"238 Cheongseon-ro, Cheongseong-myeon, Okcheon-gun, Chungcheongbuk-do, Korea",www.otsam.com
2019 LA K-FOOD FAIR,Inter Continental Los Angeles Downtown,2019,7,10,[K32] TULIP INTERNATIONAL INC.,"기타식품, 무역, 제조",1999,"37, Teheran-ro 87-gil, Gangnam-gu, Seoul",www.tulipint.com
2019 LA K-FOOD FAIR,Inter Continental Los Angeles Downtown,2019,7,10,[K01] AGRICULTURAL COMPANY CORP JAYEONTEO,농산물.농산물가공.농산물,2015,"400, Seonghyeon-ro, Ilsandong-gu, Goyang-si, Gyeonggi-do",www.gentlematto.com
2019 LA K-FOOD FAIR,Inter Continental Los Angeles Downtown,2019,7,10,"[K31] TRUNAS CO., LTD",식품제조가공,2016,32 Chungjusandan Chungju-si Chungbuk S.Korea,www.troonature.com
2019 LA K-FOOD FAIR,Inter Continental Los Angeles Downtown,2019,7,10,"[K04] CHAMOTDEUL CO., LTD.",식품제조가공,2005,"238 Cheongseon-ro, Cheongseong-myeon, Okcheon-gun, Chungcheongbuk-do, Korea",www.otsam.com
2019 LA K-FOOD FAIR,Inter Continental Los Angeles Downtown,2019,7,10,[K12] GEUMSAN GINSENG COOPERATIVE,도소매업,2016,"1F 103-4, Geumsanchoen 1-gil, Geumsan-eup, Geumsan-gun, Chungcheongnam-do, Republic of Korea",gincoop.com
2019 LA K-FOOD FAIR,Inter Continental Los Angeles Downtown,2019,7,10,"[K34] WITHO Co., LTD",식품제조업,2011,"Unit 219, 213-3, Cheomdan-ro, Jeju-si, Jeju-do, Republic of Korea",www.witho.co.kr
2019 LA K-FOOD FAIR,Inter Continental Los Angeles Downtown,2019,7,10,[K24] NATUREGANIC SEOWON CORPORATION,제조,2017,"(12773) 17-99, Opo-ro 171beon-gil, Opo-eup, Gwangju-si, Gyeonggi-do, Republic of Korea",www.berrykle.com
2019 LA K-FOOD FAIR,Inter Continental Los Angeles Downtown,2019,7,10,[K03] GOLDEN CITRON,"차, 음료가공,무역",2009,"45-5,Unjeong2-gil,Paju-si,Gyeonggi-do,10910,Korea",www.goldencitron.com
2019 LA K-FOOD FAIR,Inter Continental Los Angeles Downtown,2019,7,10,[K18] HAWANGSOOYEON TRADITIONAL FOOD COMPANY,장류,2010,"75 godogil, geumma-myeon,iksan-si, jellabukdo,",www. samamme.com
2019 LA K-FOOD FAIR,Inter Continental Los Angeles Downtown,2019,7,10,[K12] GEUMSAN GINSENG COOPERATIVE,도소매업,2016,"1F 103-4, Geumsanchoen 1-gil, Geumsan-eup, Geumsan-gun, Chungcheongnam-do, Republic of Korea",gincoop.com
2019 LA K-FOOD FAIR,Inter Continental Los Angeles Downtown,2019,7,10,"[K35] WOORISOOL CO., LTD","탁주, 약주",2003,"#29 Daboganseon-ro, Jojong-myeon, Gapyeong-gun, Gyeonggi-do, Korea(Republic of)",www.woorisool.kr
2019 LA K-FOOD FAIR,Inter Continental Los Angeles Downtown,2019,7,10,[K03] GOLDEN CITRON,"차, 음료가공,무역",2009,"45-5,Unjeong2-gil,Paju-si,Gyeonggi-do,10910,Korea",www.goldencitron.com
2019 LA K-FOOD FAIR,Inter Continental Los Angeles Downtown,2019,7,10,[K18] HAWANGSOOYEON TRADITIONAL FOOD COMPANY,장류,2010,"75 godogil, geumma-myeon,iksan-si, jellabukdo,",www. samamme.com
2019 LA K-FOOD FAIR,Inter Continental Los Angeles Downtown,2019,7,10,[K30] SHIN HWA DANG CONFECTIONERY CO.,"과자,빙과,기타,수출",1992,"54-17, Yuldae-5gil, Goseong-eup, Goseong-gun, Gyeongsangnam-do, Republic of Korea",www.shdconf.com
2019 LA K-FOOD FAIR,Inter Continental Los Angeles Downtown,2019,7,10,"[K13] GOOD MORNING KOREA CO., LTD","무역업,농산물유통,판매",2009,"604, Cheonho-daero, Gwangjin-gu, Seoul",gmkfresh.com
2019 LA K-FOOD FAIR,Inter Continental Los Angeles Downtown,2019,7,10,[K07] DESIGNNONGBOO CO LTD,"도소매, 제조업",2011,"1-130, Dogang-gil, Deokjin-gu, Jeonju-si, Jeollabuk-do",www.designnongboo.com
2019 LA K-FOOD FAIR,Inter Continental Los Angeles Downtown,2019,7,10,"[K06] DAEKWANG F&G CO., LTD","김치, 농산물저장가공",1990,"1530-2, Seobu-ro, Juchon-myeon, Gimhae-si, Gyeongsangnamdo, Korea",www.dkfng.com
2019 LA K-FOOD FAIR,Inter Continental Los Angeles Downtown,2019,7,10,[K22] KOREAN GINSENG EXPORT CORP.,"건강기능식품, 홍삼",2012,"216-18, Sindumangok-ro, Gongdo-eup, Anseong-si, Gyeonggi-do, Republic of Korea",www.kgec.kr
2019 LA K-FOOD FAIR,Inter Continental Los Angeles Downtown,2019,7,10,[K07] DESIGNNONGBOO CO LTD,"도소매, 제조업",2011,"1-130, Dogang-gil, Deokjin-gu, Jeonju-si, Jeollabuk-do",www.designnongboo.com
2019 LA K-FOOD FAIR,Inter Continental Los Angeles Downtown,2019,7,10,"[K17] HAPCHEON MEDICAL HERBS CO., LTD","제조업, 도, 소매업",1996,"16, Naegok-gil, Hapcheon-eup, Hapcheon-gun, Gyeongsangnam-do",www.sangrime.com
2019 LA K-FOOD FAIR,Inter Continental Los Angeles Downtown,2019,7,10,"[K34] WITHO Co., LTD",식품제조업,2011,"Unit 219, 213-3, Cheomdan-ro, Jeju-si, Jeju-do, Republic of Korea",www.witho.co.kr
2019 LA K-FOOD FAIR,Inter Continental Los Angeles Downtown,2019,7,10,[K18] HAWANGSOOYEON TRADITIONAL FOOD COMPANY,장류,2010,"75 godogil, geumma-myeon,iksan-si, jellabukdo,",www. samamme.com
2019 LA K-FOOD FAIR,Inter Continental Los Angeles Downtown,2019,7,10,[K32] TULIP INTERNATIONAL INC.,"기타식품, 무역, 제조",1999,"37, Teheran-ro 87-gil, Gangnam-gu, Seoul",www.tulipint.com
2019 LA K-FOOD FAIR,Inter Continental Los Angeles Downtown,2019,7,10,[K12] GEUMSAN GINSENG COOPERATIVE,도소매업,2016,"1F 103-4, Geumsanchoen 1-gil, Geumsan-eup, Geumsan-gun, Chungcheongnam-do, Republic of Korea",gincoop.com
2019 LA K-FOOD FAIR,Inter Continental Los Angeles Downtown,2019,7,10,[K01] AGRICULTURAL COMPANY CORP JAYEONTEO,농산물.농산물가공.농산물,2015,"400, Seonghyeon-ro, Ilsandong-gu, Goyang-si, Gyeonggi-do",www.gentlematto.com
2019 LA K-FOOD FAIR,Inter Continental Los Angeles Downtown,2019,7,10,"[K28] RAON CORPORATION CO., LTD.","상품 종합 도매,중개업",2018,"16?4,?Dongbaekjungang?ro,?16 Beon-gil,?Giheung?gu, Yongin?si,?Gyeonggi?do,?Republic?Of?Korea",https://success20162018.modoo.at/
2019 LA K-FOOD FAIR,Inter Continental Los Angeles Downtown,2019,7,10,"[K09] FINE FT CO., LTD","식품제조가공업, 식품첨가물제조업 등",2007,"3524, Charyeong-ro, Jeongan-myeon, Gongju-si, Chungcheongnam-do, 32511, South Korea",www.fineft.co.kr
2019 LA K-FOOD FAIR,Inter Continental Los Angeles Downtown,2019,7,10,[K24] NATUREGANIC SEOWON CORPORATION,제조,2017,"(12773) 17-99, Opo-ro 171beon-gil, Opo-eup, Gwangju-si, Gyeonggi-do, Republic of Korea",www.berrykle.com
2019 LA K-FOOD FAIR,Inter Continental Los Angeles Downtown,2019,7,10,[K15] HANBAEK FOOD AGRICULTURAL CO. LTD.,조미김 제조업,2012,"624-33 Gwangjagng, Cheongan, Goesan, Chungcheongbukdo",hanbaekfood.com
2019 LA K-FOOD FAIR,Inter Continental Los Angeles Downtown,2019,7,10,[K08] EVERGOOD CORPORATION,"무역(농산물),농산물",2009,,N
2019 LA K-FOOD FAIR,Inter Continental Los Angeles Downtown,2019,7,10,"[K09] FINE FT CO., LTD","식품제조가공업, 식품첨가물제조업 등",2007,"3524, Charyeong-ro, Jeongan-myeon, Gongju-si, Chungcheongnam-do, 32511, South Korea",www.fineft.co.kr
2019 LA K-FOOD FAIR,Inter Continental Los Angeles Downtown,2019,7,10,"[K11] GAMRO700 AGRICULTURE CO., LTD.",다류,2015,"1305-54, Nochusan-ro, Wangsan-myeon, Gangneung-si, Gangwon-do",www.gamro700.com
2019 LA K-FOOD FAIR,Inter Continental Los Angeles Downtown,2019,7,10,[K07] DESIGNNONGBOO CO LTD,"도소매, 제조업",2011,"1-130, Dogang-gil, Deokjin-gu, Jeonju-si, Jeollabuk-do",www.designnongboo.com
2019 LA K-FOOD FAIR,Inter Continental Los Angeles Downtown,2019,7,10,HANVIT FOOD CORP.,"과자, 곡류가공품, 무역업",2008,"106, Naeyu-gil, Deogyang-gu, Goyang-si, Gyeonggi-do, Republic of Korea",WWW.THEBASSK.COM
2019 LA K-FOOD FAIR,Inter Continental Los Angeles Downtown,2019,7,10,"[K02] AGRICULTURAL CORPORATION JANGHEUNG FOOD CO., LTD.","된장, 고추장, 간장, 청국장, 식량재배",2011,"49-19 GISAN-GIL, ANYANG-MYEON JANGHEUNG-GUN JEOLLANAMDO, KOREA",www.cjjfood.com
2019 LA K-FOOD FAIR,Inter Continental Los Angeles Downtown,2019,7,10,"[K09] FINE FT CO., LTD","식품제조가공업, 식품첨가물제조업 등",2007,"3524, Charyeong-ro, Jeongan-myeon, Gongju-si, Chungcheongnam-do, 32511, South Korea",www.fineft.co.kr
2019 LA K-FOOD FAIR,Inter Continental Los Angeles Downtown,2019,7,10,[K22] KOREAN GINSENG EXPORT CORP.,"건강기능식품, 홍삼",2012,"216-18, Sindumangok-ro, Gongdo-eup, Anseong-si, Gyeonggi-do, Republic of Korea",www.kgec.kr
2019 LA K-FOOD FAIR,Inter Continental Los Angeles Downtown,2019,7,10,[K12] GEUMSAN GINSENG COOPERATIVE,도소매업,2016,"1F 103-4, Geumsanchoen 1-gil, Geumsan-eup, Geumsan-gun, Chungcheongnam-do, Republic of Korea",gincoop.com
2019 LA K-FOOD FAIR,Inter Continental Los Angeles Downtown,2019,7,10,[K07] DESIGNNONGBOO CO LTD,"도소매, 제조업",2011,"1-130, Dogang-gil, Deokjin-gu, Jeonju-si, Jeollabuk-do",www.designnongboo.com
2019 LA K-FOOD FAIR,Inter Continental Los Angeles Downtown,2019,7,10,[K08] EVERGOOD CORPORATION,"무역(농산물),농산물",2009,,N
2019 LA K-FOOD FAIR,Inter Continental Los Angeles Downtown,2019,7,10,[K24] NATUREGANIC SEOWON CORPORATION,제조,2017,"(12773) 17-99, Opo-ro 171beon-gil, Opo-eup, Gwangju-si, Gyeonggi-do, Republic of Korea",www.berrykle.com
2019 LA K-FOOD FAIR,Inter Continental Los Angeles Downtown,2019,7,10,[K20] JINJU,"식품가공.제조/식육/식육,농산물/임대/전산용역",1963,"441, Yeoksam-ro, Gangnam-gu, Seoul",N
2019 LA K-FOOD FAIR,Inter Continental Los Angeles Downtown,2019,7,10,"[K34] WITHO Co., LTD",식품제조업,2011,"Unit 219, 213-3, Cheomdan-ro, Jeju-si, Jeju-do, Republic of Korea",www.witho.co.kr
2019 LA K-FOOD FAIR,Inter Continental Los Angeles Downtown,2019,7,10,[K33] BOEUN JUJUBE FARM,농산물,2007,"927, BIRYONGDONGGWAN-RO, SONGNISAN-MYEON,  BOEUN-GUN, CHUNGCHEONGBUK-DO, KOREA",www.boeun-jujube.co.kr
2019 LA K-FOOD FAIR,Inter Continental Los Angeles Downtown,2019,7,10,[K01] AGRICULTURAL COMPANY CORP JAYEONTEO,농산물.농산물가공.농산물,2015,"400, Seonghyeon-ro, Ilsandong-gu, Goyang-si, Gyeonggi-do",www.gentlematto.com
2019 LA K-FOOD FAIR,Inter Continental Los Angeles Downtown,2019,7,10,[K25] ORGANIC VEGAN CORP.,조청 농산물 통신판매(농산물),2010,"483, Malmokjangteo-ro, Ipyeong-myeon, Jeongeup-si, Jeollabuk-do",www.orgvegan.com/
2019 LA K-FOOD FAIR,Inter Continental Los Angeles Downtown,2019,7,10,[K22] KOREAN GINSENG EXPORT CORP.,"건강기능식품, 홍삼",2012,"216-18, Sindumangok-ro, Gongdo-eup, Anseong-si, Gyeonggi-do, Republic of Korea",www.kgec.kr
2019 LA K-FOOD FAIR,Inter Continental Los Angeles Downtown,2019,7,10,"[K26] PALDO CO., LTD","면, 음료 제조",1969,"577 GANGNAMDAERO, SEOCHO-GU, SEOUL, KOREA",www.paldofood.com
2019 LA K-FOOD FAIR,Inter Continental Los Angeles Downtown,2019,7,10,[K25] ORGANIC VEGAN CORP.,조청 농산물 통신판매(농산물),2010,"483, Malmokjangteo-ro, Ipyeong-myeon, Jeongeup-si, Jeollabuk-do",www.orgvegan.com/
2019 LA K-FOOD FAIR,Inter Continental Los Angeles Downtown,2019,7,10,[K08] EVERGOOD CORPORATION,"무역(농산물),농산물",2009,,N
2019 LA K-FOOD FAIR,Inter Continental Los Angeles Downtown,2019,7,10,[K22] KOREAN GINSENG EXPORT CORP.,"건강기능식품, 홍삼",2012,"216-18, Sindumangok-ro, Gongdo-eup, Anseong-si, Gyeonggi-do, Republic of Korea",www.kgec.kr
2019 LA K-FOOD FAIR,Inter Continental Los Angeles Downtown,2019,7,10,[K20] JINJU,"식품가공.제조/식육/식육,농산물/임대/전산용역",1963,"441, Yeoksam-ro, Gangnam-gu, Seoul",N
2019 LA K-FOOD FAIR,Inter Continental Los Angeles Downtown,2019,7,10,[K20] JINJU,"식품가공.제조/식육/식육,농산물/임대/전산용역",1963,"441, Yeoksam-ro, Gangnam-gu, Seoul",N
2019 LA K-FOOD FAIR,Inter Continental Los Angeles Downtown,2019,7,10,"[K19] I’M DNL CO., LTD",가공식품,2017,,www. younmifoods.com
2019 LA K-FOOD FAIR,Inter Continental Los Angeles Downtown,2019,7,10,"[K06] DAEKWANG F&G CO., LTD","김치, 농산물저장가공",1990,"1530-2, Seobu-ro, Juchon-myeon, Gimhae-si, Gyeongsangnamdo, Korea",www.dkfng.com
2019 LA K-FOOD FAIR,Inter Continental Los Angeles Downtown,2019,7,10,"[K19] I’M DNL CO., LTD",가공식품,2017,,www. younmifoods.com
2019 LA K-FOOD FAIR,Inter Continental Los Angeles Downtown,2019,7,10,"[K23] NAMDOFOOD CO., LTD.",농수산 식품 제조 가공업,,,
2019 LA K-FOOD FAIR,Inter Continental Los Angeles Downtown,2019,7,10,[K12] GEUMSAN GINSENG COOPERATIVE,도소매업,2016,"1F 103-4, Geumsanchoen 1-gil, Geumsan-eup, Geumsan-gun, Chungcheongnam-do, Republic of Korea",gincoop.com
2019 LA K-FOOD FAIR,Inter Continental Los Angeles Downtown,2019,7,10,[K03] GOLDEN CITRON,"차, 음료가공,무역",2009,"45-5,Unjeong2-gil,Paju-si,Gyeonggi-do,10910,Korea",www.goldencitron.com
2019 LA K-FOOD FAIR,Inter Continental Los Angeles Downtown,2019,7,10,"[K19] I’M DNL CO., LTD",가공식품,2017,,www. younmifoods.com
2019 LA K-FOOD FAIR,Inter Continental Los Angeles Downtown,2019,7,10,"[K31] TRUNAS CO., LTD",식품제조가공,2016,32 Chungjusandan Chungju-si Chungbuk S.Korea,www.troonature.com
2019 LA K-FOOD FAIR,Inter Continental Los Angeles Downtown,2019,7,10,[K32] TULIP INTERNATIONAL INC.,"기타식품, 무역, 제조",1999,"37, Teheran-ro 87-gil, Gangnam-gu, Seoul",www.tulipint.com
2019 LA K-FOOD FAIR,Inter Continental Los Angeles Downtown,2019,7,10,"[K28] RAON CORPORATION CO., LTD.","상품 종합 도매,중개업",2018,"16?4,?Dongbaekjungang?ro,?16 Beon-gil,?Giheung?gu, Yongin?si,?Gyeonggi?do,?Republic?Of?Korea",https://success20162018.modoo.at/
2019 LA K-FOOD FAIR,Inter Continental Los Angeles Downtown,2019,7,10,"[K09] FINE FT CO., LTD","식품제조가공업, 식품첨가물제조업 등",2007,"3524, Charyeong-ro, Jeongan-myeon, Gongju-si, Chungcheongnam-do, 32511, South Korea",www.fineft.co.kr
2019 LA K-FOOD FAIR,Inter Continental Los Angeles Downtown,2019,7,10,"[K34] WITHO Co., LTD",식품제조업,2011,"Unit 219, 213-3, Cheomdan-ro, Jeju-si, Jeju-do, Republic of Korea",www.witho.co.kr
2019 LA K-FOOD FAIR,Inter Continental Los Angeles Downtown,2019,7,10,"[K17] HAPCHEON MEDICAL HERBS CO., LTD","제조업, 도, 소매업",1996,"16, Naegok-gil, Hapcheon-eup, Hapcheon-gun, Gyeongsangnam-do",www.sangrime.com
2019 LA K-FOOD FAIR,Inter Continental Los Angeles Downtown,2019,7,10,"[K34] WITHO Co., LTD",식품제조업,2011,"Unit 219, 213-3, Cheomdan-ro, Jeju-si, Jeju-do, Republic of Korea",www.witho.co.kr
2019 LA K-FOOD FAIR,Inter Continental Los Angeles Downtown,2019,7,10,"[K09] FINE FT CO., LTD","식품제조가공업, 식품첨가물제조업 등",2007,"3524, Charyeong-ro, Jeongan-myeon, Gongju-si, Chungcheongnam-do, 32511, South Korea",www.fineft.co.kr
2019 LA K-FOOD FAIR,Inter Continental Los Angeles Downtown,2019,7,10,"[K19] I’M DNL CO., LTD",가공식품,2017,,www. younmifoods.com
2019 LA K-FOOD FAIR,Inter Continental Los Angeles Downtown,2019,7,10,[K24] NATUREGANIC SEOWON CORPORATION,제조,2017,"(12773) 17-99, Opo-ro 171beon-gil, Opo-eup, Gwangju-si, Gyeonggi-do, Republic of Korea",www.berrykle.com
2019 LA K-FOOD FAIR,Inter Continental Los Angeles Downtown,2019,7,10,[K18] HAWANGSOOYEON TRADITIONAL FOOD COMPANY,장류,2010,"75 godogil, geumma-myeon,iksan-si, jellabukdo,",www. samamme.com
2019 LA K-FOOD FAIR,Inter Continental Los Angeles Downtown,2019,7,10,[K18] HAWANGSOOYEON TRADITIONAL FOOD COMPANY,장류,2010,"75 godogil, geumma-myeon,iksan-si, jellabukdo,",www. samamme.com
2019 LA K-FOOD FAIR,Inter Continental Los Angeles Downtown,2019,7,10,[K15] HANBAEK FOOD AGRICULTURAL CO. LTD.,조미김 제조업,2012,"624-33 Gwangjagng, Cheongan, Goesan, Chungcheongbukdo",hanbaekfood.com
2019 LA K-FOOD FAIR,Inter Continental Los Angeles Downtown,2019,7,10,"[K17] HAPCHEON MEDICAL HERBS CO., LTD","제조업, 도, 소매업",1996,"16, Naegok-gil, Hapcheon-eup, Hapcheon-gun, Gyeongsangnam-do",www.sangrime.com
2019 LA K-FOOD FAIR,Inter Continental Los Angeles Downtown,2019,7,10,"[K28] RAON CORPORATION CO., LTD.","상품 종합 도매,중개업",2018,"16?4,?Dongbaekjungang?ro,?16 Beon-gil,?Giheung?gu, Yongin?si,?Gyeonggi?do,?Republic?Of?Korea",https://success20162018.modoo.at/
2019 LA K-FOOD FAIR,Inter Continental Los Angeles Downtown,2019,7,10,"[K28] RAON CORPORATION CO., LTD.","상품 종합 도매,중개업",2018,"16?4,?Dongbaekjungang?ro,?16 Beon-gil,?Giheung?gu, Yongin?si,?Gyeonggi?do,?Republic?Of?Korea",https://success20162018.modoo.at/
2019 LA K-FOOD FAIR,Inter Continental Los Angeles Downtown,2019,7,10,"[K26] PALDO CO., LTD","면, 음료 제조",1969,"577 GANGNAMDAERO, SEOCHO-GU, SEOUL, KOREA",www.paldofood.com
2019 LA K-FOOD FAIR,Inter Continental Los Angeles Downtown,2019,7,10,[K03] GOLDEN CITRON,"차, 음료가공,무역",2009,"45-5,Unjeong2-gil,Paju-si,Gyeonggi-do,10910,Korea",www.goldencitron.com
2019 LA K-FOOD FAIR,Inter Continental Los Angeles Downtown,2019,7,10,[K07] DESIGNNONGBOO CO LTD,"도소매, 제조업",2011,"1-130, Dogang-gil, Deokjin-gu, Jeonju-si, Jeollabuk-do",www.designnongboo.com
2019 LA K-FOOD FAIR,Inter Continental Los Angeles Downtown,2019,7,10,"[K05] CHOLOCWON CO., LTD.",다류,2000,"45-15, Pyeongsa 1-gil, Jillyang-eup, Gyeongsan-si, Gyeongsangbuk-do, Korea, 38455",www.cholocwon.com
2019 LA K-FOOD FAIR,Inter Continental Los Angeles Downtown,2019,7,10,"[K27] PUREPLUS CO., LTD","제조, 도소매",2002,"11, Sudongnonggong-gil, Sudong-myeon, Hamyang-gun, Gyeongsangnam-do",www.pureplus.co.kr
2019 LA K-FOOD FAIR,Inter Continental Los Angeles Downtown,2019,7,10,[K29] SEORAKSAN GREEN FOOD CO.,농산물 가공,2014,"41-50, Powolsaemal-gil, Yangyang-eup, Yangyang-gun, Gangwon-do, Korea",www.sgreenfood.co.kr
2019 LA K-FOOD FAIR,Inter Continental Los Angeles Downtown,2019,7,10,[K15] HANBAEK FOOD AGRICULTURAL CO. LTD.,조미김 제조업,2012,"624-33 Gwangjagng, Cheongan, Goesan, Chungcheongbukdo",hanbaekfood.com
2019 LA K-FOOD FAIR,Inter Continental Los Angeles Downtown,2019,7,10,"[K19] I’M DNL CO., LTD",가공식품,2017,,www. younmifoods.com
2019 LA K-FOOD FAIR,Inter Continental Los Angeles Downtown,2019,7,10,"[K26] PALDO CO., LTD","면, 음료 제조",1969,"577 GANGNAMDAERO, SEOCHO-GU, SEOUL, KOREA",www.paldofood.com
2019 LA K-FOOD FAIR,Inter Continental Los Angeles Downtown,2019,7,10,[K01] AGRICULTURAL COMPANY CORP JAYEONTEO,농산물.농산물가공.농산물,2015,"400, Seonghyeon-ro, Ilsandong-gu, Goyang-si, Gyeonggi-do",www.gentlematto.com
2019 LA K-FOOD FAIR,Inter Continental Los Angeles Downtown,2019,7,10,"[K05] CHOLOCWON CO., LTD.",다류,2000,"45-15, Pyeongsa 1-gil, Jillyang-eup, Gyeongsan-si, Gyeongsangbuk-do, Korea, 38455",www.cholocwon.com
2019 LA K-FOOD FAIR,Inter Continental Los Angeles Downtown,2019,7,10,[K14] GUAVALAND,제조업,2007,"32-20, Sannam-gil, Chilgok-myeon, Uiryeong-gun, Gyeongsangnam-do, Republic of Korea",www.guavaland.co.kr
2019 LA K-FOOD FAIR,Inter Continental Los Angeles Downtown,2019,7,10,[K30] SHIN HWA DANG CONFECTIONERY CO.,"과자,빙과,기타,수출",1992,"54-17, Yuldae-5gil, Goseong-eup, Goseong-gun, Gyeongsangnam-do, Republic of Korea",www.shdconf.com
2019 LA K-FOOD FAIR,Inter Continental Los Angeles Downtown,2019,7,10,[K01] AGRICULTURAL COMPANY CORP JAYEONTEO,농산물.농산물가공.농산물,2015,"400, Seonghyeon-ro, Ilsandong-gu, Goyang-si, Gyeonggi-do",www.gentlematto.com
2019 LA K-FOOD FAIR,Inter Continental Los Angeles Downtown,2019,7,10,[K29] SEORAKSAN GREEN FOOD CO.,농산물 가공,2014,"41-50, Powolsaemal-gil, Yangyang-eup, Yangyang-gun, Gangwon-do, Korea",www.sgreenfood.co.kr
2019 LA K-FOOD FAIR,Inter Continental Los Angeles Downtown,2019,7,10,"[K27] PUREPLUS CO., LTD","제조, 도소매",2002,"11, Sudongnonggong-gil, Sudong-myeon, Hamyang-gun, Gyeongsangnam-do",www.pureplus.co.kr
2019 LA K-FOOD FAIR,Inter Continental Los Angeles Downtown,2019,7,10,[K25] ORGANIC VEGAN CORP.,조청 농산물 통신판매(농산물),2010,"483, Malmokjangteo-ro, Ipyeong-myeon, Jeongeup-si, Jeollabuk-do",www.orgvegan.com/
2019 LA K-FOOD FAIR,Inter Continental Los Angeles Downtown,2019,7,10,"[K02] AGRICULTURAL CORPORATION JANGHEUNG FOOD CO., LTD.","된장, 고추장, 간장, 청국장, 식량재배",2011,"49-19 GISAN-GIL, ANYANG-MYEON JANGHEUNG-GUN JEOLLANAMDO, KOREA",www.cjjfood.com
2019 LA K-FOOD FAIR,Inter Continental Los Angeles Downtown,2019,7,10,HANVIT FOOD CORP.,"과자, 곡류가공품, 무역업",2008,"106, Naeyu-gil, Deogyang-gu, Goyang-si, Gyeonggi-do, Republic of Korea",WWW.THEBASSK.COM
2019 LA K-FOOD FAIR,Inter Continental Los Angeles Downtown,2019,7,10,"[K11] GAMRO700 AGRICULTURE CO., LTD.",다류,2015,"1305-54, Nochusan-ro, Wangsan-myeon, Gangneung-si, Gangwon-do",www.gamro700.com
2019 LA K-FOOD FAIR,Inter Continental Los Angeles Downtown,2019,7,10,[K07] DESIGNNONGBOO CO LTD,"도소매, 제조업",2011,"1-130, Dogang-gil, Deokjin-gu, Jeonju-si, Jeollabuk-do",www.designnongboo.com
2019 LA K-FOOD FAIR,Inter Continental Los Angeles Downtown,2019,7,10,[K22] KOREAN GINSENG EXPORT CORP.,"건강기능식품, 홍삼",2012,"216-18, Sindumangok-ro, Gongdo-eup, Anseong-si, Gyeonggi-do, Republic of Korea",www.kgec.kr
2019 LA K-FOOD FAIR,Inter Continental Los Angeles Downtown,2019,7,10,[K30] SHIN HWA DANG CONFECTIONERY CO.,"과자,빙과,기타,수출",1992,"54-17, Yuldae-5gil, Goseong-eup, Goseong-gun, Gyeongsangnam-do, Republic of Korea",www.shdconf.com
2019 LA K-FOOD FAIR,Inter Continental Los Angeles Downtown,2019,7,10,"[K11] GAMRO700 AGRICULTURE CO., LTD.",다류,2015,"1305-54, Nochusan-ro, Wangsan-myeon, Gangneung-si, Gangwon-do",www.gamro700.com
2019 LA K-FOOD FAIR,Inter Continental Los Angeles Downtown,2019,7,10,"[K28] RAON CORPORATION CO., LTD.","상품 종합 도매,중개업",2018,"16?4,?Dongbaekjungang?ro,?16 Beon-gil,?Giheung?gu, Yongin?si,?Gyeonggi?do,?Republic?Of?Korea",https://success20162018.modoo.at/
2019 LA K-FOOD FAIR,Inter Continental Los Angeles Downtown,2019,7,10,"[K35] WOORISOOL CO., LTD","탁주, 약주",2003,"#29 Daboganseon-ro, Jojong-myeon, Gapyeong-gun, Gyeonggi-do, Korea(Republic of)",www.woorisool.kr
2019 LA K-FOOD FAIR,Inter Continental Los Angeles Downtown,2019,7,10,"[K26] PALDO CO., LTD","면, 음료 제조",1969,"577 GANGNAMDAERO, SEOCHO-GU, SEOUL, KOREA",www.paldofood.com
2019 LA K-FOOD FAIR,Inter Continental Los Angeles Downtown,2019,7,10,"[K27] PUREPLUS CO., LTD","제조, 도소매",2002,"11, Sudongnonggong-gil, Sudong-myeon, Hamyang-gun, Gyeongsangnam-do",www.pureplus.co.kr
2019 LA K-FOOD FAIR,Inter Continental Los Angeles Downtown,2019,7,10,[K15] HANBAEK FOOD AGRICULTURAL CO. LTD.,조미김 제조업,2012,"624-33 Gwangjagng, Cheongan, Goesan, Chungcheongbukdo",hanbaekfood.com
2019 LA K-FOOD FAIR,Inter Continental Los Angeles Downtown,2019,7,10,"[K31] TRUNAS CO., LTD",식품제조가공,2016,32 Chungjusandan Chungju-si Chungbuk S.Korea,www.troonature.com
2019 LA K-FOOD FAIR,Inter Continental Los Angeles Downtown,2019,7,10,"[K17] HAPCHEON MEDICAL HERBS CO., LTD","제조업, 도, 소매업",1996,"16, Naegok-gil, Hapcheon-eup, Hapcheon-gun, Gyeongsangnam-do",www.sangrime.com
2019 LA K-FOOD FAIR,Inter Continental Los Angeles Downtown,2019,7,10,"[K19] I’M DNL CO., LTD",가공식품,2017,,www. younmifoods.com
2019 LA K-FOOD FAIR,Inter Continental Los Angeles Downtown,2019,7,10,"[K13] GOOD MORNING KOREA CO., LTD","무역업,농산물유통,판매",2009,"604, Cheonho-daero, Gwangjin-gu, Seoul",gmkfresh.com
2019 LA K-FOOD FAIR,Inter Continental Los Angeles Downtown,2019,7,10,[K01] AGRICULTURAL COMPANY CORP JAYEONTEO,농산물.농산물가공.농산물,2015,"400, Seonghyeon-ro, Ilsandong-gu, Goyang-si, Gyeonggi-do",www.gentlematto.com
2019 LA K-FOOD FAIR,Inter Continental Los Angeles Downtown,2019,7,10,[K33] BOEUN JUJUBE FARM,농산물,2007,"927, BIRYONGDONGGWAN-RO, SONGNISAN-MYEON,  BOEUN-GUN, CHUNGCHEONGBUK-DO, KOREA",www.boeun-jujube.co.kr
2019 LA K-FOOD FAIR,Inter Continental Los Angeles Downtown,2019,7,10,[K08] EVERGOOD CORPORATION,"무역(농산물),농산물",2009,,N
2019 LA K-FOOD FAIR,Inter Continental Los Angeles Downtown,2019,7,10,"[K35] WOORISOOL CO., LTD","탁주, 약주",2003,"#29 Daboganseon-ro, Jojong-myeon, Gapyeong-gun, Gyeonggi-do, Korea(Republic of)",www.woorisool.kr
2019 LA K-FOOD FAIR,Inter Continental Los Angeles Downtown,2019,7,10,"[K28] RAON CORPORATION CO., LTD.","상품 종합 도매,중개업",2018,"16?4,?Dongbaekjungang?ro,?16 Beon-gil,?Giheung?gu, Yongin?si,?Gyeonggi?do,?Republic?Of?Korea",https://success20162018.modoo.at/
2019 LA K-FOOD FAIR,Inter Continental Los Angeles Downtown,2019,7,10,"[K19] I’M DNL CO., LTD",가공식품,2017,,www. younmifoods.com
2019 LA K-FOOD FAIR,Inter Continental Los Angeles Downtown,2019,7,10,"[K31] TRUNAS CO., LTD",식품제조가공,2016,32 Chungjusandan Chungju-si Chungbuk S.Korea,www.troonature.com
2019 LA K-FOOD FAIR,Inter Continental Los Angeles Downtown,2019,7,10,HANVIT FOOD CORP.,"과자, 곡류가공품, 무역업",2008,"106, Naeyu-gil, Deogyang-gu, Goyang-si, Gyeonggi-do, Republic of Korea",WWW.THEBASSK.COM
2019 하반기 대규모 수출상담회(BKF),aT센터,2019,10,23,"ASER FOOD Co., Ltd",식품수출입,2004,"130, Beodae-gil, Sangnok-gu, Ansan-si, Gyeonggi-do",www.aser.co.kr
2019 하반기 대규모 수출상담회(BKF),aT센터,2019,10,23,HAPPYTREE,무역,2012,"201, 21, Jangmun-ro 45-gil, Yongsan-gu, Seoul, KOREA",facebook.com/httrade
2019 하반기 대규모 수출상담회(BKF),aT센터,2019,10,23,evergood corporation,"무역(농산물),농산물",1987,,ever-good.co.kr
2019 하반기 대규모 수출상담회(BKF),aT센터,2019,10,23,"JJF CO.,LTD",수출입무역,2000,"222-2 Wolgak-ro, Hallim-eup,Jeju-si,Jeju-do,Republic of Korea",www.jjfkorea.co.kr
2019 하반기 대규모 수출상담회(BKF),aT센터,2019,10,23,"HAESER Products Co., Ltd.","수산물가공업,건강보조음료",2011,"79-13, Geumgwan-daero 804beon-gil, Gimhae-si, Gyeongsangnam-do, Republic of Korea",www.haeser-cnt.com
2019 하반기 대규모 수출상담회(BKF),aT센터,2019,10,23,R&G CORPORATION,"무역, 농수산물가공식품",1985,"347 Daewangpangyo-ro, Bundang-gu, Seongnam-si Gyeonggi-do",www.assifood.co.kr
2019 하반기 대규모 수출상담회(BKF),aT센터,2019,10,23,"TRUE CORPORATION CO.,LTD.",상품종합 중개업,2018,"16-4, 16beon-gil, Dongbaekjungang-ro, Giheung-gu, Yongin-si, Gyeonggi-do, Republic of Korea",https://success20162018.modoo.at/
2019 하반기 대규모 수출상담회(BKF),aT센터,2019,10,23,"DA JUNG CO., LTD.",식품제조업,1980,"28, Yeongil-ro 97 Beon-gil, Yeongjung-myeon, Pocheon-si, Gyeonggi-do, Korea 487884",www.damizle.com
2019 하반기 대규모 수출상담회(BKF),aT센터,2019,10,23,"MONGGO FOODS CO., LTD.",장류 및 기타식품 등,1905,"18, Paryong-ro 371beon-gil, Uichang-gu, Changwon-si, Gyeongsangnam-do",www.monggofood.co.kr
2019 하반기 대규모 수출상담회(BKF),aT센터,2019,10,23,"Okra International co.,Ltd",수출입업,2014,"#1308, Private tower Ⅱ,171, Magokjungang-ro,Gangseo-gu, Seoul, Republic of Korea 07788",www.okraint.com
2019 하반기 대규모 수출상담회(BKF),aT센터,2019,10,23,HARIM CORPORATION,축산,2011,Harim Corporation,harim.com
2019 하반기 대규모 수출상담회(BKF),aT센터,2019,10,23,IKG KOREA CO.,무역,2011,"F718, Centumbiz, 45 Jojeong-daero, Hanam-si, Gyeonggi-do, Korea",www.ikgkorea.com
2019 하반기 대규모 수출상담회(BKF),aT센터,2019,10,23,"UNIONE Co.,Ltd.",도매 및 상품중개업,2016,"#504, 20-38, MUGUNGHWA-RO, ILSAN DONG-GU, GOYANG-SI, GYEONGGI-DO, REPUBLIC OF KOREA",www.unionekr.com
2019 하반기 대규모 수출상담회(BKF),aT센터,2019,10,23,K-mush,"무역(버섯, 농산물)",2009,"#904 aT center, gangnam-daero 27, seocho-gu, seoul, south korea",www.kmush.or.kr
2019 하반기 대규모 수출상담회(BKF),aT센터,2019,10,23,SAMJIN GLOBALNET,"무역업, 임대",1970,"562, Samseong-ro, Gangnam-gu, Seoul, Republic of Korea",N
2019 하반기 대규모 수출상담회(BKF),aT센터,2019,10,23,LEE'S MARKETING INC.,"무역,농수산물외",2007,"508-33 Seolga-ro Seolseong-myeon, icheon-si, Gyeonggi-do",www.wellplus.co.kr
2019 하반기 대규모 수출상담회(BKF),aT센터,2019,10,23,"ChaSeo Studio Co., Ltd",무역업,2019,"44, Nonhyeon-ro 30-gil, Gangnam-gu, Seoul",
2019 하반기 대규모 수출상담회(BKF),aT센터,2019,10,23,jayounhyanggi,"식품제조, 도,소매",2012,"South Gyeongsang Province, Agyang-myeon,Hadong-gun, Gyeongsangnam-do, Akyang Dongro 248.",http://www.jayounmi.com
2019 하반기 대규모 수출상담회(BKF),aT센터,2019,10,23,"JANGHEUNG FOOD CO.,LTD.","된장, 고추장, 간장, 청국장, 식량재배",2011,"49-19 GISAN-GIL, ANYANG-MYEON JANGHEUNG-GUN JEOLLANAMDO, KOREA",www.cjjfood.com
2019 하반기 대규모 수출상담회(BKF),aT센터,2019,10,23,K-mush,"무역(버섯, 농산물)",2009,"#904 aT center, gangnam-daero 27, seocho-gu, seoul, south korea",www.kmush.or.kr
2019 하반기 대규모 수출상담회(BKF),aT센터,2019,10,23,"WEDO CO., LTD.",수출 유통,2006,"932, Yangjae-daero, Songpa-gu, Seoul, Republic of Korea",www.wedofood.co.kr
2019 하반기 대규모 수출상담회(BKF),aT센터,2019,10,23,HEFS CO.,식품,2018,"51, Bokseong 15-gil, Yangmok-myeon, Chilgok-gun, Gyeongsangbuk-do",N
2019 하반기 대규모 수출상담회(BKF),aT센터,2019,10,23,"BIOPOLYTECH Co.,Ltd",기능식품연구개발,2004,"714, 134, Gongdan-ro, Heungdeok-gu, Cheongju-si, Chungcheongbuk-do, Korea",www.biopolytech.com
2019 하반기 대규모 수출상담회(BKF),aT센터,2019,10,23,R&G CORPORATION,"무역, 농수산물가공식품",1985,"347 Daewangpangyo-ro, Bundang-gu, Seongnam-si Gyeonggi-do",www.assifood.co.kr
2019 하반기 대규모 수출상담회(BKF),aT센터,2019,10,23,kyeongseong Oak Mushroom.Farm,임산물생산,2007,"#56, Songgye 3Gil, Suryun-Myeon, Seonju-Gun, Gyeongsangbuk-Do, South Korea",www.mushkim.co.kr
2019 하반기 대규모 수출상담회(BKF),aT센터,2019,10,23,heasan,수출,2018,"200-9, UN village-gil, Yongsan-gu, Seoul",www.heasanglobal.com
2019 하반기 대규모 수출상담회(BKF),aT센터,2019,10,23,IKG KOREA CO.,무역,2011,"F718, Centumbiz, 45 Jojeong-daero, Hanam-si, Gyeonggi-do, Korea",www.ikgkorea.com
2019 하반기 대규모 수출상담회(BKF),aT센터,2019,10,23,"Daedong Korea Ginseng Co.,Ltd",홍삼제품. 건강제품. 통신판매업,2002,"586 Gunbuk-Myeon, Gunbuk-Ro, Geumsan-Gun, ChungNam",http://www.hongsamgeon.co.kr
2019 하반기 대규모 수출상담회(BKF),aT센터,2019,10,23,"Namyang Dairy Products Co., Ltd","낙농품, 음료",1964,"240, Dosan-daero, Gangnam-gu, Seoul",http://company.namyangi.com/
2019 하반기 대규모 수출상담회(BKF),aT센터,2019,10,23,"Gamro700 Agriculture Co., Ltd.",다류,2015,"1305-54, Nochusan-ro, Wangsan-myeon, Gangneung-si, Gangwon-do",www.gamro700.com
2019 하반기 대규모 수출상담회(BKF),aT센터,2019,10,23,"Lotte Chilsung Beverage Co.,Ltd.","청량음료, 식품, 주류",1950,,https://company.lottechilsung.co.kr/eng/main/index.do
2019 하반기 대규모 수출상담회(BKF),aT센터,2019,10,23,caffebene,도소매,2008,"25, Sangwon 1-gil, Seongdong-gu, Seoul",www.caffebene.co.kr
2019 하반기 대규모 수출상담회(BKF),aT센터,2019,10,23,"Dnature Bio Labs Co., Ltd.","식음료수출, 기능성음료 연구개발",2016,"#B-801, Tera Tower 2, 201, Songpa-daero, Songpa-Gu, Seoul, S.Korea.",http://dnaturebiolabs.com/
2019 하반기 대규모 수출상담회(BKF),aT센터,2019,10,23,"Ruiguan Korea Co., Ltd.",수출,2015,"11, Songhwa-ro, Paju-si, Gyeonggi-do, Korea",N
2019 하반기 대규모 수출상담회(BKF),aT센터,2019,10,23,HANMIRAE FOOD CO LTD,"도소매,제조업,무역",2014,"NO. 9-61, YEONGDONG-GIL, HAMCHANG-EUP, SANGJU CITY,GYEONGSANGBUK-DO, KOREA",hanmirae.co.kr
2019 하반기 대규모 수출상담회(BKF),aT센터,2019,10,23,"Gamro700 Agriculture Co., Ltd.",다류,2015,"1305-54, Nochusan-ro, Wangsan-myeon, Gangneung-si, Gangwon-do",www.gamro700.com
2019 하반기 대규모 수출상담회(BKF),aT센터,2019,10,23,Quali Korea Corp.,"수출입업무,수출대행업,오퍼",2005,"905, 52 Achasan-ro 15gil, seongdong-gu, Seoul, Rep. of Korea",www.QKCfamily.com
2019 하반기 대규모 수출상담회(BKF),aT센터,2019,10,23,mdone,"식음료,무역,전자상거래",2012,605 aT CENTER 27 Gangnamdaero Seocho-gu Seoul Korea,N
2019 하반기 대규모 수출상담회(BKF),aT센터,2019,10,23,Link Bridge International,무역 등,2016,"122, Saechang-ro, Yongsan-gu, Seoul, Korea",
2019 하반기 대규모 수출상담회(BKF),aT센터,2019,10,23,HANVIT FOOD CORP.,"과자, 곡류가공품, 무역업",2008,"106, Naeyu-gil, Deogyang-gu, Goyang-si, Gyeonggi-do, Republic of Korea",WWW.THEBASSK.COM
2019 하반기 대규모 수출상담회(BKF),aT센터,2019,10,23,RAON CORPORATION CO.,"상품 종합 도매,중개업",210,"16-4 16beon gil, Dongbaekjungang-ro, Giheung-gu, Yongin-si, Gyeonggi-do, Republic of Korea",https://success20162018.modoo.at/
2019 하반기 대규모 수출상담회(BKF),aT센터,2019,10,23,"MYUNGSUNG FOOD CO.,LTD.",농산물 스낵,2008,"second floor, 95-7, Menari-gil, Gasan-myeon, Pocheon-si, Gyeonggi-do, Republic of Korea",www.mschip.co.kr
2019 하반기 대규모 수출상담회(BKF),aT센터,2019,10,23,"DaeDoFood Co.,Ltd","과자류, 면류",2000,Chungbuk Okcheon-gun Okcheon-eup Yangsuro6-gil 72-24,Y
2019 하반기 대규모 수출상담회(BKF),aT센터,2019,10,23,"G.EAST. CO., LTD.","식품 제조, 수출입, 유통",2008,"A-13F, 247, Gonghangdae-ro, Gangseo-gu, Seoul, Korea",www.geast.co.kr
2019 하반기 대규모 수출상담회(BKF),aT센터,2019,10,23,"Herbstory Inc.,","허브차, 허브비누, 공예체험",2015,"136 Ungok-ro, Wonju-si  Gangwon-do, Korea",www.herbstory.kr
2019 하반기 대규모 수출상담회(BKF),aT센터,2019,10,23,"Lotte Chilsung Beverage Co.,Ltd.","청량음료, 식품, 주류",1950,,https://company.lottechilsung.co.kr/eng/main/index.do
2019 하반기 대규모 수출상담회(BKF),aT센터,2019,10,23,dafina,잼,2018,"18, Seokchonhosu-ro 18-gil, Songpa-gu, Seoul, Republic of Korea",www.dafina.co.kr
2019 하반기 대규모 수출상담회(BKF),aT센터,2019,10,23,"GREEN VIL CO., LTD.",무역,2009,"701, WORLDPLAZA-1 BUILDING,  40 TECHNOSANGEOP-RO, HYEONPOONG,   DALSEONG. DAEGU. KOREA",www.greenvil.co
2019 하반기 대규모 수출상담회(BKF),aT센터,2019,10,23,"Dairyzen Co.,Ltd.",제조업,1999,"170, Munmakgongdan-gil, Wonju-si, Gangwon-do, KOREA",www.dairyzen.co.kr
2019 하반기 대규모 수출상담회(BKF),aT센터,2019,10,23,"ARAM Co.,Ltd.",식품 제조업,1999,"21, Daejeon-ro 1364beon-gil, Daedeok-gu, Daejeon, Republic of Korea",www.aramfood.co.kr
2019 하반기 대규모 수출상담회(BKF),aT센터,2019,10,23,"JJF CO.,LTD",수출입무역,2000,"222-2 Wolgak-ro, Hallim-eup,Jeju-si,Jeju-do,Republic of Korea",www.jjfkorea.co.kr
2019 하반기 대규모 수출상담회(BKF),aT센터,2019,10,23,"Freshis. Co., Ltd",무역업,2014,"507, Building No.3, 21, Jungang-ro 14-gil, Jeju-si,Jeju Special Self-Governing Province, Republic of Korea, 63169",http://www.freshisland.co.kr/
2019 하반기 대규모 수출상담회(BKF),aT센터,2019,10,23,Chang-Rak Farms,"무역업, 도매업, 창고업",1979,"857, Changnyeongjangma-ro, Changnyeong-eup, Changnyeong-gun, Gyeongsangnam-do, Korea",www.changrakfarms.kr
2019 하반기 대규모 수출상담회(BKF),aT센터,2019,10,23,Sangju Hansi Dried persimmon,제조업,2009,"51,Naengim-dong,Sangju-si Gyeongsang buk-do,742-070 Republic of Korea",www.hansi.kr
2019 하반기 대규모 수출상담회(BKF),aT센터,2019,10,23,"Singram Food Co.,Ltd","절임식품(단무지, 쌈무, 우엉) 및 반찬류(무말랭이,양념깻잎,멸치볶음등)",1999,"15, Yeongsungongdan-gil, Yeongsun-myeon, Mungyeong-si, Gyeongsangbuk-do",www.singram.co.kr
2019 하반기 대규모 수출상담회(BKF),aT센터,2019,10,23,"Dr. Chung's Food Co., Ltd.",도매,1973,,www.vegemil.co.kr
2019 하반기 대규모 수출상담회(BKF),aT센터,2019,10,23,"HEE CHANG TRADING CO., LTD.",농수축산물 가공 및 수출 판매,1980,"#146, CHUNGMU-DAERO, SEO-GU, BUSAN, KOREA",http://www.heechangtrade.com
2019 하반기 대규모 수출상담회(BKF),aT센터,2019,10,23,HEFS CO.,식품,2018,"51, Bokseong 15-gil, Yangmok-myeon, Chilgok-gun, Gyeongsangbuk-do",N
2019 하반기 대규모 수출상담회(BKF),aT센터,2019,10,23,KF TRADING,무역,2001,"642, Jungang heightsbill, 754. Janghang, Dongku,Ilsan,/kyunggido",
2019 하반기 대규모 수출상담회(BKF),aT센터,2019,10,23,"Global Gangwon Trade Co.,Ltd.",도매 및 소매업,2014,"2315, Yeongseo-ro, Chuncheon-si, Gangwon-do",http://www.iggtmall.com
2019 하반기 대규모 수출상담회(BKF),aT센터,2019,10,23,Link Bridge International,무역 등,2016,"122, Saechang-ro, Yongsan-gu, Seoul, Korea",
2019 하반기 대규모 수출상담회(BKF),aT센터,2019,10,23,"TRUE CORPORATION CO.,LTD.",상품종합 중개업,2018,"16-4, 16beon-gil, Dongbaekjungang-ro, Giheung-gu, Yongin-si, Gyeonggi-do, Republic of Korea",https://success20162018.modoo.at/
2019 하반기 대규모 수출상담회(BKF),aT센터,2019,10,23,"Pureun Foods co.,Ltd.","해조류 건조(김), 김양식",2009,"1105-18 Gatbulcheahum-Ro, Jongchun-Myun, Seochun-Gun, Chungnam-Do, Republic of korea",
2019 하반기 대규모 수출상담회(BKF),aT센터,2019,10,23,EVERFARM AGRICULTURAL CORP.,농산물생산및유통,2015,"31, Yeondong-gil, Sinbuk-myeon, Yeongam-gun, Jeollanam-do",
2019 하반기 대규모 수출상담회(BKF),aT센터,2019,10,23,"GREEN VIL CO., LTD.",무역,2009,"701, WORLDPLAZA-1 BUILDING,  40 TECHNOSANGEOP-RO, HYEONPOONG,   DALSEONG. DAEGU. KOREA",www.greenvil.co
2019 하반기 대규모 수출상담회(BKF),aT센터,2019,10,23,"DONGSEO NONGSAN CO, LTD",무역,2005,"Rm.807, Cylux East Bldg., 295, Gwangpyeong-ro, Gangnam-gu, Seoul",N
2019 하반기 대규모 수출상담회(BKF),aT센터,2019,10,23,DOTORI agricultural company,농업,2016,"312, Udeuraendeu-gil, Anyang-myeon, Jangheung-gun, Jeollanam-do",http://www.dotorifarm.com/
2019 하반기 대규모 수출상담회(BKF),aT센터,2019,10,23,"WEDO CO., LTD.",수출 유통,2006,"932, Yangjae-daero, Songpa-gu, Seoul, Republic of Korea",www.wedofood.co.kr
2019 하반기 대규모 수출상담회(BKF),aT센터,2019,10,23,"Good morning Korea CO.,LTD","무역업,농산물유통,판매",2009,"3F, 604, Cheonho-daero, Gwangjin-gu, Seoul, KOREA",https://www.gmkfresh.com/
2019 하반기 대규모 수출상담회(BKF),aT센터,2019,10,23,"Mammos Confectionery Co.,Ltd.","생과자, 과자, 기타, 무역업",1985,"8, Dunchon-daero 526beon-gil, Jungwon-gu, Seongnam-si, Gyeonggi-do, Republic of Korea",www.mammos.co.kr
2019 하반기 대규모 수출상담회(BKF),aT센터,2019,10,23,Likus,무역업,2017,"No.11 4F 51, Yangjae-daero 113-gil, Gangdong-gu, Seoul, Korea",N
2019 하반기 대규모 수출상담회(BKF),aT센터,2019,10,23,heasan,수출,2018,"200-9, UN village-gil, Yongsan-gu, Seoul",www.heasanglobal.com
2019 하반기 대규모 수출상담회(BKF),aT센터,2019,10,23,Daekwang F&G,"김치, 농산물저장가공",1990,"1530-2, Seobu-ro, Juchon-myeon, Gimhae-si, Gyeongsangnamdo, Korea",www.dkfng.com
2019 하반기 대규모 수출상담회(BKF),aT센터,2019,10,23,"DA JUNG CO., LTD.",식품제조업,1980,"28, Yeongil-ro 97 Beon-gil, Yeongjung-myeon, Pocheon-si, Gyeonggi-do, Korea 487884",www.damizle.com
2019 하반기 대규모 수출상담회(BKF),aT센터,2019,10,23,"SD Korea Co., Ltd","제조, 유통",2015,"70, Baksan-ro, Yuseong-gu, Daejeon",www.sd-korea.co.kr
2019 하반기 대규모 수출상담회(BKF),aT센터,2019,10,23,Agricultural corporation Baro Korea,식품제조가공업,2016,"14-94, Chilbongsan-ro 34beon-gil, Yangju-si, Gyeonggi-do, Republic of Korea",http://www.barokimchi.com
2019 하반기 대규모 수출상담회(BKF),aT센터,2019,10,23,OSONDOSON,"제조업,도매및소매업",2012,"16, Nagwon-dong-gil, Oseoseo-myeon, Sangju-si, Gyeongsangbuk-do South Korea",WWW.happybio114.com
2019 하반기 대규모 수출상담회(BKF),aT센터,2019,10,23,woorido,"차류가공업, 인삼식품제조업",2017,"1447, Pyeongchang-daero, Daehwa-myeon, Pyeongchang-gun, Gangwon-do",www.woorido.com
2019 하반기 대규모 수출상담회(BKF),aT센터,2019,10,23,woorido,"차류가공업, 인삼식품제조업",2017,"1447, Pyeongchang-daero, Daehwa-myeon, Pyeongchang-gun, Gangwon-do",www.woorido.com
2019 하반기 대규모 수출상담회(BKF),aT센터,2019,10,23,1-beonji apiary,양봉,2014,"23-4, Handeul-ro, Hamyang-eup, Hamyang-gun, Gyeongsangnam-do, Republic of Korea",
2019 하반기 대규모 수출상담회(BKF),aT센터,2019,10,23,"MONGGO FOODS CO., LTD.",장류 및 기타식품 등,1905,"18, Paryong-ro 371beon-gil, Uichang-gu, Changwon-si, Gyeongsangnam-do",www.monggofood.co.kr
2019 하반기 대규모 수출상담회(BKF),aT센터,2019,10,23,"JANGHEUNG FOOD CO.,LTD.","된장, 고추장, 간장, 청국장, 식량재배",2011,"49-19 GISAN-GIL, ANYANG-MYEON JANGHEUNG-GUN JEOLLANAMDO, KOREA",www.cjjfood.com
2019 하반기 대규모 수출상담회(BKF),aT센터,2019,10,23,"Seoul F&B Co.,Ltd","유가공, 식품가공",2005,,http://www.seoulfnb.com/
2019 하반기 대규모 수출상담회(BKF),aT센터,2019,10,23,"TRUE CORPORATION CO.,LTD.",상품종합 중개업,2018,"16-4, 16beon-gil, Dongbaekjungang-ro, Giheung-gu, Yongin-si, Gyeonggi-do, Republic of Korea",https://success20162018.modoo.at/
2019 하반기 대규모 수출상담회(BKF),aT센터,2019,10,23,Nature Farm Corp.,농산물유통판매,2010,,www.nfdry.com
2019 하반기 대규모 수출상담회(BKF),aT센터,2019,10,23,"Dnature Bio Labs Co., Ltd.","식음료수출, 기능성음료 연구개발",2016,"#B-801, Tera Tower 2, 201, Songpa-daero, Songpa-Gu, Seoul, S.Korea.",http://dnaturebiolabs.com/
2019 하반기 대규모 수출상담회(BKF),aT센터,2019,10,23,Link Bridge International,무역 등,2016,"122, Saechang-ro, Yongsan-gu, Seoul, Korea",
2019 하반기 대규모 수출상담회(BKF),aT센터,2019,10,23,"MONGGO FOODS CO., LTD.",장류 및 기타식품 등,1905,"18, Paryong-ro 371beon-gil, Uichang-gu, Changwon-si, Gyeongsangnam-do",www.monggofood.co.kr
2019 하반기 대규모 수출상담회(BKF),aT센터,2019,10,23,RAON CORPORATION CO.,"상품 종합 도매,중개업",210,"16-4 16beon gil, Dongbaekjungang-ro, Giheung-gu, Yongin-si, Gyeonggi-do, Republic of Korea",https://success20162018.modoo.at/
2019 하반기 대규모 수출상담회(BKF),aT센터,2019,10,23,KF TRADING,무역,2001,"642, Jungang heightsbill, 754. Janghang, Dongku,Ilsan,/kyunggido",
2019 하반기 대규모 수출상담회(BKF),aT센터,2019,10,23,"SD Korea Co., Ltd","제조, 유통",2015,"70, Baksan-ro, Yuseong-gu, Daejeon",www.sd-korea.co.kr
2019 하반기 대규모 수출상담회(BKF),aT센터,2019,10,23,"sandol foods co,. ltd","면류, 떡류, 소스류",2004,"1009-9, Seorak-ro, Hongcheon-eup, Hongcheon-gun, Gangwon-do",http://www.sandolfood.co.kr
2019 하반기 대규모 수출상담회(BKF),aT센터,2019,10,23,"Singram Food Co.,Ltd","절임식품(단무지, 쌈무, 우엉) 및 반찬류(무말랭이,양념깻잎,멸치볶음등)",1999,"15, Yeongsungongdan-gil, Yeongsun-myeon, Mungyeong-si, Gyeongsangbuk-do",www.singram.co.kr
2019 하반기 대규모 수출상담회(BKF),aT센터,2019,10,23,JANGMAEUL,"소스류, 장류",1998,"31, SHINHO-4GIL, CHODONG-MYEON, MIRYANG-SI, REPUBLIC OF KOREA",www.jangmaeul.com
2019 하반기 대규모 수출상담회(BKF),aT센터,2019,10,23,HEFS CO.,식품,2018,"51, Bokseong 15-gil, Yangmok-myeon, Chilgok-gun, Gyeongsangbuk-do",N
2019 하반기 대규모 수출상담회(BKF),aT센터,2019,10,23,"HEE CHANG TRADING CO., LTD.",농수축산물 가공 및 수출 판매,1980,"#146, CHUNGMU-DAERO, SEO-GU, BUSAN, KOREA",http://www.heechangtrade.com
2019 하반기 대규모 수출상담회(BKF),aT센터,2019,10,23,"Ilhwa co.,ltd.",제조,1972,"21, Sangil-ro 6-gil, Gangdong-gu, Seoul",www.ilhwa.co.kr
2019 하반기 대규모 수출상담회(BKF),aT센터,2019,10,23,KF TRADING,무역,2001,"642, Jungang heightsbill, 754. Janghang, Dongku,Ilsan,/kyunggido",
2019 하반기 대규모 수출상담회(BKF),aT센터,2019,10,23,"TRUE CORPORATION CO.,LTD.",상품종합 중개업,2018,"16-4, 16beon-gil, Dongbaekjungang-ro, Giheung-gu, Yongin-si, Gyeonggi-do, Republic of Korea",https://success20162018.modoo.at/
2019 하반기 대규모 수출상담회(BKF),aT센터,2019,10,23,"Namyang Dairy Products Co., Ltd","낙농품, 음료",1964,"240, Dosan-daero, Gangnam-gu, Seoul",http://company.namyangi.com/
2019 하반기 대규모 수출상담회(BKF),aT센터,2019,10,23,"UNIONE Co.,Ltd.",도매 및 상품중개업,2016,"#504, 20-38, MUGUNGHWA-RO, ILSAN DONG-GU, GOYANG-SI, GYEONGGI-DO, REPUBLIC OF KOREA",www.unionekr.com
2019 하반기 대규모 수출상담회(BKF),aT센터,2019,10,23,GYEONG BUK CORPORATION,도소매,1994,"76-7 Hyunnae-gil, Jinryangeup, Gyeongsan, Gyeongbuk,korea",www.gbci.co.kr
2019 하반기 대규모 수출상담회(BKF),aT센터,2019,10,23,"Lotte Chilsung Beverage Co.,Ltd.","청량음료, 식품, 주류",1950,,https://company.lottechilsung.co.kr/eng/main/index.do
2019 하반기 대규모 수출상담회(BKF),aT센터,2019,10,23,Quali Korea Corp.,"수출입업무,수출대행업,오퍼",2005,"905, 52 Achasan-ro 15gil, seongdong-gu, Seoul, Rep. of Korea",www.QKCfamily.com
2019 하반기 대규모 수출상담회(BKF),aT센터,2019,10,23,"HEE CHANG TRADING CO., LTD.",농수축산물 가공 및 수출 판매,1980,"#146, CHUNGMU-DAERO, SEO-GU, BUSAN, KOREA",http://www.heechangtrade.com
2019 하반기 대규모 수출상담회(BKF),aT센터,2019,10,23,"JK Food Co.,Ltd","조미김, 자반김, 수산물",2006,"4-37 Gwangnaman-Ro, Gwangju-Si, Gyeonggi-Do, KOREA.",www.jkfood.kr
2019 하반기 대규모 수출상담회(BKF),aT센터,2019,10,23,"JK Food Co.,Ltd","조미김, 자반김, 수산물",2006,"4-37 Gwangnaman-Ro, Gwangju-Si, Gyeonggi-Do, KOREA.",www.jkfood.kr
2019 하반기 대규모 수출상담회(BKF),aT센터,2019,10,23,"agri-coop tomato co.,ltd","식품제조가공, 유통",2014,"219, Baeunian-gil, Jeokseong-myeon, Paju-si, Gyeonggi-do,Korea",www.wellgreen.biz
2019 하반기 대규모 수출상담회(BKF),aT센터,2019,10,23,"DaeDoFood Co.,Ltd","과자류, 면류",2000,Chungbuk Okcheon-gun Okcheon-eup Yangsuro6-gil 72-24,Y
2019 하반기 대규모 수출상담회(BKF),aT센터,2019,10,23,"Nakchun Co., Ltd","탁주, 음료, 식초",2010,"73, Gongdan 2-ro, Donghae-si, Gangwon-do, 25799, Korea",nakchun.co.kr
2019 하반기 대규모 수출상담회(BKF),aT센터,2019,10,23,"YEJUFOOD CO.,LTD",한과,2013,"16,Doma 8-gil, Seo-gu, Daejeon, 35331 Repubilc of KOREA",www.yejufood.kr
2019 하반기 대규모 수출상담회(BKF),aT센터,2019,10,23,HANVIT FOOD CORP.,"과자, 곡류가공품, 무역업",2008,"106, Naeyu-gil, Deogyang-gu, Goyang-si, Gyeonggi-do, Republic of Korea",WWW.THEBASSK.COM
2019 하반기 대규모 수출상담회(BKF),aT센터,2019,10,23,recyclebean,시설재배업,2018,"43-8, Bambachirwon-gil, Ujeong-eup, Hwaseong-si, Gyeonggi-do, Republic of Korea",www.recyclebean.co.kr
2019 하반기 대규모 수출상담회(BKF),aT센터,2019,10,23,Mnfkorea Inc,기타식품제조가공,2010,"89,2000beon-gil,Singha-ro,Chahwang-myeon,",http://www.mnfkorea.kr
2019 하반기 대규모 수출상담회(BKF),aT센터,2019,10,23,H&P INTERNATIONAL,도소매 무역,2011,,www.hnpinternational.com
2019 하반기 대규모 수출상담회(BKF),aT센터,2019,10,23,"Hapcheon Medical Herbs co.,ltd","제조업, 도, 소매업",1996,"16, Naegok-gil, Hapcheon-eup, Hapcheon-gun, Gyeongsangnam-do",www.sangrime.com
2019 하반기 대규모 수출상담회(BKF),aT센터,2019,10,23,"Nokchawon Co., Ltd.","무역, 다류식품",1992,"84, Seocho-daero 4-gil, Seocho-gu, Seoul",www.nokchawon.co.kr
2019 하반기 대규모 수출상담회(BKF),aT센터,2019,10,23,"SAVIA INT'L CO.,LTD.",수출/제조,2010,"W1417, hansinInterValley24, 322, Teheran-ro, Gangnam-gu, Seoul, Republic of Korea",www.saviaintl.com
2019 하반기 대규모 수출상담회(BKF),aT센터,2019,10,23,"DA JUNG CO., LTD.",식품제조업,1980,"28, Yeongil-ro 97 Beon-gil, Yeongjung-myeon, Pocheon-si, Gyeonggi-do, Korea 487884",www.damizle.com
2019 하반기 대규모 수출상담회(BKF),aT센터,2019,10,23,"MONGGO FOODS CO., LTD.",장류 및 기타식품 등,1905,"18, Paryong-ro 371beon-gil, Uichang-gu, Changwon-si, Gyeongsangnam-do",www.monggofood.co.kr
2019 하반기 대규모 수출상담회(BKF),aT센터,2019,10,23,"Dnature Bio Labs Co., Ltd.","식음료수출, 기능성음료 연구개발",2016,"#B-801, Tera Tower 2, 201, Songpa-daero, Songpa-Gu, Seoul, S.Korea.",http://dnaturebiolabs.com/
2019 하반기 대규모 수출상담회(BKF),aT센터,2019,10,23,Woongjin Food,인삼제품 및 음료외,1976,"KTIS Sungin Bldg, 390, Jong-ro, Jongno-gu, Seoul, 03115 Korea",www.wjfood.com
2019 하반기 대규모 수출상담회(BKF),aT센터,2019,10,23,Hankook Tea Co.,차류,1951,106-1 Uijaero Donggu Gwangju city.Korea,www.hankooktea.co.kr
2019 하반기 대규모 수출상담회(BKF),aT센터,2019,10,23,SAMJIN GLOBALNET,"무역업, 임대",1970,"562, Samseong-ro, Gangnam-gu, Seoul, Republic of Korea",N
2019 하반기 대규모 수출상담회(BKF),aT센터,2019,10,23,"HANSUNG FOOD CO ., LTD","제조, 도소매, 무역",1986,"9-10, Ojeong-ro 134 Beon-gil, Ojeong-gu, Bucheon-si, Gyeonggi-do, KOREA",www.hskimchi.co.kr
2019 하반기 대규모 수출상담회(BKF),aT센터,2019,10,23,"Singram Food Co.,Ltd","절임식품(단무지, 쌈무, 우엉) 및 반찬류(무말랭이,양념깻잎,멸치볶음등)",1999,"15, Yeongsungongdan-gil, Yeongsun-myeon, Mungyeong-si, Gyeongsangbuk-do",www.singram.co.kr
2019 하반기 대규모 수출상담회(BKF),aT센터,2019,10,23,SUNNYVILLE CO,"통조림, 농산물 외",1996,"232, Ime-gil, Yangchon-myeon, Nonsan-si, Chungcheongnam-do, Korea",
2019 하반기 대규모 수출상담회(BKF),aT센터,2019,10,23,FOOD ARENA,식품무역,2012,"Gaon B/D 3F, 1, Nonhyeon-ro 30-gil, Gangnam-gu, Seoul",http://www.fd-arena.co.kr/
2019 하반기 대규모 수출상담회(BKF),aT센터,2019,10,23,mantrading,제조업,2012,"50, Gaepo-ro 110-gil, Gangnam-gu, Seoul",www.matrading.co.kr
2019 하반기 대규모 수출상담회(BKF),aT센터,2019,10,23,"All-right Agricultural Co.,Ltd","제조, 도소매",2019,"24-13, Jukjeon-gil, Pungsan-eup, Andong-si, Gyeongsangbuk-do, Korea",deagafarm.com
2019 하반기 대규모 수출상담회(BKF),aT센터,2019,10,23,Daeheung,"농임산물가공,농임산물",2008,"180 Daebu-gil, Jillyang-eup, Gyengsan-si, Gyesang-buk-do, korea",www.alalri.co.kr
2019 하반기 대규모 수출상담회(BKF),aT센터,2019,10,23,IKG KOREA CO.,무역,2011,"F718, Centumbiz, 45 Jojeong-daero, Hanam-si, Gyeonggi-do, Korea",www.ikgkorea.com
2019 하반기 대규모 수출상담회(BKF),aT센터,2019,10,23,Nature Farm Corp.,농산물유통판매,2010,,www.nfdry.com
2019 하반기 대규모 수출상담회(BKF),aT센터,2019,10,23,"Nokchawon Co., Ltd.","무역, 다류식품",1992,"84, Seocho-daero 4-gil, Seocho-gu, Seoul",www.nokchawon.co.kr
2019 하반기 대규모 수출상담회(BKF),aT센터,2019,10,23,HEFS CO.,식품,2018,"51, Bokseong 15-gil, Yangmok-myeon, Chilgok-gun, Gyeongsangbuk-do",N
2019 하반기 대규모 수출상담회(BKF),aT센터,2019,10,23,SLGOL NONGJANG,농산물,2007,"838,Jirisan-daero,Sicheon-myeon,Sancheong-Gyeongsagnam-do",www.지리산의입맞춤.com
2019 하반기 대규모 수출상담회(BKF),aT센터,2019,10,23,SPC GFS,수출입업,2014,"13, Dunchon-daero 457beon-gil, Jungwon-gu, Seongnam-si, Gyeonggi-do",WWW.SPCGFS.CO.KR
2019 하반기 대규모 수출상담회(BKF),aT센터,2019,10,23,"DA JUNG CO., LTD.",식품제조업,1980,"28, Yeongil-ro 97 Beon-gil, Yeongjung-myeon, Pocheon-si, Gyeonggi-do, Korea 487884",www.damizle.com
2019 하반기 대규모 수출상담회(BKF),aT센터,2019,10,23,"Dnature Bio Labs Co., Ltd.","식음료수출, 기능성음료 연구개발",2016,"#B-801, Tera Tower 2, 201, Songpa-daero, Songpa-Gu, Seoul, S.Korea.",http://dnaturebiolabs.com/
2019 하반기 대규모 수출상담회(BKF),aT센터,2019,10,23,"IDO. Co.,Ltd","농업, 제조업",2007,,"www.idotea.kr,www.korean-t.com"
2019 하반기 대규모 수출상담회(BKF),aT센터,2019,10,23,"Ilhwa co.,ltd.",제조,1972,"21, Sangil-ro 6-gil, Gangdong-gu, Seoul",www.ilhwa.co.kr
2019 하반기 대규모 수출상담회(BKF),aT센터,2019,10,23,backchabio,도매 및 소매업,2019,"The first floor of 1629 Mecamart west of Juchon-myeon, Gimhae, Gyeongsangnam-do",https://smartstore.naver.com/qorck0451
2019 하반기 대규모 수출상담회(BKF),aT센터,2019,10,23,dafina,잼,2018,"18, Seokchonhosu-ro 18-gil, Songpa-gu, Seoul, Republic of Korea",www.dafina.co.kr
2019 하반기 대규모 수출상담회(BKF),aT센터,2019,10,23,"Good morning Korea CO.,LTD","무역업,농산물유통,판매",2009,"3F, 604, Cheonho-daero, Gwangjin-gu, Seoul, KOREA",https://www.gmkfresh.com/
2019 하반기 대규모 수출상담회(BKF),aT센터,2019,10,23,SAMJIN GLOBALNET,"무역업, 임대",1970,"562, Samseong-ro, Gangnam-gu, Seoul, Republic of Korea",N
2019 하반기 대규모 수출상담회(BKF),aT센터,2019,10,23,Wellbeing Farm Co.,과채가공품 외,2013,"27, Donggal-gil, Ayeong-myeon, Namwon-si, Jeollabuk-do",www.jirisanproduce.com
2019 하반기 대규모 수출상담회(BKF),aT센터,2019,10,23,"Freshis. Co., Ltd",무역업,2014,"507, Building No.3, 21, Jungang-ro 14-gil, Jeju-si,Jeju Special Self-Governing Province, Republic of Korea, 63169",http://www.freshisland.co.kr/
2019 하반기 대규모 수출상담회(BKF),aT센터,2019,10,23,"YOUNGWON TRADE CO.,LTD",수출업,2007,"270, Seongbok 2-ro, Suji-gu, Yongin-si, Gyeonggi-do, Republic of Korea",www.youngowon-trade.com
2019 하반기 대규모 수출상담회(BKF),aT센터,2019,10,23,"Hwayo co., ltd",증류식 소주,2003,"848, Gyeongchung-daero, Ganam-eup, Yeoju-si, Gyeonggi-do",www.hwayo.com
2019 하반기 대규모 수출상담회(BKF),aT센터,2019,10,23,Quali Korea Corp.,"수출입업무,수출대행업,오퍼",2005,"905, 52 Achasan-ro 15gil, seongdong-gu, Seoul, Rep. of Korea",www.QKCfamily.com
2019 하반기 대규모 수출상담회(BKF),aT센터,2019,10,23,"HANGILWELLBIO CO.,LTD.",작물,2011,"35, Wolgok 2-gil, Cheongdo-eup, Cheongdo-gun, Gyeongsangbuk-do, Republic of Korea",www.gumaguma.co.kr
2019 하반기 대규모 수출상담회(BKF),aT센터,2019,10,23,PCC Corporation,작물재배업 제조업(식품 화장품),2016,"61-61, Surijae-gil, Mitan-myeon, Pyeongchang-gun, Gangwon-do, Republic of Korea",N
2019 하반기 대규모 수출상담회(BKF),aT센터,2019,10,23,RAON CORPORATION CO.,"상품 종합 도매,중개업",210,"16-4 16beon gil, Dongbaekjungang-ro, Giheung-gu, Yongin-si, Gyeonggi-do, Republic of Korea",https://success20162018.modoo.at/
2019 하반기 대규모 수출상담회(BKF),aT센터,2019,10,23,GRC Corp.,제조업,2014,"199, Gaya-ro, Gimhae-si, Gyeongsangnam-do",http://www.goodricecake.com
2019 하반기 대규모 수출상담회(BKF),aT센터,2019,10,23,Nature Farm Corp.,농산물유통판매,2010,,www.nfdry.com
2019 하반기 대규모 수출상담회(BKF),aT센터,2019,10,23,Quali Korea Corp.,"수출입업무,수출대행업,오퍼",2005,"905, 52 Achasan-ro 15gil, seongdong-gu, Seoul, Rep. of Korea",www.QKCfamily.com
2019 하반기 대규모 수출상담회(BKF),aT센터,2019,10,23,Daeheung,"농임산물가공,농임산물",2008,"180 Daebu-gil, Jillyang-eup, Gyengsan-si, Gyesang-buk-do, korea",www.alalri.co.kr
2019 하반기 대규모 수출상담회(BKF),aT센터,2019,10,23,N&B FOOD,견과류 가공업,2018,"658, Ssangbong-ro, Ujeong-eup, Hwaseong-si, Gyeonggi-do",https://smartstore.naver.com/nnbfood
2019 하반기 대규모 수출상담회(BKF),aT센터,2019,10,23,HANVIT FOOD CORP.,"과자, 곡류가공품, 무역업",2008,"106, Naeyu-gil, Deogyang-gu, Goyang-si, Gyeonggi-do, Republic of Korea",WWW.THEBASSK.COM
2019 하반기 대규모 수출상담회(BKF),aT센터,2019,10,23,Mnfkorea Inc,기타식품제조가공,2010,"89,2000beon-gil,Singha-ro,Chahwang-myeon,",http://www.mnfkorea.kr
2019 하반기 대규모 수출상담회(BKF),aT센터,2019,10,23,"jelzonfood co.,ltd.",도매,2007,,N
2019 하반기 대규모 수출상담회(BKF),aT센터,2019,10,23,"SERIM HYUNMI CO., LTD.",식물성유지,2003,"24, Gongdan 1-gil, Jeongeup-si, Jeollabuk-do, 56154, Republic of Korea",www.serim.kr
2019 하반기 대규모 수출상담회(BKF),aT센터,2019,10,23,Marineseed Korea,수출업체,2015,"27, Bucheon-ro 136beon-gil, Bucheon-si, Gyeonggi-do",www.marineseed.com
2019 하반기 대규모 수출상담회(BKF),aT센터,2019,10,23,"Chamjayeon.Co.,Ltd.",제조업,2011,"136, Jiksan-ro, Jiksan-eup, Seobuk-gu, Cheonan-si, Chungcheongnam-do",http://www.bbstory.co.kr
2019 하반기 대규모 수출상담회(BKF),aT센터,2019,10,23,Miryang coffeewill co.LTD.,커피가공업,2018,"672-19 Out of the Mountain on the Outside of the Mountain in Miryang, Gyeongsangnam-do",www.coffeewill.co.kr
2019 하반기 대규모 수출상담회(BKF),aT센터,2019,10,23,"mcfoodise CO.,LTD","제조업,도매,기술서비스업",2018,"4, Guksecheong-ro, Sejong-si, Republic of Korea",https://sweetbene.com
2019 하반기 대규모 수출상담회(BKF),aT센터,2019,10,23,SINSEON EORAM,제조업,2016,"124, Baekgogae-gil, Gonjiam-eup, Gwangju-si, Gyeonggi-do",www.sinseonfood.com
2019 하반기 대규모 수출상담회(BKF),aT센터,2019,10,23,"KOREA NATURAL FOOD CO.,LTD",제조업,1987,,www.dooraeone.com
2019 하반기 대규모 수출상담회(BKF),aT센터,2019,10,23,HARIM CORPORATION,축산,2011,Harim Corporation,harim.com
2019 하반기 대규모 수출상담회(BKF),aT센터,2019,10,23,Korean pears cooperative union,농업,2012,"218, Dusan-gil, Munsan-eup, Jinju-si, Gyeongsangnam-do",N
2019 하반기 대규모 수출상담회(BKF),aT센터,2019,10,23,GYEONG NAM TRADING INC,"무역 도소매, 중개업, 전시박람회",1994,"224-153, Haean-daero, Masanhappo-gu, Changwon-si, Gyeongsangnam-do",www.gnti.co.kr
2019 하반기 대규모 수출상담회(BKF),aT센터,2019,10,23,N&B FOOD,견과류 가공업,2018,"658, Ssangbong-ro, Ujeong-eup, Hwaseong-si, Gyeonggi-do",https://smartstore.naver.com/nnbfood
2019 하반기 대규모 수출상담회(BKF),aT센터,2019,10,23,"jelzonfood co.,ltd.",도매,2007,,N
2019 하반기 대규모 수출상담회(BKF),aT센터,2019,10,23,Quali Korea Corp.,"수출입업무,수출대행업,오퍼",2005,"905, 52 Achasan-ro 15gil, seongdong-gu, Seoul, Rep. of Korea",www.QKCfamily.com
2019 하반기 대규모 수출상담회(BKF),aT센터,2019,10,23,"Namyang Dairy Products Co., Ltd","낙농품, 음료",1964,"240, Dosan-daero, Gangnam-gu, Seoul",http://company.namyangi.com/
2019 하반기 대규모 수출상담회(BKF),aT센터,2019,10,23,Agricultural corporation Baro Korea,식품제조가공업,2016,"14-94, Chilbongsan-ro 34beon-gil, Yangju-si, Gyeonggi-do, Republic of Korea",http://www.barokimchi.com
2019 하반기 대규모 수출상담회(BKF),aT센터,2019,10,23,SAMJIN GLOBALNET,"무역업, 임대",1970,"562, Samseong-ro, Gangnam-gu, Seoul, Republic of Korea",N
2019 하반기 대규모 수출상담회(BKF),aT센터,2019,10,23,"G.EAST. CO., LTD.","식품 제조, 수출입, 유통",2008,"A-13F, 247, Gonghangdae-ro, Gangseo-gu, Seoul, Korea",www.geast.co.kr
2019 하반기 대규모 수출상담회(BKF),aT센터,2019,10,23,"Freshis. Co., Ltd",무역업,2014,"507, Building No.3, 21, Jungang-ro 14-gil, Jeju-si,Jeju Special Self-Governing Province, Republic of Korea, 63169",http://www.freshisland.co.kr/
2019 하반기 대규모 수출상담회(BKF),aT센터,2019,10,23,"KOREA NATURAL FOOD CO.,LTD",제조업,1987,,www.dooraeone.com
2019 하반기 대규모 수출상담회(BKF),aT센터,2019,10,23,"Good morning Korea CO.,LTD","무역업,농산물유통,판매",2009,"3F, 604, Cheonho-daero, Gwangjin-gu, Seoul, KOREA",https://www.gmkfresh.com/
2019 하반기 대규모 수출상담회(BKF),aT센터,2019,10,23,"Dairyzen Co.,Ltd.",제조업,1999,"170, Munmakgongdan-gil, Wonju-si, Gangwon-do, KOREA",www.dairyzen.co.kr
2019 하반기 대규모 수출상담회(BKF),aT센터,2019,10,23,"JJF CO.,LTD",수출입무역,2000,"222-2 Wolgak-ro, Hallim-eup,Jeju-si,Jeju-do,Republic of Korea",www.jjfkorea.co.kr
2019 하반기 대규모 수출상담회(BKF),aT센터,2019,10,23,kyeongseong Oak Mushroom.Farm,임산물생산,2007,"#56, Songgye 3Gil, Suryun-Myeon, Seonju-Gun, Gyeongsangbuk-Do, South Korea",www.mushkim.co.kr
2019 하반기 대규모 수출상담회(BKF),aT센터,2019,10,23,"DONGSEO NONGSAN CO, LTD",무역,2005,"Rm.807, Cylux East Bldg., 295, Gwangpyeong-ro, Gangnam-gu, Seoul",N
2019 하반기 대규모 수출상담회(BKF),aT센터,2019,10,23,"Good morning Korea CO.,LTD","무역업,농산물유통,판매",2009,"3F, 604, Cheonho-daero, Gwangjin-gu, Seoul, KOREA",https://www.gmkfresh.com/
2019 하반기 대규모 수출상담회(BKF),aT센터,2019,10,23,"ASER FOOD Co., Ltd",식품수출입,2004,"130, Beodae-gil, Sangnok-gu, Ansan-si, Gyeonggi-do",www.aser.co.kr
2019 하반기 대규모 수출상담회(BKF),aT센터,2019,10,23,LEE'S MARKETING INC.,"무역,농수산물외",2007,"508-33 Seolga-ro Seolseong-myeon, icheon-si, Gyeonggi-do",www.wellplus.co.kr
2019 하반기 대규모 수출상담회(BKF),aT센터,2019,10,23,"WEDO CO., LTD.",수출 유통,2006,"932, Yangjae-daero, Songpa-gu, Seoul, Republic of Korea",www.wedofood.co.kr
2019 하반기 대규모 수출상담회(BKF),aT센터,2019,10,23,evergood corporation,"무역(농산물),농산물",1987,,ever-good.co.kr
2019 하반기 대규모 수출상담회(BKF),aT센터,2019,10,23,Woongjin Food,인삼제품 및 음료외,1976,"KTIS Sungin Bldg, 390, Jong-ro, Jongno-gu, Seoul, 03115 Korea",www.wjfood.com
2019 하반기 대규모 수출상담회(BKF),aT센터,2019,10,23,"UNIONE Co.,Ltd.",도매 및 상품중개업,2016,"#504, 20-38, MUGUNGHWA-RO, ILSAN DONG-GU, GOYANG-SI, GYEONGGI-DO, REPUBLIC OF KOREA",www.unionekr.com
2019 하반기 대규모 수출상담회(BKF),aT센터,2019,10,23,RAON CORPORATION CO.,"상품 종합 도매,중개업",210,"16-4 16beon gil, Dongbaekjungang-ro, Giheung-gu, Yongin-si, Gyeonggi-do, Republic of Korea",https://success20162018.modoo.at/
2019 하반기 대규모 수출상담회(BKF),aT센터,2019,10,23,"HAESER Products Co., Ltd.","수산물가공업,건강보조음료",2011,"79-13, Geumgwan-daero 804beon-gil, Gimhae-si, Gyeongsangnam-do, Republic of Korea",www.haeser-cnt.com
2019 하반기 대규모 수출상담회(BKF),aT센터,2019,10,23,HANMIRAE FOOD CO LTD,"도소매,제조업,무역",2014,"NO. 9-61, YEONGDONG-GIL, HAMCHANG-EUP, SANGJU CITY,GYEONGSANGBUK-DO, KOREA",hanmirae.co.kr
2019 하반기 대규모 수출상담회(BKF),aT센터,2019,10,23,"ASIAN FOOD SERVICE CO.,LTD","수출입업,무역업",2015,"Geumjeong Hiview 305, 153-8, LS-ro Gunpo-si, Gyeonggi-do, Republic of Korea (Zip:435-805)",www.asianfoods.co.kr
2019 하반기 대규모 수출상담회(BKF),aT센터,2019,10,23,Wellgreen,"식품, 음료",2008,"Chenwang building 201Ho / 748, Gyeongchung-daero, Gonjiam-eup, Gwangju-si, Gyeonggi-do, Republic of Korea",http://well-green.com/
2019 하반기 대규모 수출상담회(BKF),aT센터,2019,10,23,HAPPYTREE,무역,2012,"201, 21, Jangmun-ro 45-gil, Yongsan-gu, Seoul, KOREA",facebook.com/httrade
2019 하반기 대규모 수출상담회(BKF),aT센터,2019,10,23,LEE'S MARKETING INC.,"무역,농수산물외",2007,"508-33 Seolga-ro Seolseong-myeon, icheon-si, Gyeonggi-do",www.wellplus.co.kr
2019 하반기 대규모 수출상담회(BKF),aT센터,2019,10,23,FREUM,도소매,2011,"22, Wiryeseoil-ro, Sujeong-gu, Seongnam-si, Gyeonggi-do",
2019 하반기 대규모 수출상담회(BKF),aT센터,2019,10,23,"Sunshine Co.,LTD",농업,2001,"32, Arirang-ro, Sinbuk-myeon, Yeongam-gun, Jeollanam-do",www.gottkf.com
2019 하반기 대규모 수출상담회(BKF),aT센터,2019,10,23,"JJF CO.,LTD",수출입무역,2000,"222-2 Wolgak-ro, Hallim-eup,Jeju-si,Jeju-do,Republic of Korea",www.jjfkorea.co.kr
2019 하반기 대규모 수출상담회(BKF),aT센터,2019,10,23,EVERFARM AGRICULTURAL CORP.,농산물생산및유통,2015,"31, Yeondong-gil, Sinbuk-myeon, Yeongam-gun, Jeollanam-do",
2019 하반기 대규모 수출상담회(BKF),aT센터,2019,10,23,GYEONG NAM TRADING INC,"무역 도소매, 중개업, 전시박람회",1994,"224-153, Haean-daero, Masanhappo-gu, Changwon-si, Gyeongsangnam-do",www.gnti.co.kr
2019 하반기 대규모 수출상담회(BKF),aT센터,2019,10,23,"DADAM co.,Ltd",축산물가공외,2015,"186, 1gongdan-ro 10-gil, Gumi-si, Gyeongsangbuk-do",
2019 하반기 대규모 수출상담회(BKF),aT센터,2019,10,23,"DONGSEO NONGSAN CO, LTD",무역,2005,"Rm.807, Cylux East Bldg., 295, Gwangpyeong-ro, Gangnam-gu, Seoul",N
2019 하반기 대규모 수출상담회(BKF),aT센터,2019,10,23,SUNNYVILLE CO,"통조림, 농산물 외",1996,"232, Ime-gil, Yangchon-myeon, Nonsan-si, Chungcheongnam-do, Korea",
2019 하반기 대규모 수출상담회(BKF),aT센터,2019,10,23,"Sunshine Co.,LTD",농업,2001,"32, Arirang-ro, Sinbuk-myeon, Yeongam-gun, Jeollanam-do",www.gottkf.com
2019 하반기 대규모 수출상담회(BKF),aT센터,2019,10,23,Sangju Hansi Dried persimmon,제조업,2009,"51,Naengim-dong,Sangju-si Gyeongsang buk-do,742-070 Republic of Korea",www.hansi.kr
2019 하반기 대규모 수출상담회(BKF),aT센터,2019,10,23,"JJF CO.,LTD",수출입무역,2000,"222-2 Wolgak-ro, Hallim-eup,Jeju-si,Jeju-do,Republic of Korea",www.jjfkorea.co.kr
2019 하반기 대규모 수출상담회(BKF),aT센터,2019,10,23,Likus,무역업,2017,"No.11 4F 51, Yangjae-daero 113-gil, Gangdong-gu, Seoul, Korea",N
2019 하반기 대규모 수출상담회(BKF),aT센터,2019,10,23,"INFOTRADING CO.,LTD",무역(농수임축산),2012,"461-1  Geumpyeong-ro,Cheongan-myeon,Goesan-gun,Chungcheongbuk-do,Republic of Korea",N
2019 하반기 대규모 수출상담회(BKF),aT센터,2019,10,23,"ksfnb. Co., Ltd.",식품 제조업,2008,"23-14 hagan-ro, Yanggu-eup, Yanggu-gun, Gangwon-do, Korea",http://www.ksfnb.co.kr
2019 하반기 대규모 수출상담회(BKF),aT센터,2019,10,23,mdone,"식음료,무역,전자상거래",2012,605 aT CENTER 27 Gangnamdaero Seocho-gu Seoul Korea,N
2019 하반기 대규모 수출상담회(BKF),aT센터,2019,10,23,Marineseed Korea,수출업체,2015,"27, Bucheon-ro 136beon-gil, Bucheon-si, Gyeonggi-do",www.marineseed.com
2019 하반기 대규모 수출상담회(BKF),aT센터,2019,10,23,"VOLD International, Inc.","과자류, 디저트",2016,,
2019 하반기 대규모 수출상담회(BKF),aT센터,2019,10,23,"Mammos Confectionery Co.,Ltd.","생과자, 과자, 기타, 무역업",1985,"8, Dunchon-daero 526beon-gil, Jungwon-gu, Seongnam-si, Gyeonggi-do, Republic of Korea",www.mammos.co.kr
2019 하반기 대규모 수출상담회(BKF),aT센터,2019,10,23,Likus,무역업,2017,"No.11 4F 51, Yangjae-daero 113-gil, Gangdong-gu, Seoul, Korea",N
2019 하반기 대규모 수출상담회(BKF),aT센터,2019,10,23,backchabio,도매 및 소매업,2019,"The first floor of 1629 Mecamart west of Juchon-myeon, Gimhae, Gyeongsangnam-do",https://smartstore.naver.com/qorck0451
2019 하반기 대규모 수출상담회(BKF),aT센터,2019,10,23,HANVIT FOOD CORP.,"과자, 곡류가공품, 무역업",2008,"106, Naeyu-gil, Deogyang-gu, Goyang-si, Gyeonggi-do, Republic of Korea",WWW.THEBASSK.COM
2019 하반기 대규모 수출상담회(BKF),aT센터,2019,10,23,"YOUNGWON TRADE CO.,LTD",수출업,2007,"270, Seongbok 2-ro, Suji-gu, Yongin-si, Gyeonggi-do, Republic of Korea",www.youngowon-trade.com
2019 하반기 대규모 수출상담회(BKF),aT센터,2019,10,23,RAON CORPORATION CO.,"상품 종합 도매,중개업",2010,"16-4 16beon gil, Dongbaekjungang-ro, Giheung-gu, Yongin-si, Gyeonggi-do, Republic of Korea",https://success20162018.modoo.at/
2019 하반기 대규모 수출상담회(BKF),aT센터,2019,10,23,"IIKIM CO.,LTD.","김치,반찬류",2005,,http://www.iikim.co.kr
2019 하반기 대규모 수출상담회(BKF),aT센터,2019,10,23,"Singram Food Co.,Ltd","절임식품(단무지, 쌈무, 우엉) 및 반찬류(무말랭이,양념깻잎,멸치볶음등)",1999,"15, Yeongsungongdan-gil, Yeongsun-myeon, Mungyeong-si, Gyeongsangbuk-do",www.singram.co.kr
2019 하반기 대규모 수출상담회(BKF),aT센터,2019,10,23,"Dairyzen Co.,Ltd.",제조업,1999,"170, Munmakgongdan-gil, Wonju-si, Gangwon-do, KOREA",www.dairyzen.co.kr
2019 하반기 대규모 수출상담회(BKF),aT센터,2019,10,23,"nature&poeple.co,ltd.",제조,2001,"10, Geumseonggongdan-gil, Geumseong-myeon, Damyang-gun, Jeollanam-do, Republic of Korea",www.innp.co.kr
2019 하반기 대규모 수출상담회(BKF),aT센터,2019,10,23,seyeonfoods,유통 식품가공,2013,"14,techno jungang-daere 2 gil, yuga -eup, dalseong-gun, daegu, korea",seyon.eag.co.kr
2019 하반기 대규모 수출상담회(BKF),aT센터,2019,10,23,Wellbeing Farm Co.,과채가공품 외,2013,"27, Donggal-gil, Ayeong-myeon, Namwon-si, Jeollabuk-do",www.jirisanproduce.com
2019 하반기 대규모 수출상담회(BKF),aT센터,2019,10,23,"FoodBerry Co.,Ltd","식품류, 장류, 김치류, 음료, 차류",2015,1375 Gyeongdongro Andongsi Gyeongbuk,www.foodberry.co.kr
2019 하반기 대규모 수출상담회(BKF),aT센터,2019,10,23,Daekwang F&G,"김치, 농산물저장가공",1990,"1530-2, Seobu-ro, Juchon-myeon, Gimhae-si, Gyeongsangnamdo, Korea",www.dkfng.com
2019 하반기 대규모 수출상담회(BKF),aT센터,2019,10,23,"HANSUNG FOOD CO ., LTD","제조, 도소매, 무역",1986,"9-10, Ojeong-ro 134 Beon-gil, Ojeong-gu, Bucheon-si, Gyeonggi-do, KOREA",www.hskimchi.co.kr
2019 하반기 대규모 수출상담회(BKF),aT센터,2019,10,23,HANEUL NONGSAN AGRICULTURAL ASSOCIATION CORP.,김치,2010,"41, Wontong-ro 74beon-gil, Buk-myeon, Inje-gun, Gangwon-do, Republic of Korea 24621",www.hnfarm.kr
2019 하반기 대규모 수출상담회(BKF),aT센터,2019,10,23,"IIKIM CO.,LTD.","김치,반찬류",2005,,http://www.iikim.co.kr
2019 하반기 대규모 수출상담회(BKF),aT센터,2019,10,23,heasan,수출,2018,"200-9, UN village-gil, Yongsan-gu, Seoul",www.heasanglobal.com
2019 하반기 대규모 수출상담회(BKF),aT센터,2019,10,23,DUREBANG FOODS INC,제조업,1990,"2081-73, Sunam-ro, Geochang-eup,Geochang-gun, Gyeongsangnam-do",http://www.durebang.co.kr
2019 하반기 대규모 수출상담회(BKF),aT센터,2019,10,23,cowgold,식료품,2016,"152, Magokseo-ro, Gangseo-gu, Seoul",cowgold.co.kr
2019 하반기 대규모 수출상담회(BKF),aT센터,2019,10,23,"HEE CHANG TRADING CO., LTD.",농수축산물 가공 및 수출 판매,1980,"#146, CHUNGMU-DAERO, SEO-GU, BUSAN, KOREA",http://www.heechangtrade.com
2019 하반기 대규모 수출상담회(BKF),aT센터,2019,10,23,"I AND S KOREA CO., LTD",청과.야채 신선제품,2013,"No.2007,Mver418 B/D, Gyeongui-ro, Paju, Korea",
2019 하반기 대규모 수출상담회(BKF),aT센터,2019,10,23,LEE'S MARKETING INC.,"무역,농수산물외",2007,"508-33 Seolga-ro Seolseong-myeon, icheon-si, Gyeonggi-do",www.wellplus.co.kr
2019 하반기 대규모 수출상담회(BKF),aT센터,2019,10,23,"ASER FOOD Co., Ltd",식품수출입,2004,"130, Beodae-gil, Sangnok-gu, Ansan-si, Gyeonggi-do",www.aser.co.kr
2019 하반기 대규모 수출상담회(BKF),aT센터,2019,10,23,"Namyang Dairy Products Co., Ltd","낙농품, 음료",1964,"240, Dosan-daero, Gangnam-gu, Seoul",http://company.namyangi.com/
2019 하반기 대규모 수출상담회(BKF),aT센터,2019,10,23,"JK Food Co.,Ltd","조미김, 자반김, 수산물",2006,"4-37 Gwangnaman-Ro, Gwangju-Si, Gyeonggi-Do, KOREA.",www.jkfood.kr
2019 하반기 대규모 수출상담회(BKF),aT센터,2019,10,23,"TRUE CORPORATION CO.,LTD.",상품종합 중개업,2018,"16-4, 16beon-gil, Dongbaekjungang-ro, Giheung-gu, Yongin-si, Gyeonggi-do, Republic of Korea",https://success20162018.modoo.at/
2019 하반기 대규모 수출상담회(BKF),aT센터,2019,10,23,"sandol foods co,. ltd","면류, 떡류, 소스류",2004,"1009-9, Seorak-ro, Hongcheon-eup, Hongcheon-gun, Gangwon-do",http://www.sandolfood.co.kr
2019 하반기 대규모 수출상담회(BKF),aT센터,2019,10,23,HAPPYTREE,무역,2012,"201, 21, Jangmun-ro 45-gil, Yongsan-gu, Seoul, KOREA",facebook.com/httrade
2019 하반기 대규모 수출상담회(BKF),aT센터,2019,10,23,"ARAM Co.,Ltd.",식품 제조업,1999,"21, Daejeon-ro 1364beon-gil, Daedeok-gu, Daejeon, Republic of Korea",www.aramfood.co.kr
2019 하반기 대규모 수출상담회(BKF),aT센터,2019,10,23,"BIOPOLYTECH Co.,Ltd",기능식품연구개발,2004,"714, 134, Gongdan-ro, Heungdeok-gu, Cheongju-si, Chungcheongbuk-do, Korea",www.biopolytech.com
2019 하반기 대규모 수출상담회(BKF),aT센터,2019,10,23,"Nakchun Co., Ltd","탁주, 음료, 식초",2010,"73, Gongdan 2-ro, Donghae-si, Gangwon-do, 25799, Korea",nakchun.co.kr
2019 하반기 대규모 수출상담회(BKF),aT센터,2019,10,23,"Global Gangwon Trade Co.,Ltd.",도매 및 소매업,2014,"2315, Yeongseo-ro, Chuncheon-si, Gangwon-do",http://www.iggtmall.com
2019 하반기 대규모 수출상담회(BKF),aT센터,2019,10,23,"Hwayo co., ltd",증류식 소주,2003,"848, Gyeongchung-daero, Ganam-eup, Yeoju-si, Gyeonggi-do",www.hwayo.com
2019 하반기 대규모 수출상담회(BKF),aT센터,2019,10,23,"DAMTUH F&B CO., LTD",제조업 도소매,1983,"538-46, SEUNGJURO, SEUNGJU-EUP, SUNCHEON-SI, JEOLLANAM-DO, KOREA",http://www.damtuh.com
2019 하반기 대규모 수출상담회(BKF),aT센터,2019,10,23,"Nakchun Co., Ltd","탁주, 음료, 식초",2010,"73, Gongdan 2-ro, Donghae-si, Gangwon-do, 25799, Korea",nakchun.co.kr
2019 하반기 대규모 수출상담회(BKF),aT센터,2019,10,23,OSONDOSON,"제조업,도매및소매업",2012,"16, Nagwon-dong-gil, Oseoseo-myeon, Sangju-si, Gyeongsangbuk-do South Korea",WWW.happybio114.com
2019 하반기 대규모 수출상담회(BKF),aT센터,2019,10,23,MEDIOGEN,"조제건강식품, 기타, 식품, 연구개발업, 산업재산권중개및임차서비스업",2000,"#120, Biovalley 1-ro, Jecheon-si, Chungbuk, Korea",www.mediogen.co.kr
2019 하반기 대규모 수출상담회(BKF),aT센터,2019,10,23,sunbongfood,식품가공업,2013,"31, Geomdan-ro 93beon-gil, Seo-gu, Incheon, Korea",www.sunbong.net
2019 하반기 대규모 수출상담회(BKF),aT센터,2019,10,23,GYEONG BUK CORPORATION,도소매,1994,"76-7 Hyunnae-gil, Jinryangeup, Gyeongsan, Gyeongbuk,korea",www.gbci.co.kr
2019 하반기 대규모 수출상담회(BKF),aT센터,2019,10,23,GLO-LEE VIINCI CORP.,수출업,1999,"9th floor happyplus bldg., #471-2, Kumoh-dong, Uijeongbu-si, Kyunggi-do, Korea",koreafood16.com
2019 하반기 대규모 수출상담회(BKF),aT센터,2019,10,23,"INFOTRADING CO.,LTD",무역(농수임축산),2012,"461-1  Geumpyeong-ro,Cheongan-myeon,Goesan-gun,Chungcheongbuk-do,Republic of Korea",N
2019 하반기 대규모 수출상담회(BKF),aT센터,2019,10,23,GYEONG NAM TRADING INC,"무역 도소매, 중개업, 전시박람회",1994,"224-153, Haean-daero, Masanhappo-gu, Changwon-si, Gyeongsangnam-do",www.gnti.co.kr
2019 하반기 대규모 수출상담회(BKF),aT센터,2019,10,23,"Daedong Korea Ginseng Co.,Ltd",홍삼제품. 건강제품. 통신판매업,2002,"586 Gunbuk-Myeon, Gunbuk-Ro, Geumsan-Gun, ChungNam",http://www.hongsamgeon.co.kr
2019 하반기 대규모 수출상담회(BKF),aT센터,2019,10,23,Himchanmaru,제조업,2016,,https://powermaru.modoo.at/
2019 하반기 대규모 수출상담회(BKF),aT센터,2019,10,23,"DAEDOO FOODS CO., LTD",곡물앙금,1983,"23, SANGJANGGONWIT-GIL, SEOSU-MYEON, GUNSAN-CITY, JEONRABUGDO, KOREA",daedoofood.co.kr
2019 하반기 대규모 수출상담회(BKF),aT센터,2019,10,23,GYEONG BUK CORPORATION,도소매,1994,"76-7 Hyunnae-gil, Jinryangeup, Gyeongsan, Gyeongbuk,korea",www.gbci.co.kr
2019 하반기 대규모 수출상담회(BKF),aT센터,2019,10,23,"Ruiguan Korea Co., Ltd.",수출,2015,"11, Songhwa-ro, Paju-si, Gyeonggi-do, Korea",N
2019 하반기 대규모 수출상담회(BKF),aT센터,2019,10,23,R&G CORPORATION,"무역, 농수산물가공식품",1985,"347 Daewangpangyo-ro, Bundang-gu, Seongnam-si Gyeonggi-do",www.assifood.co.kr
2019 하반기 대규모 수출상담회(BKF),aT센터,2019,10,23,kyeongseong Oak Mushroom.Farm,임산물생산,2007,"#56, Songgye 3Gil, Suryun-Myeon, Seonju-Gun, Gyeongsangbuk-Do, South Korea",www.mushkim.co.kr
2019 하반기 대규모 수출상담회(BKF),aT센터,2019,10,23,jayounhyanggi,"식품제조, 도,소매",2012,"South Gyeongsang Province, Agyang-myeon,Hadong-gun, Gyeongsangnam-do, Akyang Dongro 248.",http://www.jayounmi.com
2019 하반기 대규모 수출상담회(BKF),aT센터,2019,10,23,Chang-Rak Farms,"무역업, 도매업, 창고업",1979,"857, Changnyeongjangma-ro, Changnyeong-eup, Changnyeong-gun, Gyeongsangnam-do, Korea",www.changrakfarms.kr
2019 하반기 대규모 수출상담회(BKF),aT센터,2019,10,23,"Namyang Dairy Products Co., Ltd","낙농품, 음료",1964,"240, Dosan-daero, Gangnam-gu, Seoul",http://company.namyangi.com/
2019 하반기 대규모 수출상담회(BKF),aT센터,2019,10,23,HEFS CO.,식품,2018,"51, Bokseong 15-gil, Yangmok-myeon, Chilgok-gun, Gyeongsangbuk-do",N
2019 하반기 대규모 수출상담회(BKF),aT센터,2019,10,23,"Singram Food Co.,Ltd","절임식품(단무지, 쌈무, 우엉) 및 반찬류(무말랭이,양념깻잎,멸치볶음등)",1999,"15, Yeongsungongdan-gil, Yeongsun-myeon, Mungyeong-si, Gyeongsangbuk-do",www.singram.co.kr
2019 하반기 대규모 수출상담회(BKF),aT센터,2019,10,23,"AJUMMA REPUBLIC CO.,LTD","도소매,서비스",2016,"294, Banghwa-daero, Gangseo-gu, Seoul",www.ajummarepublic.co.kr
2019 하반기 대규모 수출상담회(BKF),aT센터,2019,10,23,"Okra International co.,Ltd",수출입업,2014,"#1308, Private tower Ⅱ,171, Magokjungang-ro,Gangseo-gu, Seoul, Republic of Korea 07788",www.okraint.com
2019 하반기 대규모 수출상담회(BKF),aT센터,2019,10,23,cowgold,식료품,2016,"152, Magokseo-ro, Gangseo-gu, Seoul",cowgold.co.kr
2019 하반기 대규모 수출상담회(BKF),aT센터,2019,10,23,"AJUMMA REPUBLIC CO.,LTD","도소매,서비스",2016,"294, Banghwa-daero, Gangseo-gu, Seoul",www.ajummarepublic.co.kr
2019 하반기 대규모 수출상담회(BKF),aT센터,2019,10,23,JANGMAEUL,"소스류, 장류",1998,"31, SHINHO-4GIL, CHODONG-MYEON, MIRYANG-SI, REPUBLIC OF KOREA",www.jangmaeul.com
2019 하반기 대규모 수출상담회(BKF),aT센터,2019,10,23,"DAEDOO FOODS CO., LTD",곡물앙금,1983,"23, SANGJANGGONWIT-GIL, SEOSU-MYEON, GUNSAN-CITY, JEONRABUGDO, KOREA",daedoofood.co.kr
2019 하반기 대규모 수출상담회(BKF),aT센터,2019,10,23,"GREEN VIL CO., LTD.",무역,2009,"701, WORLDPLAZA-1 BUILDING,  40 TECHNOSANGEOP-RO, HYEONPOONG,   DALSEONG. DAEGU. KOREA",www.greenvil.co
2019 하반기 대규모 수출상담회(BKF),aT센터,2019,10,23,GYEONG NAM TRADING INC,"무역 도소매, 중개업, 전시박람회",1994,"224-153, Haean-daero, Masanhappo-gu, Changwon-si, Gyeongsangnam-do",www.gnti.co.kr
2019 하반기 대규모 수출상담회(BKF),aT센터,2019,10,23,EVERFARM AGRICULTURAL CORP.,농산물생산및유통,2015,"31, Yeondong-gil, Sinbuk-myeon, Yeongam-gun, Jeollanam-do",
2019 하반기 대규모 수출상담회(BKF),aT센터,2019,10,23,"Good morning Korea CO.,LTD","무역업,농산물유통,판매",2009,"3F, 604, Cheonho-daero, Gwangjin-gu, Seoul, KOREA",https://www.gmkfresh.com/
2019 하반기 대규모 수출상담회(BKF),aT센터,2019,10,23,Shinnong,"제조, 도소매",2019,"83, Sejong-daero, Jung-gu, Seoul, Republic of Korea 04514",www.k-shinnong.co.kr
2019 하반기 대규모 수출상담회(BKF),aT센터,2019,10,23,Hanbando Inc.,"농산물 대추 가공품, 사과대추, 복숭아",2017,"11, Gaya-ro 66-gil, Jillyang-eup, Gyeongsan-si, Gyeongsangbuk-do, Republic of Korea",https://hanbandokr.com
2019 하반기 대규모 수출상담회(BKF),aT센터,2019,10,23,"WEDO CO., LTD.",수출 유통,2006,"932, Yangjae-daero, Songpa-gu, Seoul, Republic of Korea",www.wedofood.co.kr
2019 하반기 대규모 수출상담회(BKF),aT센터,2019,10,23,"ASER FOOD Co., Ltd",식품수출입,2004,"130, Beodae-gil, Sangnok-gu, Ansan-si, Gyeonggi-do",www.aser.co.kr
2019 하반기 대규모 수출상담회(BKF),aT센터,2019,10,23,"All-right Agricultural Co.,Ltd","제조, 도소매",2019,"24-13, Jukjeon-gil, Pungsan-eup, Andong-si, Gyeongsangbuk-do, Korea",deagafarm.com
2019 하반기 대규모 수출상담회(BKF),aT센터,2019,10,23,"BIOARA Co., Ltd.",기타 가공식품 도매업,2015,"3th 304, 37, Seongsui-ro 22-gil, Seongdong-gu, Seoul, Korea",www.bioara.com
2019 하반기 대규모 수출상담회(BKF),aT센터,2019,10,23,Quali Korea Corp.,"수출입업무,수출대행업,오퍼",2005,"905, 52 Achasan-ro 15gil, seongdong-gu, Seoul, Rep. of Korea",www.QKCfamily.com
2019 하반기 대규모 수출상담회(BKF),aT센터,2019,10,23,MEDIOGEN,"조제건강식품, 기타, 식품, 연구개발업, 산업재산권중개및임차서비스업",2000,"#120, Biovalley 1-ro, Jecheon-si, Chungbuk, Korea",www.mediogen.co.kr
2019 하반기 대규모 수출상담회(BKF),aT센터,2019,10,23,"HEE CHANG TRADING CO., LTD.",농수축산물 가공 및 수출 판매,1980,"#146, CHUNGMU-DAERO, SEO-GU, BUSAN, KOREA",http://www.heechangtrade.com
2019 하반기 대규모 수출상담회(BKF),aT센터,2019,10,23,R&G CORPORATION,"무역, 농수산물가공식품",1985,"347 Daewangpangyo-ro, Bundang-gu, Seongnam-si Gyeonggi-do",www.assifood.co.kr
2019 하반기 대규모 수출상담회(BKF),aT센터,2019,10,23,GLO-LEE VIINCI CORP.,수출업,1999,"9th floor happyplus bldg., #471-2, Kumoh-dong, Uijeongbu-si, Kyunggi-do, Korea",koreafood16.com
2019 하반기 대규모 수출상담회(BKF),aT센터,2019,10,23,Marineseed Korea,수출업체,2015,"27, Bucheon-ro 136beon-gil, Bucheon-si, Gyeonggi-do",www.marineseed.com
2019 하반기 대규모 수출상담회(BKF),aT센터,2019,10,23,seyeonfoods,유통 식품가공,2013,"14,techno jungang-daere 2 gil, yuga -eup, dalseong-gun, daegu, korea",seyon.eag.co.kr
2019 하반기 대규모 수출상담회(BKF),aT센터,2019,10,23,"Hwayo co., ltd",증류식 소주,2003,"848, Gyeongchung-daero, Ganam-eup, Yeoju-si, Gyeonggi-do",www.hwayo.com
2019 하반기 대규모 수출상담회(BKF),aT센터,2019,10,23,RAON CORPORATION CO.,"상품 종합 도매,중개업",2010,"16-4 16beon gil, Dongbaekjungang-ro, Giheung-gu, Yongin-si, Gyeonggi-do, Republic of Korea",https://success20162018.modoo.at/
2019 하반기 대규모 수출상담회(BKF),aT센터,2019,10,23,"Nakchun Co., Ltd","탁주, 음료, 식초",2010,"73, Gongdan 2-ro, Donghae-si, Gangwon-do, 25799, Korea",nakchun.co.kr
2019 하반기 대규모 수출상담회(BKF),aT센터,2019,10,23,"sandol foods co,. ltd","면류, 떡류, 소스류",2004,"1009-9, Seorak-ro, Hongcheon-eup, Hongcheon-gun, Gangwon-do",http://www.sandolfood.co.kr
2019 하반기 대규모 수출상담회(BKF),aT센터,2019,10,23,"BIOARA Co., Ltd.",기타 가공식품 도매업,2015,"3th 304, 37, Seongsui-ro 22-gil, Seongdong-gu, Seoul, Korea",www.bioara.com
2019 하반기 대규모 수출상담회(BKF),aT센터,2019,10,23,"SAONGWON CO.,LTD","냉동식품,수출업",1995,"76-17, Hansam-ro 153beon-gil, Daeso-myeon, Eumseong-gun, Chungcheongbuk-do, Republic of Korea",www.saongwon.com
2019 하반기 대규모 수출상담회(BKF),aT센터,2019,10,23,"ASIAN FOOD SERVICE CO.,LTD","수출입업,무역업",2015,"Geumjeong Hiview 305, 153-8, LS-ro Gunpo-si, Gyeonggi-do, Republic of Korea (Zip:435-805)",www.asianfoods.co.kr
2019 하반기 대규모 수출상담회(BKF),aT센터,2019,10,23,"TRUE CORPORATION CO.,LTD.",상품종합 중개업,2018,"16-4, 16beon-gil, Dongbaekjungang-ro, Giheung-gu, Yongin-si, Gyeonggi-do, Republic of Korea",https://success20162018.modoo.at/
2019 하반기 대규모 수출상담회(BKF),aT센터,2019,10,23,MoonGyeong Omija Valley Co.,제조및 생산,2009,,www.omijamall.co.kr
2019 하반기 대규모 수출상담회(BKF),aT센터,2019,10,23,DOTORI agricultural company,농업,2016,"312, Udeuraendeu-gil, Anyang-myeon, Jangheung-gun, Jeollanam-do",http://www.dotorifarm.com/
2019 하반기 대규모 수출상담회(BKF),aT센터,2019,10,23,Woongjin Food,인삼제품 및 음료외,1976,"KTIS Sungin Bldg, 390, Jong-ro, Jongno-gu, Seoul, 03115 Korea",www.wjfood.com
2019 하반기 대규모 수출상담회(BKF),aT센터,2019,10,23,"FoodBerry Co.,Ltd","식품류, 장류, 김치류, 음료, 차류",2015,1375 Gyeongdongro Andongsi Gyeongbuk,www.foodberry.co.kr
2019 하반기 대규모 수출상담회(BKF),aT센터,2019,10,23,Woongjin Food,인삼제품 및 음료외,1976,"KTIS Sungin Bldg, 390, Jong-ro, Jongno-gu, Seoul, 03115 Korea",www.wjfood.com
2019 하반기 대규모 수출상담회(BKF),aT센터,2019,10,23,SPC GFS,"상품종합도매업,수출입업",2014,"2620, Nambusunhwan-ro, Seocho-gu, Seoul",https://www.spcgfs.co.kr/?am=main&Lang=en&
2019 하반기 대규모 수출상담회(BKF),aT센터,2019,10,23,Woongjin Food,인삼제품 및 음료외,1976,"KTIS Sungin Bldg, 390, Jong-ro, Jongno-gu, Seoul, 03115 Korea",www.wjfood.com
2019 하반기 대규모 수출상담회(BKF),aT센터,2019,10,23,"ChaSeo Studio Co., Ltd",무역업,2019,"44, Nonhyeon-ro 30-gil, Gangnam-gu, Seoul",
2019 하반기 대규모 수출상담회(BKF),aT센터,2019,10,23,"HEE CHANG TRADING CO., LTD.",농수축산물 가공 및 수출 판매,1980,"#146, CHUNGMU-DAERO, SEO-GU, BUSAN, KOREA",http://www.heechangtrade.com
2019 하반기 대규모 수출상담회(BKF),aT센터,2019,10,23,"IDO. Co.,Ltd","농업, 제조업",2007,,"www.idotea.kr,www.korean-t.com"
2019 하반기 대규모 수출상담회(BKF),aT센터,2019,10,23,Shinnong,"제조, 도소매",2019,"83, Sejong-daero, Jung-gu, Seoul, Republic of Korea 04514",www.k-shinnong.co.kr
2019 하반기 대규모 수출상담회(BKF),aT센터,2019,10,23,Himchanmaru,제조업,2016,,https://powermaru.modoo.at/
2019 하반기 대규모 수출상담회(BKF),aT센터,2019,10,23,mantrading,제조업,2012,"50, Gaepo-ro 110-gil, Gangnam-gu, Seoul",www.matrading.co.kr
2019 하반기 대규모 수출상담회(BKF),aT센터,2019,10,23,"sandol foods co,. ltd","면류, 떡류, 소스류",2004,"1009-9, Seorak-ro, Hongcheon-eup, Hongcheon-gun, Gangwon-do",http://www.sandolfood.co.kr
2019 하반기 대규모 수출상담회(BKF),aT센터,2019,10,23,MEDIOGEN,"조제건강식품, 기타, 식품, 연구개발업, 산업재산권중개및임차서비스업",2000,"#120, Biovalley 1-ro, Jecheon-si, Chungbuk, Korea",www.mediogen.co.kr
2019 하반기 대규모 수출상담회(BKF),aT센터,2019,10,23,PCC Corporation,작물재배업 제조업(식품 화장품),2016,"61-61, Surijae-gil, Mitan-myeon, Pyeongchang-gun, Gangwon-do, Republic of Korea",N
2019 하반기 대규모 수출상담회(BKF),aT센터,2019,10,23,"ZaramFood Co., Ltd.",농산물가공/과실및채소도매업,2020,"239-19, Haean-ro, Cheonggye-myeon, Muan-gun, Jeollanam-do, Republic of Korea",https://smartstore.naver.com/zaramfood
2019 하반기 대규모 수출상담회(BKF),aT센터,2019,10,23,Link Bridge International,무역 등,2016,"122, Saechang-ro, Yongsan-gu, Seoul, Korea",
2019 하반기 대규모 수출상담회(BKF),aT센터,2019,10,23,Likus,무역업,2017,"No.11 4F 51, Yangjae-daero 113-gil, Gangdong-gu, Seoul, Korea",N
2019 하반기 대규모 수출상담회(BKF),aT센터,2019,10,23,"TRUE CORPORATION CO.,LTD.",상품종합 중개업,2018,"16-4, 16beon-gil, Dongbaekjungang-ro, Giheung-gu, Yongin-si, Gyeonggi-do, Republic of Korea",https://success20162018.modoo.at/
2019 하반기 대규모 수출상담회(BKF),aT센터,2019,10,23,"DAEDOO FOODS CO., LTD",곡물앙금,1983,"23, SANGJANGGONWIT-GIL, SEOSU-MYEON, GUNSAN-CITY, JEONRABUGDO, KOREA",daedoofood.co.kr
2019 하반기 대규모 수출상담회(BKF),aT센터,2019,10,23,"Ilhwa co.,ltd.",제조,1972,"21, Sangil-ro 6-gil, Gangdong-gu, Seoul",www.ilhwa.co.kr
2019 하반기 대규모 수출상담회(BKF),aT센터,2019,10,23,"Global Gangwon Trade Co.,Ltd.",도매 및 소매업,2014,"2315, Yeongseo-ro, Chuncheon-si, Gangwon-do",http://www.iggtmall.com
2019 하반기 대규모 수출상담회(BKF),aT센터,2019,10,23,Daekwang F&G,"김치, 농산물저장가공",1990,"1530-2, Seobu-ro, Juchon-myeon, Gimhae-si, Gyeongsangnamdo, Korea",www.dkfng.com
2019 하반기 대규모 수출상담회(BKF),aT센터,2019,10,23,"Maeam Solar Farm Co., Ltd.",가공식품 수출,2017,"209-14, Cheongpo-ro, Illo-eup, Muangun, Jeollanam-do, South Korea",http://www.solar-farm.kr
2019 하반기 대규모 수출상담회(BKF),aT센터,2019,10,23,Link Bridge International,무역 등,2016,"122, Saechang-ro, Yongsan-gu, Seoul, Korea",
2019 하반기 대규모 수출상담회(BKF),aT센터,2019,10,23,sunbongfood,식품가공업,2013,"31, Geomdan-ro 93beon-gil, Seo-gu, Incheon, Korea",www.sunbong.net
2019 하반기 대규모 수출상담회(BKF),aT센터,2019,10,23,"I'M DNL CO., LTD.","제조업, 가공식품, 도매업",2017,"395-2, Cheonho-daero,Dongdaemun-gu Seoul Korea 02633",www.youngmifoods.com
2019 하반기 대규모 수출상담회(BKF),aT센터,2019,10,23,SINSEON EORAM,제조업,2016,"124, Baekgogae-gil, Gonjiam-eup, Gwangju-si, Gyeonggi-do",www.sinseonfood.com
2019 하반기 대규모 수출상담회(BKF),aT센터,2019,10,23,Sangju Hansi Dried persimmon,제조업,2009,"51,Naengim-dong,Sangju-si Gyeongsang buk-do,742-070 Republic of Korea",www.hansi.kr
2019 하반기 대규모 수출상담회(BKF),aT센터,2019,10,23,"YOUNGWON TRADE CO.,LTD",수출업,2007,"270, Seongbok 2-ro, Suji-gu, Yongin-si, Gyeonggi-do, Republic of Korea",www.youngowon-trade.com
2019 하반기 대규모 수출상담회(BKF),aT센터,2019,10,23,Likus,무역업,2017,"No.11 4F 51, Yangjae-daero 113-gil, Gangdong-gu, Seoul, Korea",N
2019 하반기 대규모 수출상담회(BKF),aT센터,2019,10,23,"Mammos Confectionery Co.,Ltd.","생과자, 과자, 기타, 무역업",1985,"8, Dunchon-daero 526beon-gil, Jungwon-gu, Seongnam-si, Gyeonggi-do, Republic of Korea",www.mammos.co.kr
2019 하반기 대규모 수출상담회(BKF),aT센터,2019,10,23,"TRUE CORPORATION CO.,LTD.",상품종합 중개업,2018,"16-4, 16beon-gil, Dongbaekjungang-ro, Giheung-gu, Yongin-si, Gyeonggi-do, Republic of Korea",https://success20162018.modoo.at/
2019 하반기 대규모 수출상담회(BKF),aT센터,2019,10,23,Wellgreen,"식품, 음료",2008,"Chenwang building 201Ho / 748, Gyeongchung-daero, Gonjiam-eup, Gwangju-si, Gyeonggi-do, Republic of Korea",http://well-green.com/
2019 하반기 대규모 수출상담회(BKF),aT센터,2019,10,23,"Dairyzen Co.,Ltd.",제조업,1999,"170, Munmakgongdan-gil, Wonju-si, Gangwon-do, KOREA",www.dairyzen.co.kr
2019 하반기 대규모 수출상담회(BKF),aT센터,2019,10,23,"agri-coop tomato co.,ltd","식품제조가공, 유통",2014,"219, Baeunian-gil, Jeokseong-myeon, Paju-si, Gyeonggi-do,Korea",www.wellgreen.biz
2019 하반기 대규모 수출상담회(BKF),aT센터,2019,10,23,JANGMAEUL,"소스류, 장류",1998,"31, SHINHO-4GIL, CHODONG-MYEON, MIRYANG-SI, REPUBLIC OF KOREA",www.jangmaeul.com
2019 하반기 대규모 수출상담회(BKF),aT센터,2019,10,23,"ZaramFood Co., Ltd.",농산물가공/과실및채소도매업,2020,"239-19, Haean-ro, Cheonggye-myeon, Muan-gun, Jeollanam-do, Republic of Korea",https://smartstore.naver.com/zaramfood
2019 하반기 대규모 수출상담회(BKF),aT센터,2019,10,23,Link Bridge International,무역 등,2016,"122, Saechang-ro, Yongsan-gu, Seoul, Korea",
2019 하반기 대규모 수출상담회(BKF),aT센터,2019,10,23,"All-right Agricultural Co.,Ltd","제조, 도소매",2019,"24-13, Jukjeon-gil, Pungsan-eup, Andong-si, Gyeongsangbuk-do, Korea",deagafarm.com
2019 하반기 대규모 수출상담회(BKF),aT센터,2019,10,23,"UNIONE Co.,Ltd.",도매 및 상품중개업,2016,"#504, 20-38, MUGUNGHWA-RO, ILSAN DONG-GU, GOYANG-SI, GYEONGGI-DO, REPUBLIC OF KOREA",www.unionekr.com
2019 하반기 대규모 수출상담회(BKF),aT센터,2019,10,23,"VOLD International, Inc.","과자류, 디저트",2016,,
2019 하반기 대규모 수출상담회(BKF),aT센터,2019,10,23,"Chamjayeon.Co.,Ltd.",제조업,2011,"136, Jiksan-ro, Jiksan-eup, Seobuk-gu, Cheonan-si, Chungcheongnam-do",http://www.bbstory.co.kr
2019 하반기 대규모 수출상담회(BKF),aT센터,2019,10,23,reboot,도소매,2028,"reboot 3floor - 308 932, Yangjae-daero, Songpa-gu, Seoul, Republic of Korea",www.reboot-shop.com
2019 하반기 대규모 수출상담회(BKF),aT센터,2019,10,23,seyeonfoods,유통 식품가공,2013,"14,techno jungang-daere 2 gil, yuga -eup, dalseong-gun, daegu, korea",seyon.eag.co.kr
2019 하반기 대규모 수출상담회(BKF),aT센터,2019,10,23,"DaeDoFood Co.,Ltd","과자류, 면류",2000,Chungbuk Okcheon-gun Okcheon-eup Yangsuro6-gil 72-24,Y
2019 하반기 대규모 수출상담회(BKF),aT센터,2019,10,23,"jelzonfood co.,ltd.",도매,2007,,N
2019 하반기 대규모 수출상담회(BKF),aT센터,2019,10,23,"mcfoodise CO.,LTD","제조업,도매,기술서비스업",2018,"4, Guksecheong-ro, Sejong-si, Republic of Korea",https://sweetbene.com
2019 하반기 대규모 수출상담회(BKF),aT센터,2019,10,23,"YOUNGWON TRADE CO.,LTD",수출업,2007,"270, Seongbok 2-ro, Suji-gu, Yongin-si, Gyeonggi-do, Republic of Korea",www.youngowon-trade.com
2019 하반기 대규모 수출상담회(BKF),aT센터,2019,10,23,OSONDOSON,"제조업,도매및소매업",2012,"16, Nagwon-dong-gil, Oseoseo-myeon, Sangju-si, Gyeongsangbuk-do South Korea",WWW.happybio114.com
2019 하반기 대규모 수출상담회(BKF),aT센터,2019,10,23,recyclebean,시설재배업,2018,"43-8, Bambachirwon-gil, Ujeong-eup, Hwaseong-si, Gyeonggi-do, Republic of Korea",www.recyclebean.co.kr
2019 하반기 대규모 수출상담회(BKF),aT센터,2019,10,23,Quali Korea Corp.,"수출입업무,수출대행업,오퍼",2005,"905, 52 Achasan-ro 15gil, seongdong-gu, Seoul, Rep. of Korea",www.QKCfamily.com
2019 하반기 대규모 수출상담회(BKF),aT센터,2019,10,23,SINSEON EORAM,제조업,2016,"124, Baekgogae-gil, Gonjiam-eup, Gwangju-si, Gyeonggi-do",www.sinseonfood.com
2019 하반기 대규모 수출상담회(BKF),aT센터,2019,10,23,Daeheung,"농임산물가공,농임산물",2008,"180 Daebu-gil, Jillyang-eup, Gyengsan-si, Gyesang-buk-do, korea",www.alalri.co.kr
2019 하반기 대규모 수출상담회(BKF),aT센터,2019,10,23,"SERIM HYUNMI CO., LTD.",식물성유지,2003,"24, Gongdan 1-gil, Jeongeup-si, Jeollabuk-do, 56154, Republic of Korea",www.serim.kr
2019 하반기 대규모 수출상담회(BKF),aT센터,2019,10,23,HAPPYTREE,무역,2012,"201, 21, Jangmun-ro 45-gil, Yongsan-gu, Seoul, KOREA",facebook.com/httrade
2019 하반기 대규모 수출상담회(BKF),aT센터,2019,10,23,H&P INTERNATIONAL,도소매 무역,2011,,www.hnpinternational.com
2019 하반기 대규모 수출상담회(BKF),aT센터,2019,10,23,SUNNYVILLE CO,"통조림, 농산물 외",1996,"232, Ime-gil, Yangchon-myeon, Nonsan-si, Chungcheongnam-do, Korea",
2019 하반기 대규모 수출상담회(BKF),aT센터,2019,10,23,kyeongseong Oak Mushroom.Farm,임산물생산,2007,"#56, Songgye 3Gil, Suryun-Myeon, Seonju-Gun, Gyeongsangbuk-Do, South Korea",www.mushkim.co.kr
2019 하반기 대규모 수출상담회(BKF),aT센터,2019,10,23,FREUM,도소매,2011,"22, Wiryeseoil-ro, Sujeong-gu, Seongnam-si, Gyeonggi-do",
2019 하반기 대규모 수출상담회(BKF),aT센터,2019,10,23,"GREEN VIL CO., LTD.",무역,2009,"701, WORLDPLAZA-1 BUILDING,  40 TECHNOSANGEOP-RO, HYEONPOONG,   DALSEONG. DAEGU. KOREA",www.greenvil.co
2019 하반기 대규모 수출상담회(BKF),aT센터,2019,10,23,"Dnature Bio Labs Co., Ltd.","식음료수출, 기능성음료 연구개발",2016,"#B-801, Tera Tower 2, 201, Songpa-daero, Songpa-Gu, Seoul, S.Korea.",http://dnaturebiolabs.com/
2019 하반기 대규모 수출상담회(BKF),aT센터,2019,10,23,"ASER FOOD Co., Ltd",식품수출입,2004,"130, Beodae-gil, Sangnok-gu, Ansan-si, Gyeonggi-do",www.aser.co.kr
2019 하반기 대규모 수출상담회(BKF),aT센터,2019,10,23,"Dairyzen Co.,Ltd.",제조업,1999,"170, Munmakgongdan-gil, Wonju-si, Gangwon-do, KOREA",www.dairyzen.co.kr
2019 하반기 대규모 수출상담회(BKF),aT센터,2019,10,23,"All-right Agricultural Co.,Ltd","제조, 도소매",2019,"24-13, Jukjeon-gil, Pungsan-eup, Andong-si, Gyeongsangbuk-do, Korea",deagafarm.com
2019 하반기 대규모 수출상담회(BKF),aT센터,2019,10,23,SUNNYVILLE CO,"통조림, 농산물 외",1996,"232, Ime-gil, Yangchon-myeon, Nonsan-si, Chungcheongnam-do, Korea",
2019 하반기 대규모 수출상담회(BKF),aT센터,2019,10,23,reboot,도소매,2028,"reboot 3floor - 308 932, Yangjae-daero, Songpa-gu, Seoul, Republic of Korea",www.reboot-shop.com
2019 하반기 대규모 수출상담회(BKF),aT센터,2019,10,23,"Seoul F&B Co.,Ltd","유가공, 식품가공",2005,,http://www.seoulfnb.com/
2019 하반기 대규모 수출상담회(BKF),aT센터,2019,10,23,"HANGILWELLBIO CO.,LTD.",작물,2011,"35, Wolgok 2-gil, Cheongdo-eup, Cheongdo-gun, Gyeongsangbuk-do, Republic of Korea",www.gumaguma.co.kr
2019 하반기 대규모 수출상담회(BKF),aT센터,2019,10,23,IKG KOREA CO.,무역,2011,"F718, Centumbiz, 45 Jojeong-daero, Hanam-si, Gyeonggi-do, Korea",www.ikgkorea.com
2019 하반기 대규모 수출상담회(BKF),aT센터,2019,10,23,SPC GFS,"상품종합도매업,수출입업",2014,"2620, Nambusunhwan-ro, Seocho-gu, Seoul",https://www.spcgfs.co.kr/?am=main&Lang=en&
2019 하반기 대규모 수출상담회(BKF),aT센터,2019,10,23,"HEE CHANG TRADING CO., LTD.",농수축산물 가공 및 수출 판매,1980,"#146, CHUNGMU-DAERO, SEO-GU, BUSAN, KOREA",http://www.heechangtrade.com
2019 하반기 대규모 수출상담회(BKF),aT센터,2019,10,23,"MYUNGSUNG FOOD CO.,LTD.",농산물 스낵,2008,"second floor, 95-7, Menari-gil, Gasan-myeon, Pocheon-si, Gyeonggi-do, Republic of Korea",www.mschip.co.kr
2019 하반기 대규모 수출상담회(BKF),aT센터,2019,10,23,Nature Farm Corp.,농산물유통판매,2010,,www.nfdry.com
2019 하반기 대규모 수출상담회(BKF),aT센터,2019,10,23,Quali Korea Corp.,"수출입업무,수출대행업,오퍼",2005,"905, 52 Achasan-ro 15gil, seongdong-gu, Seoul, Rep. of Korea",www.QKCfamily.com
2019 하반기 대규모 수출상담회(BKF),aT센터,2019,10,23,"VOLD International, Inc.","과자류, 디저트",2016,,
2019 하반기 대규모 수출상담회(BKF),aT센터,2019,10,23,"ARAM Co.,Ltd.",식품 제조업,1999,"21, Daejeon-ro 1364beon-gil, Daedeok-gu, Daejeon, Republic of Korea",www.aramfood.co.kr
2019 하반기 대규모 수출상담회(BKF),aT센터,2019,10,23,"HANSUNG FOOD CO ., LTD","제조, 도소매, 무역",1986,"9-10, Ojeong-ro 134 Beon-gil, Ojeong-gu, Bucheon-si, Gyeonggi-do, KOREA",www.hskimchi.co.kr
2019 하반기 대규모 수출상담회(BKF),aT센터,2019,10,23,"JK Food Co.,Ltd","조미김, 자반김, 수산물",2006,"4-37 Gwangnaman-Ro, Gwangju-Si, Gyeonggi-Do, KOREA.",www.jkfood.kr
2019 하반기 대규모 수출상담회(BKF),aT센터,2019,10,23,"MONGGO FOODS CO., LTD.",장류 및 기타식품 등,1905,"18, Paryong-ro 371beon-gil, Uichang-gu, Changwon-si, Gyeongsangnam-do",www.monggofood.co.kr
2019 하반기 대규모 수출상담회(BKF),aT센터,2019,10,23,"SAVIA INT'L CO.,LTD.",수출/제조,2010,"W1417, hansinInterValley24, 322, Teheran-ro, Gangnam-gu, Seoul, Republic of Korea",www.saviaintl.com
2019 하반기 대규모 수출상담회(BKF),aT센터,2019,10,23,woorido,"차류가공업, 인삼식품제조업",2017,"1447, Pyeongchang-daero, Daehwa-myeon, Pyeongchang-gun, Gangwon-do",www.woorido.com
2019 하반기 대규모 수출상담회(BKF),aT센터,2019,10,23,"Maeam Solar Farm Co., Ltd.",가공식품 수출,2017,"209-14, Cheongpo-ro, Illo-eup, Muangun, Jeollanam-do, South Korea",http://www.solar-farm.kr
2019 하반기 대규모 수출상담회(BKF),aT센터,2019,10,23,"MONGGO FOODS CO., LTD.",장류 및 기타식품 등,1905,"18, Paryong-ro 371beon-gil, Uichang-gu, Changwon-si, Gyeongsangnam-do",www.monggofood.co.kr
2019 하반기 대규모 수출상담회(BKF),aT센터,2019,10,23,Chungsukgol Gamro Dawon,"녹차, 전자상거래업",2003,"44-1, Moam-gil, Hwagae-myeon, Hadong-gun, Gyeongsangnam-do, Republic of Korea",https://smartstore.naver.com/cjdtjrrhf
2019 하반기 대규모 수출상담회(BKF),aT센터,2019,10,23,"nature&poeple.co,ltd.",제조,2001,"10, Geumseonggongdan-gil, Geumseong-myeon, Damyang-gun, Jeollanam-do, Republic of Korea",www.innp.co.kr
2019 하반기 대규모 수출상담회(BKF),aT센터,2019,10,23,"SAONGWON CO.,LTD","냉동식품,수출업",1995,"76-17, Hansam-ro 153beon-gil, Daeso-myeon, Eumseong-gun, Chungcheongbuk-do, Republic of Korea",www.saongwon.com
2019 하반기 대규모 수출상담회(BKF),aT센터,2019,10,23,"ASIAN FOOD SERVICE CO.,LTD","수출입업,무역업",2015,"Geumjeong Hiview 305, 153-8, LS-ro Gunpo-si, Gyeonggi-do, Republic of Korea (Zip:435-805)",www.asianfoods.co.kr
2019 하반기 대규모 수출상담회(BKF),aT센터,2019,10,23,Woongjin Food,인삼제품 및 음료외,1976,"KTIS Sungin Bldg, 390, Jong-ro, Jongno-gu, Seoul, 03115 Korea",www.wjfood.com
2019 하반기 대규모 수출상담회(BKF),aT센터,2019,10,23,IKG KOREA CO.,무역,2011,"F718, Centumbiz, 45 Jojeong-daero, Hanam-si, Gyeonggi-do, Korea",www.ikgkorea.com
2019 하반기 대규모 수출상담회(BKF),aT센터,2019,10,23,Hanbando Inc.,"농산물 대추 가공품, 사과대추, 복숭아",2017,"11, Gaya-ro 66-gil, Jillyang-eup, Gyeongsan-si, Gyeongsangbuk-do, Republic of Korea",https://hanbandokr.com
2019 하반기 대규모 수출상담회(BKF),aT센터,2019,10,23,"HM FOOD Co., Ltd",식품 제조 및 가공,2017,"324-20, Myeokjeol-gil, Ilsandong-gu, Goyang-si, Gyeonggi-do, Korea",http://hmfood.modoo.at
2019 하반기 대규모 수출상담회(BKF),aT센터,2019,10,23,HANVIT FOOD CORP.,"과자, 곡류가공품, 무역업",2008,"106, Naeyu-gil, Deogyang-gu, Goyang-si, Gyeonggi-do, Republic of Korea",WWW.THEBASSK.COM
2019 하반기 대규모 수출상담회(BKF),aT센터,2019,10,23,mantrading,제조업,2012,"50, Gaepo-ro 110-gil, Gangnam-gu, Seoul",www.matrading.co.kr
2019 하반기 대규모 수출상담회(BKF),aT센터,2019,10,23,seyeonfoods,유통 식품가공,2013,"14,techno jungang-daere 2 gil, yuga -eup, dalseong-gun, daegu, korea",seyon.eag.co.kr
2019 하반기 대규모 수출상담회(BKF),aT센터,2019,10,23,"JK Food Co.,Ltd","조미김, 자반김, 수산물",2006,"4-37 Gwangnaman-Ro, Gwangju-Si, Gyeonggi-Do, KOREA.",www.jkfood.kr
2019 하반기 대규모 수출상담회(BKF),aT센터,2019,10,23,N&B FOOD,견과류 가공업,2018,"658, Ssangbong-ro, Ujeong-eup, Hwaseong-si, Gyeonggi-do",https://smartstore.naver.com/nnbfood
2019 하반기 대규모 수출상담회(BKF),aT센터,2019,10,23,"JANGHEUNG FOOD CO.,LTD.","된장, 고추장, 간장, 청국장, 식량재배",2011,"49-19 GISAN-GIL, ANYANG-MYEON JANGHEUNG-GUN JEOLLANAMDO, KOREA",www.cjjfood.com
2019 하반기 대규모 수출상담회(BKF),aT센터,2019,10,23,JANGMAEUL,"소스류, 장류",1998,"31, SHINHO-4GIL, CHODONG-MYEON, MIRYANG-SI, REPUBLIC OF KOREA",www.jangmaeul.com
2019 하반기 대규모 수출상담회(BKF),aT센터,2019,10,23,"MYUNGSUNG FOOD CO.,LTD.",농산물 스낵,2008,"second floor, 95-7, Menari-gil, Gasan-myeon, Pocheon-si, Gyeonggi-do, Republic of Korea",www.mschip.co.kr
2019 하반기 대규모 수출상담회(BKF),aT센터,2019,10,23,"ksfnb. Co., Ltd.",식품 제조업,2008,"23-14 hagan-ro, Yanggu-eup, Yanggu-gun, Gangwon-do, Korea",http://www.ksfnb.co.kr
2019 하반기 대규모 수출상담회(BKF),aT센터,2019,10,23,"Namyang Dairy Products Co., Ltd","낙농품, 음료",1964,"240, Dosan-daero, Gangnam-gu, Seoul",http://company.namyangi.com/
2019 하반기 대규모 수출상담회(BKF),aT센터,2019,10,23,IKG KOREA CO.,무역,2011,"F718, Centumbiz, 45 Jojeong-daero, Hanam-si, Gyeonggi-do, Korea",www.ikgkorea.com
2019 하반기 대규모 수출상담회(BKF),aT센터,2019,10,23,"Hapcheon Medical Herbs co.,ltd","제조업, 도, 소매업",1996,"16, Naegok-gil, Hapcheon-eup, Hapcheon-gun, Gyeongsangnam-do",www.sangrime.com
2019 하반기 대규모 수출상담회(BKF),aT센터,2019,10,23,"MYUNGSUNG FOOD CO.,LTD.",농산물 스낵,2008,"second floor, 95-7, Menari-gil, Gasan-myeon, Pocheon-si, Gyeonggi-do, Republic of Korea",www.mschip.co.kr
2019 하반기 대규모 수출상담회(BKF),aT센터,2019,10,23,IKG KOREA CO.,무역,2011,"F718, Centumbiz, 45 Jojeong-daero, Hanam-si, Gyeonggi-do, Korea",www.ikgkorea.com
2019 하반기 대규모 수출상담회(BKF),aT센터,2019,10,23,Woongjin Food,인삼제품 및 음료외,1976,"KTIS Sungin Bldg, 390, Jong-ro, Jongno-gu, Seoul, 03115 Korea",www.wjfood.com
2019 하반기 대규모 수출상담회(BKF),aT센터,2019,10,23,"nature&poeple.co,ltd.",제조,2001,"10, Geumseonggongdan-gil, Geumseong-myeon, Damyang-gun, Jeollanam-do, Republic of Korea",www.innp.co.kr
2019 하반기 대규모 수출상담회(BKF),aT센터,2019,10,23,MoonGyeong Omija Valley Co.,제조및 생산,2009,,www.omijamall.co.kr
2019 하반기 대규모 수출상담회(BKF),aT센터,2019,10,23,R&G CORPORATION,"무역, 농수산물가공식품",1985,"347 Daewangpangyo-ro, Bundang-gu, Seongnam-si Gyeonggi-do",www.assifood.co.kr
2019 하반기 대규모 수출상담회(BKF),aT센터,2019,10,23,"Daedong Korea Ginseng Co.,Ltd",홍삼제품. 건강제품. 통신판매업,2002,"586 Gunbuk-Myeon, Gunbuk-Ro, Geumsan-Gun, ChungNam",http://www.hongsamgeon.co.kr
2019 하반기 대규모 수출상담회(BKF),aT센터,2019,10,23,"HM FOOD Co., Ltd",식품 제조 및 가공,2017,"324-20, Myeokjeol-gil, Ilsandong-gu, Goyang-si, Gyeonggi-do, Korea",http://hmfood.modoo.at
2019 하반기 대규모 수출상담회(BKF),aT센터,2019,10,23,Hankook Tea Co.,차류,1951,106-1 Uijaero Donggu Gwangju city.Korea,www.hankooktea.co.kr
2019 하반기 대규모 수출상담회(BKF),aT센터,2019,10,23,IKG KOREA CO.,무역,2011,"F718, Centumbiz, 45 Jojeong-daero, Hanam-si, Gyeonggi-do, Korea",www.ikgkorea.com
2019 하반기 대규모 수출상담회(BKF),aT센터,2019,10,23,Wellgreen,"식품, 음료",2008,"Chenwang building 201Ho / 748, Gyeongchung-daero, Gonjiam-eup, Gwangju-si, Gyeonggi-do, Republic of Korea",http://well-green.com/
2019 하반기 대규모 수출상담회(BKF),aT센터,2019,10,23,"Ilhwa co.,ltd.",제조,1972,"21, Sangil-ro 6-gil, Gangdong-gu, Seoul",www.ilhwa.co.kr
2019 하반기 대규모 수출상담회(BKF),aT센터,2019,10,23,"Okra International co.,Ltd",수출입업,2014,"#1308, Private tower Ⅱ,171, Magokjungang-ro,Gangseo-gu, Seoul, Republic of Korea 07788",www.okraint.com
2019 하반기 대규모 수출상담회(BKF),aT센터,2019,10,23,"NAMUREULSIMEUNSARAM AGRICULTURAL Co., Ltd.","과실, 채소 가공",2017,"35, Ayang-ro 52-gil, Dong-gu, Daegu, Republic of Korea",www.yeogidang.com
2019 하반기 대규모 수출상담회(BKF),aT센터,2019,10,23,"DONGSEO NONGSAN CO, LTD",무역,2005,"Rm.807, Cylux East Bldg., 295, Gwangpyeong-ro, Gangnam-gu, Seoul",N
2019 하반기 대규모 수출상담회(BKF),aT센터,2019,10,23,Chang-Rak Farms,"무역업, 도매업, 창고업",1979,"857, Changnyeongjangma-ro, Changnyeong-eup, Changnyeong-gun, Gyeongsangnam-do, Korea",www.changrakfarms.kr
2019 하반기 대규모 수출상담회(BKF),aT센터,2019,10,23,Agricultural corporation Baro Korea,식품제조가공업,2016,"14-94, Chilbongsan-ro 34beon-gil, Yangju-si, Gyeonggi-do, Republic of Korea",http://www.barokimchi.com
2019 하반기 대규모 수출상담회(BKF),aT센터,2019,10,23,"Daedong Korea Ginseng Co.,Ltd",홍삼제품. 건강제품. 통신판매업,2002,"586 Gunbuk-Myeon, Gunbuk-Ro, Geumsan-Gun, ChungNam",http://www.hongsamgeon.co.kr
2019 하반기 대규모 수출상담회(BKF),aT센터,2019,10,23,Likus,무역업,2017,"No.11 4F 51, Yangjae-daero 113-gil, Gangdong-gu, Seoul, Korea",N
2019 하반기 대규모 수출상담회(BKF),aT센터,2019,10,23,Chungsukgol Gamro Dawon,"녹차, 전자상거래업",2003,"44-1, Moam-gil, Hwagae-myeon, Hadong-gun, Gyeongsangnam-do, Republic of Korea",https://smartstore.naver.com/cjdtjrrhf
2019 하반기 대규모 수출상담회(BKF),aT센터,2019,10,23,"Okra International co.,Ltd",수출입업,2014,"#1308, Private tower Ⅱ,171, Magokjungang-ro,Gangseo-gu, Seoul, Republic of Korea 07788",www.okraint.com
2019 하반기 대규모 수출상담회(BKF),aT센터,2019,10,23,"YEJUFOOD CO.,LTD",한과,2013,"16,Doma 8-gil, Seo-gu, Daejeon, 35331 Repubilc of KOREA",www.yejufood.kr
2019 하반기 대규모 수출상담회(BKF),aT센터,2019,10,23,MoonGyeong Omija Valley Co.,제조및 생산,2009,,www.omijamall.co.kr
2019 하반기 대규모 수출상담회(BKF),aT센터,2019,10,23,Hankook Tea Co.,차류,1951,106-1 Uijaero Donggu Gwangju city.Korea,www.hankooktea.co.kr
2019 하반기 대규모 수출상담회(BKF),aT센터,2019,10,23,"Daedong Korea Ginseng Co.,Ltd",홍삼제품. 건강제품. 통신판매업,2002,"586 Gunbuk-Myeon, Gunbuk-Ro, Geumsan-Gun, ChungNam",http://www.hongsamgeon.co.kr
2019 하반기 대규모 수출상담회(BKF),aT센터,2019,10,23,"Pyeong Chang Land Co., Ltd.","농업,제조,도소매",2002,"20-25, Gupo-gil, Bangnim-myeon, Pyeongchang-gun, Gangwon-do",www.e-ogapi.com
2019 하반기 대규모 수출상담회(BKF),aT센터,2019,10,23,SPC GFS,"상품종합도매업,수출입업",2014,"2620, Nambusunhwan-ro, Seocho-gu, Seoul",https://www.spcgfs.co.kr/?am=main&Lang=en&
2019 하반기 대규모 수출상담회(BKF),aT센터,2019,10,23,Nature Farm Corp.,농산물유통판매,2010,,www.nfdry.com
2019 하반기 대규모 수출상담회(BKF),aT센터,2019,10,23,"Global Gangwon Trade Co.,Ltd.",도매 및 소매업,2014,"2315, Yeongseo-ro, Chuncheon-si, Gangwon-do",http://www.iggtmall.com
2019 하반기 대규모 수출상담회(BKF),aT센터,2019,10,23,"Namyang Dairy Products Co., Ltd","낙농품, 음료",1964,"240, Dosan-daero, Gangnam-gu, Seoul",http://company.namyangi.com/
2019 하반기 대규모 수출상담회(BKF),aT센터,2019,10,23,GLO-LEE VIINCI CORP.,수출업,1999,"9th floor happyplus bldg., #471-2, Kumoh-dong, Uijeongbu-si, Kyunggi-do, Korea",koreafood16.com
2019 하반기 대규모 수출상담회(BKF),aT센터,2019,10,23,"Dnature Bio Labs Co., Ltd.","식음료수출, 기능성음료 연구개발",2016,"#B-801, Tera Tower 2, 201, Songpa-daero, Songpa-Gu, Seoul, S.Korea.",http://dnaturebiolabs.com/
2020 온라인 바이어초청 수출상담회(BKF),서울 aT센터 제2전시장 또는 회의실,2020,10,21,"Crown Confectionery Co.,Ltd",,,,
2020 온라인 바이어초청 수출상담회(BKF),서울 aT센터 제2전시장 또는 회의실,2020,10,21,"Honestfood Co., Ltd",,,,
2020 온라인 바이어초청 수출상담회(BKF),서울 aT센터 제2전시장 또는 회의실,2020,10,21,"TAESAN INTERNATIONAL CO.,LTD.",,,,
