hs_code,country,buyer_name,annual_usd,shipments,last_date,buyer_type,city,source,product_category
210690,VN,VN Food Supplements Import,1740000,13,2026-02-05,Health Distributor,Ho Chi Minh,Customs_VN,식품/건강기능식품
210690,VN,Healthy Foods Vietnam Corp,1116000,8,2026-01-12,Health Retailer,Hanoi,Customs_VN,식품/건강기능식품
210690,VN,Saigon Nutraceuticals LLC,1320000,10,2025-12-20,Nutraceutical Distributor,Ho Chi Minh,Customs_VN,식품/건강기능식품
210690,TH,Thai Health Products Import,1800000,14,2026-01-28,Health Distributor,Bangkok,Customs_TH,식품/건강기능식품
210690,US,US Natural Supplements Inc.,4800000,20,2026-02-20,Supplement Distributor,Los Angeles,Customs_US,식품/건강기능식품
210690,JP,Japan Wellness Import KK,3600000,18,2026-01-10,Health Distributor,Tokyo,Customs_JP,식품/건강기능식품
210690,PH,Ipolymer Solutions Corp.,,,,Importer,San Juan,KOTRA_SNS_2025,식품/건강기능식품
190211,NO,Z3merchandise,,,,Importer,Davao,KOTRA_SNS_2025,식품/건강기능식품
190590,PH,FILIPINO HOMEDEPOT HARDWARE & CONSTRUCTION,,,,Importer,santiago city isabela,KOTRA_SNS_2025,식품/건강기능식품
210690,OM,ImpEx,,,,Importer,Muscat,KOTRA_SNS_2025,식품/건강기능식품
210690,EG,Pharmacist,,,,Importer,Cairo,KOTRA_SNS_2025,식품/건강기능식품
210690,CA,80000,,,,Importer,agadir,KOTRA_SNS_2025,식품/건강기능식품
220299,GT,Agroindustria Legumex S.A.,,,,Importer,Guatemala,KOTRA_SNS_2025,식품/건강기능식품
210690,CA,Synergy Centre Pharmacy,,,,Importer,Fort McMurray,KOTRA_SNS_2025,식품/건강기능식품
210690,UZ,AKFA Medline,,,,Importer,Tashkent,KOTRA_SNS_2025,식품/건강기능식품
190590,TR,Consumer Goods,,,,Importer,Istanbul,KOTRA_SNS_2025,식품/건강기능식품
210690,ID,Wiraswasta,,,,Importer,Jakarta,KOTRA_SNS_2025,식품/건강기능식품
210690,ID,King Yulian Company,,,,Importer,Serang,KOTRA_SNS_2025,식품/건강기능식품
210690,IN,Mangalam industries  tamil madu . India,,,,Importer,Cuddalore,KOTRA_SNS_2025,식품/건강기능식품
210690,MY,Lomatoz Asia Sdn Bhd,,,,Importer,Kuala Lumpur,KOTRA_SNS_2025,식품/건강기능식품
210690,MY,HNJ FOOD SUPPLY SDN BHD,,,,Importer,Kuala Lumpur,KOTRA_SNS_2025,식품/건강기능식품
210690,VN,IPP Travel Retail,,,,Importer,Ho Chi Minh city,KOTRA_SNS_2025,식품/건강기능식품
190219,BD,Amana Food & Consumer Ltd,,,,Importer,Dhaka,KOTRA_SNS_2025,식품/건강기능식품
210690,PH,Pacific Summit Global Investment Corporation,,,,Importer,Makati,KOTRA_SNS_2025,식품/건강기능식품
210390,PK,BIBI,,,,Importer,Gujranwala,KOTRA_SNS_2025,식품/건강기능식품
210690,IN,Nashik,,,,Importer,Aurangabad,KOTRA_SNS_2025,식품/건강기능식품
190590,LK,Kekunawela International (Pvt.) Ltd.,,,,Importer,Matara,KOTRA_SNS_2025,식품/건강기능식품
210690,CA,In Your Daylight,,,,Importer,Toronto,KOTRA_SNS_2025,식품/건강기능식품
210690,IN,Consumer Goods,,,,Importer,Delhi,KOTRA_SNS_2025,식품/건강기능식품
190590,CI,Electronic Devices,,,,Importer,Abidjan,KOTRA_SNS_2025,식품/건강기능식품
190590,PH,Globe Telecom,,,,Importer,Mandaluyong,KOTRA_SNS_2025,식품/건강기능식품
190590,PH,Rhaya Store,,,,Importer,Cavite City,KOTRA_SNS_2025,식품/건강기능식품
210690,NG,ST HYCAL NIGERIA LIMITED,,,,Importer,Lagos,KOTRA_SNS_2025,식품/건강기능식품
210310,NG,Southeast Edibles and Spices Ltd,,,,Importer,Lagos,KOTRA_SNS_2025,식품/건강기능식품
210690,NG,Aspire African youth Empowerment,,,,Importer,Abuja,KOTRA_SNS_2025,식품/건강기능식품
210610,BG,Being incorporrated,,,,Importer,Varna,KOTRA_SNS_2025,식품/건강기능식품
190590,KH,"Tepy Build Co.,Ltd",,,,Importer,Phnom Penh,KOTRA_SNS_2025,식품/건강기능식품
210690,GB,Methoius Consultora Jurdica,,,,Importer,Dundee,KOTRA_SNS_2025,식품/건강기능식품
210690,EC,주에콰도르대사관(Embajada de Corea en Ecuador),,,,Importer,Quito,KOTRA_SNS_2025,식품/건강기능식품
210690,NG,Bae,,,,Importer,Abuja,KOTRA_SNS_2025,식품/건강기능식품
210690,LK,My Paradise Mart,,,,Importer,Colombo,KOTRA_SNS_2025,식품/건강기능식품
200990,TZ,NBC Limited,,,,Importer,"Dar es Salaam, Tanzania",KOTRA_SNS_2025,식품/건강기능식품
210690,CA,Minhee style salon,,,,Importer,Vancouver canada,KOTRA_SNS_2025,식품/건강기능식품
210390,CA,Krunchicken,,,,Importer,Vancouver,KOTRA_SNS_2025,식품/건강기능식품
190590,JO,..,,,,Importer,Amman,KOTRA_SNS_2025,식품/건강기능식품
210690,PH,AALJ SKINCARE PRODUCTS INC,,,,Importer,"MAKATI CITY, PHILIPPINES",KOTRA_SNS_2025,식품/건강기능식품
190230,PH,Barakat Consumer Goods Trading,,,,Importer,"Bulacan, Philippine",KOTRA_SNS_2025,식품/건강기능식품
210390,PH,Apsara furniture mfg corp,,,,Importer,Quezon city philippines,KOTRA_SNS_2025,식품/건강기능식품
210390,NG,Milkaz Farms Enterprise,,,,Importer,nigeria,KOTRA_SNS_2025,식품/건강기능식품
200931,QA,Savest tech company,,,,Importer,Doha,KOTRA_SNS_2025,식품/건강기능식품
220290,UZ,Berad Group Company,,,,Importer,Tashkent,KOTRA_SNS_2025,식품/건강기능식품
220290,MN,Chianti,,,,Importer,Ulaanbaatar,KOTRA_SNS_2025,식품/건강기능식품
220290,UZ,Shahri kesh,,,,Importer,Shakhrisabz,KOTRA_SNS_2025,식품/건강기능식품
220290,UA,Nectar Senco,,,,Importer,Днепр,KOTRA_SNS_2025,식품/건강기능식품
220290,KZ,Jfood,,,,Importer,Алматы,KOTRA_SNS_2025,식품/건강기능식품
220290,MN,Khishigtengal llc,,,,Importer,Ulaanbaatar,KOTRA_SNS_2025,식품/건강기능식품
220290,MN,power resourse llc,,,,Importer,Ulaanbaatar,KOTRA_SNS_2025,식품/건강기능식품
220290,MN,Bileg od vintura,,,,Importer,Ulaanbaatar,KOTRA_SNS_2025,식품/건강기능식품
220290,UA,Экономист,,,,Importer,Lutsk,KOTRA_SNS_2025,식품/건강기능식품
220290,AZ,SOCAR Polymer,,,,Importer,Baku,KOTRA_SNS_2025,식품/건강기능식품
220290,UA,"Одеса, Украна",,,,Importer,Odessa,KOTRA_SNS_2025,식품/건강기능식품
220290,KZ,Астана,,,,Importer,Астана,KOTRA_SNS_2025,식품/건강기능식품
220290,UA,"Менеджер, СММ",,,,Importer,Kharkiv,KOTRA_SNS_2025,식품/건강기능식품
210690,PH,Reliasourcing,,,,Importer,Metro Manila,KOTRA_SNS_2025,식품/건강기능식품
210690,PH,Eriguel Holdings,,,,Importer,Marikina City,KOTRA_SNS_2025,식품/건강기능식품
210690,PH,La Peica Corporation,,,,Importer,Manila,KOTRA_SNS_2025,식품/건강기능식품
210690,PH,Miss Chloe Beauty collection,,,,Importer,Manila,KOTRA_SNS_2025,식품/건강기능식품
210690,PH,"Aeta Tribe International Foundation,Inc.",,,,Importer,Olongapo,KOTRA_SNS_2025,식품/건강기능식품
210690,PH,Na,,,,Importer,Quezon City,KOTRA_SNS_2025,식품/건강기능식품
210690,PH,Kimjaden Enterprise,,,,Importer,Quezon City,KOTRA_SNS_2025,식품/건강기능식품
190230,PH,,,,,Importer,Laoag City,KOTRA_SNS_2025,식품/건강기능식품
210690,PH,Game City Icafe,,,,Importer,Mandaue City,KOTRA_SNS_2025,식품/건강기능식품
210690,PH,Resorts World Manila,,,,Importer,Makati,KOTRA_SNS_2025,식품/건강기능식품
190590,PH,magic mall,,,,Importer,mindanao,KOTRA_SNS_2025,식품/건강기능식품
210690,PH,Enchantress Beauty and Wellness,,,,Importer,Davao City,KOTRA_SNS_2025,식품/건강기능식품
210390,ID,Glamori,,,,Importer,Jakarta,KOTRA_SNS_2025,식품/건강기능식품
210690,ID,HYC SUKSES BERSAMA PT,,,,Importer,Jakarta,KOTRA_SNS_2025,식품/건강기능식품
210690,PH,Dj company,,,,Importer,Caloocan,KOTRA_SNS_2025,식품/건강기능식품
210390,MM,Eyes Professional Eye care,,,,Importer,Yangon,KOTRA_SNS_2025,식품/건강기능식품
190531,PH,Miracle Beauty International,,,,Importer,Manila,KOTRA_SNS_2025,식품/건강기능식품
210690,PH,InfiniScents&Co .,,,,Importer,San Mateo,KOTRA_SNS_2025,식품/건강기능식품
210690,PH,freindship,,,,Importer,Manila,KOTRA_SNS_2025,식품/건강기능식품
200971,MY,Snackyybar,,,,Importer,Kl,KOTRA_SNS_2025,식품/건강기능식품
210690,MY,Avidds (M) Sdn Bhd,,,,Importer,Petaling Jaya,KOTRA_SNS_2025,식품/건강기능식품
210690,MY,Metro Consumer sdn Bhd,,,,Importer,Kuala Lumpur,KOTRA_SNS_2025,식품/건강기능식품
200971,PH,ADLM Agri Marketing Inc,,,,Importer,Davao City,KOTRA_SNS_2025,식품/건강기능식품
210690,PH,The Gentle Gourmet PH,,,,Importer,Taguig,KOTRA_SNS_2025,식품/건강기능식품
210690,SA,none,,,,Importer,Quwai'iyah,KOTRA_SNS_2025,식품/건강기능식품
210390,IN,resolve salvage and fire,,,,Importer,Navi Mumbai (New Mumbai),KOTRA_SNS_2025,식품/건강기능식품
200971,PH,na,,,,Importer,Manila,KOTRA_SNS_2025,식품/건강기능식품
210690,PH,Ostrea Construction,,,,Importer,Pateros,KOTRA_SNS_2025,식품/건강기능식품
200971,PH,Jtis Inc,,,,Importer,Makati,KOTRA_SNS_2025,식품/건강기능식품
210690,MA,Afcendis,,,,Importer,Casablanca,KOTRA_SNS_2025,식품/건강기능식품
210690,TR,Elcid,,,,Importer,Istanbul turkey,KOTRA_SNS_2025,식품/건강기능식품
210690,TH,Dont have,,,,Importer,Bangkok,KOTRA_SNS_2025,식품/건강기능식품
210690,MY,Guldust,,,,Importer,Shah Alam,KOTRA_SNS_2025,식품/건강기능식품
210690,ID,Pt guci luwak distribusi,,,,Importer,Denpasar,KOTRA_SNS_2025,식품/건강기능식품
210690,MY,Muleen (M) SDN BHD,,,,Importer,Petaling Jaya,KOTRA_SNS_2025,식품/건강기능식품
210690,VN,Binhminhfood,,,,Importer,Go Vap,KOTRA_SNS_2025,식품/건강기능식품
210690,PH,Potpot and Sherry's Store,,,,Importer,Antipolo City,KOTRA_SNS_2025,식품/건강기능식품
210690,HK,Bbqforfriends.com,,,,Importer,Hong Kong,KOTRA_SNS_2025,식품/건강기능식품
210690,PH,EG Group,,,,Importer,Cebu City,KOTRA_SNS_2025,식품/건강기능식품
210690,ID,WOG Technologies,,,,Importer,Surabaya,KOTRA_SNS_2025,식품/건강기능식품
190230,PH,pat,,,,Importer,quezon city,KOTRA_SNS_2025,식품/건강기능식품
190590,PH,Not Applicable,,,,Importer,Cavite,KOTRA_SNS_2025,식품/건강기능식품
210390,PH,Pet Master Veterinary Clinic,,,,Importer,San Isidro,KOTRA_SNS_2025,식품/건강기능식품
190531,PH,shelemia Baron,,,,Importer,gensan,KOTRA_SNS_2025,식품/건강기능식품
210690,PH,JAF Digital Marketing Services,,,,Importer,Mandaluyong,KOTRA_SNS_2025,식품/건강기능식품
190230,PH,GMC Corporation,,,,Importer,Makati,KOTRA_SNS_2025,식품/건강기능식품
210690,PH,mahaelika company,,,,Importer,manila city,KOTRA_SNS_2025,식품/건강기능식품
210690,MY,Moniker,,,,Importer,Pj,KOTRA_SNS_2025,식품/건강기능식품
210690,PH,Self business Employeed,,,,Importer,trece,KOTRA_SNS_2025,식품/건강기능식품
210610,MY,Naturaes Sdn Bhd,,,,Importer,Kuala Lumpur,KOTRA_SNS_2025,식품/건강기능식품
210690,ID,M&G,,,,Importer,Tangerang,KOTRA_SNS_2025,식품/건강기능식품
190531,MM,SunnyLux,,,,Importer,Yangon,KOTRA_SNS_2025,식품/건강기능식품
210690,ID,CV Big One,,,,Importer,Surabaya,KOTRA_SNS_2025,식품/건강기능식품
210390,PH,Vegetari,,,,Importer,Los Baos,KOTRA_SNS_2025,식품/건강기능식품
210390,PH,suzuki,,,,Importer,novalishes,KOTRA_SNS_2025,식품/건강기능식품
220290,KH,PP,,,,Importer,Khum Chbar Ampou,KOTRA_SNS_2025,식품/건강기능식품
220290,PH,so mot,,,,Importer,Manila,KOTRA_SNS_2025,식품/건강기능식품
210390,PH,,,,,Importer,Manila,KOTRA_SNS_2025,식품/건강기능식품
210390,KH,hh,,,,Importer,Khum Chbar Ampou,KOTRA_SNS_2025,식품/건강기능식품
220290,KH,Tharath,,,,Importer,Kampong Cham,KOTRA_SNS_2025,식품/건강기능식품
220290,US,compassion,,,,Importer,Denver,KOTRA_SNS_2025,식품/건강기능식품
220290,US,Asian Mart,,,,Importer,Burnsville,KOTRA_SNS_2025,식품/건강기능식품
210390,IT,Suitefood,,,,Importer,Milan,KOTRA_SNS_2025,식품/건강기능식품
220290,PL,On Investment,,,,Importer,Sopot,KOTRA_SNS_2025,식품/건강기능식품
220290,XK,Arcos,,,,Importer,Pristina,KOTRA_SNS_2025,식품/건강기능식품
210390,IT,Minnelea,,,,Importer,Moio della Civitella,KOTRA_SNS_2025,식품/건강기능식품
220290,GR,Silvergreen,,,,Importer,Rethymno,KOTRA_SNS_2025,식품/건강기능식품
220290,RO,Rou,,,,Importer,bucuresti,KOTRA_SNS_2025,식품/건강기능식품
220290,CZ,CESKA REPUBLIKA,,,,Importer,Ceska Republika,KOTRA_SNS_2025,식품/건강기능식품
220290,PH,Fourtify,,,,Importer,Makati,KOTRA_SNS_2025,식품/건강기능식품
210390,PH,lumo,,,,Importer,Caloocan metro manila,KOTRA_SNS_2025,식품/건강기능식품
220290,KH,Hqppy day food and Beverages co.ltd,,,,Importer,Siem Reap,KOTRA_SNS_2025,식품/건강기능식품
220290,ID,Sahabat horeca,,,,Importer,Jakarta Barat,KOTRA_SNS_2025,식품/건강기능식품
220290,KH,kk,,,,Importer,Khum Chbar Ampou,KOTRA_SNS_2025,식품/건강기능식품
220290,KH,ssa,,,,Importer,Khum Chbar Ampou,KOTRA_SNS_2025,식품/건강기능식품
220290,PH,Ajummart Korean Grocery,,,,Importer,Zamboanga City,KOTRA_SNS_2025,식품/건강기능식품
220290,PH,JPMorgan Chase & Co.,,,,Importer,Quezon City,KOTRA_SNS_2025,식품/건강기능식품
210390,PH,JORAM MARKETING,,,,Importer,naga city,KOTRA_SNS_2025,식품/건강기능식품
220290,ID,pt jasco indonesia,,,,Importer,Jakarta,KOTRA_SNS_2025,식품/건강기능식품
210390,PH,sacora trading,,,,Importer,liloan cebu,KOTRA_SNS_2025,식품/건강기능식품
220290,PH,,,,,Importer,Manila,KOTRA_SNS_2025,식품/건강기능식품
210390,PH,Mindev Global Foodlines,,,,Importer,Zamboanga City,KOTRA_SNS_2025,식품/건강기능식품
220290,CA,Genesis Trading Inc.,,,,Importer,Burnaby,KOTRA_SNS_2025,식품/건강기능식품
220290,US,zexale pharmacy,,,,Importer,River ridge,KOTRA_SNS_2025,식품/건강기능식품
220290,US,Brown brothers llc,,,,Importer,Cumberland,KOTRA_SNS_2025,식품/건강기능식품
220290,CA,Sun,,,,Importer,Toronto,KOTRA_SNS_2025,식품/건강기능식품
220290,PL,Yet to be founded,,,,Importer,Warszawa,KOTRA_SNS_2025,식품/건강기능식품
220290,ID,PT Alga Bioteknologi Indonesia,,,,Importer,Semarang,KOTRA_SNS_2025,식품/건강기능식품
210390,ID,bumbupecelbubroto,,,,Importer,jakarta selatan,KOTRA_SNS_2025,식품/건강기능식품
210390,PH,West woods marketing corporation,,,,Importer,Quezon City,KOTRA_SNS_2025,식품/건강기능식품
220290,TH,Bangkok Airways,,,,Importer,Bangkok,KOTRA_SNS_2025,식품/건강기능식품
190590,DE,Wd,,,,Importer,Munich,KOTRA_SNS_2025,식품/건강기능식품
190590,KH,nine dots,,,,Importer,phnom penh,KOTRA_SNS_2025,식품/건강기능식품
190590,PH,Janlen ice cream House,,,,Importer,Atimonan,KOTRA_SNS_2025,식품/건강기능식품
190590,PH,SVAQ3 Ventures OPC,,,,Importer,Las Pias,KOTRA_SNS_2025,식품/건강기능식품
190590,PH,,,,,Importer,Quezon City,KOTRA_SNS_2025,식품/건강기능식품
190590,VN,Not launched,,,,Importer,Hanoi,KOTRA_SNS_2025,식품/건강기능식품
190590,VN,Cng ty TNHH XD Thnh ng,,,,Importer,C Mau,KOTRA_SNS_2025,식품/건강기능식품
190590,VN,Bamien,,,,Importer,Hanoi,KOTRA_SNS_2025,식품/건강기능식품
210690,IN,Sumit Phuddaz,,,,Importer,Hisar,KOTRA_SNS_2025,식품/건강기능식품
210690,IN,Sumit Phuddaz,,,,Importer,Hisar,KOTRA_SNS_2025,식품/건강기능식품
210690,IN,Hospital,,,,Importer,Hyderabad,KOTRA_SNS_2025,식품/건강기능식품
210690,IN,Star International,,,,Importer,Mumbai,KOTRA_SNS_2025,식품/건강기능식품
210690,IN,Concept Hospitality Pvt Ltd,,,,Importer,Delhi,KOTRA_SNS_2025,식품/건강기능식품
210690,IN,Gupta,,,,Importer,Karnal,KOTRA_SNS_2025,식품/건강기능식품
210690,IN,"ICT,Mumbai",,,,Importer,Thane,KOTRA_SNS_2025,식품/건강기능식품
210690,IN,Gifting Wardrobe,,,,Importer,Mumbai,KOTRA_SNS_2025,식품/건강기능식품
210690,IN,Sk,,,,Importer,Mumbai,KOTRA_SNS_2025,식품/건강기능식품
210690,IN,Yummilicious cakes n more,,,,Importer,Pune,KOTRA_SNS_2025,식품/건강기능식품
210690,IN,Furniture Mart,,,,Importer,Mumbai,KOTRA_SNS_2025,식품/건강기능식품
210690,IN,Nilkanth Corporation,,,,Importer,Surat,KOTRA_SNS_2025,식품/건강기능식품
210690,AW,Gay boy,,,,Importer,Ahmedabad,KOTRA_SNS_2025,식품/건강기능식품
210690,IN,Hero,,,,Importer,Karnal,KOTRA_SNS_2025,식품/건강기능식품
210690,IN,Saheli Beauty Studio and Academy,,,,Importer,Baroda,KOTRA_SNS_2025,식품/건강기능식품
210690,IN,GDP stakes Pvt Ltd,,,,Importer,Mumbai,KOTRA_SNS_2025,식품/건강기능식품
210690,IN,Sumit Phuddaz,,,,Importer,Hisar,KOTRA_SNS_2025,식품/건강기능식품
190590,CL,Nobitex Ltda,,,,Importer,Iquique,KOTRA_SNS_2025,식품/건강기능식품
190590,EC,Casa Korea,,,,Importer,Quito,KOTRA_SNS_2025,식품/건강기능식품
190590,CA,TBD,,,,Importer,Montreal,KOTRA_SNS_2025,식품/건강기능식품
190590,TH,individual,,,,Importer,Bangkok,KOTRA_SNS_2025,식품/건강기능식품
190590,UZ,Sayhun Group Bottlers,,,,Importer,Tashkent,KOTRA_SNS_2025,식품/건강기능식품
190590,VN,"Dang Khanh Technology Co., Ltd.",,,,Importer,Ho Chi Minh City,KOTRA_SNS_2025,식품/건강기능식품
190590,BD,"Ilshin Taekwang Metal Co., Ltd from SOUTH KOREA",,,,Importer,Dhaka,KOTRA_SNS_2025,식품/건강기능식품
190590,IN,,,,,Importer,Bangalore,KOTRA_SNS_2025,식품/건강기능식품
190590,IN,Sankarya,,,,Importer,Mysore,KOTRA_SNS_2025,식품/건강기능식품
190590,IN,Light,,,,Importer,Mumbai,KOTRA_SNS_2025,식품/건강기능식품
190590,IN,Axis Bank,,,,Importer,Kolkata,KOTRA_SNS_2025,식품/건강기능식품
190590,IN,SM Enterprise,,,,Importer,Mumbai,KOTRA_SNS_2025,식품/건강기능식품
210690,PH,Presidential communication office,,,,Importer,Las Pias,KOTRA_SNS_2025,식품/건강기능식품
220290,UZ,Ulugbek,,,,Importer,Horazm,KOTRA_SNS_2025,식품/건강기능식품
220290,UZ,OOO ORBIS,,,,Importer,Ташкент,KOTRA_SNS_2025,식품/건강기능식품
220290,ID,yahooo,,,,Importer,bandung,KOTRA_SNS_2025,식품/건강기능식품
220290,PH,MaxiDrug Pharmacy,,,,Importer,Muntinlupa City,KOTRA_SNS_2025,식품/건강기능식품
220290,PH,mkjh,,,,Importer,Laguna,KOTRA_SNS_2025,식품/건강기능식품
220290,PH,Gela Z Sebastian,,,,Importer,Quezon City,KOTRA_SNS_2025,식품/건강기능식품
220290,ID,PT Has Aneuk Nanggro,,,,Importer,Jakarta,KOTRA_SNS_2025,식품/건강기능식품
220290,PH,ARC Hospitals,,,,Importer,Cebu City,KOTRA_SNS_2025,식품/건강기능식품
220290,PH,Na,,,,Importer,Angeles City,KOTRA_SNS_2025,식품/건강기능식품
220290,PH,LoadManna Dealer,,,,Importer,Cagayan de Oro,KOTRA_SNS_2025,식품/건강기능식품
220290,PH,Ubeauty,,,,Importer,Manila,KOTRA_SNS_2025,식품/건강기능식품
220290,PH,Medglobal pharmacy,,,,Importer,Las Pias,KOTRA_SNS_2025,식품/건강기능식품
220290,PH,Orient Pharmaceutical & Medical Distribution Inc.,,,,Importer,cebu city,KOTRA_SNS_2025,식품/건강기능식품
220290,ID,BUMN,,,,Importer,Surabaya,KOTRA_SNS_2025,식품/건강기능식품
220290,US,MWLCOA,,,,Importer,Denver,KOTRA_SNS_2025,식품/건강기능식품
220290,US,Santi internal medicine,,,,Importer,Sorrento,KOTRA_SNS_2025,식품/건강기능식품
220290,US,Yes,,,,Importer,Pasadena,KOTRA_SNS_2025,식품/건강기능식품
220290,IN,Deccan dDomino exports,,,,Importer,Hyderabad,KOTRA_SNS_2025,식품/건강기능식품
220290,IN,Medical store,,,,Importer,Mumbai,KOTRA_SNS_2025,식품/건강기능식품
220290,IN,Lifespan hospital,,,,Importer,Hyderabad,KOTRA_SNS_2025,식품/건강기능식품
220290,IN,"ceo in adarsh medical stores,junagadh,gujarat",,,,Importer,Junagadh,KOTRA_SNS_2025,식품/건강기능식품
220290,IN,Ashram Medical Centre.,,,,Importer,Visakhapatnam,KOTRA_SNS_2025,식품/건강기능식품
220290,PK,Shade Trust Hospital,,,,Importer,Lahore,KOTRA_SNS_2025,식품/건강기능식품
220290,IN,Solastaa Salons,,,,Importer,Mumbai,KOTRA_SNS_2025,식품/건강기능식품
220290,IN,Saanso Pharma,,,,Importer,Hyderabad,KOTRA_SNS_2025,식품/건강기능식품
220290,US,Usa na,,,,Importer,Chittagong,KOTRA_SNS_2025,식품/건강기능식품
220290,IN,INDPRIDE REMEDIES PVT LTD,,,,Importer,Baroda dahod,KOTRA_SNS_2025,식품/건강기능식품
220290,KE,Atlasrollout,,,,Importer,Mombasa,KOTRA_SNS_2025,식품/건강기능식품
220290,KE,Pharmacie,,,,Importer,City Estate,KOTRA_SNS_2025,식품/건강기능식품
220290,KE,Jennt Africa Ltd,,,,Importer,Nairobi,KOTRA_SNS_2025,식품/건강기능식품
220290,US,hnb.los,,,,Importer,parana,KOTRA_SNS_2025,식품/건강기능식품
220290,AR,TKM,,,,Importer,CABA,KOTRA_SNS_2025,식품/건강기능식품
220290,AR,alemn,,,,Importer,bsas,KOTRA_SNS_2025,식품/건강기능식품
220290,AR,fyp,,,,Importer,Buenos Aires,KOTRA_SNS_2025,식품/건강기능식품
220290,AR,torresalajas,,,,Importer,Bommmgil,KOTRA_SNS_2025,식품/건강기능식품
220290,AR,alw,,,,Importer,Buenos Aires,KOTRA_SNS_2025,식품/건강기능식품
220290,AR,Direccin Nacional de Vas Navegables,,,,Importer,pergaminos,KOTRA_SNS_2025,식품/건강기능식품
220290,AR,a,,,,Importer,Paran,KOTRA_SNS_2025,식품/건강기능식품
220290,AR,laud,,,,Importer,Buenos Aires,KOTRA_SNS_2025,식품/건강기능식품
220290,TH,Eness,,,,Importer,Bangkok,KOTRA_SNS_2025,식품/건강기능식품
220290,US,polertech,,,,Importer,cerrito,KOTRA_SNS_2025,식품/건강기능식품
220290,AR,empleado,,,,Importer,caba,KOTRA_SNS_2025,식품/건강기능식품
220290,AR,jua,,,,Importer,buenos aires,KOTRA_SNS_2025,식품/건강기능식품
220290,AR,htm,,,,Importer,buenos aires,KOTRA_SNS_2025,식품/건강기능식품
220290,AR,bjj,,,,Importer,Rare,KOTRA_SNS_2025,식품/건강기능식품
220290,US,arcor,,,,Importer,Buenos Aires,KOTRA_SNS_2025,식품/건강기능식품
220290,AR,prieta,,,,Importer,Santa Fe,KOTRA_SNS_2025,식품/건강기능식품
220290,AR,El Foxer,,,,Importer,oarana,KOTRA_SNS_2025,식품/건강기능식품
220290,AR,.....,,,,Importer,Rosario,KOTRA_SNS_2025,식품/건강기능식품
220290,AR,newfashion,,,,Importer,huston,KOTRA_SNS_2025,식품/건강기능식품
220290,AR,jj,,,,Importer,Sauce Viejo,KOTRA_SNS_2025,식품/건강기능식품
220290,AR,.,,,,Importer,Buenos Aires,KOTRA_SNS_2025,식품/건강기능식품
220290,US,lope,,,,Importer,Los Angeles,KOTRA_SNS_2025,식품/건강기능식품
220290,TR,TNS Int Trading & Consulting Ltd,,,,Importer,Istanbul,KOTRA_SNS_2025,식품/건강기능식품
220290,TR,Kardelen fitness,,,,Importer,stanbul,KOTRA_SNS_2025,식품/건강기능식품
190590,NG,Infonet Consulting Group,,,,Importer,ikeja lagos,KOTRA_SNS_2025,식품/건강기능식품
190590,KE,Neon Ventures,,,,Importer,Nairobi,KOTRA_SNS_2025,식품/건강기능식품
190590,PK,traf international Pvt Ltd,,,,Importer,karachi,KOTRA_SNS_2025,식품/건강기능식품
190590,PK,CPEC International,,,,Importer,Wah can’t,KOTRA_SNS_2025,식품/건강기능식품
190590,PK,Muddasir,,,,Importer,Peshawar,KOTRA_SNS_2025,식품/건강기능식품
190590,PK,bonjour foods,,,,Importer,kahna nau Lahore,KOTRA_SNS_2025,식품/건강기능식품
190590,CI,KAHE INTERNATIONAL GROUP,,,,Importer,Abidjan,KOTRA_SNS_2025,식품/건강기능식품
190590,IN,Sell.do,,,,Importer,Pune,KOTRA_SNS_2025,식품/건강기능식품
190590,IN,Snifuniversal,,,,Importer,Mumbai,KOTRA_SNS_2025,식품/건강기능식품
190590,US,Kp agro,,,,Importer,Bulandshahr,KOTRA_SNS_2025,식품/건강기능식품
190590,IN,Metacentre Impex Private Limited,,,,Importer,Lucknow,KOTRA_SNS_2025,식품/건강기능식품
190590,IN,Bharat Electrodes,,,,Importer,Gauhati,KOTRA_SNS_2025,식품/건강기능식품
190590,ID,Yessy,,,,Importer,boyolali,KOTRA_SNS_2025,식품/건강기능식품
190590,ID,PT HASIMATA,,,,Importer,South Jakarta,KOTRA_SNS_2025,식품/건강기능식품
190590,ID,Imansyah mart,,,,Importer,Jakarta,KOTRA_SNS_2025,식품/건강기능식품
190590,ID,CV Rumah Tani Lestari,,,,Importer,Tangerang,KOTRA_SNS_2025,식품/건강기능식품
190590,ID,Firman,,,,Importer,Serang,KOTRA_SNS_2025,식품/건강기능식품
190590,ID,Sumber Rezeki Karunia Semesta,,,,Importer,Jakarta,KOTRA_SNS_2025,식품/건강기능식품
190590,GT,Nano Industries,,,,Importer,Guatemala City,KOTRA_SNS_2025,식품/건강기능식품
190590,PA,Ecotron Inc,,,,Importer,Panama,KOTRA_SNS_2025,식품/건강기능식품
190590,MA,Joa,,,,Importer,Casablanca,KOTRA_SNS_2025,식품/건강기능식품
190590,AE,Individual,,,,Importer,Dubai,KOTRA_SNS_2025,식품/건강기능식품
190590,CA,C4life,,,,Importer,"Vancouver,BC",KOTRA_SNS_2025,식품/건강기능식품
210690,ZA,AROHA,,,,Importer,Johannesburg,KOTRA_SNS_2025,식품/건강기능식품
210690,PT,SANTICLINIC,,,,Importer,Quarteira,KOTRA_SNS_2025,식품/건강기능식품
210690,NL,Guall Aesthetics,,,,Importer,Utrecht,KOTRA_SNS_2025,식품/건강기능식품
210690,IT,English pharma,,,,Importer,Pavia,KOTRA_SNS_2025,식품/건강기능식품
210690,GB,Infinity nails and beauty Ltd,,,,Importer,London,KOTRA_SNS_2025,식품/건강기능식품
210690,GB,Biomimicry Gaia,,,,Importer,London,KOTRA_SNS_2025,식품/건강기능식품
210690,GB,Sansuri,,,,Importer,birmingham,KOTRA_SNS_2025,식품/건강기능식품
210690,IT,Ig,,,,Importer,Mi,KOTRA_SNS_2025,식품/건강기능식품
210690,GR,Katsantoni Pharmacy,,,,Importer,Thessaloniki,KOTRA_SNS_2025,식품/건강기능식품
210690,FR,VANDERKEMP™,,,,Importer,Strasbourg,KOTRA_SNS_2025,식품/건강기능식품
210690,IT,Rovigo,,,,Importer,rovigo,KOTRA_SNS_2025,식품/건강기능식품
210690,FR,Musicien artiste,,,,Importer,Paris,KOTRA_SNS_2025,식품/건강기능식품
210690,FR,.,,,,Importer,"Oui,",KOTRA_SNS_2025,식품/건강기능식품
210690,FR,.,,,,Importer,Paris,KOTRA_SNS_2025,식품/건강기능식품
210690,GR,UNIQUE FINE ARTS SUPPLIES,,,,Importer,Athens,KOTRA_SNS_2025,식품/건강기능식품
210690,SE,"gare KaupmangaAB, MPC,",,,,Importer,Malm,KOTRA_SNS_2025,식품/건강기능식품
210690,BE,TIMAR DISTRIB,,,,Importer,Craiova,KOTRA_SNS_2025,식품/건강기능식품
210690,VN,Hung Thinh Corporation,,,,Importer,HCMC,KOTRA_SNS_2025,식품/건강기능식품
210690,VN,NielsenIQ,,,,Importer,Hochiminh City,KOTRA_SNS_2025,식품/건강기능식품
210690,VN,Olam Spices,,,,Importer,Ho Chi Minh City,KOTRA_SNS_2025,식품/건강기능식품
210690,VN,"H.D Paper Packaging Co.,Ltd",,,,Importer,BINH DUONG,KOTRA_SNS_2025,식품/건강기능식품
210690,VN,Guidepoint,,,,Importer,Ho Chi Minh City,KOTRA_SNS_2025,식품/건강기능식품
210690,VN,"Nuts Farm Gl  Co.,ltd",,,,Importer,Ho Chi Minh City,KOTRA_SNS_2025,식품/건강기능식품
210690,VN,Black Cat Insulation Technical JSC,,,,Importer,vung tau,KOTRA_SNS_2025,식품/건강기능식품
210690,VN,GAEA Global LLC,,,,Importer,Ho Chi Minh City,KOTRA_SNS_2025,식품/건강기능식품
210690,VN,Betrimex Vietnam,,,,Importer,Ho Chi Minh City Metropolitan Area,KOTRA_SNS_2025,식품/건강기능식품
210690,VN,GANI International Commodity LLC,,,,Importer,Hanoi Capital Region,KOTRA_SNS_2025,식품/건강기능식품
210690,VN,NutiFood Vit Nam,,,,Importer,Ho Chi Minh City Metropolitan Area,KOTRA_SNS_2025,식품/건강기능식품
210690,VN,TUI BLUE Nam Hoi An,,,,Importer,Quang Nam,KOTRA_SNS_2025,식품/건강기능식품
210690,VN,Tex Year Industries Inc.,,,,Importer,Hcm,KOTRA_SNS_2025,식품/건강기능식품
210690,VN,SGS,,,,Importer,Ho Chi Minh City,KOTRA_SNS_2025,식품/건강기능식품
210690,VN,An Lam Retreats,,,,Importer,Ho Chi Minh Cty,KOTRA_SNS_2025,식품/건강기능식품
210690,VN,MNC inc,,,,Importer,Hanoi,KOTRA_SNS_2025,식품/건강기능식품
210690,VN,TCHEM GROUP,,,,Importer,Ho Chi Minh City,KOTRA_SNS_2025,식품/건강기능식품
210690,VN,advantaseeds,,,,Importer,Hcmc,KOTRA_SNS_2025,식품/건강기능식품
210690,VN,Agagroup,,,,Importer,Hanoi,KOTRA_SNS_2025,식품/건강기능식품
210690,VN,BLV Company,,,,Importer,Ho Chi Minh City,KOTRA_SNS_2025,식품/건강기능식품
210690,VN,wisdeys,,,,Importer,Hanoi,KOTRA_SNS_2025,식품/건강기능식품
210690,JP,Helenacoffee.vn,,,,Importer,Ho Chi Minh City,KOTRA_SNS_2025,식품/건강기능식품
210690,VN,Nam vit,,,,Importer,Bnh dng,KOTRA_SNS_2025,식품/건강기능식품
210690,VN,Dinofarm Vit Nam,,,,Importer,Hanoi,KOTRA_SNS_2025,식품/건강기능식품
210690,VN,shinsung,,,,Importer,hcm,KOTRA_SNS_2025,식품/건강기능식품
210690,VN,LeKhaMart,,,,Importer,Ho Chi Minh City,KOTRA_SNS_2025,식품/건강기능식품
210690,VN,REDACHEM VIETNAM,,,,Importer,Ho Chi Minh City,KOTRA_SNS_2025,식품/건강기능식품
210690,VN,wander ltd.,,,,Importer,Ho Chi Minh City,KOTRA_SNS_2025,식품/건강기능식품
210690,VN,aurecon,,,,Importer,tp Hcm,KOTRA_SNS_2025,식품/건강기능식품
210690,VN,Cng ty c phn lng thc thc phm JCC,,,,Importer,Ho Chi Minh City,KOTRA_SNS_2025,식품/건강기능식품
210690,VN,RMV,,,,Importer,Bnh Dng,KOTRA_SNS_2025,식품/건강기능식품
210690,VN,TTC AgriS,,,,Importer,Lm ng,KOTRA_SNS_2025,식품/건강기능식품
210690,VN,"Ho Chi Minh City, Vietnam",,,,Importer,Ho Chi Minh City,KOTRA_SNS_2025,식품/건강기능식품
210690,VN,C Mn,,,,Importer,Thnh ph H Ch Minh,KOTRA_SNS_2025,식품/건강기능식품
210690,VN,"Hanoi, Vietnam",,,,Importer,Hanoi,KOTRA_SNS_2025,식품/건강기능식품
210690,VN,Cng ty TNHH TM DV Tuyt Mai,,,,Importer,Ho Chi Minh City,KOTRA_SNS_2025,식품/건강기능식품
190590,RU,ТОО Фукоидан,,,,Importer,Almaty,KOTRA_SNS_2025,식품/건강기능식품
190590,MN,Монголын Алт МАК,,,,Importer,Ulaanbaatar,KOTRA_SNS_2025,식품/건강기능식품
190590,MN,Circle,,,,Importer,Ulaanbaatar,KOTRA_SNS_2025,식품/건강기능식품
190590,UZ,Miniko,,,,Importer,Nukus,KOTRA_SNS_2025,식품/건강기능식품
190590,PH,Numedia digital signage  corp,,,,Importer,Pasig,KOTRA_SNS_2025,식품/건강기능식품
190590,SG,CORNERSTONE APAC (S) PTE. LTD.,,,,Importer,Singapore,KOTRA_SNS_2025,식품/건강기능식품
190590,PH,OCTOBOY Food Express,,,,Importer,Manila,KOTRA_SNS_2025,식품/건강기능식품
190590,ID,PT Inovasi Teknologi Untung Berkah,,,,Importer,Bogor,KOTRA_SNS_2025,식품/건강기능식품
190590,ID,G,,,,Importer,Bogor,KOTRA_SNS_2025,식품/건강기능식품
190590,PH,Ajamart korean grocery,,,,Importer,Pasig,KOTRA_SNS_2025,식품/건강기능식품
190590,ID,Super stop,,,,Importer,Jakarta,KOTRA_SNS_2025,식품/건강기능식품
190590,ID,Kayzen baby,,,,Importer,Indonesia,KOTRA_SNS_2025,식품/건강기능식품
190590,ID,Pt.wahana mutiara agromedica,,,,Importer,Tangsel,KOTRA_SNS_2025,식품/건강기능식품
190590,CA,Ultramar,,,,Importer,Montreal,KOTRA_SNS_2025,식품/건강기능식품
190590,IN,Rrr industrial products,,,,Importer,Chennai,KOTRA_SNS_2025,식품/건강기능식품
190590,BD,Huq Multi Products Ind. Limited.,,,,Importer,Dhaka,KOTRA_SNS_2025,식품/건강기능식품
190590,PK,Macromiles Technology,,,,Importer,lahore,KOTRA_SNS_2025,식품/건강기능식품
190590,LK,general st,,,,Importer,Wariyapola,KOTRA_SNS_2025,식품/건강기능식품
190590,BD,STARPORT,,,,Importer,Chittagong,KOTRA_SNS_2025,식품/건강기능식품
190590,PK,Tec Man  International,,,,Importer,Islamavad,KOTRA_SNS_2025,식품/건강기능식품
190590,PK,The Organic,,,,Importer,Dubai,KOTRA_SNS_2025,식품/건강기능식품
190590,IN,Sirmaxo chemicals pvt ltd,,,,Importer,Chandigarh,KOTRA_SNS_2025,식품/건강기능식품
190590,PK,lall mill foods  pvt Ltd,,,,Importer,Lahore,KOTRA_SNS_2025,식품/건강기능식품
190590,PK,sindh government,,,,Importer,Karachi,KOTRA_SNS_2025,식품/건강기능식품
190590,PK,Latifullah,,,,Importer,Islamabad,KOTRA_SNS_2025,식품/건강기능식품
190590,PK,ayub and sons,,,,Importer,Chiniot,KOTRA_SNS_2025,식품/건강기능식품
190590,BD,Seraji,,,,Importer,Dhaka,KOTRA_SNS_2025,식품/건강기능식품
190590,ZA,Boikgafo Multiprojects,,,,Importer,Limpopo,KOTRA_SNS_2025,식품/건강기능식품
190590,NG,UltraMasami,,,,Importer,Lagos,KOTRA_SNS_2025,식품/건강기능식품
190590,TZ,Inchaghe investment ltd,,,,Importer,Dar es Salaam,KOTRA_SNS_2025,식품/건강기능식품
190590,US,FENCE GHANA,,,,Importer,Accra,KOTRA_SNS_2025,식품/건강기능식품
190590,EC,jesus rubio,,,,Importer,Quito,KOTRA_SNS_2025,식품/건강기능식품
190590,ER,CIRUJANO ORTOPEDA Y TRAUMATOLOGO CIRUJANO DE COLUMNA,,,,Importer,Santiago,KOTRA_SNS_2025,식품/건강기능식품
190590,US,dh enterprise,,,,Importer,accra,KOTRA_SNS_2025,식품/건강기능식품
190590,EC,importadora pulax sa,,,,Importer,guayaquil,KOTRA_SNS_2025,식품/건강기능식품
210690,VN,Cat thanh,,,,Importer,Ho Chi Minh City,KOTRA_SNS_2025,식품/건강기능식품
210690,KH,Grand Med Pharma,,,,Importer,Phnom Penh,KOTRA_SNS_2025,식품/건강기능식품
210690,BD,Duster Limited,,,,Importer,Dhaka,KOTRA_SNS_2025,식품/건강기능식품
190230,IN,Owner,,,,Importer,Mumbai,KOTRA_SNS_2025,식품/건강기능식품
210390,IN,Indian Legends Holidays,,,,Importer,Delhi,KOTRA_SNS_2025,식품/건강기능식품
210390,IN,Business,,,,Importer,Delhi,KOTRA_SNS_2025,식품/건강기능식품
210390,IN,Kulishi Ventures,,,,Importer,Mumbai,KOTRA_SNS_2025,식품/건강기능식품
220299,IN,Bhaumik Bhatt consulting,,,,Importer,Rajkot,KOTRA_SNS_2025,식품/건강기능식품
190230,IN,Hayyat Enterprises,,,,Importer,Pune,KOTRA_SNS_2025,식품/건강기능식품
220299,IN,Mother Enterprise.,,,,Importer,Mumbai,KOTRA_SNS_2025,식품/건강기능식품
210390,IN,Nityanand and co,,,,Importer,Mumbai,KOTRA_SNS_2025,식품/건강기능식품
220299,IN,Nil,,,,Importer,Mumbai,KOTRA_SNS_2025,식품/건강기능식품
210390,IN,Delish agro,,,,Importer,Mumbai,KOTRA_SNS_2025,식품/건강기능식품
190230,IN,Skmcc,,,,Importer,Mumbai,KOTRA_SNS_2025,식품/건강기능식품
190230,IN,Mangilal Rohitkumar,,,,Importer,Jaipur,KOTRA_SNS_2025,식품/건강기능식품
220299,IN,Turkeywala,,,,Importer,Amravati,KOTRA_SNS_2025,식품/건강기능식품
210390,IN,Body Smith Pvt Ltd,,,,Importer,New Delhi,KOTRA_SNS_2025,식품/건강기능식품
220299,IN,Metacentre Impex Private Limited,,,,Importer,Lucknow,KOTRA_SNS_2025,식품/건강기능식품
190230,IN,Dot Badges,,,,Importer,Mumbai,KOTRA_SNS_2025,식품/건강기능식품
220299,IN,"Antariksha Retreat, J Vora Hotels and resorts ltd",,,,Importer,Mumbai,KOTRA_SNS_2025,식품/건강기능식품
220299,IN,Business,,,,Importer,Pune,KOTRA_SNS_2025,식품/건강기능식품
210390,IN,All India Agro,,,,Importer,Bangalore,KOTRA_SNS_2025,식품/건강기능식품
210390,IN,Yam corporation,,,,Importer,Ahmedabad,KOTRA_SNS_2025,식품/건강기능식품
190230,IN,Bhimkranti food world pvt ltd,,,,Importer,Ahmedabad,KOTRA_SNS_2025,식품/건강기능식품
190230,IN,Z,,,,Importer,Delhi,KOTRA_SNS_2025,식품/건강기능식품
210390,IN,XTN Xpress,,,,Importer,Delhi,KOTRA_SNS_2025,식품/건강기능식품
190230,IN,RC,,,,Importer,Coimbatore,KOTRA_SNS_2025,식품/건강기능식품
220299,IN,M M sec services,,,,Importer,MUMBAI,KOTRA_SNS_2025,식품/건강기능식품
210390,IN,Light,,,,Importer,Mumbai,KOTRA_SNS_2025,식품/건강기능식품
210390,IN,Tanwar Enterprises,,,,Importer,Navi Mumbai,KOTRA_SNS_2025,식품/건강기능식품
210390,IN,ASPIRE DESIGNS,,,,Importer,Delhi,KOTRA_SNS_2025,식품/건강기능식품
190230,IN,SFOM fintech pvt Ltd,,,,Importer,mumbai,KOTRA_SNS_2025,식품/건강기능식품
210390,IN,Chindalia Industrial Products Ltd,,,,Importer,Mumbai,KOTRA_SNS_2025,식품/건강기능식품
220299,IN,Tazaphal,,,,Importer,Mumbai,KOTRA_SNS_2025,식품/건강기능식품
210390,IN,k. k. enterprise,,,,Importer,Vadodara,KOTRA_SNS_2025,식품/건강기능식품
220299,IN,Srubs Overseas,,,,Importer,Navi Mumbai,KOTRA_SNS_2025,식품/건강기능식품
190230,IN,SPINSOL,,,,Importer,Bengaluru,KOTRA_SNS_2025,식품/건강기능식품
220299,IN,Mysuru kaapi,,,,Importer,Bangalore,KOTRA_SNS_2025,식품/건강기능식품
190230,IN,Earthly joy global Pvt ltd,,,,Importer,Pune,KOTRA_SNS_2025,식품/건강기능식품
220299,IN,Shah & Sons,,,,Importer,Mumbai,KOTRA_SNS_2025,식품/건강기능식품
220299,IN,Orb intnl trading co,,,,Importer,Mumbai,KOTRA_SNS_2025,식품/건강기능식품
210690,VN,Cat thanh,,,,Importer,Ho Chi Minh City,KOTRA_SNS_2025,식품/건강기능식품
210690,KH,Grand Med Pharma,,,,Importer,Phnom Penh,KOTRA_SNS_2025,식품/건강기능식품
210690,BD,Duster Limited,,,,Importer,Dhaka,KOTRA_SNS_2025,식품/건강기능식품
210690,US,Strongmedicalgroup.com,,,,Importer,West Palm Beach,KOTRA_SNS_2025,식품/건강기능식품
210690,BR,Vox Med,,,,Importer,Winter Garden,KOTRA_SNS_2025,식품/건강기능식품
210690,US,Mayorista del Caribe,,,,Importer,Hialeah,KOTRA_SNS_2025,식품/건강기능식품
210690,US,Great box packaging,,,,Importer,Brownsville,KOTRA_SNS_2025,식품/건강기능식품
210690,US,Cyberblueprint LLC,,,,Importer,Rowland Heights,KOTRA_SNS_2025,식품/건강기능식품
210690,MX,Jose pelaez,,,,Importer,Ciudad de Mxico,KOTRA_SNS_2025,식품/건강기능식품
210690,AR,poler6,,,,Importer,Bovgd,KOTRA_SNS_2025,식품/건강기능식품
210690,US,fox,,,,Importer,santa fe,KOTRA_SNS_2025,식품/건강기능식품
210690,MX,Jefe,,,,Importer,Ciudad de Mxico,KOTRA_SNS_2025,식품/건강기능식품
210690,AR,cv kbhjhhhchb,,,,Importer,Rafaela,KOTRA_SNS_2025,식품/건강기능식품
210690,US,austren srl,,,,Importer,san nicolas,KOTRA_SNS_2025,식품/건강기능식품
210690,BR,Ferh,,,,Importer,kdkd,KOTRA_SNS_2025,식품/건강기능식품
210690,AR,poler,,,,Importer,Ro Cuarto,KOTRA_SNS_2025,식품/건강기능식품
210690,AR,mastros,,,,Importer,rosario,KOTRA_SNS_2025,식품/건강기능식품
210690,AR,ryb,,,,Importer,bsas,KOTRA_SNS_2025,식품/건강기능식품
210690,AR,junin,,,,Importer,ceres,KOTRA_SNS_2025,식품/건강기능식품
210690,AR,fox,,,,Importer,santa fe,KOTRA_SNS_2025,식품/건강기능식품
210690,AR,dhhd,,,,Importer,Buenos Aires,KOTRA_SNS_2025,식품/건강기능식품
210690,MX,Textiles,,,,Importer,Ciudad de Mxico,KOTRA_SNS_2025,식품/건강기능식품
210690,EC,Alfilbuy,,,,Importer,Huaquillas,KOTRA_SNS_2025,식품/건강기능식품
210690,AR,gool,,,,Importer,Rosario,KOTRA_SNS_2025,식품/건강기능식품
210690,US,j&h,,,,Importer,Santa fe,KOTRA_SNS_2025,식품/건강기능식품
210690,AR,wichi,,,,Importer,Santa fe,KOTRA_SNS_2025,식품/건강기능식품
210690,AR,acindar,,,,Importer,San Martn,KOTRA_SNS_2025,식품/건강기능식품
210690,AR,trend max,,,,Importer,bsas,KOTRA_SNS_2025,식품/건강기능식품
210690,EC,Indumaster S.A.,,,,Importer,Manta,KOTRA_SNS_2025,식품/건강기능식품
210690,AR,vtthht,,,,Importer,Miami,KOTRA_SNS_2025,식품/건강기능식품
210690,AR,ProGamers,,,,Importer,Federal,KOTRA_SNS_2025,식품/건강기능식품
210690,US,bu GT,,,,Importer,bu,KOTRA_SNS_2025,식품/건강기능식품
210690,AR,fetrea,,,,Importer,crespo,KOTRA_SNS_2025,식품/건강기능식품
210690,AR,long ftrut,,,,Importer,Buenos Aires,KOTRA_SNS_2025,식품/건강기능식품
210690,AR,paso,,,,Importer,Paran,KOTRA_SNS_2025,식품/건강기능식품
210690,AR,fyg,,,,Importer,Buenos Aires,KOTRA_SNS_2025,식품/건강기능식품
210690,AR,torres,,,,Importer,Buenos Aires,KOTRA_SNS_2025,식품/건강기능식품
210690,US,rgrg,,,,Importer,kdkdkd,KOTRA_SNS_2025,식품/건강기능식품
210690,AR,fox,,,,Importer,huwgkher,KOTRA_SNS_2025,식품/건강기능식품
210690,AR,fox,,,,Importer,Santa Fe,KOTRA_SNS_2025,식품/건강기능식품
210690,US,polkas,,,,Importer,pilar,KOTRA_SNS_2025,식품/건강기능식품
210690,US,fo,,,,Importer,Alta Gracia,KOTRA_SNS_2025,식품/건강기능식품
210690,US,lope,,,,Importer,caba,KOTRA_SNS_2025,식품/건강기능식품
210690,AR,kuki,,,,Importer,bs as,KOTRA_SNS_2025,식품/건강기능식품
210690,EC,Importech,,,,Importer,Loja,KOTRA_SNS_2025,식품/건강기능식품
210690,AR,face,,,,Importer,buenos aires,KOTRA_SNS_2025,식품/건강기능식품
210690,AR,FIBA,,,,Importer,CABA,KOTRA_SNS_2025,식품/건강기능식품
210690,AR,iki,,,,Importer,belen,KOTRA_SNS_2025,식품/건강기능식품
210690,AR,Gotte S.A.m,,,,Importer,Ro Cuarto,KOTRA_SNS_2025,식품/건강기능식품
210690,US,fox,,,,Importer,mar del plata,KOTRA_SNS_2025,식품/건강기능식품
210690,AR,hthh,,,,Importer,byyb,KOTRA_SNS_2025,식품/건강기능식품
210690,AR,magi srl,,,,Importer,bsas,KOTRA_SNS_2025,식품/건강기능식품
210690,MX,Jalisco,,,,Importer,Ciudad de Mxico,KOTRA_SNS_2025,식품/건강기능식품
210690,AR,niidea,,,,Importer,santa fe,KOTRA_SNS_2025,식품/건강기능식품
210690,AR,politech,,,,Importer,Bovril,KOTRA_SNS_2025,식품/건강기능식품
210690,AR,fox,,,,Importer,Paran,KOTRA_SNS_2025,식품/건강기능식품
210690,AR,no tiene,,,,Importer,Posadas,KOTRA_SNS_2025,식품/건강기능식품
210690,MX,Tyjjkk,,,,Importer,Ciudad Jurez,KOTRA_SNS_2025,식품/건강기능식품
210690,AR,moter,,,,Importer,CABA,KOTRA_SNS_2025,식품/건강기능식품
210690,MX,Potter's Technology,,,,Importer,Monterrey,KOTRA_SNS_2025,식품/건강기능식품
210690,AR,fox,,,,Importer,salta,KOTRA_SNS_2025,식품/건강기능식품
210690,AR,sancor,,,,Importer,santa fe,KOTRA_SNS_2025,식품/건강기능식품
210690,AR,efggr,,,,Importer,jujuy,KOTRA_SNS_2025,식품/건강기능식품
210690,AR,ial,,,,Importer,caba,KOTRA_SNS_2025,식품/건강기능식품
210690,US,sedq,,,,Importer,pergaminos,KOTRA_SNS_2025,식품/건강기능식품
210690,EC,VASCHLABS,,,,Importer,Quito,KOTRA_SNS_2025,식품/건강기능식품
210690,MX,Thsg,,,,Importer,Ciudad de Mxico,KOTRA_SNS_2025,식품/건강기능식품
210690,Indonesia,pt mursmedic,,,,Importer,Makassar,KOTRA_SNS_2025,식품/건강기능식품
210690,US,Atlantic Laboratory Group Corp.,,,,Importer,Portsmouth,KOTRA_SNS_2025,식품/건강기능식품
210690,US,Mod,,,,Importer,Fullerton,KOTRA_SNS_2025,식품/건강기능식품
210690,India,Shri Salasar mediways,,,,Importer,New Delhi,KOTRA_SNS_2025,식품/건강기능식품
210690,IN,Self,,,,Importer,Hyderabad,KOTRA_SNS_2025,식품/건강기능식품
210690,NG,foresight and strategy Nig. ltd,,,,Importer,Aba,KOTRA_SNS_2025,식품/건강기능식품
210690,NG,Kc electronics,,,,Importer,Owerri,KOTRA_SNS_2025,식품/건강기능식품
210690,GH,Papabash Ventures,,,,Importer,Accra,KOTRA_SNS_2025,식품/건강기능식품
210690,GH,Epaphras Hospital,,,,Importer,Kumasi,KOTRA_SNS_2025,식품/건강기능식품
210690,DO,Skinmed,,,,Importer,Santo domingo,KOTRA_SNS_2025,식품/건강기능식품
210690,PY,Dra Belleza,,,,Importer,Luque,KOTRA_SNS_2025,식품/건강기능식품
210690,TR,Visitandmedcare,,,,Importer,Istanbul,KOTRA_SNS_2025,식품/건강기능식품
210690,DZ,promedlead,,,,Importer,Algeria,KOTRA_SNS_2025,식품/건강기능식품
210690,DZ,Grant propritaire,,,,Importer,Constantine,KOTRA_SNS_2025,식품/건강기능식품
200971,PK,"Kuala Lumpur, Malaysia",,,,Importer,No city District Buner KPK,KOTRA_SNS_2025,식품/건강기능식품
200971,VN,ATM investment,,,,Importer,Ho Chi Minh City,KOTRA_SNS_2025,식품/건강기능식품
200971,MY,Kudap2pan by Abang Zali,,,,Importer,Tangkak,KOTRA_SNS_2025,식품/건강기능식품
200971,MY,Real taste,,,,Importer,Penang,KOTRA_SNS_2025,식품/건강기능식품
200971,VN,Medtexvina,,,,Importer,Hanoi,KOTRA_SNS_2025,식품/건강기능식품
200971,VN,CEN group,,,,Importer,H Ni,KOTRA_SNS_2025,식품/건강기능식품
200971,KR,Next human global,,,,Importer,Namyangju,KOTRA_SNS_2025,식품/건강기능식품
200971,MY,HR,,,,Importer,Kuala Lumpur,KOTRA_SNS_2025,식품/건강기능식품
200971,US,Kdkwakzk,,,,Importer,Fjakaowo,KOTRA_SNS_2025,식품/건강기능식품
200971,MY,Renotech trading,,,,Importer,"Cheras, Kuala Lumpur",KOTRA_SNS_2025,식품/건강기능식품
200971,MY,IzzCafe,,,,Importer,selangor,KOTRA_SNS_2025,식품/건강기능식품
200971,MY,MediB,,,,Importer,Puchong,KOTRA_SNS_2025,식품/건강기능식품
200971,MY,M-Plan sdn bhd,,,,Importer,Shah Alam,KOTRA_SNS_2025,식품/건강기능식품
200971,NP,Emirates Flight Catering Co. Accommodation,,,,Importer,Kathmandu,KOTRA_SNS_2025,식품/건강기능식품
200971,VN,B Thi Caf,,,,Importer,da lat,KOTRA_SNS_2025,식품/건강기능식품
200971,MY,Sharikat Cheng Bee,,,,Importer,"Teluk Intan, Perak",KOTRA_SNS_2025,식품/건강기능식품
200971,MY,"""Hindari lelaki friendly...dengan perempuan"".",,,,Importer,Kuala Lumpur,KOTRA_SNS_2025,식품/건강기능식품
200971,US,.,,,,Importer,Kuching,KOTRA_SNS_2025,식품/건강기능식품
200971,MY,.,,,,Importer,KLf,KOTRA_SNS_2025,식품/건강기능식품
200971,MY,EM INDUSTRIES,,,,Importer,Bintulu,KOTRA_SNS_2025,식품/건강기능식품
200971,US,pht ti,,,,Importer,tphcm,KOTRA_SNS_2025,식품/건강기능식품
200971,MY,Bd beauty management,,,,Importer,SELANGOR,KOTRA_SNS_2025,식품/건강기능식품
200971,MY,Gargantuan Resources,,,,Importer,Kuala Lumpur,KOTRA_SNS_2025,식품/건강기능식품
210690,Mxico,Estudio80,,,,Importer,Mxico,KOTRA_SNS_2025,식품/건강기능식품
210690,Mxico,Profesional independiente,,,,Importer,Mxico,KOTRA_SNS_2025,식품/건강기능식품
210690,Mxico,George Koch Sons de Mexico,,,,Importer,Mxico,KOTRA_SNS_2025,식품/건강기능식품
190219,US,Citywide text/ Text,,,,Importer,St. Louis,KOTRA_SNS_2025,식품/건강기능식품
210690,Mxico,Quantum Lease,,,,Importer,Mxico,KOTRA_SNS_2025,식품/건강기능식품
210690,Mxico,Consultora Social MX,,,,Importer,Mxico,KOTRA_SNS_2025,식품/건강기능식품
190219,US,Citywide text/ Text,,,,Importer,St. Louis,KOTRA_SNS_2025,식품/건강기능식품
220210,KH,IM,,,,Importer,Phnom Penh,KOTRA_SNS_2025,식품/건강기능식품
220210,KH,cambodia,,,,Importer,Phnom Penh,KOTRA_SNS_2025,식품/건강기능식품
220210,US,GJYH,,,,Importer,fhg,KOTRA_SNS_2025,식품/건강기능식품
220210,US,avenice,,,,Importer,Siem Reap,KOTRA_SNS_2025,식품/건강기능식품
220210,US,Huntington Valley Country Club,,,,Importer,Horsham,KOTRA_SNS_2025,식품/건강기능식품
220210,SG,wellness By RCM,,,,Importer,Singapore,KOTRA_SNS_2025,식품/건강기능식품
190220,IN,DICEUS lifestyle Pvt Ltd,,,,Importer,Jaipur,KOTRA_SNS_2025,식품/건강기능식품
190220,IN,,,,,Importer,Mumbai,KOTRA_SNS_2025,식품/건강기능식품
190220,IN,Nishumu foods,,,,Importer,Delhi,KOTRA_SNS_2025,식품/건강기능식품
190220,IN,....,,,,Importer,Mumbai,KOTRA_SNS_2025,식품/건강기능식품
190220,IN,Raj Fabrication,,,,Importer,Jaipur,KOTRA_SNS_2025,식품/건강기능식품
190220,IN,Blue Sky,,,,Importer,Indore,KOTRA_SNS_2025,식품/건강기능식품
190220,IN,Dumpling Project,,,,Importer,Pune,KOTRA_SNS_2025,식품/건강기능식품
190220,IN,The velvet veils,,,,Importer,Delhi,KOTRA_SNS_2025,식품/건강기능식품
190220,IN,Yourpackets,,,,Importer,Delhi,KOTRA_SNS_2025,식품/건강기능식품
210690,Mxico,Alimentos Mirn,,,,Importer,Mxico,KOTRA_SNS_2025,식품/건강기능식품
210690,Mxico,MW & Co.,,,,Importer,Mxico,KOTRA_SNS_2025,식품/건강기능식품
210690,Guatemala,BCG de Centroamrica / Adisa Pest Control SA,,,,Importer,Guatemala,KOTRA_SNS_2025,식품/건강기능식품
210690,Mxico,VMLY&R COMMERCE,,,,Importer,Mxico,KOTRA_SNS_2025,식품/건강기능식품
210690,Mxico,CARROCERA SPR DE RL,,,,Importer,Mxico,KOTRA_SNS_2025,식품/건강기능식품
210690,Mxico,Profesional independiente,,,,Importer,Mxico,KOTRA_SNS_2025,식품/건강기능식품
210690,Mxico,Grupo Bersa,,,,Importer,Mxico,KOTRA_SNS_2025,식품/건강기능식품
210690,Mxico,Ki´balche Alimentos,,,,Importer,Mxico,KOTRA_SNS_2025,식품/건강기능식품
210690,MY,.,,,,Importer,KLf,KOTRA_SNS_2025,식품/건강기능식품
210690,ID,Medcos,,,,Importer,Batam,KOTRA_SNS_2025,식품/건강기능식품
210690,US,bansan pharma distributor,,,,Importer,qc,KOTRA_SNS_2025,식품/건강기능식품
210690,US,Grace,,,,Importer,makati,KOTRA_SNS_2025,식품/건강기능식품
210690,MY,Fotia Biotech,,,,Importer,Kuala Lumpur,KOTRA_SNS_2025,식품/건강기능식품
210690,NG,Amos world enterprises,,,,Importer,lagos Nigeria,KOTRA_SNS_2025,식품/건강기능식품
210690,ID,PT. Sentra Freshindo Utama,,,,Importer,Depok,KOTRA_SNS_2025,식품/건강기능식품
210690,ID,AFC,,,,Importer,tangerang selatan,KOTRA_SNS_2025,식품/건강기능식품
210690,MM,none,,,,Importer,marilao,KOTRA_SNS_2025,식품/건강기능식품
210690,MY,medib,,,,Importer,Kuala Lumpur,KOTRA_SNS_2025,식품/건강기능식품
210690,PH,DA company,,,,Importer,Balingasaguk,KOTRA_SNS_2025,식품/건강기능식품
210690,PH,Equaliving Corporation,,,,Importer,Calamba,KOTRA_SNS_2025,식품/건강기능식품
210690,MY,_,,,,Importer,_,KOTRA_SNS_2025,식품/건강기능식품
210690,US,.,,,,Importer,Kuching,KOTRA_SNS_2025,식품/건강기능식품
210690,US,YouTube,,,,Importer,Ardmore,KOTRA_SNS_2025,식품/건강기능식품
210690,US,MedSpa BOTOX Body & Facial,,,,Importer,houston,KOTRA_SNS_2025,식품/건강기능식품
210690,US,WWE,,,,Importer,Chicago,KOTRA_SNS_2025,식품/건강기능식품
210690,US,La barra,,,,Importer,Chicago,KOTRA_SNS_2025,식품/건강기능식품
210690,US,Moondust Menagerie,,,,Importer,Knoxville,KOTRA_SNS_2025,식품/건강기능식품
210690,JP,KYOKO HIGA CREATION LTD.,,,,Importer,Tokyo,KOTRA_SNS_2025,식품/건강기능식품
210690,Mxico,NaturaExtracta,,,,Importer,Mxico,KOTRA_SNS_2025,식품/건강기능식품
210690,Mxico,R.H. Shipping & Chartering,,,,Importer,Mxico,KOTRA_SNS_2025,식품/건강기능식품
210690,Mxico,Productos Alimenticios Johnny Rios S.A. de,,,,Importer,Mxico,KOTRA_SNS_2025,식품/건강기능식품
210690,Mxico,Exportadora de Caf California S.A. de C.V.,,,,Importer,Mxico,KOTRA_SNS_2025,식품/건강기능식품
210690,TH,Gaia bites,,,,Importer,Bangkok,KOTRA_SNS_2025,식품/건강기능식품
210690,US,nmak3634@gmail.com,,,,Importer,nmak3634@gmail.com,KOTRA_SNS_2025,식품/건강기능식품
210690,VN,An Lnh Plaza,,,,Importer,Ha Noi,KOTRA_SNS_2025,식품/건강기능식품
210690,VN,CEN group,,,,Importer,H Ni,KOTRA_SNS_2025,식품/건강기능식품
210690,VN,Truong phuoc long an,,,,Importer,hcm,KOTRA_SNS_2025,식품/건강기능식품
210690,VN,Cabin Crew/Flight Attendant ti Vietnam Airlines,,,,Importer,d,KOTRA_SNS_2025,식품/건강기능식품
210690,VN,"metro cash and carry bien Hoa, dong nai, Vietnam",,,,Importer,"140, chi lng, Hu VN",KOTRA_SNS_2025,식품/건강기능식품
210690,US,K s Xy dng Cng trnh cng nghip v dn dng,,,,Importer,c,KOTRA_SNS_2025,식품/건강기능식품
210690,TH,samurai& ninja,,,,Importer,toyko,KOTRA_SNS_2025,식품/건강기능식품
210690,VN,h,,,,Importer,tp bmt,KOTRA_SNS_2025,식품/건강기능식품
210690,IN,Hii,,,,Importer,Coimbatore,KOTRA_SNS_2025,식품/건강기능식품
210690,IN,(Attitð Bø) ▒★★●◎♥◎♥◎♥◎ ▒ ☆。° Hrt ▒★ at Facebook V.I.P Account ││││ │  Of,,,,Importer,Lucknow,KOTRA_SNS_2025,식품/건강기능식품
210690,US,Sundaram alliance,,,,Importer,Chennai,KOTRA_SNS_2025,식품/건강기능식품
210690,IN,Hmm,,,,Importer,Bangalore,KOTRA_SNS_2025,식품/건강기능식품
210690,IN,kl,,,,Importer,Dindigul,KOTRA_SNS_2025,식품/건강기능식품
210690,US,Balaji engineering,,,,Importer,egra,KOTRA_SNS_2025,식품/건강기능식품
210690,US,Husen,,,,Importer,Husen,KOTRA_SNS_2025,식품/건강기능식품
210690,IN,CEO,,,,Importer,Chennai,KOTRA_SNS_2025,식품/건강기능식품
210690,IN,Vijay,,,,Importer,vijaysharmaji,KOTRA_SNS_2025,식품/건강기능식품
210690,US,Milton Biswas,,,,Importer,Milton Biswas,KOTRA_SNS_2025,식품/건강기능식품
210690,IN,Yes,,,,Importer,Vellore,KOTRA_SNS_2025,식품/건강기능식품
210690,IN,PADMASRI TOWNSHIPS',,,,Importer,Aamanagal,KOTRA_SNS_2025,식품/건강기능식품
210690,IN,Login Fragrances,,,,Importer,Bangalore,KOTRA_SNS_2025,식품/건강기능식품
210690,IN,Aegis,,,,Importer,Bangalore,KOTRA_SNS_2025,식품/건강기능식품
210690,IN,SAMSEENA ENTERPRISE'S,,,,Importer,Malappuram,KOTRA_SNS_2025,식품/건강기능식품
210690,IN,Amjath toys,,,,Importer,Madurai,KOTRA_SNS_2025,식품/건강기능식품
210690,IN,Student,,,,Importer,Gonda,KOTRA_SNS_2025,식품/건강기능식품
210690,IN,Hindustan Times Media Ltd,,,,Importer,BIHARSHARIF,KOTRA_SNS_2025,식품/건강기능식품
210690,IN,Parthvi agritech industries,,,,Importer,Deesa,KOTRA_SNS_2025,식품/건강기능식품
210690,IN,"Jabalpur, Madhya Pradesh",,,,Importer,Jabalpur,KOTRA_SNS_2025,식품/건강기능식품
210690,IN,Viv,,,,Importer,Jaipur,KOTRA_SNS_2025,식품/건강기능식품
210690,IN,XYZ,,,,Importer,Mumbai,KOTRA_SNS_2025,식품/건강기능식품
210690,IN,nutrition counseling,,,,Importer,PATNA,KOTRA_SNS_2025,식품/건강기능식품
210690,IN,makta,,,,Importer,ekm,KOTRA_SNS_2025,식품/건강기능식품
210690,TR,Buse Kozmetik ve Parfmeri malat thalat hracat San. Tic. Ltd. ti.,,,,Importer,stanbul,KOTRA_SNS_2025,식품/건강기능식품
210690,IN,Unity India Corp,,,,Importer,MUMBAI,KOTRA_SNS_2025,식품/건강기능식품
210690,IN,NAPS NARORA NPCIL,,,,Importer,Since18 years madhumeh se grant hun,KOTRA_SNS_2025,식품/건강기능식품
210690,IN,Job,,,,Importer,India,KOTRA_SNS_2025,식품/건강기능식품
210690,US,muscular nutrition,,,,Importer,delhi,KOTRA_SNS_2025,식품/건강기능식품
210690,IN,Coin Collection,,,,Importer,Delhi,KOTRA_SNS_2025,식품/건강기능식품
210690,IN,Skincare clinic,,,,Importer,Mysuru,KOTRA_SNS_2025,식품/건강기능식품
210690,IN,Collabrains,,,,Importer,Surat,KOTRA_SNS_2025,식품/건강기능식품
210690,IN,Fitness motivators India pvt ltd,,,,Importer,Ahmedabad,KOTRA_SNS_2025,식품/건강기능식품
210690,IN,United industries,,,,Importer,nashik,KOTRA_SNS_2025,식품/건강기능식품
210690,US,Hi,,,,Importer,Vijapur,KOTRA_SNS_2025,식품/건강기능식품
210690,US,Banti,,,,Importer,Banti,KOTRA_SNS_2025,식품/건강기능식품
210690,IN,Director,,,,Importer,bareli,KOTRA_SNS_2025,식품/건강기능식품
210690,IN,Sterling Resources,,,,Importer,Mumbai,KOTRA_SNS_2025,식품/건강기능식품
210690,IN,"Followed by 18,946,739 people",,,,Importer,patiala,KOTRA_SNS_2025,식품/건강기능식품
210690,US,goo 4,,,,Importer,chop,KOTRA_SNS_2025,식품/건강기능식품
210690,IN,Amravati University,,,,Importer,Akola,KOTRA_SNS_2025,식품/건강기능식품
210690,IN,Om sweets pvt ltd,,,,Importer,Gurugram,KOTRA_SNS_2025,식품/건강기능식품
210690,AR,Jio,,,,Importer,Ludhiyana,KOTRA_SNS_2025,식품/건강기능식품
210690,IN,.,,,,Importer,.,KOTRA_SNS_2025,식품/건강기능식품
210690,AM,Ghhuh,,,,Importer,Nmmkbjjnnmmmmm,KOTRA_SNS_2025,식품/건강기능식품
210690,IN,na,,,,Importer,noida,KOTRA_SNS_2025,식품/건강기능식품
210690,IN,Mintdrops Innovations Global Pvt Ltd,,,,Importer,Hyderabad,KOTRA_SNS_2025,식품/건강기능식품
210690,IN,english,,,,Importer,pb,KOTRA_SNS_2025,식품/건강기능식품
210690,IN,Dawa Ghar,,,,Importer,Ramkola,KOTRA_SNS_2025,식품/건강기능식품
210690,IN,Cisha,,,,Importer,Delhi,KOTRA_SNS_2025,식품/건강기능식품
200971,ID,Good papa fresh gallery,,,,Importer,Jakarta,KOTRA_SNS_2025,식품/건강기능식품
200971,MY,medib,,,,Importer,Kuala Lumpur,KOTRA_SNS_2025,식품/건강기능식품
200971,MY,_,,,,Importer,_,KOTRA_SNS_2025,식품/건강기능식품
210690,TH,Gaia bites,,,,Importer,Bangkok,KOTRA_SNS_2025,식품/건강기능식품
210690,VN,Cng ty c phn quc t nh Dng Xanh,,,,Importer,H ch minh,KOTRA_SNS_2025,식품/건강기능식품
210690,US,nmak3634@gmail.com,,,,Importer,nmak3634@gmail.com,KOTRA_SNS_2025,식품/건강기능식품
210690,VN,An Lnh Plaza,,,,Importer,Ha Noi,KOTRA_SNS_2025,식품/건강기능식품
210690,VN,CEN group,,,,Importer,H Ni,KOTRA_SNS_2025,식품/건강기능식품
210690,VN,Truong phuoc long an,,,,Importer,hcm,KOTRA_SNS_2025,식품/건강기능식품
210690,VN,Cabin Crew/Flight Attendant ti Vietnam Airlines,,,,Importer,d,KOTRA_SNS_2025,식품/건강기능식품
210690,VN,"metro cash and carry bien Hoa, dong nai, Vietnam",,,,Importer,"140, chi lng, Hu VN",KOTRA_SNS_2025,식품/건강기능식품
210690,US,K s Xy dng Cng trnh cng nghip v dn dng,,,,Importer,c,KOTRA_SNS_2025,식품/건강기능식품
210690,TH,samurai& ninja,,,,Importer,toyko,KOTRA_SNS_2025,식품/건강기능식품
210690,VN,h,,,,Importer,tp bmt,KOTRA_SNS_2025,식품/건강기능식품
210690,IN,Hii,,,,Importer,Coimbatore,KOTRA_SNS_2025,식품/건강기능식품
210690,IN,(Attitð Bø) ▒★★●◎♥◎♥◎♥◎ ▒ ☆。° Hrt ▒★ at Facebook V.I.P Account ││││ │  Of,,,,Importer,Lucknow,KOTRA_SNS_2025,식품/건강기능식품
210690,US,Sundaram alliance,,,,Importer,Chennai,KOTRA_SNS_2025,식품/건강기능식품
210690,IN,Hmm,,,,Importer,Bangalore,KOTRA_SNS_2025,식품/건강기능식품
210690,IN,kl,,,,Importer,Dindigul,KOTRA_SNS_2025,식품/건강기능식품
210690,IN,No,,,,Importer,Bawal,KOTRA_SNS_2025,식품/건강기능식품
210690,US,Balaji engineering,,,,Importer,egra,KOTRA_SNS_2025,식품/건강기능식품
210690,US,Husen,,,,Importer,Husen,KOTRA_SNS_2025,식품/건강기능식품
210690,IN,CEO,,,,Importer,Chennai,KOTRA_SNS_2025,식품/건강기능식품
210690,IN,Vijay,,,,Importer,vijaysharmaji,KOTRA_SNS_2025,식품/건강기능식품
210690,US,Milton Biswas,,,,Importer,Milton Biswas,KOTRA_SNS_2025,식품/건강기능식품
210690,IN,Yes,,,,Importer,Vellore,KOTRA_SNS_2025,식품/건강기능식품
210690,IN,PADMASRI TOWNSHIPS',,,,Importer,Aamanagal,KOTRA_SNS_2025,식품/건강기능식품
210690,IN,Login Fragrances,,,,Importer,Bangalore,KOTRA_SNS_2025,식품/건강기능식품
210690,IN,Cocina,,,,Importer,Visakhapatnam,KOTRA_SNS_2025,식품/건강기능식품
210690,IN,Aegis,,,,Importer,Bangalore,KOTRA_SNS_2025,식품/건강기능식품
210690,IN,SAMSEENA ENTERPRISE'S,,,,Importer,Malappuram,KOTRA_SNS_2025,식품/건강기능식품
210690,IN,Amjath toys,,,,Importer,Madurai,KOTRA_SNS_2025,식품/건강기능식품
210690,IN,Student,,,,Importer,Gonda,KOTRA_SNS_2025,식품/건강기능식품
210690,IN,Hindustan Times Media Ltd,,,,Importer,BIHARSHARIF,KOTRA_SNS_2025,식품/건강기능식품
210690,IN,Parthvi agritech industries,,,,Importer,Deesa,KOTRA_SNS_2025,식품/건강기능식품
210690,IN,"Jabalpur, Madhya Pradesh",,,,Importer,Jabalpur,KOTRA_SNS_2025,식품/건강기능식품
210690,IN,Viv,,,,Importer,Jaipur,KOTRA_SNS_2025,식품/건강기능식품
210690,IN,XYZ,,,,Importer,Mumbai,KOTRA_SNS_2025,식품/건강기능식품
210690,IN,nutrition counseling,,,,Importer,PATNA,KOTRA_SNS_2025,식품/건강기능식품
210690,IN,makta,,,,Importer,ekm,KOTRA_SNS_2025,식품/건강기능식품
210690,TR,Buse Kozmetik ve Parfmeri malat thalat hracat San. Tic. Ltd. ti.,,,,Importer,stanbul,KOTRA_SNS_2025,식품/건강기능식품
210690,US,Freelancer,,,,Importer,Hyderabad,KOTRA_SNS_2025,식품/건강기능식품
210690,IN,Unity India Corp,,,,Importer,MUMBAI,KOTRA_SNS_2025,식품/건강기능식품
210690,IN,NAPS NARORA NPCIL,,,,Importer,Since18 years madhumeh se grant hun,KOTRA_SNS_2025,식품/건강기능식품
210690,IN,Job,,,,Importer,India,KOTRA_SNS_2025,식품/건강기능식품
210690,US,muscular nutrition,,,,Importer,delhi,KOTRA_SNS_2025,식품/건강기능식품
210690,IN,Coin Collection,,,,Importer,Delhi,KOTRA_SNS_2025,식품/건강기능식품
210690,IN,Skincare clinic,,,,Importer,Mysuru,KOTRA_SNS_2025,식품/건강기능식품
210690,IN,Collabrains,,,,Importer,Surat,KOTRA_SNS_2025,식품/건강기능식품
210690,IN,Fitness motivators India pvt ltd,,,,Importer,Ahmedabad,KOTRA_SNS_2025,식품/건강기능식품
210690,IN,United industries,,,,Importer,nashik,KOTRA_SNS_2025,식품/건강기능식품
210690,US,Hi,,,,Importer,Vijapur,KOTRA_SNS_2025,식품/건강기능식품
210690,IN,Satish Kumar,,,,Importer,Satish Kumar,KOTRA_SNS_2025,식품/건강기능식품
210690,US,Banti,,,,Importer,Banti,KOTRA_SNS_2025,식품/건강기능식품
210690,IN,Director,,,,Importer,bareli,KOTRA_SNS_2025,식품/건강기능식품
210690,IN,Sterling Resources,,,,Importer,Mumbai,KOTRA_SNS_2025,식품/건강기능식품
210690,IN,"Followed by 18,946,739 people",,,,Importer,patiala,KOTRA_SNS_2025,식품/건강기능식품
210690,US,goo 4,,,,Importer,chop,KOTRA_SNS_2025,식품/건강기능식품
210690,IN,Amravati University,,,,Importer,Akola,KOTRA_SNS_2025,식품/건강기능식품
210690,IN,Om sweets pvt ltd,,,,Importer,Gurugram,KOTRA_SNS_2025,식품/건강기능식품
210690,AR,Jio,,,,Importer,Ludhiyana,KOTRA_SNS_2025,식품/건강기능식품
210690,IN,.,,,,Importer,.,KOTRA_SNS_2025,식품/건강기능식품
210690,AM,Ghhuh,,,,Importer,Nmmkbjjnnmmmmm,KOTRA_SNS_2025,식품/건강기능식품
210690,IN,na,,,,Importer,noida,KOTRA_SNS_2025,식품/건강기능식품
210690,IN,Mintdrops Innovations Global Pvt Ltd,,,,Importer,Hyderabad,KOTRA_SNS_2025,식품/건강기능식품
210690,IN,english,,,,Importer,pb,KOTRA_SNS_2025,식품/건강기능식품
210690,IN,Bareli,,,,Importer,lkp,KOTRA_SNS_2025,식품/건강기능식품
210690,IN,Dawa Ghar,,,,Importer,Ramkola,KOTRA_SNS_2025,식품/건강기능식품
210690,IN,Cisha,,,,Importer,Delhi,KOTRA_SNS_2025,식품/건강기능식품
210390,DE,Привет,,,,Importer,MAIßEN,KOTRA_SNS_2025,식품/건강기능식품
210390,US,yyy,,,,Importer,bhh,KOTRA_SNS_2025,식품/건강기능식품
210390,US,Nnude by Naomi,,,,Importer,North hollywood,KOTRA_SNS_2025,식품/건강기능식품
210390,AU,Aplus service,,,,Importer,Canberra,KOTRA_SNS_2025,식품/건강기능식품
210390,AU,Seoul Sisters,,,,Importer,Adelaide,KOTRA_SNS_2025,식품/건강기능식품
210390,US,call,,,,Importer,St. Louis,KOTRA_SNS_2025,식품/건강기능식품
210390,US,James,,,,Importer,jamiechassion@58gmail.com,KOTRA_SNS_2025,식품/건강기능식품
210390,HR,娛樂城,,,,Importer,Taipei,KOTRA_SNS_2025,식품/건강기능식품
210390,AU,Aplus Service Pty Ltd,,,,Importer,canberra,KOTRA_SNS_2025,식품/건강기능식품
210390,GB,Plus.net,,,,Importer,Sheffield,KOTRA_SNS_2025,식품/건강기능식품
210390,GB,Ros,,,,Importer,Essex,KOTRA_SNS_2025,식품/건강기능식품
210390,AU,Cassidy pty ltd,,,,Importer,Σδνε,KOTRA_SNS_2025,식품/건강기능식품
210390,GB,blackpool bier co,,,,Importer,Blackpool,KOTRA_SNS_2025,식품/건강기능식품
210390,KZ,Инветфуд,,,,Importer,Алматы,KOTRA_SNS_2025,식품/건강기능식품
210390,"KZ,KR",Пока нет,,,,Importer,Алматы,KOTRA_SNS_2025,식품/건강기능식품
210390,KZ,мирмарт,,,,Importer,almaty,KOTRA_SNS_2025,식품/건강기능식품
210390,KZ,тоо Тянь Шань-8,,,,Importer,Almaty,KOTRA_SNS_2025,식품/건강기능식품
210390,"KZ,KR",Пока нет,,,,Importer,Алматы,KOTRA_SNS_2025,식품/건강기능식품
210610,KZ,мирмарт,,,,Importer,almaty,KOTRA_SNS_2025,식품/건강기능식품
210390,KZ,Caspian Beverage Holding,,,,Importer,Almaty,KOTRA_SNS_2025,식품/건강기능식품
210610,KZ,Medical center,,,,Importer,Almaty city,KOTRA_SNS_2025,식품/건강기능식품
210690,Mxico,PCG Latam Consulting,,,,Importer,Mxico,KOTRA_SNS_2025,식품/건강기능식품
210310,RU,"Aquatransgroup Co., Ltd",,,,Importer,Vladivostok,KOTRA_SNS_2025,식품/건강기능식품
200931,RU,"Aquatransgroup Co., Ltd",,,,Importer,Vladivostok,KOTRA_SNS_2025,식품/건강기능식품
220210,RU,"Aquatransgroup Co., Ltd",,,,Importer,Vladivostok,KOTRA_SNS_2025,식품/건강기능식품
210690,RU,"Aquatransgroup Co., Ltd",,,,Importer,Vladivostok,KOTRA_SNS_2025,식품/건강기능식품
220299,RU,"Aquatransgroup Co., Ltd",,,,Importer,Vladivostok,KOTRA_SNS_2025,식품/건강기능식품
220210,RU,"Aquatransgroup Co., Ltd",,,,Importer,Vladivostok,KOTRA_SNS_2025,식품/건강기능식품
210690,RU,"Aquatransgroup Co., Ltd",,,,Importer,Vladivostok,KOTRA_SNS_2025,식품/건강기능식품
210390,RU,"Aquatransgroup Co., Ltd",,,,Importer,Vladivostok,KOTRA_SNS_2025,식품/건강기능식품
210310,RU,"Aquatransgroup Co., Ltd",,,,Importer,Vladivostok,KOTRA_SNS_2025,식품/건강기능식품
190230,RU,"Aquatransgroup Co., Ltd",,,,Importer,Vladivostok,KOTRA_SNS_2025,식품/건강기능식품
210690,US,Retro Environmental,,,,Importer,New Cumberland,KOTRA_SNS_2025,식품/건강기능식품
210690,US,Me,,,,Importer,Santa Rosa,KOTRA_SNS_2025,식품/건강기능식품
210690,US,TDH,,,,Importer,St. Louis,KOTRA_SNS_2025,식품/건강기능식품
210690,US,We care wholesale,,,,Importer,Salt Lake City,KOTRA_SNS_2025,식품/건강기능식품
210690,US,Tm enterprise,,,,Importer,Philadelphia,KOTRA_SNS_2025,식품/건강기능식품
210690,US,Jaterrian gore,,,,Importer,Macon,KOTRA_SNS_2025,식품/건강기능식품
210690,US,Erick,,,,Importer,City,KOTRA_SNS_2025,식품/건강기능식품
210690,US,,,,,Importer,Los Angeles,KOTRA_SNS_2025,식품/건강기능식품
210690,US,Myco Systemics,,,,Importer,Santa Cruz,KOTRA_SNS_2025,식품/건강기능식품
210690,US,MY PAINT PRO,,,,Importer,holly,KOTRA_SNS_2025,식품/건강기능식품
210690,US,QTBUT,,,,Importer,Chicago,KOTRA_SNS_2025,식품/건강기능식품
210690,US,Dj distribution,,,,Importer,Fairburn,KOTRA_SNS_2025,식품/건강기능식품
210690,US,DNA,,,,Importer,spring,KOTRA_SNS_2025,식품/건강기능식품
210690,US,TDH,,,,Importer,Los Angeles,KOTRA_SNS_2025,식품/건강기능식품
210690,IN,Lucknow The Smart City - The Smart Citizens Lucknow,,,,Importer,Faizabad,KOTRA_SNS_2025,식품/건강기능식품
210690,IN,Business query,,,,Importer,271001,KOTRA_SNS_2025,식품/건강기능식품
210690,IN,Diataal (usv private limited),,,,Importer,Mumbai,KOTRA_SNS_2025,식품/건강기능식품
210690,IN,jejeje,,,,Importer,Jaipur,KOTRA_SNS_2025,식품/건강기능식품
210690,LK,9495307030,,,,Importer,9495307030,KOTRA_SNS_2025,식품/건강기능식품
210690,IN,HPGBI,,,,Importer,London,KOTRA_SNS_2025,식품/건강기능식품
210690,IN,Ghar4usolutions,,,,Importer,Hyderabad,KOTRA_SNS_2025,식품/건강기능식품
210690,IN,Sky Packing Material Trd: LLC,,,,Importer,Maharajganj,KOTRA_SNS_2025,식품/건강기능식품
210690,IN,SM Enterprise,,,,Importer,Mumbai,KOTRA_SNS_2025,식품/건강기능식품
210690,IN,Gg,,,,Importer,Hcrfr,KOTRA_SNS_2025,식품/건강기능식품
210690,IN,Popular Electronics,,,,Importer,Howrah,KOTRA_SNS_2025,식품/건강기능식품
210690,IN,"Shri Gowri Shankarar Agencies Pvt Ltd, Pollachi",,,,Importer,Pollachi,KOTRA_SNS_2025,식품/건강기능식품
210690,IN,Hindustan media ventures limited,,,,Importer,delhi,KOTRA_SNS_2025,식품/건강기능식품
210690,IN,Director,,,,Importer,bareli,KOTRA_SNS_2025,식품/건강기능식품
210690,IN,insearch formulation pvt ltd,,,,Importer,delhi,KOTRA_SNS_2025,식품/건강기능식품
210690,IN,Shree Sarweshwar Ayurvedshala,,,,Importer,Harda,KOTRA_SNS_2025,식품/건강기능식품
210690,IN,alangaiengneering,,,,Importer,Madurai alanganallur,KOTRA_SNS_2025,식품/건강기능식품
210690,IN,mankind,,,,Importer,ayodhya,KOTRA_SNS_2025,식품/건강기능식품
210690,PK,Maharastra,,,,Importer,Jalgaon,KOTRA_SNS_2025,식품/건강기능식품
210690,IN,Bareli,,,,Importer,lkp,KOTRA_SNS_2025,식품/건강기능식품
210690,IN,Private Job,,,,Importer,Hoshiarpur,KOTRA_SNS_2025,식품/건강기능식품
210690,IN,HM Ventures,,,,Importer,Vashi,KOTRA_SNS_2025,식품/건강기능식품
210690,PK,Teejays Associates,,,,Importer,Rahimyar Khan,KOTRA_SNS_2025,식품/건강기능식품
210690,PK,Education,,,,Importer,Hyderabad,KOTRA_SNS_2025,식품/건강기능식품
210690,IN,Ghhuh,,,,Importer,Nmmkbjjnnmmmmm,KOTRA_SNS_2025,식품/건강기능식품
210690,IN,Influencer,,,,Importer,Sangrur,KOTRA_SNS_2025,식품/건강기능식품
210690,IN,Medim,,,,Importer,Chennai,KOTRA_SNS_2025,식품/건강기능식품
210690,IN,Viv,,,,Importer,Jaipur,KOTRA_SNS_2025,식품/건강기능식품
210390,KZ,Корея,,,,Importer,Кызылорда,KOTRA_SNS_2025,식품/건강기능식품
210610,KZ,Нету,,,,Importer,Алматы,KOTRA_SNS_2025,식품/건강기능식품
210390,KZ,Нету,,,,Importer,Алматы,KOTRA_SNS_2025,식품/건강기능식품
210390,KZ,Universal trade,,,,Importer,Almaty,KOTRA_SNS_2025,식품/건강기능식품
210610,KZ,Universal trade,,,,Importer,Almaty,KOTRA_SNS_2025,식품/건강기능식품
210390,KZ,Люкс сервис,,,,Importer,Алматы,KOTRA_SNS_2025,식품/건강기능식품
210610,KZ,Yummy Chicken,,,,Importer,Астана,KOTRA_SNS_2025,식품/건강기능식품
210390,KZ,Yummy Chicken,,,,Importer,Астана,KOTRA_SNS_2025,식품/건강기능식품
210610,KZ,Too Medical Dal .D,,,,Importer,Almaty,KOTRA_SNS_2025,식품/건강기능식품
210690,US,TDC GLOBAL MINING COMPANY,,,,Importer,shymkent,KOTRA_SNS_2025,식품/건강기능식품
210690,BY,Entrepreneur,,,,Importer,Brest,KOTRA_SNS_2025,식품/건강기능식품
210690,PH,The Krusty Krab,,,,Importer,Catbalogan,KOTRA_SNS_2025,식품/건강기능식품
210690,BD,Self Employed,,,,Importer,philipinnes,KOTRA_SNS_2025,식품/건강기능식품
210690,ID,IRT { Ibu Rumah Tangga },,,,Importer,bandung,KOTRA_SNS_2025,식품/건강기능식품
210690,PH,0kets,,,,Importer,General Santos City,KOTRA_SNS_2025,식품/건강기능식품
210690,US,"skyhub co.,ltd",,,,Importer,ok,KOTRA_SNS_2025,식품/건강기능식품
210690,US,dgrtsregtfregde,,,,Importer,sdegdesg,KOTRA_SNS_2025,식품/건강기능식품
210690,TH,fgdfsgfds,,,,Importer,Khon Kaen,KOTRA_SNS_2025,식품/건강기능식품
210690,US,sdezgsdezg,,,,Importer,dgsdezsgszdeg,KOTRA_SNS_2025,식품/건강기능식품
210690,US,efewfwrvfrwvgiloveyou@gmail.com,,,,Importer,fhfhsfd,KOTRA_SNS_2025,식품/건강기능식품
210690,US,fbfdgbfdgbDS,,,,Importer,fdgfdgf,KOTRA_SNS_2025,식품/건강기능식품
210690,KH,IM,,,,Importer,Phnom Penh,KOTRA_SNS_2025,식품/건강기능식품
210690,BD,M/s BB Textile,,,,Importer,Narsingdi,KOTRA_SNS_2025,식품/건강기능식품
210690,IN,European gulf international Trading LLC,,,,Importer,Bangalore,KOTRA_SNS_2025,식품/건강기능식품
210690,IN,"multeetask, Jalgaon",,,,Importer,Jalgaon,KOTRA_SNS_2025,식품/건강기능식품
210690,IN,Value Deals Private Limited,,,,Importer,Mapusa,KOTRA_SNS_2025,식품/건강기능식품
210690,IN,Paper n films international,,,,Importer,Mumbai,KOTRA_SNS_2025,식품/건강기능식품
210690,CA,no,,,,Importer,Toronto,KOTRA_SNS_2025,식품/건강기능식품
210690,BD,Studentc,,,,Importer,Dhaka,KOTRA_SNS_2025,식품/건강기능식품
210690,LK,Kekunawela International (Pvt.) Ltd.,,,,Importer,Akuressa,KOTRA_SNS_2025,식품/건강기능식품
210690,US,hh,,,,Importer,v,KOTRA_SNS_2025,식품/건강기능식품
210690,PK,CMN &  SONS,,,,Importer,gujrat,KOTRA_SNS_2025,식품/건강기능식품
210690,US,"bhjikl,j",,,,Importer,GVCHJNM,KOTRA_SNS_2025,식품/건강기능식품
210690,NG,FUN plc,,,,Importer,Zaria,KOTRA_SNS_2025,식품/건강기능식품
210690,MX,My name is kodak black nice to meet you,,,,Importer,South Korea,KOTRA_SNS_2025,식품/건강기능식품
210690,KE,N/a,,,,Importer,garissa  kenya.,KOTRA_SNS_2025,식품/건강기능식품
210690,NG,Jp&friends,,,,Importer,Lagos,KOTRA_SNS_2025,식품/건강기능식품
210690,NG,Commongood Global Ventures Limited,,,,Importer,Abuja,KOTRA_SNS_2025,식품/건강기능식품
210690,NG,Federal Housing Authority,,,,Importer,Abuja,KOTRA_SNS_2025,식품/건강기능식품
210690,NG,Gobey Ventures,,,,Importer,Ibadan,KOTRA_SNS_2025,식품/건강기능식품
210690,NG,Industrial Requirements International (IRI) Ltd,,,,Importer,Abuja,KOTRA_SNS_2025,식품/건강기능식품
210690,US,penhaschutz@gmail.com,,,,Importer,E,KOTRA_SNS_2025,식품/건강기능식품
210690,US,vicor4458x@gmail.comdD,,,,Importer,asdad,KOTRA_SNS_2025,식품/건강기능식품
210690,NG,c1,,,,Importer,Port Harcourt,KOTRA_SNS_2025,식품/건강기능식품
210690,NG,Admudej.Ent. Ltd,,,,Importer,surulere,KOTRA_SNS_2025,식품/건강기능식품
210690,NG,NAFE NIG. COMPANY,,,,Importer,Odeomu,KOTRA_SNS_2025,식품/건강기능식품
210690,US,sfrbhftdhdsed,,,,Importer,sdgsrdgvsrt,KOTRA_SNS_2025,식품/건강기능식품
210690,DE,GIA Trans Group LTD,,,,Importer,Sofia,KOTRA_SNS_2025,식품/건강기능식품
210690,FR,Henko Group,,,,Importer,Paris,KOTRA_SNS_2025,식품/건강기능식품
210690,IT,Ukor SRL,,,,Importer,Bari,KOTRA_SNS_2025,식품/건강기능식품
210690,GR,Zamanis,,,,Importer,Athens,KOTRA_SNS_2025,식품/건강기능식품
210690,RO,MOF GOODS SRL,,,,Importer,Bucharest,KOTRA_SNS_2025,식품/건강기능식품
210690,IT,My number only works on what’s app,,,,Importer,Venice italy,KOTRA_SNS_2025,식품/건강기능식품
210690,GR,Heald Herbal Blends,,,,Importer,Athens,KOTRA_SNS_2025,식품/건강기능식품
210690,IT,xoxkgxgkxkgogx.,,,,Importer,Napoli,KOTRA_SNS_2025,식품/건강기능식품
210690,AR,fox,,,,Importer,santa fe,KOTRA_SNS_2025,식품/건강기능식품
210690,AR,lupio,,,,Importer,Tucuman,KOTRA_SNS_2025,식품/건강기능식품
210690,AR,fox,,,,Importer,santa fe,KOTRA_SNS_2025,식품/건강기능식품
210690,AR,fox,,,,Importer,santa fe,KOTRA_SNS_2025,식품/건강기능식품
210690,US,loker,,,,Importer,Tucuman,KOTRA_SNS_2025,식품/건강기능식품
210690,AR,fox,,,,Importer,santa fe,KOTRA_SNS_2025,식품/건강기능식품
210690,US,reyes,,,,Importer,Catamarca,KOTRA_SNS_2025,식품/건강기능식품
210690,AR,dolcher.l,,,,Importer,Ro Cuarto,KOTRA_SNS_2025,식품/건강기능식품
210690,AR,rezu,,,,Importer,Tucuman,KOTRA_SNS_2025,식품/건강기능식품
210690,AR,fox,,,,Importer,santa fe,KOTRA_SNS_2025,식품/건강기능식품
210690,MX,Mafre,,,,Importer,Zapopan,KOTRA_SNS_2025,식품/건강기능식품
210690,AR,Loque,,,,Importer,Ro Cuarto,KOTRA_SNS_2025,식품/건강기능식품
210690,AR,fux,,,,Importer,bsas,KOTRA_SNS_2025,식품/건강기능식품
210690,US,perdosal,,,,Importer,Buenos Aires,KOTRA_SNS_2025,식품/건강기능식품
210690,DZ,Lazreg,,,,Importer,Rut rak ton 36 relizane algerie,KOTRA_SNS_2025,식품/건강기능식품
210690,MA,madriyan,,,,Importer,Rabat,KOTRA_SNS_2025,식품/건강기능식품
210690,MA,You,,,,Importer,agadir,KOTRA_SNS_2025,식품/건강기능식품
210690,MA,You i want invest 1 000 000 dollars in buildings in dubai,,,,Importer,Agadir,KOTRA_SNS_2025,식품/건강기능식품
210690,CO,En Mi  Kasa... :),,,,Importer,Medelln,KOTRA_SNS_2025,식품/건강기능식품
210690,TR,AFSu,,,,Importer,Afyonkarahisar,KOTRA_SNS_2025,식품/건강기능식품
220210,VN,CEN group,,,,Importer,H Ni,KOTRA_SNS_2025,식품/건강기능식품
220299,US,Ssp America,,,,Importer,Phoenix,KOTRA_SNS_2025,식품/건강기능식품
220299,US,Erick,,,,Importer,City,KOTRA_SNS_2025,식품/건강기능식품
220299,US,TEST,,,,Importer,Philadelphia,KOTRA_SNS_2025,식품/건강기능식품
210610,VN,Freelancer,,,,Importer,Hanoi,KOTRA_SNS_2025,식품/건강기능식품
210610,VIETNAM,DA HAE INTERNATIONAL COMAPNY LIMITED,,,,Importer,HCMC,KOTRA_SNS_2025,식품/건강기능식품
210610,RU,3AM,,,,Importer,Hanoi,KOTRA_SNS_2025,식품/건강기능식품
190590,MX,Watco,,,,Importer,San Luis Potos,KOTRA_SNS_2025,식품/건강기능식품
190590,MX,Yalah Mexico,,,,Importer,Toluca de Lerdo,KOTRA_SNS_2025,식품/건강기능식품
190590,MX,Urba,,,,Importer,Monterrey,KOTRA_SNS_2025,식품/건강기능식품
190590,US,Please,,,,Importer,Oklahoma,KOTRA_SNS_2025,식품/건강기능식품
190590,KZ,334,,,,Importer,Астана,KOTRA_SNS_2025,식품/건강기능식품
220299,MN,Eco foods,,,,Importer,Ulaanbaatar,KOTRA_SNS_2025,식품/건강기능식품
220299,MN,Doctor Smile,,,,Importer,Ulaanbaatar,KOTRA_SNS_2025,식품/건강기능식품
190590,MN,Ulemj Grocers LLC,,,,Importer,Ulaanbaatar,KOTRA_SNS_2025,식품/건강기능식품
220299,MN,Органик Хгжил ХББ Tanan LP LLC,,,,Importer,Ulaanbaatar,KOTRA_SNS_2025,식품/건강기능식품
220299,MN,"Хнс тохируулах йлчилгээг санаачлагч, хгжлэгч",,,,Importer,Ulaanbaatar,KOTRA_SNS_2025,식품/건강기능식품
190590,ID,PT. Raja Dendeng Indonesia,,,,Importer,Cilegon,KOTRA_SNS_2025,식품/건강기능식품
220299,PH,Skinline Beauty and Wellness Spa,,,,Importer,Guiguinto,KOTRA_SNS_2025,식품/건강기능식품
220299,PH,"Rancho Norte, Ketchup Food Community, Baguio",,,,Importer,angeles,KOTRA_SNS_2025,식품/건강기능식품
190590,PH,andrian company,,,,Importer,carlota,KOTRA_SNS_2025,식품/건강기능식품
190590,ID,Formisa international,,,,Importer,Jakarta,KOTRA_SNS_2025,식품/건강기능식품
190590,PH,Meza tiarra cafe,,,,Importer,Makati,KOTRA_SNS_2025,식품/건강기능식품
210690,MM,"TKS Business United Co., Ltd.",,,,Importer,Yangon,KOTRA_SNS_2025,식품/건강기능식품
220299,PH,SMPC,,,,Importer,San Jose,KOTRA_SNS_2025,식품/건강기능식품
220299,US,MDY,,,,Importer,Baguio,KOTRA_SNS_2025,식품/건강기능식품
190590,PH,OSM,,,,Importer,manila,KOTRA_SNS_2025,식품/건강기능식품
220299,US,sgdsgsdzgsdzgsdz vb,,,,Importer,gvbfgbcf,KOTRA_SNS_2025,식품/건강기능식품
210690,PH,Tabang Trophy Center & Gen. Merchandise,,,,Importer,guiguinto,KOTRA_SNS_2025,식품/건강기능식품
190590,US,desvgsdgsrgdeGG,,,,Importer,gvbn bgvn,KOTRA_SNS_2025,식품/건강기능식품
190590,ID,Aluminiumlabel.co.id,,,,Importer,Jakarta Utara,KOTRA_SNS_2025,식품/건강기능식품
190590,PH,ajamart korean grocery,,,,Importer,Pasig,KOTRA_SNS_2025,식품/건강기능식품
190590,US,Pascale HoppegASsdeg,,,,Importer,dasfasdfsdag,KOTRA_SNS_2025,식품/건강기능식품
220299,US,fbfdgbfdgbDS,,,,Importer,fdgfdgf,KOTRA_SNS_2025,식품/건강기능식품
190590,IN,Josh pizzeria Perambalur,,,,Importer,Perambalur,KOTRA_SNS_2025,식품/건강기능식품
190590,US,af,,,,Importer,Lucknow,KOTRA_SNS_2025,식품/건강기능식품
190590,IN,Strains,,,,Importer,Hyderabad,KOTRA_SNS_2025,식품/건강기능식품
220299,PK,self employed,,,,Importer,lahore,KOTRA_SNS_2025,식품/건강기능식품
190590,IN,tranzeco,,,,Importer,Mumbai,KOTRA_SNS_2025,식품/건강기능식품
190590,US,Masala Kitchen,,,,Importer,Delhi,KOTRA_SNS_2025,식품/건강기능식품
190590,IN,Will be formed very soon,,,,Importer,Kolkata,KOTRA_SNS_2025,식품/건강기능식품
190590,IN,Mahis Cloud Kitchen,,,,Importer,Ambur,KOTRA_SNS_2025,식품/건강기능식품
190590,IN,Nitrite,,,,Importer,Hyderabad,KOTRA_SNS_2025,식품/건강기능식품
190590,IN,European gulf international Trading LLC,,,,Importer,Bangalore,KOTRA_SNS_2025,식품/건강기능식품
220299,PK,The family homestead,,,,Importer,Peshawar,KOTRA_SNS_2025,식품/건강기능식품
190590,PK,Monsalwa,,,,Importer,Rawalpindi,KOTRA_SNS_2025,식품/건강기능식품
190590,IN,Iceland Frozen Foods,,,,Importer,"Pala, Kottayam",KOTRA_SNS_2025,식품/건강기능식품
220299,IN,Ma Durga All Goods Pvt Ltd,,,,Importer,Lucknow,KOTRA_SNS_2025,식품/건강기능식품
220299,US,sdc,,,,Importer,Dhaka,KOTRA_SNS_2025,식품/건강기능식품
190590,IN,Fryoli,,,,Importer,Thane,KOTRA_SNS_2025,식품/건강기능식품
190590,IN,Grill & Grab Caf,,,,Importer,Navi Mumbai,KOTRA_SNS_2025,식품/건강기능식품
190590,US,Indira canteen,,,,Importer,cuddalore,KOTRA_SNS_2025,식품/건강기능식품
190590,IN,Cafe,,,,Importer,Pune,KOTRA_SNS_2025,식품/건강기능식품
220299,IN,STRONG NATION,,,,Importer,mumbai,KOTRA_SNS_2025,식품/건강기능식품
190590,IN,Punjabi Katta,,,,Importer,Mumbai,KOTRA_SNS_2025,식품/건강기능식품
190590,IN,Purovent Systems Engineers Pvt. Ltd.,,,,Importer,Pune,KOTRA_SNS_2025,식품/건강기능식품
220299,IN,Kaniya International,,,,Importer,Dindigul,KOTRA_SNS_2025,식품/건강기능식품
190590,IN,Prasad ji udyog,,,,Importer,Ranchi,KOTRA_SNS_2025,식품/건강기능식품
220299,IN,Paduka In Feet/Vastra by Yogita,,,,Importer,Gurgaon,KOTRA_SNS_2025,식품/건강기능식품
220299,PK,traf international Pvt Ltd,,,,Importer,karachi,KOTRA_SNS_2025,식품/건강기능식품
190590,IN,Gayatri scientific and Aromatic works,,,,Importer,Durg,KOTRA_SNS_2025,식품/건강기능식품
190590,IN,Rasulpur Coffee Estates and Roasters,,,,Importer,Bangalore,KOTRA_SNS_2025,식품/건강기능식품
190590,IN,Kayessar Projects Private Limited,,,,Importer,chennai,KOTRA_SNS_2025,식품/건강기능식품
190590,PK,sbrs,,,,Importer,multan,KOTRA_SNS_2025,식품/건강기능식품
220299,IN,NXSS,,,,Importer,Vadodara,KOTRA_SNS_2025,식품/건강기능식품
190590,IN,No work place,,,,Importer,Vadodara,KOTRA_SNS_2025,식품/건강기능식품
190590,IN,Top Food and Beverage,,,,Importer,Delhi,KOTRA_SNS_2025,식품/건강기능식품
220299,PK,Grains and green,,,,Importer,Lahore,KOTRA_SNS_2025,식품/건강기능식품
190590,PK,Soul spice...hotpot n kbbq,,,,Importer,Karachi,KOTRA_SNS_2025,식품/건강기능식품
190590,IN,Friedisthan pvt ltd,,,,Importer,Jaipur,KOTRA_SNS_2025,식품/건강기능식품
210690,IN,No,,,,Importer,Kottayam,KOTRA_SNS_2025,식품/건강기능식품
220299,IN,Popular Electronics,,,,Importer,Howrah,KOTRA_SNS_2025,식품/건강기능식품
190590,IN,Maithon Power Limited,,,,Importer,Hyderabad,KOTRA_SNS_2025,식품/건강기능식품
190590,IN,Junagadh,,,,Importer,Junagadh,KOTRA_SNS_2025,식품/건강기능식품
190590,IN,Green Hill agro,,,,Importer,Thane,KOTRA_SNS_2025,식품/건강기능식품
190590,IN,Tibetan Bowl & Burger Box,,,,Importer,Chennai,KOTRA_SNS_2025,식품/건강기능식품
190590,LK,Kekunawela International (Pvt.) Ltd.,,,,Importer,Akuressa,KOTRA_SNS_2025,식품/건강기능식품
220299,IN,Unhustle wellbeing Pvt ltd,,,,Importer,Mumbai,KOTRA_SNS_2025,식품/건강기능식품
190590,IN,360calisthenics,,,,Importer,Mumbai,KOTRA_SNS_2025,식품/건강기능식품
190590,US,The Ondiss Group of Companies LLC,,,,Importer,Anaheim,KOTRA_SNS_2025,식품/건강기능식품
190590,US,mcme foods,,,,Importer,lethbridge,KOTRA_SNS_2025,식품/건강기능식품
190590,US,The tatsujin,,,,Importer,Glendale,KOTRA_SNS_2025,식품/건강기능식품
190590,NG,Bulberrys Contractors LTD,,,,Importer,Ibadan,KOTRA_SNS_2025,식품/건강기능식품
190590,KE,Ondiri FarmCare,,,,Importer,Kiambu,KOTRA_SNS_2025,식품/건강기능식품
220299,NG,Farmershub Multi-links Global  LTD,,,,Importer,Cotonou,KOTRA_SNS_2025,식품/건강기능식품
220299,NG,Kinguz Interesources Ltd,,,,Importer,Aba,KOTRA_SNS_2025,식품/건강기능식품
220299,KE,Tripplesoul c.co.ltd,,,,Importer,kakamega,KOTRA_SNS_2025,식품/건강기능식품
220299,US,OMEGA SYNERGY TECHNOLOGIES,,,,Importer,Accra,KOTRA_SNS_2025,식품/건강기능식품
190590,KE,mambonami,,,,Importer,Nairobi,KOTRA_SNS_2025,식품/건강기능식품
220299,NG,Orion Atlantic LTD,,,,Importer,Abuja,KOTRA_SNS_2025,식품/건강기능식품
220299,NG,Safe Visuals,,,,Importer,Lagos,KOTRA_SNS_2025,식품/건강기능식품
190590,NG,UBY VENTURES,,,,Importer,Lagos,KOTRA_SNS_2025,식품/건강기능식품
220299,ZA,Milani International Group,,,,Importer,Johannesburg,KOTRA_SNS_2025,식품/건강기능식품
220299,ET,Mother Child hood,,,,Importer,Mechara,KOTRA_SNS_2025,식품/건강기능식품
190590,NG,Daily Better Help Family Initiative,,,,Importer,Lagos,KOTRA_SNS_2025,식품/건강기능식품
190590,GH,Surf Publications Gh. Ltd.,,,,Importer,Accra,KOTRA_SNS_2025,식품/건강기능식품
190590,KE,Uzuhali Ke,,,,Importer,Nairobi,KOTRA_SNS_2025,식품/건강기능식품
190590,GH,Harvest,,,,Importer,Accra,KOTRA_SNS_2025,식품/건강기능식품
190590,GB,BARISTAS LAB,,,,Importer,london,KOTRA_SNS_2025,식품/건강기능식품
210690,ES,Amigos del Clan SL,,,,Importer,Madrid,KOTRA_SNS_2025,식품/건강기능식품
220299,GB,Fastrack limited,,,,Importer,Rotherham,KOTRA_SNS_2025,식품/건강기능식품
190590,HR,Gastro group doo,,,,Importer,Makarska,KOTRA_SNS_2025,식품/건강기능식품
190590,HK,Cot,,,,Importer,Hong Kong,KOTRA_SNS_2025,식품/건강기능식품
190590,CZ,Ceska Republika,,,,Importer,Kolin,KOTRA_SNS_2025,식품/건강기능식품
190590,IT,Ukor SRL,,,,Importer,Bari,KOTRA_SNS_2025,식품/건강기능식품
190590,RS,Elixir Food doo,,,,Importer,abac,KOTRA_SNS_2025,식품/건강기능식품
190590,CZ,OAD Koln,,,,Importer,PRAHA,KOTRA_SNS_2025,식품/건강기능식품
220299,JP,"Ghimire International Co., Ltd.",,,,Importer,Kariya,KOTRA_SNS_2025,식품/건강기능식품
210690,AR,Ramirez construcciones,,,,Importer,Santa fe,KOTRA_SNS_2025,식품/건강기능식품
210690,AR,Ramrez construcciones,,,,Importer,Santa fe,KOTRA_SNS_2025,식품/건강기능식품
220299,MX,mexcorner,,,,Importer,Morelia,KOTRA_SNS_2025,식품/건강기능식품
210690,US,moron sa,,,,Importer,buenos aires,KOTRA_SNS_2025,식품/건강기능식품
190590,MX,jardn del mar,,,,Importer,Mazatln,KOTRA_SNS_2025,식품/건강기능식품
190590,CO,Bida drinks,,,,Importer,Barranquilla,KOTRA_SNS_2025,식품/건강기능식품
220299,CL,Propia,,,,Importer,Santiago,KOTRA_SNS_2025,식품/건강기능식품
190590,CL,Group Vision  SpA,,,,Importer,Santiago,KOTRA_SNS_2025,식품/건강기능식품
190590,PE,GEITLOG SAC,,,,Importer,Lima,KOTRA_SNS_2025,식품/건강기능식품
190590,CO,Impacta,,,,Importer,Bogot,KOTRA_SNS_2025,식품/건강기능식품
210690,AR,Ramrez construcciones,,,,Importer,Aguilares,KOTRA_SNS_2025,식품/건강기능식품
220299,AR,yyyyy,,,,Importer,Aguilares,KOTRA_SNS_2025,식품/건강기능식품
190590,CL,Icefood,,,,Importer,Santiago,KOTRA_SNS_2025,식품/건강기능식품
190590,CO,a tiendas soluciones sas,,,,Importer,Bogot,KOTRA_SNS_2025,식품/건강기능식품
220299,AR,furi tec,,,,Importer,salta,KOTRA_SNS_2025,식품/건강기능식품
220299,CO,Capital Service Group,,,,Importer,Bogot,KOTRA_SNS_2025,식품/건강기능식품
220299,CO,na,,,,Importer,Supata,KOTRA_SNS_2025,식품/건강기능식품
210690,AR,j&h,,,,Importer,santa fe,KOTRA_SNS_2025,식품/건강기능식품
220299,US,lujanser,,,,Importer,Crdoba,KOTRA_SNS_2025,식품/건강기능식품
210690,EC,U&S,,,,Importer,Quito,KOTRA_SNS_2025,식품/건강기능식품
220299,BR,pedrin,,,,Importer,Argentina,KOTRA_SNS_2025,식품/건강기능식품
190590,MX,Variegata,,,,Importer,Mexico City,KOTRA_SNS_2025,식품/건강기능식품
190590,CL,Extrafoods ltda,,,,Importer,Iquique,KOTRA_SNS_2025,식품/건강기능식품
210690,US,j&h,,,,Importer,Santa fe,KOTRA_SNS_2025,식품/건강기능식품
220299,EC,Incremar,,,,Importer,Ecuador,KOTRA_SNS_2025,식품/건강기능식품
190590,CL,Big Star,,,,Importer,Santiago,KOTRA_SNS_2025,식품/건강기능식품
190590,JO,Business case,,,,Importer,Amman,KOTRA_SNS_2025,식품/건강기능식품
220299,US,moi,,,,Importer,Alger,KOTRA_SNS_2025,식품/건강기능식품
220299,OM,MK,,,,Importer,Muscat,KOTRA_SNS_2025,식품/건강기능식품
190590,MA,You,,,,Importer,agadir,KOTRA_SNS_2025,식품/건강기능식품
210690,JO,apcasystems,,,,Importer,Amman,KOTRA_SNS_2025,식품/건강기능식품
190590,MA,Nouvelle,,,,Importer,Casablanca,KOTRA_SNS_2025,식품/건강기능식품
190590,GH,"Systerm engineering Services,",,,,Importer,Cape Coast,KOTRA_SNS_2025,식품/건강기능식품
190590,CD,Consultant,,,,Importer,"Atorkor,  Anloga. v.r",KOTRA_SNS_2025,식품/건강기능식품
190590,GH,Market Afrique Ltd,,,,Importer,Kumasi,KOTRA_SNS_2025,식품/건강기능식품
190590,GH,fredgomich ent,,,,Importer,Accra,KOTRA_SNS_2025,식품/건강기능식품
190590,GH,Africana Dish,,,,Importer,Accra,KOTRA_SNS_2025,식품/건강기능식품
190590,GH,AUGUSTINE'S PUB,,,,Importer,"Accra, Flower pot",KOTRA_SNS_2025,식품/건강기능식품
190590,GH,food and beverage association of Ghana,,,,Importer,Accra,KOTRA_SNS_2025,식품/건강기능식품
190590,GH,Progressive Healthy Foods,,,,Importer,Tamale,KOTRA_SNS_2025,식품/건강기능식품
190590,GH,YianomaNom,,,,Importer,Accra Ghana,KOTRA_SNS_2025,식품/건강기능식품
190590,GH,Nyajaag Enterprise,,,,Importer,Kumasi,KOTRA_SNS_2025,식품/건강기능식품
190590,GH,go-mag enterprises,,,,Importer,Accra,KOTRA_SNS_2025,식품/건강기능식품
190590,GH,Infonaligy,,,,Importer,Accra,KOTRA_SNS_2025,식품/건강기능식품
190590,GH,Property data hub,,,,Importer,Baffour Adom,KOTRA_SNS_2025,식품/건강기능식품
190590,GH,Ricomina Ventures,,,,Importer,Tema,KOTRA_SNS_2025,식품/건강기능식품
190590,GH,private business,,,,Importer,Bolgatanga,KOTRA_SNS_2025,식품/건강기능식품
190590,GH,Rite Group Ltd,,,,Importer,Accra,KOTRA_SNS_2025,식품/건강기능식품
190590,GH,FrancesB&S,,,,Importer,Acrra,KOTRA_SNS_2025,식품/건강기능식품
190590,GH,Kanrosh Company Ltd,,,,Importer,Tema,KOTRA_SNS_2025,식품/건강기능식품
190590,GH,The AMSAM Group,,,,Importer,Accra,KOTRA_SNS_2025,식품/건강기능식품
190590,GH,Gynil,,,,Importer,Salzburg,KOTRA_SNS_2025,식품/건강기능식품
190590,GH,Jothan Logistics and Trading Ltd,,,,Importer,Tema,KOTRA_SNS_2025,식품/건강기능식품
220210,GH,B. K. SAM ENT,,,,Importer,Takoradi,KOTRA_SNS_2025,식품/건강기능식품
220210,GH,Intellectual wise being,,,,Importer,Cape Coast,KOTRA_SNS_2025,식품/건강기능식품
220210,GH,World Health Organization,,,,Importer,Accra,KOTRA_SNS_2025,식품/건강기능식품
220210,GH,Trenil Ghana,,,,Importer,Tema,KOTRA_SNS_2025,식품/건강기능식품
220210,GH,go-mag enterprises,,,,Importer,Accra,KOTRA_SNS_2025,식품/건강기능식품
220210,GH,Student,,,,Importer,Koforidua,KOTRA_SNS_2025,식품/건강기능식품
220210,US,samsuccess,,,,Importer,berekum,KOTRA_SNS_2025,식품/건강기능식품
220210,GH,Offmock foods,,,,Importer,Accra,KOTRA_SNS_2025,식품/건강기능식품
220210,GH,Kingslove Farms,,,,Importer,Sogakope,KOTRA_SNS_2025,식품/건강기능식품
220210,GH,Estezrah Enterprise,,,,Importer,Accra,KOTRA_SNS_2025,식품/건강기능식품
220210,US,VIJACE VENTURES,,,,Importer,GHANA,KOTRA_SNS_2025,식품/건강기능식품
220210,GH,Peasant farmer,,,,Importer,Accra,KOTRA_SNS_2025,식품/건강기능식품
220210,GH,Godlove Enterprise,,,,Importer,Accra,KOTRA_SNS_2025,식품/건강기능식품
220210,GH,Ablekuma Town,,,,Importer,Accra,KOTRA_SNS_2025,식품/건강기능식품
220210,GH,Nkawkaw,,,,Importer,Accra,KOTRA_SNS_2025,식품/건강기능식품
220210,GH,Turksons healthcare group limited,,,,Importer,Accra,KOTRA_SNS_2025,식품/건강기능식품
220210,GH,Nisan Realty,,,,Importer,Accra,KOTRA_SNS_2025,식품/건강기능식품
220210,GH,ghana education service,,,,Importer,Koforidua,KOTRA_SNS_2025,식품/건강기능식품
220210,GH,"Pomet Freight Logistics, Tema - Ghana",,,,Importer,Tema,KOTRA_SNS_2025,식품/건강기능식품
220210,GH,Student,,,,Importer,Accra,KOTRA_SNS_2025,식품/건강기능식품
220210,GH,N.S.U.O. Foods,,,,Importer,Accra,KOTRA_SNS_2025,식품/건강기능식품
220210,GH,Divine Time Enterprise,,,,Importer,Kumasi,KOTRA_SNS_2025,식품/건강기능식품
220210,GH,Student,,,,Importer,Accra,KOTRA_SNS_2025,식품/건강기능식품
220210,GH,Willows Digital Consult,,,,Importer,Accra,KOTRA_SNS_2025,식품/건강기능식품
220210,GH,Asam7,,,,Importer,Kumasi,KOTRA_SNS_2025,식품/건강기능식품
220210,GH,NEDCo,,,,Importer,Tamale,KOTRA_SNS_2025,식품/건강기능식품
220210,GH,19Forty Logistics,,,,Importer,Accra,KOTRA_SNS_2025,식품/건강기능식품
220210,GH,PREZ DOE VENTURES,,,,Importer,Accra,KOTRA_SNS_2025,식품/건강기능식품
220210,GH,Koforidua,,,,Importer,Koforidua,KOTRA_SNS_2025,식품/건강기능식품
220210,GH,Hyness,,,,Importer,Accra,KOTRA_SNS_2025,식품/건강기능식품
220210,GH,Sustainable Agro Limited,,,,Importer,Accra,KOTRA_SNS_2025,식품/건강기능식품
220210,GH,Placid Academy,,,,Importer,Accra,KOTRA_SNS_2025,식품/건강기능식품
210690,cn,"BEIJING TONG REN TANG INTERNATIONAL NATURAL-PHARM CO., LTD.",,,,Importer,beijing,KOTRA_SNS_2025,식품/건강기능식품
210690,GB,JS Holdings Group,,,,Importer,London,KOTRA_SNS_2025,식품/건강기능식품
210690,GB,Wisebury Labs Ltd,,,,Importer,London,KOTRA_SNS_2025,식품/건강기능식품
210690,GB,LENGBOX,,,,Importer,ESSEX,KOTRA_SNS_2025,식품/건강기능식품
220290,RU,"DIXI-Trading Co., Ltd.",,,,Importer,Vladivostok,KOTRA_SNS_2025,식품/건강기능식품
190590,RU,"DIXI-Trading Co., Ltd.",,,,Importer,Vladivostok,KOTRA_SNS_2025,식품/건강기능식품
200990,RU,"DIXI-Trading Co., Ltd.",,,,Importer,Vladivostok,KOTRA_SNS_2025,식품/건강기능식품
210690,Trkiye,aribai-st-mamlleri-ve-ekerleme-tic-san-ltd-ti,,,,Importer,Istanbul,KOTRA_SNS_2025,식품/건강기능식품
210690,Trkiye,Anadolu Etap,,,,Importer,stanbul,KOTRA_SNS_2025,식품/건강기능식품
210310,CN,"Shanghai Baikeli Hanpin International Trade Co., Ltd.",,,,Importer,Shanghai,KOTRA_SNS_2025,식품/건강기능식품
210310,CN,"Changxiangmei SCM(Weihai) Co., Ltd.",,,,Importer,Weihai,KOTRA_SNS_2025,식품/건강기능식품
210310,CN,Shandong Shindadong Inc.,,,,Importer,Weihai,KOTRA_SNS_2025,식품/건강기능식품
210310,CN,"CROSS BORDER UPIN(QINGDAO)INTERNATIONAL TRADE CO.,LTD",,,,Importer,Qingdao,KOTRA_SNS_2025,식품/건강기능식품
210310,CN,"Qingdao All Gate Trade Co.,Ltd",,,,Importer,Qingdao,KOTRA_SNS_2025,식품/건강기능식품
220299,JP,COSTCO WHOLESALE JAPAN LTD,,,,Importer,Tokyo,KOTRA_SNS_2025,식품/건강기능식품
220299,JP,"SESE CO.,LTD.",,,,Importer,Tokyo,KOTRA_SNS_2025,식품/건강기능식품
220299,JP,KOKUBU GROUP CORP.,,,,Importer,Tokyo,KOTRA_SNS_2025,식품/건강기능식품
210690,cn,HEZE XINTIAN FOOD CO LTD,,,,Importer,zhengzhou,KOTRA_SNS_2025,식품/건강기능식품
210310,CN,NH SHANGHAI TRADING CO LTD,,,,Importer,Shanghai,KOTRA_SNS_2025,식품/건강기능식품
210310,CN,"SHENZHEN ONE FRUIT AGRICULTURAL PRODUCTS CO.,LTD.",,,,Importer,Shanghai,KOTRA_SNS_2025,식품/건강기능식품
210310,CN,"Beijing Florida's Sunshine Trading Co., Ltd",,,,Importer,Shanghai,KOTRA_SNS_2025,식품/건강기능식품
210310,CN,RONG CHENG SHUANGLI IMPORT AND EXPORT CO.LTD,,,,Importer,Shanghai,KOTRA_SNS_2025,식품/건강기능식품
210310,CN,BEIJING QUANTUM DYNAMIC TRADING CO LTD,,,,Importer,Shanghai,KOTRA_SNS_2025,식품/건강기능식품
210310,CN,YANTAI LIANTONG INTERNATIONAL TRADE CO LTD,,,,Importer,Shanghai,KOTRA_SNS_2025,식품/건강기능식품
210310,CN,SHANGHAI HANKING TRADING CO LTDSHANGHAI,,,,Importer,Shanghai,KOTRA_SNS_2025,식품/건강기능식품
210310,CN,SHANGHAI HANKING TRADING CO LTD,,,,Importer,Shanghai,KOTRA_SNS_2025,식품/건강기능식품
210310,MN,Chianti,,,,Importer,Ulaanbaatar,KOTRA_SNS_2025,식품/건강기능식품
210310,KH,Phnom Penh,,,,Importer,Phnom Penh,KOTRA_SNS_2025,식품/건강기능식품
210310,US,"skyhub co.,ltd",,,,Importer,ok,KOTRA_SNS_2025,식품/건강기능식품
210310,PH,Bless Enterprises,,,,Importer,Quezon City,KOTRA_SNS_2025,식품/건강기능식품
210310,KH,Facebook,,,,Importer,Phnom Penh,KOTRA_SNS_2025,식품/건강기능식품
210310,CA,Nexa technology Inc,,,,Importer,Toronto,KOTRA_SNS_2025,식품/건강기능식품
210310,CA,chengstinytreasure,,,,Importer,chestermere,KOTRA_SNS_2025,식품/건강기능식품
210310,PK,ORIGINAL INDUSTRIES PVT. LTD.,,,,Importer,Lahore,KOTRA_SNS_2025,식품/건강기능식품
210310,IN,Would like to buy horizontal water tank in same design.,,,,Importer,Chh. Sambhaji Nagar. Maharashtra.,KOTRA_SNS_2025,식품/건강기능식품
210310,KR,accountant,,,,Importer,Seoul,KOTRA_SNS_2025,식품/건강기능식품
210310,US,malikzahid1979@gmail.com,,,,Importer,attock,KOTRA_SNS_2025,식품/건강기능식품
210310,IN,Shop11products pvt ltd,,,,Importer,Bangalore,KOTRA_SNS_2025,식품/건강기능식품
210310,PK,Khewra Salt Mines,,,,Importer,Islamabad,KOTRA_SNS_2025,식품/건강기능식품
210310,PK,SARGODHA MANDARIN,,,,Importer,sargodha,KOTRA_SNS_2025,식품/건강기능식품
210310,LK,Taprobane Spices & Natural products pvt ltd,,,,Importer,peliyagoda,KOTRA_SNS_2025,식품/건강기능식품
210310,LK,Kekunawela International (Pvt.) Ltd.,,,,Importer,Akuressa,KOTRA_SNS_2025,식품/건강기능식품
210310,PK,din associates,,,,Importer,Lahore,KOTRA_SNS_2025,식품/건강기능식품
210310,PK,Technorise Pvt. Ltd.,,,,Importer,Lahore,KOTRA_SNS_2025,식품/건강기능식품
210310,BD,M/S. BAHADUR ENTERPRISE,,,,Importer,"DHAKA,BANGLADESH",KOTRA_SNS_2025,식품/건강기능식품
210310,IN,Sahai Iceland Frozen Foods,,,,Importer,"Pala, Kottayam",KOTRA_SNS_2025,식품/건강기능식품
210310,PK,ZADBI International,,,,Importer,sialkot,KOTRA_SNS_2025,식품/건강기능식품
210310,PK,Master pipe,,,,Importer,Lahore,KOTRA_SNS_2025,식품/건강기능식품
210310,PK,sbm foods,,,,Importer,nowshera,KOTRA_SNS_2025,식품/건강기능식품
210310,IN,Chandu lal shoes  m.f.g,,,,Importer,Ludhiana,KOTRA_SNS_2025,식품/건강기능식품
210310,BD,Huq Multi Products Ind. Limited.,,,,Importer,Dhaka,KOTRA_SNS_2025,식품/건강기능식품
210310,BD,sunbeam corporation,,,,Importer,Dhaka,KOTRA_SNS_2025,식품/건강기능식품
210310,NG,AKIBO GLOBAL HERITAGE LIMITED,,,,Importer,LAGOS,KOTRA_SNS_2025,식품/건강기능식품
210310,NG,Association of Businessmen and Women in Import & Export Trade of Nigeria (ABWIEN),,,,Importer,Lokoja,KOTRA_SNS_2025,식품/건강기능식품
210310,NG,AANUN GLOBAL CONSULT NIG LTD,,,,Importer,Kano,KOTRA_SNS_2025,식품/건강기능식품
210310,CA,NETCO DIESTMANN,,,,Importer,Port Harcourt,KOTRA_SNS_2025,식품/건강기능식품
210310,NG,Omoanimo legacy ventures,,,,Importer,Sango Otta,KOTRA_SNS_2025,식품/건강기능식품
210310,GH,Jothan Logistics & Trading Ltd,,,,Importer,Tema,KOTRA_SNS_2025,식품/건강기능식품
210310,NG,Samorich Investment Limited,,,,Importer,Lagos,KOTRA_SNS_2025,식품/건강기능식품
210310,NG,Self employment,,,,Importer,Ibadan,KOTRA_SNS_2025,식품/건강기능식품
210310,NG,Goalsilvag,,,,Importer,Lagos,KOTRA_SNS_2025,식품/건강기능식품
210310,NG,Retin vital products concrns limited,,,,Importer,Abuja,KOTRA_SNS_2025,식품/건강기능식품
210310,NG,Habu usman  farm,,,,Importer,Baissa,KOTRA_SNS_2025,식품/건강기능식품
210310,NG,Aim Alliance Ltd,,,,Importer,Minna,KOTRA_SNS_2025,식품/건강기능식품
210310,NG,AYOLANDA EMPOWERMENT AND DEVELOPMENT FOUNDATION,,,,Importer,Ibadan,KOTRA_SNS_2025,식품/건강기능식품
210310,NG,wahbat continental plus limited,,,,Importer,Abuja,KOTRA_SNS_2025,식품/건강기능식품
210310,RO,Allegro Euro Business Srl,,,,Importer,Bucharest,KOTRA_SNS_2025,식품/건강기능식품
210310,TW,美食進口商廣紘國際,,,,Importer,Taipei,KOTRA_SNS_2025,식품/건강기능식품
210310,US,fox,,,,Importer,santa fe,KOTRA_SNS_2025,식품/건강기능식품
210310,US,tres,,,,Importer,san telmo,KOTRA_SNS_2025,식품/건강기능식품
210310,US,lopion,,,,Importer,Tucuman,KOTRA_SNS_2025,식품/건강기능식품
210310,AR,lupio,,,,Importer,Tucuman,KOTRA_SNS_2025,식품/건강기능식품
210310,EC,Sudmilk,,,,Importer,Quito,KOTRA_SNS_2025,식품/건강기능식품
210310,PE,Esso tec sac,,,,Importer,Lima,KOTRA_SNS_2025,식품/건강기능식품
210310,AR,masty,,,,Importer,santa fe,KOTRA_SNS_2025,식품/건강기능식품
210310,AR,dac industries,,,,Importer,santa fe,KOTRA_SNS_2025,식품/건강기능식품
210310,DZ,SARL LOUKAY IMPORT/ EXPORT,,,,Importer,Birtouta,KOTRA_SNS_2025,식품/건강기능식품
210310,MA,Biofert Maroc,,,,Importer,Casablanca,KOTRA_SNS_2025,식품/건강기능식품
210310,JO,Royal Fields company Syria &potato world Est Jordan,,,,Importer,Ramtha,KOTRA_SNS_2025,식품/건강기능식품
210310,MA,Quinqu,,,,Importer,Ca,KOTRA_SNS_2025,식품/건강기능식품
210310,DZ,METIDJI Groupe,,,,Importer,Alger,KOTRA_SNS_2025,식품/건강기능식품
210310,UZ,Inventa,,,,Importer,Toshkent shahar,KOTRA_SNS_2025,식품/건강기능식품
210310,AZ,Rzayeff International,,,,Importer,Baku,KOTRA_SNS_2025,식품/건강기능식품
210310,KZ,Cyprus,,,,Importer,Shymkent,KOTRA_SNS_2025,식품/건강기능식품
210310,MN,"Ulaanbaatar, Mongolia",,,,Importer,Ulaanbaatar,KOTRA_SNS_2025,식품/건강기능식품
210310,MN,Ateam,,,,Importer,Ulaanbaatar,KOTRA_SNS_2025,식품/건강기능식품
210310,MN,Gazar Shim Industry JSC,,,,Importer,Ulaanbaatar,KOTRA_SNS_2025,식품/건강기능식품
210310,ID,Evergen,,,,Importer,Jakarta,KOTRA_SNS_2025,식품/건강기능식품
210310,PH,Tako Bar MNL,,,,Importer,Manila,KOTRA_SNS_2025,식품/건강기능식품
210310,MY,Kormala N Sdn Bhd,,,,Importer,Mont Kiara,KOTRA_SNS_2025,식품/건강기능식품
210310,ID,K3MART,,,,Importer,Tangerang,KOTRA_SNS_2025,식품/건강기능식품
210310,US,Secret Creamery,,,,Importer,Las Vegas,KOTRA_SNS_2025,식품/건강기능식품
210310,IN,nine o one international,,,,Importer,Mumbai,KOTRA_SNS_2025,식품/건강기능식품
210310,TW,Nutritious Planets,,,,Importer,Durg,KOTRA_SNS_2025,식품/건강기능식품
210310,PK,Property Perfect,,,,Importer,Islamabad,KOTRA_SNS_2025,식품/건강기능식품
210310,LK,R&A Solutions Lanka Pvt Ltd,,,,Importer,Kadawatha,KOTRA_SNS_2025,식품/건강기능식품
210310,PK,southpunjab Mall,,,,Importer,Lahore,KOTRA_SNS_2025,식품/건강기능식품
210310,PK,Crystal services,,,,Importer,islamabad,KOTRA_SNS_2025,식품/건강기능식품
210310,US,World Polybags International (Pvt) Ltd,,,,Importer,Moratuwa,KOTRA_SNS_2025,식품/건강기능식품
210310,PK,AWAN,,,,Importer,Peshawar,KOTRA_SNS_2025,식품/건강기능식품
210310,IN,DK PHARMA IMPEX PVT LTD lonavla,,,,Importer,Kalyan,KOTRA_SNS_2025,식품/건강기능식품
210310,PK,AL RAHEEM TRADING,,,,Importer,Lahore,KOTRA_SNS_2025,식품/건강기능식품
210310,TZ,Muhimbili University of Health and Allied Sciences - MUHAS,,,,Importer,Mbeya,KOTRA_SNS_2025,식품/건강기능식품
210310,TZ,Enviromax Limited,,,,Importer,Dar es salaam,KOTRA_SNS_2025,식품/건강기능식품
210310,KE,KNCCI - Mombasa,,,,Importer,Mombasa,KOTRA_SNS_2025,식품/건강기능식품
210310,KE,AMI Stationery,,,,Importer,Kinondoni,KOTRA_SNS_2025,식품/건강기능식품
210310,NG,Tijara global,,,,Importer,"Kano state , Nigeria",KOTRA_SNS_2025,식품/건강기능식품
210310,NG,A. A Enterprises,,,,Importer,"Ibadan, Nigeria",KOTRA_SNS_2025,식품/건강기능식품
210310,GH,Divine Time Enterprise,,,,Importer,Kumasi,KOTRA_SNS_2025,식품/건강기능식품
210310,FR,Henko Group,,,,Importer,Paris,KOTRA_SNS_2025,식품/건강기능식품
210310,HU,Wolftrade kft,,,,Importer,Kecskemet,KOTRA_SNS_2025,식품/건강기능식품
210310,EC,Casa Korea,,,,Importer,Quito,KOTRA_SNS_2025,식품/건강기능식품
210310,AR,fox,,,,Importer,santa fe,KOTRA_SNS_2025,식품/건강기능식품
210310,CO,na,,,,Importer,Supata,KOTRA_SNS_2025,식품/건강기능식품
210310,TN,Azur Distribution,,,,Importer,Tunis,KOTRA_SNS_2025,식품/건강기능식품
210690,JP,"Fairytail Co.,Ltd.",,,,Importer,Tokyo,KOTRA_SNS_2025,식품/건강기능식품
210310,AZ,Oba market,,,,Importer,Baku,KOTRA_SNS_2025,식품/건강기능식품
210310,IN,Shop11products pvt ltd,,,,Importer,Bangalore,KOTRA_SNS_2025,식품/건강기능식품
210310,PK,ayub and sons,,,,Importer,Chiniot,KOTRA_SNS_2025,식품/건강기능식품
210310,IN,Jaswinder property consultant,,,,Importer,Khanna,KOTRA_SNS_2025,식품/건강기능식품
210310,NG,Pioog,,,,Importer,Lagos,KOTRA_SNS_2025,식품/건강기능식품
210310,NG,Goalsilvag,,,,Importer,Lagos,KOTRA_SNS_2025,식품/건강기능식품
210310,NG,Truelink global Ltd,,,,Importer,FCT Abuja,KOTRA_SNS_2025,식품/건강기능식품
210310,AR,Pym,,,,Importer,Buenos Aires,KOTRA_SNS_2025,식품/건강기능식품
210310,AR,hrtu,,,,Importer,Buenos aires,KOTRA_SNS_2025,식품/건강기능식품
210310,AR,Facebook,,,,Importer,La Banda,KOTRA_SNS_2025,식품/건강기능식품
210310,TR,Pak Montenegro food company doo,,,,Importer,Istanbul,KOTRA_SNS_2025,식품/건강기능식품
210310,ID,PT Reboundina Maju Bersama,,,,Importer,Jakarta,KOTRA_SNS_2025,식품/건강기능식품
210310,ID,PT BONAMITRA KALTIM,,,,Importer,Jakarta,KOTRA_SNS_2025,식품/건강기능식품
210310,ID,Connext ASEAN,,,,Importer,Jakarta,KOTRA_SNS_2025,식품/건강기능식품
210310,IN,Satvik Agro Tech Pvt. Ltd,,,,Importer,Mandi,KOTRA_SNS_2025,식품/건강기능식품
210310,BD,zachai ltd,,,,Importer,Dhaka,KOTRA_SNS_2025,식품/건강기능식품
210310,IN,NoT yET wOrKiNg sTilL iAm sTUdyInG,,,,Importer,Ludhiana,KOTRA_SNS_2025,식품/건강기능식품
210310,LK,Kekunawela International (Pvt.) Ltd.,,,,Importer,Akuressa,KOTRA_SNS_2025,식품/건강기능식품
210310,GH,Native Logistics Ltd,,,,Importer,Accra,KOTRA_SNS_2025,식품/건강기능식품
210310,NG,"Helimat Industrial Co Ltd. Lagos, Nigeria.",,,,Importer,"Gboko, Benue State",KOTRA_SNS_2025,식품/건강기능식품
210310,GH,EL-AGROBASE LIMITED,,,,Importer,Nsawam,KOTRA_SNS_2025,식품/건강기능식품
210310,NG,Retin vital products concrns limited,,,,Importer,Abuja,KOTRA_SNS_2025,식품/건강기능식품
210310,GH,See West Consult,,,,Importer,Accra,KOTRA_SNS_2025,식품/건강기능식품
210310,NG,Tijara global,,,,Importer,"Kano state , Nigeria",KOTRA_SNS_2025,식품/건강기능식품
210310,NG,wahbat continental plus limited,,,,Importer,Abuja,KOTRA_SNS_2025,식품/건강기능식품
210310,DE,GIA Trans Group LTD,,,,Importer,Sofia,KOTRA_SNS_2025,식품/건강기능식품
210310,CO,na,,,,Importer,Supata,KOTRA_SNS_2025,식품/건강기능식품
210310,IN,ITC,,,,Importer,Delhi,KOTRA_SNS_2025,식품/건강기능식품
210310,IN,Zomato Hyperpure,,,,Importer,Delhi,KOTRA_SNS_2025,식품/건강기능식품
210310,IN,SURESH,,,,Importer,Delhi,KOTRA_SNS_2025,식품/건강기능식품
210310,Switzerland,K.Lee Trading GmbH,,,,Importer,Zurich,KOTRA_SNS_2025,식품/건강기능식품
210310,Switzerland,Ethno & Company AG,,,,Importer,Zurich,KOTRA_SNS_2025,식품/건강기능식품
210310,Switzerland,Ethno & Company AG,,,,Importer,Zurich,KOTRA_SNS_2025,식품/건강기능식품
210310,Switzerland,looddl ag,,,,Importer,Zurich,KOTRA_SNS_2025,식품/건강기능식품
210310,Switzerland,yuuyuu ag,,,,Importer,Zurich,KOTRA_SNS_2025,식품/건강기능식품
210310,Switzerland,GUSTAV GERIG AG,,,,Importer,Zurich,KOTRA_SNS_2025,식품/건강기능식품
210310,Switzerland,Two Spice AG,,,,Importer,Zurich,KOTRA_SNS_2025,식품/건강기능식품
210310,Switzerland,Stutzer AG,,,,Importer,Zurich,KOTRA_SNS_2025,식품/건강기능식품
200989,IN,business consultant,,,,Importer,Navi Mumbai,KOTRA_SNS_2025,식품/건강기능식품
190230,IN,ford,,,,Importer,Indore,KOTRA_SNS_2025,식품/건강기능식품
200989,IN,Helios,,,,Importer,Mumbai,KOTRA_SNS_2025,식품/건강기능식품
200989,IN,techmedo enterprises,,,,Importer,"Jhansi, Madhya Pradesh",KOTRA_SNS_2025,식품/건강기능식품
190219,IN,ramdelotraders,,,,Importer,Pune,KOTRA_SNS_2025,식품/건강기능식품
190230,IN,Beyond Life cycle,,,,Importer,Navi Mumbai,KOTRA_SNS_2025,식품/건강기능식품
210310,IN,SHIN TRADERS PVT.LTD,,,,Importer,New Delhi,KOTRA_SNS_2025,식품/건강기능식품
210310,UZ,PSK,,,,Importer,Tashkent,KOTRA_SNS_2025,식품/건강기능식품
210310,US,TDC GLOBAL MINING COMPANY,,,,Importer,shymkent,KOTRA_SNS_2025,식품/건강기능식품
210310,KH,Phnom Penh,,,,Importer,Phnom Penh,KOTRA_SNS_2025,식품/건강기능식품
210310,US,hhdh,,,,Importer,gms,KOTRA_SNS_2025,식품/건강기능식품
210310,PH,WLEX Philippines Co. Inc,,,,Importer,Paranaque City,KOTRA_SNS_2025,식품/건강기능식품
210310,ID,K3MART,,,,Importer,Tangerang,KOTRA_SNS_2025,식품/건강기능식품
210310,US,Kibo,,,,Importer,Toronto,KOTRA_SNS_2025,식품/건강기능식품
210310,US,lucky,,,,Importer,pta,KOTRA_SNS_2025,식품/건강기능식품
210310,BD,M/S HALDAR INTERNATIONAL,,,,Importer,Dhaka,KOTRA_SNS_2025,식품/건강기능식품
210310,IN,Sterlite Ev,,,,Importer,Gurgaon,KOTRA_SNS_2025,식품/건강기능식품
210310,PK,Sraaw an.co,,,,Importer,Lahore,KOTRA_SNS_2025,식품/건강기능식품
210310,PK,agriverge technologies,,,,Importer,Lahore,KOTRA_SNS_2025,식품/건강기능식품
210310,BD,Ankon Group,,,,Importer,Dhaka,KOTRA_SNS_2025,식품/건강기능식품
210310,US,NafMan,,,,Importer,Dhaka,KOTRA_SNS_2025,식품/건강기능식품
210310,BD,Journalist  + business,,,,Importer,Dhaka,KOTRA_SNS_2025,식품/건강기능식품
210310,PK,Rasheed sons,,,,Importer,Lahore,KOTRA_SNS_2025,식품/건강기능식품
210310,PK,s.k traders,,,,Importer,narowal,KOTRA_SNS_2025,식품/건강기능식품
210310,US,Muslim,,,,Importer,chakwal,KOTRA_SNS_2025,식품/건강기능식품
210310,PK,Asif Hanif Associates,,,,Importer,Lahore,KOTRA_SNS_2025,식품/건강기능식품
210310,NG,NNPC/PPMC DEPOT,,,,Importer,Enugu,KOTRA_SNS_2025,식품/건강기능식품
210310,TZ,Huderes,,,,Importer,Dar es Salaam,KOTRA_SNS_2025,식품/건강기능식품
210310,KE,Gurani General Supplies,,,,Importer,Nairobi,KOTRA_SNS_2025,식품/건강기능식품
210310,ET,Agro vet plc,,,,Importer,Addis abeba,KOTRA_SNS_2025,식품/건강기능식품
210310,NG,de frontlink resources ltd,,,,Importer,Lagos,KOTRA_SNS_2025,식품/건강기능식품
210310,ZA,Pole Jnr Consultant Pty Ltd,,,,Importer,Pretoria,KOTRA_SNS_2025,식품/건강기능식품
210310,NG,Lanre farm multiplication,,,,Importer,Lagos,KOTRA_SNS_2025,식품/건강기능식품
210310,NG,Ages-point Nigeria Limited,,,,Importer,warri,KOTRA_SNS_2025,식품/건강기능식품
210310,RO,Time BM,,,,Importer,Bucharest,KOTRA_SNS_2025,식품/건강기능식품
210310,ES,Eskala,,,,Importer,Madrid,KOTRA_SNS_2025,식품/건강기능식품
210310,HK,Murray rice co ltd,,,,Importer,Hong Kong,KOTRA_SNS_2025,식품/건강기능식품
210310,AR,Lostin,,,,Importer,Cordoba,KOTRA_SNS_2025,식품/건강기능식품
210310,PA,Corporacion Berlin,,,,Importer,COSTA DEL ESTE,KOTRA_SNS_2025,식품/건강기능식품
220299,RU,Zeffiro,,,,Importer,Moscow,KOTRA_SNS_2025,식품/건강기능식품
220299,RU,"OOO""MALEKS""",,,,Importer,Moscow,KOTRA_SNS_2025,식품/건강기능식품
220299,RU,ФармРегион,,,,Importer,Moscow,KOTRA_SNS_2025,식품/건강기능식품
220299,RU,Фабрика здоровья,,,,Importer,Moscow,KOTRA_SNS_2025,식품/건강기능식품
190590,RU,SAKKURAM,,,,Importer,Moscow,KOTRA_SNS_2025,식품/건강기능식품
220299,RU,SIFO,,,,Importer,Moscow,KOTRA_SNS_2025,식품/건강기능식품
210310,SE,Dragon port,,,,Importer,Gothenburg,KOTRA_SNS_2025,식품/건강기능식품
210310,CZ,Koln,,,,Importer,Czech,KOTRA_SNS_2025,식품/건강기능식품
210310,CZ,esk Republika,,,,Importer,esk Republika,KOTRA_SNS_2025,식품/건강기능식품
210310,AR,timp,,,,Importer,9 de julio,KOTRA_SNS_2025,식품/건강기능식품
210310,AR,lupio,,,,Importer,Tucuman,KOTRA_SNS_2025,식품/건강기능식품
210310,US,lopion,,,,Importer,Tucuman,KOTRA_SNS_2025,식품/건강기능식품
210310,AR,fox,,,,Importer,santa fe,KOTRA_SNS_2025,식품/건강기능식품
210310,AR,hpb,,,,Importer,Buenos aires,KOTRA_SNS_2025,식품/건강기능식품
210310,AR,Tecnoprofit,,,,Importer,RIo Cuarto,KOTRA_SNS_2025,식품/건강기능식품
210310,KE,Neon Ventures,,,,Importer,Nairobi,KOTRA_SNS_2025,식품/건강기능식품
210310,ET,cultivaid,,,,Importer,Addis Ababa,KOTRA_SNS_2025,식품/건강기능식품
210310,US,Self Employed,,,,Importer,Accra,KOTRA_SNS_2025,식품/건강기능식품
210310,NG,Orange Blue Farms Limited,,,,Importer,Abuja,KOTRA_SNS_2025,식품/건강기능식품
210310,NG,elogod the great,,,,Importer,Onitsha,KOTRA_SNS_2025,식품/건강기능식품
210310,NG,1hectare1family.,,,,Importer,Abuja,KOTRA_SNS_2025,식품/건강기능식품
210310,ET,"none yet, i'm still at school:L",,,,Importer,Addis Ababa,KOTRA_SNS_2025,식품/건강기능식품
210310,NG,Jehovah Ventures Ltd.,,,,Importer,lbadan,KOTRA_SNS_2025,식품/건강기능식품
210310,GH,Kramagric,,,,Importer,Accra,KOTRA_SNS_2025,식품/건강기능식품
210310,NG,KINGSMATE NIG ENTERPRISE,,,,Importer,LAGOS,KOTRA_SNS_2025,식품/건강기능식품
210310,MZ,Universidade Catlica de Moambique,,,,Importer,Beira,KOTRA_SNS_2025,식품/건강기능식품
210310,NG,Pepstoics Nig Ltd,,,,Importer,Port Harcourt,KOTRA_SNS_2025,식품/건강기능식품
210310,NG,The Fresh Market,,,,Importer,Lagos,KOTRA_SNS_2025,식품/건강기능식품
210310,NG,A7A ASSOCIATES LTD,,,,Importer,Lagos,KOTRA_SNS_2025,식품/건강기능식품
210310,CA,GINIO NIGERIA LTD,,,,Importer,Lekki,KOTRA_SNS_2025,식품/건강기능식품
210310,NG,Church of Nigeria Anglican Commnion,,,,Importer,Abuja,KOTRA_SNS_2025,식품/건강기능식품
210310,DZ,Grant Sarl tolga agro food,,,,Importer,Algiers,KOTRA_SNS_2025,식품/건강기능식품
210310,DZ,tm services,,,,Importer,London,KOTRA_SNS_2025,식품/건강기능식품
210310,DZ,Elster Algrie Eurl,,,,Importer,Boghni,KOTRA_SNS_2025,식품/건강기능식품
210310,TH,"Lionfly Co., Ltd",,,,Importer,Bangkok,KOTRA_SNS_2025,식품/건강기능식품
210310,ID,PT Nifindo Evano Global,,,,Importer,Jakarta,KOTRA_SNS_2025,식품/건강기능식품
210310,PH,DA company,,,,Importer,Balingasaguk,KOTRA_SNS_2025,식품/건강기능식품
210310,MY,Peo Vinc M influences Sdn Bhd,,,,Importer,Ipoh,KOTRA_SNS_2025,식품/건강기능식품
210310,ID,PT Naili Boga Indonesia,,,,Importer,Bogor,KOTRA_SNS_2025,식품/건강기능식품
210310,MY,GN Horticulture,,,,Importer,Kajang,KOTRA_SNS_2025,식품/건강기능식품
210310,CA,Aurum Care Co,,,,Importer,Toronto,KOTRA_SNS_2025,식품/건강기능식품
210310,IN,Nanded,,,,Importer,Nanded,KOTRA_SNS_2025,식품/건강기능식품
210310,BD,next communications,,,,Importer,Dhaka,KOTRA_SNS_2025,식품/건강기능식품
210310,IN,M & M Hospitality,,,,Importer,Mumbai,KOTRA_SNS_2025,식품/건강기능식품
210310,PK,Rotika pvt ltd,,,,Importer,Lahore,KOTRA_SNS_2025,식품/건강기능식품
210310,BD,Impex trade international,,,,Importer,Dhaka,KOTRA_SNS_2025,식품/건강기능식품
210310,PK,R.K Trader,,,,Importer,Karachi,KOTRA_SNS_2025,식품/건강기능식품
210310,LK,The Agristuff PVT Ltd,,,,Importer,Malabe,KOTRA_SNS_2025,식품/건강기능식품
210310,PK,Mayasilk,,,,Importer,gujranwala,KOTRA_SNS_2025,식품/건강기능식품
210310,IN,BTG,,,,Importer,Bangalore,KOTRA_SNS_2025,식품/건강기능식품
210310,PK,eco friendly company,,,,Importer,Quetta,KOTRA_SNS_2025,식품/건강기능식품
210310,BD,Save And Safety Agro Food,,,,Importer,Dhaka,KOTRA_SNS_2025,식품/건강기능식품
210310,PK,Marco,,,,Importer,Karachi,KOTRA_SNS_2025,식품/건강기능식품
210310,PK,The Bank of Punjab,,,,Importer,Okara,KOTRA_SNS_2025,식품/건강기능식품
210310,PK,Machines manufacturers,,,,Importer,Karachi,KOTRA_SNS_2025,식품/건강기능식품
210310,IN,Euro Asia Manpower Services,,,,Importer,Sujangarh,KOTRA_SNS_2025,식품/건강기능식품
210310,PK,New almaida taste point smc Pvt ltd,,,,Importer,Nankana sahib,KOTRA_SNS_2025,식품/건강기능식품
210310,BD,M/S. BAHADUR ENTERPRISE,,,,Importer,"DHAKA,BANGLADESH",KOTRA_SNS_2025,식품/건강기능식품
210310,IN,CP world,,,,Importer,Amritsar,KOTRA_SNS_2025,식품/건강기능식품
210310,CN,"Shanghai Minglai Enterprise Management Co., Ltd",,,,Importer,Tianjin,KOTRA_SNS_2025,식품/건강기능식품
210310,CN,"QINGDAO HUANGHOUAI(HHA) Trading Co., Ltd.",,,,Importer,Tianjin,KOTRA_SNS_2025,식품/건강기능식품
210310,CN,"QINGDAO  Queen Love Trading Co., Ltd.",,,,Importer,Tianjin,KOTRA_SNS_2025,식품/건강기능식품
210310,CN,"Qingdao Yuya Supply Chain Management Co., Ltd.",,,,Importer,Tianjin,KOTRA_SNS_2025,식품/건강기능식품
210310,CN,"Yuepengtai Enterprise Management (Tianjin) Co., Ltd.",,,,Importer,Tianjin,KOTRA_SNS_2025,식품/건강기능식품
210310,CN,"Yuepengtai Supply Chain Co., Ltd.",,,,Importer,Tianjin,KOTRA_SNS_2025,식품/건강기능식품
210310,CN,"YPT (GZ) Natural Food Co., Ltd.",,,,Importer,Tianjin,KOTRA_SNS_2025,식품/건강기능식품
210310,CN,Tianjin Blue Maple Ltd.,,,,Importer,Tianjin,KOTRA_SNS_2025,식품/건강기능식품
210310,CN,"JUSTLIFE(Beijing) International trading Co.,Ltd",,,,Importer,Tianjin,KOTRA_SNS_2025,식품/건강기능식품
210310,CN,"Tianjin Haoguan International Trade Co., Ltd.",,,,Importer,Tianjin,KOTRA_SNS_2025,식품/건강기능식품
210310,CN,"Qiuming (Tianjin) Catering Management Co., Ltd.",,,,Importer,Tianjin,KOTRA_SNS_2025,식품/건강기능식품
210310,CN,"Beijing Jinhui Pengda International Trade Co., Ltd.",,,,Importer,Tianjin,KOTRA_SNS_2025,식품/건강기능식품
210310,CN,"Gonwn (Shenzhen) Eco-Ag Technology Co., LTD",,,,Importer,Tianjin,KOTRA_SNS_2025,식품/건강기능식품
210310,CN,"Beijing Saqi Technology Development Co., Ltd.",,,,Importer,Tianjin,KOTRA_SNS_2025,식품/건강기능식품
210310,CN,Yantai Tubei International Trade Co Ltd,,,,Importer,Shandong,KOTRA_SNS_2025,식품/건강기능식품
210310,CN,Hangzhou Geruilide Brand Management Co Ltd.,,,,Importer,Shandong,KOTRA_SNS_2025,식품/건강기능식품
210310,CN,BTGIN (QINGDAO) Commercial and Trading Co Ltd,,,,Importer,Shandong,KOTRA_SNS_2025,식품/건강기능식품
210310,CN,QINGDAO LEMEIJU TRADE CO LTD,,,,Importer,Shandong,KOTRA_SNS_2025,식품/건강기능식품
210310,CN,"HAN TONG HUI INTERNATIONAL TRADE CO., LTD",,,,Importer,jilin,KOTRA_SNS_2025,식품/건강기능식품
210310,CN,"JILIN LONGMATE SUPPLY CHAIN MANAGEMENT CO., LTD",,,,Importer,jilin,KOTRA_SNS_2025,식품/건강기능식품
200989,IN,IBC GENERAL TRADING PVT. LTD,,,,Importer,Mumbai,KOTRA_SNS_2025,식품/건강기능식품
200989,IN,URBAN PLATTER / ISTOREDIRECT TRADING LLP,,,,Importer,Mumbai,KOTRA_SNS_2025,식품/건강기능식품
190219,IN,Nothing,,,,Importer,mumbai,KOTRA_SNS_2025,식품/건강기능식품
190219,IN,Miraculous And Vital Indulgence LLP,,,,Importer,Navi Mumbai,KOTRA_SNS_2025,식품/건강기능식품
190219,IN,FYI and The Chai Bar,,,,Importer,Dhule,KOTRA_SNS_2025,식품/건강기능식품
190219,IN,Momo craft,,,,Importer,mumbai,KOTRA_SNS_2025,식품/건강기능식품
190219,IN,Restaurateur,,,,Importer,mumbai,KOTRA_SNS_2025,식품/건강기능식품
190219,IN,"Tiny Pegasus Events, Tirupati",,,,Importer,mumbai,KOTRA_SNS_2025,식품/건강기능식품
190219,IN,M & M Hospitality,,,,Importer,Mumbai,KOTRA_SNS_2025,식품/건강기능식품
190219,IN,Thirteen91 Business Solution,,,,Importer,mumbai,KOTRA_SNS_2025,식품/건강기능식품
190230,IN,DNY Group,,,,Importer,Mumbai,KOTRA_SNS_2025,식품/건강기능식품
190219,IN,Supr Daily,,,,Importer,mumbai,KOTRA_SNS_2025,식품/건강기능식품
190219,IN,Bangtan cafe,,,,Importer,Kolhapur,KOTRA_SNS_2025,식품/건강기능식품
200989,IN,Qube The lounge,,,,Importer,mumbai,KOTRA_SNS_2025,식품/건강기능식품
210690,CN,QINGDAO FREE TRADE ZONE SAUCE BOOK INTERNATIONAL TRADE CO LT,,,,Importer,henan,KOTRA_SNS_2025,식품/건강기능식품
210690,CN,"Zhengzhou International Hub Development and Construction Co., Ltd",,,,Importer,henan,KOTRA_SNS_2025,식품/건강기능식품
210310,KE,Nirp East Africa Limited,,,,Importer,Nairobi,KOTRA_SNS_2025,식품/건강기능식품
210310,KE,GOLDENSEA GLOBAL LTD,,,,Importer,Nairobi,KOTRA_SNS_2025,식품/건강기능식품
210310,KE,SONGHYUN FOODSTUFFS LTD,,,,Importer,Nairobi,KOTRA_SNS_2025,식품/건강기능식품
210310,KE,Airtech Engineering Services Ltd,,,,Importer,Nairobi,KOTRA_SNS_2025,식품/건강기능식품
210310,CN,"T-SOUL Brand Management Co., Ltd",,,,Importer,GUANGZHOU,KOTRA_SNS_2025,식품/건강기능식품
210310,CN,"Guangdong SanGo Cosmetic Trading Co.,Ltd",,,,Importer,GUANGZHOU,KOTRA_SNS_2025,식품/건강기능식품
210310,CN,"Shenzhen  Mingyang  International Cultural Technology.Co.,Ltd",,,,Importer,GUANGZHOU,KOTRA_SNS_2025,식품/건강기능식품
210310,CN,OPB China,,,,Importer,GUANGZHOU,KOTRA_SNS_2025,식품/건강기능식품
210310,CN,MINISO,,,,Importer,GUANGZHOU,KOTRA_SNS_2025,식품/건강기능식품
210310,CN,HANG HEUNG CAKE SHOP COMPANY LIMITED,,,,Importer,GUANGZHOU,KOTRA_SNS_2025,식품/건강기능식품
210310,CN,"Guangdong Juniu Food Co., LTD",,,,Importer,GUANGZHOU,KOTRA_SNS_2025,식품/건강기능식품
210310,CN,"Guangzhou Zhenjiu Trading Co., Ltd",,,,Importer,GUANGZHOU,KOTRA_SNS_2025,식품/건강기능식품
210310,CN,Shenzhen jinfengyuan foreign trade co.ltd,,,,Importer,GUANGZHOU,KOTRA_SNS_2025,식품/건강기능식품
210310,CN,Ledong Duzhiguo Melon Planting Farmers Professional Cooperative,,,,Importer,GUANGZHOU,KOTRA_SNS_2025,식품/건강기능식품
210310,CN,"Shenzhen Zhaoying Trading Co., Ltd.",,,,Importer,GUANGZHOU,KOTRA_SNS_2025,식품/건강기능식품
210310,CN,"Shenzhen Honghao Trading Co., Ltd.",,,,Importer,GUANGZHOU,KOTRA_SNS_2025,식품/건강기능식품
210310,CN,"Shenzhen Tastitude Trade Co., LTD",,,,Importer,GUANGZHOU,KOTRA_SNS_2025,식품/건강기능식품
210310,CN,"Shenzhen Senrin International Trade Co., Ltd.",,,,Importer,GUANGZHOU,KOTRA_SNS_2025,식품/건강기능식품
210310,CN,"Forwins Global Resources Holdings Co., Limited",,,,Importer,GUANGZHOU,KOTRA_SNS_2025,식품/건강기능식품
210310,CN,"Guangzhou ZhuHanCheng Trade Co., Ltd.",,,,Importer,GUANGZHOU,KOTRA_SNS_2025,식품/건강기능식품
190219,IN,gr enterprise,,,,Importer,Mumbai,KOTRA_SNS_2025,식품/건강기능식품
190219,IN,Vinod F&B,,,,Importer,Mumbai,KOTRA_SNS_2025,식품/건강기능식품
210310,Nigeria,Alcon Nigeria Ltd,,,,Importer,Abuja,KOTRA_SNS_2025,식품/건강기능식품
210310,Tanzania,Akemi  Revolving Restaurant.,,,,Importer,Dar es Salaam,KOTRA_SNS_2025,식품/건강기능식품
210310,India,Nimo Herbal and Agro tech,,,,Importer,Thoothukudi,KOTRA_SNS_2025,식품/건강기능식품
210310,Pakistan,Own bussiness,,,,Importer,Nowshera,KOTRA_SNS_2025,식품/건강기능식품
210310,Pakistan,Mezan Tea (Pvt) Ltd,,,,Importer,Karachi,KOTRA_SNS_2025,식품/건강기능식품
210310,Canada,service,,,,Importer,Edmonton,KOTRA_SNS_2025,식품/건강기능식품
210310,India,Suresh Kumar & Co. (Impex) Pvt. Ltd.,,,,Importer,Delhi,KOTRA_SNS_2025,식품/건강기능식품
210310,Switzerland,holos-gmbh,,,,Importer,Wollerau,KOTRA_SNS_2025,식품/건강기능식품
210310,Morocco,Les Domaines Agricoles,,,,Importer,Oujda,KOTRA_SNS_2025,식품/건강기능식품
210310,Kenya,Bank of America Business,,,,Importer,Iten,KOTRA_SNS_2025,식품/건강기능식품
210310,Nigeria,National Urban Water Sector Reform Project,,,,Importer,"Funtua, Katsina State, Nigeria.",KOTRA_SNS_2025,식품/건강기능식품
210310,AZ,Ali,,,,Importer,Baku,KOTRA_SNS_2025,식품/건강기능식품
210310,US,sanrok international,,,,Importer,hyde park Boston ma  02136,KOTRA_SNS_2025,식품/건강기능식품
210310,US,doofood,,,,Importer,Queens,KOTRA_SNS_2025,식품/건강기능식품
210310,AR,fox,,,,Importer,santa fe,KOTRA_SNS_2025,식품/건강기능식품
210310,AR,fox,,,,Importer,Alvear,KOTRA_SNS_2025,식품/건강기능식품
210310,AR,lujux,,,,Importer,Santa Fe,KOTRA_SNS_2025,식품/건강기능식품
210310,US,Polion,,,,Importer,Tucuman,KOTRA_SNS_2025,식품/건강기능식품
210310,US,dyf,,,,Importer,buenos aires,KOTRA_SNS_2025,식품/건강기능식품
210310,US,sedq,,,,Importer,pergaminos,KOTRA_SNS_2025,식품/건강기능식품
210310,US,TCG Comex,,,,Importer,Columbus,KOTRA_SNS_2025,식품/건강기능식품
210310,CA,Aira international,,,,Importer,Toronto,KOTRA_SNS_2025,식품/건강기능식품
210310,NG,Guarantee Impex Global Services Ltd,,,,Importer,Abuja,KOTRA_SNS_2025,식품/건강기능식품
210310,ET,YONET TRADING PLC,,,,Importer,Addis Ababa,KOTRA_SNS_2025,식품/건강기능식품
210310,NG,Imafidon Hiter Associates.,,,,Importer,Lagos,KOTRA_SNS_2025,식품/건강기능식품
210310,NG,Potpourri ventures,,,,Importer,Lagos,KOTRA_SNS_2025,식품/건강기능식품
210310,NG,bankle ddi Nigeria Ent,,,,Importer,Sagamu,KOTRA_SNS_2025,식품/건강기능식품
210310,US,dh enterprise,,,,Importer,accra,KOTRA_SNS_2025,식품/건강기능식품
210310,GH,enosa investment,,,,Importer,wenchi,KOTRA_SNS_2025,식품/건강기능식품
210310,IQ,Fresh Food Duhok For General Trading,,,,Importer,Zakho,KOTRA_SNS_2025,식품/건강기능식품
210310,US,sans nom,,,,Importer,Oran,KOTRA_SNS_2025,식품/건강기능식품
210310,IQ,Sawa for paper & board trading,,,,Importer,Amman,KOTRA_SNS_2025,식품/건강기능식품
210310,MA,Miranda Drone,,,,Importer,Eljadida,KOTRA_SNS_2025,식품/건강기능식품
210310,PK,bussiness man,,,,Importer,Lahore,KOTRA_SNS_2025,식품/건강기능식품
210310,BD,khair group,,,,Importer,dhaka,KOTRA_SNS_2025,식품/건강기능식품
210310,ID,Shabir & Sons,,,,Importer,South Jakarta,KOTRA_SNS_2025,식품/건강기능식품
210310,PK,CEO Alpine Trekkers & Tours,,,,Importer,Islamabad,KOTRA_SNS_2025,식품/건강기능식품
210310,IN,Banjara Global export import pvt Ltd,,,,Importer,Mumbai,KOTRA_SNS_2025,식품/건강기능식품
210310,IN,"Gurgaon, Haryana",,,,Importer,Gurugram,KOTRA_SNS_2025,식품/건강기능식품
210310,IN,A,,,,Importer,MEERUT,KOTRA_SNS_2025,식품/건강기능식품
210310,BD,Habib trading corporation,,,,Importer,Tangail,KOTRA_SNS_2025,식품/건강기능식품
210310,IN,Freelancer - Self Employed,,,,Importer,Panaji,KOTRA_SNS_2025,식품/건강기능식품
210310,IN,Self employed,,,,Importer,Kaithal,KOTRA_SNS_2025,식품/건강기능식품
210310,US,no,,,,Importer,mehsana,KOTRA_SNS_2025,식품/건강기능식품
210310,PK,Facebook,,,,Importer,Faisalabad,KOTRA_SNS_2025,식품/건강기능식품
210310,AE,Mjs Food Products,,,,Importer,Gujranwala,KOTRA_SNS_2025,식품/건강기능식품
210310,BD,gsk,,,,Importer,pangsha,KOTRA_SNS_2025,식품/건강기능식품
210310,IN,Apple,,,,Importer,Ludhiana,KOTRA_SNS_2025,식품/건강기능식품
210310,PK,ORIGINAL INDUSTRIES PVT. LTD.,,,,Importer,Lahore,KOTRA_SNS_2025,식품/건강기능식품
210310,NG,Carus Trade Commercial Limited,,,,Importer,Lagos,KOTRA_SNS_2025,식품/건강기능식품
210310,GH,Samwillio Enterprise,,,,Importer,Accra,KOTRA_SNS_2025,식품/건강기능식품
210310,ET,Chogi Trade & Investment,,,,Importer,ETH,KOTRA_SNS_2025,식품/건강기능식품
210310,NG,CB network GLOBAL CONCEPT Abuja.,,,,Importer,Abuja,KOTRA_SNS_2025,식품/건강기능식품
210310,NG,Alwadud Global Concepts Ltd,,,,Importer,Abuja,KOTRA_SNS_2025,식품/건강기능식품
210310,ET,keza kitchen,,,,Importer,Addis Ababa,KOTRA_SNS_2025,식품/건강기능식품
210310,ET,ETHIO FIRST MANUFACTURING PLC,,,,Importer,Addis Ababa,KOTRA_SNS_2025,식품/건강기능식품
210310,NG,TYGERVALLEY GLOBAL LTD,,,,Importer,Lagos,KOTRA_SNS_2025,식품/건강기능식품
210310,GH,Fejaz consultancy,,,,Importer,Accra,KOTRA_SNS_2025,식품/건강기능식품
210310,NG,Rabaaa1dynamic global services,,,,Importer,FCT,KOTRA_SNS_2025,식품/건강기능식품
210310,NG,D B Interworld Limited,,,,Importer,Lagos,KOTRA_SNS_2025,식품/건강기능식품
210310,NG,M.s.dinki Enterprise,,,,Importer,Abuja,KOTRA_SNS_2025,식품/건강기능식품
210310,NG,Chinedum Isaac,,,,Importer,Port Harcourt,KOTRA_SNS_2025,식품/건강기능식품
210310,KE,sales africa,,,,Importer,Nairobi,KOTRA_SNS_2025,식품/건강기능식품
210310,NG,AL- ABSAR Diary Merchandise Ltd,,,,Importer,Lagos,KOTRA_SNS_2025,식품/건강기능식품
210310,NG,Jamaco,,,,Importer,Lagos,KOTRA_SNS_2025,식품/건강기능식품
210310,MA,Casablanca,,,,Importer,Casablanca,KOTRA_SNS_2025,식품/건강기능식품
210310,IQ,Qaiwan group co.,,,,Importer,Iraq sulimani,KOTRA_SNS_2025,식품/건강기능식품
210310,MA,Commercial,,,,Importer,marrakech,KOTRA_SNS_2025,식품/건강기능식품
210310,DZ,el amir,,,,Importer,An Defla,KOTRA_SNS_2025,식품/건강기능식품
210310,AZ,Azeservice,,,,Importer,Baku,KOTRA_SNS_2025,식품/건강기능식품
210310,MN,"Ulaanbaatar, Mongolia",,,,Importer,Ulaanbaatar,KOTRA_SNS_2025,식품/건강기능식품
210310,UZ,Баратов мойка,,,,Importer,Tashkent,KOTRA_SNS_2025,식품/건강기능식품
210310,MN,Public,,,,Importer,Ulaanbaatar,KOTRA_SNS_2025,식품/건강기능식품
210310,KZ,Тоо mix,,,,Importer,Almaty,KOTRA_SNS_2025,식품/건강기능식품
210310,KZ,EnEco Solutions,,,,Importer,Ural'sk,KOTRA_SNS_2025,식품/건강기능식품
210310,KZ,Self employed,,,,Importer,Shymkent,KOTRA_SNS_2025,식품/건강기능식품
210310,PH,Mrs Kim's,,,,Importer,Cainta Rizal,KOTRA_SNS_2025,식품/건강기능식품
210310,ID,PT OKOSIA,,,,Importer,Jakarta,KOTRA_SNS_2025,식품/건강기능식품
210310,PH,Rhaya Store,,,,Importer,Cavite City,KOTRA_SNS_2025,식품/건강기능식품
210310,MM,K&H Ladies wear,,,,Importer,Yangon,KOTRA_SNS_2025,식품/건강기능식품
210310,PH,samgyuniku,,,,Importer,Las Pinas,KOTRA_SNS_2025,식품/건강기능식품
210310,SG,MP international,,,,Importer,Singapore,KOTRA_SNS_2025,식품/건강기능식품
210310,PH,Redondo sari sari store,,,,Importer,bislig city,KOTRA_SNS_2025,식품/건강기능식품
210310,EC,Cancamo SA,,,,Importer,Guayaquil,KOTRA_SNS_2025,식품/건강기능식품
210310,CO,Pharmalacteos SA,,,,Importer,Bogota,KOTRA_SNS_2025,식품/건강기능식품
210310,IN,west valley organic farm,,,,Importer,Pune,KOTRA_SNS_2025,식품/건강기능식품
210310,US,Agroventures Plantations Private Ltd,,,,Importer,Battaramulla,KOTRA_SNS_2025,식품/건강기능식품
210310,BD,Standard Finis Oil Com.,,,,Importer,Dhaka,KOTRA_SNS_2025,식품/건강기능식품
210310,BD,Koryori,,,,Importer,Dhaka,KOTRA_SNS_2025,식품/건강기능식품
210310,AE,ambassador tour and travel,,,,Importer,karachi,KOTRA_SNS_2025,식품/건강기능식품
210310,IN,Bio Garddener,,,,Importer,pollachi,KOTRA_SNS_2025,식품/건강기능식품
210310,PK,zeeshan traders,,,,Importer,chakwal,KOTRA_SNS_2025,식품/건강기능식품
210310,PK,Honnex Private Limited,,,,Importer,Lahore,KOTRA_SNS_2025,식품/건강기능식품
210310,IN,Geneca Life Science,,,,Importer,Indore,KOTRA_SNS_2025,식품/건강기능식품
210310,PK,Al mahmood dairy and cattle farm,,,,Importer,Karachi,KOTRA_SNS_2025,식품/건강기능식품
210310,PK,Qaswa marquee,,,,Importer,Gujranwala,KOTRA_SNS_2025,식품/건강기능식품
210310,PK,Omni Group of Companies,,,,Importer,Ghotki,KOTRA_SNS_2025,식품/건강기능식품
210310,PK,Afshi Traders Rwp,,,,Importer,Rawalpindi,KOTRA_SNS_2025,식품/건강기능식품
210310,AE,IQBAL & company,,,,Importer,Karachi,KOTRA_SNS_2025,식품/건강기능식품
210310,CN,"SHANGHAI JOEN INT'L TRADE CO.,LTD.",,,,Importer,NANJING,KOTRA_SNS_2025,식품/건강기능식품
210310,KH,SMES Eco Finance Plc,,,,Importer,Phnom Penh,KOTRA_SNS_2025,식품/건강기능식품
210310,MY,Niche Marketz Food Sdn Bhd,,,,Importer,subang jaya,KOTRA_SNS_2025,식품/건강기능식품
210310,PH,Batangas Premium,,,,Importer,Batangas City,KOTRA_SNS_2025,식품/건강기능식품
210310,PT,delex,,,,Importer,Lisbon,KOTRA_SNS_2025,식품/건강기능식품
210310,PT,Glet europe,,,,Importer,lisbon,KOTRA_SNS_2025,식품/건강기능식품
210310,HK,一品蟻,,,,Importer,Hong Kong,KOTRA_SNS_2025,식품/건강기능식품
210310,IN,Pathri_UPVC_Solutions,,,,Importer,Bangalore,KOTRA_SNS_2025,식품/건강기능식품
210310,PK,Mks foods international,,,,Importer,Lahore,KOTRA_SNS_2025,식품/건강기능식품
210310,IN,Troika,,,,Importer,Mumbai,KOTRA_SNS_2025,식품/건강기능식품
210310,IN,Mom,,,,Importer,Kollam,KOTRA_SNS_2025,식품/건강기능식품
210310,US,JC Enterprises,,,,Importer,Mumbai,KOTRA_SNS_2025,식품/건강기능식품
210310,PK,Agri-green Seed company,,,,Importer,Uthal,KOTRA_SNS_2025,식품/건강기능식품
210310,IN,Singapore,,,,Importer,Tamil Nadu,KOTRA_SNS_2025,식품/건강기능식품
210310,IN,Urban food company,,,,Importer,Kolkata,KOTRA_SNS_2025,식품/건강기능식품
210310,AU,Mcq,,,,Importer,Perth,KOTRA_SNS_2025,식품/건강기능식품
210310,HK,Top Step Development Ltd,,,,Importer,Hong Kong,KOTRA_SNS_2025,식품/건강기능식품
210310,KH,Happy day food and Beverages co.ltd,,,,Importer,Siem Reap,KOTRA_SNS_2025,식품/건강기능식품
210310,PK,Safi seed company,,,,Importer,Peshawar,KOTRA_SNS_2025,식품/건강기능식품
210310,IN,Hotel Clark Avadh,,,,Importer,Bhopal,KOTRA_SNS_2025,식품/건강기능식품
210310,IN,Nosh foods,,,,Importer,Pune,KOTRA_SNS_2025,식품/건강기능식품
210310,GB,Finden,,,,Importer,Glasgow,KOTRA_SNS_2025,식품/건강기능식품
210310,Indonesia,tidakada,,,,Importer,Makassar,KOTRA_SNS_2025,식품/건강기능식품
210390,cn,"HENAN ROUHUAI BUSINESS TRADE CO.,LTD.",,,,Importer,ZHENGZHOU,KOTRA_SNS_2025,식품/건강기능식품
210390,cn,"Zhengzhou International Hub Development and Construction Co., Ltd",,,,Importer,ZHENGZHOU,KOTRA_SNS_2025,식품/건강기능식품
210390,cn,"Zhengzhou International Hub Development and Construction Co., Ltd",,,,Importer,ZHENGZHOU,KOTRA_SNS_2025,식품/건강기능식품
210690,US,Twee&Tee,,,,Importer,Kansas City,KOTRA_SNS_2025,식품/건강기능식품
210690,US,swpti,,,,Importer,lamoung timur,KOTRA_SNS_2025,식품/건강기능식품
210690,US,MDI ACTIVE,,,,Importer,Newport Beach,KOTRA_SNS_2025,식품/건강기능식품
210690,RO,,,,,Importer,Nrtingen,KOTRA_SNS_2025,식품/건강기능식품
210690,ID,LASKAR HITAM \m/,,,,Importer,Perawang,KOTRA_SNS_2025,식품/건강기능식품
210690,ID,iya,,,,Importer,Makassar,KOTRA_SNS_2025,식품/건강기능식품
210690,ID,PT DA,,,,Importer,Perbaungan,KOTRA_SNS_2025,식품/건강기능식품
210690,ID,Mgn Protection Ltd,,,,Importer,Admistrasi Jakarta Barat,KOTRA_SNS_2025,식품/건강기능식품
210690,ID,Unilever,,,,Importer,Semarang/Yogyakarta,KOTRA_SNS_2025,식품/건강기능식품
210690,US,coffekona,,,,Importer,Jakarta,KOTRA_SNS_2025,식품/건강기능식품
210690,US,Hemp Haven Healing,,,,Importer,Virginia Beach,KOTRA_SNS_2025,식품/건강기능식품
210690,ID,Wiraswasta Mandiri,,,,Importer,Banyumas,KOTRA_SNS_2025,식품/건강기능식품
210690,IT,"Vatican City - Lin Ziola - Owner | Italy EU | Roma | 19014 | Roma, Vatican",,,,Importer,Roma,KOTRA_SNS_2025,식품/건강기능식품
210690,ID,benny,,,,Importer,Surabaya,KOTRA_SNS_2025,식품/건강기능식품
210690,BS,tri,,,,Importer,Kara,KOTRA_SNS_2025,식품/건강기능식품
210690,ID,Ayam strong dan bakmi sansan,,,,Importer,Cibinong bogor,KOTRA_SNS_2025,식품/건강기능식품
210690,ID,Quiari,,,,Importer,Denpasar,KOTRA_SNS_2025,식품/건강기능식품
210690,DE,Wulte,,,,Importer,Breisach,KOTRA_SNS_2025,식품/건강기능식품
210690,US,d,,,,Importer,cl,KOTRA_SNS_2025,식품/건강기능식품
210690,ID,"PT. Surveyor Carbon Consulting Indonesia, BanjarBaru",,,,Importer,Banjarbaru,KOTRA_SNS_2025,식품/건강기능식품
210690,ID,Saputro,,,,Importer,Surabaya,KOTRA_SNS_2025,식품/건강기능식품
210690,ID,Aliya beauty n spa,,,,Importer,Bali,KOTRA_SNS_2025,식품/건강기능식품
210690,US,Evergreenthumbs,,,,Importer,Santa Cruz,KOTRA_SNS_2025,식품/건강기능식품
210690,ID,Penata,,,,Importer,Surabaya,KOTRA_SNS_2025,식품/건강기능식품
210690,DE,Taube,,,,Importer,Kevelaer,KOTRA_SNS_2025,식품/건강기능식품
210690,ID,vs,,,,Importer,Tangerang,KOTRA_SNS_2025,식품/건강기능식품
210690,ID,HKI,,,,Importer,Jakarta,KOTRA_SNS_2025,식품/건강기능식품
210690,US,ghhhhhhhhhhhhhhhh,,,,Importer,dsfsd,KOTRA_SNS_2025,식품/건강기능식품
210690,ID,Celine,,,,Importer,Semarang,KOTRA_SNS_2025,식품/건강기능식품
210690,ID,Kakaka,,,,Importer,Jakarta,KOTRA_SNS_2025,식품/건강기능식품
210690,US,semua sudah cukup,,,,Importer,cianjur selatan jawa Barat dsa Ciburial,KOTRA_SNS_2025,식품/건강기능식품
210690,US,Elan,,,,Importer,Miami,KOTRA_SNS_2025,식품/건강기능식품
210690,ID,Ghoo,,,,Importer,Jakarta,KOTRA_SNS_2025,식품/건강기능식품
210690,ID,Adminkita,,,,Importer,Jakarta Pusat,KOTRA_SNS_2025,식품/건강기능식품
210690,ID,Agency,,,,Importer,Jakarta,KOTRA_SNS_2025,식품/건강기능식품
210690,ID,Bisnis kue dan cookies azihra,,,,Importer,Solo,KOTRA_SNS_2025,식품/건강기능식품
210690,US,nagaacc,,,,Importer,lisa,KOTRA_SNS_2025,식품/건강기능식품
210690,RU,I+I+Irene,,,,Importer,Monterrey,KOTRA_SNS_2025,식품/건강기능식품
210690,US,Bellaria dessert studio,,,,Importer,San Francisco,KOTRA_SNS_2025,식품/건강기능식품
210690,US,llto,,,,Importer,df,KOTRA_SNS_2025,식품/건강기능식품
210690,ID,Ryan,,,,Importer,Jakarta,KOTRA_SNS_2025,식품/건강기능식품
210690,ID,CLS,,,,Importer,PEKANBARU,KOTRA_SNS_2025,식품/건강기능식품
210690,ID,PT. Multi Prima Inovasi,,,,Importer,Bogor,KOTRA_SNS_2025,식품/건강기능식품
210690,ID,RS. Mitra Keluarga Cikarang,,,,Importer,Bekasi,KOTRA_SNS_2025,식품/건강기능식품
210690,ID,nashir corp,,,,Importer,Wonosobo,KOTRA_SNS_2025,식품/건강기능식품
210690,ID,SelfMastery,,,,Importer,Badung,KOTRA_SNS_2025,식품/건강기능식품
210690,US,Seamoss Paradise Inc,,,,Importer,Atlanta,KOTRA_SNS_2025,식품/건강기능식품
210690,ID,M&G,,,,Importer,Tangerang,KOTRA_SNS_2025,식품/건강기능식품
210690,ID,Vast resources,,,,Importer,Jakarta,KOTRA_SNS_2025,식품/건강기능식품
210690,ID,EVOS Esports,,,,Importer,Surabaya,KOTRA_SNS_2025,식품/건강기능식품
210690,ID,Ralali,,,,Importer,Tangsel,KOTRA_SNS_2025,식품/건강기능식품
210690,ID,Gutday Fermentary,,,,Importer,Tangerang,KOTRA_SNS_2025,식품/건강기능식품
210690,ID,Agrindo putra perkasa,,,,Importer,Tangsel,KOTRA_SNS_2025,식품/건강기능식품
190590,ID,Animax,,,,Importer,Banjarmasin,KOTRA_SNS_2025,식품/건강기능식품
190590,ID,PT.SGI,,,,Importer,West Jakarta,KOTRA_SNS_2025,식품/건강기능식품
190590,US,Best Face Forward,,,,Importer,Schererville,KOTRA_SNS_2025,식품/건강기능식품
190590,US,cube llc,,,,Importer,olean,KOTRA_SNS_2025,식품/건강기능식품
190590,ID,Mery Bakery,,,,Importer,Jakarta utara,KOTRA_SNS_2025,식품/건강기능식품
190590,ID,PT. Bank SUMUT,,,,Importer,Medan,KOTRA_SNS_2025,식품/건강기능식품
190590,ID,putri,,,,Importer,Pakanbaru,KOTRA_SNS_2025,식품/건강기능식품
190590,ID,Ibu yang masak untuk keluarga,,,,Importer,Surabaya,KOTRA_SNS_2025,식품/건강기능식품
190590,ID,Seblak mm alika,,,,Importer,Banyumas,KOTRA_SNS_2025,식품/건강기능식품
190590,ID,Wiraswasta,,,,Importer,Jatiwangi,KOTRA_SNS_2025,식품/건강기능식품
190590,ID,Rifqy Food,,,,Importer,Sidoarjo,KOTRA_SNS_2025,식품/건강기능식품
190590,ID,Janet,,,,Importer,DKI Jakarta,KOTRA_SNS_2025,식품/건강기능식품
190590,ID,Nasi Uduku,,,,Importer,Jakarta,KOTRA_SNS_2025,식품/건강기능식품
190590,ID,Rumah makan Belanova Foods,,,,Importer,Indramayu jawabarat,KOTRA_SNS_2025,식품/건강기능식품
190590,ID,Humami,,,,Importer,Jakarta Timur,KOTRA_SNS_2025,식품/건강기능식품
190590,ID,Wiraswasta,,,,Importer,tanjung pinang,KOTRA_SNS_2025,식품/건강기능식품
190590,ID,Ayam strong dan bakmi sansan,,,,Importer,Cibinong bogor,KOTRA_SNS_2025,식품/건강기능식품
190590,ID,Akudewi08,,,,Importer,Cimanggu,KOTRA_SNS_2025,식품/건강기능식품
190590,ID,Rumah,,,,Importer,Jakarta Barat,KOTRA_SNS_2025,식품/건강기능식품
190590,BR,Ladang Tuhan,,,,Importer,Natal,KOTRA_SNS_2025,식품/건강기능식품
190590,ID,Self retail,,,,Importer,Tangerang,KOTRA_SNS_2025,식품/건강기능식품
190590,US,Influenster,,,,Importer,Henderson,KOTRA_SNS_2025,식품/건강기능식품
190590,ID,Thai Iced Tea,,,,Importer,Bekasi,KOTRA_SNS_2025,식품/건강기능식품
190590,ID,jl h nidi rt 05/02,,,,Importer,Depok,KOTRA_SNS_2025,식품/건강기능식품
190590,ID,PT.SUMBER ALFARIA TRIJAYA.TBK,,,,Importer,Kebumen,KOTRA_SNS_2025,식품/건강기능식품
190590,ID,Comcoom,,,,Importer,Bogor,KOTRA_SNS_2025,식품/건강기능식품
190590,ID,indo eskrim,,,,Importer,Lamongan,KOTRA_SNS_2025,식품/건강기능식품
190590,ID,Mie ayam,,,,Importer,Jakarta,KOTRA_SNS_2025,식품/건강기능식품
190590,ID,202020,,,,Importer,Banda Aceh,KOTRA_SNS_2025,식품/건강기능식품
190590,ID,PT Pilar Jaya Pangan,,,,Importer,Sidoarjo,KOTRA_SNS_2025,식품/건강기능식품
190590,AG,Ggv,,,,Importer,Nj,KOTRA_SNS_2025,식품/건강기능식품
190590,ID,Apartemen U residence lippo karawaci,,,,Importer,Brebes,KOTRA_SNS_2025,식품/건강기능식품
190590,ID,Wiraswasta Mandiri,,,,Importer,Banyumas,KOTRA_SNS_2025,식품/건강기능식품
190590,US,Buka usaha dirumah,,,,Importer,dumai kota,KOTRA_SNS_2025,식품/건강기능식품
190590,ID,81214306486,,,,Importer,Cianjur Regency,KOTRA_SNS_2025,식품/건강기능식품
190590,US,amad1234,,,,Importer,kebumen,KOTRA_SNS_2025,식품/건강기능식품
190590,ID,MyPertamina,,,,Importer,Purwakarta,KOTRA_SNS_2025,식품/건강기능식품
190590,US,ididi,,,,Importer,jdjdj,KOTRA_SNS_2025,식품/건강기능식품
190590,ID,Jl seser 3 gg rambutan no 7 Amplas kota medan 20229,,,,Importer,Medan,KOTRA_SNS_2025,식품/건강기능식품
190590,ID,PT. MENCARI CINTA SEJATI,,,,Importer,Ternate,KOTRA_SNS_2025,식품/건강기능식품
190590,ID,alfayedroydiansyah@gmail.com,,,,Importer,langsa,KOTRA_SNS_2025,식품/건강기능식품
190590,ID,Defoma Catering,,,,Importer,Manado,KOTRA_SNS_2025,식품/건강기능식품
190590,US,nagaacc,,,,Importer,lisa,KOTRA_SNS_2025,식품/건강기능식품
190590,US,semua sudah cukup,,,,Importer,cianjur selatan jawa Barat dsa Ciburial,KOTRA_SNS_2025,식품/건강기능식품
190590,US,d,,,,Importer,cl,KOTRA_SNS_2025,식품/건강기능식품
190590,ID,Chiken rice15148,,,,Importer,Tangerang,KOTRA_SNS_2025,식품/건강기능식품
190590,ID,Walindung,,,,Importer,Jakarta,KOTRA_SNS_2025,식품/건강기능식품
190590,ID,Lily's Corner,,,,Importer,"Kediri, Jawa Timur, Indonesia",KOTRA_SNS_2025,식품/건강기능식품
190590,ID,Rumahtangga,,,,Importer,JAKARTA,KOTRA_SNS_2025,식품/건강기능식품
190590,ID,26,,,,Importer,Jln Salemba Tengah RT 09/04,KOTRA_SNS_2025,식품/건강기능식품
190590,ID,Ayam bakar mul,,,,Importer,Dki jakarta,KOTRA_SNS_2025,식품/건강기능식품
190590,ID,Perumahan Violin 6 no 17,,,,Importer,Jakarta Utara,KOTRA_SNS_2025,식품/건강기능식품
190590,ID,Shanty Catering,,,,Importer,Tangerang,KOTRA_SNS_2025,식품/건강기능식품
190590,ID,ketoprak,,,,Importer,Brebes 52261,KOTRA_SNS_2025,식품/건강기능식품
190590,US,llto,,,,Importer,df,KOTRA_SNS_2025,식품/건강기능식품
190590,ID,De Caffe bean,,,,Importer,Jakarta,KOTRA_SNS_2025,식품/건강기능식품
190590,ID,PT.Gojek Indonesia,,,,Importer,Bogor,KOTRA_SNS_2025,식품/건강기능식품
190590,ID,Eomma Saranghae,,,,Importer,Banjarnegara,KOTRA_SNS_2025,식품/건강기능식품
190590,ID,HKI,,,,Importer,Jakarta,KOTRA_SNS_2025,식품/건강기능식품
200989,GB,Sj,,,,Importer,Si,KOTRA_SNS_2025,식품/건강기능식품
190220,US,QUOCANH,,,,Importer,Ho Chi Minh City,KOTRA_SNS_2025,식품/건강기능식품
190220,VN,RMIT University Vietnam,,,,Importer,Hanoi,KOTRA_SNS_2025,식품/건강기능식품
190220,VN,Fpt,,,,Importer,Hanoi,KOTRA_SNS_2025,식품/건강기능식품
190220,CN,公司,,,,Importer,沙,KOTRA_SNS_2025,식품/건강기능식품
190220,VN,Cha ba vng,,,,Importer,Quang Ninh,KOTRA_SNS_2025,식품/건강기능식품
190220,VN,337261137,,,,Importer,Thanh ho,KOTRA_SNS_2025,식품/건강기능식품
190220,US,gfhjhkjgyk,,,,Importer,0,KOTRA_SNS_2025,식품/건강기능식품
210390,AQ,陶謙,,,,Importer,90790344,KOTRA_SNS_2025,식품/건강기능식품
210390,HK,SMC Global Limited,,,,Importer,Hong Kong,KOTRA_SNS_2025,식품/건강기능식품
210390,TH,juttemdigimon,,,,Importer,Bangkok,KOTRA_SNS_2025,식품/건강기능식품
210390,TH,My,,,,Importer,town,KOTRA_SNS_2025,식품/건강기능식품
210390,TH,Monstick,,,,Importer,Bangkok,KOTRA_SNS_2025,식품/건강기능식품
210390,US,"Ramen Bae, LLC",,,,Importer,San Francisco,KOTRA_SNS_2025,식품/건강기능식품
210390,RO,Continental logistics,,,,Importer,Otopeni ilfov,KOTRA_SNS_2025,식품/건강기능식품
210390,RO,Food for Soul srl,,,,Importer,Bucuresti,KOTRA_SNS_2025,식품/건강기능식품
210390,RO,Fiesta catering service srl,,,,Importer,Bucharest,KOTRA_SNS_2025,식품/건강기능식품
210390,RO,Jokko Explore Arena,,,,Importer,Bucuresti,KOTRA_SNS_2025,식품/건강기능식품
210390,RO,HEINRIG IMPEX SRL,,,,Importer,Bucharest,KOTRA_SNS_2025,식품/건강기능식품
210390,RO,Allegro Euro Business,,,,Importer,Bucuresti,KOTRA_SNS_2025,식품/건강기능식품
210390,RO,gold Aztec,,,,Importer,Arad,KOTRA_SNS_2025,식품/건강기능식품
210390,RO,Andhr Company,,,,Importer,Bucuresti,KOTRA_SNS_2025,식품/건강기능식품
210390,RO,Woktagon,,,,Importer,Timisoara,KOTRA_SNS_2025,식품/건강기능식품
210390,RO,cmi dr deacu,,,,Importer,Bucureti,KOTRA_SNS_2025,식품/건강기능식품
210390,RO,TIME CLOCK COFFEE,,,,Importer,Bucuresti,KOTRA_SNS_2025,식품/건강기능식품
210390,RO,SwissRo Import Export,,,,Importer,Bucureti,KOTRA_SNS_2025,식품/건강기능식품
210390,RO,porter solutions srl,,,,Importer,bucuresti,KOTRA_SNS_2025,식품/건강기능식품
210390,RO,Terra Sano,,,,Importer,Sibiu,KOTRA_SNS_2025,식품/건강기능식품
210390,RO,ARTEGO SRL,,,,Importer,Mosnita Noua,KOTRA_SNS_2025,식품/건강기능식품
210390,RO,teocam impex srl,,,,Importer,Brila,KOTRA_SNS_2025,식품/건강기능식품
210390,RO,Lubrotech Lubricants SRL,,,,Importer,Arad,KOTRA_SNS_2025,식품/건강기능식품
210390,RO,Han International,,,,Importer,Timisoara,KOTRA_SNS_2025,식품/건강기능식품
210690,PH,Providence Hospital,,,,Importer,qc,KOTRA_SNS_2025,식품/건강기능식품
210690,TH,EA SPORTS FC Mobile,,,,Importer,Medan,KOTRA_SNS_2025,식품/건강기능식품
210690,ID,TriStar,,,,Importer,Jakarta,KOTRA_SNS_2025,식품/건강기능식품
210690,US,private,,,,Importer,roxas city capiz,KOTRA_SNS_2025,식품/건강기능식품
210690,ID,Aan,,,,Importer,Jkt,KOTRA_SNS_2025,식품/건강기능식품
210690,PH,San Miguel,,,,Importer,Cavite,KOTRA_SNS_2025,식품/건강기능식품
210690,PH,10s core,,,,Importer,pasig,KOTRA_SNS_2025,식품/건강기능식품
210690,PH,Not applicable,,,,Importer,quezon city,KOTRA_SNS_2025,식품/건강기능식품
210690,PH,sunlifegrepa,,,,Importer,Quezon city,KOTRA_SNS_2025,식품/건강기능식품
210690,ID,Resign,,,,Importer,Jakarta,KOTRA_SNS_2025,식품/건강기능식품
210690,PH,none,,,,Importer,Lucena,KOTRA_SNS_2025,식품/건강기능식품
210690,US,.,,,,Importer,Kuching,KOTRA_SNS_2025,식품/건강기능식품
210690,ID,free lance,,,,Importer,Medan,KOTRA_SNS_2025,식품/건강기능식품
210690,PH,Alphathea,,,,Importer,Makati,KOTRA_SNS_2025,식품/건강기능식품
210690,ID,Wiraswasta Mandiri,,,,Importer,Banyumas,KOTRA_SNS_2025,식품/건강기능식품
210690,ID,PT Fayrihansa,,,,Importer,Jakarta,KOTRA_SNS_2025,식품/건강기능식품
210690,ID,Pegawai negeti sipil,,,,Importer,Balik Pulau indonesia borneo balikpapan,KOTRA_SNS_2025,식품/건강기능식품
210690,ID,Alodat SDN BHD &Prudence International Consulting LLC,,,,Importer,Kuala Lumpur,KOTRA_SNS_2025,식품/건강기능식품
210690,ID,Aleph,,,,Importer,Yogyakarta City,KOTRA_SNS_2025,식품/건강기능식품
210690,KH,"STS (Cambodia) Co.,Ltd",,,,Importer,Phnom Penh,KOTRA_SNS_2025,식품/건강기능식품
210690,US,d,,,,Importer,cl,KOTRA_SNS_2025,식품/건강기능식품
210690,ID,PT Southern Mineral Resources Indonesia,,,,Importer,Jakarta,KOTRA_SNS_2025,식품/건강기능식품
210690,PH,Cotabato City area,,,,Importer,Koronadal City,KOTRA_SNS_2025,식품/건강기능식품
210690,ID,Sugiyo jaya group,,,,Importer,Solo,KOTRA_SNS_2025,식품/건강기능식품
210690,ID,Agua,,,,Importer,Lhkoseumawe,KOTRA_SNS_2025,식품/건강기능식품
210690,MY,.,,,,Importer,KLf,KOTRA_SNS_2025,식품/건강기능식품
210690,PH,Works at Five Star Bus Company,,,,Importer,"Novaliches,Quezon City",KOTRA_SNS_2025,식품/건강기능식품
210690,ID,PADI,,,,Importer,Makassar,KOTRA_SNS_2025,식품/건강기능식품
210690,ID,pt.sinar suri,,,,Importer,fakfak,KOTRA_SNS_2025,식품/건강기능식품
210690,ID,Wiraswasta,,,,Importer,Tarakan,KOTRA_SNS_2025,식품/건강기능식품
210690,ID,Rajawali Wira Buana Sakti,,,,Importer,Surabaya,KOTRA_SNS_2025,식품/건강기능식품
210690,MY,JDX TEA 九鼎香集,,,,Importer,Kuala Lumpur,KOTRA_SNS_2025,식품/건강기능식품
210690,ID,MAHISA,,,,Importer,Surabaya,KOTRA_SNS_2025,식품/건강기능식품
210690,US,llto,,,,Importer,df,KOTRA_SNS_2025,식품/건강기능식품
210690,US,nagaacc,,,,Importer,lisa,KOTRA_SNS_2025,식품/건강기능식품
210690,PH,DA company,,,,Importer,Balingasaguk,KOTRA_SNS_2025,식품/건강기능식품
210690,UZ,Барат,,,,Importer,Tashkent,KOTRA_SNS_2025,식품/건강기능식품
210690,US,Уста мупалма,,,,Importer,Namangan,KOTRA_SNS_2025,식품/건강기능식품
210690,US,Twee&Tee,,,,Importer,Kansas City,KOTRA_SNS_2025,식품/건강기능식품
210690,UZ,Ok.ru,,,,Importer,Tashkent,KOTRA_SNS_2025,식품/건강기능식품
210690,US,,,,,Importer,Cameron,KOTRA_SNS_2025,식품/건강기능식품
210690,KZ,Л,,,,Importer,KZ,KOTRA_SNS_2025,식품/건강기능식품
210690,US,Одил,,,,Importer,Tashkent,KOTRA_SNS_2025,식품/건강기능식품
210690,UZ,My Tech,,,,Importer,Tashkent,KOTRA_SNS_2025,식품/건강기능식품
210690,UZ,Верро,,,,Importer,Tashkent,KOTRA_SNS_2025,식품/건강기능식품
210690,BD,Plumber,,,,Importer,Dhaka,KOTRA_SNS_2025,식품/건강기능식품
210690,AE,SPS GENERAL TRADING LLC,,,,Importer,Dubai,KOTRA_SNS_2025,식품/건강기능식품
210690,KZ,О,,,,Importer,almaty,KOTRA_SNS_2025,식품/건강기능식품
210690,UZ,Timur hause,,,,Importer,Nukus,KOTRA_SNS_2025,식품/건강기능식품
210690,UZ,Aerostan,,,,Importer,Dubai,KOTRA_SNS_2025,식품/건강기능식품
210690,UZ,Weali,,,,Importer,Andijon,KOTRA_SNS_2025,식품/건강기능식품
210690,UZ,Examlife,,,,Importer,Tashlent,KOTRA_SNS_2025,식품/건강기능식품
210690,UZ,Кирмизигул,,,,Importer,Tashkent,KOTRA_SNS_2025,식품/건강기능식품
210690,US,WHOLE FOODS,,,,Importer,"Kissee Mills, MO. 65680",KOTRA_SNS_2025,식품/건강기능식품
210690,KZ,Sheshenamy,,,,Importer,almaty,KOTRA_SNS_2025,식품/건강기능식품
210690,UZ,Beauty cosmetics,,,,Importer,Uzbekistan,KOTRA_SNS_2025,식품/건강기능식품
210690,UZ,U,,,,Importer,Tashkent,KOTRA_SNS_2025,식품/건강기능식품
210690,UZ,Sirdaeo guliston,,,,Importer,Tashkent,KOTRA_SNS_2025,식품/건강기능식품
210690,UZ,Zero parts,,,,Importer,Melbourne,KOTRA_SNS_2025,식품/건강기능식품
210690,UZ,Nartech LLC,,,,Importer,Tashkent,KOTRA_SNS_2025,식품/건강기능식품
210310,Morocco,LabelVie,,,,Importer,Casablanca,KOTRA_SNS_2025,식품/건강기능식품
210310,Pakistan,Anyone,,,,Importer,Lahore,KOTRA_SNS_2025,식품/건강기능식품
210310,Nigeria,International Institute of Tropical Agriculture (IITA),,,,Importer,Kano,KOTRA_SNS_2025,식품/건강기능식품
210310,Nigeria,Artsci Biotech Ltd,,,,Importer,Abuja,KOTRA_SNS_2025,식품/건강기능식품
210310,Pakistan,Silverstone Salts,,,,Importer,Lahore,KOTRA_SNS_2025,식품/건강기능식품
210310,United States,"""GIANT FOOD SYSTEM, INC (=JC FOOD SYSTEM, INC)""",,,,Importer,New York,KOTRA_SNS_2025,식품/건강기능식품
210310,CN,"Shenyang Dongrun Anda Trading Co., Ltd.",,,,Importer,Jilin,KOTRA_SNS_2025,식품/건강기능식품
210310,CN,"Shenyang Enming Technology Co., Ltd.",,,,Importer,Jilin,KOTRA_SNS_2025,식품/건강기능식품
210310,CN,"Shenyang Wanjia Food Co., Ltd.",,,,Importer,Jilin,KOTRA_SNS_2025,식품/건강기능식품
210310,UZ,Asia TAREN Poultry,,,,Importer,Samarkand,KOTRA_SNS_2025,식품/건강기능식품
210310,UZ,Bmg,,,,Importer,Kasansay,KOTRA_SNS_2025,식품/건강기능식품
210310,PH,TitaLuds Food Products,,,,Importer,Malolos,KOTRA_SNS_2025,식품/건강기능식품
210310,US,fbfdgbfdgbDSGgsdes,,,,Importer,fdgfdgf,KOTRA_SNS_2025,식품/건강기능식품
210310,PK,Islamabad. Pakistan,,,,Importer,Quetta Balochistan,KOTRA_SNS_2025,식품/건강기능식품
210310,PK,Hanzallah Rice,,,,Importer,faisalabad,KOTRA_SNS_2025,식품/건강기능식품
210310,PK,Jamal organic food,,,,Importer,Attock City,KOTRA_SNS_2025,식품/건강기능식품
210310,PK,sargodhabakerz,,,,Importer,Chakwal,KOTRA_SNS_2025,식품/건강기능식품
210310,PK,Gondal crushing plant,,,,Importer,Sargodha,KOTRA_SNS_2025,식품/건강기능식품
210310,PK,Rice Trade Pakistan,,,,Importer,Karachi,KOTRA_SNS_2025,식품/건강기능식품
210310,PK,afridi traders,,,,Importer,lahore,KOTRA_SNS_2025,식품/건강기능식품
210310,BD,ROWSHAN INTERNATIONAL,,,,Importer,Dhaka,KOTRA_SNS_2025,식품/건강기능식품
210310,LK,Thamalu Group,,,,Importer,Matara,KOTRA_SNS_2025,식품/건강기능식품
210310,NG,IMANAL CONCEPT LTD,,,,Importer,Abuja,KOTRA_SNS_2025,식품/건강기능식품
210310,TZ,"A to z,s supermarket ltd",,,,Importer,Dar es Salaam,KOTRA_SNS_2025,식품/건강기능식품
210310,NG,keylord trading and investment limited,,,,Importer,Lagos,KOTRA_SNS_2025,식품/건강기능식품
210310,ET,Self Employed,,,,Importer,Mekelle,KOTRA_SNS_2025,식품/건강기능식품
210310,NG,Frank Paul global concept,,,,Importer,Asaba,KOTRA_SNS_2025,식품/건강기능식품
210310,ET,Syenastis of agriculture,,,,Importer,Addis ababa,KOTRA_SNS_2025,식품/건강기능식품
210310,NG,yesmin general enterpries,,,,Importer,kano,KOTRA_SNS_2025,식품/건강기능식품
210310,AR,food lovers,,,,Importer,Lujan,KOTRA_SNS_2025,식품/건강기능식품
210310,US,fox,,,,Importer,santa fe,KOTRA_SNS_2025,식품/건강기능식품
210310,AU,Pilipino sari-sari store,,,,Importer,Tayabas,KOTRA_SNS_2025,식품/건강기능식품
210310,ID,Mister Soo,,,,Importer,Metro,KOTRA_SNS_2025,식품/건강기능식품
210310,PH,Stealth,,,,Importer,Makati,KOTRA_SNS_2025,식품/건강기능식품
210310,ID,Agro jaya,,,,Importer,Jakarta,KOTRA_SNS_2025,식품/건강기능식품
210310,US,Sinfar Import Export,,,,Importer,St. Marys,KOTRA_SNS_2025,식품/건강기능식품
210310,US,Molokaisheepfarms.com,,,,Importer,Hoolehua,KOTRA_SNS_2025,식품/건강기능식품
210310,US,Evangelion Inc,,,,Importer,Los Angeles,KOTRA_SNS_2025,식품/건강기능식품
210310,CA,EIM,,,,Importer,Vancouver,KOTRA_SNS_2025,식품/건강기능식품
210310,PK,buraq rice trading,,,,Importer,Gujranwala,KOTRA_SNS_2025,식품/건강기능식품
210310,IN,Shiva Polymers,,,,Importer,Delhi,KOTRA_SNS_2025,식품/건강기능식품
210310,IN,Prakruthi & Sanskruthi,,,,Importer,Mysore,KOTRA_SNS_2025,식품/건강기능식품
210310,IN,Crackjob.com,,,,Importer,Mumbai,KOTRA_SNS_2025,식품/건강기능식품
210310,US,Aqua Technologies Pakistan,,,,Importer,karachi,KOTRA_SNS_2025,식품/건강기능식품
210310,IN,Vmpl,,,,Importer,Bhubaneswar,KOTRA_SNS_2025,식품/건강기능식품
210310,NG,Non,,,,Importer,Jimeta,KOTRA_SNS_2025,식품/건강기능식품
210310,TZ,ABNER PHARMACEUTICALS LTD,,,,Importer,Dar Es Salaam,KOTRA_SNS_2025,식품/건강기능식품
210310,TZ,Tanganyika Produce Store,,,,Importer,Tanga,KOTRA_SNS_2025,식품/건강기능식품
210310,NG,Quiny,,,,Importer,Port Harcourt,KOTRA_SNS_2025,식품/건강기능식품
210310,HK,Megroc International Trading Limited,,,,Importer,Hong Kong,KOTRA_SNS_2025,식품/건강기능식품
210310,HK,pacific source,,,,Importer,Hong Kong,KOTRA_SNS_2025,식품/건강기능식품
210310,MA,Arrabbiata restaurant,,,,Importer,Kenitra,KOTRA_SNS_2025,식품/건강기능식품
210310,AE,Caffe,,,,Importer,Dubai,KOTRA_SNS_2025,식품/건강기능식품
210310,CN,"Shenyang Dongrun Anda Trading Co., Ltd.",,,,Importer,Jilin,KOTRA_SNS_2025,식품/건강기능식품
210310,CN,"Shenyang Enming Technology Co., Ltd.",,,,Importer,Jilin,KOTRA_SNS_2025,식품/건강기능식품
210310,CN,"Shenyang Wanjia Food Co., Ltd.",,,,Importer,Jilin,KOTRA_SNS_2025,식품/건강기능식품
210310,CN,"CHL OCEAN(XIAMEN)IMP.&EXP.CO.,LTD",,,,Importer,Xiamen,KOTRA_SNS_2025,식품/건강기능식품
210310,CN,"SHANGHAI KEQUAN TRADE CO.,LTD",,,,Importer,Xiamen,KOTRA_SNS_2025,식품/건강기능식품
210310,CN,"WEIHAI HANXING BUSINESS SERVICE CO., LTD",,,,Importer,Xiamen,KOTRA_SNS_2025,식품/건강기능식품
210690,RU,Jaswinder,,,,Importer,khanna,KOTRA_SNS_2025,식품/건강기능식품
210690,SA,Mumtaz General Square WLL,,,,Importer,Riyadh,KOTRA_SNS_2025,식품/건강기능식품
210690,PK,bashirsons,,,,Importer,Karachi,KOTRA_SNS_2025,식품/건강기능식품
210690,PK,Self Employed,,,,Importer,Lahore,KOTRA_SNS_2025,식품/건강기능식품
210690,BD,khair group,,,,Importer,dhaka,KOTRA_SNS_2025,식품/건강기능식품
210690,US,oeesgroup,,,,Importer,Abuja,KOTRA_SNS_2025,식품/건강기능식품
210690,NG,vetstock nig ltd,,,,Importer,Abuja,KOTRA_SNS_2025,식품/건강기능식품
210690,NG,DOVE ENVIRONMENTAL SERVICES,,,,Importer,Calabar,KOTRA_SNS_2025,식품/건강기능식품
210690,NG,newedge-project & mgt co w a limited,,,,Importer,Abuja,KOTRA_SNS_2025,식품/건강기능식품
210690,NG,"RICHYN,AND SONS ENTERPRISES",,,,Importer,Enugu,KOTRA_SNS_2025,식품/건강기능식품
210690,NG,Wealthland Resources Ltd.,,,,Importer,Lagos,KOTRA_SNS_2025,식품/건강기능식품
210690,DO,Cocinetto S.R.L.,,,,Importer,Santiago,KOTRA_SNS_2025,식품/건강기능식품
210690,MY,Kormala N Sdn Bhd,,,,Importer,Mont Kiara,KOTRA_SNS_2025,식품/건강기능식품
190219,IN,R R Universal,,,,Importer,Mumbai,KOTRA_SNS_2025,식품/건강기능식품
210310,US,"WOOLTARIUSA, INC",,,,Importer,New York,KOTRA_SNS_2025,식품/건강기능식품
210610,PH,Karsthene Delos Reyes,,,,Importer,Philippines,KOTRA_SNS_2025,식품/건강기능식품
210610,AU,james,,,,Importer,Sydney,KOTRA_SNS_2025,식품/건강기능식품
210610,PH,Junior Kidlat,,,,Importer,Loreto,KOTRA_SNS_2025,식품/건강기능식품
210610,PH,Ms Meili,,,,Importer,Taguig,KOTRA_SNS_2025,식품/건강기능식품
210610,PH,Victor Pacheco,,,,Importer,Malabon,KOTRA_SNS_2025,식품/건강기능식품
210610,US,summer dia,,,,Importer,sampalok,KOTRA_SNS_2025,식품/건강기능식품
210610,HK,K-mom’s Kitchen Chef,,,,Importer,Hong Kong,KOTRA_SNS_2025,식품/건강기능식품
210610,CN,Max LI sweetmaker,,,,Importer,guangdong,KOTRA_SNS_2025,식품/건강기능식품
210610,PH,Marie Yu,,,,Importer,Makati,KOTRA_SNS_2025,식품/건강기능식품
210610,PH,Teena Gascon,,,,Importer,Quezon City,KOTRA_SNS_2025,식품/건강기능식품
210610,PH,Arnel Anduyan,,,,Importer,Angono Rizal,KOTRA_SNS_2025,식품/건강기능식품
210390,PH,"MayAnn  R,  Evangelista",,,,Importer,"Saguingan St, Upper Bicutan Taguig City",KOTRA_SNS_2025,식품/건강기능식품
210610,PH,Karla,,,,Importer,Binn,KOTRA_SNS_2025,식품/건강기능식품
210610,TH,Jkon Perm,,,,Importer,Bangkok,KOTRA_SNS_2025,식품/건강기능식품
210610,PH,Dennis huang,,,,Importer,sta. cruz,KOTRA_SNS_2025,식품/건강기능식품
210610,PH,Miah,,,,Importer,Davao City,KOTRA_SNS_2025,식품/건강기능식품
210610,AU,Luat Hoang,,,,Importer,Perth,KOTRA_SNS_2025,식품/건강기능식품
210610,HK,Sky Oh,,,,Importer,Hong kong,KOTRA_SNS_2025,식품/건강기능식품
210610,PH,Hwang Youzhen,,,,Importer,Manila,KOTRA_SNS_2025,식품/건강기능식품
210610,VN,Trn T Trang Nh,,,,Importer,Ho Chi Minh City,KOTRA_SNS_2025,식품/건강기능식품
210610,US,teresita gacrama,,,,Importer,Imus,KOTRA_SNS_2025,식품/건강기능식품
210610,VN,H Quyn,,,,Importer,Thnh ph H Ch Minh,KOTRA_SNS_2025,식품/건강기능식품
210610,US,Dollars N-g,,,,Importer,h ch minh,KOTRA_SNS_2025,식품/건강기능식품
210610,PH,Rona,,,,Importer,Lipa,KOTRA_SNS_2025,식품/건강기능식품
210610,PH,Tina Young,,,,Importer,Philippines,KOTRA_SNS_2025,식품/건강기능식품
210610,PH,Vincent Pinili,,,,Importer,Cebu City,KOTRA_SNS_2025,식품/건강기능식품
210610,VN,Linh Hoang,,,,Importer,Binh Duong,KOTRA_SNS_2025,식품/건강기능식품
210610,US,MO Be Early,,,,Importer,Lipa,KOTRA_SNS_2025,식품/건강기능식품
210610,PH,Narlita Alcarde,,,,Importer,Zamboanga City,KOTRA_SNS_2025,식품/건강기능식품
210610,PH,Kristle Saavedra,,,,Importer,Manila,KOTRA_SNS_2025,식품/건강기능식품
210610,VN,Khnh Minh,,,,Importer,h ch minh,KOTRA_SNS_2025,식품/건강기능식품
210610,VN,Jade,,,,Importer,Ho Chi Minh City,KOTRA_SNS_2025,식품/건강기능식품
210610,PH,Michael Lavado,,,,Importer,Las Pias,KOTRA_SNS_2025,식품/건강기능식품
210610,AU,Harry Cho,,,,Importer,Sydney,KOTRA_SNS_2025,식품/건강기능식품
210610,LA,이복희,,,,Importer,Savannakht,KOTRA_SNS_2025,식품/건강기능식품
210610,VN,Quoc Hoang,,,,Importer,Ho Chi Minh City,KOTRA_SNS_2025,식품/건강기능식품
210610,PH,Alexander Riofrio,,,,Importer,Malolos,KOTRA_SNS_2025,식품/건강기능식품
210610,US,Sieu Anh Hung,,,,Importer,Thnh ph H Ch Minh,KOTRA_SNS_2025,식품/건강기능식품
210610,PH,Alexander Ang,,,,Importer,Quezon city,KOTRA_SNS_2025,식품/건강기능식품
210610,PH,Emi Saraos galindo ladra,,,,Importer,Balingasaguk,KOTRA_SNS_2025,식품/건강기능식품
210610,PH,Aline Crisanta Balut,,,,Importer,Bayombong,KOTRA_SNS_2025,식품/건강기능식품
210610,US,leroy Elvin Meneses,,,,Importer,bulacan,KOTRA_SNS_2025,식품/건강기능식품
210610,PH,Catherine Yu,,,,Importer,Manila,KOTRA_SNS_2025,식품/건강기능식품
210610,PH,Joanna Marie Aquino,,,,Importer,Calamba,KOTRA_SNS_2025,식품/건강기능식품
210610,PH,Lionel Go,,,,Importer,Manila,KOTRA_SNS_2025,식품/건강기능식품
210610,PH,Edgardo Jr Caete Goyon,,,,Importer,Enrique B Magalona,KOTRA_SNS_2025,식품/건강기능식품
210610,PH,De Leon Donna,,,,Importer,Manila,KOTRA_SNS_2025,식품/건강기능식품
210690,ID,PT Tumbuh Dimana Sadja,,,,Importer,Jakarta,KOTRA_SNS_2025,식품/건강기능식품
210690,LK,Kekunawela International (Pvt.) Ltd.,,,,Importer,Akuressa,KOTRA_SNS_2025,식품/건강기능식품
210690,PK,Akzindabad Est,,,,Importer,Karachi,KOTRA_SNS_2025,식품/건강기능식품
210690,NG,Bridan GlobalTrade,,,,Importer,Abuja,KOTRA_SNS_2025,식품/건강기능식품
210690,NG,"Khalifah Royal Corporate, ltd",,,,Importer,Abuja,KOTRA_SNS_2025,식품/건강기능식품
210690,NG,Self employed,,,,Importer,Lagos,KOTRA_SNS_2025,식품/건강기능식품
210690,NG,Solothurn city Ent,,,,Importer,Lagos,KOTRA_SNS_2025,식품/건강기능식품
210690,NG,Nigerian Army Defense Headquarters,,,,Importer,Onitsha Ugbo,KOTRA_SNS_2025,식품/건강기능식품
210690,AR,Trendyfood,,,,Importer,Buenos Aires,KOTRA_SNS_2025,식품/건강기능식품
220210,CN,"LIANYUNGANG JDY CROSS-BORDER E-COMMERCE CO., LTD.",,,,Importer,NANJING,KOTRA_SNS_2025,식품/건강기능식품
220210,CN,"JIANGSU AIHUJIA HEALTH TECHNOLOGY CO., LTD.",,,,Importer,NANJING,KOTRA_SNS_2025,식품/건강기능식품
210310,MM,"SOE NYEIN BYONE SOE CO.,LTD",,,,Importer,Yangon,KOTRA_SNS_2025,식품/건강기능식품
210310,MM,Vivo Distribution,,,,Importer,Yangon,KOTRA_SNS_2025,식품/건강기능식품
220210,CN,GUANGZHOU SEZON TRADE CO. LTD,,,,Importer,GUANGZHOU,KOTRA_SNS_2025,식품/건강기능식품
220210,United States,kotra-detroit-office,,,,Importer,Troy,KOTRA_SNS_2025,식품/건강기능식품
220210,Pakistan,LAGON,,,,Importer,Karchi,KOTRA_SNS_2025,식품/건강기능식품
220210,Kuwait,Singarea Asian Foodstuff Co,,,,Importer,Al Asimah,KOTRA_SNS_2025,식품/건강기능식품
220210,Peru,Esmeralda Corp,,,,Importer,Lima Metropolitan Area,KOTRA_SNS_2025,식품/건강기능식품
220210,United States,"""WOOLTARI USA, INC""",,,,Importer,Jersey City,KOTRA_SNS_2025,식품/건강기능식품
220210,Thailand,H.R TRADING GROUP CO.LTD,,,,Importer,Thailand,KOTRA_SNS_2025,식품/건강기능식품
190590,PH,Sarisari stores,,,,Importer,Salvador,KOTRA_SNS_2025,식품/건강기능식품
210310,CN,"Hebei Yicun Biology Science and Technology Co., Ltd.",,,,Importer,Tianjin,KOTRA_SNS_2025,식품/건강기능식품
210310,CN,"Shanghai Expand Biological Technology Co., Ltd.",,,,Importer,Tianjin,KOTRA_SNS_2025,식품/건강기능식품
210310,CN,"TIANJIN LONGFUCHENG IMPORT-EXPORT TRADE CO.,, LTD.",,,,Importer,Tianjin,KOTRA_SNS_2025,식품/건강기능식품
220210,AZ,Ali,,,,Importer,Baku,KOTRA_SNS_2025,식품/건강기능식품
220210,AQ,Ggv,,,,Importer,Nj,KOTRA_SNS_2025,식품/건강기능식품
220210,MY,R&E SMART RESOURCES SDN BHD,,,,Importer,Johor Bahru,KOTRA_SNS_2025,식품/건강기능식품
220210,PH,Rhaya Store,,,,Importer,Cavite City,KOTRA_SNS_2025,식품/건강기능식품
220210,KH,rxynenns,,,,Importer,Phnom Penh,KOTRA_SNS_2025,식품/건강기능식품
220210,CA,Nexa technology Inc,,,,Importer,Toronto,KOTRA_SNS_2025,식품/건강기능식품
220210,US,Qonxept Communications Canada,,,,Importer,Toronto,KOTRA_SNS_2025,식품/건강기능식품
220210,BD,SR CORPORATION,,,,Importer,Dhaka,KOTRA_SNS_2025,식품/건강기능식품
220210,PK,gillani Trader's Abbottabad,,,,Importer,Abbottabad,KOTRA_SNS_2025,식품/건강기능식품
220210,PK,"Lahore, Pakistan",,,,Importer,Lahore,KOTRA_SNS_2025,식품/건강기능식품
220210,LK,Nawamini Group Sri Lanka,,,,Importer,ratnapura,KOTRA_SNS_2025,식품/건강기능식품
220210,BD,Trust Bank Limited,,,,Importer,Dhaka,KOTRA_SNS_2025,식품/건강기능식품
220210,PK,Rafiq Sweets and Bakers,,,,Importer,Lahore,KOTRA_SNS_2025,식품/건강기능식품
220210,IN,Shop11products pvt ltd,,,,Importer,Bangalore,KOTRA_SNS_2025,식품/건강기능식품
220210,LK,SOORYA RICE & RICE FLOUR PROCESSING PVT LTD,,,,Importer,Polonnaruwa,KOTRA_SNS_2025,식품/건강기능식품
220210,PK,Rasheed sons,,,,Importer,Lahore,KOTRA_SNS_2025,식품/건강기능식품
220210,PK,Mingles Food & Beverages,,,,Importer,Gujranwala,KOTRA_SNS_2025,식품/건강기능식품
220210,PK,ayub and sons,,,,Importer,Chiniot,KOTRA_SNS_2025,식품/건강기능식품
220210,US,bakhtiar and sons,,,,Importer,peshawar,KOTRA_SNS_2025,식품/건강기능식품
220210,BD,khair group,,,,Importer,dhaka,KOTRA_SNS_2025,식품/건강기능식품
220210,IN,CLDS Engineers,,,,Importer,SAHARANPUR,KOTRA_SNS_2025,식품/건강기능식품
220210,TZ,Mtwara Kuchele Industries,,,,Importer,Dar es Salaam,KOTRA_SNS_2025,식품/건강기능식품
220210,KE,tea Board of Kenya,,,,Importer,Nairobi,KOTRA_SNS_2025,식품/건강기능식품
220210,NG,Elsah International Nig Ltd,,,,Importer,Kano,KOTRA_SNS_2025,식품/건강기능식품
220210,NG,Jauri General Enterprises Ltd,,,,Importer,Gusau,KOTRA_SNS_2025,식품/건강기능식품
220210,NG,Incomparable Properties Limited,,,,Importer,Lagos,KOTRA_SNS_2025,식품/건강기능식품
220210,ET,Valcor PLC,,,,Importer,Addis Ababa,KOTRA_SNS_2025,식품/건강기능식품
220210,US,Self Employed,,,,Importer,Accra,KOTRA_SNS_2025,식품/건강기능식품
220210,ET,YONET TRADING PLC,,,,Importer,Addis Ababa,KOTRA_SNS_2025,식품/건강기능식품
220210,NG,Tijara global,,,,Importer,"Kano state , Nigeria",KOTRA_SNS_2025,식품/건강기능식품
220210,GH,Samwillio Enterprise,,,,Importer,Kumasi,KOTRA_SNS_2025,식품/건강기능식품
220210,ET,Elilta coffee export,,,,Importer,Addis Ababa,KOTRA_SNS_2025,식품/건강기능식품
220210,AL,FP Agency,,,,Importer,Bedford,KOTRA_SNS_2025,식품/건강기능식품
220210,AR,Ciudad de General Roca,,,,Importer,General Roca,KOTRA_SNS_2025,식품/건강기능식품
220210,BR,ttkllkbb,,,,Importer,Palmas,KOTRA_SNS_2025,식품/건강기능식품
220210,US,The Beach,,,,Importer,Miami,KOTRA_SNS_2025,식품/건강기능식품
220210,AR,timp,,,,Importer,santa fe,KOTRA_SNS_2025,식품/건강기능식품
220210,AR,pilarsa,,,,Importer,Gualeguaych,KOTRA_SNS_2025,식품/건강기능식품
220210,AR,spece,,,,Importer,Lujn,KOTRA_SNS_2025,식품/건강기능식품
220210,AR,fikae,,,,Importer,Santa Fe,KOTRA_SNS_2025,식품/건강기능식품
220210,AE,Noor Bussiness Group,,,,Importer,dubai,KOTRA_SNS_2025,식품/건강기능식품
220210,DZ,COSYFOP,,,,Importer,Ibadene Colla BBA,KOTRA_SNS_2025,식품/건강기능식품
220210,DZ,Azzedine invest,,,,Importer,Algrie,KOTRA_SNS_2025,식품/건강기능식품
220210,US,yadra,,,,Importer,mgkg,KOTRA_SNS_2025,식품/건강기능식품
220210,DZ,NorthAfric Industries,,,,Importer,Skikda/Algerie,KOTRA_SNS_2025,식품/건강기능식품
220210,IQ,Fresh Food Duhok For General Trading,,,,Importer,Zakho,KOTRA_SNS_2025,식품/건강기능식품
220210,MN,"Saruulbulag, Mongolia",,,,Importer,Ulaanbaatar,KOTRA_SNS_2025,식품/건강기능식품
220210,MN,Sunrise,,,,Importer,Ulaanbaatar,KOTRA_SNS_2025,식품/건강기능식품
220210,KZ,New World Order Inc.,,,,Importer,ALMATY,KOTRA_SNS_2025,식품/건강기능식품
220210,UZ,Asia Taren,,,,Importer,Samarkand,KOTRA_SNS_2025,식품/건강기능식품
220210,ID,K3MART,,,,Importer,Tangerang,KOTRA_SNS_2025,식품/건강기능식품
220210,VN,The Brownies,,,,Importer,Ho Chi Minh City,KOTRA_SNS_2025,식품/건강기능식품
220210,ID,PT. Multi Prima Inovasi,,,,Importer,Bogor,KOTRA_SNS_2025,식품/건강기능식품
220210,PH,The Figtree Companies,,,,Importer,Tagaytay,KOTRA_SNS_2025,식품/건강기능식품
220210,ID,tygyyy,,,,Importer,Tebing Tinggi,KOTRA_SNS_2025,식품/건강기능식품
220210,KH,Happy day food and Beverages co.ltd,,,,Importer,Siem Reap,KOTRA_SNS_2025,식품/건강기능식품
220210,MA,Peo Vinc M influences Sdn Bhd,,,,Importer,Casablanca,KOTRA_SNS_2025,식품/건강기능식품
220210,MY,Kormala N Sdn Bhd,,,,Importer,Mont Kiara,KOTRA_SNS_2025,식품/건강기능식품
220210,PK,Khyber Pakhtunkhwa Culture and Tourism Authority,,,,Importer,Islamabad,KOTRA_SNS_2025,식품/건강기능식품
220210,PK,green crystals and liquid Pvt limited,,,,Importer,Lahore,KOTRA_SNS_2025,식품/건강기능식품
220210,PK,Care And Cure International,,,,Importer,Rahimyar Khan,KOTRA_SNS_2025,식품/건강기능식품
220210,BD,Mayesha Tex.,,,,Importer,narayanganj,KOTRA_SNS_2025,식품/건강기능식품
220210,US,"Batkhela,Malakand district,Kpk.",,,,Importer,Sharjah,KOTRA_SNS_2025,식품/건강기능식품
220210,IN,Arsh overseas,,,,Importer,Bharuch,KOTRA_SNS_2025,식품/건강기능식품
220210,PK,press,,,,Importer,Peshawar Lines,KOTRA_SNS_2025,식품/건강기능식품
220210,PK,K.D Impex,,,,Importer,Shah Faisalabad,KOTRA_SNS_2025,식품/건강기능식품
220210,BD,Agromine Private Limited,,,,Importer,Dhaka,KOTRA_SNS_2025,식품/건강기능식품
220210,BD,Standard Finis Oil Com.,,,,Importer,Dhaka,KOTRA_SNS_2025,식품/건강기능식품
220210,IN,NB AGRI EXPORT,,,,Importer,keshod,KOTRA_SNS_2025,식품/건강기능식품
220210,IN,West Valley Organic farm,,,,Importer,Pune,KOTRA_SNS_2025,식품/건강기능식품
220210,PK,Pak Best,,,,Importer,Karachi,KOTRA_SNS_2025,식품/건강기능식품
220210,PK,Gondal crushing plant,,,,Importer,Sargodha,KOTRA_SNS_2025,식품/건강기능식품
220210,BD,Mawola Traders,,,,Importer,Gazipur,KOTRA_SNS_2025,식품/건강기능식품
220210,US,jawa foods,,,,Importer,lahore,KOTRA_SNS_2025,식품/건강기능식품
220210,PK,Adnan brothers,,,,Importer,Lahore,KOTRA_SNS_2025,식품/건강기능식품
220210,SZ,S.A INTERNATIONAL (PTY)LTD,,,,Importer,manzini,KOTRA_SNS_2025,식품/건강기능식품
220210,BD,Ankon Group,,,,Importer,Dhaka,KOTRA_SNS_2025,식품/건강기능식품
220210,PK,Hanzallah Rice,,,,Importer,faisalabad,KOTRA_SNS_2025,식품/건강기능식품
220210,PK,AL-RAFIQUE Enterprises,,,,Importer,Sargodha,KOTRA_SNS_2025,식품/건강기능식품
220210,NG,Dangwari Bobonia Investment ltd,,,,Importer,lagos,KOTRA_SNS_2025,식품/건강기능식품
220210,ET,Tomoca Coffee PLC,,,,Importer,Addis Ababa,KOTRA_SNS_2025,식품/건강기능식품
220210,US,akubundu,,,,Importer,chapletet,KOTRA_SNS_2025,식품/건강기능식품
220210,NG,"messr and global resources ltd,nigeria",,,,Importer,ilorin,KOTRA_SNS_2025,식품/건강기능식품
220210,GB,a&a trading786 int. Ltd,,,,Importer,Burnley,KOTRA_SNS_2025,식품/건강기능식품
220210,IT,SuiteFood Srl,,,,Importer,Milan,KOTRA_SNS_2025,식품/건강기능식품
220210,MA,Copag,,,,Importer,Taroudant,KOTRA_SNS_2025,식품/건강기능식품
220210,MA,AE,,,,Importer,kelaa sraghna,KOTRA_SNS_2025,식품/건강기능식품
220210,TR,Pak Montenegro food company doo,,,,Importer,Istanbul,KOTRA_SNS_2025,식품/건강기능식품
220210,PH,Chanson & Beaver Enterprises,,,,Importer,Quezon City,KOTRA_SNS_2025,식품/건강기능식품
220210,VN,Royal Food,,,,Importer,Ho Chi Minh City,KOTRA_SNS_2025,식품/건강기능식품
220210,MY,.,,,,Importer,KLf,KOTRA_SNS_2025,식품/건강기능식품
220210,CO,na,,,,Importer,Supata,KOTRA_SNS_2025,식품/건강기능식품
220210,IN,NILOSAA Group of Companies,,,,Importer,Sambalpur,KOTRA_SNS_2025,식품/건강기능식품
220210,NG,Ozmentus global limited,,,,Importer,Lagos,KOTRA_SNS_2025,식품/건강기능식품
220210,UZ,Uzbekistan  food industry of accociation,,,,Importer,Tashkent,KOTRA_SNS_2025,식품/건강기능식품
220210,AU,KAGRO,,,,Importer,Sydney,KOTRA_SNS_2025,식품/건강기능식품
220210,VN,MANH NHUNG IMPORT EXPORT COMPANY LIMITED,,,,Importer,Ho Chi Minh City,KOTRA_SNS_2025,식품/건강기능식품
220210,VN,DO GIA SEAFOOD EXPORT IMPORT COMPANY LIMITED,,,,Importer,Ho Chi Minh City,KOTRA_SNS_2025,식품/건강기능식품
220210,VN,"VIKO ITI CO., LTD",,,,Importer,Ha Noi,KOTRA_SNS_2025,식품/건강기능식품
220210,VN,DONG GIAO TRADING COMPANY LIMITED,,,,Importer,Ho Chi Minh City,KOTRA_SNS_2025,식품/건강기능식품
220210,VN,"KIM NGOC INVESTMENT SERVICE TRADING PRODUCTION CO.,LTD",,,,Importer,HCM,KOTRA_SNS_2025,식품/건강기능식품
220210,VN,"KKUM SOL CO., LTD",,,,Importer,Ho Chi Minh City,KOTRA_SNS_2025,식품/건강기능식품
220210,VN,"VICTORY VIEST CO.,LTD",,,,Importer,Ho Chi Minh City,KOTRA_SNS_2025,식품/건강기능식품
220210,VN,VIET SAO MAI ONE MEMBER COMPANY LIMITED,,,,Importer,Ho Chi Minh City,KOTRA_SNS_2025,식품/건강기능식품
220210,VN,GOOD PRODUCT SOLUTIONS CO LTD,,,,Importer,Ho Chi Minh City,KOTRA_SNS_2025,식품/건강기능식품
220210,US,HBYS Image,,,,Importer,Walnut Creek,KOTRA_SNS_2025,식품/건강기능식품
210390,기존 페이스북 템플릿과 동일하게 두자리 국가코드 입력(ex. IN ),"Hexi (Henan) Catering Management Co., Ltd.",,,,Importer,henan,KOTRA_SNS_2025,식품/건강기능식품
220210,VN,ATM investment,,,,Importer,Ho Chi Minh City,KOTRA_SNS_2025,식품/건강기능식품
220210,VN,chung,,,,Importer,Ho Chi Minh City,KOTRA_SNS_2025,식품/건강기능식품
220210,VN,cong ty tlfoods vietnam,,,,Importer,Ho Chi Minh City,KOTRA_SNS_2025,식품/건강기능식품
220210,VN,Nguyn anh holding,,,,Importer,Ho Chi Minh City,KOTRA_SNS_2025,식품/건강기능식품
220210,VN,Cng ty TNHH Pht Trin Thc Phm Ifood Vit Nam,,,,Importer,Ho Chi Minh City,KOTRA_SNS_2025,식품/건강기능식품
220210,US,g,,,,Importer,i7,KOTRA_SNS_2025,식품/건강기능식품
220210,PK,Rafiq Sweets and Bakers,,,,Importer,Lahore,KOTRA_SNS_2025,식품/건강기능식품
220210,LK,Kekunawela International (Pvt.) Ltd.,,,,Importer,Akuressa,KOTRA_SNS_2025,식품/건강기능식품
220210,KE,ONLINE NETWORK MARKETING,,,,Importer,Nairobi,KOTRA_SNS_2025,식품/건강기능식품
220210,NG,KATSINA Premier Agribusiness and consultancy services,,,,Importer,KATSINA,KOTRA_SNS_2025,식품/건강기능식품
220210,US,alanasousa_2@hotmail.com,,,,Importer,w,KOTRA_SNS_2025,식품/건강기능식품
220210,MN,"Saruulbulag, Mongolia",,,,Importer,Ulaanbaatar,KOTRA_SNS_2025,식품/건강기능식품
220210,AR,pop,,,,Importer,Buenos aires,KOTRA_SNS_2025,식품/건강기능식품
220210,AR,fox,,,,Importer,Rio Cuarto,KOTRA_SNS_2025,식품/건강기능식품
220210,US,lopez jordan,,,,Importer,Buenos aires,KOTRA_SNS_2025,식품/건강기능식품
220210,US,fox,,,,Importer,pergamino,KOTRA_SNS_2025,식품/건강기능식품
210690,US,Los Cocos,,,,Importer,Roldan,KOTRA_SNS_2025,식품/건강기능식품
210690,US,egk,,,,Importer,bsas,KOTRA_SNS_2025,식품/건강기능식품
210690,KZ,Razaq sons,,,,Importer,Lahore,KOTRA_SNS_2025,식품/건강기능식품
210690,IN,Nutritious Planets,,,,Importer,Durg,KOTRA_SNS_2025,식품/건강기능식품
210690,PK,S B Enterprises,,,,Importer,Lahore,KOTRA_SNS_2025,식품/건강기능식품
210690,BD,Best power Electric & Electronics co,,,,Importer,Dhaka,KOTRA_SNS_2025,식품/건강기능식품
210690,LK,Kekunawela International (Pvt.) Ltd.,,,,Importer,Akuressa,KOTRA_SNS_2025,식품/건강기능식품
210690,IN,Tanvi International LLC,,,,Importer,Mumbai,KOTRA_SNS_2025,식품/건강기능식품
210690,US,Firstmark Sciences,,,,Importer,"Alakuko, Lagos.",KOTRA_SNS_2025,식품/건강기능식품
210690,US,Hh,,,,Importer,Be,KOTRA_SNS_2025,식품/건강기능식품
210690,NG,Realtrade Development Company Limited,,,,Importer,Lagos,KOTRA_SNS_2025,식품/건강기능식품
210690,US,dw,,,,Importer,e,KOTRA_SNS_2025,식품/건강기능식품
210690,AR,crew,,,,Importer,santa fe,KOTRA_SNS_2025,식품/건강기능식품
210690,AR,verri,,,,Importer,Cordoba,KOTRA_SNS_2025,식품/건강기능식품
210690,AR,rammoy,,,,Importer,santa fe,KOTRA_SNS_2025,식품/건강기능식품
210690,AR,fox,,,,Importer,santa fe,KOTRA_SNS_2025,식품/건강기능식품
210690,AR,oscar ibaez,,,,Importer,santa fe,KOTRA_SNS_2025,식품/건강기능식품
210690,AR,luna eventos,,,,Importer,buenos aires,KOTRA_SNS_2025,식품/건강기능식품
210690,RW,Cereal business company ltd,,,,Importer,Kigali city,KOTRA_SNS_2025,식품/건강기능식품
210690,AR,fox,,,,Importer,Cordoba,KOTRA_SNS_2025,식품/건강기능식품
210690,IN,ALISHA EXPORT,,,,Importer,Bhilai,KOTRA_SNS_2025,식품/건강기능식품
210690,US,fox,,,,Importer,Buenos aires,KOTRA_SNS_2025,식품/건강기능식품
220210,CO,Colimkor,,,,Importer,Bogota,KOTRA_SNS_2025,식품/건강기능식품
220210,VN,THU HIEN IMPORT-EXPORT AND INVESTMENT COMPANY LIMITED,,,,Importer,Ho Chi Minh City,KOTRA_SNS_2025,식품/건강기능식품
220299,LA,VIISA BEAUTY HUB,,,,Importer,Vientiane,KOTRA_SNS_2025,식품/건강기능식품
210690,PH,k11 MEDICAL CLINIC,,,,Importer,Quezon City,KOTRA_SNS_2025,식품/건강기능식품
210310,CN,GUANGZHOU HANSHEN INTERNATIONAL TRADE CO.，LTD,,,,Importer,GUANGZHOU,KOTRA_SNS_2025,식품/건강기능식품
210310,CN,"WEIHAI TAIHE INTERNA TIONAL TRADE CO.,LTD",,,,Importer,GUANGZHOU,KOTRA_SNS_2025,식품/건강기능식품
210310,CN,"SHANGHAI BENZHUANG INTERNATIONAL TRADE CO., LTD",,,,Importer,GUANGZHOU,KOTRA_SNS_2025,식품/건강기능식품
210310,CN,"DALIAN YUEGE GAPIN TRADING CO.,LTD",,,,Importer,GUANGZHOU,KOTRA_SNS_2025,식품/건강기능식품
210310,CN,"QINGDAO HUANGHOUAI CO.,LTD",,,,Importer,GUANGZHOU,KOTRA_SNS_2025,식품/건강기능식품
220299,LA,Nachon Progect,,,,Importer,Pakse,KOTRA_SNS_2025,식품/건강기능식품
220299,LA,"2Day Consultant Sole Co., Ltd",,,,Importer,Vientiane,KOTRA_SNS_2025,식품/건강기능식품
220299,LA,Deluxe Food Group,,,,Importer,Vientiane,KOTRA_SNS_2025,식품/건강기능식품
220299,LA,Psv G,,,,Importer,Vientiane,KOTRA_SNS_2025,식품/건강기능식품
220299,United States,intCount,,,,Importer,New York,KOTRA_SNS_2025,식품/건강기능식품
220299,Laos,Fpmarket,,,,Importer,Vientiane,KOTRA_SNS_2025,식품/건강기능식품
220299,ET,Shalom Addis,,,,Importer,Addis Ababa,KOTRA_SNS_2025,식품/건강기능식품
220299,LA,Luang Prabang,,,,Importer,Vientiane,KOTRA_SNS_2025,식품/건강기능식품
220299,VN,Chef diary,,,,Importer,Phng Khoang,KOTRA_SNS_2025,식품/건강기능식품
220299,LA,"2Day Consultant Sole Co., Ltd",,,,Importer,Vientiane,KOTRA_SNS_2025,식품/건강기능식품
210390,Japan,renewable-ei,,,,Importer,Yokohama,KOTRA_SNS_2025,식품/건강기능식품
220290,CN,北京迪特科技有限公司,,,,Importer,GANSU,KOTRA_SNS_2025,식품/건강기능식품
220290,CN,北京迪特科技有限公司,,,,Importer,GANSU,KOTRA_SNS_2025,식품/건강기능식품
220290,CN,北京迪特科技有限公司,,,,Importer,GANSU,KOTRA_SNS_2025,식품/건강기능식품
220210,PH,J&T express,,,,Importer,Valenzuela,KOTRA_SNS_2025,식품/건강기능식품
220210,PH,ADLM Agri Marketing Inc,,,,Importer,Davao City,KOTRA_SNS_2025,식품/건강기능식품
220210,ID,sahabat sejati,,,,Importer,Jakarta timur,KOTRA_SNS_2025,식품/건강기능식품
220210,DZ,hhajjj,,,,Importer,Shabqadar,KOTRA_SNS_2025,식품/건강기능식품
220210,IN,Lotus Dental & Aesthetics's,,,,Importer,Guntur,KOTRA_SNS_2025,식품/건강기능식품
220210,BD,New Market Dhaka -,,,,Importer,Dhaka,KOTRA_SNS_2025,식품/건강기능식품
220210,PK,Professional tarding,,,,Importer,Karachi,KOTRA_SNS_2025,식품/건강기능식품
220210,IN,The Chothani group,,,,Importer,Mundra,KOTRA_SNS_2025,식품/건강기능식품
220210,IN,,,,,Importer,Dhanbad,KOTRA_SNS_2025,식품/건강기능식품
220210,PK,S B Enterprises,,,,Importer,Lahore,KOTRA_SNS_2025,식품/건강기능식품
220210,KE,TURNAROUND AFRICA TIC LTD,,,,Importer,Nairobi,KOTRA_SNS_2025,식품/건강기능식품
220210,ZA,Food lovers market,,,,Importer,Johannesburg,KOTRA_SNS_2025,식품/건강기능식품
220210,ET,HIA TRADING,,,,Importer,Addis abeba,KOTRA_SNS_2025,식품/건강기능식품
220210,US,join,,,,Importer,o D,KOTRA_SNS_2025,식품/건강기능식품
220210,NG,Power and Glory Outreach International,,,,Importer,Ughelli,KOTRA_SNS_2025,식품/건강기능식품
220210,NG,Udaranwa global services Nig,,,,Importer,Umuahia,KOTRA_SNS_2025,식품/건강기능식품
220210,NG,Icleanfix,,,,Importer,Abuja,KOTRA_SNS_2025,식품/건강기능식품
220210,US,sdvdsv,,,,Importer,sdvsdv,KOTRA_SNS_2025,식품/건강기능식품
220210,NG,M. I. TSAV & CO.,,,,Importer,Abuja,KOTRA_SNS_2025,식품/건강기능식품
220210,NG,cdd,,,,Importer,Lagos,KOTRA_SNS_2025,식품/건강기능식품
220210,NG,DPR,,,,Importer,Abuja,KOTRA_SNS_2025,식품/건강기능식품
220210,GH,Amozona.com,,,,Importer,Accra,KOTRA_SNS_2025,식품/건강기능식품
220210,NG,"RICHYN,AND SONS ENTERPRISES",,,,Importer,Enugu,KOTRA_SNS_2025,식품/건강기능식품
220210,NG,Mac_Archibong ( Nig) Holdings,,,,Importer,Uyo,KOTRA_SNS_2025,식품/건강기능식품
220210,CI,La Compagnie Groupe-Dion-Ouest-Fermier,,,,Importer,Abidjan,KOTRA_SNS_2025,식품/건강기능식품
220210,IT,daoudi,,,,Importer,Venice,KOTRA_SNS_2025,식품/건강기능식품
220210,DZ,Azzedine invest,,,,Importer,Algrie,KOTRA_SNS_2025,식품/건강기능식품
220210,MN,Avrora beautyzon cosmetics LLC,,,,Importer,Ulaanbaatar,KOTRA_SNS_2025,식품/건강기능식품
220210,DE,julai,,,,Importer,Konstanz,KOTRA_SNS_2025,식품/건강기능식품
220210,JO,New Dimension Medical Company Ltd,,,,Importer,Amman,KOTRA_SNS_2025,식품/건강기능식품
220210,MN,Pravite,,,,Importer,Ulaanbaatur,KOTRA_SNS_2025,식품/건강기능식품
220210,US,gsdegsdegsde,,,,Importer,gesgsedgsdeg,KOTRA_SNS_2025,식품/건강기능식품
220210,MA,GBM,,,,Importer,Casablanca,KOTRA_SNS_2025,식품/건강기능식품
220210,AR,irons,,,,Importer,Crdoba,KOTRA_SNS_2025,식품/건강기능식품
220210,AR,kaiser,,,,Importer,bs as,KOTRA_SNS_2025,식품/건강기능식품
220210,AR,si,,,,Importer,cabab.,KOTRA_SNS_2025,식품/건강기능식품
220210,AR,ProGamers,,,,Importer,Concepcin del Uruguay,KOTRA_SNS_2025,식품/건강기능식품
220210,CO,gesgsdegsedgesg,,,,Importer,El Yopal,KOTRA_SNS_2025,식품/건강기능식품
220210,AR,Electromecanica UNO,,,,Importer,plotier,KOTRA_SNS_2025,식품/건강기능식품
220210,AR,juanes,,,,Importer,cordoba,KOTRA_SNS_2025,식품/건강기능식품
220210,AR,STRONG Nation,,,,Importer,Mar del plata,KOTRA_SNS_2025,식품/건강기능식품
220210,US,si,,,,Importer,Ezeiza,KOTRA_SNS_2025,식품/건강기능식품
220210,AR,verri,,,,Importer,Crdoba,KOTRA_SNS_2025,식품/건강기능식품
220210,AR,Facebook,,,,Importer,Bovril,KOTRA_SNS_2025,식품/건강기능식품
220210,AR,rammoy,,,,Importer,santa fe,KOTRA_SNS_2025,식품/건강기능식품
220210,AR,anibal,,,,Importer,chile,KOTRA_SNS_2025,식품/건강기능식품
220210,AR,galvatron,,,,Importer,Crdoba,KOTRA_SNS_2025,식품/건강기능식품
220210,AR,politech,,,,Importer,Mar del plata,KOTRA_SNS_2025,식품/건강기능식품
220210,AR,Monkey Blopers6,,,,Importer,Miami,KOTRA_SNS_2025,식품/건강기능식품
220210,AR,cdp,,,,Importer,Crdoba,KOTRA_SNS_2025,식품/건강기능식품
220210,AR,"esters,",,,,Importer,santa fe,KOTRA_SNS_2025,식품/건강기능식품
220210,MX,Postal,,,,Importer,Guadalajara,KOTRA_SNS_2025,식품/건강기능식품
220210,AR,gorman,,,,Importer,Crdoba,KOTRA_SNS_2025,식품/건강기능식품
220210,US,fox,,,,Importer,santa fe,KOTRA_SNS_2025,식품/건강기능식품
220210,BR,affter,,,,Importer,santa fe,KOTRA_SNS_2025,식품/건강기능식품
220210,AR,the must,,,,Importer,Buenos Aires,KOTRA_SNS_2025,식품/건강기능식품
220210,US,fX,,,,Importer,santa fe,KOTRA_SNS_2025,식품/건강기능식품
220210,AR,baez,,,,Importer,plotier,KOTRA_SNS_2025,식품/건강기능식품
220210,AR,foxe,,,,Importer,Buenos Aires,KOTRA_SNS_2025,식품/건강기능식품
220210,AR,pilarsa,,,,Importer,Santa Fe,KOTRA_SNS_2025,식품/건강기능식품
210690,US,azuc,,,,Importer,memes,KOTRA_SNS_2025,식품/건강기능식품
210690,AR,usual,,,,Importer,cordoba,KOTRA_SNS_2025,식품/건강기능식품
210690,ET,Goald mining company,,,,Importer,Asosa,KOTRA_SNS_2025,식품/건강기능식품
210690,AR,risitas srl,,,,Importer,salto,KOTRA_SNS_2025,식품/건강기능식품
210690,IN,JAI STORES,,,,Importer,assam,KOTRA_SNS_2025,식품/건강기능식품
210690,IN,Bhilwara,,,,Importer,Bhilwara,KOTRA_SNS_2025,식품/건강기능식품
210690,US,egesgseg,,,,Importer,gesdgedgsedg,KOTRA_SNS_2025,식품/건강기능식품
210690,AR,aghjjj,,,,Importer,Paran,KOTRA_SNS_2025,식품/건강기능식품
210690,SA,hhajjj,,,,Importer,Shabqadar,KOTRA_SNS_2025,식품/건강기능식품
210690,AR,crespo,,,,Importer,Buenos Aires,KOTRA_SNS_2025,식품/건강기능식품
210690,US,fX,,,,Importer,santa fe,KOTRA_SNS_2025,식품/건강기능식품
210690,AR,fower,,,,Importer,buenos aires,KOTRA_SNS_2025,식품/건강기능식품
210690,AR,fox,,,,Importer,santa fe,KOTRA_SNS_2025,식품/건강기능식품
210690,PK,S B Enterprises,,,,Importer,Lahore,KOTRA_SNS_2025,식품/건강기능식품
210690,AR,sgn,,,,Importer,bsas,KOTRA_SNS_2025,식품/건강기능식품
210690,PK,Shimlabreeders,,,,Importer,Islamabad,KOTRA_SNS_2025,식품/건강기능식품
210690,ZA,Akwande research and development group,,,,Importer,Pretoria,KOTRA_SNS_2025,식품/건강기능식품
210690,IN,Mahalaxmi Enterprises,,,,Importer,Hyderabad,KOTRA_SNS_2025,식품/건강기능식품
210690,AR,Los Cocos,,,,Importer,Crdoba,KOTRA_SNS_2025,식품/건강기능식품
210690,AR,fox,,,,Importer,bsas,KOTRA_SNS_2025,식품/건강기능식품
210690,AR,ybi,,,,Importer,buenos aires,KOTRA_SNS_2025,식품/건강기능식품
210690,AR,sas srl,,,,Importer,pergamino,KOTRA_SNS_2025,식품/건강기능식품
210690,AR,santa fe,,,,Importer,santa fe,KOTRA_SNS_2025,식품/건강기능식품
210690,AR,fox,,,,Importer,santa fe,KOTRA_SNS_2025,식품/건강기능식품
210690,AR,pilarsa,,,,Importer,Gualeguaych,KOTRA_SNS_2025,식품/건강기능식품
210690,PK,Students Only,,,,Importer,peshawar,KOTRA_SNS_2025,식품/건강기능식품
210690,US,FAST REL,,,,Importer,Miami,KOTRA_SNS_2025,식품/건강기능식품
210690,BD,Govt.employer,,,,Importer,"Madhupur, Tangail",KOTRA_SNS_2025,식품/건강기능식품
210690,IN,Aaykaa,,,,Importer,Nagpur,KOTRA_SNS_2025,식품/건강기능식품
210690,NG,LAIDLAND ESSENCE & ANCILLARY VENTURES,,,,Importer,Lagos,KOTRA_SNS_2025,식품/건강기능식품
210690,BD,Xenover Limited,,,,Importer,Faridpur,KOTRA_SNS_2025,식품/건강기능식품
210690,GH,latifiya plus enterprise,,,,Importer,kumasi ghana,KOTRA_SNS_2025,식품/건강기능식품
210690,PK,gillani Trader's Abbottabad,,,,Importer,Abbottabad,KOTRA_SNS_2025,식품/건강기능식품
210690,AR,yashida,,,,Importer,Crdoba,KOTRA_SNS_2025,식품/건강기능식품
210690,AR,erol,,,,Importer,boedo,KOTRA_SNS_2025,식품/건강기능식품
210690,US,deacon,,,,Importer,Crdoba,KOTRA_SNS_2025,식품/건강기능식품
210690,AR,ado,,,,Importer,bell,KOTRA_SNS_2025,식품/건강기능식품
210690,NG,NOOA VENTURES,,,,Importer,Ibadan,KOTRA_SNS_2025,식품/건강기능식품
210690,PK,Honnex Private Limited,,,,Importer,Lahore,KOTRA_SNS_2025,식품/건강기능식품
210690,TN,Ste 2Bbio sarl,,,,Importer,Tunis,KOTRA_SNS_2025,식품/건강기능식품
210690,AR,FEs,,,,Importer,posadas.,KOTRA_SNS_2025,식품/건강기능식품
210690,AR,banes,,,,Importer,Crdoba,KOTRA_SNS_2025,식품/건강기능식품
210690,ET,trading business,,,,Importer,Addis Ababa,KOTRA_SNS_2025,식품/건강기능식품
210690,AE,Not Applicable,,,,Importer,LAHORE,KOTRA_SNS_2025,식품/건강기능식품
210690,NI,Independiente,,,,Importer,Managua,KOTRA_SNS_2025,식품/건강기능식품
210690,IN,BPG FARMERS PRODUCER CO. LTD,,,,Importer,Jalna,KOTRA_SNS_2025,식품/건강기능식품
210690,AR,soleio,,,,Importer,la plata,KOTRA_SNS_2025,식품/건강기능식품
210690,AR,"esters,",,,,Importer,santa fe,KOTRA_SNS_2025,식품/건강기능식품
210690,US,AL RAHAB AND CO,,,,Importer,dubi,KOTRA_SNS_2025,식품/건강기능식품
210690,EG,Misr Vision for Solutions Ltd.,,,,Importer,Cairo,KOTRA_SNS_2025,식품/건강기능식품
210690,AR,melica,,,,Importer,Crdoba,KOTRA_SNS_2025,식품/건강기능식품
210690,US,fox,,,,Importer,Aguilares,KOTRA_SNS_2025,식품/건강기능식품
210690,AR,fox,,,,Importer,santa fe,KOTRA_SNS_2025,식품/건강기능식품
210690,AR,fox,,,,Importer,Caba,KOTRA_SNS_2025,식품/건강기능식품
210690,AR,STRONG Nation,,,,Importer,Mar del plata,KOTRA_SNS_2025,식품/건강기능식품
210690,AR,tapi,,,,Importer,mendoza,KOTRA_SNS_2025,식품/건강기능식품
210690,AR,unix,,,,Importer,buenos aires,KOTRA_SNS_2025,식품/건강기능식품
210690,AR,riosss,,,,Importer,Crdoba,KOTRA_SNS_2025,식품/건강기능식품
210690,US,Franja Morada Derecho,,,,Importer,mar del plata,KOTRA_SNS_2025,식품/건강기능식품
210690,AR,fox,,,,Importer,santa fe,KOTRA_SNS_2025,식품/건강기능식품
210690,AR,super,,,,Importer,Santa Fegjugggy,KOTRA_SNS_2025,식품/건강기능식품
210690,AR,si,,,,Importer,cabab.,KOTRA_SNS_2025,식품/건강기능식품
210690,NG,Logistics and Courier services/Marketing,,,,Importer,Lagos,KOTRA_SNS_2025,식품/건강기능식품
210690,UG,Fasselectronics,,,,Importer,KAMPALA,KOTRA_SNS_2025,식품/건강기능식품
210690,PK,Owner of Chiniot Trader,,,,Importer,Chiniot,KOTRA_SNS_2025,식품/건강기능식품
210690,NP,Chief marketing officer,,,,Importer,Kathmandu,KOTRA_SNS_2025,식품/건강기능식품
210690,AR,fox,,,,Importer,santa fe,KOTRA_SNS_2025,식품/건강기능식품
210690,AR,Fiba,,,,Importer,capital,KOTRA_SNS_2025,식품/건강기능식품
210690,AR,politech,,,,Importer,Mar del plata,KOTRA_SNS_2025,식품/건강기능식품
210690,AR,gorman,,,,Importer,Crdoba,KOTRA_SNS_2025,식품/건강기능식품
210690,AR,verri,,,,Importer,Crdoba,KOTRA_SNS_2025,식품/건강기능식품
210690,AR,dbdb,,,,Importer,sagh,KOTRA_SNS_2025,식품/건강기능식품
210690,US,valle corp,,,,Importer,santa fe,KOTRA_SNS_2025,식품/건강기능식품
210690,BR,hbo,,,,Importer,snm,KOTRA_SNS_2025,식품/건강기능식품
210690,AR,fox,,,,Importer,bsas,KOTRA_SNS_2025,식품/건강기능식품
210690,AR,foxe,,,,Importer,Buenos Aires,KOTRA_SNS_2025,식품/건강기능식품
210690,TD,socit Miracou SARL,,,,Importer,N'Djamena,KOTRA_SNS_2025,식품/건강기능식품
210690,US,Fiba,,,,Importer,caba,KOTRA_SNS_2025,식품/건강기능식품
210690,AR,Playfish,,,,Importer,Ro Cuarto,KOTRA_SNS_2025,식품/건강기능식품
210690,IN,JSB Enterprises,,,,Importer,Faridabad,KOTRA_SNS_2025,식품/건강기능식품
210690,US,Cesar,,,,Importer,bsas,KOTRA_SNS_2025,식품/건강기능식품
210690,IN,GSDIPl,,,,Importer,K9lhapur,KOTRA_SNS_2025,식품/건강기능식품
210690,AR,usual,,,,Importer,cordoba,KOTRA_SNS_2025,식품/건강기능식품
210690,US,fX,,,,Importer,santa fe,KOTRA_SNS_2025,식품/건강기능식품
210690,AR,fox,,,,Importer,Caba,KOTRA_SNS_2025,식품/건강기능식품
210690,AR,aghjjj,,,,Importer,Paran,KOTRA_SNS_2025,식품/건강기능식품
210690,AR,mostaza,,,,Importer,bsas,KOTRA_SNS_2025,식품/건강기능식품
210690,UG,Edmax solutions Uganda- smc limited,,,,Importer,Kampala,KOTRA_SNS_2025,식품/건강기능식품
210690,ID,Iyagbi farms,,,,Importer,Nigeria,KOTRA_SNS_2025,식품/건강기능식품
210690,IN,Ashok handloom,,,,Importer,Kolhapur,KOTRA_SNS_2025,식품/건강기능식품
210690,MN,Doru llc,,,,Importer,Ulaanbaatar,KOTRA_SNS_2025,식품/건강기능식품
210690,IN,Krowice,,,,Importer,Pune,KOTRA_SNS_2025,식품/건강기능식품
210690,KE,Mideva supplies/Mideva Foods,,,,Importer,Mbale,KOTRA_SNS_2025,식품/건강기능식품
210690,IN,Dgro,,,,Importer,Malappuram,KOTRA_SNS_2025,식품/건강기능식품
210690,AR,si,,,,Importer,santa fe,KOTRA_SNS_2025,식품/건강기능식품
210690,US,Federica Fers,,,,Importer,Ro Cuarto,KOTRA_SNS_2025,식품/건강기능식품
210690,UG,BABOS SOLUTIONS,,,,Importer,Kampala,KOTRA_SNS_2025,식품/건강기능식품
210690,MU,EMG,,,,Importer,Quatre Bornes,KOTRA_SNS_2025,식품/건강기능식품
210690,US,poler,,,,Importer,Miami,KOTRA_SNS_2025,식품/건강기능식품
210690,ET,Kabod Motors,,,,Importer,Addis Ababa,KOTRA_SNS_2025,식품/건강기능식품
210690,AR,Facebook,,,,Importer,Bovril,KOTRA_SNS_2025,식품/건강기능식품
210690,AR,STRONG Nation,,,,Importer,Mar del plata,KOTRA_SNS_2025,식품/건강기능식품
210690,KE,ONLINE NETWORK MARKETING,,,,Importer,Nairobi,KOTRA_SNS_2025,식품/건강기능식품
210690,US,fox,,,,Importer,bsas,KOTRA_SNS_2025,식품/건강기능식품
210690,AR,poler,,,,Importer,santa fe,KOTRA_SNS_2025,식품/건강기능식품
210690,US,fox,,,,Importer,Aguilares,KOTRA_SNS_2025,식품/건강기능식품
210690,KH,Wismike Import Export Co Ltd,,,,Importer,Phnom Penh,KOTRA_SNS_2025,식품/건강기능식품
210690,SG,Tippinki,,,,Importer,SG,KOTRA_SNS_2025,식품/건강기능식품
210690,KH,KGTI,,,,Importer,Phnom Penh,KOTRA_SNS_2025,식품/건강기능식품
210690,IN,individual,,,,Importer,Mumbai,KOTRA_SNS_2025,식품/건강기능식품
210690,IN,Nothing,,,,Importer,Patna,KOTRA_SNS_2025,식품/건강기능식품
210690,PK,IBL,,,,Importer,Karachi,KOTRA_SNS_2025,식품/건강기능식품
210690,IN,Lark cosmetic pvt ltd,,,,Importer,Delhi,KOTRA_SNS_2025,식품/건강기능식품
210690,BD,khan corporation,,,,Importer,Dhaka,KOTRA_SNS_2025,식품/건강기능식품
210690,BD,Xenover Limited,,,,Importer,Faridpur,KOTRA_SNS_2025,식품/건강기능식품
210690,RU,hhajjj,,,,Importer,Shabqadar,KOTRA_SNS_2025,식품/건강기능식품
210690,PK,Bravo international,,,,Importer,Any,KOTRA_SNS_2025,식품/건강기능식품
210690,PK,Rafiq Sweets and Bakers,,,,Importer,Lahore,KOTRA_SNS_2025,식품/건강기능식품
210690,PK,Students Only,,,,Importer,peshawar,KOTRA_SNS_2025,식품/건강기능식품
210690,KE,Mideva supplies/Mideva Foods,,,,Importer,Mbale,KOTRA_SNS_2025,식품/건강기능식품
210690,NG,star woman,,,,Importer,Abuja,KOTRA_SNS_2025,식품/건강기능식품
210690,NG,Skt Boutique,,,,Importer,Nigeria,KOTRA_SNS_2025,식품/건강기능식품
210690,US,sdvdsv,,,,Importer,sdvsdv,KOTRA_SNS_2025,식품/건강기능식품
210690,KE,Fine Limited,,,,Importer,Nairobi,KOTRA_SNS_2025,식품/건강기능식품
210690,NG,"The Mint, NSPMC VI Lagos",,,,Importer,Abuja,KOTRA_SNS_2025,식품/건강기능식품
210690,NG,MediaArtitude,,,,Importer,Lagos,KOTRA_SNS_2025,식품/건강기능식품
210690,KE,naseem ahmed,,,,Importer,Mombasa,KOTRA_SNS_2025,식품/건강기능식품
210690,NG,Sayo Ojo &Sons Healthy Living Stores,,,,Importer,Ibadan,KOTRA_SNS_2025,식품/건강기능식품
210690,NG,Archer Trade Enterprise,,,,Importer,Lagos,KOTRA_SNS_2025,식품/건강기능식품
210690,NG,Farmershub Multi-links Global  LTD,,,,Importer,Lagos,KOTRA_SNS_2025,식품/건강기능식품
210690,NG,Merc Company,,,,Importer,Lafia,KOTRA_SNS_2025,식품/건강기능식품
210690,KZ,Boran,,,,Importer,Astana,KOTRA_SNS_2025,식품/건강기능식품
210690,UA,Anygroup,,,,Importer,Николаев,KOTRA_SNS_2025,식품/건강기능식품
210690,DE,julai,,,,Importer,Konstanz,KOTRA_SNS_2025,식품/건강기능식품
210690,DZ,agrifhel,,,,Importer,Algiers,KOTRA_SNS_2025,식품/건강기능식품
210690,DZ,eurl UBI,,,,Importer,algiers,KOTRA_SNS_2025,식품/건강기능식품
210690,MN,Kopi Garden LLC,,,,Importer,Ulaanbaatar,KOTRA_SNS_2025,식품/건강기능식품
210690,MN,Avrora beautyzon cosmetics LLC,,,,Importer,Ulaanbaatar,KOTRA_SNS_2025,식품/건강기능식품
210690,JO,Al Rowad co,,,,Importer,Amman,KOTRA_SNS_2025,식품/건강기능식품
210690,AR,juanes,,,,Importer,cordoba,KOTRA_SNS_2025,식품/건강기능식품
210690,AR,STRONG Nation,,,,Importer,Mar del plata,KOTRA_SNS_2025,식품/건강기능식품
210690,US,fox,,,,Importer,Aguilares,KOTRA_SNS_2025,식품/건강기능식품
210690,BR,iku,,,,Importer,Alta Gracia,KOTRA_SNS_2025,식품/건강기능식품
210690,AR,fox,,,,Importer,bsas,KOTRA_SNS_2025,식품/건강기능식품
210690,AR,pilarsa,,,,Importer,Santa Fe,KOTRA_SNS_2025,식품/건강기능식품
210690,US,valle corp,,,,Importer,santa fe,KOTRA_SNS_2025,식품/건강기능식품
210690,AR,FEs,,,,Importer,posadas.,KOTRA_SNS_2025,식품/건강기능식품
210690,US,fX,,,,Importer,santa fe,KOTRA_SNS_2025,식품/건강기능식품
210690,AR,gorman,,,,Importer,Crdoba,KOTRA_SNS_2025,식품/건강기능식품
210690,AR,fox,,,,Importer,Crdoba,KOTRA_SNS_2025,식품/건강기능식품
210690,AR,langston canteros,,,,Importer,San Miguel de Tucumn,KOTRA_SNS_2025,식품/건강기능식품
210690,US,si,,,,Importer,Ezeiza,KOTRA_SNS_2025,식품/건강기능식품
210690,AR,ba,,,,Importer,Buenos aires,KOTRA_SNS_2025,식품/건강기능식품
210690,CO,na,,,,Importer,Supata,KOTRA_SNS_2025,식품/건강기능식품
210690,AR,Los Cocos,,,,Importer,Crdoba,KOTRA_SNS_2025,식품/건강기능식품
220299,LA,"ImportLine Import-Export Co., Ltd.",,,,Importer,Vientiane,KOTRA_SNS_2025,식품/건강기능식품
220210,CN,"ZHENGOU TRADING (SHANGHAI) CO., LTD",,,,Importer,Shanghai,KOTRA_SNS_2025,식품/건강기능식품
210690,India,astas trading,,,,Importer,Kochi,KOTRA_SNS_2025,식품/건강기능식품
210690,Cte d'Ivoire,Socit Zen Distribution ( SOZED-CI ),,,,Importer,Le Plateau,KOTRA_SNS_2025,식품/건강기능식품
210690,India,Caringbeez,,,,Importer,New Delhi,KOTRA_SNS_2025,식품/건강기능식품
210690,The Gambia,Air Ticket LLC,,,,Importer,Banjul,KOTRA_SNS_2025,식품/건강기능식품
210690,Myanmar,Mandalay Beverages Enterprise Company,,,,Importer,Yangon,KOTRA_SNS_2025,식품/건강기능식품
210690,Uganda,braoz general enterprises limited,,,,Importer,Kampala,KOTRA_SNS_2025,식품/건강기능식품
210690,Guinea,KMS GROUPE,,,,Importer,Kaloum,KOTRA_SNS_2025,식품/건강기능식품
210690,Peru,labocer-s-a-,,,,Importer,Lima,KOTRA_SNS_2025,식품/건강기능식품
210690,Tanzania,RISALI GROUP OF COMPANY  LIMITED,,,,Importer,Dar es Salaam,KOTRA_SNS_2025,식품/건강기능식품
210690,Egypt,TE Data,,,,Importer,Istanbul,KOTRA_SNS_2025,식품/건강기능식품
220210,VN,"HOLAFOODS.,JSC",,,,Importer,Ho Chi Minh,KOTRA_SNS_2025,식품/건강기능식품
220210,VN,APIS CORPORATION,,,,Importer,Thanh Pho Ho Chi Minh,KOTRA_SNS_2025,식품/건강기능식품
220210,VN,Holafoods JSC,,,,Importer,Ho Chi Minh,KOTRA_SNS_2025,식품/건강기능식품
220210,MN,Тайгын шанд chuluut bus LLC,,,,Importer,Ulaanbaatar,KOTRA_SNS_2025,식품/건강기능식품
210390,RO,Comagro Vest,,,,Importer,Arad,KOTRA_SNS_2025,식품/건강기능식품
210390,RO,Growth Wiser,,,,Importer,Romania,KOTRA_SNS_2025,식품/건강기능식품
210390,RO,One day Estate,,,,Importer,Bucuresti,KOTRA_SNS_2025,식품/건강기능식품
210390,RO,Food Land Galactic,,,,Importer,Baia Mare,KOTRA_SNS_2025,식품/건강기능식품
210390,RO,Zaxago,,,,Importer,Oradea,KOTRA_SNS_2025,식품/건강기능식품
210390,RO,Mirasia Food,,,,Importer,Bucharest,KOTRA_SNS_2025,식품/건강기능식품
210390,RO,CORELLI WINE & FOOD SRL,,,,Importer,Bucuresti,KOTRA_SNS_2025,식품/건강기능식품
210390,RO,Synkrom Design,,,,Importer,Popesti Leordeni,KOTRA_SNS_2025,식품/건강기능식품
210310,CN,WEIHAI ROYAL INTERNATIONAL,,,,Importer,GUANGZHOU,KOTRA_SNS_2025,식품/건강기능식품
210310,CN,"Weihai Shencheng International Trade Co., Ltd",,,,Importer,GUANGZHOU,KOTRA_SNS_2025,식품/건강기능식품
220290,South Africa,JUICE REVOLUTION LTD,,,,Importer,All Area,KOTRA_SNS_2025,식품/건강기능식품
220299,South Africa,Ding Ho,,,,Importer,All Area,KOTRA_SNS_2025,식품/건강기능식품
190220,AT,Melchora May,,,,Importer,Vienna,KOTRA_SNS_2025,식품/건강기능식품
190220,AT,Entrepreneur,,,,Importer,Vienna,KOTRA_SNS_2025,식품/건강기능식품
190220,AT,erdpress.at,,,,Importer,Vienna,KOTRA_SNS_2025,식품/건강기능식품
190220,AT,Five Origins,,,,Importer,Vienna,KOTRA_SNS_2025,식품/건강기능식품
190220,AT,Ukor SRL,,,,Importer,Vienna,KOTRA_SNS_2025,식품/건강기능식품
190220,AT,Grefa s.r.o.,,,,Importer,Vienna,KOTRA_SNS_2025,식품/건강기능식품
190220,AT,Beoclick,,,,Importer,Vienna,KOTRA_SNS_2025,식품/건강기능식품
190220,AT,Wolftrade kft,,,,Importer,Vienna,KOTRA_SNS_2025,식품/건강기능식품
190220,AT,Kiosky's Conv Store  Melissia,,,,Importer,Vienna,KOTRA_SNS_2025,식품/건강기능식품
190220,AT,Cswa,,,,Importer,Vienna,KOTRA_SNS_2025,식품/건강기능식품
190220,AT,Primavera Beach Malia,,,,Importer,Vienna,KOTRA_SNS_2025,식품/건강기능식품
190220,AT,Elyon Group,,,,Importer,Vienna,KOTRA_SNS_2025,식품/건강기능식품
190220,AT,golden life,,,,Importer,Vienna,KOTRA_SNS_2025,식품/건강기능식품
190220,AT,Luigis,,,,Importer,Vienna,KOTRA_SNS_2025,식품/건강기능식품
190220,AT,Advanced HE,,,,Importer,Vienna,KOTRA_SNS_2025,식품/건강기능식품
220210,ID,AgriFam Indonesia,,,,Importer,Bogor,KOTRA_SNS_2025,식품/건강기능식품
220210,AD,Gramhansen ellrics inc,,,,Importer,New Elves city Methuselah bosom,KOTRA_SNS_2025,식품/건강기능식품
220210,US,sunbeam corporation,,,,Importer,Dhaka,KOTRA_SNS_2025,식품/건강기능식품
220210,BD,"shilpakala academy,chittagong",,,,Importer,Chittagong,KOTRA_SNS_2025,식품/건강기능식품
220210,US,farhatparacha5@gmail .com,,,,Importer,peshawar,KOTRA_SNS_2025,식품/건강기능식품
220210,IN,Kalakar24,,,,Importer,Delhi,KOTRA_SNS_2025,식품/건강기능식품
220210,PK,Rasheed sons,,,,Importer,Lahore,KOTRA_SNS_2025,식품/건강기능식품
220210,IN,Aaradhana enterprise,,,,Importer,Surat,KOTRA_SNS_2025,식품/건강기능식품
220210,MZ,Trabalhador(a) independente,,,,Importer,Maputo,KOTRA_SNS_2025,식품/건강기능식품
220210,NG,Home of fruitfulness plaza,,,,Importer,Yola,KOTRA_SNS_2025,식품/건강기능식품
220210,TZ,Mpanda,,,,Importer,Mpanda,KOTRA_SNS_2025,식품/건강기능식품
220210,NG,Global tradeplaza,,,,Importer,Kano,KOTRA_SNS_2025,식품/건강기능식품
220210,NG,Onuadi Ventures,,,,Importer,Lagos,KOTRA_SNS_2025,식품/건강기능식품
220210,MA,Entrepreneur,,,,Importer,Marrakech,KOTRA_SNS_2025,식품/건강기능식품
220210,IN,Manlaksh trading co,,,,Importer,Gurugram,KOTRA_SNS_2025,식품/건강기능식품
220210,MX,Lsbzbd,,,,Importer,Ciudad de Mxico,KOTRA_SNS_2025,식품/건강기능식품
220210,AR,agustins,,,,Importer,santa fe,KOTRA_SNS_2025,식품/건강기능식품
220210,AR,fox,,,,Importer,santa fe,KOTRA_SNS_2025,식품/건강기능식품
220210,AR,roxar,,,,Importer,santa fe,KOTRA_SNS_2025,식품/건강기능식품
220210,AR,fox,,,,Importer,santa fe,KOTRA_SNS_2025,식품/건강기능식품
220210,AR,Ramrez construcciones,,,,Importer,Santa fe,KOTRA_SNS_2025,식품/건강기능식품
220210,US,moron sa,,,,Importer,buenos aires,KOTRA_SNS_2025,식품/건강기능식품
220210,US,fox,,,,Importer,conesa,KOTRA_SNS_2025,식품/건강기능식품
220210,AR,jm,,,,Importer,parana,KOTRA_SNS_2025,식품/건강기능식품
220210,AR,fox,,,,Importer,Cordoba,KOTRA_SNS_2025,식품/건강기능식품
210690,AR,fox,,,,Importer,Buenos aires,KOTRA_SNS_2025,식품/건강기능식품
210690,NP,my store unlimited,,,,Importer,Kathmandu,KOTRA_SNS_2025,식품/건강기능식품
210690,AR,Los Cocos,,,,Importer,Cordoba,KOTRA_SNS_2025,식품/건강기능식품
210690,AR,hunters,,,,Importer,Cordoba,KOTRA_SNS_2025,식품/건강기능식품
210690,AR,Fiba,,,,Importer,pergamino,KOTRA_SNS_2025,식품/건강기능식품
210690,AR,Los Cocos,,,,Importer,Mar del plata,KOTRA_SNS_2025,식품/건강기능식품
210690,AR,Shals,,,,Importer,Buenos Aires,KOTRA_SNS_2025,식품/건강기능식품
210690,AR,otk,,,,Importer,Buenos Aires,KOTRA_SNS_2025,식품/건강기능식품
210690,US,camper,,,,Importer,rosario,KOTRA_SNS_2025,식품/건강기능식품
210690,AR,jaett,,,,Importer,pilar,KOTRA_SNS_2025,식품/건강기능식품
210690,AR,Ramrez construcciones,,,,Importer,Santa fe,KOTRA_SNS_2025,식품/건강기능식품
210690,US,yiet,,,,Importer,Mar del Plata,KOTRA_SNS_2025,식품/건강기능식품
210690,US,colesy,,,,Importer,Mar del plata,KOTRA_SNS_2025,식품/건강기능식품
210690,AR,agustins,,,,Importer,santa fe,KOTRA_SNS_2025,식품/건강기능식품
210690,AR,fox,,,,Importer,Buenos Aires,KOTRA_SNS_2025,식품/건강기능식품
210690,NG,new age,,,,Importer,"Umuahia, Abia state",KOTRA_SNS_2025,식품/건강기능식품
210690,AR,Los Cocos,,,,Importer,COrdoba,KOTRA_SNS_2025,식품/건강기능식품
210690,AR,carrar,,,,Importer,santa fe,KOTRA_SNS_2025,식품/건강기능식품
210690,GL,Tornando calkest inc,,,,Importer,Leader spouse castle,KOTRA_SNS_2025,식품/건강기능식품
210690,AR,luna eventos,,,,Importer,Buenos Aires,KOTRA_SNS_2025,식품/건강기능식품
210690,AR,hthh,,,,Importer,byyb,KOTRA_SNS_2025,식품/건강기능식품
210690,mz,"DPS - Direct Procurement & Services, Lda",,,,Importer,Maputo,KOTRA_SNS_2025,식품/건강기능식품
210690,ML,Mali Service Qualit -Msq Sarl-,,,,Importer,Bamako,KOTRA_SNS_2025,식품/건강기능식품
210690,AR,Ama de Casa,,,,Importer,Buenos Aires,KOTRA_SNS_2025,식품/건강기능식품
210690,AR,aiilp,,,,Importer,COrdoba,KOTRA_SNS_2025,식품/건강기능식품
210690,GL,Gramhansen ellrics inc,,,,Importer,New Elves city Methuselah bosom,KOTRA_SNS_2025,식품/건강기능식품
210690,IN,Shri surya and Co,,,,Importer,Bangalore,KOTRA_SNS_2025,식품/건강기능식품
210690,IN,GSD,,,,Importer,K9lhapur,KOTRA_SNS_2025,식품/건강기능식품
210690,IN,BEFACH 4X PVT LTD,,,,Importer,Hyderabad,KOTRA_SNS_2025,식품/건강기능식품
210690,IN,BEPL,,,,Importer,Delhi,KOTRA_SNS_2025,식품/건강기능식품
210690,NG,Buy Korea,,,,Importer,Lagos,KOTRA_SNS_2025,식품/건강기능식품
210690,ZA,olack foods and agro industries,,,,Importer,Johannesburg,KOTRA_SNS_2025,식품/건강기능식품
210690,ZA,Ariah Trading,,,,Importer,Benoni,KOTRA_SNS_2025,식품/건강기능식품
210690,NG,W'wet International Co,,,,Importer,Ibadan,KOTRA_SNS_2025,식품/건강기능식품
210690,TZ,sha,,,,Importer,daresaalaam,KOTRA_SNS_2025,식품/건강기능식품
210690,MA,Farmer,,,,Importer,Rabat,KOTRA_SNS_2025,식품/건강기능식품
210690,MA,Actualits CCI,,,,Importer,Er Rachidia,KOTRA_SNS_2025,식품/건강기능식품
210690,US,yiet,,,,Importer,Mar del Plata,KOTRA_SNS_2025,식품/건강기능식품
210690,AR,Los Cocos,,,,Importer,Mar del plata,KOTRA_SNS_2025,식품/건강기능식품
210690,AR,Facebook.,,,,Importer,Tandil,KOTRA_SNS_2025,식품/건강기능식품
210690,AR,santa fe,,,,Importer,santa fe,KOTRA_SNS_2025,식품/건강기능식품
210690,AR,fox,,,,Importer,cordoba,KOTRA_SNS_2025,식품/건강기능식품
220290,CN,"Weihai Taihe International Trade Co., Ltd.",,,,Importer,GANSU,KOTRA_SNS_2025,식품/건강기능식품
220290,CN,"Weihai Taihe International Trade Co., Ltd.",,,,Importer,GANSU,KOTRA_SNS_2025,식품/건강기능식품
220290,CN,"Weihai Taihe International Trade Co., Ltd.",,,,Importer,GANSU,KOTRA_SNS_2025,식품/건강기능식품
220290,CN,"Weihai Taihe International Trade Co., Ltd.",,,,Importer,GANSU,KOTRA_SNS_2025,식품/건강기능식품
220290,CN,"Weihai Taihe International Trade Co., Ltd.",,,,Importer,GANSU,KOTRA_SNS_2025,식품/건강기능식품
220290,CN,"Beijing Quantum Dynamic Trading Co., Ltd.",,,,Importer,GANSU,KOTRA_SNS_2025,식품/건강기능식품
220290,CN,"Beijing Quantum Dynamic Trading Co., Ltd.",,,,Importer,GANSU,KOTRA_SNS_2025,식품/건강기능식품
220290,CN,"Beijing Quantum Dynamic Trading Co., Ltd.",,,,Importer,GANSU,KOTRA_SNS_2025,식품/건강기능식품
220290,CN,"Beijing Quantum Dynamic Trading Co., Ltd.",,,,Importer,GANSU,KOTRA_SNS_2025,식품/건강기능식품
220210,CN,"Beijing Quantum Dynamic Trading Co., Ltd.",,,,Importer,GANSU,KOTRA_SNS_2025,식품/건강기능식품
220210,CN,"Weihai Taihe International Trade Co., Ltd.",,,,Importer,GANSU,KOTRA_SNS_2025,식품/건강기능식품
210690,VN,mongtasia,,,,Importer,Hanoi,KOTRA_SNS_2025,식품/건강기능식품
210690,VN,Matexim,,,,Importer,H Ni,KOTRA_SNS_2025,식품/건강기능식품
210690,VN,French Cert Vit Nam,,,,Importer,Hanoi,KOTRA_SNS_2025,식품/건강기능식품
210690,VN,EUROPA,,,,Importer,Hanoi,KOTRA_SNS_2025,식품/건강기능식품
210690,VN,vegas vegas ton cu,,,,Importer,Phng Dch Vng,KOTRA_SNS_2025,식품/건강기능식품
210690,VN,cty đa lat herthy foods,,,,Importer,Hanoi,KOTRA_SNS_2025,식품/건강기능식품
210690,VN,NafiQPM,,,,Importer,Hanoi,KOTRA_SNS_2025,식품/건강기능식품
210690,VN,Nam Phuong Electrical Technology JSC,,,,Importer,H Ni,KOTRA_SNS_2025,식품/건강기능식품
210690,VN,Olive Food & Service,,,,Importer,Hanoi,KOTRA_SNS_2025,식품/건강기능식품
210690,Laos,No company,,,,Importer,Singapore,KOTRA_SNS_2025,식품/건강기능식품
210690,VN,Long bo seoul,,,,Importer,Hanoi,KOTRA_SNS_2025,식품/건강기능식품
210690,VN,O'Douceurs French Pastry & Bakery,,,,Importer,H Ni,KOTRA_SNS_2025,식품/건강기능식품
210690,VN,cty tnhh thuong mai va dich vu mth hi yn,,,,Importer,hanoi,KOTRA_SNS_2025,식품/건강기능식품
210690,VN,H Ni,,,,Importer,Hanoi,KOTRA_SNS_2025,식품/건강기능식품
210690,VN,"Nhat Anh Services & Trading Co., ltd",,,,Importer,H Ni,KOTRA_SNS_2025,식품/건강기능식품
210690,VN,Vindi Vietnam,,,,Importer,Hanoi,KOTRA_SNS_2025,식품/건강기능식품
210690,VN,GIA LINH WINE SHOP,,,,Importer,Hai Phong,KOTRA_SNS_2025,식품/건강기능식품
210690,VN,Tam Nguyen,,,,Importer,TP Nam nh,KOTRA_SNS_2025,식품/건강기능식품
210690,VN,Ti nh,,,,Importer,Hanoi,KOTRA_SNS_2025,식품/건강기능식품
210690,KR,seochobbq,,,,Importer,H Ni,KOTRA_SNS_2025,식품/건강기능식품
210690,Vietnam,Pixel Burn Co,,,,Importer,Hanoi,KOTRA_SNS_2025,식품/건강기능식품
210690,VN,"Vakanam Trading LLC,",,,,Importer,Hanoi,KOTRA_SNS_2025,식품/건강기능식품
210690,VN,Hanoi The Butcher & Home Food,,,,Importer,H Ni,KOTRA_SNS_2025,식품/건강기능식품
210690,VN,Moo-Moo BBQ,,,,Importer,Hi Dng,KOTRA_SNS_2025,식품/건강기능식품
210690,VN,Hanoi Daewoo Hotel,,,,Importer,Hanoi,KOTRA_SNS_2025,식품/건강기능식품
210690,VN,Cham Cham,,,,Importer,Hanoi,KOTRA_SNS_2025,식품/건강기능식품
210690,VN,Healthy Hub,,,,Importer,Hanoi,KOTRA_SNS_2025,식품/건강기능식품
210690,VN,Tim Ch Linh,,,,Importer,H Ni,KOTRA_SNS_2025,식품/건강기능식품
210690,VN,Thi Anh,,,,Importer,Hanoi,KOTRA_SNS_2025,식품/건강기능식품
210690,VN,marketmoa,,,,Importer,Hanoi,KOTRA_SNS_2025,식품/건강기능식품
210690,VN,Vietnam industry agency,,,,Importer,H Ni,KOTRA_SNS_2025,식품/건강기능식품
210690,KR,Cng ty C Phn Thng Mi Dch V v Xy Lp Du Kh,,,,Importer,Hanoi,KOTRA_SNS_2025,식품/건강기능식품
210690,VN,Metub Network,,,,Importer,Hanoi,KOTRA_SNS_2025,식품/건강기능식품
210690,VN,Trading,,,,Importer,Hanoi,KOTRA_SNS_2025,식품/건강기능식품
210690,VN,mundo company,,,,Importer,Hanoi,KOTRA_SNS_2025,식품/건강기능식품
210690,VN,.,,,,Importer,Hanoi,KOTRA_SNS_2025,식품/건강기능식품
210690,VN,Hoa Anh import export trading jont stock company,,,,Importer,H Ni,KOTRA_SNS_2025,식품/건강기능식품
210690,VN,KITE,,,,Importer,Hanoi,KOTRA_SNS_2025,식품/건강기능식품
210690,VN,zmartvietnam,,,,Importer,Hanoi,KOTRA_SNS_2025,식품/건강기능식품
210690,VN,Tamtay Global,,,,Importer,Hanoi,KOTRA_SNS_2025,식품/건강기능식품
210690,VN,Sava Group,,,,Importer,H Ni,KOTRA_SNS_2025,식품/건강기능식품
210690,VN,Chef Chil & Su,,,,Importer,Hanoi,KOTRA_SNS_2025,식품/건강기능식품
210690,VN,Coco Kfood Company Limited (Youth Market Keangnam),,,,Importer,Hanoi,KOTRA_SNS_2025,식품/건강기능식품
210690,VN,LS Vina Cable&System,,,,Importer,Ha Noi,KOTRA_SNS_2025,식품/건강기능식품
210690,VN,CNG TY TNHH DELINGOO VIT NAM,,,,Importer,Ho Chi Minh,KOTRA_SNS_2025,식품/건강기능식품
210690,VN,People connect,,,,Importer,Hanoi,KOTRA_SNS_2025,식품/건강기능식품
210690,VN,HomeBarista,,,,Importer,H Ni,KOTRA_SNS_2025,식품/건강기능식품
210690,VN,doiduavang.vn,,,,Importer,Da Nang,KOTRA_SNS_2025,식품/건강기능식품
210690,VN,Nguyen dang jsc,,,,Importer,Hanoi,KOTRA_SNS_2025,식품/건강기능식품
210690,VN,LC foods,,,,Importer,Hanoi,KOTRA_SNS_2025,식품/건강기능식품
210690,VN,VTC,,,,Importer,Hanoi,KOTRA_SNS_2025,식품/건강기능식품
210690,VN,Cng ty TNHH xnk v dc liu Phong Tho,,,,Importer,Hanoi,KOTRA_SNS_2025,식품/건강기능식품
210690,VN,B&company Vietnam,,,,Importer,Hanoi,KOTRA_SNS_2025,식품/건강기능식품
210690,VN,Attakg,,,,Importer,Viet Tri,KOTRA_SNS_2025,식품/건강기능식품
210690,VN,Cty sinhsung vina,,,,Importer,Hanoi,KOTRA_SNS_2025,식품/건강기능식품
210690,VN,ninh binh,,,,Importer,Ninh Bnh,KOTRA_SNS_2025,식품/건강기능식품
210690,VN,Cng Danh,,,,Importer,H Ni,KOTRA_SNS_2025,식품/건강기능식품
210690,VN,Vietnam International Fashion Week,,,,Importer,Hanoi,KOTRA_SNS_2025,식품/건강기능식품
210690,VN,khng,,,,Importer,Phu Tho,KOTRA_SNS_2025,식품/건강기능식품
210690,VN,hoa.vn,,,,Importer,Hanoi,KOTRA_SNS_2025,식품/건강기능식품
210690,VN,H Ni,,,,Importer,Hanoi,KOTRA_SNS_2025,식품/건강기능식품
210690,VN,cng ty tnhh đu t thng mi Nason,,,,Importer,H Ni,KOTRA_SNS_2025,식품/건강기능식품
210690,VN,"Giy T Tm - Giy n cn, giy n in logo gi r",,,,Importer,H Ni,KOTRA_SNS_2025,식품/건강기능식품
210690,VN,Energy and Environmental Consultancy Joint Stock Company,,,,Importer,Hanoi,KOTRA_SNS_2025,식품/건강기능식품
210690,VN,great cos,,,,Importer,Hanoi,KOTRA_SNS_2025,식품/건강기능식품
210690,VN,TAG,,,,Importer,Ha Noi,KOTRA_SNS_2025,식품/건강기능식품
210690,VN,Yoga Luna Thi Vit Nam,,,,Importer,Hanoi,KOTRA_SNS_2025,식품/건강기능식품
210690,VN,H Ni,,,,Importer,Hanoi,KOTRA_SNS_2025,식품/건강기능식품
210690,VN,Petspace,,,,Importer,Hanoi,KOTRA_SNS_2025,식품/건강기능식품
210690,VN,L Gia Vin,,,,Importer,Ho Chi Minh City,KOTRA_SNS_2025,식품/건강기능식품
210690,VN,Hanwha Aero Engines,,,,Importer,Hanoi,KOTRA_SNS_2025,식품/건강기능식품
210690,VN,Direction,,,,Importer,Hanoi,KOTRA_SNS_2025,식품/건강기능식품
210690,VN,Herbbank,,,,Importer,ha noi,KOTRA_SNS_2025,식품/건강기능식품
210690,VN,Merucon.co,,,,Importer,Hanoi,KOTRA_SNS_2025,식품/건강기능식품
210690,VN,Winecellar.vn,,,,Importer,Hanoi,KOTRA_SNS_2025,식품/건강기능식품
210690,VN,"Hanoi, Vietnam",,,,Importer,H Ni,KOTRA_SNS_2025,식품/건강기능식품
210690,VN,Al Sole Vietnam,,,,Importer,Hanoi,KOTRA_SNS_2025,식품/건강기능식품
210690,VN,H Ni,,,,Importer,Hanoi,KOTRA_SNS_2025,식품/건강기능식품
210690,VN,PTN,,,,Importer,Hanoi,KOTRA_SNS_2025,식품/건강기능식품
210690,VN,Masan Consumer,,,,Importer,Hai Duong,KOTRA_SNS_2025,식품/건강기능식품
210690,VN,Nguyn th thuyn,,,,Importer,Thi Nguyn,KOTRA_SNS_2025,식품/건강기능식품
210690,Vietnam,Lotte,,,,Importer,Hanoi,KOTRA_SNS_2025,식품/건강기능식품
210690,베트남,,,,,Importer,Hanoi,KOTRA_SNS_2025,식품/건강기능식품
220210,RU,Marr Russia,,,,Importer,Moscow,KOTRA_SNS_2025,식품/건강기능식품
220210,RU,VL-Trade,,,,Importer,Moscow,KOTRA_SNS_2025,식품/건강기능식품
210390,JP,(株) 波羅,,,,Importer,Shizuoka,KOTRA_SNS_2025,식품/건강기능식품
210390,JP,(株)ハッピ食品,,,,Importer,Shizuoka,KOTRA_SNS_2025,식품/건강기능식품
210390,JP,(株)巨山,,,,Importer,Shizuoka,KOTRA_SNS_2025,식품/건강기능식품
210390,JP,TOKENネットワク株式社,,,,Importer,Shizuoka,KOTRA_SNS_2025,식품/건강기능식품
210390,JP,オンガネジャパン株式社,,,,Importer,Shizuoka,KOTRA_SNS_2025,식품/건강기능식품
210390,JP,オンガネジャパン株式社,,,,Importer,Shizuoka,KOTRA_SNS_2025,식품/건강기능식품
210390,JP,オンガネジャパン株式社,,,,Importer,Shizuoka,KOTRA_SNS_2025,식품/건강기능식품
210390,JP,バロホルディングス,,,,Importer,Shizuoka,KOTRA_SNS_2025,식품/건강기능식품
210390,JP,ビコネクション,,,,Importer,Shizuoka,KOTRA_SNS_2025,식품/건강기능식품
210390,JP,ヘテパシフィック株式社,,,,Importer,Shizuoka,KOTRA_SNS_2025,식품/건강기능식품
210390,JP,エスエルジャパン,,,,Importer,Shizuoka,KOTRA_SNS_2025,식품/건강기능식품
210390,JP,エスエルジャパン,,,,Importer,Shizuoka,KOTRA_SNS_2025,식품/건강기능식품
210390,JP,スタイリングライフホルディングス BCLカンパニ,,,,Importer,Shizuoka,KOTRA_SNS_2025,식품/건강기능식품
210390,JP,スタイリングライフホルディングス BCLカンパニ,,,,Importer,Shizuoka,KOTRA_SNS_2025,식품/건강기능식품
210390,JP,株式社BSJ（ビエスジェ）,,,,Importer,Shizuoka,KOTRA_SNS_2025,식품/건강기능식품
210390,JP,株式社コトラトレディング (온라인참가),,,,Importer,Shizuoka,KOTRA_SNS_2025,식품/건강기능식품
210390,JP,株式社スマイリングス,,,,Importer,Shizuoka,KOTRA_SNS_2025,식품/건강기능식품
210390,JP,株式社スマイリングス,,,,Importer,Shizuoka,KOTRA_SNS_2025,식품/건강기능식품
210390,JP,株式社スマイリングス,,,,Importer,Shizuoka,KOTRA_SNS_2025,식품/건강기능식품
210390,JP,株式社プロシャン,,,,Importer,Shizuoka,KOTRA_SNS_2025,식품/건강기능식품
210390,JP,株式社山,,,,Importer,Shizuoka,KOTRA_SNS_2025,식품/건강기능식품
210390,JP,株式社山,,,,Importer,Shizuoka,KOTRA_SNS_2025,식품/건강기능식품
210390,JP,(株) 波羅,,,,Importer,Shizuoka,KOTRA_SNS_2025,식품/건강기능식품
210390,JP,ビコネクション,,,,Importer,Shizuoka,KOTRA_SNS_2025,식품/건강기능식품
210390,JP,スタイリングライフホルディングス BCLカンパニ,,,,Importer,Shizuoka,KOTRA_SNS_2025,식품/건강기능식품
210390,JP,TOKENネットワク株式社,,,,Importer,Shizuoka,KOTRA_SNS_2025,식품/건강기능식품
210390,JP,オンガネジャパン株式社,,,,Importer,Shizuoka,KOTRA_SNS_2025,식품/건강기능식품
210390,JP,バロホルディングス,,,,Importer,Shizuoka,KOTRA_SNS_2025,식품/건강기능식품
210390,JP,株式社スマイリングス,,,,Importer,Shizuoka,KOTRA_SNS_2025,식품/건강기능식품
210390,JP,オンリ株式社,,,,Importer,Shizuoka,KOTRA_SNS_2025,식품/건강기능식품
210390,JP,トラストトウキョウ株式社,,,,Importer,Shizuoka,KOTRA_SNS_2025,식품/건강기능식품
210390,JP,ヘテパシフィック株式社,,,,Importer,Shizuoka,KOTRA_SNS_2025,식품/건강기능식품
210390,JP,ユラス,,,,Importer,Shizuoka,KOTRA_SNS_2025,식품/건강기능식품
210390,JP,太洋物産株式社,,,,Importer,Shizuoka,KOTRA_SNS_2025,식품/건강기능식품
210390,JP,(株)ハッピ食品,,,,Importer,Shizuoka,KOTRA_SNS_2025,식품/건강기능식품
210390,JP,(株)巨山,,,,Importer,Shizuoka,KOTRA_SNS_2025,식품/건강기능식품
210390,JP,ジェイアンドワイジャパン,,,,Importer,Shizuoka,KOTRA_SNS_2025,식품/건강기능식품
210390,JP,株式社コトラトレディング (온라인참가),,,,Importer,Shizuoka,KOTRA_SNS_2025,식품/건강기능식품
210390,JP,Medibridge株式社,,,,Importer,Shizuoka,KOTRA_SNS_2025,식품/건강기능식품
210390,JP,バロホルディングス,,,,Importer,Shizuoka,KOTRA_SNS_2025,식품/건강기능식품
210390,JP,ジェイアンドワイジャパン,,,,Importer,Shizuoka,KOTRA_SNS_2025,식품/건강기능식품
210390,JP,株式社 有利,,,,Importer,Shizuoka,KOTRA_SNS_2025,식품/건강기능식품
210390,JP,ヘテパシフィック株式社,,,,Importer,Shizuoka,KOTRA_SNS_2025,식품/건강기능식품
210390,JP,株式社コトラトレディング (온라인참가),,,,Importer,Shizuoka,KOTRA_SNS_2025,식품/건강기능식품
210390,JP,オンガネジャパン株式社,,,,Importer,Shizuoka,KOTRA_SNS_2025,식품/건강기능식품
210390,JP,エスエルジャパン,,,,Importer,Shizuoka,KOTRA_SNS_2025,식품/건강기능식품
210390,JP,スタイリングライフホルディングス BCLカンパニ,,,,Importer,Shizuoka,KOTRA_SNS_2025,식품/건강기능식품
210390,JP,山田養蜂場本社,,,,Importer,Shizuoka,KOTRA_SNS_2025,식품/건강기능식품
210390,JP,エスエルジャパン,,,,Importer,Shizuoka,KOTRA_SNS_2025,식품/건강기능식품
210390,JP,株式社スマイリングス,,,,Importer,Shizuoka,KOTRA_SNS_2025,식품/건강기능식품
210390,JP,株式社山,,,,Importer,Shizuoka,KOTRA_SNS_2025,식품/건강기능식품
210390,JP,(株)ハッピ食品,,,,Importer,Shizuoka,KOTRA_SNS_2025,식품/건강기능식품
210390,JP,ストリアライズ(個人事業主),,,,Importer,Shizuoka,KOTRA_SNS_2025,식품/건강기능식품
210390,JP,株式社コトラトレディング (온라인참가),,,,Importer,Shizuoka,KOTRA_SNS_2025,식품/건강기능식품
210390,JP,株式社スマイリングス,,,,Importer,Shizuoka,KOTRA_SNS_2025,식품/건강기능식품
210390,JP,エスエルジャパン,,,,Importer,Shizuoka,KOTRA_SNS_2025,식품/건강기능식품
210390,JP,株式社 有利,,,,Importer,Shizuoka,KOTRA_SNS_2025,식품/건강기능식품
210390,JP,株式社renaTerra,,,,Importer,Shizuoka,KOTRA_SNS_2025,식품/건강기능식품
210390,JP,太洋物産株式社,,,,Importer,Shizuoka,KOTRA_SNS_2025,식품/건강기능식품
210390,JP,株式社BSJ（ビエスジェ）,,,,Importer,Shizuoka,KOTRA_SNS_2025,식품/건강기능식품
210390,JP,株式社丸井 (2),,,,Importer,Shizuoka,KOTRA_SNS_2025,식품/건강기능식품
210390,JP,GIB,,,,Importer,Shizuoka,KOTRA_SNS_2025,식품/건강기능식품
210390,JP,NOAH,,,,Importer,Shizuoka,KOTRA_SNS_2025,식품/건강기능식품
210390,JP,株式社renaTerra,,,,Importer,Shizuoka,KOTRA_SNS_2025,식품/건강기능식품
210390,JP,株式社オテックシ,,,,Importer,Shizuoka,KOTRA_SNS_2025,식품/건강기능식품
210390,JP,株式社ケイジェイシ,,,,Importer,Shizuoka,KOTRA_SNS_2025,식품/건강기능식품
210390,JP,オンガネジャパン株式社,,,,Importer,Shizuoka,KOTRA_SNS_2025,식품/건강기능식품
210390,JP,マルチョウ,,,,Importer,Shizuoka,KOTRA_SNS_2025,식품/건강기능식품
210390,JP,メディク,,,,Importer,Shizuoka,KOTRA_SNS_2025,식품/건강기능식품
210390,JP,スタイリングライフホルディングス BCLカンパニ,,,,Importer,Shizuoka,KOTRA_SNS_2025,식품/건강기능식품
210390,JP,株式社 有利,,,,Importer,Shizuoka,KOTRA_SNS_2025,식품/건강기능식품
210390,JP,株式社BSJ（ビエスジェ）,,,,Importer,Shizuoka,KOTRA_SNS_2025,식품/건강기능식품
210390,JP,オンガネジャパン株式社,,,,Importer,Shizuoka,KOTRA_SNS_2025,식품/건강기능식품
210390,JP,株式社ネモコマスジャパン,,,,Importer,Shizuoka,KOTRA_SNS_2025,식품/건강기능식품
210390,JP,ヘテパシフィック株式社,,,,Importer,Shizuoka,KOTRA_SNS_2025,식품/건강기능식품
210390,JP,株式社山,,,,Importer,Shizuoka,KOTRA_SNS_2025,식품/건강기능식품
210390,JP,エスエルジャパン,,,,Importer,Shizuoka,KOTRA_SNS_2025,식품/건강기능식품
210390,JP,株式社山,,,,Importer,Shizuoka,KOTRA_SNS_2025,식품/건강기능식품
210390,JP,株式社BSJ（ビエスジェ）,,,,Importer,Shizuoka,KOTRA_SNS_2025,식품/건강기능식품
210390,JP,株式社スマイリングス,,,,Importer,Shizuoka,KOTRA_SNS_2025,식품/건강기능식품
210390,JP,株式社プロシャン,,,,Importer,Shizuoka,KOTRA_SNS_2025,식품/건강기능식품
210390,JP,株式社山,,,,Importer,Shizuoka,KOTRA_SNS_2025,식품/건강기능식품
210390,JP,太洋物産株式社,,,,Importer,Shizuoka,KOTRA_SNS_2025,식품/건강기능식품
210390,JP,"EURAS CO.,LTD.",,,,Importer,TOKYO,KOTRA_SNS_2025,식품/건강기능식품
220210,US,Cater Map Inc.,,,,Importer,San Jose,KOTRA_SNS_2025,식품/건강기능식품
210390,JP,"BJ SALES CO., LTD",,,,Importer,TOKYO,KOTRA_SNS_2025,식품/건강기능식품
210390,JP,"Yamada Bee Company, Inc.",,,,Importer,TOKYO,KOTRA_SNS_2025,식품/건강기능식품
210390,JP,Yuri,,,,Importer,TOKYO,KOTRA_SNS_2025,식품/건강기능식품
210390,JP,BSJ CO. LTD.,,,,Importer,TOKYO,KOTRA_SNS_2025,식품/건강기능식품
210390,JP,STYLINGLIFE HOLDINGS INC.,,,,Importer,TOKYO,KOTRA_SNS_2025,식품/건강기능식품
210390,JP,"MARUCHO Co,.Ltd.",,,,Importer,TOKYO,KOTRA_SNS_2025,식품/건강기능식품
210390,JP,ongane japan,,,,Importer,TOKYO,KOTRA_SNS_2025,식품/건강기능식품
210390,JP,N TRADE LTD.,,,,Importer,TOKYO,KOTRA_SNS_2025,식품/건강기능식품
210390,JP,STYLINGLIFE HOLDINGS INC.,,,,Importer,TOKYO,KOTRA_SNS_2025,식품/건강기능식품
190219,IN,Zip Zap,,,,Importer,Chennai,KOTRA_SNS_2025,식품/건강기능식품
190219,IN,Any,,,,Importer,Chennai,KOTRA_SNS_2025,식품/건강기능식품
190219,IN,Saksham Overaeas,,,,Importer,Delhi,KOTRA_SNS_2025,식품/건강기능식품
190219,IN,Pattanayak Technologies Pvt Ltd,,,,Importer,Bangalore,KOTRA_SNS_2025,식품/건강기능식품
190219,IN,Brandtaless,,,,Importer,Kalyan,KOTRA_SNS_2025,식품/건강기능식품
190219,IN,ShreeNath Marketing,,,,Importer,Delhi,KOTRA_SNS_2025,식품/건강기능식품
190219,IN,My Own Business Institute,,,,Importer,bangalore,KOTRA_SNS_2025,식품/건강기능식품
190219,IN,Dikpala Foods Pvt Ltd,,,,Importer,Howrah,KOTRA_SNS_2025,식품/건강기능식품
190219,IN,MY CELEBRATIONS,,,,Importer,Hyderabad,KOTRA_SNS_2025,식품/건강기능식품
190219,IN,Hotyak,,,,Importer,Delhi,KOTRA_SNS_2025,식품/건강기능식품
190219,IN,"manisha bar and restaurant ,/ lodging boarding",,,,Importer,thane,KOTRA_SNS_2025,식품/건강기능식품
190219,IN,Beautiful Concepts,,,,Importer,Delhi,KOTRA_SNS_2025,식품/건강기능식품
190219,IN,Mr. Kimm's,,,,Importer,Delhi,KOTRA_SNS_2025,식품/건강기능식품
190219,IN,Kofteci Foodkrafts Pvt Ltd,,,,Importer,Bengaluru,KOTRA_SNS_2025,식품/건강기능식품
190219,IN,,,,,Importer,Mumbai,KOTRA_SNS_2025,식품/건강기능식품
190219,IN,kimlin Chinese restaurant,,,,Importer,vasai,KOTRA_SNS_2025,식품/건강기능식품
190219,IN,Franchise india,,,,Importer,Chennai,KOTRA_SNS_2025,식품/건강기능식품
190219,IN,Prv food solutions llp,,,,Importer,Mumbai,KOTRA_SNS_2025,식품/건강기능식품
190219,IN,JKMC,,,,Importer,Delhi,KOTRA_SNS_2025,식품/건강기능식품
190219,IN,,,,,Importer,Kolkata,KOTRA_SNS_2025,식품/건강기능식품
190219,IN,Om capital,,,,Importer,Kolkata,KOTRA_SNS_2025,식품/건강기능식품
190219,IN,Loyalworldmarket Bangalore,,,,Importer,Banagalore,KOTRA_SNS_2025,식품/건강기능식품
190219,IN,Cretive Verse LLP,,,,Importer,Delhi,KOTRA_SNS_2025,식품/건강기능식품
190219,IN,KT business,,,,Importer,aizwal Mizoram,KOTRA_SNS_2025,식품/건강기능식품
190219,IN,Setty's Bangarpete chats,,,,Importer,Bangalore,KOTRA_SNS_2025,식품/건강기능식품
190219,US,Harshay Industries,,,,Importer,New Delhi,KOTRA_SNS_2025,식품/건강기능식품
190219,IN,Rainax Motors Private limited,,,,Importer,NewDelhi,KOTRA_SNS_2025,식품/건강기능식품
190219,IN,Malcommarketing,,,,Importer,Delhi,KOTRA_SNS_2025,식품/건강기능식품
190219,IN,Veritas Experiments,,,,Importer,Dehradun,KOTRA_SNS_2025,식품/건강기능식품
190219,IN,TradX International,,,,Importer,Kolkata,KOTRA_SNS_2025,식품/건강기능식품
190219,US,Manisha engineering,,,,Importer,Delhi,KOTRA_SNS_2025,식품/건강기능식품
190219,US,Wakil store,,,,Importer,Kolkata,KOTRA_SNS_2025,식품/건강기능식품
190219,IN,Narwhal,,,,Importer,Mumbai,KOTRA_SNS_2025,식품/건강기능식품
190219,IN,B Fit Foods,,,,Importer,New Delhi,KOTRA_SNS_2025,식품/건강기능식품
190219,IN,V,,,,Importer,Mumbai,KOTRA_SNS_2025,식품/건강기능식품
190219,IN,Pixels Solutions,,,,Importer,Chennai,KOTRA_SNS_2025,식품/건강기능식품
190219,IN,AIESEC,,,,Importer,Delhi,KOTRA_SNS_2025,식품/건강기능식품
190219,IN,Prive salon,,,,Importer,Delhi,KOTRA_SNS_2025,식품/건강기능식품
190219,IN,Sk projects,,,,Importer,New Delhi,KOTRA_SNS_2025,식품/건강기능식품
190219,IN,S. Selvakumar,,,,Importer,Chennai,KOTRA_SNS_2025,식품/건강기능식품
190219,IN,GM Securitech,,,,Importer,Faridabad,KOTRA_SNS_2025,식품/건강기능식품
210690,IN,Enestock,,,,Importer,", Gurgaon",KOTRA_SNS_2025,식품/건강기능식품
210690,IN,Abc,,,,Importer,New delhi,KOTRA_SNS_2025,식품/건강기능식품
210690,SG,Samay Holidays,,,,Importer,Singapore / New Delhi,KOTRA_SNS_2025,식품/건강기능식품
210690,IN,IIMC,,,,Importer,Delhi,KOTRA_SNS_2025,식품/건강기능식품
210690,IN,Qxr,,,,Importer,Chennai,KOTRA_SNS_2025,식품/건강기능식품
210690,India,Adi Veda regimen Pvt ltd,,,,Importer,Delhi,KOTRA_SNS_2025,식품/건강기능식품
210690,IN,A,,,,Importer,Sonepat,KOTRA_SNS_2025,식품/건강기능식품
210690,IN,Apodictic Research LLP,,,,Importer,Gurgaon,KOTRA_SNS_2025,식품/건강기능식품
210690,India,Joints Health Pvt. Ltd.,,,,Importer,Delhi,KOTRA_SNS_2025,식품/건강기능식품
210690,India,Emami Ltd,,,,Importer,New Delhi,KOTRA_SNS_2025,식품/건강기능식품
210690,IN,Aadhvik International PVT LTD,,,,Importer,Chennai,KOTRA_SNS_2025,식품/건강기능식품
210690,IN,India Travelex,,,,Importer,Delhi,KOTRA_SNS_2025,식품/건강기능식품
210690,GH,Sansiro Ventures,,,,Importer,Accra,KOTRA_SNS_2025,식품/건강기능식품
210690,US,Aesthetica,,,,Importer,Phoenix,KOTRA_SNS_2025,식품/건강기능식품
210690,CA,feel good mushrooms,,,,Importer,Edmonton,KOTRA_SNS_2025,식품/건강기능식품
210690,US,House market,,,,Importer,Henderson,KOTRA_SNS_2025,식품/건강기능식품
210690,CZ,Diochi spol s r.o.,,,,Importer,Praha,KOTRA_SNS_2025,식품/건강기능식품
210690,RO,Business Owner Nutritech SupplementsIonita Razvam,,,,Importer,Bucharest,KOTRA_SNS_2025,식품/건강기능식품
210690,PT,Dra Beleza,,,,Importer,Lisbon,KOTRA_SNS_2025,식품/건강기능식품
210690,BR,2Med,,,,Importer,Niteri,KOTRA_SNS_2025,식품/건강기능식품
210690,BR,MIYUKI,,,,Importer,So Caetano do Sul,KOTRA_SNS_2025,식품/건강기능식품
210390,US,DOT'S,,,,Importer,Jackson,KOTRA_SNS_2025,식품/건강기능식품
210390,US,N,,,,Importer,Miami,KOTRA_SNS_2025,식품/건강기능식품
210390,US,California Charley,,,,Importer,Sacramento,KOTRA_SNS_2025,식품/건강기능식품
210390,US,Tomcat,,,,Importer,Bradenton,KOTRA_SNS_2025,식품/건강기능식품
210390,US,B&B,,,,Importer,Allendale,KOTRA_SNS_2025,식품/건강기능식품
210390,US,Lightbox,,,,Importer,Nashville,KOTRA_SNS_2025,식품/건강기능식품
210390,AU,Truong,,,,Importer,Sydney,KOTRA_SNS_2025,식품/건강기능식품
210390,US,Morksy,,,,Importer,Austin,KOTRA_SNS_2025,식품/건강기능식품
210390,US,culinary arts,,,,Importer,Kissimmee,KOTRA_SNS_2025,식품/건강기능식품
210390,US,,,,,Importer,New Haven,KOTRA_SNS_2025,식품/건강기능식품
210390,AU,Uneikz,,,,Importer,North Rothbury,KOTRA_SNS_2025,식품/건강기능식품
210390,US,Test,,,,Importer,Silver spring,KOTRA_SNS_2025,식품/건강기능식품
210390,US,No company,,,,Importer,Grand rapids MI,KOTRA_SNS_2025,식품/건강기능식품
210390,US,SCUSD,,,,Importer,Sacramento,KOTRA_SNS_2025,식품/건강기능식품
210390,US,Orbital Extracts,,,,Importer,Angola,KOTRA_SNS_2025,식품/건강기능식품
210390,US,Polynesian built music group,,,,Importer,Waianae,KOTRA_SNS_2025,식품/건강기능식품
210390,US,Vche Inc,,,,Importer,Las Vegas,KOTRA_SNS_2025,식품/건강기능식품
210390,US,The online corner store,,,,Importer,Charlotte,KOTRA_SNS_2025,식품/건강기능식품
210390,US,Evergreenthumbs,,,,Importer,Santa Cruz,KOTRA_SNS_2025,식품/건강기능식품
210390,US,TiogaNeighbors.org,,,,Importer,Charlotte,KOTRA_SNS_2025,식품/건강기능식품
210390,US,ssa,,,,Importer,it,KOTRA_SNS_2025,식품/건강기능식품
210390,DE,KYOPO spirits,,,,Importer,Dsseldorf,KOTRA_SNS_2025,식품/건강기능식품
210390,DE,Dagaeva,,,,Importer,Forst (Lausizt),KOTRA_SNS_2025,식품/건강기능식품
210390,AU,Gemologique,,,,Importer,Wembley Perth,KOTRA_SNS_2025,식품/건강기능식품
210390,AU,none,,,,Importer,High Wycombe,KOTRA_SNS_2025,식품/건강기능식품
210310,IN,Best Products & Solutions,,,,Importer,New Delhi,KOTRA_SNS_2025,식품/건강기능식품
210310,IN,KHUBEN LLP.,,,,Importer,New Delhi,KOTRA_SNS_2025,식품/건강기능식품
210310,IN,RUCHI INTERNATIONAL,,,,Importer,New Delhi,KOTRA_SNS_2025,식품/건강기능식품
210310,IN,VBJ EXIM PVT LTD,,,,Importer,New Delhi,KOTRA_SNS_2025,식품/건강기능식품
210390,Romania,Medio CSO,,,,Importer,Timioara,KOTRA_SNS_2025,식품/건강기능식품
210390,Rom,Gdigi,,,,Importer,Buc,KOTRA_SNS_2025,식품/건강기능식품
210390,Romania,Class Office,,,,Importer,Bucuresti,KOTRA_SNS_2025,식품/건강기능식품
210390,Romnia,Zaxago,,,,Importer,Oradea,KOTRA_SNS_2025,식품/건강기능식품
210390,Romania,Mondo Foods & Drinks SRL,,,,Importer,Bucuresti,KOTRA_SNS_2025,식품/건강기능식품
210390,Romnia,BMA Dumbrava,,,,Importer,Galai,KOTRA_SNS_2025,식품/건강기능식품
210390,Romania,Asian Lab srl,,,,Importer,Bucureti,KOTRA_SNS_2025,식품/건강기능식품
210390,romania,cmi dr deacu,,,,Importer,Bucureti,KOTRA_SNS_2025,식품/건강기능식품
210390,E,E,,,,Importer,R,KOTRA_SNS_2025,식품/건강기능식품
210390,Romania,CST,,,,Importer,Bucuresti,KOTRA_SNS_2025,식품/건강기능식품
190590,IN,Anugrahaa (Secuvision Networks.pvt.ltd),,,,Importer,Chennai,KOTRA_SNS_2025,식품/건강기능식품
190590,IN,CoolScoop India Pvt Ltd,,,,Importer,Delhi,KOTRA_SNS_2025,식품/건강기능식품
190590,IN,Riflex Marketing Pvt Ltd,,,,Importer,Chennai,KOTRA_SNS_2025,식품/건강기능식품
190590,United States,Bubblin’,,,,Importer,Delhi,KOTRA_SNS_2025,식품/건강기능식품
190590,IN,APL Inc.,,,,Importer,Delhi,KOTRA_SNS_2025,식품/건강기능식품
190590,US,Veggies village india pvt ltd,,,,Importer,New Delhi,KOTRA_SNS_2025,식품/건강기능식품
190590,IN,Alcorone solutions llp,,,,Importer,Chennai,KOTRA_SNS_2025,식품/건강기능식품
190590,IN,Orient overseas,,,,Importer,New Delhi,KOTRA_SNS_2025,식품/건강기능식품
190590,India,Enetstudioz,,,,Importer,New Delhi,KOTRA_SNS_2025,식품/건강기능식품
190590,IN,NextGen Solutions,,,,Importer,Mumbai,KOTRA_SNS_2025,식품/건강기능식품
190590,IN,Hospitality First',,,,Importer,Mumbai,KOTRA_SNS_2025,식품/건강기능식품
190590,IN,"Self employed I'm DP , we are team of professionals video creation, wud like to meet you you guys fo",,,,Importer,Mumbai,KOTRA_SNS_2025,식품/건강기능식품
190590,IN,Bhuvi foodz,,,,Importer,Mumbai,KOTRA_SNS_2025,식품/건강기능식품
190590,India,Citi Bank,,,,Importer,Thrissur,KOTRA_SNS_2025,식품/건강기능식품
190590,IN,the elite french club of Delhi,,,,Importer,DELHI,KOTRA_SNS_2025,식품/건강기능식품
190590,IN,SARANGHAE,,,,Importer,Mumbai,KOTRA_SNS_2025,식품/건강기능식품
190590,IN,services,,,,Importer,East Delhi,KOTRA_SNS_2025,식품/건강기능식품
190590,India,Seoul Store,,,,Importer,Sriperumbudur,KOTRA_SNS_2025,식품/건강기능식품
190590,India,PwC India,,,,Importer,Mumbai,KOTRA_SNS_2025,식품/건강기능식품
190590,IN,ELEGANT ENTERPRISES,,,,Importer,New Delhi,KOTRA_SNS_2025,식품/건강기능식품
190590,IN,Joixe,,,,Importer,Delhi,KOTRA_SNS_2025,식품/건강기능식품
190590,IN,Cake company,,,,Importer,Bengaluru,KOTRA_SNS_2025,식품/건강기능식품
190590,IN,Sahil bakery,,,,Importer,Himachal,KOTRA_SNS_2025,식품/건강기능식품
190590,India,Altohid enterprise,,,,Importer,Mumbai,KOTRA_SNS_2025,식품/건강기능식품
190590,India,Alvybrot International Inc,,,,Importer,New Delhi,KOTRA_SNS_2025,식품/건강기능식품
190590,IN,Hanbharat,,,,Importer,Gurgaon,KOTRA_SNS_2025,식품/건강기능식품
190590,IN,Bubble Bee,,,,Importer,Mumbai,KOTRA_SNS_2025,식품/건강기능식품
190590,US,pioneer overseas,,,,Importer,New Delhi,KOTRA_SNS_2025,식품/건강기능식품
190590,IN,Cakelake,,,,Importer,Hosur,KOTRA_SNS_2025,식품/건강기능식품
190590,US,New bangalore bakary,,,,Importer,Kalghatagi taluk,KOTRA_SNS_2025,식품/건강기능식품
190590,IN,Saisha Foods and Beverages LLp,,,,Importer,Mumbai,KOTRA_SNS_2025,식품/건강기능식품
190590,IN,Rajveena Industies Pvt ltd,,,,Importer,Noida,KOTRA_SNS_2025,식품/건강기능식품
190590,US,knomsfoods,,,,Importer,trichy,KOTRA_SNS_2025,식품/건강기능식품
190590,India,The Desiign Talk,,,,Importer,Bangalore,KOTRA_SNS_2025,식품/건강기능식품
190590,IN,Na,,,,Importer,Mumbai,KOTRA_SNS_2025,식품/건강기능식품
190590,IN,D restaurant,,,,Importer,Balipara,KOTRA_SNS_2025,식품/건강기능식품
190590,US,Hiii,,,,Importer,Papaipapaipai,KOTRA_SNS_2025,식품/건강기능식품
190590,IN,Third Wave Coffee,,,,Importer,Bangalore,KOTRA_SNS_2025,식품/건강기능식품
190590,IN,Rafe,,,,Importer,New Delhi,KOTRA_SNS_2025,식품/건강기능식품
190590,IN,Goodwill marketing,,,,Importer,Chennai,KOTRA_SNS_2025,식품/건강기능식품
190590,Italy,Maspar Industries Pvt. Ltd.,,,,Importer,Gurgaon,KOTRA_SNS_2025,식품/건강기능식품
190590,IN,Queenofcakeland,,,,Importer,Bangalore,KOTRA_SNS_2025,식품/건강기능식품
190590,IN,"Daffodil Hotels, Daffodil Properties",,,,Importer,Bangalore,KOTRA_SNS_2025,식품/건강기능식품
190590,India,Namkeen corner,,,,Importer,New Delhi,KOTRA_SNS_2025,식품/건강기능식품
190590,IN,"""Cloth merchant""",,,,Importer,Tindivanam,KOTRA_SNS_2025,식품/건강기능식품
190590,IN,Parabs,,,,Importer,Thane,KOTRA_SNS_2025,식품/건강기능식품
190590,IN,Dnd associates,,,,Importer,Coimbatore,KOTRA_SNS_2025,식품/건강기능식품
190590,India,SkillBot,,,,Importer,Bangalore,KOTRA_SNS_2025,식품/건강기능식품
190590,IN,H-Square Business Ventures LLP,,,,Importer,Bangalore,KOTRA_SNS_2025,식품/건강기능식품
190590,IN,GB baker's Britannia industries Ltd lalpahad kondurg mandal mahboob nagar Telangana,,,,Importer,Parbhani,KOTRA_SNS_2025,식품/건강기능식품
190590,India,Dry blend foods,,,,Importer,New delhi,KOTRA_SNS_2025,식품/건강기능식품
190590,IN,Kittys cafe and bakery,,,,Importer,Tiruchirappalli,KOTRA_SNS_2025,식품/건강기능식품
190590,IN,i-pro visuals,,,,Importer,Chennai,KOTRA_SNS_2025,식품/건강기능식품
190590,IN,Coffee Shastra,,,,Importer,Chennai,KOTRA_SNS_2025,식품/건강기능식품
190590,IN,Idaten craft chocolate,,,,Importer,Chennai,KOTRA_SNS_2025,식품/건강기능식품
190590,US,Flourrish,,,,Importer,Chennai,KOTRA_SNS_2025,식품/건강기능식품
190590,IN,Pristyn,,,,Importer,Delhi,KOTRA_SNS_2025,식품/건강기능식품
190590,IN,Saksham Overaeas,,,,Importer,Delhi,KOTRA_SNS_2025,식품/건강기능식품
190590,IN,GRAIN n grace,,,,Importer,Delhi,KOTRA_SNS_2025,식품/건강기능식품
190590,IN,"Delhi, India",,,,Importer,Delhi,KOTRA_SNS_2025,식품/건강기능식품
190590,IN,MILAN Enterprises,,,,Importer,Pune,KOTRA_SNS_2025,식품/건강기능식품
190590,IN,Natturz BioKontrol Pvt Ltd,,,,Importer,Delhi,KOTRA_SNS_2025,식품/건강기능식품
190590,India,Shree,,,,Importer,Gwalior,KOTRA_SNS_2025,식품/건강기능식품
190590,IN,Prime Group,,,,Importer,BANGALORE,KOTRA_SNS_2025,식품/건강기능식품
190590,IN,JCG INC,,,,Importer,Chennai,KOTRA_SNS_2025,식품/건강기능식품
190590,IN,Consultant,,,,Importer,Faridabad,KOTRA_SNS_2025,식품/건강기능식품
190590,IN,Truffles hospitality Pvt Ltd,,,,Importer,Bangalore,KOTRA_SNS_2025,식품/건강기능식품
190590,IN,I am a dealer,,,,Importer,Bangalore,KOTRA_SNS_2025,식품/건강기능식품
190590,IN,AquaEngineering Foodtech LLP,,,,Importer,Mumbai,KOTRA_SNS_2025,식품/건강기능식품
190590,IN,Mathopedia,,,,Importer,Bangalore,KOTRA_SNS_2025,식품/건강기능식품
190590,India,Jasd ventures,,,,Importer,Chennai,KOTRA_SNS_2025,식품/건강기능식품
190590,IN,Ford Motor Private Ltd,,,,Importer,Chennai,KOTRA_SNS_2025,식품/건강기능식품
190590,IN,Vajrakavach strategic solutions pvt Ltd,,,,Importer,Mumbai,KOTRA_SNS_2025,식품/건강기능식품
190590,India,Njoy Dairy foods,,,,Importer,Hyderabad,KOTRA_SNS_2025,식품/건강기능식품
190590,IN,Ryan Enterprise,,,,Importer,Bangalore,KOTRA_SNS_2025,식품/건강기능식품
190590,India,Santhalakshmi mills india llp,,,,Importer,Coimbatore,KOTRA_SNS_2025,식품/건강기능식품
190590,IN,Tawheed Infra,,,,Importer,Delhi,KOTRA_SNS_2025,식품/건강기능식품
190590,India,Artist,,,,Importer,Delhi,KOTRA_SNS_2025,식품/건강기능식품
190590,IN,Bluefeather impex Pvt Ltd,,,,Importer,Bangalore,KOTRA_SNS_2025,식품/건강기능식품
190590,India,OZ,,,,Importer,Meerut,KOTRA_SNS_2025,식품/건강기능식품
190590,IN,Eggoz,,,,Importer,Gurugram,KOTRA_SNS_2025,식품/건강기능식품
190590,India,Keywords Studios,,,,Importer,Delhi,KOTRA_SNS_2025,식품/건강기능식품
190590,IN,Jostars orgotech,,,,Importer,Mumbai,KOTRA_SNS_2025,식품/건강기능식품
190590,IN,Individual,,,,Importer,Mumbai,KOTRA_SNS_2025,식품/건강기능식품
190590,IN,Jaton Skin Science Pvt Ltd,,,,Importer,New Delhi,KOTRA_SNS_2025,식품/건강기능식품
190590,India,Zense hospitality,,,,Importer,Candolim,KOTRA_SNS_2025,식품/건강기능식품
190590,India,SDP LLP,,,,Importer,Mumbai,KOTRA_SNS_2025,식품/건강기능식품
190590,IN,.,,,,Importer,Mumbai,KOTRA_SNS_2025,식품/건강기능식품
190590,India,Care Formulation Labs,,,,Importer,Delhi,KOTRA_SNS_2025,식품/건강기능식품
190590,IN,Cspl,,,,Importer,Chennai,KOTRA_SNS_2025,식품/건강기능식품
190590,IN,Sachdeva medicos,,,,Importer,Vasundhara Ghaziabad Uttar Pradesh,KOTRA_SNS_2025,식품/건강기능식품
190590,IN,Beluga impex,,,,Importer,Mumbai,KOTRA_SNS_2025,식품/건강기능식품
190590,IN,Hoisst,,,,Importer,Coimbatore,KOTRA_SNS_2025,식품/건강기능식품
190590,IN,Uni amis equipe LLP,,,,Importer,Mumbai,KOTRA_SNS_2025,식품/건강기능식품
190590,IN,ELIXIR OVERSEAS,,,,Importer,Delhi,KOTRA_SNS_2025,식품/건강기능식품
190590,IN,Kaushal kumar,,,,Importer,Delhi,KOTRA_SNS_2025,식품/건강기능식품
190590,IN,Mellissa bakes,,,,Importer,New Delhi,KOTRA_SNS_2025,식품/건강기능식품
190590,US,manaca,,,,Importer,Mumbai,KOTRA_SNS_2025,식품/건강기능식품
190590,IN,Kofuku Delhi,,,,Importer,Delhi,KOTRA_SNS_2025,식품/건강기능식품
190590,IN,Almon Careers,,,,Importer,Bengaluru,KOTRA_SNS_2025,식품/건강기능식품
190590,IN,Anita textile,,,,Importer,North Lakhimpur,KOTRA_SNS_2025,식품/건강기능식품
190590,IN,Nanded,,,,Importer,Nanded,KOTRA_SNS_2025,식품/건강기능식품
190590,IN,fresh foods,,,,Importer,Lucknow,KOTRA_SNS_2025,식품/건강기능식품
190590,IN,autolook inds,,,,Importer,Delhi,KOTRA_SNS_2025,식품/건강기능식품
190590,IN,globus stores,,,,Importer,Mumbai,KOTRA_SNS_2025,식품/건강기능식품
190590,IN,BrainWorks,,,,Importer,Delhi,KOTRA_SNS_2025,식품/건강기능식품
190590,IN,Business,,,,Importer,Delhi,KOTRA_SNS_2025,식품/건강기능식품
190590,IN,Jsk Solutions,,,,Importer,Delhi,KOTRA_SNS_2025,식품/건강기능식품
190590,IN,Lenticels private limited,,,,Importer,Kolhapur,KOTRA_SNS_2025,식품/건강기능식품
190590,India,ABAD Group,,,,Importer,Cochin,KOTRA_SNS_2025,식품/건강기능식품
190590,IN,Faris,,,,Importer,New Delhi,KOTRA_SNS_2025,식품/건강기능식품
190590,IN,BBC bakers,,,,Importer,Mumbai,KOTRA_SNS_2025,식품/건강기능식품
190590,INDIA,Enetstudioz,,,,Importer,Delhi,KOTRA_SNS_2025,식품/건강기능식품
190590,IN,Shroff Farms,,,,Importer,Vangoan,KOTRA_SNS_2025,식품/건강기능식품
190590,IN,No,,,,Importer,Kalyan West,KOTRA_SNS_2025,식품/건강기능식품
190590,IN,Kettro Gourmet Gifts Private Limited,,,,Importer,Mumbai,KOTRA_SNS_2025,식품/건강기능식품
190590,IN,Al nazir,,,,Importer,Moradabad,KOTRA_SNS_2025,식품/건강기능식품
190590,IN,KNG Food and Agriculture,,,,Importer,Mumbai,KOTRA_SNS_2025,식품/건강기능식품
190590,IN,Purplle,,,,Importer,Mumbai,KOTRA_SNS_2025,식품/건강기능식품
190590,IN,Creative Engineering,,,,Importer,Chennai,KOTRA_SNS_2025,식품/건강기능식품
190590,India,timpano.india,,,,Importer,Lucknow,KOTRA_SNS_2025,식품/건강기능식품
190590,IN,DesignMyCake.in,,,,Importer,Kolkata,KOTRA_SNS_2025,식품/건강기능식품
190590,IN,Half teaspoon,,,,Importer,New Delhi,KOTRA_SNS_2025,식품/건강기능식품
190590,IN,Nimbark,,,,Importer,New Delhi,KOTRA_SNS_2025,식품/건강기능식품
190590,India,Namauroo,,,,Importer,Mumbai,KOTRA_SNS_2025,식품/건강기능식품
190590,IN,ShreeNath Marketing,,,,Importer,Delhi,KOTRA_SNS_2025,식품/건강기능식품
190590,IN,Allure India,,,,Importer,Pune,KOTRA_SNS_2025,식품/건강기능식품
190590,IN,Dynasties Trade,,,,Importer,Nagpur,KOTRA_SNS_2025,식품/건강기능식품
190590,India,Cava athleisure,,,,Importer,Gurugram,KOTRA_SNS_2025,식품/건강기능식품
190590,India,Ajfan dates and nuts,,,,Importer,Calicut,KOTRA_SNS_2025,식품/건강기능식품
190590,IN,IT professional,,,,Importer,Chennai,KOTRA_SNS_2025,식품/건강기능식품
190590,IN,BUQOO,,,,Importer,Bangalore,KOTRA_SNS_2025,식품/건강기능식품
190590,IN,Enterprises,,,,Importer,Mumbai,KOTRA_SNS_2025,식품/건강기능식품
190590,India,Dravin apparels llp,,,,Importer,Delhi,KOTRA_SNS_2025,식품/건강기능식품
190590,IN,The Healthy Oven,,,,Importer,Delhi,KOTRA_SNS_2025,식품/건강기능식품
190590,India,Hioc,,,,Importer,Agra,KOTRA_SNS_2025,식품/건강기능식품
190590,US,ISKRA EQUIPMENT AND MACHINES,,,,Importer,Bangalore,KOTRA_SNS_2025,식품/건강기능식품
190590,India,own business,,,,Importer,Delhi,KOTRA_SNS_2025,식품/건강기능식품
210690,IN,,,,,Importer,South Dum Dum,KOTRA_SNS_2025,식품/건강기능식품
210690,IN,alwar malt group,,,,Importer,Jaipur,KOTRA_SNS_2025,식품/건강기능식품
210690,IN,HealGuru International,,,,Importer,Delhi,KOTRA_SNS_2025,식품/건강기능식품
210690,IN,Shar Supplies,,,,Importer,Delhi,KOTRA_SNS_2025,식품/건강기능식품
210690,IN,self,,,,Importer,Greater Noida,KOTRA_SNS_2025,식품/건강기능식품
210690,IN,Lifecare diagnostic research centre pvt ltd,,,,Importer,Mumbai,KOTRA_SNS_2025,식품/건강기능식품
210690,IN,Gravity  sign  solutions,,,,Importer,Thane,KOTRA_SNS_2025,식품/건강기능식품
210690,IN,Tobasu Apac India,,,,Importer,Mumbai,KOTRA_SNS_2025,식품/건강기능식품
210690,IN,Kee Healthcare Pvt. Ltd.,,,,Importer,Delhi,KOTRA_SNS_2025,식품/건강기능식품
210690,India,Shiv Sundari Organic pvt Ltd,,,,Importer,Delhi,KOTRA_SNS_2025,식품/건강기능식품
210690,IN,Raktherm,,,,Importer,Gurugram,KOTRA_SNS_2025,식품/건강기능식품
210690,IN,Thribhu inc,,,,Importer,Hyderabad,KOTRA_SNS_2025,식품/건강기능식품
210690,IN,T20 Finserv,,,,Importer,Navi Mumbai,KOTRA_SNS_2025,식품/건강기능식품
210690,IN,NB,,,,Importer,Mumbai,KOTRA_SNS_2025,식품/건강기능식품
210690,IN,Vyapar Loans,,,,Importer,Delhi,KOTRA_SNS_2025,식품/건강기능식품
210690,IN,,,,,Importer,Faridabad,KOTRA_SNS_2025,식품/건강기능식품
190219,India,FFD,,,,Importer,Mumbai,KOTRA_SNS_2025,식품/건강기능식품
190219,India,Saanvi Traders,,,,Importer,Delhi,KOTRA_SNS_2025,식품/건강기능식품
190219,IN,TPGlobal,,,,Importer,Mumbai,KOTRA_SNS_2025,식품/건강기능식품
190219,India,Heasy Foodworks LLP,,,,Importer,Bangalore,KOTRA_SNS_2025,식품/건강기능식품
190219,IN,wowmomo Foods Pvt,,,,Importer,Delhi,KOTRA_SNS_2025,식품/건강기능식품
190219,IN,KRT Foods Private Limited,,,,Importer,Delhi,KOTRA_SNS_2025,식품/건강기능식품
190219,IN,Kytero,,,,Importer,Delhi,KOTRA_SNS_2025,식품/건강기능식품
190219,India,TA consultancy services,,,,Importer,Delhi,KOTRA_SNS_2025,식품/건강기능식품
190219,IN,Manasand Agro,,,,Importer,Gurgaon,KOTRA_SNS_2025,식품/건강기능식품
190219,IN,Hungrs,,,,Importer,Bangalore,KOTRA_SNS_2025,식품/건강기능식품
190219,US,Andis factory,,,,Importer,chennai,KOTRA_SNS_2025,식품/건강기능식품
190219,IN,Tosh cuisine llp,,,,Importer,Mumbai,KOTRA_SNS_2025,식품/건강기능식품
190219,IN,Seven hills impex,,,,Importer,Chennai,KOTRA_SNS_2025,식품/건강기능식품
190219,IN,Accenture,,,,Importer,Chennai,KOTRA_SNS_2025,식품/건강기능식품
190219,IN,Staid Lifesciences Pvt Ltd,,,,Importer,Delhi,KOTRA_SNS_2025,식품/건강기능식품
190219,India,Yet to be registered,,,,Importer,New Delhi,KOTRA_SNS_2025,식품/건강기능식품
190219,IN,wowmomo Foods Pvt,,,,Importer,Delhi,KOTRA_SNS_2025,식품/건강기능식품
190219,United States,Saadhak Foundation,,,,Importer,New delhi,KOTRA_SNS_2025,식품/건강기능식품
190219,IN,Rohit kauntia Enterprises LLP,,,,Importer,Delhi,KOTRA_SNS_2025,식품/건강기능식품
190219,India,Sandwich junction,,,,Importer,Mumbai,KOTRA_SNS_2025,식품/건강기능식품
190219,IN,Asian Flyers,,,,Importer,Delhi,KOTRA_SNS_2025,식품/건강기능식품
190219,India,Reliable coats pvt ltd,,,,Importer,Indore,KOTRA_SNS_2025,식품/건강기능식품
190219,IN,Kaushal kumar,,,,Importer,Delhi,KOTRA_SNS_2025,식품/건강기능식품
190219,India,Vivaan E-Commerce Venture Private Limited,,,,Importer,Delhi,KOTRA_SNS_2025,식품/건강기능식품
190219,US,VM,,,,Importer,Delhi,KOTRA_SNS_2025,식품/건강기능식품
190219,IN,"Bangalore, India",,,,Importer,Bangalore,KOTRA_SNS_2025,식품/건강기능식품
190219,IN,SAURAN HEALTHCARE,,,,Importer,Bangalore,KOTRA_SNS_2025,식품/건강기능식품
190219,IN,OIPM,,,,Importer,New Delhi,KOTRA_SNS_2025,식품/건강기능식품
190219,IN,KRT Foods Private Limited,,,,Importer,Delhi,KOTRA_SNS_2025,식품/건강기능식품
190219,IN,BUQOO,,,,Importer,Bangalore,KOTRA_SNS_2025,식품/건강기능식품
190219,IN,Divine,,,,Importer,Mumbai,KOTRA_SNS_2025,식품/건강기능식품
190219,Philippines,SEOReseller,,,,Importer,Kharghar,KOTRA_SNS_2025,식품/건강기능식품
190219,IN,Reverclean Energy,,,,Importer,New Delhi,KOTRA_SNS_2025,식품/건강기능식품
190219,IN,Om,,,,Importer,Delhi,KOTRA_SNS_2025,식품/건강기능식품
190219,IN,VDS lifestyle,,,,Importer,Chennai,KOTRA_SNS_2025,식품/건강기능식품
190219,US,chandanmal kanhaiyalal,,,,Importer,delhi 110092,KOTRA_SNS_2025,식품/건강기능식품
190219,India,Times Internet,,,,Importer,Gurgaon,KOTRA_SNS_2025,식품/건강기능식품
190219,IN,KNG Food and Agriculture,,,,Importer,Mumbai,KOTRA_SNS_2025,식품/건강기능식품
190219,IN,SRI BAALAJI ENTERPRISES,,,,Importer,Chennai,KOTRA_SNS_2025,식품/건강기능식품
190219,IN,Aura Enterprises,,,,Importer,Delhi,KOTRA_SNS_2025,식품/건강기능식품
190219,IN,Amgu,,,,Importer,Mumbai,KOTRA_SNS_2025,식품/건강기능식품
190219,IN,Adh,,,,Importer,Bangalore,KOTRA_SNS_2025,식품/건강기능식품
190219,IN,Riddhi,,,,Importer,Mumbai,KOTRA_SNS_2025,식품/건강기능식품
190219,India,Mubarak enterprises,,,,Importer,Mannarkkad,KOTRA_SNS_2025,식품/건강기능식품
190219,IN,UVA TRADING & EXPORT CO,,,,Importer,Chennai,KOTRA_SNS_2025,식품/건강기능식품
190219,IN,Panacea life,,,,Importer,Delhi,KOTRA_SNS_2025,식품/건강기능식품
190219,IN,DND Exim Group,,,,Importer,Mumbai,KOTRA_SNS_2025,식품/건강기능식품
190219,IN,AquaEngineering Foodtech LLP,,,,Importer,Mumbai,KOTRA_SNS_2025,식품/건강기능식품
190219,India,Areva International,,,,Importer,New Delhi,KOTRA_SNS_2025,식품/건강기능식품
190219,IN,B,,,,Importer,English Hindi,KOTRA_SNS_2025,식품/건강기능식품
190219,IN,RUCHOKS,,,,Importer,Mumbai,KOTRA_SNS_2025,식품/건강기능식품
190219,IN,AVM Food Products,,,,Importer,Dindigul,KOTRA_SNS_2025,식품/건강기능식품
190219,IN,Shiru foods india private limited,,,,Importer,Bangalore,KOTRA_SNS_2025,식품/건강기능식품
190219,IN,Ledo,,,,Importer,Mumbai,KOTRA_SNS_2025,식품/건강기능식품
190219,IN,Feminine Threads,,,,Importer,Delhi,KOTRA_SNS_2025,식품/건강기능식품
190219,India,Asquare Retail LLP,,,,Importer,Pune,KOTRA_SNS_2025,식품/건강기능식품
190590,KO,Anna,,,,Importer,.,KOTRA_SNS_2025,식품/건강기능식품
190590,KO,Anna,,,,Importer,seoul,KOTRA_SNS_2025,식품/건강기능식품
210690,CN,"Dandong king run trading co., ltd.",,,,Importer,Liaoning,KOTRA_SNS_2025,식품/건강기능식품
210690,ru,IE Krekhova,,,,Importer,Vladivostok,KOTRA_SNS_2025,식품/건강기능식품
210690,ru,IE MATVEEVA (Skintime),,,,Importer,Yakutsk,KOTRA_SNS_2025,식품/건강기능식품
210690,ru,IE MATVEEVA (Skintime),,,,Importer,Yakutsk,KOTRA_SNS_2025,식품/건강기능식품
220299,CN,"BEIJING TIANZONGLIANGCAI TRADING CO., LTD",,,,Importer,Chengdu,KOTRA_SNS_2025,식품/건강기능식품
220299,CN,"WEIHAI SHENCHENG INTERNATIONAL TRADE CO.,LTD",,,,Importer,Chengdu,KOTRA_SNS_2025,식품/건강기능식품
220299,PH,BUFFALO,,,,Importer,sipalay city,KOTRA_SNS_2025,식품/건강기능식품
220299,PH,DA company,,,,Importer,Balingasag,KOTRA_SNS_2025,식품/건강기능식품
220299,PH,Wash N Go Car Wash,,,,Importer,sta.lucia,KOTRA_SNS_2025,식품/건강기능식품
220299,PH,,,,,Importer,Dapitan City,KOTRA_SNS_2025,식품/건강기능식품
220299,PH,GMA ABS-CBN & Tv5,,,,Importer,Dasmarias,KOTRA_SNS_2025,식품/건강기능식품
220299,PH,Dongallo corporation,,,,Importer,Aurora,KOTRA_SNS_2025,식품/건강기능식품
220299,PH,GOD FOLLOWERS,,,,Importer,Imus,KOTRA_SNS_2025,식품/건강기능식품
220299,PH,dphw Phil,,,,Importer,Pasig,KOTRA_SNS_2025,식품/건강기능식품
220299,PH,Crusty crab,,,,Importer,Quezon City,KOTRA_SNS_2025,식품/건강기능식품
220299,PH,none,,,,Importer,tanauan city,KOTRA_SNS_2025,식품/건강기능식품
220299,PH,"TAGKAWAYAN, QUEZON",,,,Importer,Tagkawayan,KOTRA_SNS_2025,식품/건강기능식품
220299,PH,Saavelo Executive Homes Corp.,,,,Importer,Zamboanga City,KOTRA_SNS_2025,식품/건강기능식품
220299,PH,Unitop Merchandise Inc. Cogon Cagayan de oro City,,,,Importer,Cagayan de Oro,KOTRA_SNS_2025,식품/건강기능식품
220299,PH,Smiles company,,,,Importer,h,KOTRA_SNS_2025,식품/건강기능식품
220299,FR,Naso,,,,Importer,Paris,KOTRA_SNS_2025,식품/건강기능식품
220299,PH,NINI Basics,,,,Importer,San Pedro City,KOTRA_SNS_2025,식품/건강기능식품
220299,PH,diving,,,,Importer,Pagsanjan,KOTRA_SNS_2025,식품/건강기능식품
220299,PH,,,,,Importer,Quezon City,KOTRA_SNS_2025,식품/건강기능식품
220299,PH,FAVA Inc.,,,,Importer,manila,KOTRA_SNS_2025,식품/건강기능식품
220299,PH,Fiesta Chills,,,,Importer,Baguio City,KOTRA_SNS_2025,식품/건강기능식품
220299,PH,Aura Ruz Trading,,,,Importer,Manila,KOTRA_SNS_2025,식품/건강기능식품
220299,PH,,,,,Importer,caloocan,KOTRA_SNS_2025,식품/건강기능식품
220299,PH,BMI,,,,Importer,Taytay,KOTRA_SNS_2025,식품/건강기능식품
220299,PH,Alphathea,,,,Importer,Makati,KOTRA_SNS_2025,식품/건강기능식품
220299,PH,K-Skin Wellness,,,,Importer,Quezon City,KOTRA_SNS_2025,식품/건강기능식품
220299,GL,Wolfdra sage inc,,,,Importer,Twin elven celestial city,KOTRA_SNS_2025,식품/건강기능식품
220299,TH,Kamiaii Beauty,,,,Importer,Phrae,KOTRA_SNS_2025,식품/건강기능식품
220299,DE,Dagaeva,,,,Importer,Forst (Lausizt),KOTRA_SNS_2025,식품/건강기능식품
220299,PH,JCLEV HOLDING GROUP LTD,,,,Importer,Paraaque,KOTRA_SNS_2025,식품/건강기능식품
210610,China,Shenzhen Anjie Yi Supply Chain Management Co.,,,,Importer,Hangzhou,KOTRA_SNS_2025,식품/건강기능식품
210610,China,Dongguan Yierkang Technology Co.,,,,Importer,Hangzhou,KOTRA_SNS_2025,식품/건강기능식품
210610,China,Chain State International Trade (Shenzhen) Co.,,,,Importer,Hangzhou,KOTRA_SNS_2025,식품/건강기능식품
210610,China,Anhui Harbor Pharmaceutical Co.,,,,Importer,Hangzhou,KOTRA_SNS_2025,식품/건강기능식품
210610,China,Shandong Gumaido Bio-technology Co.,,,,Importer,Hangzhou,KOTRA_SNS_2025,식품/건강기능식품
210610,China,Shandong Gulmadol Bio-technology Co.,,,,Importer,Hangzhou,KOTRA_SNS_2025,식품/건강기능식품
210610,China,Hunan Valley Diary Health Technology Co.,,,,Importer,Hangzhou,KOTRA_SNS_2025,식품/건강기능식품
210610,China,Yushan Xunkai E-commerce Co.,,,,Importer,Hangzhou,KOTRA_SNS_2025,식품/건강기능식품
210610,China,Shenzhen Huayue Food Trading Co.,,,,Importer,Hangzhou,KOTRA_SNS_2025,식품/건강기능식품
210610,China,Henan Shizhen Hanfang Pharmaceutical Technology Co.,,,,Importer,Hangzhou,KOTRA_SNS_2025,식품/건강기능식품
210610,China,Anhui Jiahong Health Industry Co.,,,,Importer,Hangzhou,KOTRA_SNS_2025,식품/건강기능식품
210610,China,Jiangxi Yukanglai Health Industry Co.,,,,Importer,Hangzhou,KOTRA_SNS_2025,식품/건강기능식품
210610,China,Linyi Hongxing Food Co.,,,,Importer,Hangzhou,KOTRA_SNS_2025,식품/건강기능식품
210610,China,Wuhan Mutual Benefit Trading Co.,,,,Importer,Hangzhou,KOTRA_SNS_2025,식품/건강기능식품
210610,China,Guangzhou Jiabei Health Biotechnology Co.,,,,Importer,Hangzhou,KOTRA_SNS_2025,식품/건강기능식품
210610,China,Xiamen Yangzhen Health Food Co.,,,,Importer,Hangzhou,KOTRA_SNS_2025,식품/건강기능식품
210610,China,Shenzhen Baichuan Cross-border Supply Chain Co.,,,,Importer,Hangzhou,KOTRA_SNS_2025,식품/건강기능식품
210610,China,Shanghai Chengding Supply Chain Management Co.,,,,Importer,Hangzhou,KOTRA_SNS_2025,식품/건강기능식품
210610,China,Simei Innovative Foods Co.,,,,Importer,Hangzhou,KOTRA_SNS_2025,식품/건강기능식품
210610,China,Hubei Renyuantang Pharmaceutical and Biological Engineering Co.,,,,Importer,Hangzhou,KOTRA_SNS_2025,식품/건강기능식품
210610,China,Anhui Jiahong Health Industry Co.,,,,Importer,Hangzhou,KOTRA_SNS_2025,식품/건강기능식품
210610,China,Henan Shizhen Hanfang Pharmaceutical Technology Co.,,,,Importer,Hangzhou,KOTRA_SNS_2025,식품/건강기능식품
220299,China,Gold Coast Pharmaceutical Biotechnology Co.,,,,Importer,Hangzhou,KOTRA_SNS_2025,식품/건강기능식품
220299,China,Jinan Seven Happiness Trading Co.,,,,Importer,Hangzhou,KOTRA_SNS_2025,식품/건강기능식품
220299,China,Suzhou Xinlai Feng Trading Co.,,,,Importer,Hangzhou,KOTRA_SNS_2025,식품/건강기능식품
220299,China,Originated from (Shenzhen) Trading Co.,,,,Importer,Hangzhou,KOTRA_SNS_2025,식품/건강기능식품
220299,China,Shanghai Mingpei International Trade Co.,,,,Importer,Hangzhou,KOTRA_SNS_2025,식품/건강기능식품
220299,China,Shanghai Mingpei International Trade Co.,,,,Importer,Hangzhou,KOTRA_SNS_2025,식품/건강기능식품
220299,China,Xinjiang Yarong International Trading Company,,,,Importer,Hangzhou,KOTRA_SNS_2025,식품/건강기능식품
220299,China,Zhixian Beauty Service (Nanjing) Co.,,,,Importer,Hangzhou,KOTRA_SNS_2025,식품/건강기능식품
220299,China,Guangzhou Yasong Cosmetics Manufacturing Co.,,,,Importer,Hangzhou,KOTRA_SNS_2025,식품/건강기능식품
220299,China,Zhengzhou Kelilai Bio-technology Co.,,,,Importer,Hangzhou,KOTRA_SNS_2025,식품/건강기능식품
220299,China,Guangzhou Yanduo Cosmetic Technology Co.,,,,Importer,Hangzhou,KOTRA_SNS_2025,식품/건강기능식품
220299,China,Guangzhou Elixir Cosmetics Co.,,,,Importer,Hangzhou,KOTRA_SNS_2025,식품/건강기능식품
220299,China,Guangzhou Baiyunshan Jingxiutang Pharmaceutical Co.,,,,Importer,Hangzhou,KOTRA_SNS_2025,식품/건강기능식품
220299,China,Guangzhou Baimei Industry Trading Co.,,,,Importer,Hangzhou,KOTRA_SNS_2025,식품/건강기능식품
220299,China,Guangzhou Yanshi Biotechnology Co.,,,,Importer,Hangzhou,KOTRA_SNS_2025,식품/건강기능식품
220299,China,Guangzhou Sanjun Cosmetics Co.,,,,Importer,Hangzhou,KOTRA_SNS_2025,식품/건강기능식품
220299,China,Shenzhen Chuangling Trading Co.,,,,Importer,Hangzhou,KOTRA_SNS_2025,식품/건강기능식품
220299,China,Guangzhou Xuan Shi Cosmetics Co.,,,,Importer,Hangzhou,KOTRA_SNS_2025,식품/건강기능식품
210690,China,Hangzhou Kangrun Health Technology Co.,,,,Importer,Hangzhou,KOTRA_SNS_2025,식품/건강기능식품
210690,China,Jiangxi Kangbao Pharmaceutical Biotechnology Co.,,,,Importer,Hangzhou,KOTRA_SNS_2025,식품/건강기능식품
210690,China,Suzhou Kangpeng Health Products Co.,,,,Importer,Hangzhou,KOTRA_SNS_2025,식품/건강기능식품
210690,China,Lite-On (Zhuhai) Health Foods Co.,,,,Importer,Hangzhou,KOTRA_SNS_2025,식품/건강기능식품
210690,China,Yongkang Kangche Health Technology Co.,,,,Importer,Hangzhou,KOTRA_SNS_2025,식품/건강기능식품
210690,China,Ningbo Haolei Intelligent Technology Co.,,,,Importer,Hangzhou,KOTRA_SNS_2025,식품/건강기능식품
210690,China,Foshan Xinda Yue Metal Products Co.,,,,Importer,Hangzhou,KOTRA_SNS_2025,식품/건강기능식품
210690,China,Weifang Xinrong Stone Co.,,,,Importer,Hangzhou,KOTRA_SNS_2025,식품/건강기능식품
210690,China,Bozhou Churentang Health Center Co.,,,,Importer,Hangzhou,KOTRA_SNS_2025,식품/건강기능식품
210690,China,Jiaozuo Dujun Guo Food Sales Co.,,,,Importer,Hangzhou,KOTRA_SNS_2025,식품/건강기능식품
210690,China,Yiwu Kangzhan Import & Export Co.,,,,Importer,Hangzhou,KOTRA_SNS_2025,식품/건강기능식품
220299,CN,"Qingdao Shengyuan Bingfeng Trading Co., LTD",,,,Importer,Chengdu,KOTRA_SNS_2025,식품/건강기능식품
210390,CA,Flying Fish Trading Inc.,,,,Importer,Richmond,KOTRA_SNS_2025,식품/건강기능식품
210390,CA,JMS NETWORK LTD.,,,,Importer,Vancouver,KOTRA_SNS_2025,식품/건강기능식품
210390,CA,Flying Fish Trading Inc.,,,,Importer,Richmond,KOTRA_SNS_2025,식품/건강기능식품
210390,CA,JMS NETWORK LTD.,,,,Importer,Vancouver,KOTRA_SNS_2025,식품/건강기능식품
210390,CA,Anvely,,,,Importer,Vancouver,KOTRA_SNS_2025,식품/건강기능식품
210690,CI,BADER GROUP INTER SARL,,,,Importer,ABIDJAN 21,KOTRA_SNS_2025,식품/건강기능식품
210690,HU,Planmed Kft.,,,,Importer,BUDAPEST,KOTRA_SNS_2025,식품/건강기능식품
210690,HU,P.R. Frdszoba Kft.,,,,Importer,BUDAPEST,KOTRA_SNS_2025,식품/건강기능식품
210690,HU,Min-Dent 69 Bt,,,,Importer,BUDAPEST,KOTRA_SNS_2025,식품/건강기능식품
210690,HU,Eurovill-Profi Kft.,,,,Importer,BUDAPEST,KOTRA_SNS_2025,식품/건강기능식품
210690,RU,IE Krekhova,,,,Importer,VLADIVOSTOK,KOTRA_SNS_2025,식품/건강기능식품
210690,RU,IE Krekhova,,,,Importer,VLADIVOSTOK,KOTRA_SNS_2025,식품/건강기능식품
220299,SOUTH AFRICA,PepsiCo,,,,Importer,ALL AREA,KOTRA_SNS_2025,식품/건강기능식품
190590,IN,Lorven Technologies Inc,,,,Importer,CHENNAI,KOTRA_SNS_2025,식품/건강기능식품
210690,HK,dnynlaxmi multi services,,,,Importer,CJATRPTISAMBHAJINAGAR,KOTRA_SNS_2025,식품/건강기능식품
190590,INDIA,Mahavir,,,,Importer,SURAT,KOTRA_SNS_2025,식품/건강기능식품
190590,INDIA,Chairman of the Board of Directors JJMEK Business Private Limited,,,,Importer,DELHI,KOTRA_SNS_2025,식품/건강기능식품
190590,INDIA,Karol Bagh New Delhi,,,,Importer,DELHI,KOTRA_SNS_2025,식품/건강기능식품
210690,IN,smilz,,,,Importer,GHAZIABAD,KOTRA_SNS_2025,식품/건강기능식품
190590,IN,My Own Business Institute,,,,Importer,CHENNAI,KOTRA_SNS_2025,식품/건강기능식품
190590,IN,NoT yET wOrKiNg sTilL iAm sTUdyInG,,,,Importer,LUDHIANA,KOTRA_SNS_2025,식품/건강기능식품
190590,US,Quick sip,,,,Importer,HYDERABAD,KOTRA_SNS_2025,식품/건강기능식품
190590,IN,Foodoo Bites Restaurant,,,,Importer,BANGALORE,KOTRA_SNS_2025,식품/건강기능식품
210690,IN,2pu surgicals pvt ltd,,,,Importer,BHUBANESWAR,KOTRA_SNS_2025,식품/건강기능식품
190590,IN,Sitamraju foods and beverages  LLP,,,,Importer,HYDERABAD,KOTRA_SNS_2025,식품/건강기능식품
190590,IN,h syiemlieh proprietorship,,,,Importer,SHILLONG,KOTRA_SNS_2025,식품/건강기능식품
210690,IN,Amrah traders,,,,Importer,HYDERABAD,KOTRA_SNS_2025,식품/건강기능식품
210690,INDIA,Top overseas,,,,Importer,CHANDIGARH,KOTRA_SNS_2025,식품/건강기능식품
190590,IN,Hewlett Packard Enterprise,,,,Importer,BANGALORE,KOTRA_SNS_2025,식품/건강기능식품
190590,IN,Tribal hills,,,,Importer,HYDERABAD,KOTRA_SNS_2025,식품/건강기능식품
190590,IN,VARAHE TRADERS,,,,Importer,VISAKHAPATNAM,KOTRA_SNS_2025,식품/건강기능식품
190590,IN,Food inc,,,,Importer,INDIA,KOTRA_SNS_2025,식품/건강기능식품
190590,IN,Kiran's,,,,Importer,VISAKHAPATNAM,KOTRA_SNS_2025,식품/건강기능식품
190590,IN,Sumeru Software Solutions,,,,Importer,BANGALORE,KOTRA_SNS_2025,식품/건강기능식품
210690,IN,Deepvin Pharmaceuticals Pvt. Ltd.,,,,Importer,LUCKNOW,KOTRA_SNS_2025,식품/건강기능식품
190590,IN,Slgk,,,,Importer,DELHI,KOTRA_SNS_2025,식품/건강기능식품
190590,INDIA,Spicejet Airlines,,,,Importer,DELHI,KOTRA_SNS_2025,식품/건강기능식품
190590,IN,allpack eng. works,,,,Importer,NEW DELHI,KOTRA_SNS_2025,식품/건강기능식품
190590,IN,New - Tech Engineers,,,,Importer,RAJKOT,KOTRA_SNS_2025,식품/건강기능식품
190590,IN,Facebook,,,,Importer,AMRITSAR,KOTRA_SNS_2025,식품/건강기능식품
190590,IN,INGS ENTERPRISE,,,,Importer,GUWAHATI,KOTRA_SNS_2025,식품/건강기능식품
190590,IN,L-comps & Impex Pvt Ltd,,,,Importer,BANGALORE,KOTRA_SNS_2025,식품/건강기능식품
190590,IN,Chola Enterprise,,,,Importer,CHENNAI,KOTRA_SNS_2025,식품/건강기능식품
210690,IN,Nsm,,,,Importer,TUMKUR,KOTRA_SNS_2025,식품/건강기능식품
190590,IN,Narayana beverages,,,,Importer,RAIGARH,KOTRA_SNS_2025,식품/건강기능식품
190590,IN,S.R.Traders,,,,Importer,GANDHINAGAR,KOTRA_SNS_2025,식품/건강기능식품
190590,IN,work,,,,Importer,HYDERABAD,KOTRA_SNS_2025,식품/건강기능식품
190590,IN,Senthuran,,,,Importer,TIRUNELVELI,KOTRA_SNS_2025,식품/건강기능식품
190590,INDIA,Stalks N Spice,,,,Importer,BANGALORE,KOTRA_SNS_2025,식품/건강기능식품
190590,BH,B.K.ENTERPRISES,,,,Importer,HUBLI,KOTRA_SNS_2025,식품/건강기능식품
190590,IN,Constructionskartservices,,,,Importer,BANGALORE,KOTRA_SNS_2025,식품/건강기능식품
190590,IN,Sonar gaon udhog,,,,Importer,KOLKATA,KOTRA_SNS_2025,식품/건강기능식품
190590,IN,Master Sys Tech Pvt Ltd,,,,Importer,CHENNAI,KOTRA_SNS_2025,식품/건강기능식품
190590,IN,Koriken,,,,Importer,BANGALORE,KOTRA_SNS_2025,식품/건강기능식품
190590,IN,Madhava group,,,,Importer,MORADABAD,KOTRA_SNS_2025,식품/건강기능식품
210690,IN,Brain Mind Behaviour Neurosciences Research Institute,,,,Importer,VISAKHAPATNAM,KOTRA_SNS_2025,식품/건강기능식품
210690,IN,Libra Overseas,,,,Importer,NAMAKKAL,KOTRA_SNS_2025,식품/건강기능식품
210690,IN,Sunshine medical service,,,,Importer,KOLKATA,KOTRA_SNS_2025,식품/건강기능식품
210690,INDIA,Kinlong Hardware India Pvt Ltd,,,,Importer,BANGALORE,KOTRA_SNS_2025,식품/건강기능식품
190590,GB,Freelancers in the UK,,,,Importer,LONDON,KOTRA_SNS_2025,식품/건강기능식품
190590,IN,Rohit Kauntia Enterprises LLP,,,,Importer,DELHI,KOTRA_SNS_2025,식품/건강기능식품
210690,IN,Dr.Manoos pharma,,,,Importer,HYDERABAD,KOTRA_SNS_2025,식품/건강기능식품
190590,IN,anshisfrozeneuphoria,,,,Importer,HYDERABAD,KOTRA_SNS_2025,식품/건강기능식품
190219,PK,No company,,,,Importer,CHINA TIANJIN,KOTRA_SNS_2025,식품/건강기능식품
210690,PK,G-Maan Enterprises,,,,Importer,PESHAWAR,KOTRA_SNS_2025,식품/건강기능식품
210690,PK,G-Maan Enterprises,,,,Importer,PESHAWAR,KOTRA_SNS_2025,식품/건강기능식품
190219,CI,ARREOPA EVOLUTION SARL,,,,Importer,ABIJAN,KOTRA_SNS_2025,식품/건강기능식품
190219,CI,AGRIVOIRE EXPORT SARL,,,,Importer,ABIDJAN,KOTRA_SNS_2025,식품/건강기능식품
210310,CN,"JIANGSU AIHUJIA HEALTH TECHNOLOGY CO., LTD.",,,,Importer,NANJING,KOTRA_SNS_2025,식품/건강기능식품
210310,CN,HONG KONG SARK TRADING LIMITED,,,,Importer,NANJING,KOTRA_SNS_2025,식품/건강기능식품
210310,CN,CHONGQING DUOMAIDUO TRADE CO LTD,,,,Importer,NANJING,KOTRA_SNS_2025,식품/건강기능식품
210310,CN,"NANJING LAI YAN YOU NETWORK TECHNOLOGY CO.,LTD",,,,Importer,NANJING,KOTRA_SNS_2025,식품/건강기능식품
210310,CN,HONG KONG CROSS BORDER TRADE INDUSTRY SERVICE CO LTD,,,,Importer,NANJING,KOTRA_SNS_2025,식품/건강기능식품
210310,CN,"LIANYUNGANG JULIET INTERNATIONAL TRADING CO., LTD.",,,,Importer,NANJING,KOTRA_SNS_2025,식품/건강기능식품
210310,CN,"LIANYUNGANG JDY CROSS-BORDER E-COMMERCE CO., LTD.",,,,Importer,NANJING,KOTRA_SNS_2025,식품/건강기능식품
210310,CN,OUTIMER CO LIMITED,,,,Importer,NANJING,KOTRA_SNS_2025,식품/건강기능식품
210310,CN,HAIKOU RENHONG SUPPLY CHAIN CO LTD,,,,Importer,NANJING,KOTRA_SNS_2025,식품/건강기능식품
210310,CN,"SHANGHAI JOEN INT'L TRADE CO.,LTD.",,,,Importer,NANJING,KOTRA_SNS_2025,식품/건강기능식품
210390,PH,Lipa City National High School,,,,Importer,LIPA CITY,KOTRA_SNS_2025,식품/건강기능식품
190590,VN,Cng ty TNHH STHERB VIT NAM,,,,Importer,HANOI,KOTRA_SNS_2025,식품/건강기능식품
190590,PH,Seoul Eats MNL,,,,Importer,MANILA,KOTRA_SNS_2025,식품/건강기능식품
190590,PH,gesdgsegsedgdeg,,,,Importer,RAGAY,KOTRA_SNS_2025,식품/건강기능식품
210690,PH,ceii,,,,Importer,MALABON,KOTRA_SNS_2025,식품/건강기능식품
190590,KH,KBank Phnom Penh Branch,,,,Importer,PHNOM PENH,KOTRA_SNS_2025,식품/건강기능식품
190590,PH,furniture,,,,Importer,TANDAG,KOTRA_SNS_2025,식품/건강기능식품
190590,PH,Wattpadg okhappy@gmail.com,,,,Importer,MANILA,KOTRA_SNS_2025,식품/건강기능식품
210690,PH,gsdgsdgsdgsdgesdsdegddsg,,,,Importer,SAN JOSE,KOTRA_SNS_2025,식품/건강기능식품
190590,KH,Borey Tyleang,,,,Importer,PHNOM PENH,KOTRA_SNS_2025,식품/건강기능식품
210390,KH,Yunyos com,,,,Importer,SIEMERAP,KOTRA_SNS_2025,식품/건강기능식품
190590,PH,gesdgsedgsedgsed,,,,Importer,MAGALANG,KOTRA_SNS_2025,식품/건강기능식품
190590,PH,Accuratek Solutions,,,,Importer,TAGUIG,KOTRA_SNS_2025,식품/건강기능식품
210690,PH,"""edi sa puso ng taong mahal qho!'""ddg",,,,Importer,BACOLOD CITY,KOTRA_SNS_2025,식품/건강기능식품
190590,KH,"Kfood Innovation., Co Ltd",,,,Importer,PHNOM PENH,KOTRA_SNS_2025,식품/건강기능식품
210390,PH,Smiles company,,,,Importer,H,KOTRA_SNS_2025,식품/건강기능식품
210690,PH,GODS GRACE,,,,Importer,QUEZON CITY,KOTRA_SNS_2025,식품/건강기능식품
190590,ID,Happy Life,,,,Importer,JAKARTA,KOTRA_SNS_2025,식품/건강기능식품
190590,PH,Mekanismlinkinsphere inc,,,,Importer,NEW CRONUS CELESTIAL CITY,KOTRA_SNS_2025,식품/건강기능식품
190590,KH,TopCare,,,,Importer,PHNOM PENH,KOTRA_SNS_2025,식품/건강기능식품
190590,PH,Renalita Lisondra,,,,Importer,CARMONA,KOTRA_SNS_2025,식품/건강기능식품
210390,PH,DA company,,,,Importer,BALINGASAGUK,KOTRA_SNS_2025,식품/건강기능식품
190590,PH,House and Hospital Case,,,,Importer,DAVAO CITY,KOTRA_SNS_2025,식품/건강기능식품
190590,PH,Veltakers crax enterprise,,,,Importer,NEW MALECION CELESTIAL CITY,KOTRA_SNS_2025,식품/건강기능식품
190590,PH,Anterwenx antallion inc,,,,Importer,NEW TWIN ISLAND  CITY CELESTIAL SANCTUARY,KOTRA_SNS_2025,식품/건강기능식품
210690,VN,V Th Vinh,,,,Importer,H NI,KOTRA_SNS_2025,식품/건강기능식품
210690,VN,"Ho Chi Minh City, Vietnam",,,,Importer,HO CHI MINH,KOTRA_SNS_2025,식품/건강기능식품
210690,VN,Dc liu Bnh Minh,,,,Importer,HANOI,KOTRA_SNS_2025,식품/건강기능식품
210690,AR,Nm 2003 hc Thit k Thi Trang ti TP Hi Phng,,,,Importer,HANOI,KOTRA_SNS_2025,식품/건강기능식품
210690,US,Keithallen239@gmail.com,,,,Importer,VALDOSTA GA 31601,KOTRA_SNS_2025,식품/건강기능식품
210690,US,Natures herbs,,,,Importer,WAUSAU,KOTRA_SNS_2025,식품/건강기능식품
210690,US,Statesman Journal,,,,Importer,SALEM,KOTRA_SNS_2025,식품/건강기능식품
210690,US,hairZ,,,,Importer,SPARTA,KOTRA_SNS_2025,식품/건강기능식품
210690,US,roca eterna,,,,Importer,HOUSTON,KOTRA_SNS_2025,식품/건강기능식품
210690,US,Nah,,,,Importer,ASHLAND,KOTRA_SNS_2025,식품/건강기능식품
210690,US,Gurrola Villa,,,,Importer,JOLIET,KOTRA_SNS_2025,식품/건강기능식품
210690,US,Reginakingsley mum Llc,,,,Importer,WILMINGTON,KOTRA_SNS_2025,식품/건강기능식품
210690,US,South University,,,,Importer,WAYCROSS,KOTRA_SNS_2025,식품/건강기능식품
210690,US,Monarch Records LLC,,,,Importer,ROCKY MOUNT,KOTRA_SNS_2025,식품/건강기능식품
220210,CN,"DOMAIN (FUJIAN) FOOD CO.,LTD.",,,,Importer,XIAMEN,KOTRA_SNS_2025,식품/건강기능식품
220210,CN,"Xiamen Sanwei Xuan Food Co., Ltd.",,,,Importer,XIAMEN,KOTRA_SNS_2025,식품/건강기능식품
220210,CN,"Guangzhou Nanfang Science and Technology Consulting Co., Ltd.",,,,Importer,XIAMEN,KOTRA_SNS_2025,식품/건강기능식품
220210,CN,Xiamen Trans Ocean Limited,,,,Importer,XIAMEN,KOTRA_SNS_2025,식품/건강기능식품
210390,RO,Della,,,,Importer,BUCURESTI,KOTRA_SNS_2025,식품/건강기능식품
210390,RO,Delicious by Evelyn srl,,,,Importer,BUCURESTI,KOTRA_SNS_2025,식품/건강기능식품
210390,RO,sc bostitch srl,,,,Importer,HUNEDOARA,KOTRA_SNS_2025,식품/건강기능식품
210390,RO,Food Land Galactic,,,,Importer,BAIA MARE,KOTRA_SNS_2025,식품/건강기능식품
210390,RO,Himera Vet Pet,,,,Importer,BUCURETI / BRILA,KOTRA_SNS_2025,식품/건강기능식품
210390,RO,i,,,,Importer,I,KOTRA_SNS_2025,식품/건강기능식품
210390,RO,Sc Temiz Activ  Srl,,,,Importer,PITESTI,KOTRA_SNS_2025,식품/건강기능식품
210390,RO,IV  TUDOR,,,,Importer,BUCURESTI,KOTRA_SNS_2025,식품/건강기능식품
210390,RO,A,,,,Importer,A,KOTRA_SNS_2025,식품/건강기능식품
210390,RO,ALPHA MEDICAL SERVICES DISTRIBUTION,,,,Importer,BUCHAREST,KOTRA_SNS_2025,식품/건강기능식품
210390,RO,Lee's Culinary,,,,Importer,TIMIOARA,KOTRA_SNS_2025,식품/건강기능식품
220290,HR,Plodine d.d.,,,,Importer,ZAGREB,KOTRA_SNS_2025,식품/건강기능식품
220299,HR,Plodine d.d.,,,,Importer,ZAGREB,KOTRA_SNS_2025,식품/건강기능식품
220299,HR,Plodine d.d.,,,,Importer,ZAGREB,KOTRA_SNS_2025,식품/건강기능식품
220299,HR,Plodine d.d.,,,,Importer,ZAGREB,KOTRA_SNS_2025,식품/건강기능식품
190219,RU,Oracle B&H,,,,Importer,VLADIVOSTOK,KOTRA_SNS_2025,식품/건강기능식품
190219,RU,Oracle B&H,,,,Importer,VLADIVOSTOK,KOTRA_SNS_2025,식품/건강기능식품
210390,RU,Oracle B&H,,,,Importer,VLADIVOSTOK,KOTRA_SNS_2025,식품/건강기능식품
210690,RU,Oracle B&H,,,,Importer,VLADIVOSTOK,KOTRA_SNS_2025,식품/건강기능식품
190219,RU,Oracle B&H,,,,Importer,VLADIVOSTOK,KOTRA_SNS_2025,식품/건강기능식품
190219,RU,Oracle B&H,,,,Importer,VLADIVOSTOK,KOTRA_SNS_2025,식품/건강기능식품
220299,VN,HUMA,,,,Importer,HO CHI MINH CITY,KOTRA_SNS_2025,식품/건강기능식품
210690,RO,Sarakie srl,,,,Importer,CHINA,KOTRA_SNS_2025,식품/건강기능식품
210690,RO,Avatto,,,,Importer,"CHINA, POLONIA, ITALIA",KOTRA_SNS_2025,식품/건강기능식품
210690,RO,Global View Medical Business,,,,Importer,"KOREA, ITALIA, GERMANIA, CHINA",KOTRA_SNS_2025,식품/건강기능식품
210390,RO,,,,,Importer,IASI,KOTRA_SNS_2025,식품/건강기능식품
210390,RO,persoana fizica,,,,Importer,BRASOV,KOTRA_SNS_2025,식품/건강기능식품
210390,RO,Fairview Imobiliare SRL,,,,Importer,BUCURESTI,KOTRA_SNS_2025,식품/건강기능식품
210390,RO,fhbfd,,,,Importer,DEVA,KOTRA_SNS_2025,식품/건강기능식품
210390,RO,top selection fast food,,,,Importer,TRGOVITE,KOTRA_SNS_2025,식품/건강기능식품
210390,RO,Japan tool group,,,,Importer,SIBIU,KOTRA_SNS_2025,식품/건강기능식품
210390,RO,Efekt Prod srl,,,,Importer,BUCURETI,KOTRA_SNS_2025,식품/건강기능식품
210390,RO,Wok,,,,Importer,TIMIOARA,KOTRA_SNS_2025,식품/건강기능식품
210390,RO,CASANDRA IMPEX SRL,,,,Importer,TARGU MURES,KOTRA_SNS_2025,식품/건강기능식품
210390,RO,Asociaia Vegania,,,,Importer,IAI,KOTRA_SNS_2025,식품/건강기능식품
210390,RO,Almada Invest,,,,Importer,CONSTANTA,KOTRA_SNS_2025,식품/건강기능식품
210390,RO,NORTHMAKERS CONSULTING SRL,,,,Importer,BUCURETI,KOTRA_SNS_2025,식품/건강기능식품
210390,RO,Tactical training,,,,Importer,BUCURESTI,KOTRA_SNS_2025,식품/건강기능식품
210390,RO,instalcaz,,,,Importer,BRAOV,KOTRA_SNS_2025,식품/건강기능식품
210390,RO,Colette Distribution,,,,Importer,CLUJ,KOTRA_SNS_2025,식품/건강기능식품
210390,RO,nu am,,,,Importer,BACAU,KOTRA_SNS_2025,식품/건강기능식품
210390,RO,Huuij,,,,Importer,HH,KOTRA_SNS_2025,식품/건강기능식품
210390,RO,AMC Pharma Solutions,,,,Importer,VOLUNTARI,KOTRA_SNS_2025,식품/건강기능식품
210390,RO,Inoveco,,,,Importer,BUCURESTI,KOTRA_SNS_2025,식품/건강기능식품
210390,RO,Agroland Consult SRL,,,,Importer,SIBIU,KOTRA_SNS_2025,식품/건강기능식품
210690,TW,Lin,,,,Importer,TAIPEI,KOTRA_SNS_2025,식품/건강기능식품
210690,TW,Is Lounge 嗜．香,,,,Importer,TAIPEI,KOTRA_SNS_2025,식품/건강기능식품
210690,TW,品國際事業有限公司,,,,Importer,TAIPEI,KOTRA_SNS_2025,식품/건강기능식품
210610,CHINA,"Liuma Biotechnology Co., Ltd.",,,,Importer,HANGZHOU,KOTRA_SNS_2025,식품/건강기능식품
220210,CHINA,Wing Fai Supermarket,,,,Importer,HANGZHOU,KOTRA_SNS_2025,식품/건강기능식품
220210,CHINA,HotMaxx for Sale,,,,Importer,HANGZHOU,KOTRA_SNS_2025,식품/건강기능식품
220210,CHINA,Wumi Supermarket,,,,Importer,HANGZHOU,KOTRA_SNS_2025,식품/건강기능식품
220210,CHINA,"Shanghai Suifang Trading Co., Ltd.",,,,Importer,HANGZHOU,KOTRA_SNS_2025,식품/건강기능식품
220210,CHINA,"Foshan Little Kitty Food Co., Ltd.",,,,Importer,HANGZHOU,KOTRA_SNS_2025,식품/건강기능식품
220210,CHINA,"Guangzhou Weiguangxi Trading Co., Ltd.",,,,Importer,HANGZHOU,KOTRA_SNS_2025,식품/건강기능식품
220210,CHINA,"Weihai Huazhuo Import and Export Co., Ltd.",,,,Importer,HANGZHOU,KOTRA_SNS_2025,식품/건강기능식품
220210,CHINA,"Jinan Qixi Trading Co., Ltd.",,,,Importer,HANGZHOU,KOTRA_SNS_2025,식품/건강기능식품
220210,CHINA,"SHANGHAI YUXIANG TRADING CO.,LTD.",,,,Importer,HANGZHOU,KOTRA_SNS_2025,식품/건강기능식품
220210,CHINA,"Changchun Huijia International Trading Co., Ltd.",,,,Importer,HANGZHOU,KOTRA_SNS_2025,식품/건강기능식품
220210,CHINA,"Shanghai Kesheng Trading Co., Ltd.",,,,Importer,HANGZHOU,KOTRA_SNS_2025,식품/건강기능식품
220210,CHINA,"Guangzhou Food & Beverage Trading Co., Ltd.",,,,Importer,HANGZHOU,KOTRA_SNS_2025,식품/건강기능식품
220210,CHINA,"Guangzhou Xingshuo Trading Co., Ltd.",,,,Importer,HANGZHOU,KOTRA_SNS_2025,식품/건강기능식품
220210,CHINA,"Green Leaf Biotechnology Co., Ltd.",,,,Importer,HANGZHOU,KOTRA_SNS_2025,식품/건강기능식품
220210,CHINA,"Beijing Jingdong Three Hundred Land E-Commerce Co., Ltd.",,,,Importer,HANGZHOU,KOTRA_SNS_2025,식품/건강기능식품
220210,CHINA,Shopping Mall,,,,Importer,HANGZHOU,KOTRA_SNS_2025,식품/건강기능식품
220210,CHINA,Alibaba Group Corporation,,,,Importer,HANGZHOU,KOTRA_SNS_2025,식품/건강기능식품
220210,CHINA,"Suning E-Shop Group Co., Ltd.",,,,Importer,HANGZHOU,KOTRA_SNS_2025,식품/건강기능식품
220210,CHINA,Keep(Keepland),,,,Importer,HANGZHOU,KOTRA_SNS_2025,식품/건강기능식품
220210,CHINA,SuperMonkey (Super Orangutan),,,,Importer,HANGZHOU,KOTRA_SNS_2025,식품/건강기능식품
220210,CHINA,Half day fish.,,,,Importer,HANGZHOU,KOTRA_SNS_2025,식품/건강기능식품
220210,CHINA,Lamb skewers a long time ago.,,,,Importer,HANGZHOU,KOTRA_SNS_2025,식품/건강기능식품
220210,CHINA,undersea fishing,,,,Importer,HANGZHOU,KOTRA_SNS_2025,식품/건강기능식품
210690,CHINA,"Shandong Zhu's Pharmaceutical Group Co., Ltd.",,,,Importer,HANGZHOU,KOTRA_SNS_2025,식품/건강기능식품
210690,CHINA,"Anhui Guanzheng Pharmaceutical Co., Ltd.",,,,Importer,HANGZHOU,KOTRA_SNS_2025,식품/건강기능식품
210690,CHINA,"Shandong Kegu Pharmaceutical Co., Ltd.",,,,Importer,HANGZHOU,KOTRA_SNS_2025,식품/건강기능식품
210690,CHINA,"Guangdong Borun Health Technology Co., Ltd.",,,,Importer,HANGZHOU,KOTRA_SNS_2025,식품/건강기능식품
210690,CHINA,"Chenguang Biotechnology Group Handan Co., Ltd.",,,,Importer,HANGZHOU,KOTRA_SNS_2025,식품/건강기능식품
210690,CHINA,"China Ocean Jinyuan (Xiamen) Industrial Co., Ltd.",,,,Importer,HANGZHOU,KOTRA_SNS_2025,식품/건강기능식품
210690,CHINA,"Henan Shizhen Hanfang Pharmaceutical Technology Co., Ltd.",,,,Importer,HANGZHOU,KOTRA_SNS_2025,식품/건강기능식품
210690,CHINA,"Henan Liangfang Pharmaceutical Co., Ltd.",,,,Importer,HANGZHOU,KOTRA_SNS_2025,식품/건강기능식품
210690,CHINA,"Anhui Huadu Pharmaceutical Co., Ltd.",,,,Importer,HANGZHOU,KOTRA_SNS_2025,식품/건강기능식품
210690,CHINA,"Guangzhou Changsheng Kang Biological Technology Co., Ltd.",,,,Importer,HANGZHOU,KOTRA_SNS_2025,식품/건강기능식품
210690,CHINA,"Anhui Dr. Heng Health Food Co., Ltd.",,,,Importer,HANGZHOU,KOTRA_SNS_2025,식품/건강기능식품
210690,CHINA,"NOKANG (Shandong) Health Industry Co., Ltd.",,,,Importer,HANGZHOU,KOTRA_SNS_2025,식품/건강기능식품
210690,CHINA,"Guangzhou Yushu Health Industry Co., Ltd.",,,,Importer,HANGZHOU,KOTRA_SNS_2025,식품/건강기능식품
210690,CHINA,"Anhui Quankang Pharmaceutical Co., Ltd.",,,,Importer,HANGZHOU,KOTRA_SNS_2025,식품/건강기능식품
210690,CHINA,"Shandong Yangchun Xinde Biotechnology Development Co., Ltd.",,,,Importer,HANGZHOU,KOTRA_SNS_2025,식품/건강기능식품
210690,CHINA,"Jiangxi Teyi Biopharmaceutical Co., Ltd.",,,,Importer,HANGZHOU,KOTRA_SNS_2025,식품/건강기능식품
210690,CHINA,XINERKANG BIOLOGICAL TECHNOLOGY LIMITED,,,,Importer,HANGZHOU,KOTRA_SNS_2025,식품/건강기능식품
210690,CHINA,"Guangdong Bai's Health Pharmaceutical Co., Ltd.",,,,Importer,HANGZHOU,KOTRA_SNS_2025,식품/건강기능식품
210690,CHINA,"Guangzhou Collin Biological Technology Co., Ltd.",,,,Importer,HANGZHOU,KOTRA_SNS_2025,식품/건강기능식품
210690,CHINA,"Jiaozuo Dajun Fruit Food Sales Co., Ltd.",,,,Importer,HANGZHOU,KOTRA_SNS_2025,식품/건강기능식품
220299,JP,BARUDA inc.,,,,Importer,SHIZUOKA,KOTRA_SNS_2025,식품/건강기능식품
220299,JP,BARUDA inc.,,,,Importer,SHIZUOKA,KOTRA_SNS_2025,식품/건강기능식품
210690,TW,聖格有限公司,,,,Importer,TAIPEI,KOTRA_SNS_2025,식품/건강기능식품
210390,CN,"Qingdao Free Trade Zone Sauce Book International Trade Co., Ltd",,,,Importer,HENAN,KOTRA_SNS_2025,식품/건강기능식품
210390,CN,"HEXI (HENAN) CATERING MANAGEMENT CO., LTD.",,,,Importer,HENAN,KOTRA_SNS_2025,식품/건강기능식품
210390,CN,"Zhengzhou International Hub Development and Construction Co., Ltd",,,,Importer,HENAN,KOTRA_SNS_2025,식품/건강기능식품
210690,US,Chanel,,,,Importer,WASHINGTON,KOTRA_SNS_2025,식품/건강기능식품
210690,US,Greenport Harbor Brewing co.,,,,Importer,PHILADELPHIA,KOTRA_SNS_2025,식품/건강기능식품
210690,KR,皇娛樂有限公司 Crown Entertainment Ltd.,,,,Importer,SEOUL,KOTRA_SNS_2025,식품/건강기능식품
210390,CN,Zhengzhou XingJiangRen Enterprise Management Consulting Co. Ltd,,,,Importer,HENAN,KOTRA_SNS_2025,식품/건강기능식품
210390,CN,Zhengzhou XingJiangRen Enterprise Management Consulting Co. Ltd,,,,Importer,HENAN,KOTRA_SNS_2025,식품/건강기능식품
210390,CN,"Zhengzhou International Hub Development and Construction Co., Ltd",,,,Importer,HENAN,KOTRA_SNS_2025,식품/건강기능식품
210690,MXICO,Grupo GL Agentes De Carga,,,,Importer,CIUDAD DE MXICO,KOTRA_SNS_2025,식품/건강기능식품
210690,MXICO,EPL Agente de Seguros,,,,Importer,CHIHUAHUA,KOTRA_SNS_2025,식품/건강기능식품
190219,CI,PROTEAMPHARM,,,,Importer,ABIDJAN,KOTRA_SNS_2025,식품/건강기능식품
210690,UNITED STATES OF AMERICA,KCOSERA,,,,Importer,BROOKLYN,KOTRA_SNS_2025,식품/건강기능식품
210690,MXICO,"KONECRANES MEXICO, S.A DE C.V.",,,,Importer,MXICO,KOTRA_SNS_2025,식품/건강기능식품
210690,MXICO,Laboratorios Columbia S.A. de C.V.,,,,Importer,LVARO OBREGN,KOTRA_SNS_2025,식품/건강기능식품
210690,MXICO,GRC Training2Grow,,,,Importer,TOLUCA,KOTRA_SNS_2025,식품/건강기능식품
210690,MXICO,Blessed Remedy Spirits,,,,Importer,CIUDAD DE MXICO,KOTRA_SNS_2025,식품/건강기능식품
210690,MXICO,Pierre Fabre,,,,Importer,CIUDAD DE MXICO,KOTRA_SNS_2025,식품/건강기능식품
210690,PH,jkdelapenia@gmail.com,,,,Importer,SANTA MARGARITA,KOTRA_SNS_2025,식품/건강기능식품
210690,KR,Geopro Global Solutions Inc,,,,Importer,ANGELES,KOTRA_SNS_2025,식품/건강기능식품
210690,VN,Newwind,,,,Importer,HANOI,KOTRA_SNS_2025,식품/건강기능식품
210690,GB,BuilTech,,,,Importer,LAHORE,KOTRA_SNS_2025,식품/건강기능식품
210690,MA,Shizengi Trading,,,,Importer,BANGKOK,KOTRA_SNS_2025,식품/건강기능식품
210690,PK,pharmazon,,,,Importer,PESHAWAR,KOTRA_SNS_2025,식품/건강기능식품
210690,PH,Ifoodsgroup inc,,,,Importer,MANILA,KOTRA_SNS_2025,식품/건강기능식품
210690,PK,safi enterprises,,,,Importer,PESHAWAR,KOTRA_SNS_2025,식품/건강기능식품
190220,AT,Mabuhay Kapamilya,,,,Importer,WIEN,KOTRA_SNS_2025,식품/건강기능식품
190220,TV,Lema & Bros Prosper Enterprise,,,,Importer,SUVA,KOTRA_SNS_2025,식품/건강기능식품
190220,FJ,KOREA CARGO (FIJI) PTE LTD,,,,Importer,SUVA,KOTRA_SNS_2025,식품/건강기능식품
190220,NZ,Self Employed,,,,Importer,AUCKLAND,KOTRA_SNS_2025,식품/건강기능식품
190220,NZ,Mana Store,,,,Importer,MANUKAU,KOTRA_SNS_2025,식품/건강기능식품
190220,FJ,Traders Pte Ltd Fiji,,,,Importer,LAUTOKA,KOTRA_SNS_2025,식품/건강기능식품
190230,AU,KOREA CONNECTIONS,,,,Importer,PERTH,KOTRA_SNS_2025,식품/건강기능식품
190230,AU,KAGRO NSW PTY LTD,,,,Importer,SYDNEY,KOTRA_SNS_2025,식품/건강기능식품
190230,AU,S&L GLOBAL,,,,Importer,SYDNEY,KOTRA_SNS_2025,식품/건강기능식품
190230,AU,Y&J CONNECT,,,,Importer,BRISBANE,KOTRA_SNS_2025,식품/건강기능식품
190230,AU,DH Promise Pty Ltd,,,,Importer,SYDNEY,KOTRA_SNS_2025,식품/건강기능식품
190230,AU,Jackiemum Trading,,,,Importer,SYDNEY,KOTRA_SNS_2025,식품/건강기능식품
190230,AU,KS Global Trading,,,,Importer,SYDNEY,KOTRA_SNS_2025,식품/건강기능식품
190230,AU,ASI TRADING,,,,Importer,SYDNEY,KOTRA_SNS_2025,식품/건강기능식품
190230,AU,ByAsia,,,,Importer,SYDNEY,KOTRA_SNS_2025,식품/건강기능식품
190590,JP,"KIYOTA SANGYO CO.,LTD.",,,,Importer,NAGOYA,KOTRA_SNS_2025,식품/건강기능식품
210390,CN,SUNNY TREND （HK) COMPANY LIMITED,,,,Importer,NANJING,KOTRA_SNS_2025,식품/건강기능식품
210690,CN,"Shenzhen Xinda Health Beverage Co., Ltd.",,,,Importer,SHENZHEN,KOTRA_SNS_2025,식품/건강기능식품
210690,CN,"SHENZHEN JINJIULONG TRADE CO., LTD",,,,Importer,SHENZHEN,KOTRA_SNS_2025,식품/건강기능식품
210690,GERMANY,sportfive.com,,,,Importer,FLENSBURG,KOTRA_SNS_2025,식품/건강기능식품
190230,VN,"XNK Minh Phat Co., Ltd",,,,Importer,HANOI,KOTRA_SNS_2025,식품/건강기능식품
190230,VN,"SALA Import Export Service Trading Co., Ltd",,,,Importer,HANOI,KOTRA_SNS_2025,식품/건강기능식품
190590,VN,"SALA Import Export Service Trading Co., Ltd",,,,Importer,HANOI,KOTRA_SNS_2025,식품/건강기능식품
210390,VN,"SALA Import Export Service Trading Co., Ltd",,,,Importer,HANOI,KOTRA_SNS_2025,식품/건강기능식품
210690,VN,"DNS Trading Co., Ltd",,,,Importer,HANOI,KOTRA_SNS_2025,식품/건강기능식품
210690,PK,A s trading co,,,,Importer,KHI,KOTRA_SNS_2025,식품/건강기능식품
210690,IN,Pretty birds food and hospitality llp,,,,Importer,CHANDIGARH,KOTRA_SNS_2025,식품/건강기능식품
210690,CA,7-STAR Group Of Companies,,,,Importer,CALGARY,KOTRA_SNS_2025,식품/건강기능식품
210690,IN,Aditya International,,,,Importer,AGRA,KOTRA_SNS_2025,식품/건강기능식품
210690,IN,HOCZ Lifestyle pvt ltd,,,,Importer,BANGALORE,KOTRA_SNS_2025,식품/건강기능식품
210690,IN,Pronamita Aqua Agro Ventures LLP,,,,Importer,KOLKATA,KOTRA_SNS_2025,식품/건강기능식품
210690,IN,Packraft Industries,,,,Importer,GHAZIABAD,KOTRA_SNS_2025,식품/건강기능식품
210690,IN,ARK,,,,Importer,THUCKALAY,KOTRA_SNS_2025,식품/건강기능식품
210690,IN,Business,,,,Importer,MADHUBANI,KOTRA_SNS_2025,식품/건강기능식품
210690,US,AVPL Holding,,,,Importer,BATTARAMULLA,KOTRA_SNS_2025,식품/건강기능식품
210690,IN,K Noms foods,,,,Importer,TIRUCHIRAPPALLI,KOTRA_SNS_2025,식품/건강기능식품
210690,IN,Vista Organic,,,,Importer,HYDERABAD,KOTRA_SNS_2025,식품/건강기능식품
210690,PK,majria travel,,,,Importer,GUJRAT,KOTRA_SNS_2025,식품/건강기능식품
210690,EC,DICEM,,,,Importer,CUENCA,KOTRA_SNS_2025,식품/건강기능식품
210690,IN,Nishant Logistics,,,,Importer,DELHI,KOTRA_SNS_2025,식품/건강기능식품
210690,PK,Gaziani Industries Private Limited,,,,Importer,ISLAMABAD,KOTRA_SNS_2025,식품/건강기능식품
210690,US,Togo,,,,Importer,CONCORD,KOTRA_SNS_2025,식품/건강기능식품
210690,PH,V.v.soliven,,,,Importer,MANILA,KOTRA_SNS_2025,식품/건강기능식품
210690,AU,Self Employed Business Owner,,,,Importer,MELBOURNE,KOTRA_SNS_2025,식품/건강기능식품
210690,TR,mindspark Solutions,,,,Importer,STANBUL,KOTRA_SNS_2025,식품/건강기능식품
210690,AU,TBC,,,,Importer,BRISBANE,KOTRA_SNS_2025,식품/건강기능식품
210690,IN,Ok,,,,Importer,OL,KOTRA_SNS_2025,식품/건강기능식품
210690,EC,Tempest,,,,Importer,GUAYAQUIL,KOTRA_SNS_2025,식품/건강기능식품
210690,TH,S V Worldwide Company,,,,Importer,BANGKOK,KOTRA_SNS_2025,식품/건강기능식품
210690,TH,Inteqc Global,,,,Importer,SAMUT SAKHON,KOTRA_SNS_2025,식품/건강기능식품
210690,AT,Mabuhay Kapamilya,,,,Importer,WIEN,KOTRA_SNS_2025,식품/건강기능식품
210690,US,oma,,,,Importer,MUSCAT,KOTRA_SNS_2025,식품/건강기능식품
210690,PK,AL-RAFIQUE Enterprises,,,,Importer,SARGODHA,KOTRA_SNS_2025,식품/건강기능식품
210690,IN,ALAKH MULTICRAFT (NEW START-UP),,,,Importer,JAMNAGAR,KOTRA_SNS_2025,식품/건강기능식품
210690,IN,Farmerette Health Foods Pvt Ltd,,,,Importer,MADURAI TAMILNADU,KOTRA_SNS_2025,식품/건강기능식품
210690,IN,a s v traders,,,,Importer,HYDERABAD,KOTRA_SNS_2025,식품/건강기능식품
210690,PH,University of Perpetual Help System Dalta,,,,Importer,LAS PINAS,KOTRA_SNS_2025,식품/건강기능식품
210690,IN,Ananshi Venture,,,,Importer,PATNA,KOTRA_SNS_2025,식품/건강기능식품
210690,BD,Global Goodwill Ambassadors - GGA,,,,Importer,DHAKA,KOTRA_SNS_2025,식품/건강기능식품
210690,US,Elysian EcoThread,,,,Importer,TAGBILARAN,KOTRA_SNS_2025,식품/건강기능식품
210690,IN,Umiyaji enterprise,,,,Importer,MORBI,KOTRA_SNS_2025,식품/건강기능식품
210690,ID,Jajanan Bunda Vanny,,,,Importer,TANGERANG,KOTRA_SNS_2025,식품/건강기능식품
210690,IN,Chippi,,,,Importer,TIRUCHIRAPPALLI,KOTRA_SNS_2025,식품/건강기능식품
210690,US,A,,,,Importer,US,KOTRA_SNS_2025,식품/건강기능식품
210690,US,Global Sales Chain,,,,Importer,FORT WORTH,KOTRA_SNS_2025,식품/건강기능식품
210690,PH,Clarone Nutriscience,,,,Importer,QUEZON CITY NCR,KOTRA_SNS_2025,식품/건강기능식품
210690,VN,Vinacacao,,,,Importer,HO CHI MINH CITY,KOTRA_SNS_2025,식품/건강기능식품
210690,ID,The New You Institute,,,,Importer,JAKARTA,KOTRA_SNS_2025,식품/건강기능식품
210690,TT,PVN IMPORTS,,,,Importer,SAN FERNANDO,KOTRA_SNS_2025,식품/건강기능식품
210690,US,adwearUSA,,,,Importer,SACRAMENTO,KOTRA_SNS_2025,식품/건강기능식품
210690,PK,Amazon.com,,,,Importer,MULTAN,KOTRA_SNS_2025,식품/건강기능식품
210690,TT,Synvise Ideas Marketing,,,,Importer,TACARIGUA,KOTRA_SNS_2025,식품/건강기능식품
210690,PK,ayub and sons,,,,Importer,CHINIOT,KOTRA_SNS_2025,식품/건강기능식품
210690,MY,Desa Farm Food,,,,Importer,SELANGOR,KOTRA_SNS_2025,식품/건강기능식품
210690,PK,gillani Trader's Abbottabad,,,,Importer,ABBOTTABAD,KOTRA_SNS_2025,식품/건강기능식품
210690,IN,Nilkath Infra,,,,Importer,DHORAJI,KOTRA_SNS_2025,식품/건강기능식품
210690,PH,Baytown's Produce,,,,Importer,MANILA,KOTRA_SNS_2025,식품/건강기능식품
210690,TT,ALMAS POULTRY FARM,,,,Importer,TOBAGO,KOTRA_SNS_2025,식품/건강기능식품
210690,ID,MAS JAYA & Co,,,,Importer,MAKASSAR,KOTRA_SNS_2025,식품/건강기능식품
210690,TT,KBC,,,,Importer,PORT OF SPAIN,KOTRA_SNS_2025,식품/건강기능식품
210690,IN,Unik realty,,,,Importer,HYDERABAD,KOTRA_SNS_2025,식품/건강기능식품
210690,HK,ECHO HK,,,,Importer,HONG KONG,KOTRA_SNS_2025,식품/건강기능식품
210690,IN,MetaWolrd EXIM,,,,Importer,BANGALORE,KOTRA_SNS_2025,식품/건강기능식품
210690,PH,Asia Food Expo,,,,Importer,MANILA,KOTRA_SNS_2025,식품/건강기능식품
210690,PH,mc wilson corporation,,,,Importer,MANILA,KOTRA_SNS_2025,식품/건강기능식품
210690,IN,Sangamithra Expressway,,,,Importer,CHENNAI,KOTRA_SNS_2025,식품/건강기능식품
210690,IN,Chairman,,,,Importer,SILIGURI,KOTRA_SNS_2025,식품/건강기능식품
210690,HK,Cotton Lane Caf & Company Limited,,,,Importer,HONG KONG,KOTRA_SNS_2025,식품/건강기능식품
210690,IN,Jsb greenware pvt ltd,,,,Importer,CHENNAI,KOTRA_SNS_2025,식품/건강기능식품
210690,PH,corecrate,,,,Importer,MANILA,KOTRA_SNS_2025,식품/건강기능식품
210690,IN,ShreeNath Marketing,,,,Importer,NEW DELHI,KOTRA_SNS_2025,식품/건강기능식품
210690,IN,Kamal Traders,,,,Importer,LUDHIANA,KOTRA_SNS_2025,식품/건강기능식품
210690,ID,Kampoeng Tani,,,,Importer,TUBAN,KOTRA_SNS_2025,식품/건강기능식품
210690,CO,Colfuturo,,,,Importer,BOGOT,KOTRA_SNS_2025,식품/건강기능식품
210690,US,Francois Int’l Co Ltd,,,,Importer,HONG KONG,KOTRA_SNS_2025,식품/건강기능식품
210690,US,Dasomina,,,,Importer,BOTHELL,KOTRA_SNS_2025,식품/건강기능식품
210690,US,buy4less,,,,Importer,TOPEKA,KOTRA_SNS_2025,식품/건강기능식품
210690,US,Kasia Market,,,,Importer,MONTGOMERY,KOTRA_SNS_2025,식품/건강기능식품
210690,US,DP N CO,,,,Importer,SAINT PAUL,KOTRA_SNS_2025,식품/건강기능식품
210690,CH,"BEIJING SD GLOBAL CO., LTD",,,,Importer,BEIJING,KOTRA_SNS_2025,식품/건강기능식품
210390,CN,SHANDONG DEYU OPITIMIZATION SUPPLY CHAIN CO LTD,,,,Importer,HENAN,KOTRA_SNS_2025,식품/건강기능식품
210390,CN,weihai delbung trade co ltd,,,,Importer,HENAN,KOTRA_SNS_2025,식품/건강기능식품
200990,CN,"HENAN UNIMARK SUPPLY CHAIN MANAGEMENGT CO,LTD",,,,Importer,HENAN,KOTRA_SNS_2025,식품/건강기능식품
210690,TH,Agaligo,,,,Importer,CHIANG MAI,KOTRA_SNS_2025,식품/건강기능식품
210690,TH,ABCthebaby,,,,Importer,BANGKOK,KOTRA_SNS_2025,식품/건강기능식품
190220,TH,r,,,,Importer,K,KOTRA_SNS_2025,식품/건강기능식품
210690,TH,"Go Online Agency Co.,Ltd.",,,,Importer,BANGKOK,KOTRA_SNS_2025,식품/건강기능식품
210690,TH,Betterday Agency,,,,Importer,BANGKOK,KOTRA_SNS_2025,식품/건강기능식품
210690,TH,TRR,,,,Importer,BANGKOK,KOTRA_SNS_2025,식품/건강기능식품
210690,TH,Mylifebrary,,,,Importer,BANGKOK,KOTRA_SNS_2025,식품/건강기능식품
210690,DE,Equinix,,,,Importer,FRANKFURT,KOTRA_SNS_2025,식품/건강기능식품
210690,TH,KROUNG THONG GROUP,,,,Importer,BANGKOK,KOTRA_SNS_2025,식품/건강기능식품
210690,TH,samutsongkram,,,,Importer,SAMUT SONGKHRAM,KOTRA_SNS_2025,식품/건강기능식품
210690,TH,dcsy,,,,Importer,BANG KAPI,KOTRA_SNS_2025,식품/건강기능식품
210690,TH,samurai& ninja,,,,Importer,BBK,KOTRA_SNS_2025,식품/건강기능식품
210690,IN,kamal,,,,Importer,MUMBAI,KOTRA_SNS_2025,식품/건강기능식품
210690,IN,Amit Bhagat & Associates,,,,Importer,MUMBAI,KOTRA_SNS_2025,식품/건강기능식품
210690,IN,suvidha foods,,,,Importer,MUMBAI,KOTRA_SNS_2025,식품/건강기능식품
220299,IN,Sachin,,,,Importer,MUMBAI,KOTRA_SNS_2025,식품/건강기능식품
220299,IN,gourmet greens and beans,,,,Importer,MUMBAI,KOTRA_SNS_2025,식품/건강기능식품
210690,IN,aroma Zaika,,,,Importer,MUMBAI,KOTRA_SNS_2025,식품/건강기능식품
220299,IN,Deepak Enterprises,,,,Importer,MUMBAI,KOTRA_SNS_2025,식품/건강기능식품
210690,IN,Parikh foods,,,,Importer,MUMBAI,KOTRA_SNS_2025,식품/건강기능식품
210690,IN,M/s Saptarshi Enterprises,,,,Importer,MUMBAI,KOTRA_SNS_2025,식품/건강기능식품
220299,IN,Kadvekar consultancy services pvt,,,,Importer,MUMBAI,KOTRA_SNS_2025,식품/건강기능식품
220299,IN,,,,,Importer,MUMBAI,KOTRA_SNS_2025,식품/건강기능식품
210690,IN,cafe Kaizen,,,,Importer,MUMBAI,KOTRA_SNS_2025,식품/건강기능식품
210690,IN,JLL India Pvt Ltd,,,,Importer,MUMBAI,KOTRA_SNS_2025,식품/건강기능식품
220299,IN,Cafe Nirvana tapovan,,,,Importer,MUMBAI,KOTRA_SNS_2025,식품/건강기능식품
210690,IN,M S Exporters & Trading Co.,,,,Importer,MUMBAI,KOTRA_SNS_2025,식품/건강기능식품
210690,IN,Excella General Trading,,,,Importer,MUMBAI,KOTRA_SNS_2025,식품/건강기능식품
220299,IN,C.M.W,,,,Importer,MUMBAI,KOTRA_SNS_2025,식품/건강기능식품
210690,IN,cavoulous,,,,Importer,MUMBAI,KOTRA_SNS_2025,식품/건강기능식품
210690,IN,self,,,,Importer,MUMBAI,KOTRA_SNS_2025,식품/건강기능식품
210690,IN,team Peninsular,,,,Importer,MUMBAI,KOTRA_SNS_2025,식품/건강기능식품
210690,IN,excella products corporation,,,,Importer,MUMBAI,KOTRA_SNS_2025,식품/건강기능식품
210690,IN,Hyderabad,,,,Importer,MUMBAI,KOTRA_SNS_2025,식품/건강기능식품
210690,IN,Frozano Solution,,,,Importer,MUMBAI,KOTRA_SNS_2025,식품/건강기능식품
210690,IN,zaams  foods,,,,Importer,MUMBAI,KOTRA_SNS_2025,식품/건강기능식품
210690,IN,The Maahi's Cafe,,,,Importer,MUMBAI,KOTRA_SNS_2025,식품/건강기능식품
220299,IN,Persistent Enterprises Pvt. Ltd.,,,,Importer,MUMBAI,KOTRA_SNS_2025,식품/건강기능식품
210690,IN,RGVG Tradelink LLP,,,,Importer,MUMBAI,KOTRA_SNS_2025,식품/건강기능식품
210690,IN,Mumbai,,,,Importer,MUMBAI,KOTRA_SNS_2025,식품/건강기능식품
210690,IN,ZAR THE GOLD TRADING COMPANY,,,,Importer,MUMBAI,KOTRA_SNS_2025,식품/건강기능식품
220299,IN,KRISHNA INDUSTRIES,,,,Importer,MUMBAI,KOTRA_SNS_2025,식품/건강기능식품
210690,IN,AMIGO CONNECT,,,,Importer,MUMBAI,KOTRA_SNS_2025,식품/건강기능식품
220299,IN,CHOUDHARY TRADERS,,,,Importer,MUMBAI,KOTRA_SNS_2025,식품/건강기능식품
210690,IN,ramen Convenience store,,,,Importer,MUMBAI,KOTRA_SNS_2025,식품/건강기능식품
210690,IN,Flavours Hug,,,,Importer,MUMBAI,KOTRA_SNS_2025,식품/건강기능식품
210690,IN,Gourmet Tales Co,,,,Importer,MUMBAI,KOTRA_SNS_2025,식품/건강기능식품
210690,IN,RPSG Group,,,,Importer,MUMBAI,KOTRA_SNS_2025,식품/건강기능식품
210690,IN,J & D Kamath & Co,,,,Importer,MUMBAI,KOTRA_SNS_2025,식품/건강기능식품
220299,IN,Bombay Couture Week,,,,Importer,MUMBAI,KOTRA_SNS_2025,식품/건강기능식품
220299,IN,Fitness through food,,,,Importer,MUMBAI,KOTRA_SNS_2025,식품/건강기능식품
220299,IN,KPMG India,,,,Importer,MUMBAI,KOTRA_SNS_2025,식품/건강기능식품
210690,IN,Potburlecuisinepvtltd,,,,Importer,MUMBAI,KOTRA_SNS_2025,식품/건강기능식품
220299,IN,Studying,,,,Importer,MUMBAI,KOTRA_SNS_2025,식품/건강기능식품
210690,IN,Umbartha Karndak,,,,Importer,MUMBAI,KOTRA_SNS_2025,식품/건강기능식품
210690,IN,Desi khao Champaran meat house,,,,Importer,MUMBAI,KOTRA_SNS_2025,식품/건강기능식품
220299,IN,,,,,Importer,MUMBAI,KOTRA_SNS_2025,식품/건강기능식품
220299,IN,VR,,,,Importer,MUMBAI,KOTRA_SNS_2025,식품/건강기능식품
220299,IN,AM Company,,,,Importer,MUMBAI,KOTRA_SNS_2025,식품/건강기능식품
220299,IN,G,,,,Importer,MUMBAI,KOTRA_SNS_2025,식품/건강기능식품
220299,IN,HSAG Consulting Private Limited,,,,Importer,MUMBAI,KOTRA_SNS_2025,식품/건강기능식품
220299,IN,HDFC,,,,Importer,MUMBAI,KOTRA_SNS_2025,식품/건강기능식품
220299,IN,Shilpachavan22,,,,Importer,MUMBAI,KOTRA_SNS_2025,식품/건강기능식품
210690,IN,Kitchen@21,,,,Importer,MUMBAI,KOTRA_SNS_2025,식품/건강기능식품
210690,IN,Futures First,,,,Importer,MUMBAI,KOTRA_SNS_2025,식품/건강기능식품
210690,IN,Nagpur,,,,Importer,MUMBAI,KOTRA_SNS_2025,식품/건강기능식품
220299,IN,Nhi pta,,,,Importer,MUMBAI,KOTRA_SNS_2025,식품/건강기능식품
220299,IN,Dhanush,,,,Importer,MUMBAI,KOTRA_SNS_2025,식품/건강기능식품
220299,IN,No,,,,Importer,MUMBAI,KOTRA_SNS_2025,식품/건강기능식품
220299,IN,Dazl,,,,Importer,MUMBAI,KOTRA_SNS_2025,식품/건강기능식품
220299,IN,Enhops,,,,Importer,MUMBAI,KOTRA_SNS_2025,식품/건강기능식품
210690,IN,Budbak,,,,Importer,MUMBAI,KOTRA_SNS_2025,식품/건강기능식품
210690,IN,Freelancer,,,,Importer,MUMBAI,KOTRA_SNS_2025,식품/건강기능식품
220299,IN,Bombucha,,,,Importer,MUMBAI,KOTRA_SNS_2025,식품/건강기능식품
210690,IN,Good Food Traders,,,,Importer,MUMBAI,KOTRA_SNS_2025,식품/건강기능식품
210690,IN,Student,,,,Importer,MUMBAI,KOTRA_SNS_2025,식품/건강기능식품
210690,IN,Owm,,,,Importer,MUMBAI,KOTRA_SNS_2025,식품/건강기능식품
210690,IN,Newshop,,,,Importer,MUMBAI,KOTRA_SNS_2025,식품/건강기능식품
220299,IN,Tsukoli distributors,,,,Importer,MUMBAI,KOTRA_SNS_2025,식품/건강기능식품
220299,IN,Onedote Pvt Ltd,,,,Importer,MUMBAI,KOTRA_SNS_2025,식품/건강기능식품
220299,IN,Own business,,,,Importer,MUMBAI,KOTRA_SNS_2025,식품/건강기능식품
220299,IN,Farwah interior,,,,Importer,MUMBAI,KOTRA_SNS_2025,식품/건강기능식품
210690,IN,ShreeNath Marketing,,,,Importer,MUMBAI,KOTRA_SNS_2025,식품/건강기능식품
210690,IN,M&M Hospitality,,,,Importer,MUMBAI,KOTRA_SNS_2025,식품/건강기능식품
210690,IN,Deepak kitchen novelty Nebhani market Banjari chowk Raipur,,,,Importer,MUMBAI,KOTRA_SNS_2025,식품/건강기능식품
220299,IN,"DFC PVT LTD.,",,,,Importer,MUMBAI,KOTRA_SNS_2025,식품/건강기능식품
220299,IN,Navgun global,,,,Importer,MUMBAI,KOTRA_SNS_2025,식품/건강기능식품
210690,IN,G S ENTERPRISES,,,,Importer,MUMBAI,KOTRA_SNS_2025,식품/건강기능식품
210690,IN,Pashupatinatha Mercantile Corp LLP,,,,Importer,MUMBAI,KOTRA_SNS_2025,식품/건강기능식품
210690,IN,RBL,,,,Importer,MUMBAI,KOTRA_SNS_2025,식품/건강기능식품
210690,IN,Agrofood,,,,Importer,MUMBAI,KOTRA_SNS_2025,식품/건강기능식품
220299,IN,Vtechfoods,,,,Importer,MUMBAI,KOTRA_SNS_2025,식품/건강기능식품
220299,IN,ACD Makers,,,,Importer,MUMBAI,KOTRA_SNS_2025,식품/건강기능식품
210690,IN,Bowlful,,,,Importer,MUMBAI,KOTRA_SNS_2025,식품/건강기능식품
210690,IN,Student,,,,Importer,MUMBAI,KOTRA_SNS_2025,식품/건강기능식품
220299,IN,Rk,,,,Importer,MUMBAI,KOTRA_SNS_2025,식품/건강기능식품
210690,IN,Smart Systems and Solution,,,,Importer,MUMBAI,KOTRA_SNS_2025,식품/건강기능식품
220299,IN,Mhowly Hospitality & services pvt Ltd,,,,Importer,MUMBAI,KOTRA_SNS_2025,식품/건강기능식품
210690,IN,Barako,,,,Importer,MUMBAI,KOTRA_SNS_2025,식품/건강기능식품
210690,IN,Udaan,,,,Importer,MUMBAI,KOTRA_SNS_2025,식품/건강기능식품
220299,IN,"Jaipur, Rajasthan",,,,Importer,MUMBAI,KOTRA_SNS_2025,식품/건강기능식품
220299,IN,Arteker India Pvt Ltd,,,,Importer,MUMBAI,KOTRA_SNS_2025,식품/건강기능식품
220299,IN,Radhe Foods,,,,Importer,MUMBAI,KOTRA_SNS_2025,식품/건강기능식품
220299,IN,WgS,,,,Importer,MUMBAI,KOTRA_SNS_2025,식품/건강기능식품
210690,IN,Tenderite Meats,,,,Importer,MUMBAI,KOTRA_SNS_2025,식품/건강기능식품
220299,IN,Meera International,,,,Importer,MUMBAI,KOTRA_SNS_2025,식품/건강기능식품
210690,IN,Supreme Enterprise,,,,Importer,MUMBAI,KOTRA_SNS_2025,식품/건강기능식품
220299,JP,Saneicorporation Inc,,,,Importer,OSAKA,KOTRA_SNS_2025,식품/건강기능식품
220299,JP,"PICA Co.,Ltd",,,,Importer,TOKYO,KOTRA_SNS_2025,식품/건강기능식품
220299,JP,"PICA Co.,Ltd",,,,Importer,OSAKA,KOTRA_SNS_2025,식품/건강기능식품
220299,YE,Draiver car,,,,Importer,CRATER,KOTRA_SNS_2025,식품/건강기능식품
220299,EG,Smart Tech Kits company,,,,Importer,CAIRO,KOTRA_SNS_2025,식품/건강기능식품
220299,EG,nanodorf,,,,Importer,CAIRO,KOTRA_SNS_2025,식품/건강기능식품
220299,EG,hoo,,,,Importer,PORT SAID,KOTRA_SNS_2025,식품/건강기능식품
220299,AD,Dentist,,,,Importer,CAIRO,KOTRA_SNS_2025,식품/건강기능식품
220299,AF,733729340,,,,Importer,AK,KOTRA_SNS_2025,식품/건강기능식품
220299,YE,allohakim,,,,Importer,SANAA,KOTRA_SNS_2025,식품/건강기능식품
220299,YE,YANABEE YEMEN&GULF GENERAL TRADING,,,,Importer,SANA'A,KOTRA_SNS_2025,식품/건강기능식품
220299,EG,ASRT,,,,Importer,CAIRO,KOTRA_SNS_2025,식품/건강기능식품
220299,US,Panda,,,,Importer,AMMAN,KOTRA_SNS_2025,식품/건강기능식품
220299,SG,indoguna singapore,,,,Importer,SINGAPORE,KOTRA_SNS_2025,식품/건강기능식품
220299,SG,Sudhir,,,,Importer,SINGAPORE,KOTRA_SNS_2025,식품/건강기능식품
220299,US,wipe your mouth moblie catering,,,,Importer,MONROE,KOTRA_SNS_2025,식품/건강기능식품
220299,US,ok,,,,Importer,OK,KOTRA_SNS_2025,식품/건강기능식품
220299,US,ok,,,,Importer,OK,KOTRA_SNS_2025,식품/건강기능식품
220299,US,sst,,,,Importer,TE,KOTRA_SNS_2025,식품/건강기능식품
220299,KR,皇娛樂 Crown Entertainment,,,,Importer,SEOUL,KOTRA_SNS_2025,식품/건강기능식품
220299,HK,hongkong,,,,Importer,KOWLOON,KOTRA_SNS_2025,식품/건강기능식품
220299,US,none,,,,Importer,SD,KOTRA_SNS_2025,식품/건강기능식품
220299,US,compagnie Amis,,,,Importer,MONTRAL,KOTRA_SNS_2025,식품/건강기능식품
220299,US,Maisonlein,,,,Importer,BILLINGS,KOTRA_SNS_2025,식품/건강기능식품
220299,US,30 Records LLC,,,,Importer,THE BRONX,KOTRA_SNS_2025,식품/건강기능식품
190590,US,Fastex distributor,,,,Importer,CHANDLER,KOTRA_SNS_2025,식품/건강기능식품
220299,US,dgsdegsrtgrst4gG,,,,Importer,DEVGSRDVGSRF,KOTRA_SNS_2025,식품/건강기능식품
220299,US,Ltd,,,,Importer,DFDFDSFZDFGASD,KOTRA_SNS_2025,식품/건강기능식품
190590,US,Garys,,,,Importer,NEW YORK,KOTRA_SNS_2025,식품/건강기능식품
220299,US,fbhgftebgtrhgfr,,,,Importer,GSDEZGSDEZGSDZG,KOTRA_SNS_2025,식품/건강기능식품
190590,US,Buffington,,,,Importer,PARKERSBURG,KOTRA_SNS_2025,식품/건강기능식품
190590,US,Bout Dat Life,,,,Importer,TRENTON,KOTRA_SNS_2025,식품/건강기능식품
220299,US,Beauty and more boutique,,,,Importer,INVERNESS,KOTRA_SNS_2025,식품/건강기능식품
190590,US,Stephanie Vazquez,,,,Importer,LANCASTER,KOTRA_SNS_2025,식품/건강기능식품
190590,US,DFGSDHJ4TRHDFGGDDF,,,,Importer,DFDAFADFADSGM@GMAIL.COM,KOTRA_SNS_2025,식품/건강기능식품
190590,US,Ltd,,,,Importer,EERTRT@WEERETRT.HTRY,KOTRA_SNS_2025,식품/건강기능식품
220299,RU,Ankee,,,,Importer,MOSCOW,KOTRA_SNS_2025,식품/건강기능식품
220299,TH,yes,,,,Importer,SAMUT PRAKAN,KOTRA_SNS_2025,식품/건강기능식품
220299,US,Phoenix FA,,,,Importer,YE,KOTRA_SNS_2025,식품/건강기능식품
190590,US,18592007284,,,,Importer,RICHMOND,KOTRA_SNS_2025,식품/건강기능식품
220299,US,30344,,,,Importer,ATLANTA,KOTRA_SNS_2025,식품/건강기능식품
190590,US,be my eyes,,,,Importer,BENTON,KOTRA_SNS_2025,식품/건강기능식품
220299,TH,pipat Gems and Accessories,,,,Importer,BANGKOK,KOTRA_SNS_2025,식품/건강기능식품
190590,US,Tomodachi,,,,Importer,SAINT PAUL,KOTRA_SNS_2025,식품/건강기능식품
220299,US,Dean supplies,,,,Importer,ORANGE,KOTRA_SNS_2025,식품/건강기능식품
220299,US,halie's kitchen,,,,Importer,NEW ORLEANS,KOTRA_SNS_2025,식품/건강기능식품
190590,US,Texas Commission 250,,,,Importer,MARSHALL,KOTRA_SNS_2025,식품/건강기능식품
220299,JP,仕事  B,,,,Importer,YOKOHAMA,KOTRA_SNS_2025,식품/건강기능식품
190590,TH,Karane company,,,,Importer,BANGKOK,KOTRA_SNS_2025,식품/건강기능식품
220299,US,ABC freshMart,,,,Importer,DES MOINES,KOTRA_SNS_2025,식품/건강기능식품
190590,US,Ltd,,,,Importer,YES,KOTRA_SNS_2025,식품/건강기능식품
190590,US,Ltd,,,,Importer,LADWN18@GMAIL.COM,KOTRA_SNS_2025,식품/건강기능식품
220299,US,Bebop Korean Mexican Grill,,,,Importer,FAIRFAX,KOTRA_SNS_2025,식품/건강기능식품
220299,US,"Stay at home,wife,mom and grandma",,,,Importer,POPLAR BULFF,KOTRA_SNS_2025,식품/건강기능식품
190590,KR,Jaebee market,,,,Importer,DAEGU,KOTRA_SNS_2025,식품/건강기능식품
190590,US,Supreme Phoenix 3000 inc.,,,,Importer,ATLANTA,KOTRA_SNS_2025,식품/건강기능식품
220299,TH,Beyond Food Expo,,,,Importer,BANGKOK,KOTRA_SNS_2025,식품/건강기능식품
220299,TH,Ltd,,,,Importer,BANGKOK,KOTRA_SNS_2025,식품/건강기능식품
220299,US,Creek  33,,,,Importer,THAYRATN.BINTHALUBAN@KXNGKAR.OR.TH,KOTRA_SNS_2025,식품/건강기능식품
190590,US,safeway,,,,Importer,MAPLE VALLEY,KOTRA_SNS_2025,식품/건강기능식품
190590,US,Bardai enterprise,,,,Importer,ATLANTA,KOTRA_SNS_2025,식품/건강기능식품
190590,US,Exoticsnackhub,,,,Importer,CHICAGO,KOTRA_SNS_2025,식품/건강기능식품
220299,US,wrvefwregdsdfC,,,,Importer,WEYRHRTWE,KOTRA_SNS_2025,식품/건강기능식품
220299,US,Retiredtyttuaukyfsdasdjkyvreyt,,,,Importer,ORLANDO56REREEWDFG,KOTRA_SNS_2025,식품/건강기능식품
220299,US,cbs,,,,Importer,CHNKNANTH07@WRLEISRATN.CO.TH,KOTRA_SNS_2025,식품/건강기능식품
190590,TH,samurai& ninja,,,,Importer,BBK,KOTRA_SNS_2025,식품/건강기능식품
190590,US,미주 알라스카 베델한인,,,,Importer,BETHEL,KOTRA_SNS_2025,식품/건강기능식품
190590,US,K Global,,,,Importer,PUYALLUP,KOTRA_SNS_2025,식품/건강기능식품
220299,US,Apartment,,,,Importer,MARINETTE,KOTRA_SNS_2025,식품/건강기능식품
220299,US,Saveco wholesale,,,,Importer,STOCKTON,KOTRA_SNS_2025,식품/건강기능식품
190590,US,Pantheon,,,,Importer,BROWNS MILLS,KOTRA_SNS_2025,식품/건강기능식품
190590,TH,Jagota Thailand,,,,Importer,BANGKOK,KOTRA_SNS_2025,식품/건강기능식품
190590,TH,Inteqc Global,,,,Importer,SAMUT SAKHON,KOTRA_SNS_2025,식품/건강기능식품
220299,US,Consultare Inc.,,,,Importer,TOMBALL,KOTRA_SNS_2025,식품/건강기능식품
220299,ID,Toko Kain Katun Berkwalitas,,,,Importer,BANDUNG SATU,KOTRA_SNS_2025,식품/건강기능식품
220299,HK,Tesa,,,,Importer,HONG KONG,KOTRA_SNS_2025,식품/건강기능식품
220299,TH,ssssssssfssdgsdgGGGg,,,,Importer,BANGKOK,KOTRA_SNS_2025,식품/건강기능식품
220299,PH,ON Semiconductor,,,,Importer,STO TOMAS,KOTRA_SNS_2025,식품/건강기능식품
220299,KR,링고로코,,,,Importer,SEOUL,KOTRA_SNS_2025,식품/건강기능식품
220299,PH,Ucjcjxbdns,,,,Importer,PAGADIAN CITY,KOTRA_SNS_2025,식품/건강기능식품
220299,ID,Indonesia,,,,Importer,INDRAMAYU,KOTRA_SNS_2025,식품/건강기능식품
220299,VN,Thnh ph H Ch Minh,,,,Importer,QUANG NGAI,KOTRA_SNS_2025,식품/건강기능식품
220299,US,Julia Eberl,,,,Importer,SDVGVGVGVGVGSRVGS,KOTRA_SNS_2025,식품/건강기능식품
220299,US,dgstrfgfr5gdJg,,,,Importer,SONGKRANTHIA@GMIL.COM,KOTRA_SNS_2025,식품/건강기능식품
220299,PH,Divine crescent silver sabertooth enterprise,,,,Importer,NEW CANQUEEN HIGTREE CELESTIAL SANCTUARY,KOTRA_SNS_2025,식품/건강기능식품
220299,TH,dvgsdgvsfrtg,,,,Importer,BANGKOK,KOTRA_SNS_2025,식품/건강기능식품
220299,PH,ky,,,,Importer,CALAUAG,KOTRA_SNS_2025,식품/건강기능식품
220299,TH,Thai Caribbean Trading Co Ltd,,,,Importer,BANGKOK,KOTRA_SNS_2025,식품/건강기능식품
220299,ID,One World,,,,Importer,MEDAN,KOTRA_SNS_2025,식품/건강기능식품
220299,US,"Atlanta, Georgia",,,,Importer,ATLANTA,KOTRA_SNS_2025,식품/건강기능식품
220299,PH,SA PUSO MO,,,,Importer,CLARIN,KOTRA_SNS_2025,식품/건강기능식품
220299,US,Hindang Public Market,,,,Importer,HINDANG LEYTE,KOTRA_SNS_2025,식품/건강기능식품
220299,US,Ltd,,,,Importer,YES,KOTRA_SNS_2025,식품/건강기능식품
220299,PH,St Michael Man Power Agency,,,,Importer,CEBU CITY,KOTRA_SNS_2025,식품/건강기능식품
220299,US,Foodex,,,,Importer,JAKARTA,KOTRA_SNS_2025,식품/건강기능식품
220299,US,PT,,,,Importer,JKT,KOTRA_SNS_2025,식품/건강기능식품
220299,ID,Surya,,,,Importer,300382,KOTRA_SNS_2025,식품/건강기능식품
220299,PH,Gladyscaibigan1@gmail.com@gmail.com,,,,Importer,CALOOCAN GLADYSCAIBIGAN@OUTLOOK.COM,KOTRA_SNS_2025,식품/건강기능식품
220299,PH,jkdelapenia@gmail.com,,,,Importer,SANTA MARGARITA,KOTRA_SNS_2025,식품/건강기능식품
220299,TH,"Plusmax Engineering Co.,ltd",,,,Importer,BANGKOK,KOTRA_SNS_2025,식품/건강기능식품
220299,PH,Aurum Car Rental Services,,,,Importer,MARIKINA CITY,KOTRA_SNS_2025,식품/건강기능식품
220299,PH,Big Tech Company,,,,Importer,QUEZON CITY,KOTRA_SNS_2025,식품/건강기능식품
220299,PH,none,,,,Importer,PHILLIPINES,KOTRA_SNS_2025,식품/건강기능식품
220299,PH,station7 convenience store,,,,Importer,BACOOR,KOTRA_SNS_2025,식품/건강기능식품
220299,PH,artesyn,,,,Importer,I,KOTRA_SNS_2025,식품/건강기능식품
220299,ID,awani nature,,,,Importer,BEKASI,KOTRA_SNS_2025,식품/건강기능식품
220299,HK,y,,,,Importer,HONG KONG,KOTRA_SNS_2025,식품/건강기능식품
220299,ID,AGR Ltd,,,,Importer,BANDUNG,KOTRA_SNS_2025,식품/건강기능식품
220299,PH,Hospital,,,,Importer,J,KOTRA_SNS_2025,식품/건강기능식품
220299,US,Unikly,,,,Importer,BATANGAS,KOTRA_SNS_2025,식품/건강기능식품
220299,ID,no,,,,Importer,JAKARTA,KOTRA_SNS_2025,식품/건강기능식품
220299,PH,smdc,,,,Importer,BACOOR,KOTRA_SNS_2025,식품/건강기능식품
220299,AG,Ggv,,,,Importer,NJ,KOTRA_SNS_2025,식품/건강기능식품
220299,PH,Divine crimson cresentsword heavenly mystic enterprise,,,,Importer,NEW TWIN ALVION CELESTIAL LABYRINTH,KOTRA_SNS_2025,식품/건강기능식품
220299,TH,Kpl,,,,Importer,AMPHOE BAN PHAI,KOTRA_SNS_2025,식품/건강기능식품
220299,ID,PT. Megah Marmer,,,,Importer,YOGYAKARTA CITY,KOTRA_SNS_2025,식품/건강기능식품
220299,ID,dszvgsdzvgsdzg,,,,Importer,BANDAR LAMPUNG,KOTRA_SNS_2025,식품/건강기능식품
220299,US,Jika,,,,Importer,HONG KONG,KOTRA_SNS_2025,식품/건강기능식품
220299,PH,Divine crescent silver sabertooth enterprise,,,,Importer,NEW CANQUEEN HIGTREE CELESTIAL SANCTUARY,KOTRA_SNS_2025,식품/건강기능식품
220299,NL,https://help.instagram.com/409847499070242/helpref=uf_share,,,,Importer,900,KOTRA_SNS_2025,식품/건강기능식품
220299,PH,Greener Enterprizes,,,,Importer,QUEZON CITY,KOTRA_SNS_2025,식품/건강기능식품
220299,US,SFASDFDAS,,,,Importer,SEDGSDEGDE,KOTRA_SNS_2025,식품/건강기능식품
220299,US,dgstrfgfr5gdJg,,,,Importer,SONGKRANTHIA@GMIL.COM,KOTRA_SNS_2025,식품/건강기능식품
220299,ID,81373507268,,,,Importer,SIBOLGA,KOTRA_SNS_2025,식품/건강기능식품
220299,RU,Dhd,,,,Importer,PARIS,KOTRA_SNS_2025,식품/건강기능식품
220299,VN,Kim,,,,Importer,HO CHI MINH CITY,KOTRA_SNS_2025,식품/건강기능식품
220299,US,Ltd,,,,Importer,GD,KOTRA_SNS_2025,식품/건강기능식품
220299,US,amerika,,,,Importer,LAMPUNG,KOTRA_SNS_2025,식품/건강기능식품
220299,ID,Indonesia,,,,Importer,INDONESIA,KOTRA_SNS_2025,식품/건강기능식품
220299,ID,Atomy Cambodia-,,,,Importer,BEKASI,KOTRA_SNS_2025,식품/건강기능식품
220299,ID,YAN TV,,,,Importer,KRIAN  KEBOHARAN RT 01 RW01 KB SIDOARJO JAWA TIMUR KAK,KOTRA_SNS_2025,식품/건강기능식품
220299,PH,none,,,,Importer,MANILA,KOTRA_SNS_2025,식품/건강기능식품
220299,US,Facebook,,,,Importer,IMUS,KOTRA_SNS_2025,식품/건강기능식품
220299,ID,no,,,,Importer,JAKARTA,KOTRA_SNS_2025,식품/건강기능식품
220299,US,PT,,,,Importer,JKT,KOTRA_SNS_2025,식품/건강기능식품
220299,ID,.,,,,Importer,.,KOTRA_SNS_2025,식품/건강기능식품
220299,ID,PT.Mencari Uang yang Berkah,,,,Importer,TEGAL,KOTRA_SNS_2025,식품/건강기능식품
220299,ID,jg,,,,Importer,DEPOK,KOTRA_SNS_2025,식품/건강기능식품
220299,US,PT Best,,,,Importer,WAY KANAN,KOTRA_SNS_2025,식품/건강기능식품
220299,DE,British Thai Trading,,,,Importer,BANGKOK,KOTRA_SNS_2025,식품/건강기능식품
220299,ID,45261,,,,Importer,CIREBON,KOTRA_SNS_2025,식품/건강기능식품
220299,PH,Facebook,,,,Importer,MALABON CITY,KOTRA_SNS_2025,식품/건강기능식품
220299,AF,PT YANI,,,,Importer,KOTA MANDALUYONG,KOTRA_SNS_2025,식품/건강기능식품
220299,PH,artesyn,,,,Importer,I,KOTRA_SNS_2025,식품/건강기능식품
220299,PH,Seoul eats mnl,,,,Importer,PASIG,KOTRA_SNS_2025,식품/건강기능식품
220299,ID,subianto,,,,Importer,K,KOTRA_SNS_2025,식품/건강기능식품
220299,PH,Unahco,,,,Importer,TAGUIG,KOTRA_SNS_2025,식품/건강기능식품
220299,ID,ahsh5lz,,,,Importer,BOJONEGORO,KOTRA_SNS_2025,식품/건강기능식품
220299,US,Creek  33,,,,Importer,THAYRATN.BINTHALUBAN@KXNGKAR.OR.TH,KOTRA_SNS_2025,식품/건강기능식품
220299,PH,jkdelapenia@gmail.com,,,,Importer,SANTA MARGARITA,KOTRA_SNS_2025,식품/건강기능식품
220299,PH,Hospital,,,,Importer,J,KOTRA_SNS_2025,식품/건강기능식품
220299,PH,trinity,,,,Importer,MANILA,KOTRA_SNS_2025,식품/건강기능식품
220299,US,Bjc tour,,,,Importer,IMUS,KOTRA_SNS_2025,식품/건강기능식품
220299,PH,FOOTHILLS REALTY & DEVELOPMENT CORP.,,,,Importer,DAVAO CITY,KOTRA_SNS_2025,식품/건강기능식품
220299,PH,none,,,,Importer,PHILLIPINES,KOTRA_SNS_2025,식품/건강기능식품
220299,US,集境,,,,Importer,SKYLINE,KOTRA_SNS_2025,식품/건강기능식품
220299,US,Ltd,,,,Importer,"34483    , 52710",KOTRA_SNS_2025,식품/건강기능식품
220299,KR,karzhauovmeirambek91@gmail.com,,,,Importer,SEOUL,KOTRA_SNS_2025,식품/건강기능식품
220299,ID,karyawan swasta,,,,Importer,SURABAYA,KOTRA_SNS_2025,식품/건강기능식품
220299,GB,Trade And Consultancy House Ltd,,,,Importer,LONDON,KOTRA_SNS_2025,식품/건강기능식품
210690,ID,piter gobai,,,,Importer,NABIRE,KOTRA_SNS_2025,식품/건강기능식품
220299,HK,Tesa,,,,Importer,HONG KONG,KOTRA_SNS_2025,식품/건강기능식품
220299,ID,Wiraswasta Mandiri,,,,Importer,BANYUMAS,KOTRA_SNS_2025,식품/건강기능식품
220299,ID,Pangkas rambut ucu aap,,,,Importer,KETAPANG KECIL,KOTRA_SNS_2025,식품/건강기능식품
220299,ID,RS Prof Kandow Malalayang Menado,,,,Importer,MANADO,KOTRA_SNS_2025,식품/건강기능식품
210690,MX,BizyPro,,,,Importer,TULUM,KOTRA_SNS_2025,식품/건강기능식품
220299,ID,PT. ASTRA MOTOR,,,,Importer,MAKASSAR CITY,KOTRA_SNS_2025,식품/건강기능식품
220299,LK,new name@new job thinking..shiping job.,,,,Importer,WELIGAMA,KOTRA_SNS_2025,식품/건강기능식품
220299,ID,Cakrawala Healt Education,,,,Importer,BULUKUMBA,KOTRA_SNS_2025,식품/건강기능식품
210690,GB,spring freash 2000,,,,Importer,CHORLEY,KOTRA_SNS_2025,식품/건강기능식품
220299,ID,fhhghhh,,,,Importer,JAKARTA,KOTRA_SNS_2025,식품/건강기능식품
220299,ID,Indonesia,,,,Importer,INDRAMAYU,KOTRA_SNS_2025,식품/건강기능식품
210690,ID,Indonesia,,,,Importer,KUPANG,KOTRA_SNS_2025,식품/건강기능식품
220299,US,hgff,,,,Importer,AAA,KOTRA_SNS_2025,식품/건강기능식품
220299,ID,Cipta Agung Persada,,,,Importer,PALU,KOTRA_SNS_2025,식품/건강기능식품
210690,ID,ndy,,,,Importer,TANGERANG,KOTRA_SNS_2025,식품/건강기능식품
220299,ID,"PT GudangGaram group, PTPodo Moro Group",,,,Importer,"BACEM PONGGOK BLITAR, PONGGOK REGANCY, EAST JAVAID",KOTRA_SNS_2025,식품/건강기능식품
220299,ID,MUHAMMAD BAYU SATRiA,,,,Importer,KOTA PADANG,KOTRA_SNS_2025,식품/건강기능식품
210690,US,cnnj,,,,Importer,VHGHHY,KOTRA_SNS_2025,식품/건강기능식품
220299,US,Jika,,,,Importer,HONG KONG,KOTRA_SNS_2025,식품/건강기능식품
220299,IN,Empire Group,,,,Importer,CUTTACK,KOTRA_SNS_2025,식품/건강기능식품
220299,ID,Indomarco Prismatama,,,,Importer,SORONG,KOTRA_SNS_2025,식품/건강기능식품
210690,MX,Jeha iluminacin.,,,,Importer,CANCUN,KOTRA_SNS_2025,식품/건강기능식품
220299,IN,Business intelligent,,,,Importer,BANGALORE,KOTRA_SNS_2025,식품/건강기능식품
220299,ID,Zyaland Digiretail Global,,,,Importer,JAKARTA,KOTRA_SNS_2025,식품/건강기능식품
210690,US,QOHHAR,,,,Importer,SURABAYA GUBENG,KOTRA_SNS_2025,식품/건강기능식품
210690,ID,h,,,,Importer,JEPARA,KOTRA_SNS_2025,식품/건강기능식품
210690,MX,Alkamarket,,,,Importer,LA MANZANILLA,KOTRA_SNS_2025,식품/건강기능식품
220299,US,majujaya,,,,Importer,LAMPUNG TENGAH,KOTRA_SNS_2025,식품/건강기능식품
220299,LK,srilanka,,,,Importer,BANDARAGAMA,KOTRA_SNS_2025,식품/건강기능식품
220299,ID,Wiraswasta Mandiri,,,,Importer,BANYUMAS,KOTRA_SNS_2025,식품/건강기능식품
220299,IL,Bram Cell,,,,Importer,TEL AVIV,KOTRA_SNS_2025,식품/건강기능식품
220299,IN,TCS,,,,Importer,BENGALURU,KOTRA_SNS_2025,식품/건강기능식품
210690,US,Ltd,,,,Importer,PPP,KOTRA_SNS_2025,식품/건강기능식품
220299,US,majumundur,,,,Importer,LAMPUNG,KOTRA_SNS_2025,식품/건강기능식품
210690,ID,no,,,,Importer,JAKARTA,KOTRA_SNS_2025,식품/건강기능식품
220299,ID,YAN TV,,,,Importer,KRIAN  KEBOHARAN RT 01 RW01 KB SIDOARJO JAWA TIMUR KAK,KOTRA_SNS_2025,식품/건강기능식품
220299,LK,NDB Investment Bank Limited,,,,Importer,COLOMBO,KOTRA_SNS_2025,식품/건강기능식품
220299,US,PT,,,,Importer,JKT,KOTRA_SNS_2025,식품/건강기능식품
210690,US,siva,,,,Importer,913301404V,KOTRA_SNS_2025,식품/건강기능식품
220299,LK,Senior Engineer - Automation Design,,,,Importer,JA ELA,KOTRA_SNS_2025,식품/건강기능식품
220299,US,jun,,,,Importer,NABIRE,KOTRA_SNS_2025,식품/건강기능식품
210690,IN,J,,,,Importer,PUNE,KOTRA_SNS_2025,식품/건강기능식품
220299,ID,PT. Rajawali Pacific Internusa,,,,Importer,JAKARTA,KOTRA_SNS_2025,식품/건강기능식품
220299,IN,WPP,,,,Importer,BANGALORE,KOTRA_SNS_2025,식품/건강기능식품
220299,IN,S.A.S.EXIM INTERNATIONAL,,,,Importer,BANGALORE,KOTRA_SNS_2025,식품/건강기능식품
220299,IN,Doonic,,,,Importer,BANGALORE,KOTRA_SNS_2025,식품/건강기능식품
220299,US,protpoti,,,,Importer,TUES,KOTRA_SNS_2025,식품/건강기능식품
220299,US,Hoopla Advertising,,,,Importer,7,KOTRA_SNS_2025,식품/건강기능식품
210690,ID,subianto,,,,Importer,K,KOTRA_SNS_2025,식품/건강기능식품
210690,ID,non,,,,Importer,WELAHAN,KOTRA_SNS_2025,식품/건강기능식품
220299,LK,Finch Foods,,,,Importer,COLOMBO,KOTRA_SNS_2025,식품/건강기능식품
210690,ID,nn,,,,Importer,SEMARANG,KOTRA_SNS_2025,식품/건강기능식품
220299,ID,ahsh5lz,,,,Importer,BOJONEGORO,KOTRA_SNS_2025,식품/건강기능식품
220299,IN,Rejoice collection,,,,Importer,DELHI,KOTRA_SNS_2025,식품/건강기능식품
220299,US,Saffron Freelance Services LLP,,,,Importer,KOLKATA,KOTRA_SNS_2025,식품/건강기능식품
220299,ID,PT.Mencari Uang yang Berkah,,,,Importer,TEGAL,KOTRA_SNS_2025,식품/건강기능식품
220299,LK,Sabith&co international pvt Ltd,,,,Importer,KALMUNAI,KOTRA_SNS_2025,식품/건강기능식품
220299,ID,jg,,,,Importer,DEPOK,KOTRA_SNS_2025,식품/건강기능식품
220299,VN,Van,,,,Importer,VIN,KOTRA_SNS_2025,식품/건강기능식품
220299,KR,皇娛樂 Crown Entertainment,,,,Importer,SEOUL,KOTRA_SNS_2025,식품/건강기능식품
220299,AF,Phimsexmassagehiepdamnhatban.com.vn,,,,Importer,PHIMSEXMASSAGEHIEPDAMNHATBAN@GMAIL.COM,KOTRA_SNS_2025,식품/건강기능식품
220299,KR,Me,,,,Importer,SEOUL,KOTRA_SNS_2025,식품/건강기능식품
210690,ETHIOPIA,Government of Ethiopia,,,,Importer,ADDIS ABABA,KOTRA_SNS_2025,식품/건강기능식품
210690,ETHIOPIA,Harar Brewery Share Company,,,,Importer,ETHIOPIA,KOTRA_SNS_2025,식품/건강기능식품
210690,INDIA,BIOCON PHARMA LIMITED,,,,Importer,BENGALURU,KOTRA_SNS_2025,식품/건강기능식품
210690,ECUADOR,Biolcom,,,,Importer,QUITO METROPOLITAN AREA,KOTRA_SNS_2025,식품/건강기능식품
210690,ETHIOPIA,Coulomb Electro Mechanical,,,,Importer,ADDIS ABABA,KOTRA_SNS_2025,식품/건강기능식품
210690,EGYPT,kamara,,,,Importer,MOSHTOHOR,KOTRA_SNS_2025,식품/건강기능식품
210690,INDONESIA,Aplikasi Super (YC W18),,,,Importer,SURABAYA,KOTRA_SNS_2025,식품/건강기능식품
210690,INDIA,The MindSmith,,,,Importer,GURGAON,KOTRA_SNS_2025,식품/건강기능식품
210690,TRKIYE,Freelance,,,,Importer,ISTANBUL,KOTRA_SNS_2025,식품/건강기능식품
210690,ID,asata,,,,Importer,INDONESIA,KOTRA_SNS_2025,식품/건강기능식품
210690,TR,Doruk Estetik,,,,Importer,ANKARA,KOTRA_SNS_2025,식품/건강기능식품
210690,MA,Meli Sevilla,,,,Importer,CASABLANCA,KOTRA_SNS_2025,식품/건강기능식품
210690,US,Trade,,,,Importer,CAIRO,KOTRA_SNS_2025,식품/건강기능식품
210690,JO,AMHHco.,,,,Importer,AMMAN,KOTRA_SNS_2025,식품/건강기능식품
210690,EG,Globe Expertise,,,,Importer,CAIRO,KOTRA_SNS_2025,식품/건강기능식품
210690,US,any,,,,Importer,THNH PH H CH MINH,KOTRA_SNS_2025,식품/건강기능식품
210690,PK,Merck Private Limited,,,,Importer,KASUR,KOTRA_SNS_2025,식품/건강기능식품
210690,SY,n.d,,,,Importer,DAMASCUS,KOTRA_SNS_2025,식품/건강기능식품
210690,IN,Terravertex Innovation,,,,Importer,MYSORE,KOTRA_SNS_2025,식품/건강기능식품
210690,IN,"IEEE Student Branch, Munnar",,,,Importer,PALGHAT,KOTRA_SNS_2025,식품/건강기능식품
210690,PY,Family Global,,,,Importer,DEL ESTE,KOTRA_SNS_2025,식품/건강기능식품
210690,EC,Bioplusmedical,,,,Importer,QUITO,KOTRA_SNS_2025,식품/건강기능식품
210690,EG,Sakkary CNC Machines,,,,Importer,CAIRO,KOTRA_SNS_2025,식품/건강기능식품
210690,IN,SOLO COLLECTION,,,,Importer,SENAPATI DISTRICT MANIPUR,KOTRA_SNS_2025,식품/건강기능식품
210690,EC,Icebeats,,,,Importer,QUITO,KOTRA_SNS_2025,식품/건강기능식품
210690,TR,Foodimpex,,,,Importer,IZMIR,KOTRA_SNS_2025,식품/건강기능식품
210690,IN,Heda's Cafe,,,,Importer,MUMBAI,KOTRA_SNS_2025,식품/건강기능식품
210690,IN,Zedess distributor,,,,Importer,MYSURU,KOTRA_SNS_2025,식품/건강기능식품
210690,MM,"Natural Farm Fresh Myanmar Co., Ltd.",,,,Importer,YANGON,KOTRA_SNS_2025,식품/건강기능식품
210690,JO,We Meds,,,,Importer,AMMAN,KOTRA_SNS_2025,식품/건강기능식품
210690,IN,Ecosankalp,,,,Importer,BERHAMPUR,KOTRA_SNS_2025,식품/건강기능식품
210690,PK,7Cs Digital Solutions - Pvt Ltd.,,,,Importer,SGR,KOTRA_SNS_2025,식품/건강기능식품
210690,LK,Sahara Holdings,,,,Importer,COLOMBO,KOTRA_SNS_2025,식품/건강기능식품
210690,KH,Liexara Beauty,,,,Importer,PHNOM PENH,KOTRA_SNS_2025,식품/건강기능식품
210690,US,Arusha city council,,,,Importer,KAGERA,KOTRA_SNS_2025,식품/건강기능식품
210690,EC,Twidoo,,,,Importer,QUITO,KOTRA_SNS_2025,식품/건강기능식품
210690,SA,Saudi Arabia,,,,Importer,JEDDAH,KOTRA_SNS_2025,식품/건강기능식품
210690,BD,Managing director,,,,Importer,DHAKA,KOTRA_SNS_2025,식품/건강기능식품
210690,IN,Falak international,,,,Importer,INDORE,KOTRA_SNS_2025,식품/건강기능식품
210690,QA,Aldar,,,,Importer,DOHA,KOTRA_SNS_2025,식품/건강기능식품
210690,ET,El El Trading PLC,,,,Importer,ADDIS ABABA,KOTRA_SNS_2025,식품/건강기능식품
210690,IN,ShreeNath Marketing,,,,Importer,DELHI,KOTRA_SNS_2025,식품/건강기능식품
210690,IN,Dr.patki,,,,Importer,SURAT,KOTRA_SNS_2025,식품/건강기능식품
210690,IN,Gg,,,,Importer,BHAVNAGAR,KOTRA_SNS_2025,식품/건강기능식품
210690,IN,SPT FOODS,,,,Importer,RUDRAPUR,KOTRA_SNS_2025,식품/건강기능식품
210690,PK,Farmer and business man,,,,Importer,PESHAWAR,KOTRA_SNS_2025,식품/건강기능식품
210690,LK,Agraa Trading,,,,Importer,COLOMBO,KOTRA_SNS_2025,식품/건강기능식품
210690,KH,"Mommy Home Co.,",,,,Importer,PHNOM PENH,KOTRA_SNS_2025,식품/건강기능식품
210690,PH,jkdelapenia@gmail.com,,,,Importer,JKDELAPENIA@GMAIL.COM,KOTRA_SNS_2025,식품/건강기능식품
210690,US,unijly,,,,Importer,MANILA,KOTRA_SNS_2025,식품/건강기능식품
210690,BD,Industrial Paper Products Enterprise,,,,Importer,DHAKA,KOTRA_SNS_2025,식품/건강기능식품
210690,PH,Greens Spot Cafe,,,,Importer,ANTIPOLO,KOTRA_SNS_2025,식품/건강기능식품
210690,EG,EVA Pharma Egypt,,,,Importer,CAIRO,KOTRA_SNS_2025,식품/건강기능식품
210690,IN,Harvest Square,,,,Importer,BANGALORE,KOTRA_SNS_2025,식품/건강기능식품
210690,BD,Tazwar Agro Trade,,,,Importer,NARAYANGANJ,KOTRA_SNS_2025,식품/건강기능식품
210690,PH,Cebu road show,,,,Importer,TACLOBAN CITY,KOTRA_SNS_2025,식품/건강기능식품
210690,IN,Agrigenius Venture Private Limited,,,,Importer,KOLKATA,KOTRA_SNS_2025,식품/건강기능식품
210690,PK,Usman raza,,,,Importer,SHAIWAL,KOTRA_SNS_2025,식품/건강기능식품
210690,TR,Palk,,,,Importer,ANKAYA,KOTRA_SNS_2025,식품/건강기능식품
210690,IN,Chairman,,,,Importer,SILIGURI,KOTRA_SNS_2025,식품/건강기능식품
210690,KH,Wismike Import Export Co Ltd,,,,Importer,PHNOM PENH,KOTRA_SNS_2025,식품/건강기능식품
210690,BD,(Attitð Bø) ▒★★●◎♥◎♥◎♥◎ ▒ ☆。° Hrt ▒★ at Facebook V.I.P Account ││││ │  Of,,,,Importer,RANGPUR,KOTRA_SNS_2025,식품/건강기능식품
210690,IN,Pharmacy,,,,Importer,INDORE,KOTRA_SNS_2025,식품/건강기능식품
210690,QA,Lynix Technologies Trading & Contracting W.L.L,,,,Importer,DOHA,KOTRA_SNS_2025,식품/건강기능식품
210690,IN,Call me,,,,Importer,CHENNAI,KOTRA_SNS_2025,식품/건강기능식품
210690,IN,DART ENTERPRISE,,,,Importer,NASHIK,KOTRA_SNS_2025,식품/건강기능식품
210690,IN,Heartberry,,,,Importer,SURAT,KOTRA_SNS_2025,식품/건강기능식품
210690,BD,RMR.GLOBAL,,,,Importer,DHAKA,KOTRA_SNS_2025,식품/건강기능식품
210690,IN,Edible Traders,,,,Importer,TRIVANDRUM,KOTRA_SNS_2025,식품/건강기능식품
210690,KH,5A Life - Sciences,,,,Importer,PHNOM PENH,KOTRA_SNS_2025,식품/건강기능식품
210690,EC,Onelife,,,,Importer,QUITO,KOTRA_SNS_2025,식품/건강기능식품
210690,EG,Seven Trading Agency,,,,Importer,GIZA,KOTRA_SNS_2025,식품/건강기능식품
210690,ZA,Mustaab spa,,,,Importer,JOHANNESBURG,KOTRA_SNS_2025,식품/건강기능식품
210690,PK,KAT Industry,,,,Importer,PESHAWAR,KOTRA_SNS_2025,식품/건강기능식품
210690,PH,corecrate,,,,Importer,MANILA,KOTRA_SNS_2025,식품/건강기능식품
210690,IN,Bravia Hotels,,,,Importer,AJMER DISTRICT,KOTRA_SNS_2025,식품/건강기능식품
210690,EG,Mona Al Koudary for seeds and fertilizers,,,,Importer,ISMAILIA,KOTRA_SNS_2025,식품/건강기능식품
210690,IN,SPR City,,,,Importer,CHENNAI,KOTRA_SNS_2025,식품/건강기능식품
210690,AE,Tecnaura,,,,Importer,MUSCAT,KOTRA_SNS_2025,식품/건강기능식품
210690,MX,,,,,Importer,PUEBLA,KOTRA_SNS_2025,식품/건강기능식품
210690,IN,allergiesindia.com,,,,Importer,KANPUR,KOTRA_SNS_2025,식품/건강기능식품
210690,MX,Skinklinik Med Spa,,,,Importer,SAN PEDRO GARZA GARCA,KOTRA_SNS_2025,식품/건강기능식품
210690,BD,Dental Accessories,,,,Importer,DHAKA,KOTRA_SNS_2025,식품/건강기능식품
210690,US,Tpplucky Trading & Service,,,,Importer,HO CHI MINH,KOTRA_SNS_2025,식품/건강기능식품
210690,US,Les projets,,,,Importer,CAIRO,KOTRA_SNS_2025,식품/건강기능식품
210690,VG,Wraithbandsatanic enterprise,,,,Importer,NEW TWIN ELVES CELESTIAL CITY,KOTRA_SNS_2025,식품/건강기능식품
210690,IN,Newsteup,,,,Importer,BHUBANESWAR,KOTRA_SNS_2025,식품/건강기능식품
210690,EG,Sina General Supples- Egypt,,,,Importer,CAIRO,KOTRA_SNS_2025,식품/건강기능식품
210690,ID,CV.ADHI MAKMUR CAHAYA CEMERLANG,,,,Importer,JAKARTA,KOTRA_SNS_2025,식품/건강기능식품
210690,ZA,NeoCortex,,,,Importer,JOHANNESBURG,KOTRA_SNS_2025,식품/건강기능식품
210690,IN,House of aesthetics pvt Ltd,,,,Importer,LUCKNOW,KOTRA_SNS_2025,식품/건강기능식품
210690,MM,Sila Kyaw Zaw Company,,,,Importer,YANGON,KOTRA_SNS_2025,식품/건강기능식품
210690,IN,kartik contracts,,,,Importer,DELHI,KOTRA_SNS_2025,식품/건강기능식품
210690,JO,Ziad,,,,Importer,AMMAN,KOTRA_SNS_2025,식품/건강기능식품
210690,PH,Mc Wilson Corporation,,,,Importer,MANILA,KOTRA_SNS_2025,식품/건강기능식품
210690,US,dsa,,,,Importer,CAPRICORN,KOTRA_SNS_2025,식품/건강기능식품
210690,PE,INVERANDINA DE SERVICIOS SRL,,,,Importer,LIMA,KOTRA_SNS_2025,식품/건강기능식품
210690,BD,MARFS,,,,Importer,DHAKA,KOTRA_SNS_2025,식품/건강기능식품
210690,BD,six6six-24-7,,,,Importer,DHAKA,KOTRA_SNS_2025,식품/건강기능식품
210690,PK,Toyo Group Pakistan,,,,Importer,ISLAMABAD,KOTRA_SNS_2025,식품/건강기능식품
210690,ZA,Arcadius corporation pty,,,,Importer,JOHANNESBURG,KOTRA_SNS_2025,식품/건강기능식품
210690,US,BK company,,,,Importer,MANFORT,KOTRA_SNS_2025,식품/건강기능식품
210690,BD,khair group,,,,Importer,DHAKA,KOTRA_SNS_2025,식품/건강기능식품
210690,IN,JAHM HOSPITALITY LLP,,,,Importer,AHMEDABAD,KOTRA_SNS_2025,식품/건강기능식품
210690,US,Ananshi Venture,,,,Importer,PATNA,KOTRA_SNS_2025,식품/건강기능식품
210690,ID,PT. SLF,,,,Importer,INDONESIA,KOTRA_SNS_2025,식품/건강기능식품
210690,IN,Pardeep Trading Company,,,,Importer,AMRITSAR,KOTRA_SNS_2025,식품/건강기능식품
210690,ZA,Legadima,,,,Importer,JOHANNESBURG,KOTRA_SNS_2025,식품/건강기능식품
210690,ET,Zahid Construction,,,,Importer,ADDIS ABABA,KOTRA_SNS_2025,식품/건강기능식품
210690,US,U,,,,Importer,J,KOTRA_SNS_2025,식품/건강기능식품
210690,AR,valente y asociados,,,,Importer,BUENOS AIRES,KOTRA_SNS_2025,식품/건강기능식품
210690,ID,blackbullmarkets,,,,Importer,LAMPUNG,KOTRA_SNS_2025,식품/건강기능식품
220299,TH,Adayfresh,,,,Importer,BANGKOK,KOTRA_SNS_2025,식품/건강기능식품
210690,ID,jg,,,,Importer,DEPOK,KOTRA_SNS_2025,식품/건강기능식품
220299,TH,"Plusmax Engineering Co.,ltd",,,,Importer,BANGKOK,KOTRA_SNS_2025,식품/건강기능식품
210610,CI,COSCO International,,,,Importer,ABIDJAN,KOTRA_SNS_2025,식품/건강기능식품
210690,TW,沂源有限公司,,,,Importer,TAIPEI,KOTRA_SNS_2025,식품/건강기능식품
210690,TW,饌元股有限公司,,,,Importer,TAIPEI,KOTRA_SNS_2025,식품/건강기능식품
210690,TW,宇宙屋企業有限公司,,,,Importer,TAIPEI,KOTRA_SNS_2025,식품/건강기능식품
210690,TW,辰心國際有限公司,,,,Importer,TAIPEI,KOTRA_SNS_2025,식품/건강기능식품
210690,TW,美之選企業有限公司,,,,Importer,TAIPEI,KOTRA_SNS_2025,식품/건강기능식품
210690,TW,郁軒股有限公司,,,,Importer,TAIPEI,KOTRA_SNS_2025,식품/건강기능식품
210690,TW,益人康健股有限公司,,,,Importer,TAIPEI,KOTRA_SNS_2025,식품/건강기능식품
220210,ANGOLA,Mafcom,,,,Importer,LUANDA,KOTRA_SNS_2025,식품/건강기능식품
220210,ANGOLA,Associaao Industrial de Angola,,,,Importer,LUANDA,KOTRA_SNS_2025,식품/건강기능식품
220210,ANGOLA,Kudia Bistro,,,,Importer,LUANDA,KOTRA_SNS_2025,식품/건강기능식품
220210,ANGOLA,Pedras Negras,,,,Importer,LUANDA,KOTRA_SNS_2025,식품/건강기능식품
220210,ANGOLA,HOTEL SIVAN/ GROUP NOBLE,,,,Importer,LUANDA,KOTRA_SNS_2025,식품/건강기능식품
220210,ANGOLA,Candando,,,,Importer,LUANDA,KOTRA_SNS_2025,식품/건강기능식품
220210,ANGOLA,Novagest,,,,Importer,LUANDA,KOTRA_SNS_2025,식품/건강기능식품
220210,ANGOLA,Grupo Castel,,,,Importer,LUANDA,KOTRA_SNS_2025,식품/건강기능식품
220210,ANGOLA,Sweet Tannuka,,,,Importer,LUANDA,KOTRA_SNS_2025,식품/건강기능식품
210690,TH,sun advance,,,,Importer,BANGKOK,KOTRA_SNS_2025,식품/건강기능식품
220299,CN,Milan,,,,Importer,SHENZHEN,KOTRA_SNS_2025,식품/건강기능식품
210390,CN,"SHENZHEN JINJIULONG TRADE CO., LTD",,,,Importer,SHENZHEN,KOTRA_SNS_2025,식품/건강기능식품
220299,ID,Cambridge International Study Center,,,,Importer,JAKARTA,KOTRA_SNS_2025,식품/건강기능식품
220299,TH,Cp,,,,Importer,BANGKOK,KOTRA_SNS_2025,식품/건강기능식품
220299,TH,"Good Day Mate Co., Ltd.",,,,Importer,BANGKOK,KOTRA_SNS_2025,식품/건강기능식품
210690,CA,Capital food services inc,,,,Importer,MONTREAL,KOTRA_SNS_2025,식품/건강기능식품
210690,CA,Mateera therapeutics private limited,,,,Importer,TORONTO,KOTRA_SNS_2025,식품/건강기능식품
210690,CN,Eastlink Bulgaria Ltd.,,,,Importer,SOFIA VARNA,KOTRA_SNS_2025,식품/건강기능식품
210690,GB,Beauty x pro,,,,Importer,LONDON,KOTRA_SNS_2025,식품/건강기능식품
210690,IN,RAJ,,,,Importer,PUNE,KOTRA_SNS_2025,식품/건강기능식품
210690,KH,cambodia,,,,Importer,PHNOM PENH,KOTRA_SNS_2025,식품/건강기능식품
210690,KH,MISTI,,,,Importer,PHNOM PENH,KOTRA_SNS_2025,식품/건강기능식품
210690,MM,Sila Kyaw Zaw Company,,,,Importer,YANGON,KOTRA_SNS_2025,식품/건강기능식품
210690,MM,"Nadi Ayar Trading Co.,Ltd",,,,Importer,YANGON,KOTRA_SNS_2025,식품/건강기능식품
210690,PH,Phil Orient Pharma & Medical,,,,Importer,CEBU CITY,KOTRA_SNS_2025,식품/건강기능식품
210690,PH,Jetbest Animal Nutrition and Healthcare Inc.,,,,Importer,LIPA CITY,KOTRA_SNS_2025,식품/건강기능식품
210690,PH,Habito Food Services,,,,Importer,MANILA,KOTRA_SNS_2025,식품/건강기능식품
210690,PH,jocker's foods industries,,,,Importer,PULILAN BULACAN,KOTRA_SNS_2025,식품/건강기능식품
210690,PH,ZAPA Food Store,,,,Importer,CEBU CITY,KOTRA_SNS_2025,식품/건강기능식품
210690,RO,Time Clock Coffee SRL,,,,Importer,BUCHAREST,KOTRA_SNS_2025,식품/건강기능식품
210690,US,Kimchi Smoke Barbecue,,,,Importer,RIDGEWOOD,KOTRA_SNS_2025,식품/건강기능식품
210690,US,"Unahco, Inc.",,,,Importer,TAGUIG CITY,KOTRA_SNS_2025,식품/건강기능식품
210690,US,nine dots,,,,Importer,PHNOM PENH,KOTRA_SNS_2025,식품/건강기능식품
210690,US,University of Perpetual Help System Dalta,,,,Importer,LAS PINAS,KOTRA_SNS_2025,식품/건강기능식품
210690,US,Limlee food corp,,,,Importer,QUEZON CITY,KOTRA_SNS_2025,식품/건강기능식품
210690,US,ian And Pat Food Service,,,,Importer,PASIG CITY,KOTRA_SNS_2025,식품/건강기능식품
210690,US,Abenson Inc,,,,Importer,QUEZON CITY,KOTRA_SNS_2025,식품/건강기능식품
210690,VN,Vinacacao,,,,Importer,HO CHI MINH CITY,KOTRA_SNS_2025,식품/건강기능식품
220299,IN,Facebook,,,,Importer,MUMBAI,KOTRA_SNS_2025,식품/건강기능식품
210690,IN,Nutrition Food Works,,,,Importer,MUMBAI,KOTRA_SNS_2025,식품/건강기능식품
210690,US,Mahendr Galani,,,,Importer,MUMBAI,KOTRA_SNS_2025,식품/건강기능식품
210690,IN,The Homtaurants,,,,Importer,MUMBAI,KOTRA_SNS_2025,식품/건강기능식품
210690,IN,Earthos Global LLP,,,,Importer,MUMBAI,KOTRA_SNS_2025,식품/건강기능식품
210690,IN,SAHYADRI GROUP,,,,Importer,MUMBAI,KOTRA_SNS_2025,식품/건강기능식품
210690,IN,Islamic Centre for Research And Academics,,,,Importer,MUMBAI,KOTRA_SNS_2025,식품/건강기능식품
210690,US,die,,,,Importer,MUMBAI,KOTRA_SNS_2025,식품/건강기능식품
210690,US,malco car parking services,,,,Importer,MUMBAI,KOTRA_SNS_2025,식품/건강기능식품
210690,MY,businessman,,,,Importer,KUALA LUMPUR,KOTRA_SNS_2025,식품/건강기능식품
210690,MY,Beginsnutrition.com,,,,Importer,KUALA LUMPUR,KOTRA_SNS_2025,식품/건강기능식품
210690,MY,Farmasics,,,,Importer,IPOH,KOTRA_SNS_2025,식품/건강기능식품
210690,MY,MSkills Trading Sdn Bhd,,,,Importer,KL,KOTRA_SNS_2025,식품/건강기능식품
210690,MY,Beautyproof,,,,Importer,KUALA LUMPUR,KOTRA_SNS_2025,식품/건강기능식품
210690,MY,GO Global Supply,,,,Importer,SHAH ALAM,KOTRA_SNS_2025,식품/건강기능식품
210690,MY,Insense Design Sdn Bhd,,,,Importer,KUALA LUMPUR,KOTRA_SNS_2025,식품/건강기능식품
210690,MY,Produxpro Sdn Bhd,,,,Importer,KUALA LUMPUR,KOTRA_SNS_2025,식품/건강기능식품
210690,PE,ProPiel Peru,,,,Importer,LIMA,KOTRA_SNS_2025,식품/건강기능식품
210690,IN,K K Industries,,,,Importer,RAJKOT,KOTRA_SNS_2025,식품/건강기능식품
210690,PE,CAMINCIPAP,,,,Importer,LIMA,KOTRA_SNS_2025,식품/건강기능식품
210690,IN,LumeGlowUp aesthetics clinic,,,,Importer,THRISSUR,KOTRA_SNS_2025,식품/건강기능식품
210690,JO,Nova-gen.net,,,,Importer,AMMAN,KOTRA_SNS_2025,식품/건강기능식품
210690,JO,Pink Lobby,,,,Importer,AMMAN,KOTRA_SNS_2025,식품/건강기능식품
210690,IN,Just J,,,,Importer,DAMMAM,KOTRA_SNS_2025,식품/건강기능식품
210690,IN,Ksl clentech ltd,,,,Importer,KOLKOTTA,KOTRA_SNS_2025,식품/건강기능식품
210690,EC,Nsr,,,,Importer,GUAYAQUIL,KOTRA_SNS_2025,식품/건강기능식품
210690,IN,i have my own bussiness,,,,Importer,AMRITSAR,KOTRA_SNS_2025,식품/건강기능식품
210690,GR,PVCHEM,,,,Importer,ALIMOS,KOTRA_SNS_2025,식품/건강기능식품
210690,IN,"st jhon high school, nagpur",,,,Importer,NAGPUR,KOTRA_SNS_2025,식품/건강기능식품
210690,US,A R marketing,,,,Importer,HYDERABAD,KOTRA_SNS_2025,식품/건강기능식품
210690,US,Ljeetindistriesllp,,,,Importer,NEW DELHI,KOTRA_SNS_2025,식품/건강기능식품
210690,IN,Pharmaceutical distribution and marketing,,,,Importer,GURUGRAM,KOTRA_SNS_2025,식품/건강기능식품
210690,IN,Bracing Lifesciences Pvt Ltd,,,,Importer,GORAKHPUR,KOTRA_SNS_2025,식품/건강기능식품
210690,IN,NA Jaiswal,,,,Importer,NAGPUR,KOTRA_SNS_2025,식품/건강기능식품
210690,PH,JEREMIAH DRUG INC.,,,,Importer,MAKATI,KOTRA_SNS_2025,식품/건강기능식품
210690,IN,Healic,,,,Importer,DELHI,KOTRA_SNS_2025,식품/건강기능식품
210690,EC,Cedimed,,,,Importer,QUITO,KOTRA_SNS_2025,식품/건강기능식품
210690,IN,Royal estates,,,,Importer,JAMSHEDPUR,KOTRA_SNS_2025,식품/건강기능식품
210690,IN,Aale Barkaat Medico,,,,Importer,PUNE,KOTRA_SNS_2025,식품/건강기능식품
210690,AZ,Improtex Industries LLC,,,,Importer,BAKU,KOTRA_SNS_2025,식품/건강기능식품
210690,IN,Aikdent Medserve,,,,Importer,DELHI,KOTRA_SNS_2025,식품/건강기능식품
210690,EG,Mega MIS,,,,Importer,CAIRO,KOTRA_SNS_2025,식품/건강기능식품
210690,IN,Cogmed,,,,Importer,MUMBAI,KOTRA_SNS_2025,식품/건강기능식품
210690,JO,brightness drug store,,,,Importer,AMMAN,KOTRA_SNS_2025,식품/건강기능식품
210690,EG,Motion,,,,Importer,CAIRO,KOTRA_SNS_2025,식품/건강기능식품
210690,KR,genesis biotec inc,,,,Importer,CHANDIGARH,KOTRA_SNS_2025,식품/건강기능식품
210690,IN,Agriculture,,,,Importer,MUMBAI,KOTRA_SNS_2025,식품/건강기능식품
210690,IN,Dr Sidra Khot,,,,Importer,MUMBAI,KOTRA_SNS_2025,식품/건강기능식품
210690,IN,MA,,,,Importer,MUMBAI,KOTRA_SNS_2025,식품/건강기능식품
210690,IN,Freelancer,,,,Importer,MUMBAI,KOTRA_SNS_2025,식품/건강기능식품
210690,IN,TVD,,,,Importer,MUMBAI,KOTRA_SNS_2025,식품/건강기능식품
220210,CI,Jagar sarl,,,,Importer,ABIDJAN,KOTRA_SNS_2025,식품/건강기능식품
220210,CI,Fondation ASD,,,,Importer,ABIDJAN,KOTRA_SNS_2025,식품/건강기능식품
220210,CI,Ets BABALOLA Services,,,,Importer,YAMOUSSOUKRO,KOTRA_SNS_2025,식품/건강기능식품
220210,CI,nani,,,,Importer,ABIDJAN,KOTRA_SNS_2025,식품/건강기능식품
220210,CI,march du port de pche,,,,Importer,TREICHVILLE,KOTRA_SNS_2025,식품/건강기능식품
220210,CI,O marcher gouro,,,,Importer,ABIDJAN,KOTRA_SNS_2025,식품/건강기능식품
220210,CI,La socit cooprative La Centrale Agricole,,,,Importer,GABIADJI,KOTRA_SNS_2025,식품/건강기능식품
220210,CI,Casa Pro Immobilier,,,,Importer,ABIDJAN,KOTRA_SNS_2025,식품/건강기능식품
220210,CI,MCY sarl,,,,Importer,ABIDJAN,KOTRA_SNS_2025,식품/건강기능식품
220210,CI,DEH SERVICE,,,,Importer,MAN,KOTRA_SNS_2025,식품/건강기능식품
220210,CI,CABE caemin bt et entreprise abengourou,,,,Importer,ABENGOUROU,KOTRA_SNS_2025,식품/건강기능식품
220210,CI,DANIEL'S,,,,Importer,SIKENSI,KOTRA_SNS_2025,식품/건강기능식품
220210,CI,TgMaster Group,,,,Importer,ABIDJAN,KOTRA_SNS_2025,식품/건강기능식품
220210,CI,Ivoire Plus Production SARL,,,,Importer,COCODY,KOTRA_SNS_2025,식품/건강기능식품
220210,CI,Africa Foodies Industries,,,,Importer,ABIDJAN,KOTRA_SNS_2025,식품/건강기능식품
210690,HK,Hei Lemon Development,,,,Importer,HONG KONG,KOTRA_SNS_2025,식품/건강기능식품
210690,HK,Tsgd,,,,Importer,HONG KONG,KOTRA_SNS_2025,식품/건강기능식품
210690,PH,I-Slim and Skin Aesthetic Center,,,,Importer,LEGAZPI,KOTRA_SNS_2025,식품/건강기능식품
210690,KH,Private,,,,Importer,PHNOM PENH,KOTRA_SNS_2025,식품/건강기능식품
220299,PH,Maricel Store,,,,Importer,BALAYAN,KOTRA_SNS_2025,식품/건강기능식품
220299,US,Ramcel Ryangel Construction and Trading,,,,Importer,URDANETA CITY,KOTRA_SNS_2025,식품/건강기능식품
210690,US,8.56E+12,,,,Importer,8.56E+12,KOTRA_SNS_2025,식품/건강기능식품
220299,KH,"Kfood Innovation., Co Ltd",,,,Importer,PHNOM PENH,KOTRA_SNS_2025,식품/건강기능식품
210690,IN,.,,,,Importer,MUMBAI,KOTRA_SNS_2025,식품/건강기능식품
210690,IN,Fat papaiya,,,,Importer,MUMBAI,KOTRA_SNS_2025,식품/건강기능식품
210690,IN,Emami,,,,Importer,MUMBAI,KOTRA_SNS_2025,식품/건강기능식품
210690,IN,Mail,,,,Importer,MUMBAI,KOTRA_SNS_2025,식품/건강기능식품
210690,IN,"A , V , T . kitchen",,,,Importer,MUMBAI,KOTRA_SNS_2025,식품/건강기능식품
210690,IN,MISTEVIA RESTURANT,,,,Importer,MUMBAI,KOTRA_SNS_2025,식품/건강기능식품
210690,IN,VGH,,,,Importer,MUMBAI,KOTRA_SNS_2025,식품/건강기능식품
210690,IN,"Agatti Island, Lakshadweep",,,,Importer,MUMBAI,KOTRA_SNS_2025,식품/건강기능식품
210690,IN,personal,,,,Importer,MUMBAI,KOTRA_SNS_2025,식품/건강기능식품
210690,IN,Waffle&donuts,,,,Importer,MUMBAI,KOTRA_SNS_2025,식품/건강기능식품
210690,IN,d banquet food services,,,,Importer,MUMBAI,KOTRA_SNS_2025,식품/건강기능식품
210690,IN,Tata Aia,,,,Importer,MUMBAI,KOTRA_SNS_2025,식품/건강기능식품
