hs_code,country,buyer_name,annual_usd,shipments,last_date,buyer_type,city,source,product_category
330499,VN,Công ty TNHH Mỹ Phẩm Sài Gòn,1680000,18,2026-02-20,Distributor,Ho Chi Minh,Customs_VN,화장품/뷰티
330499,VN,Hanoi Beauty & Wellness Corp,1140000,14,2026-03-01,Wholesaler,Hanoi,Customs_VN,화장품/뷰티
330499,VN,Vietnam Skincare Import JSC,2040000,22,2026-01-15,Distributor,Ho Chi Minh,Customs_VN,화장품/뷰티
330499,VN,K-Beauty Vietnam Trading Co,2640000,26,2026-03-05,K-Beauty Specialist,Ho Chi Minh,Customs_VN,화장품/뷰티
330499,VN,Lotus Cosmetics Distribution,756000,9,2025-12-28,Retailer,Da Nang,Customs_VN,화장품/뷰티
330499,VN,Mekong Beauty Wholesale,984000,11,2026-01-08,Wholesaler,Can Tho,Customs_VN,화장품/뷰티
330499,VN,VN Premium Skincare Import,1452000,16,2026-02-10,Distributor,Hanoi,Customs_VN,화장품/뷰티
330499,VN,Thu Do Cosmetics & Pharmacy,456000,5,2025-11-20,Pharmacy Chain,Hanoi,Customs_VN,화장품/뷰티
330499,VN,Pho My International Trading,1128000,12,2026-01-22,Wholesaler,Ho Chi Minh,Customs_VN,화장품/뷰티
330499,VN,Danang Beauty Concepts,384000,4,2025-10-15,Retailer,Da Nang,Customs_VN,화장품/뷰티
330499,VN,Green Leaf Skincare Import,672000,7,2026-01-30,Distributor,Ho Chi Minh,Customs_VN,화장품/뷰티
330499,VN,Saigon Premium Cosmetics LLC,1920000,20,2026-02-25,Distributor,Ho Chi Minh,Customs_VN,화장품/뷰티
330499,VN,Beauty Plus Vietnam JSC,528000,6,2025-12-10,Retailer,Hanoi,Customs_VN,화장품/뷰티
330499,VN,SeoulBeauty VN Import Co.,1296000,15,2026-03-08,K-Beauty Specialist,Ho Chi Minh,Customs_VN,화장품/뷰티
330499,VN,Sunrise Cosmetics Distribution,864000,10,2026-01-05,Wholesaler,Hai Phong,Customs_VN,화장품/뷰티
330499,TH,Bangkok Beauty Import Co.,2340000,24,2026-02-15,Distributor,Bangkok,Customs_TH,화장품/뷰티
330499,TH,Thai Cosme Trading Corp,1404000,14,2026-01-20,Wholesaler,Bangkok,Customs_TH,화장품/뷰티
330499,TH,Siam Beauty Distribution Ltd,1080000,11,2025-12-08,Distributor,Chiang Mai,Customs_TH,화장품/뷰티
330499,TH,K-Style Beauty Thailand,1728000,18,2026-02-28,K-Beauty Specialist,Bangkok,Customs_TH,화장품/뷰티
330499,TH,Pure Nature Cosmetics Import,696000,7,2025-11-15,Organic Specialist,Bangkok,Customs_TH,화장품/뷰티
330499,TH,Central Beauty Wholesale,2016000,21,2026-03-01,Chain Retailer,Bangkok,Customs_TH,화장품/뷰티
330499,US,K-Beauty USA Distribution LLC,2499996,24,2026-03-10,K-Beauty Distributor,Los Angeles,Customs_US,화장품/뷰티
330499,US,PureGlow Wholesale Inc.,1440000,18,2026-02-25,Wholesaler,New York,Customs_US,화장품/뷰티
330499,US,Midwest Beauty Imports Corp.,960000,14,2026-02-15,Regional Distributor,Chicago,Customs_US,화장품/뷰티
330499,US,Asian Beauty Mart Trading Co.,760000,12,2026-01-30,Asian Market Specialist,Los Angeles,Customs_US,화장품/뷰티
330499,US,GlowBox Subscription Beauty LLC,580000,16,2026-03-05,Subscription Box,Austin,Customs_US,화장품/뷰티
330499,US,Texas Spa Supply Wholesale,390000,8,2026-01-20,Spa/Salon Supplier,Dallas,Customs_US,화장품/뷰티
330499,US,MegaMart Cosmetics USA,9600000,24,2026-03-01,Mass Retailer,Bentonville,Customs_US,화장품/뷰티
330499,US,Pacific Rim Beauty Imports,1200000,16,2026-02-08,Pan-Asian Distributor,Seattle,Customs_US,화장품/뷰티
330499,US,NaturalGlow Supply Co.,480000,10,2025-12-20,Clean Beauty Specialist,Portland,Customs_US,화장품/뷰티
330499,US,HMart Beauty Wholesale,840000,12,2026-01-25,Korean-American Chain,Los Angeles,Customs_US,화장품/뷰티
330499,JP,Tokyo Beauty Imports KK,1800000,18,2026-02-10,Distributor,Tokyo,Customs_JP,화장품/뷰티
330499,JP,Osaka Cosmetic Trading Co.,1200000,14,2026-01-15,Wholesaler,Osaka,Customs_JP,화장품/뷰티
330499,JP,Hana Beauty Japan Corp,2400000,22,2026-03-01,K-Beauty Specialist,Tokyo,Customs_JP,화장품/뷰티
330499,DE,Euro K-Beauty GmbH,1560000,16,2026-02-05,European Distributor,Berlin,Customs_DE,화장품/뷰티
330499,DE,Berlin Skincare Import UG,720000,8,2025-12-15,Online Retailer,Frankfurt,Customs_DE,화장품/뷰티
330499,MY,KL Beauty Imports Sdn Bhd,960000,10,2026-01-28,Distributor,Kuala Lumpur,Customs_MY,화장품/뷰티
330499,MY,Halal Beauty Trading MY,720000,8,2026-02-12,Halal Specialist,Kuala Lumpur,Customs_MY,화장품/뷰티
330499,SG,ASEAN Beauty Hub Pte Ltd,2400000,24,2026-03-05,Regional Hub Distributor,Singapore,Customs_SG,화장품/뷰티
330499,SG,Singapore K-Beauty Importers,1080000,12,2026-01-18,K-Beauty Specialist,Singapore,Customs_SG,화장품/뷰티
330499,ID,Jakarta Beauty Import PT,840000,9,2026-01-10,Distributor,Jakarta,Customs_ID,화장품/뷰티
330499,ID,Surabaya Cosme Trading,480000,5,2025-11-25,Wholesaler,Surabaya,Customs_ID,화장품/뷰티
330499,PH,Manila K-Beauty Import Corp,720000,9,2026-02-01,K-Beauty Specialist,Manila,Customs_PH,화장품/뷰티
330499,PH,Philippine Skincare Wholesale,480000,6,2025-12-05,Wholesaler,Cebu,Customs_PH,화장품/뷰티
330410,PH,Lazada,,,,Importer,Quezon City,KOTRA_SNS_2025,화장품/뷰티
330499,PK,Pak Estate Marketing,,,,Importer,Faisalabad,KOTRA_SNS_2025,화장품/뷰티
330499,IN,Angellica Herbotics,,,,Importer,Jamnagar,KOTRA_SNS_2025,화장품/뷰티
330499,PK,JM Enterprises,,,,Importer,Karachi,KOTRA_SNS_2025,화장품/뷰티
330499,PK,abcd,,,,Importer,lahore,KOTRA_SNS_2025,화장품/뷰티
330499,PK,Mehran Enterprise sukkur cosmetics and beauty shop beautyparlours item,,,,Importer,Sukkur,KOTRA_SNS_2025,화장품/뷰티
330499,IN,farmson enterprise,,,,Importer,Junagadh,KOTRA_SNS_2025,화장품/뷰티
330499,PK,,,,,Importer,Islamabad,KOTRA_SNS_2025,화장품/뷰티
330499,IN,stanford school,,,,Importer,Bhopal,KOTRA_SNS_2025,화장품/뷰티
330420,IN,Jiyana Crafts,,,,Importer,Rajkot,KOTRA_SNS_2025,화장품/뷰티
330499,GB,Amazon.com,,,,Importer,Huddersfield,KOTRA_SNS_2025,화장품/뷰티
330491,BD,BeeStudio,,,,Importer,Dhaka,KOTRA_SNS_2025,화장품/뷰티
330499,PK,i have my own small business,,,,Importer,Karachi,KOTRA_SNS_2025,화장품/뷰티
340130,PK,CMH Lahore Medical College / Institute of Dentistry,,,,Importer,lahore,KOTRA_SNS_2025,화장품/뷰티
330499,PK,Scentaass Traders,,,,Importer,Islamabad,KOTRA_SNS_2025,화장품/뷰티
330499,IN,Eden Overseas,,,,Importer,New delhi,KOTRA_SNS_2025,화장품/뷰티
330420,PK,Cosmetics,,,,Importer,HYDERABAD sindh pk,KOTRA_SNS_2025,화장품/뷰티
330410,PK,Maahzu Closets,,,,Importer,Lahore,KOTRA_SNS_2025,화장품/뷰티
330499,PK,xyz,,,,Importer,karachi,KOTRA_SNS_2025,화장품/뷰티
330499,US,sknautoshoppe,,,,Importer,Gurgaon,KOTRA_SNS_2025,화장품/뷰티
330410,IN,kottram healthcare pvt Ltd,,,,Importer,Chennai,KOTRA_SNS_2025,화장품/뷰티
340130,IN,SCPL,,,,Importer,Mumbai,KOTRA_SNS_2025,화장품/뷰티
330499,IN,Atlaspot India Private Limited,,,,Importer,vapi,KOTRA_SNS_2025,화장품/뷰티
330499,IN,HDFC,,,,Importer,Abohar,KOTRA_SNS_2025,화장품/뷰티
330499,US,CommissionEmpire.com,,,,Importer,Pathankot,KOTRA_SNS_2025,화장품/뷰티
340130,IN,Crompackindia,,,,Importer,Ghaziabad,KOTRA_SNS_2025,화장품/뷰티
340130,IN,Self employed,,,,Importer,Delhi,KOTRA_SNS_2025,화장품/뷰티
330499,IN,Tech Mahindra,,,,Importer,Mumbai,KOTRA_SNS_2025,화장품/뷰티
330499,PK,Comstar,,,,Importer,Islamabad,KOTRA_SNS_2025,화장품/뷰티
330499,IN,Abrar Enterprises,,,,Importer,Tahsil Fatehpur,KOTRA_SNS_2025,화장품/뷰티
330510,ID,Elvo Indonesia,,,,Importer,Surabaya,KOTRA_SNS_2025,화장품/뷰티
330499,PH,online seller,,,,Importer,Calamba,KOTRA_SNS_2025,화장품/뷰티
330499,PH,,,,,Importer,Quezon City,KOTRA_SNS_2025,화장품/뷰티
330499,ID,Myshoppingsolutiononline,,,,Importer,Surabaya,KOTRA_SNS_2025,화장품/뷰티
330410,KH,Heritage Suites Hotel,,,,Importer,Srok Siem Reap,KOTRA_SNS_2025,화장품/뷰티
330499,PH,3d Analyzer Information Technologies Inc.,,,,Importer,pasay city,KOTRA_SNS_2025,화장품/뷰티
330499,PH,Trendz Marketing Official,,,,Importer,Consolacion Cebu,KOTRA_SNS_2025,화장품/뷰티
330499,PH,AMZ,,,,Importer,Las Pias,KOTRA_SNS_2025,화장품/뷰티
330790,PH,housekeeping specialeast,,,,Importer,taguig city,KOTRA_SNS_2025,화장품/뷰티
340130,PH,Cuta Barangay Hall,,,,Importer,Batangas City,KOTRA_SNS_2025,화장품/뷰티
330499,PH,Sonrisa Dental,,,,Importer,Muntinlupa City,KOTRA_SNS_2025,화장품/뷰티
330499,PH,Browlab Manila,,,,Importer,Fort Bonifacio,KOTRA_SNS_2025,화장품/뷰티
330499,PH,Novee Laboratory Aesthetics Corporation,,,,Importer,Davao City,KOTRA_SNS_2025,화장품/뷰티
330499,US,Sitel Corporation Philippines,,,,Importer,marilao bulacan,KOTRA_SNS_2025,화장품/뷰티
330499,PH,DMCI HOMES,,,,Importer,Sta Rosa,KOTRA_SNS_2025,화장품/뷰티
330410,US,Many Faces with tay,,,,Importer,richmond,KOTRA_SNS_2025,화장품/뷰티
330499,US,cascade resale store,,,,Importer,Bowie,KOTRA_SNS_2025,화장품/뷰티
330410,US,Roxbury Global Solutions INC,,,,Importer,Plantation,KOTRA_SNS_2025,화장품/뷰티
330590,US,Layla's Lovelies,,,,Importer,Pendleton,KOTRA_SNS_2025,화장품/뷰티
330499,CA,Earth Pluse,,,,Importer,Toronto,KOTRA_SNS_2025,화장품/뷰티
330499,US,Kita Concepts,,,,Importer,Dallas,KOTRA_SNS_2025,화장품/뷰티
330499,US,Crowned in glory,,,,Importer,Memphis,KOTRA_SNS_2025,화장품/뷰티
330499,US,Bloom beauty supplies Co.,,,,Importer,Downey,KOTRA_SNS_2025,화장품/뷰티
330420,US,Blakwardrob,,,,Importer,Richfield,KOTRA_SNS_2025,화장품/뷰티
330499,US,Na,,,,Importer,Colorado Springs,KOTRA_SNS_2025,화장품/뷰티
330499,CA,7 Industries Sales and Marketing,,,,Importer,Toronto,KOTRA_SNS_2025,화장품/뷰티
330410,US,Elana’s beauty,,,,Importer,Sacramento,KOTRA_SNS_2025,화장품/뷰티
330499,US,MiK Enterprises LLC,,,,Importer,West Valley City,KOTRA_SNS_2025,화장품/뷰티
330420,US,Washington DC,,,,Importer,Alexandria,KOTRA_SNS_2025,화장품/뷰티
330499,IN,Bittu exim,,,,Importer,surat,KOTRA_SNS_2025,화장품/뷰티
330499,IN,Beauty Box Cosmetics (TBB COSMETICS PRIVATE LIMITED),,,,Importer,Mumbai,KOTRA_SNS_2025,화장품/뷰티
330491,US,Mychoice Enterprise Ltd,,,,Importer,Wyoming,KOTRA_SNS_2025,화장품/뷰티
330410,PK,MDK Japan,,,,Importer,Karachi,KOTRA_SNS_2025,화장품/뷰티
330499,IN,CrossCon / EKO GEKO PRIVATE LIMITED,,,,Importer,Mumbai,KOTRA_SNS_2025,화장품/뷰티
330499,IN,Aarna Pharmaceuticals,,,,Importer,Ahmedabad,KOTRA_SNS_2025,화장품/뷰티
330410,IN,AVS Ventures,,,,Importer,Dehra Dun,KOTRA_SNS_2025,화장품/뷰티
330499,IN,Anu's,,,,Importer,Mumbai,KOTRA_SNS_2025,화장품/뷰티
330590,MN,Zuushop,,,,Importer,Ulaanbaatar,KOTRA_SNS_2025,화장품/뷰티
330499,UA,Korea cosmetics Ukraine,,,,Importer,Kyiv,KOTRA_SNS_2025,화장품/뷰티
330499,US,Self employed,,,,Importer,Экибастуз,KOTRA_SNS_2025,화장품/뷰티
330590,UZ,Zartech Pro LLC,,,,Importer,Tashkent,KOTRA_SNS_2025,화장품/뷰티
330510,UA,MORO Ukraine,,,,Importer,Kyiv,KOTRA_SNS_2025,화장품/뷰티
330499,MN,Apexcom,,,,Importer,Ulaanbaatar,KOTRA_SNS_2025,화장품/뷰티
330499,KZ,Работа не по найму,,,,Importer,Астана,KOTRA_SNS_2025,화장품/뷰티
330499,UZ,Al Majid Beauty group,,,,Importer,Tashkent,KOTRA_SNS_2025,화장품/뷰티
330499,ZA,personal,,,,Importer,Uzbekistan,KOTRA_SNS_2025,화장품/뷰티
330499,GB,doctor,,,,Importer,New Delhi,KOTRA_SNS_2025,화장품/뷰티
330410,KW,Ishq Aur Dervaish,,,,Importer,Salmiya,KOTRA_SNS_2025,화장품/뷰티
330499,PK,Arizona Enterprises,,,,Importer,Narowal,KOTRA_SNS_2025,화장품/뷰티
330499,AE,topchoicediamon l.l.c,,,,Importer,dubai,KOTRA_SNS_2025,화장품/뷰티
330499,IN,RJShop,,,,Importer,Surat,KOTRA_SNS_2025,화장품/뷰티
330499,IN,Lookcious,,,,Importer,Rourkela,KOTRA_SNS_2025,화장품/뷰티
330499,PH,The White Closet,,,,Importer,Santa Rosa,KOTRA_SNS_2025,화장품/뷰티
330499,US,VA Cowork,,,,Importer,Cauayan City,KOTRA_SNS_2025,화장품/뷰티
340130,PH,SKIN HABIT MNL,,,,Importer,Mandaluyong,KOTRA_SNS_2025,화장품/뷰티
330499,PH,Fit And Trim Manila,,,,Importer,Makati,KOTRA_SNS_2025,화장품/뷰티
330499,PH,,,,,Importer,"Taytay, Rizal",KOTRA_SNS_2025,화장품/뷰티
330499,PH,Aguila Businesses,,,,Importer,Victorias City,KOTRA_SNS_2025,화장품/뷰티
330499,PH,Schwarzkopf Professional Philippines,,,,Importer,imus,KOTRA_SNS_2025,화장품/뷰티
330491,PH,marinne home inn,,,,Importer,Puerto Princesa,KOTRA_SNS_2025,화장품/뷰티
330499,PH,"Followed By 1,653,865 People",,,,Importer,Davao City,KOTRA_SNS_2025,화장품/뷰티
330790,PH,Online Business,,,,Importer,San Fernando,KOTRA_SNS_2025,화장품/뷰티
330491,KH,Cambodia,,,,Importer,Siem Reap,KOTRA_SNS_2025,화장품/뷰티
330410,PH,AP Law,,,,Importer,Manila,KOTRA_SNS_2025,화장품/뷰티
330499,PH,MB Digital Hub,,,,Importer,Bacoor,KOTRA_SNS_2025,화장품/뷰티
330499,PH,Tabzzizlers Restobar,,,,Importer,cebu city,KOTRA_SNS_2025,화장품/뷰티
330499,PH,Snc dental clinic,,,,Importer,Dasmarias,KOTRA_SNS_2025,화장품/뷰티
330491,PH,,,,,Importer,Las Pias,KOTRA_SNS_2025,화장품/뷰티
330499,PH,Ucart,,,,Importer,Davao City,KOTRA_SNS_2025,화장품/뷰티
330499,US,,,,,Importer,dasma cavite,KOTRA_SNS_2025,화장품/뷰티
330499,PH,Jarie Potato Corner,,,,Importer,Quezon City,KOTRA_SNS_2025,화장품/뷰티
330499,PH,QES Technology Philippines Inc,,,,Importer,Las Pias,KOTRA_SNS_2025,화장품/뷰티
330491,MM,Beauty & Seoul,,,,Importer,Yangon,KOTRA_SNS_2025,화장품/뷰티
330499,IN,Newspaper,,,,Importer,West Delhi,KOTRA_SNS_2025,화장품/뷰티
340130,IN,Koushal Vikas Yojna Foundation,,,,Importer,Kolkata,KOTRA_SNS_2025,화장품/뷰티
330499,PK,stopNshop365,,,,Importer,Karachi,KOTRA_SNS_2025,화장품/뷰티
330499,IN,The Nutrition Care,,,,Importer,Delhi,KOTRA_SNS_2025,화장품/뷰티
330499,IN,AMISAN INDIA,,,,Importer,Thane,KOTRA_SNS_2025,화장품/뷰티
330499,BD,Silk Route Design Ltd.,,,,Importer,Dhaka,KOTRA_SNS_2025,화장품/뷰티
330499,IN,No company,,,,Importer,New delhi,KOTRA_SNS_2025,화장품/뷰티
330499,IN,Sanket collection,,,,Importer,Agra,KOTRA_SNS_2025,화장품/뷰티
330510,BD,SISMO ELECTRONICS BANGLADESH LTD,,,,Importer,DHAKA,KOTRA_SNS_2025,화장품/뷰티
330491,PK,HNM,,,,Importer,Lahore,KOTRA_SNS_2025,화장품/뷰티
330499,PK,Atsol Ventures,,,,Importer,Karachi,KOTRA_SNS_2025,화장품/뷰티
330499,PK,Rastek Technologies,,,,Importer,Karachi,KOTRA_SNS_2025,화장품/뷰티
330420,PK,simplybuy,,,,Importer,Karachi,KOTRA_SNS_2025,화장품/뷰티
330499,PK,LH,,,,Importer,Rawalpindi,KOTRA_SNS_2025,화장품/뷰티
340130,PK,Skyline,,,,Importer,Karachi,KOTRA_SNS_2025,화장품/뷰티
330499,PK,"Islamabad, Pakistan",,,,Importer,multan,KOTRA_SNS_2025,화장품/뷰티
330499,US,Lilydove LLC,,,,Importer,florida,KOTRA_SNS_2025,화장품/뷰티
330491,BD,The Coach,,,,Importer,Dhaka,KOTRA_SNS_2025,화장품/뷰티
330499,PK,Youtuber and reviewer,,,,Importer,Karachi,KOTRA_SNS_2025,화장품/뷰티
330499,BD,New U cosmetics zone,,,,Importer,Dhaka,KOTRA_SNS_2025,화장품/뷰티
330410,IN,Ayurveda Doctor,,,,Importer,Hassan,KOTRA_SNS_2025,화장품/뷰티
330499,IN,Staid Lifesciences Pvt Ltd,,,,Importer,Delhi,KOTRA_SNS_2025,화장품/뷰티
330499,BD,new,,,,Importer,dhaka,KOTRA_SNS_2025,화장품/뷰티
330499,BD,Atryz International,,,,Importer,Chittagong,KOTRA_SNS_2025,화장품/뷰티
330499,PK,no,,,,Importer,Karachi,KOTRA_SNS_2025,화장품/뷰티
330790,IN,Lokah,,,,Importer,Ernakulam,KOTRA_SNS_2025,화장품/뷰티
330499,IN,Hrim Enterprise,,,,Importer,Ahmedabad,KOTRA_SNS_2025,화장품/뷰티
330491,IN,Hyderabad,,,,Importer,Hyderabad,KOTRA_SNS_2025,화장품/뷰티
330491,PK,Wajid khan salon,,,,Importer,Karachi,KOTRA_SNS_2025,화장품/뷰티
330499,PK,Medigreen Pharmacy,,,,Importer,Islamabad,KOTRA_SNS_2025,화장품/뷰티
330499,PK,Demands Media,,,,Importer,Lahore,KOTRA_SNS_2025,화장품/뷰티
330499,IN,Ideas plus technology solutions pvt ltd,,,,Importer,Bharuch,KOTRA_SNS_2025,화장품/뷰티
330499,BD,Plasma A Sustainable Chemistry Digital Institute,,,,Importer,Dhaka,KOTRA_SNS_2025,화장품/뷰티
330499,PK,Ahmad Marketing and distribution network,,,,Importer,sahiwal,KOTRA_SNS_2025,화장품/뷰티
330499,BD,ABCO Ltd,,,,Importer,Dhaka,KOTRA_SNS_2025,화장품/뷰티
330790,PK,aynurfoods,,,,Importer,Karachi,KOTRA_SNS_2025,화장품/뷰티
330499,PK,exhiVits,,,,Importer,Karachi,KOTRA_SNS_2025,화장품/뷰티
330499,CL,IPS,,,,Importer,Lhr,KOTRA_SNS_2025,화장품/뷰티
330499,PK,Sadias,,,,Importer,Rawalpindi,KOTRA_SNS_2025,화장품/뷰티
330499,IN,ASTHA,,,,Importer,Alipurduar,KOTRA_SNS_2025,화장품/뷰티
330430,PK,ayesha online store,,,,Importer,batkhela.district malakand.,KOTRA_SNS_2025,화장품/뷰티
330499,PK,M Alam & Sons,,,,Importer,"Ghakkhar, Gujranwala",KOTRA_SNS_2025,화장품/뷰티
330499,BD,awal enterprize,,,,Importer,Dhaka,KOTRA_SNS_2025,화장품/뷰티
330420,PK,HBL,,,,Importer,Rawalpindi,KOTRA_SNS_2025,화장품/뷰티
330499,PK,Elegance Cosmetics,,,,Importer,Karachi,KOTRA_SNS_2025,화장품/뷰티
330790,IN,teacher,,,,Importer,noida,KOTRA_SNS_2025,화장품/뷰티
330499,PK,Oriflame,,,,Importer,Faisalabad,KOTRA_SNS_2025,화장품/뷰티
330499,IN,narpavi enterprises and services,,,,Importer,kumbakonam,KOTRA_SNS_2025,화장품/뷰티
330491,PK,FINCA Microfinance Bank Limited,,,,Importer,Rawalpindi,KOTRA_SNS_2025,화장품/뷰티
330410,US,Wer,,,,Importer,Delhi,KOTRA_SNS_2025,화장품/뷰티
330499,BD,Lotus Shares & Securities Ltd,,,,Importer,Chittagong,KOTRA_SNS_2025,화장품/뷰티
330499,PH,A.A.V. Talents Training & Management Enterprises,,,,Importer,Paraaque,KOTRA_SNS_2025,화장품/뷰티
330790,PH,Service teknicol,,,,Importer,Taguig,KOTRA_SNS_2025,화장품/뷰티
330499,PH,unemployed,,,,Importer,PULILAN,KOTRA_SNS_2025,화장품/뷰티
330499,PH,Municipality of Guiguinto,,,,Importer,Bulakan,KOTRA_SNS_2025,화장품/뷰티
330790,ID,Cece lunch box,,,,Importer,Jakarta,KOTRA_SNS_2025,화장품/뷰티
330499,MY,kencana food,,,,Importer,kedah,KOTRA_SNS_2025,화장품/뷰티
330499,PH,IM MEDIA.PH INC.,,,,Importer,Paranaque City,KOTRA_SNS_2025,화장품/뷰티
330499,PH,Jateser Fusion,,,,Importer,Cainta,KOTRA_SNS_2025,화장품/뷰티
330499,PH,non,,,,Importer,quilib rosario batangas,KOTRA_SNS_2025,화장품/뷰티
330499,PH,ICON Ideal Concepts,,,,Importer,Cagayan de Oro,KOTRA_SNS_2025,화장품/뷰티
330499,PH,free lance,,,,Importer,Philippines,KOTRA_SNS_2025,화장품/뷰티
330499,PH,"Pinoy Modern Farms, Inc.",,,,Importer,Quezon City Philippines,KOTRA_SNS_2025,화장품/뷰티
330499,PH,MSR Healthcare Inc .,,,,Importer,San Jose del Monte City,KOTRA_SNS_2025,화장품/뷰티
330499,ID,My Own Company,,,,Importer,Batam,KOTRA_SNS_2025,화장품/뷰티
330499,PH,OCD,,,,Importer,Puerto Princesa,KOTRA_SNS_2025,화장품/뷰티
330499,PH,Self Employed,,,,Importer,Quezon City,KOTRA_SNS_2025,화장품/뷰티
330410,PH,Golden Glow Skin Solutions Inc.,,,,Importer,Quezon City,KOTRA_SNS_2025,화장품/뷰티
330499,PH,S&L International,,,,Importer,Baguio City,KOTRA_SNS_2025,화장품/뷰티
330499,JO,Compass for Security System,,,,Importer,Amman,KOTRA_SNS_2025,화장품/뷰티
330499,AE,Al Amazon building construction llc,,,,Importer,Sharjah,KOTRA_SNS_2025,화장품/뷰티
330499,OM,University of Technology and Applied Sciences,,,,Importer,Sohar,KOTRA_SNS_2025,화장품/뷰티
330499,MA,Global Hygienic group,,,,Importer,Casablanca,KOTRA_SNS_2025,화장품/뷰티
330499,EG,gh,,,,Importer,Cairo,KOTRA_SNS_2025,화장품/뷰티
330300,EG,Aboelsoud Import & Export Co.EGYPT,,,,Importer,Alexandria,KOTRA_SNS_2025,화장품/뷰티
330499,TR,optimum makine,,,,Importer,Konya,KOTRA_SNS_2025,화장품/뷰티
330420,EG,MKUP,,,,Importer,Cairo,KOTRA_SNS_2025,화장품/뷰티
330499,AE,Neo news,,,,Importer,Dubai,KOTRA_SNS_2025,화장품/뷰티
330499,JP,Shonan Izumi Hospital,,,,Importer,Yokohama,KOTRA_SNS_2025,화장품/뷰티
330499,JP,Happy tex international,,,,Importer,wakabayashi,KOTRA_SNS_2025,화장품/뷰티
330499,JP,Tokyo Institute of Technology,,,,Importer,Yokohama,KOTRA_SNS_2025,화장품/뷰티
330420,JP,Special nursing home,,,,Importer,Hamamatsu,KOTRA_SNS_2025,화장품/뷰티
330499,PE,ibs support sac,,,,Importer,Lima,KOTRA_SNS_2025,화장품/뷰티
330499,EC,marcapura,,,,Importer,Cuenca,KOTRA_SNS_2025,화장품/뷰티
330499,CL,Banco Santander,,,,Importer,Santiago,KOTRA_SNS_2025,화장품/뷰티
330499,CO,garantisa,,,,Importer,Bucaramanga,KOTRA_SNS_2025,화장품/뷰티
330491,MX,n,,,,Importer,Oaxaca de Jurez,KOTRA_SNS_2025,화장품/뷰티
330499,PE,Chapra store,,,,Importer,Arequipa,KOTRA_SNS_2025,화장품/뷰티
330410,PE,The playful english Academy,,,,Importer,Hunuco,KOTRA_SNS_2025,화장품/뷰티
330499,CO,D&C GROUP COSMETIC SAS,,,,Importer,Villavicencio,KOTRA_SNS_2025,화장품/뷰티
330499,ES,Karina Montoya,,,,Importer,Alicante,KOTRA_SNS_2025,화장품/뷰티
330499,MX,Laboratorios DermaStore,,,,Importer,Mexico City,KOTRA_SNS_2025,화장품/뷰티
330499,CO,JJ'S Pizzeria,,,,Importer,Villavicencio,KOTRA_SNS_2025,화장품/뷰티
330499,PE,Tarjeta Naranja,,,,Importer,Huancayo,KOTRA_SNS_2025,화장품/뷰티
330499,BR,Loja infinita,,,,Importer,Florianpolis,KOTRA_SNS_2025,화장품/뷰티
330499,MX,MAYRA,,,,Importer,Guadalajara,KOTRA_SNS_2025,화장품/뷰티
330420,MX,GIST: Gwangju Institute of Science and Technology,,,,Importer,Mxico,KOTRA_SNS_2025,화장품/뷰티
330499,GT,Pronatt,,,,Importer,Guatemala City,KOTRA_SNS_2025,화장품/뷰티
330430,AR,inversiones DJ86,,,,Importer,buenos aires,KOTRA_SNS_2025,화장품/뷰티
330499,CL,Unnie Beauty,,,,Importer,Santiago,KOTRA_SNS_2025,화장품/뷰티
330499,MX,Gobierno Estatal,,,,Importer,Monterrey,KOTRA_SNS_2025,화장품/뷰티
330499,MX,De Todo,,,,Importer,Santa Matilde,KOTRA_SNS_2025,화장품/뷰티
330510,AR,Independiente,,,,Importer,Buenos Aires,KOTRA_SNS_2025,화장품/뷰티
330499,EC,HOSPITAL DEL IESS MACHALA,,,,Importer,Machala,KOTRA_SNS_2025,화장품/뷰티
330499,CO,Kiwi Shop,,,,Importer,Medelln,KOTRA_SNS_2025,화장품/뷰티
330499,PE,Camuente s.a,,,,Importer,Lima,KOTRA_SNS_2025,화장품/뷰티
330499,PE,ninguna,,,,Importer,Arequipa,KOTRA_SNS_2025,화장품/뷰티
330499,CO,Fenix,,,,Importer,Bogot,KOTRA_SNS_2025,화장품/뷰티
330499,GT,Naturel,,,,Importer,Ciudad de Guatemala,KOTRA_SNS_2025,화장품/뷰티
330499,PK,corporate freedom,,,,Importer,Karachi,KOTRA_SNS_2025,화장품/뷰티
330410,PK,albert pharma pvt ltd,,,,Importer,Lahore,KOTRA_SNS_2025,화장품/뷰티
330499,US,global trading corporation,,,,Importer,New York,KOTRA_SNS_2025,화장품/뷰티
330499,PK,Wapda,,,,Importer,Hyderabad,KOTRA_SNS_2025,화장품/뷰티
340111,PK,AHK,,,,Importer,Karachi,KOTRA_SNS_2025,화장품/뷰티
330499,IN,hotice,,,,Importer,Srinagar,KOTRA_SNS_2025,화장품/뷰티
330499,PK,Journalists For International Peace,,,,Importer,dinga,KOTRA_SNS_2025,화장품/뷰티
330499,PK,Yunus Textile,,,,Importer,Karachi,KOTRA_SNS_2025,화장품/뷰티
330499,BD,Global hitech,,,,Importer,dhaka,KOTRA_SNS_2025,화장품/뷰티
330510,PK,Akbar Industrial companies Ltd,,,,Importer,Lahore,KOTRA_SNS_2025,화장품/뷰티
330590,NG,beau la fragrance,,,,Importer,Abuja,KOTRA_SNS_2025,화장품/뷰티
330499,KE,Tamarisk,,,,Importer,Nairobi,KOTRA_SNS_2025,화장품/뷰티
330499,KE,Light & Hope for Children with Disabilities,,,,Importer,Nairobi,KOTRA_SNS_2025,화장품/뷰티
330499,NG,UNANIA COUTURE,,,,Importer,Lagos,KOTRA_SNS_2025,화장품/뷰티
330499,NG,Beryl Creative,,,,Importer,Lagos,KOTRA_SNS_2025,화장품/뷰티
330410,NG,j rose ventures,,,,Importer,ibadan,KOTRA_SNS_2025,화장품/뷰티
330499,KE,Chassy ltd,,,,Importer,Nairobi,KOTRA_SNS_2025,화장품/뷰티
330590,EG,Rozalinda,,,,Importer,Istanbul,KOTRA_SNS_2025,화장품/뷰티
330499,JO,Study play KG,,,,Importer,Amman,KOTRA_SNS_2025,화장품/뷰티
330499,QA,Hot Shot,,,,Importer,Doha,KOTRA_SNS_2025,화장품/뷰티
330499,SA,Nature Visions Trading,,,,Importer,Riyadh,KOTRA_SNS_2025,화장품/뷰티
330499,EG,Yasser chemical,,,,Importer,Giza,KOTRA_SNS_2025,화장품/뷰티
330790,JO,Alexandra,,,,Importer,Amman,KOTRA_SNS_2025,화장품/뷰티
330499,QA,Adamson University,,,,Importer,Doha,KOTRA_SNS_2025,화장품/뷰티
330499,SN,Amy beauty &care,,,,Importer,Dakar,KOTRA_SNS_2025,화장품/뷰티
330499,KW,Arabella shop,,,,Importer,Kuwait City,KOTRA_SNS_2025,화장품/뷰티
330790,LY,Pharmacy,,,,Importer,Tobruk,KOTRA_SNS_2025,화장품/뷰티
330499,AE,Fash 21 Group,,,,Importer,Dubai,KOTRA_SNS_2025,화장품/뷰티
330499,JO,World Bank Project,,,,Importer,Amman,KOTRA_SNS_2025,화장품/뷰티
330499,OM,Facebook,,,,Importer,Seeb mabailah,KOTRA_SNS_2025,화장품/뷰티
330499,JO,SARZ,,,,Importer,Amman,KOTRA_SNS_2025,화장품/뷰티
330420,KW,Emviem globe,,,,Importer,mahboula,KOTRA_SNS_2025,화장품/뷰티
330499,OM,essence spa,,,,Importer,muscat,KOTRA_SNS_2025,화장품/뷰티
330499,JO,strategy,,,,Importer,Amman,KOTRA_SNS_2025,화장품/뷰티
330491,DZ,mairie de Bejaia,,,,Importer,Bejaia,KOTRA_SNS_2025,화장품/뷰티
330510,JO,production manager,,,,Importer,Amman,KOTRA_SNS_2025,화장품/뷰티
330499,EG,Online,,,,Importer,Cairo,KOTRA_SNS_2025,화장품/뷰티
330499,EG,STI Academy Private School Philippines,,,,Importer,Minya,KOTRA_SNS_2025,화장품/뷰티
330499,EG,Elokaby,,,,Importer,Abu Hummus,KOTRA_SNS_2025,화장품/뷰티
330410,MA,Facebook,,,,Importer,Rabat,KOTRA_SNS_2025,화장품/뷰티
330499,AE,Skin Clinic,,,,Importer,Dubai,KOTRA_SNS_2025,화장품/뷰티
330491,MA,Merie’s,,,,Importer,Casablanca,KOTRA_SNS_2025,화장품/뷰티
330790,BG,Suez Canal University,,,,Importer,Svishtov,KOTRA_SNS_2025,화장품/뷰티
330499,MA,Gm,,,,Importer,El jadida,KOTRA_SNS_2025,화장품/뷰티
330499,AE,Hydroequip LLC,,,,Importer,Dubai,KOTRA_SNS_2025,화장품/뷰티
330749,PH,MAZAHEER,,,,Importer,Ibra,KOTRA_SNS_2025,화장품/뷰티
330499,EG,Al Ahly Company'Momken,,,,Importer,Giza,KOTRA_SNS_2025,화장품/뷰티
330491,EG,EMC,,,,Importer,Cairo,KOTRA_SNS_2025,화장품/뷰티
330491,TR,Adriel hair with flare,,,,Importer,Tokat merkez,KOTRA_SNS_2025,화장품/뷰티
330499,MA,Agadir,,,,Importer,Agadir,KOTRA_SNS_2025,화장품/뷰티
330499,TR,Platco X Turkey,,,,Importer,Istanbul,KOTRA_SNS_2025,화장품/뷰티
330499,TR,language,,,,Importer,Istanbul,KOTRA_SNS_2025,화장품/뷰티
330499,LY,a.n boutique,,,,Importer,Benghazi,KOTRA_SNS_2025,화장품/뷰티
330499,SA,Preventionfield,,,,Importer,Riyadh,KOTRA_SNS_2025,화장품/뷰티
330499,TZ,Eunice,,,,Importer,Mwanza,KOTRA_SNS_2025,화장품/뷰티
330410,MZ,Infinity Styles,,,,Importer,Maputo,KOTRA_SNS_2025,화장품/뷰티
330420,NG,,,,,Importer,Ikorodu,KOTRA_SNS_2025,화장품/뷰티
340119,ZA,"Department of Sport, Arts & Culture",,,,Importer,Pretoria,KOTRA_SNS_2025,화장품/뷰티
330510,KE,cutting edge hair and beauty salon,,,,Importer,Nairobi,KOTRA_SNS_2025,화장품/뷰티
330499,KE,Skin serenity,,,,Importer,Nairobi,KOTRA_SNS_2025,화장품/뷰티
330410,ZA,ColourGrass WithToes,,,,Importer,Johannesburg,KOTRA_SNS_2025,화장품/뷰티
330499,KE,Brand ans style communications,,,,Importer,Nairobi,KOTRA_SNS_2025,화장품/뷰티
330499,NG,Queen of Lagosians,,,,Importer,Lagos,KOTRA_SNS_2025,화장품/뷰티
330499,TZ,Benchmark Productions,,,,Importer,Dar es Salaam,KOTRA_SNS_2025,화장품/뷰티
330499,KE,Excel fortune company Ltd,,,,Importer,Nairobi,KOTRA_SNS_2025,화장품/뷰티
330491,NG,Casaflo Realty,,,,Importer,Lagos,KOTRA_SNS_2025,화장품/뷰티
330410,ZA,private,,,,Importer,Johannesburg,KOTRA_SNS_2025,화장품/뷰티
330499,KE,FABHQ BEAUTY,,,,Importer,Nairobi,KOTRA_SNS_2025,화장품/뷰티
330499,ZA,Eazy Slim,,,,Importer,Durban,KOTRA_SNS_2025,화장품/뷰티
330499,KE,Gertrude's Children's Hospital,,,,Importer,Mombasa,KOTRA_SNS_2025,화장품/뷰티
330499,TZ,ZuRii Africa Ltd,,,,Importer,Dar es Salaam,KOTRA_SNS_2025,화장품/뷰티
330499,KE,"Nairobi, Kenya",,,,Importer,Nairobi,KOTRA_SNS_2025,화장품/뷰티
330410,KE,Skinique Kenya,,,,Importer,Nairobi,KOTRA_SNS_2025,화장품/뷰티
330790,KE,MyCredit Limited,,,,Importer,Nairobi,KOTRA_SNS_2025,화장품/뷰티
330499,KE,Alphadon Supplier's,,,,Importer,Nairobi,KOTRA_SNS_2025,화장품/뷰티
330499,GH,Global motors and trading company Ltd,,,,Importer,Accra,KOTRA_SNS_2025,화장품/뷰티
330499,ZA,A Humble Hunnii,,,,Importer,Johannesburg,KOTRA_SNS_2025,화장품/뷰티
330499,KE,Deniz International Ltd,,,,Importer,Nairobi,KOTRA_SNS_2025,화장품/뷰티
330499,KE,Am building my own empire,,,,Importer,Nairoba,KOTRA_SNS_2025,화장품/뷰티
330430,KE,Zindika ZaAfrika Heritage,,,,Importer,Nairobi,KOTRA_SNS_2025,화장품/뷰티
330499,NG,Lagos Computerised Vehicle Inspection Service,,,,Importer,Lagos,KOTRA_SNS_2025,화장품/뷰티
330499,DK,Lomax,,,,Importer,rslev,KOTRA_SNS_2025,화장품/뷰티
330491,RO,20 ani experien,,,,Importer,Bucharest,KOTRA_SNS_2025,화장품/뷰티
330790,RS,Klinicki centar Srbije,,,,Importer,Belgrade,KOTRA_SNS_2025,화장품/뷰티
330499,BG,Smiling Feet Fish Spa,,,,Importer,Varna,KOTRA_SNS_2025,화장품/뷰티
330499,BE,geen company,,,,Importer,Antwerp,KOTRA_SNS_2025,화장품/뷰티
330499,SK,Anna Sotikova,,,,Importer,Vranov,KOTRA_SNS_2025,화장품/뷰티
330420,GR,Teaching DegreeLink,,,,Importer,Mgara,KOTRA_SNS_2025,화장품/뷰티
330499,PL,Quality packers,,,,Importer,Warsaw,KOTRA_SNS_2025,화장품/뷰티
330499,RO,Hotel Royal I Urziceni,,,,Importer,Urziceni,KOTRA_SNS_2025,화장품/뷰티
330499,CZ,Krlovstv krsy s.r.o.,,,,Importer,Brno,KOTRA_SNS_2025,화장품/뷰티
330499,GR,Εγ,,,,Importer,Thessalonki,KOTRA_SNS_2025,화장품/뷰티
330499,PT,Gabinete Esttica Snia Coelho,,,,Importer,Sesimbra,KOTRA_SNS_2025,화장품/뷰티
330410,NL,Kruidvat,,,,Importer,Rotterdam,KOTRA_SNS_2025,화장품/뷰티
330491,BE,Nendo Addicts,,,,Importer,Broechem,KOTRA_SNS_2025,화장품/뷰티
330300,CZ,Royal Bridal,,,,Importer,Praha,KOTRA_SNS_2025,화장품/뷰티
330420,PT,Personal Brand,,,,Importer,Funchal,KOTRA_SNS_2025,화장품/뷰티
330790,PT,Entrechurrascos,,,,Importer,Peniche,KOTRA_SNS_2025,화장품/뷰티
330499,US,OVERHEAT,,,,Importer,Wilmington,KOTRA_SNS_2025,화장품/뷰티
330499,GB,Luminosa,,,,Importer,London,KOTRA_SNS_2025,화장품/뷰티
330499,HR,Interworld Italia Srls,,,,Importer,Copenhagen,KOTRA_SNS_2025,화장품/뷰티
330510,HR,Bio Refleks doo,,,,Importer,Zagreb,KOTRA_SNS_2025,화장품/뷰티
330499,RO,SC Ardealul Trading SRL,,,,Importer,Carei,KOTRA_SNS_2025,화장품/뷰티
330499,GR,Κατερνα Παπαγιαννη,,,,Importer,Κατερνα Παπαγιαννη,KOTRA_SNS_2025,화장품/뷰티
330420,HU,Eva_MUA,,,,Importer,Szeged,KOTRA_SNS_2025,화장품/뷰티
330499,FI,DziStar Digitals,,,,Importer,Helsinki,KOTRA_SNS_2025,화장품/뷰티
330499,PH,EDO Japanese Restaurant,,,,Importer,Manila,KOTRA_SNS_2025,화장품/뷰티
340130,RO,Coding Inventions,,,,Importer,Sfntu Gheorghe,KOTRA_SNS_2025,화장품/뷰티
330410,JP,self employed,,,,Importer,Gifu,KOTRA_SNS_2025,화장품/뷰티
330499,JP,wex,,,,Importer,chiba city,KOTRA_SNS_2025,화장품/뷰티
330499,JP,Intentando crear contenido,,,,Importer,oyama tochigi,KOTRA_SNS_2025,화장품/뷰티
330499,PH,hair power 88 salon,,,,Importer,antipolo,KOTRA_SNS_2025,화장품/뷰티
340130,PH,1Rotary,,,,Importer,Cainta,KOTRA_SNS_2025,화장품/뷰티
330499,PH,Oishi Chicken Wings,,,,Importer,san Rafael,KOTRA_SNS_2025,화장품/뷰티
330499,PH,Healthshed optical group,,,,Importer,Cabanatuan City,KOTRA_SNS_2025,화장품/뷰티
330499,PH,DIVA's hairstraightening salon,,,,Importer,meycauayan city,KOTRA_SNS_2025,화장품/뷰티
330499,PH,none,,,,Importer,Cotabato,KOTRA_SNS_2025,화장품/뷰티
330410,PH,PDN,,,,Importer,Dasmarias,KOTRA_SNS_2025,화장품/뷰티
330499,MY,Syarikat Pesona Mas,,,,Importer,Kuching,KOTRA_SNS_2025,화장품/뷰티
330499,PH,Beautihub Cosmetic Manufacturing Inc,,,,Importer,Quezon City,KOTRA_SNS_2025,화장품/뷰티
330499,AE,K.A. TRAVEL LEISURE TOURISM SERVICES,,,,Importer,Makati,KOTRA_SNS_2025,화장품/뷰티
330499,PH,Arls Olshoppe,,,,Importer,Manila,KOTRA_SNS_2025,화장품/뷰티
330610,ZA,MPC,,,,Importer,Cape Town,KOTRA_SNS_2025,화장품/뷰티
330499,GH,Oripee Elegance,,,,Importer,Accra,KOTRA_SNS_2025,화장품/뷰티
330499,KE,...,,,,Importer,Nairobi,KOTRA_SNS_2025,화장품/뷰티
330499,ZA,Nyeleti Consulting,,,,Importer,Pretoria,KOTRA_SNS_2025,화장품/뷰티
330499,US,DXN,,,,Importer,Nairobi Kenya,KOTRA_SNS_2025,화장품/뷰티
330499,NG,Touch of Michelles,,,,Importer,Abuja,KOTRA_SNS_2025,화장품/뷰티
330499,ZA,Zee Parfum,,,,Importer,Midrand,KOTRA_SNS_2025,화장품/뷰티
330499,NG,JUDGEKENS GLOBAL,,,,Importer,LAGOS,KOTRA_SNS_2025,화장품/뷰티
330499,NG,De Chenshi New Media Consultant,,,,Importer,Abuja,KOTRA_SNS_2025,화장품/뷰티
330499,KE,Kavis store,,,,Importer,Nairobi,KOTRA_SNS_2025,화장품/뷰티
330499,ZA,The Branding Hub,,,,Importer,Johannesburg,KOTRA_SNS_2025,화장품/뷰티
330499,NG,fashion concept,,,,Importer,Lagos,KOTRA_SNS_2025,화장품/뷰티
330499,NG,"Abuja, Nigeria",,,,Importer,Mararaba,KOTRA_SNS_2025,화장품/뷰티
330499,PA,Maquillaje en Oferta,,,,Importer,Cocl,KOTRA_SNS_2025,화장품/뷰티
330610,IN,Nilkanth Entreprise,,,,Importer,Rajkot,KOTRA_SNS_2025,화장품/뷰티
330610,IN,Vardayaini,,,,Importer,Delhi,KOTRA_SNS_2025,화장품/뷰티
330499,IN,R R Enterprises,,,,Importer,Bhiwandi,KOTRA_SNS_2025,화장품/뷰티
330499,IN,Brand Factory,,,,Importer,Mumbai,KOTRA_SNS_2025,화장품/뷰티
330610,IN,IB trading.co.,,,,Importer,Delhi,KOTRA_SNS_2025,화장품/뷰티
330610,IN,College Sutdent,,,,Importer,Surat,KOTRA_SNS_2025,화장품/뷰티
330610,IN,BHARGAV TRADING CORPORATION,,,,Importer,NAGPUR,KOTRA_SNS_2025,화장품/뷰티
330610,IN,Swiss tech,,,,Importer,Vadodara,KOTRA_SNS_2025,화장품/뷰티
330499,IN,No,,,,Importer,Namakkal,KOTRA_SNS_2025,화장품/뷰티
330610,IN,ESCA Agrovet,,,,Importer,New Delhi,KOTRA_SNS_2025,화장품/뷰티
330499,IN,Yes,,,,Importer,Haldwani Nainital Uttarakhand,KOTRA_SNS_2025,화장품/뷰티
330499,IN,Global Decor ltd,,,,Importer,Surat,KOTRA_SNS_2025,화장품/뷰티
330499,IN,Pushti industries,,,,Importer,jaipur,KOTRA_SNS_2025,화장품/뷰티
330499,IN,Chingari,,,,Importer,Hyderabad,KOTRA_SNS_2025,화장품/뷰티
330790,BD,Metal Craft BD,,,,Importer,Dhaka,KOTRA_SNS_2025,화장품/뷰티
330499,ID,Beauty line,,,,Importer,Jakarta,KOTRA_SNS_2025,화장품/뷰티
330499,NG,Everworth Integrated Limited,,,,Importer,"agbara, ogun state",KOTRA_SNS_2025,화장품/뷰티
330499,NG,RAW EXCELLENCE,,,,Importer,Abuja,KOTRA_SNS_2025,화장품/뷰티
330499,NG,Global TV,,,,Importer,Lagos,KOTRA_SNS_2025,화장품/뷰티
330499,NG,Millie’s beauty,,,,Importer,Abeokuta,KOTRA_SNS_2025,화장품/뷰티
330499,NG,T Pearl stores,,,,Importer,Lagos,KOTRA_SNS_2025,화장품/뷰티
330610,NG,Shimmer luxury,,,,Importer,Ilaro,KOTRA_SNS_2025,화장품/뷰티
330499,NG,Damix Energy Ltd,,,,Importer,Lagos,KOTRA_SNS_2025,화장품/뷰티
330499,NG,palmpaula,,,,Importer,"Asaba,Delta State",KOTRA_SNS_2025,화장품/뷰티
330499,IN,kim gemstones,,,,Importer,Delhi,KOTRA_SNS_2025,화장품/뷰티
340120,US,Ologe industries inc,,,,Importer,Bronx,KOTRA_SNS_2025,화장품/뷰티
330499,JP,Braun or samsung,,,,Importer,Yokohama,KOTRA_SNS_2025,화장품/뷰티
330499,US,La Petite Beauty Salon,,,,Importer,Los Angeles,KOTRA_SNS_2025,화장품/뷰티
330499,IN,Krowice enterprises,,,,Importer,Delhi,KOTRA_SNS_2025,화장품/뷰티
330499,US,Bank Alfalah Islamic,,,,Importer,Karachi,KOTRA_SNS_2025,화장품/뷰티
330499,BD,ZR Jute,,,,Importer,Dhaka,KOTRA_SNS_2025,화장품/뷰티
330610,IN,TRITHVAM INTEGRIS,,,,Importer,thrissur,KOTRA_SNS_2025,화장품/뷰티
330410,MN,National Cancer Center of Mongolia,,,,Importer,Ulaanbaatar,KOTRA_SNS_2025,화장품/뷰티
330499,EG,"Industrial Modernization Centre, IMC, Egypt 2",,,,Importer,Cairo,KOTRA_SNS_2025,화장품/뷰티
330510,TR,7G CONSULTING LIMITED,,,,Importer,istanbul,KOTRA_SNS_2025,화장품/뷰티
330300,NG,FrieslandCampina Wamco PLC,,,,Importer,Sokoto,KOTRA_SNS_2025,화장품/뷰티
330790,TZ,Nafis Hardware & Electrical,,,,Importer,dar es salaam,KOTRA_SNS_2025,화장품/뷰티
330499,KH,Senior Medical Representative,,,,Importer,Phnom Penh,KOTRA_SNS_2025,화장품/뷰티
330499,PK,Not yet,,,,Importer,Lahore,KOTRA_SNS_2025,화장품/뷰티
330499,LY,Pure,,,,Importer,Tripoli,KOTRA_SNS_2025,화장품/뷰티
330499,PE,Consultoria,,,,Importer,Lima,KOTRA_SNS_2025,화장품/뷰티
330499,CO,Airlaf Internacional  S.A.S,,,,Importer,"Bogota, D.C.",KOTRA_SNS_2025,화장품/뷰티
330499,HU,Ft a napnl,,,,Importer,Vrpalota,KOTRA_SNS_2025,화장품/뷰티
330499,US,Au Natural Skin rejuvenating Center,,,,Importer,Oakland California,KOTRA_SNS_2025,화장품/뷰티
330499,US,MiK Enterprises LLC,,,,Importer,West Valley City,KOTRA_SNS_2025,화장품/뷰티
330499,US,SOULWELNESS,,,,Importer,Fairfax,KOTRA_SNS_2025,화장품/뷰티
340120,ID,Brother,,,,Importer,Yogyakarta,KOTRA_SNS_2025,화장품/뷰티
330499,ID,Beauty harbor,,,,Importer,Surabaya,KOTRA_SNS_2025,화장품/뷰티
330499,US,.,,,,Importer,Batu Pahat,KOTRA_SNS_2025,화장품/뷰티
330499,TW,standrix,,,,Importer,Taipei,KOTRA_SNS_2025,화장품/뷰티
330499,IL,OMyGuide!,,,,Importer,Pardes Hanah,KOTRA_SNS_2025,화장품/뷰티
340120,US,Nng,,,,Importer,Hi Phng,KOTRA_SNS_2025,화장품/뷰티
330499,VN,Thnh ph H Ch Minh,,,,Importer,Ho Chi Minh City,KOTRA_SNS_2025,화장품/뷰티
330499,HK,Spark Buy,,,,Importer,Hong Kong,KOTRA_SNS_2025,화장품/뷰티
340120,HK,Franwood,,,,Importer,Kowloon,KOTRA_SNS_2025,화장품/뷰티
330499,MY,Wazdar,,,,Importer,Kuala lumpur,KOTRA_SNS_2025,화장품/뷰티
340111,PH,Taguig Pateros District Hospital,,,,Importer,Taguig,KOTRA_SNS_2025,화장품/뷰티
330499,RO,Steel Consult,,,,Importer,Bucharest,KOTRA_SNS_2025,화장품/뷰티
330499,MN,Barbersupply LLC,,,,Importer,Ulaanbaatar,KOTRA_SNS_2025,화장품/뷰티
330499,MN,Chandmani consulting LLC,,,,Importer,Ulaanbaatar,KOTRA_SNS_2025,화장품/뷰티
330499,MN,Mchbs llc,,,,Importer,Ulaanbaatar,KOTRA_SNS_2025,화장품/뷰티
330499,MN,Улаанбаатар,,,,Importer,Ulaanbaatar,KOTRA_SNS_2025,화장품/뷰티
340119,MN,Nomin trading,,,,Importer,Ulaanbaatar,KOTRA_SNS_2025,화장품/뷰티
330499,IN,Nulite Professionnel,,,,Importer,Amritsar,KOTRA_SNS_2025,화장품/뷰티
330610,IN,Lap In,,,,Importer,Karad,KOTRA_SNS_2025,화장품/뷰티
330499,US,Creative concept,,,,Importer,Ludhiana,KOTRA_SNS_2025,화장품/뷰티
330499,IN,Da kasha,,,,Importer,Varanasi,KOTRA_SNS_2025,화장품/뷰티
330499,IN,Extasy healthcare pvt ltd,,,,Importer,Bangalore,KOTRA_SNS_2025,화장품/뷰티
330499,IN,As products,,,,Importer,Pune,KOTRA_SNS_2025,화장품/뷰티
330610,IN,G2 enterprise,,,,Importer,Surat,KOTRA_SNS_2025,화장품/뷰티
330499,IN,Arty Enterprises,,,,Importer,Mumbai,KOTRA_SNS_2025,화장품/뷰티
330499,IN,Vanalaya,,,,Importer,Bangalore,KOTRA_SNS_2025,화장품/뷰티
330499,MN,Hunee Khas XXK,,,,Importer,Ulaanbaatar,KOTRA_SNS_2025,화장품/뷰티
330499,IN,RPL enterprises,,,,Importer,Delhi,KOTRA_SNS_2025,화장품/뷰티
330610,IN,Oriflame India Pvt. Ltd.,,,,Importer,New Delhi,KOTRA_SNS_2025,화장품/뷰티
330499,IN,JK Engg.Co. W/app 9450142211,,,,Importer,KANPUR. 208001,KOTRA_SNS_2025,화장품/뷰티
330499,IN,Sandeep enterprises,,,,Importer,Hardoi,KOTRA_SNS_2025,화장품/뷰티
330499,IN,Hebe,,,,Importer,Delhi,KOTRA_SNS_2025,화장품/뷰티
330499,IN,Hrim Enterprise,,,,Importer,Ahmedabad,KOTRA_SNS_2025,화장품/뷰티
330499,IN,Kakkar drinks company,,,,Importer,Hisar,KOTRA_SNS_2025,화장품/뷰티
330499,NG,Shop Uduakish,,,,Importer,Lagos,KOTRA_SNS_2025,화장품/뷰티
330499,NG,Jay store,,,,Importer,Lagos,KOTRA_SNS_2025,화장품/뷰티
330499,NG,Self Employed,,,,Importer,Ibadan,KOTRA_SNS_2025,화장품/뷰티
330610,NG,fgmc,,,,Importer,portharcourt,KOTRA_SNS_2025,화장품/뷰티
330499,KE,Self Employed and Loving It!,,,,Importer,Nairobi,KOTRA_SNS_2025,화장품/뷰티
330790,NG,North Worth,,,,Importer,Lagos,KOTRA_SNS_2025,화장품/뷰티
330499,ZA,Sethulo Sami,,,,Importer,Durban,KOTRA_SNS_2025,화장품/뷰티
330410,NG,Thrillers Integrated Services Limited,,,,Importer,Port Harcourt,KOTRA_SNS_2025,화장품/뷰티
330499,NG,Self Employed,,,,Importer,Port Harcourt,KOTRA_SNS_2025,화장품/뷰티
330499,KE,Self Employed,,,,Importer,Earth,KOTRA_SNS_2025,화장품/뷰티
330499,TZ,Nuru Spa and Wellness (Nyuki Co Ltd),,,,Importer,Zanzibar,KOTRA_SNS_2025,화장품/뷰티
330499,KE,Shree Hindu Mandal Hospital,,,,Importer,Nairobi,KOTRA_SNS_2025,화장품/뷰티
330510,KE,,,,,Importer,Old Mombasa,KOTRA_SNS_2025,화장품/뷰티
330410,KE,Celebrity Brands HL,,,,Importer,Nairobi,KOTRA_SNS_2025,화장품/뷰티
330499,TZ,Farha,,,,Importer,Dar es Salaam,KOTRA_SNS_2025,화장품/뷰티
330499,ZA,SANRAL,,,,Importer,Durbanville,KOTRA_SNS_2025,화장품/뷰티
330499,ZA,mg beauty,,,,Importer,Cape Town,KOTRA_SNS_2025,화장품/뷰티
330499,KE,Halifax Estate Agency,,,,Importer,Nairobi,KOTRA_SNS_2025,화장품/뷰티
330499,GH,Dble Enterprises,,,,Importer,Lagos,KOTRA_SNS_2025,화장품/뷰티
330499,ZA,Design & Build UK,,,,Importer,Cape Town,KOTRA_SNS_2025,화장품/뷰티
330499,TZ,Agriteam health Tanzania,,,,Importer,Dar es Salaam,KOTRA_SNS_2025,화장품/뷰티
330420,ZA,Fairheads Benefit Services,,,,Importer,Pinetown,KOTRA_SNS_2025,화장품/뷰티
330499,KE,Freelance retail trader,,,,Importer,Mombassa,KOTRA_SNS_2025,화장품/뷰티
330430,KE,Rasanyo Farm,,,,Importer,Nairobi,KOTRA_SNS_2025,화장품/뷰티
330499,ZA,PEP,,,,Importer,Bloemfontein,KOTRA_SNS_2025,화장품/뷰티
330510,ZA,Kibo Connect,,,,Importer,Cape Town,KOTRA_SNS_2025,화장품/뷰티
330499,IN,shivi apparels,,,,Importer,Bhilwara,KOTRA_SNS_2025,화장품/뷰티
330499,IN,"NoT yeT woRkiNg !! iM stiLl stUdYinG !!hehe, im still youth",,,,Importer,Banglore,KOTRA_SNS_2025,화장품/뷰티
330610,IN,Panipat,,,,Importer,Panipat,KOTRA_SNS_2025,화장품/뷰티
330499,IN,Dhanush Hospital,,,,Importer,Bangalore,KOTRA_SNS_2025,화장품/뷰티
330499,IN,Expedition,,,,Importer,Trivandrum,KOTRA_SNS_2025,화장품/뷰티
330499,US,bareelegant.com,,,,Importer,Minneapolis,KOTRA_SNS_2025,화장품/뷰티
330610,US,Sabbskin,,,,Importer,Chicago,KOTRA_SNS_2025,화장품/뷰티
330499,CA,7 Industries Sales and Marketing,,,,Importer,Toronto,KOTRA_SNS_2025,화장품/뷰티
330499,US,Nursing home,,,,Importer,Baltimore,KOTRA_SNS_2025,화장품/뷰티
330610,IN,Anonymous,,,,Importer,Nerul,KOTRA_SNS_2025,화장품/뷰티
330499,IN,Green Roots,,,,Importer,Chennai,KOTRA_SNS_2025,화장품/뷰티
330499,US,Big Lots,,,,Importer,Tampa,KOTRA_SNS_2025,화장품/뷰티
330499,US,Nurmahal enterprises,,,,Importer,Ludhiana,KOTRA_SNS_2025,화장품/뷰티
330610,US,FedEx,,,,Importer,Baton Rouge,KOTRA_SNS_2025,화장품/뷰티
330499,PH,Dorotheo Corp,,,,Importer,Cavite,KOTRA_SNS_2025,화장품/뷰티
330690,BD,Brutex international,,,,Importer,Dhaka,KOTRA_SNS_2025,화장품/뷰티
330499,IN,Rightbrain Creations Pvt Ltd,,,,Importer,Udaipur,KOTRA_SNS_2025,화장품/뷰티
340120,IN,Shri Balaji Petroleoum,,,,Importer,Rishikesh,KOTRA_SNS_2025,화장품/뷰티
330420,BD,Raseen Skin Care & Cosmetic,,,,Importer,Narayanganj,KOTRA_SNS_2025,화장품/뷰티
330499,PK,Neco packaging,,,,Importer,Lahore,KOTRA_SNS_2025,화장품/뷰티
330499,AU,Luck Mart,,,,Importer,Dhaka,KOTRA_SNS_2025,화장품/뷰티
330499,AU,Caelus International,,,,Importer,Sydney,KOTRA_SNS_2025,화장품/뷰티
340130,PH,Elizabeth Mott,,,,Importer,Cebu City,KOTRA_SNS_2025,화장품/뷰티
330499,IN,vise organic,,,,Importer,Vadodara,KOTRA_SNS_2025,화장품/뷰티
330499,PK,zamin Traders,,,,Importer,Attock,KOTRA_SNS_2025,화장품/뷰티
330499,BD,Business,,,,Importer,Sylhet,KOTRA_SNS_2025,화장품/뷰티
330690,PH,MML 101 EVENT ORGANIZER,,,,Importer,Binn,KOTRA_SNS_2025,화장품/뷰티
330499,US,Jciamglobal solution,,,,Importer,New York,KOTRA_SNS_2025,화장품/뷰티
330499,US,Geneste family corp,,,,Importer,Boston,KOTRA_SNS_2025,화장품/뷰티
330410,BD,Business,,,,Importer,Dhaka,KOTRA_SNS_2025,화장품/뷰티
330499,US,Charms beauty pvt ltd,,,,Importer,Delhi,KOTRA_SNS_2025,화장품/뷰티
330749,IN,STARTIME APPARELS,,,,Importer,Tirupur,KOTRA_SNS_2025,화장품/뷰티
330499,BD,Managing Director of MMT Technology Ltd,,,,Importer,Dhaka,KOTRA_SNS_2025,화장품/뷰티
330499,BG,Medical Devices,,,,Importer,Sofia,KOTRA_SNS_2025,화장품/뷰티
330499,UZ,Consumer Goods,,,,Importer,Tashkent,KOTRA_SNS_2025,화장품/뷰티
330499,NG,Behence industries Ltd.,,,,Importer,Lagos,KOTRA_SNS_2025,화장품/뷰티
330499,NG,Freelance,,,,Importer,Abuja,KOTRA_SNS_2025,화장품/뷰티
330610,NG,topepers incorporation nigeria,,,,Importer,enugu Nigeria,KOTRA_SNS_2025,화장품/뷰티
330610,NG,beauty home,,,,Importer,Awka,KOTRA_SNS_2025,화장품/뷰티
330610,NG,TRESHLOVE LIMITED,,,,Importer,Lagos Nigeria,KOTRA_SNS_2025,화장품/뷰티
330610,NG,Mriya Co Limited,,,,Importer,Abuja,KOTRA_SNS_2025,화장품/뷰티
330499,IN,jigarchaudhari85@gmail.com,,,,Importer,Mansa,KOTRA_SNS_2025,화장품/뷰티
330499,PH,GlamorousGlow Wellness Clinic,,,,Importer,Laoag City,KOTRA_SNS_2025,화장품/뷰티
330499,PH,Advect Marketing Corporation,,,,Importer,Manila,KOTRA_SNS_2025,화장품/뷰티
330499,MM,"Landa General Trading Co., Ltd",,,,Importer,Yangon,KOTRA_SNS_2025,화장품/뷰티
330690,PH,Calabon Dental Clinic And Laboratory,,,,Importer,san pablo city,KOTRA_SNS_2025,화장품/뷰티
330499,NG,Hundred Consult,,,,Importer,Abuja,KOTRA_SNS_2025,화장품/뷰티
330499,NG,LIQUOR STORE LIMITED,,,,Importer,LAGOS,KOTRA_SNS_2025,화장품/뷰티
330499,SS,Eaec,,,,Importer,Juba,KOTRA_SNS_2025,화장품/뷰티
330499,KE,My Happy Place,,,,Importer,Nairobi,KOTRA_SNS_2025,화장품/뷰티
330499,RO,Yaao beauty,,,,Importer,Bucharest,KOTRA_SNS_2025,화장품/뷰티
330499,KR,Grupo isopharma,,,,Importer,Quetzaltenango,KOTRA_SNS_2025,화장품/뷰티
330499,AR,Ikorso srl,,,,Importer,Buenos aires,KOTRA_SNS_2025,화장품/뷰티
330590,EC,Ikigai Group,,,,Importer,Quito,KOTRA_SNS_2025,화장품/뷰티
330499,PE,Kori Store Peru,,,,Importer,Lima,KOTRA_SNS_2025,화장품/뷰티
330499,EC,VELSAN,,,,Importer,Ambato,KOTRA_SNS_2025,화장품/뷰티
330410,PK,TaierAlmadina auto maint llc,,,,Importer,iquique,KOTRA_SNS_2025,화장품/뷰티
330790,PE,Unsaac,,,,Importer,Per,KOTRA_SNS_2025,화장품/뷰티
330499,EC,To be decided,,,,Importer,Cuenca,KOTRA_SNS_2025,화장품/뷰티
330499,PE,Venturaplaza,,,,Importer,Lima,KOTRA_SNS_2025,화장품/뷰티
330790,EC,Brizna corp,,,,Importer,Quito,KOTRA_SNS_2025,화장품/뷰티
330499,EC,Panchytoys.ec,,,,Importer,Quito,KOTRA_SNS_2025,화장품/뷰티
340119,KR,Duujin daajin LLC,,,,Importer,Seoul,KOTRA_SNS_2025,화장품/뷰티
330499,MN,UA International LLC,,,,Importer,Ulaanbaatar,KOTRA_SNS_2025,화장품/뷰티
330499,MN,ikh mungun gol,,,,Importer,Ulaanbaatar,KOTRA_SNS_2025,화장품/뷰티
330499,KZ,Daris Group,,,,Importer,Astana,KOTRA_SNS_2025,화장품/뷰티
330499,AZ,Versatile llc,,,,Importer,Baku,KOTRA_SNS_2025,화장품/뷰티
330410,PH,Mightymaxx,,,,Importer,Manila,KOTRA_SNS_2025,화장품/뷰티
330499,PH,Taguig Pateros District Hospital,,,,Importer,Taguig,KOTRA_SNS_2025,화장품/뷰티
330499,ID,Infokost.id,,,,Importer,Jakarta,KOTRA_SNS_2025,화장품/뷰티
330499,IN,Hakimi Enterprises,,,,Importer,Mumbai,KOTRA_SNS_2025,화장품/뷰티
330499,BD,volco Bangladesh Pvt. Ltd.,,,,Importer,Dhaka,KOTRA_SNS_2025,화장품/뷰티
330499,BD,Moni Family,,,,Importer,Dhaka,KOTRA_SNS_2025,화장품/뷰티
330499,PK,Qureshi Industries,,,,Importer,Islamabad,KOTRA_SNS_2025,화장품/뷰티
330499,IN,Sterlite Power,,,,Importer,"Jharsuguda, India",KOTRA_SNS_2025,화장품/뷰티
330790,CI,Ets TATARI,,,,Importer,"Abidjan , Cte d’Ivoire",KOTRA_SNS_2025,화장품/뷰티
330590,UA,Omoda.com.ua,,,,Importer,Khmelnitskiy Ukraine,KOTRA_SNS_2025,화장품/뷰티
330510,KZ,A cosmetics,,,,Importer,Almaty kazakhstan,KOTRA_SNS_2025,화장품/뷰티
330499,MN,Endermospa Mongolia,,,,Importer,"Ulaanbaatar,Mongolia",KOTRA_SNS_2025,화장품/뷰티
330420,MN,etude house,,,,Importer,Mongolia,KOTRA_SNS_2025,화장품/뷰티
330499,KZ,“Chef”,,,,Importer,"City Kyzylorda, Kazakhstan",KOTRA_SNS_2025,화장품/뷰티
330430,KZ,SIRIUS Star HOLDING,,,,Importer,Almaty Kazakhstan,KOTRA_SNS_2025,화장품/뷰티
330499,KZ,Аманат,,,,Importer,Almaty,KOTRA_SNS_2025,화장품/뷰티
330499,MN,GobiDara Mongolia,,,,Importer,Mongolia,KOTRA_SNS_2025,화장품/뷰티
330499,ZA,Onfluential Digital (pty) ltd,,,,Importer,Johannesburg,KOTRA_SNS_2025,화장품/뷰티
330499,DE,Cape3 Oil and Gas,,,,Importer,Accra,KOTRA_SNS_2025,화장품/뷰티
330499,PH,PwC Philippines,,,,Importer,"Metro Manila, Philippines",KOTRA_SNS_2025,화장품/뷰티
330499,ID,Gaea Branding,,,,Importer,"Jakarta, Indonesia",KOTRA_SNS_2025,화장품/뷰티
330499,ID,RC+CA Skincare,,,,Importer,"Tangerang Selatan, Indonesia",KOTRA_SNS_2025,화장품/뷰티
330499,PH,imeeguel cosmetic bar,,,,Importer,Angeles City Pampanga Philippines,KOTRA_SNS_2025,화장품/뷰티
330499,PH,Simplevia,,,,Importer,Philippines,KOTRA_SNS_2025,화장품/뷰티
330499,ID,PT Inovasi Teknologi Kosmetika,,,,Importer,Surabaya Indonesia,KOTRA_SNS_2025,화장품/뷰티
330499,PH,HSRM Ventures,,,,Importer,"manila, philippines",KOTRA_SNS_2025,화장품/뷰티
330499,PK,ZIMCO International Corporation,,,,Importer,"Lahore, Pakistan",KOTRA_SNS_2025,화장품/뷰티
330499,BD,Palamou,,,,Importer,"Dhaka , Bangladesh",KOTRA_SNS_2025,화장품/뷰티
330410,IN,Whirlpool,,,,Importer,"Pune, India",KOTRA_SNS_2025,화장품/뷰티
330499,NL,LabelC,,,,Importer,Amsterdam,KOTRA_SNS_2025,화장품/뷰티
330499,IN,Riko Riko co . Limited,,,,Importer,Jaipur,KOTRA_SNS_2025,화장품/뷰티
330499,DZ,Astalavista  sarl,,,,Importer,Algiers,KOTRA_SNS_2025,화장품/뷰티
330499,US,Kawaii Surprised,,,,Importer,Elk grove california,KOTRA_SNS_2025,화장품/뷰티
330510,IN,William healthcare solutions pvt ltd,,,,Importer,"Hyderabad, India",KOTRA_SNS_2025,화장품/뷰티
330499,IN,Young chemist pvt ltd,,,,Importer,Ahmedabad India,KOTRA_SNS_2025,화장품/뷰티
330499,IN,Global Chamber Of Commerce & Industry,,,,Importer,"Noida, India",KOTRA_SNS_2025,화장품/뷰티
330499,SA,Mnctc,,,,Importer,Riyadh,KOTRA_SNS_2025,화장품/뷰티
330499,TR,Turkish Business office,,,,Importer,stanbul,KOTRA_SNS_2025,화장품/뷰티
330499,UA,PROSPER S17 / MIDSUN / UA PHILANTHROP / AKVALEKAR,,,,Importer,"Kyiv City, Ukraine",KOTRA_SNS_2025,화장품/뷰티
330499,MN,AMU Consulting LLC,,,,Importer,"Ulaanbaatar, Mongolia",KOTRA_SNS_2025,화장품/뷰티
330499,IN,Trithvam integris pvt Ltd,,,,Importer,india,KOTRA_SNS_2025,화장품/뷰티
330499,IN,B d associates,,,,Importer,KOLKATA. INDIA,KOTRA_SNS_2025,화장품/뷰티
330499,IN,Eduvanti,,,,Importer,India,KOTRA_SNS_2025,화장품/뷰티
330499,IN,Slova Skincare,,,,Importer,"Hyderabad, India",KOTRA_SNS_2025,화장품/뷰티
330499,IN,Skiskin,,,,Importer,Delhi,KOTRA_SNS_2025,화장품/뷰티
330510,IN,Shree Steps,,,,Importer,Dehradun Uttarakhand India,KOTRA_SNS_2025,화장품/뷰티
330499,IN,"Northeast Venture Capital Fund, NEDFi",,,,Importer,"Imphal, Manipur, India",KOTRA_SNS_2025,화장품/뷰티
330499,PK,Nisha Beauty Salon,,,,Importer,"Karachi, Pakistan",KOTRA_SNS_2025,화장품/뷰티
330499,KZ,KZ BANK,,,,Importer,Almaty Kazakhstan,KOTRA_SNS_2025,화장품/뷰티
330410,KZ,AFB TRADE,,,,Importer,Almaty,KOTRA_SNS_2025,화장품/뷰티
330499,UZ,absolut partner,,,,Importer,tashkent,KOTRA_SNS_2025,화장품/뷰티
330499,SG,Oh my Chinggu PTE LTD,,,,Importer,Singapore,KOTRA_SNS_2025,화장품/뷰티
330491,ID,CV nurfitri mandiri,,,,Importer,Bandung,KOTRA_SNS_2025,화장품/뷰티
330499,PH,Abeautyfinds.ph,,,,Importer,Pasig City Philippines,KOTRA_SNS_2025,화장품/뷰티
330499,PH,idn holdings inc,,,,Importer,paranaque city philippines,KOTRA_SNS_2025,화장품/뷰티
330499,PH,Upwork,,,,Importer,Philippines,KOTRA_SNS_2025,화장품/뷰티
330491,EC,Ynviqta,,,,Importer,Quito,KOTRA_SNS_2025,화장품/뷰티
330499,NG,OSCARJAHMANN RESOURCES LTD.,,,,Importer,"LAGOS, NIGERIA.",KOTRA_SNS_2025,화장품/뷰티
330499,GH,Kanatco Ventures,,,,Importer,"Accra,Ghana",KOTRA_SNS_2025,화장품/뷰티
340119,PH,Isephil Tech Corp,,,,Importer,Manila Phlippines,KOTRA_SNS_2025,화장품/뷰티
340119,ID,Mierakigai,,,,Importer,Bandung,KOTRA_SNS_2025,화장품/뷰티
330499,ID,Blibli.com,,,,Importer,"Jakarta, Indonesia",KOTRA_SNS_2025,화장품/뷰티
330499,PH,Dermtropics,,,,Importer,Philippines,KOTRA_SNS_2025,화장품/뷰티
330499,PH,,,,,Importer,Manila Phillipines,KOTRA_SNS_2025,화장품/뷰티
330730,KE,Me,,,,Importer,Nairobi Kenya,KOTRA_SNS_2025,화장품/뷰티
330499,GH,Best Aid Chemist Limited,,,,Importer,"Kumasi, Ghana",KOTRA_SNS_2025,화장품/뷰티
330499,RO,Beautyko Online S.R.L,,,,Importer,"Ploiesti, Romania",KOTRA_SNS_2025,화장품/뷰티
330491,GR,Bakopoulos Ermis,,,,Importer,Greece,KOTRA_SNS_2025,화장품/뷰티
330499,CH,WESUB,,,,Importer,Lausanne Switzerland,KOTRA_SNS_2025,화장품/뷰티
330499,FI,HEEDO,,,,Importer,"Helsinki, Finland",KOTRA_SNS_2025,화장품/뷰티
330499,RO,Make up studio vivien,,,,Importer,Bucharest Romania,KOTRA_SNS_2025,화장품/뷰티
330499,BG,www.boralin.eu,,,,Importer,"Varna , Bulgaria",KOTRA_SNS_2025,화장품/뷰티
330499,IN,Tattvalogy,,,,Importer,"Delhi, India",KOTRA_SNS_2025,화장품/뷰티
330499,IN,Ri Shoppy,,,,Importer,Coimbatore India,KOTRA_SNS_2025,화장품/뷰티
330730,SG,ABC,,,,Importer,Singapore,KOTRA_SNS_2025,화장품/뷰티
330730,PH,Yoshibear Consumer Goods Trading,,,,Importer,Manila,KOTRA_SNS_2025,화장품/뷰티
330730,ID,Personal,,,,Importer,Bandar Lampung,KOTRA_SNS_2025,화장품/뷰티
330730,US,Banggai2,,,,Importer,Banggai,KOTRA_SNS_2025,화장품/뷰티
330499,PH,GL Truck Parts Trading,,,,Importer,MALABON CITY,KOTRA_SNS_2025,화장품/뷰티
330499,PH,Majorel Philippines,,,,Importer,Angeles Pampanga,KOTRA_SNS_2025,화장품/뷰티
330499,PH,Advance Intelligence Group,,,,Importer,Metro Manila,KOTRA_SNS_2025,화장품/뷰티
330499,PH,InstaOutsourcing,,,,Importer,Rizal,KOTRA_SNS_2025,화장품/뷰티
330499,PH,"Unilab, Inc.",,,,Importer,Metro Manila,KOTRA_SNS_2025,화장품/뷰티
330499,PH,"Ayala Land, Inc.",,,,Importer,Manila,KOTRA_SNS_2025,화장품/뷰티
330499,PH,Straits Interactive,,,,Importer,Quezon City,KOTRA_SNS_2025,화장품/뷰티
330499,PH,Pulse 63 Healthcare Ventures,,,,Importer,Manila,KOTRA_SNS_2025,화장품/뷰티
330499,PH,BDO Unibank,,,,Importer,Makati,KOTRA_SNS_2025,화장품/뷰티
330499,PH,HEplusUS Inc.,,,,Importer,Metro Manila,KOTRA_SNS_2025,화장품/뷰티
330499,PH,LOCAD,,,,Importer,Metro Manila,KOTRA_SNS_2025,화장품/뷰티
330499,PH,SGS & Co,,,,Importer,Binangonan,KOTRA_SNS_2025,화장품/뷰티
330499,PH,Freelancer.com,,,,Importer,Manila,KOTRA_SNS_2025,화장품/뷰티
330499,VN,Altech Computer System,,,,Importer,HCMC,KOTRA_SNS_2025,화장품/뷰티
330499,VN,Dong Nam IP,,,,Importer,Hanoi,KOTRA_SNS_2025,화장품/뷰티
330499,VN,K9 Company,,,,Importer,Ho Chi Minh City,KOTRA_SNS_2025,화장품/뷰티
330499,VN,Thit B Cng Ngh Vt T Y T i Vit,,,,Importer,Thi Bnh,KOTRA_SNS_2025,화장품/뷰티
330499,TH,Inter Beverages,,,,Importer,Bangkok,KOTRA_SNS_2025,화장품/뷰티
330499,TH,BINARY ASSOCIATES,,,,Importer,Bangkok,KOTRA_SNS_2025,화장품/뷰티
330499,OM,Engineering For Modern Technologies,,,,Importer,Muscat,KOTRA_SNS_2025,화장품/뷰티
330499,QA,NETS,,,,Importer,qatar,KOTRA_SNS_2025,화장품/뷰티
330499,KZ,Woosong University,,,,Importer,Daejon,KOTRA_SNS_2025,화장품/뷰티
330499,MN,Mongolian Marketing Association,,,,Importer,Ulaanbaatar,KOTRA_SNS_2025,화장품/뷰티
330499,UA,Суспльне Чернвц,,,,Importer,Chernivtsi,KOTRA_SNS_2025,화장품/뷰티
330499,UA,"ТРЦ ""АВРОРА""",,,,Importer,Ternopil,KOTRA_SNS_2025,화장품/뷰티
330499,UZ,SKOROXOD LLC,,,,Importer,TASHKENT,KOTRA_SNS_2025,화장품/뷰티
330499,UA,заместитель директора по учебной части,,,,Importer,Irpen,KOTRA_SNS_2025,화장품/뷰티
330499,UA,Джереля/Jerelia,,,,Importer,Kyiv,KOTRA_SNS_2025,화장품/뷰티
330499,UZ,"Tashkent, Uzbekistan",,,,Importer,Tashkent,KOTRA_SNS_2025,화장품/뷰티
330499,UA,Маркетолог,,,,Importer,Khmelnytskyi,KOTRA_SNS_2025,화장품/뷰티
330499,UA,менеджер по продажам,,,,Importer,Rivne,KOTRA_SNS_2025,화장품/뷰티
330499,AZ,RAM Holding,,,,Importer,Baku,KOTRA_SNS_2025,화장품/뷰티
330499,UZ,English life Andijan,,,,Importer,Uzbekistan,KOTRA_SNS_2025,화장품/뷰티
330499,UA,Маркетолог,,,,Importer,Vinnytsia,KOTRA_SNS_2025,화장품/뷰티
330499,UA,Диджитал маркетолог,,,,Importer,Khmelnytskyi,KOTRA_SNS_2025,화장품/뷰티
330499,UA,Технологя виробництва та переробки продукц тваринництва,,,,Importer,Khmelnytskyi,KOTRA_SNS_2025,화장품/뷰티
330499,UA,Начальник отдела,,,,Importer,Ternopil,KOTRA_SNS_2025,화장품/뷰티
330499,UA,Главный исполнительный директор,,,,Importer,Kherson,KOTRA_SNS_2025,화장품/뷰티
330499,UA,Ломбард УМКВ  Компаня м.Стрий,,,,Importer,Boguslav,KOTRA_SNS_2025,화장품/뷰티
330499,UA,Суспльне Луцьк,,,,Importer,Lutsk,KOTRA_SNS_2025,화장품/뷰티
330499,UA,менеджер по продажам,,,,Importer,Dnipro,KOTRA_SNS_2025,화장품/뷰티
330499,AZ,NAT,,,,Importer,Baku,KOTRA_SNS_2025,화장품/뷰티
330499,UA,Фнанси  кредит,,,,Importer,Mykolaiv,KOTRA_SNS_2025,화장품/뷰티
330499,KZ,Guzel',,,,Importer,Алматы,KOTRA_SNS_2025,화장품/뷰티
330499,UA,Маркетолог,,,,Importer,Lviv,KOTRA_SNS_2025,화장품/뷰티
330499,UA,"Маркетолог, таргетолог, смм",,,,Importer,Zhytomyr,KOTRA_SNS_2025,화장품/뷰티
330499,KZ,Elubai company ltd,,,,Importer,Astana,KOTRA_SNS_2025,화장품/뷰티
330499,UZ,ODIL XOQON,,,,Importer,Tashkent,KOTRA_SNS_2025,화장품/뷰티
330499,UA,Дизайн архитектурной среды,,,,Importer,Kyiv,KOTRA_SNS_2025,화장품/뷰티
330730,PH,Ecda const,,,,Importer,Taguig,KOTRA_SNS_2025,화장품/뷰티
330499,KZ,Boran,,,,Importer,Astana,KOTRA_SNS_2025,화장품/뷰티
330499,UA,частный предприниматель,,,,Importer,Uman,KOTRA_SNS_2025,화장품/뷰티
330499,UA,Таргетолог,,,,Importer,Lviv,KOTRA_SNS_2025,화장품/뷰티
330499,UA,менеджер по продажам,,,,Importer,Sumy,KOTRA_SNS_2025,화장품/뷰티
330499,KZ,AbdulHaseebLLC,,,,Importer,Astana,KOTRA_SNS_2025,화장품/뷰티
330730,ID,Digitec Jaya Indonesia,,,,Importer,Jakarta,KOTRA_SNS_2025,화장품/뷰티
330730,ID,PT. Yungshin,,,,Importer,Jakarta,KOTRA_SNS_2025,화장품/뷰티
330730,MM,Dinger,,,,Importer,Yangon,KOTRA_SNS_2025,화장품/뷰티
330730,ID,Eap,,,,Importer,Surabaya,KOTRA_SNS_2025,화장품/뷰티
330730,PH,YouTube,,,,Importer,Manila,KOTRA_SNS_2025,화장품/뷰티
330730,ID,solusi perkakas,,,,Importer,Jakarta,KOTRA_SNS_2025,화장품/뷰티
330730,MY,universiti islam antarabangsa sultan abdul halim,,,,Importer,alor setar,KOTRA_SNS_2025,화장품/뷰티
330730,MY,BRICHE LIFESTYLE HUB,,,,Importer,cheras,KOTRA_SNS_2025,화장품/뷰티
330730,PH,iclara skin aesthethic naturale,,,,Importer,Metro Manila,KOTRA_SNS_2025,화장품/뷰티
330730,PH,Confidential,,,,Importer,Abu Dhabi,KOTRA_SNS_2025,화장품/뷰티
330730,PH,Edric Djm Hauling Services,,,,Importer,Pque City,KOTRA_SNS_2025,화장품/뷰티
330730,VN,Nam An Solution,,,,Importer,Ho Chi Minh City,KOTRA_SNS_2025,화장품/뷰티
330730,PH,v castel trading,,,,Importer,Davao City,KOTRA_SNS_2025,화장품/뷰티
330730,ID,43 group,,,,Importer,Jakarta pusat,KOTRA_SNS_2025,화장품/뷰티
330730,PH,grandialand,,,,Importer,Hermosa,KOTRA_SNS_2025,화장품/뷰티
330730,ID,Entrepreneur,,,,Importer,Jakarta,KOTRA_SNS_2025,화장품/뷰티
330730,PH,V8 commercial co inc,,,,Importer,Quezon,KOTRA_SNS_2025,화장품/뷰티
330730,US,Arnel pamisa Gamalo,,,,Importer,Puerto princessa,KOTRA_SNS_2025,화장품/뷰티
330730,ID,PT Maju Bersama,,,,Importer,Makassar,KOTRA_SNS_2025,화장품/뷰티
330730,ID,SYNAV HEALTHCARE TECHNOLOGY,,,,Importer,Jakarta,KOTRA_SNS_2025,화장품/뷰티
330730,ID,Infinite Clinic,,,,Importer,Jakarta,KOTRA_SNS_2025,화장품/뷰티
330730,PH,DPWH,,,,Importer,Angeles City Pampanga,KOTRA_SNS_2025,화장품/뷰티
330730,PH,La Jeunesse Aesthetic Lifestyle Center,,,,Importer,San Pedro,KOTRA_SNS_2025,화장품/뷰티
330499,IN,Gevn enterprises llp,,,,Importer,Mumbai,KOTRA_SNS_2025,화장품/뷰티
330499,IN,Extasy healthcare pvt ltd,,,,Importer,Bangalore,KOTRA_SNS_2025,화장품/뷰티
330499,US,Worldcrop Inc,,,,Importer,Irving,KOTRA_SNS_2025,화장품/뷰티
330499,ID,CV. Si Bulat Bahagia,,,,Importer,Jakarta Barat,KOTRA_SNS_2025,화장품/뷰티
330499,ID,Kesbangpol Pematangsiantar,,,,Importer,Pematangsiantar,KOTRA_SNS_2025,화장품/뷰티
330499,ID,PT.Makmur Jaya,,,,Importer,Indonesia,KOTRA_SNS_2025,화장품/뷰티
330499,KZ,IP Mirusma,,,,Importer,Тараз,KOTRA_SNS_2025,화장품/뷰티
330499,MN,MNCCI,,,,Importer,Ulaanbaatar,KOTRA_SNS_2025,화장품/뷰티
330499,CO,Monaky,,,,Importer,Rionegro,KOTRA_SNS_2025,화장품/뷰티
330499,CO,Nothing.con,,,,Importer,"Barranquilla, Colombia",KOTRA_SNS_2025,화장품/뷰티
340111,MX,polet,,,,Importer,zacatecas,KOTRA_SNS_2025,화장품/뷰티
330499,CO,AirCarrier,,,,Importer,Bogot,KOTRA_SNS_2025,화장품/뷰티
340111,MX,Aloha,,,,Importer,Guadalupe (Nuevo Len),KOTRA_SNS_2025,화장품/뷰티
340111,CO,lhaura vet s.a,,,,Importer,Bogota,KOTRA_SNS_2025,화장품/뷰티
340111,CO,Parnet,,,,Importer,Nyc,KOTRA_SNS_2025,화장품/뷰티
340111,CO,RVGF Life LLC,,,,Importer,Bogota,KOTRA_SNS_2025,화장품/뷰티
330499,CO,GenoCoL,,,,Importer,Montera,KOTRA_SNS_2025,화장품/뷰티
340111,MX,Avianca,,,,Importer,Cancn,KOTRA_SNS_2025,화장품/뷰티
330499,BR,Trabalhador(a) independente,,,,Importer,Poos de Caldas,KOTRA_SNS_2025,화장품/뷰티
340111,BR,Incorp,,,,Importer,Curitiba,KOTRA_SNS_2025,화장품/뷰티
330499,PH,Confidential,,,,Importer,Metro Manila,KOTRA_SNS_2025,화장품/뷰티
330499,TW,Hhb,,,,Importer,Belm,KOTRA_SNS_2025,화장품/뷰티
330499,TW,AMA,,,,Importer,Taipei,KOTRA_SNS_2025,화장품/뷰티
330499,AU,saintpanels international Co Ltd,,,,Importer,桃園,KOTRA_SNS_2025,화장품/뷰티
330499,TW,紅海,,,,Importer,Taipei,KOTRA_SNS_2025,화장품/뷰티
330499,TW,神腦國際 Senao,,,,Importer,Taipei,KOTRA_SNS_2025,화장품/뷰티
330499,TW,GDT,,,,Importer,Taipei,KOTRA_SNS_2025,화장품/뷰티
330499,US,Kyt,,,,Importer,台北,KOTRA_SNS_2025,화장품/뷰티
330499,TW,Nest,,,,Importer,新北市,KOTRA_SNS_2025,화장품/뷰티
330499,PH,Majh imex trading,,,,Importer,Valenzuela City,KOTRA_SNS_2025,화장품/뷰티
330510,PH,Globaltownsquare,,,,Importer,Dallas,KOTRA_SNS_2025,화장품/뷰티
330499,US,irv international corporation,,,,Importer,manila,KOTRA_SNS_2025,화장품/뷰티
330510,AE,SNLI,,,,Importer,Sharjah,KOTRA_SNS_2025,화장품/뷰티
330510,AZ,N/a,,,,Importer,tawitawi,KOTRA_SNS_2025,화장품/뷰티
330499,PH,All Et Cetera,,,,Importer,Las Pias,KOTRA_SNS_2025,화장품/뷰티
330499,PH,Value Thrive,,,,Importer,Quezon City,KOTRA_SNS_2025,화장품/뷰티
330499,PH,Love Skin Aesthetic Clinic Inc.,,,,Importer,Paraaque,KOTRA_SNS_2025,화장품/뷰티
330499,AE,"London, United Kingdom",,,,Importer,Dubai,KOTRA_SNS_2025,화장품/뷰티
330499,US,Lord and Goldman International Corp,,,,Importer,Quezon City,KOTRA_SNS_2025,화장품/뷰티
330499,PH,,,,,Importer,Las Pias,KOTRA_SNS_2025,화장품/뷰티
330499,PH,BC wares,,,,Importer,Quezon City,KOTRA_SNS_2025,화장품/뷰티
330499,PH,imed central trading corp.,,,,Importer,manila,KOTRA_SNS_2025,화장품/뷰티
330510,PH,Callhounds Global,,,,Importer,Mandaluyong,KOTRA_SNS_2025,화장품/뷰티
330499,PH,Great Deals,,,,Importer,Manila,KOTRA_SNS_2025,화장품/뷰티
330499,PH,Madelene Skin Essentials,,,,Importer,Binangonan,KOTRA_SNS_2025,화장품/뷰티
330499,PH,Kye Boxes Etc,,,,Importer,Mandaluyong City,KOTRA_SNS_2025,화장품/뷰티
330499,PH,skin sense,,,,Importer,Baguio City,KOTRA_SNS_2025,화장품/뷰티
330499,PH,Brilho Skin Innovation Inc.,,,,Importer,Pasig,KOTRA_SNS_2025,화장품/뷰티
330499,PH,Buena  Venta  trade  and marketing  services,,,,Importer,lipa city,KOTRA_SNS_2025,화장품/뷰티
330499,PH,skin refinery philippines,,,,Importer,Quezon City,KOTRA_SNS_2025,화장품/뷰티
330499,PH,Evenements Asia Co Inc,,,,Importer,Manila,KOTRA_SNS_2025,화장품/뷰티
330499,PH,Serenita Inc,,,,Importer,Dasmarias,KOTRA_SNS_2025,화장품/뷰티
330499,PH,My Healthy Way,,,,Importer,Mandaluyong,KOTRA_SNS_2025,화장품/뷰티
330499,PH,SAC,,,,Importer,Manila,KOTRA_SNS_2025,화장품/뷰티
330499,PH,Peck Perks Beau Hub,,,,Importer,San Pedro Laguna,KOTRA_SNS_2025,화장품/뷰티
330499,PH,Kt &Ed,,,,Importer,Taytay,KOTRA_SNS_2025,화장품/뷰티
340111,MX,Moet,,,,Importer,Monterrey,KOTRA_SNS_2025,화장품/뷰티
330499,CO,Ingenio Moda,,,,Importer,Bogot,KOTRA_SNS_2025,화장품/뷰티
330610,CO,Cuota,,,,Importer,Barranquilla,KOTRA_SNS_2025,화장품/뷰티
340111,MX,Mexi lake,,,,Importer,Monterrey,KOTRA_SNS_2025,화장품/뷰티
340111,MX,fkjd,,,,Importer,mexico,KOTRA_SNS_2025,화장품/뷰티
330499,PH,HM Aces Marketing,,,,Importer,General Santos City,KOTRA_SNS_2025,화장품/뷰티
330499,PH,arnes ukay ukay,,,,Importer,Manila,KOTRA_SNS_2025,화장품/뷰티
330499,PH,Na,,,,Importer,Taguig,KOTRA_SNS_2025,화장품/뷰티
330499,PH,Kurea Essential Ph,,,,Importer,Malvar Batangas,KOTRA_SNS_2025,화장품/뷰티
330499,PH,ACGM International and Forwarding Inc.,,,,Importer,cebu,KOTRA_SNS_2025,화장품/뷰티
330499,PH,Oncamfilms,,,,Importer,Noveleta,KOTRA_SNS_2025,화장품/뷰티
330499,PH,Heatseeker Online Store,,,,Importer,Quezon City,KOTRA_SNS_2025,화장품/뷰티
330499,US,taxassist accountants,,,,Importer,Pasig,KOTRA_SNS_2025,화장품/뷰티
330499,PH,Chairman’s Commercial Corporation,,,,Importer,Mandaluyong,KOTRA_SNS_2025,화장품/뷰티
330499,PH,Nailandco,,,,Importer,Muntinlupa,KOTRA_SNS_2025,화장품/뷰티
330499,JP,,,,,Importer,Yokkaichi,KOTRA_SNS_2025,화장품/뷰티
330499,BR,Business Onwer,,,,Importer,So Paulo,KOTRA_SNS_2025,화장품/뷰티
330499,PE,Popolo Pizza,,,,Importer,Lima,KOTRA_SNS_2025,화장품/뷰티
330499,MX,lattersse clinica medical &spa,,,,Importer,CDMX,KOTRA_SNS_2025,화장품/뷰티
330499,BR,Tita,,,,Importer,Rio de Janeiro,KOTRA_SNS_2025,화장품/뷰티
330499,MX,From SoKo to Tokyo,,,,Importer,Mexico City,KOTRA_SNS_2025,화장품/뷰티
330499,GT,Arum Namu Cosmeticos,,,,Importer,Guatemala City,KOTRA_SNS_2025,화장품/뷰티
330499,CL,Mona Limon,,,,Importer,Santiago,KOTRA_SNS_2025,화장품/뷰티
330499,US,Umer medica,,,,Importer,Cdmx,KOTRA_SNS_2025,화장품/뷰티
330499,GT,Personal,,,,Importer,Guatemala City,KOTRA_SNS_2025,화장품/뷰티
330499,DO,Leidy Sanchez,,,,Importer,Cotu,KOTRA_SNS_2025,화장품/뷰티
330499,BR,LKa,,,,Importer,So Paulo,KOTRA_SNS_2025,화장품/뷰티
330499,PY,Marketplace S.A.,,,,Importer,Asuncin,KOTRA_SNS_2025,화장품/뷰티
330499,BR,Juma Amorim Advisory,,,,Importer,So Caetano do Sul,KOTRA_SNS_2025,화장품/뷰티
330499,EC,K beauty basics,,,,Importer,Quito,KOTRA_SNS_2025,화장품/뷰티
330499,MX,Love Korea,,,,Importer,CDMX,KOTRA_SNS_2025,화장품/뷰티
330499,DO,Grupo Arjo,,,,Importer,Santiago,KOTRA_SNS_2025,화장품/뷰티
330499,CL,Geekandchic spa,,,,Importer,Santiago,KOTRA_SNS_2025,화장품/뷰티
330499,US,Puesto de Salud San Martin de Porres,,,,Importer,Lima,KOTRA_SNS_2025,화장품/뷰티
330499,MX,Guapas.com.mx,,,,Importer,Mexico City,KOTRA_SNS_2025,화장품/뷰티
330499,GT,TELUS International Guatemala,,,,Importer,Guatemala City,KOTRA_SNS_2025,화장품/뷰티
330499,CO,The secret garden group sas,,,,Importer,Bogota’,KOTRA_SNS_2025,화장품/뷰티
330499,ID,Shafna,,,,Importer,Jakarta,KOTRA_SNS_2025,화장품/뷰티
330499,AU,Kapsule Jewels,,,,Importer,Melbourne,KOTRA_SNS_2025,화장품/뷰티
330749,ID,Digi living,,,,Importer,Jakarta,KOTRA_SNS_2025,화장품/뷰티
330790,PH,PUREANGEL,,,,Importer,Las Pias,KOTRA_SNS_2025,화장품/뷰티
330749,ID,Yumna,,,,Importer,Jawa Timur,KOTRA_SNS_2025,화장품/뷰티
330790,PH,Galleon Bazaar and Events,,,,Importer,Quezon City,KOTRA_SNS_2025,화장품/뷰티
330499,VN,"Gemsimex co., ltd",,,,Importer,Hanoi,KOTRA_SNS_2025,화장품/뷰티
330790,PH,Del Monte Philippines Inc,,,,Importer,cagayan de oro,KOTRA_SNS_2025,화장품/뷰티
330790,PH,hsnsn,,,,Importer,hnn,KOTRA_SNS_2025,화장품/뷰티
330499,ID,Uniquetop,,,,Importer,Semarang,KOTRA_SNS_2025,화장품/뷰티
330749,PH,,,,,Importer,Pampanga,KOTRA_SNS_2025,화장품/뷰티
330790,PH,Master of None,,,,Importer,g,KOTRA_SNS_2025,화장품/뷰티
330790,PH,9124486877,,,,Importer,Carigara,KOTRA_SNS_2025,화장품/뷰티
330790,PH,FOFO,,,,Importer,Makati,KOTRA_SNS_2025,화장품/뷰티
330499,PH,A.Trading,,,,Importer,Manila,KOTRA_SNS_2025,화장품/뷰티
330749,VN,Solution Digital Technology,,,,Importer,Hanoi,KOTRA_SNS_2025,화장품/뷰티
330749,PH,Gorgeousa Makeup Studio,,,,Importer,Pasig,KOTRA_SNS_2025,화장품/뷰티
330499,PH,Chairmans commercial corporation,,,,Importer,Mandaluyong,KOTRA_SNS_2025,화장품/뷰티
330749,PH,Beauty Magnet Trading,,,,Importer,Makati,KOTRA_SNS_2025,화장품/뷰티
330790,PH,Confidential,,,,Importer,Abu Dhabi,KOTRA_SNS_2025,화장품/뷰티
330790,PH,Treats and Things,,,,Importer,Manila,KOTRA_SNS_2025,화장품/뷰티
330790,PH,NOT APPLICABLE,,,,Importer,Cebu,KOTRA_SNS_2025,화장품/뷰티
330790,PH,SELF MADE,,,,Importer,cebu,KOTRA_SNS_2025,화장품/뷰티
330790,PH,"Migcanaway, Tangub City",,,,Importer,ozamiz city,KOTRA_SNS_2025,화장품/뷰티
330790,PH,Sa puso ni,,,,Importer,Santa Maric,KOTRA_SNS_2025,화장품/뷰티
330499,PH,Ortiz Medical and Skin Clinic,,,,Importer,Manila,KOTRA_SNS_2025,화장품/뷰티
330499,PH,Chrizzy skin,,,,Importer,Santa Rosa,KOTRA_SNS_2025,화장품/뷰티
340111,PH,Miguelitos International Corp.,,,,Importer,Paraaque,KOTRA_SNS_2025,화장품/뷰티
330499,Ph,Skinship Beauty,,,,Importer,Manila,KOTRA_SNS_2025,화장품/뷰티
330749,VN,ASEA GLOBAL CO LTD,,,,Importer,Hanoi,KOTRA_SNS_2025,화장품/뷰티
330790,PH,Favoritto,,,,Importer,Paraaque,KOTRA_SNS_2025,화장품/뷰티
330790,MM,STLM,,,,Importer,Yangon,KOTRA_SNS_2025,화장품/뷰티
330499,PH,Business Owner,,,,Importer,Antipolo,KOTRA_SNS_2025,화장품/뷰티
330749,PH,Helena Beauty Salon,,,,Importer,Manila,KOTRA_SNS_2025,화장품/뷰티
330499,PH,Skinline Beauty and Wellness Spa,,,,Importer,Guiguinto,KOTRA_SNS_2025,화장품/뷰티
330790,PH,Oncamfilms,,,,Importer,Noveleta,KOTRA_SNS_2025,화장품/뷰티
330499,PH,"Waterfront Hotel, Lahug",,,,Importer,cebu,KOTRA_SNS_2025,화장품/뷰티
330499,QA,Petroserv Limited,,,,Importer,Doha,KOTRA_SNS_2025,화장품/뷰티
330499,KE,Pixeldrop ltd,,,,Importer,Nairobi,KOTRA_SNS_2025,화장품/뷰티
330499,KE,Vintz Plastics limited,,,,Importer,Nairobi,KOTRA_SNS_2025,화장품/뷰티
330410,US,Mudey,,,,Importer,st paul,KOTRA_SNS_2025,화장품/뷰티
330499,KE,Investment kenya Limited.,,,,Importer,Nairobi,KOTRA_SNS_2025,화장품/뷰티
330499,IN,BPO,,,,Importer,Bangalore,KOTRA_SNS_2025,화장품/뷰티
330499,IN,Inn,,,,Importer,Mumbai,KOTRA_SNS_2025,화장품/뷰티
330499,GT,Global Offer,,,,Importer,"Guatemala, Guatemala",KOTRA_SNS_2025,화장품/뷰티
330499,GT,Divinas Beauty Store,,,,Importer,Guatemala,KOTRA_SNS_2025,화장품/뷰티
340119,DO,RDP Representaciones SRL,,,,Importer,Santo Domingo Republica Dominicana,KOTRA_SNS_2025,화장품/뷰티
330499,BR,Projourney,,,,Importer,Sao Paulo Brazil,KOTRA_SNS_2025,화장품/뷰티
330499,PE,Asia sur importaciones,,,,Importer,Lima Per,KOTRA_SNS_2025,화장품/뷰티
330790,PE,VERAHMAKEUP,,,,Importer,Lima Peru,KOTRA_SNS_2025,화장품/뷰티
330499,BR,Kiko Sori,,,,Importer,"So Paulo, Brazil",KOTRA_SNS_2025,화장품/뷰티
330499,EC,Monica Portilla,,,,Importer,Quito Ecuador,KOTRA_SNS_2025,화장품/뷰티
330790,EC,VELSAN,,,,Importer,"Ambato, Ecuador",KOTRA_SNS_2025,화장품/뷰티
330790,MA,Wellcom,,,,Importer,Casablanca Morocco,KOTRA_SNS_2025,화장품/뷰티
330499,MA,Clivia,,,,Importer,Casablanca Morocco,KOTRA_SNS_2025,화장품/뷰티
330510,AE,Startup lex,,,,Importer,Uae,KOTRA_SNS_2025,화장품/뷰티
330499,EC,Royal Beauty,,,,Importer,Ecuador,KOTRA_SNS_2025,화장품/뷰티
330499,GT,Makia,,,,Importer,Guatemala,KOTRA_SNS_2025,화장품/뷰티
330499,BR,Kimaster,,,,Importer,Sao paulo brazil,KOTRA_SNS_2025,화장품/뷰티
330499,TR,Pushclean technology,,,,Importer,stanbul Turkey,KOTRA_SNS_2025,화장품/뷰티
330499,AE,JLD International IT Solutions LLC,,,,Importer,Dubai,KOTRA_SNS_2025,화장품/뷰티
330420,KW,Energy Plus IT solutions,,,,Importer,Kuwait,KOTRA_SNS_2025,화장품/뷰티
330499,MA,N3b concept,,,,Importer,Casablanca Morocco,KOTRA_SNS_2025,화장품/뷰티
330499,DZ,RM,,,,Importer,"Annaba,algeria",KOTRA_SNS_2025,화장품/뷰티
330499,MA,AE Maroc,,,,Importer,Casablanca Morocco,KOTRA_SNS_2025,화장품/뷰티
330499,MA,Blue Chili,,,,Importer,Casablanca Morocco,KOTRA_SNS_2025,화장품/뷰티
330590,MA,borna,,,,Importer,morocco /tangier,KOTRA_SNS_2025,화장품/뷰티
330499,ID,Rossbyhana,,,,Importer,Boyolali,KOTRA_SNS_2025,화장품/뷰티
330499,MY,Hygenic2U,,,,Importer,Kuala Lumpur.,KOTRA_SNS_2025,화장품/뷰티
330499,ID,PHG,,,,Importer,Tangerang,KOTRA_SNS_2025,화장품/뷰티
330499,ID,Synav Healthcare Technology,,,,Importer,Malang,KOTRA_SNS_2025,화장품/뷰티
330499,ID,Lipi,,,,Importer,Jkt,KOTRA_SNS_2025,화장품/뷰티
330499,SG,pointedge,,,,Importer,SG,KOTRA_SNS_2025,화장품/뷰티
330499,MY,Krxaestheticsmalaysia,,,,Importer,Kuala Lumpur,KOTRA_SNS_2025,화장품/뷰티
330499,SG,Na,,,,Importer,Singapore,KOTRA_SNS_2025,화장품/뷰티
330499,ID,Virskin,,,,Importer,Jakarta,KOTRA_SNS_2025,화장품/뷰티
340120,VN,ok,,,,Importer,Ho Chi Minh City,KOTRA_SNS_2025,화장품/뷰티
330499,ID,PT Yeka Indonesia,,,,Importer,Jakarta,KOTRA_SNS_2025,화장품/뷰티
340120,ID,noppi,,,,Importer,Yogyakarta City,KOTRA_SNS_2025,화장품/뷰티
330499,SG,Carsoe asia pte ltd,,,,Importer,Singapore,KOTRA_SNS_2025,화장품/뷰티
330499,MY,Seoul Wholesale2u,,,,Importer,Sungai Buloh,KOTRA_SNS_2025,화장품/뷰티
330499,TW,Yes,,,,Importer,Beer sheva,KOTRA_SNS_2025,화장품/뷰티
330499,TW,Foxshopy,,,,Importer,Taipei,KOTRA_SNS_2025,화장품/뷰티
330499,MO,regal bright development co,,,,Importer,Hong Kong,KOTRA_SNS_2025,화장품/뷰티
330499,US,D'cuts Hair Studio,,,,Importer,Reading,KOTRA_SNS_2025,화장품/뷰티
330499,US,The CubbyCat,,,,Importer,Katy,KOTRA_SNS_2025,화장품/뷰티
340120,US,motherlode,,,,Importer,placerville,KOTRA_SNS_2025,화장품/뷰티
330499,NG,Auxilia Images,,,,Importer,Nigeria,KOTRA_SNS_2025,화장품/뷰티
330499,NG,Halitta Skincare,,,,Importer,Kano Nigeria,KOTRA_SNS_2025,화장품/뷰티
330499,KE,Trademan,,,,Importer,Nairobi,KOTRA_SNS_2025,화장품/뷰티
330510,KE,Cytonn Investments,,,,Importer,Kenya,KOTRA_SNS_2025,화장품/뷰티
330499,ZA,Onfluential Digital (pty) ltd,,,,Importer,Johannesburg South Africa,KOTRA_SNS_2025,화장품/뷰티
330749,KE,Baraka,,,,Importer,Nairobi kenya,KOTRA_SNS_2025,화장품/뷰티
330499,KE,The emerald world,,,,Importer,"Nairobi, Kenya",KOTRA_SNS_2025,화장품/뷰티
330590,MZ,Ctia's BeautyBar,,,,Importer,"Beira, Mozambique",KOTRA_SNS_2025,화장품/뷰티
340130,KE,KINYASH INC,,,,Importer,NAIROBI  KENYA,KOTRA_SNS_2025,화장품/뷰티
330749,IN,Lights N decorative hub,,,,Importer,"Kolkata, India",KOTRA_SNS_2025,화장품/뷰티
330610,MX,Mina m,,,,Importer,Ciudad de Mxico,KOTRA_SNS_2025,화장품/뷰티
340111,CO,elflexx,,,,Importer,santa marta,KOTRA_SNS_2025,화장품/뷰티
340111,CO,Viveres,,,,Importer,Medelln,KOTRA_SNS_2025,화장품/뷰티
330499,CO,Skincare,,,,Importer,MEDELLN,KOTRA_SNS_2025,화장품/뷰티
330610,BR,Glik Tec,,,,Importer,So Paulo,KOTRA_SNS_2025,화장품/뷰티
340111,BR,juxa,,,,Importer,So paulo,KOTRA_SNS_2025,화장품/뷰티
330499,BR,Vision Play,,,,Importer,Presidente Prudente,KOTRA_SNS_2025,화장품/뷰티
330499,BR,Estrela Veculos,,,,Importer,So Paulo,KOTRA_SNS_2025,화장품/뷰티
330499,BR,fora da caixa,,,,Importer,Caxias do Sul,KOTRA_SNS_2025,화장품/뷰티
330499,BR,Sanity,,,,Importer,So Paulo,KOTRA_SNS_2025,화장품/뷰티
340111,BR,BH,,,,Importer,S,KOTRA_SNS_2025,화장품/뷰티
340111,BR,Talison Rocha,,,,Importer,Dourados,KOTRA_SNS_2025,화장품/뷰티
340111,BR,ATW Capital,,,,Importer,Belo Horizonte,KOTRA_SNS_2025,화장품/뷰티
330499,IT,Brinn,,,,Importer,Passos,KOTRA_SNS_2025,화장품/뷰티
330510,PH,none,,,,Importer,none,KOTRA_SNS_2025,화장품/뷰티
330499,ID,USS Networks,,,,Importer,jakarta,KOTRA_SNS_2025,화장품/뷰티
330790,MM,Meli Hotels International,,,,Importer,Yangon,KOTRA_SNS_2025,화장품/뷰티
330499,ID,PT Trias Sentosa Tbk,,,,Importer,Jakarta,KOTRA_SNS_2025,화장품/뷰티
330790,VN,U&I Logistics Corporation,,,,Importer,Hanoi Capital Region,KOTRA_SNS_2025,화장품/뷰티
330749,ID,Inkasa jaya sehat,,,,Importer,Surabaya,KOTRA_SNS_2025,화장품/뷰티
330790,ID,samasamasama,,,,Importer,Jakarta Metropolitan Area,KOTRA_SNS_2025,화장품/뷰티
330790,KH,Top Form Group,,,,Importer,Phnom Penh,KOTRA_SNS_2025,화장품/뷰티
330749,KH,Zuellig Pharma,,,,Importer,Phnom Penh,KOTRA_SNS_2025,화장품/뷰티
330499,MM,A bank (Ayerwaddy Farmers Development Bank),,,,Importer,Yangon,KOTRA_SNS_2025,화장품/뷰티
330790,PH,Purple Crystal Spark,,,,Importer,Manila,KOTRA_SNS_2025,화장품/뷰티
330790,PH,Shiloh 777 Solutions,,,,Importer,Makati,KOTRA_SNS_2025,화장품/뷰티
330499,PH,"City Government of San Fernando, La Union",,,,Importer,San Fernando,KOTRA_SNS_2025,화장품/뷰티
340130,BD,ACI Limited,,,,Importer,Dhaka and Bangladesh,KOTRA_SNS_2025,화장품/뷰티
330510,BD,"Clifton Group, Chittagong",,,,Importer,Bangladesh,KOTRA_SNS_2025,화장품/뷰티
330499,NG,PRESBYTARIAN CHURCH OF NIGERIA,,,,Importer,Nigeria,KOTRA_SNS_2025,화장품/뷰티
340130,ID,Home Industry,,,,Importer,"Tangerang, smg",KOTRA_SNS_2025,화장품/뷰티
330499,PH,none,,,,Importer,Lapulapu,KOTRA_SNS_2025,화장품/뷰티
330499,VN,Globaltrotters Vietnam,,,,Importer,ho chi minh,KOTRA_SNS_2025,화장품/뷰티
330499,VN,HOANG HUY GROUP,,,,Importer,Ha Dong,KOTRA_SNS_2025,화장품/뷰티
330510,KH,Yes comabodia,,,,Importer,Pasir Ris,KOTRA_SNS_2025,화장품/뷰티
330499,PH,TeleHero Inc.,,,,Importer,Makati,KOTRA_SNS_2025,화장품/뷰티
330499,PH,not applicable,,,,Importer,manila,KOTRA_SNS_2025,화장품/뷰티
330790,PH,Susana Geniston,,,,Importer,275 Black 2 Lot 3 Sitio Itum Yuta lorega San Miguel,KOTRA_SNS_2025,화장품/뷰티
330499,PH,Self Employed,,,,Importer,manila phillipines,KOTRA_SNS_2025,화장품/뷰티
330749,PH,On Fleek Beauty & Wellness center,,,,Importer,Manila,KOTRA_SNS_2025,화장품/뷰티
330499,PH,Dolly Dollhouse by keira,,,,Importer,catarman,KOTRA_SNS_2025,화장품/뷰티
330499,PH,Good Finds,,,,Importer,Lubao,KOTRA_SNS_2025,화장품/뷰티
330790,US,liza,,,,Importer,baguio,KOTRA_SNS_2025,화장품/뷰티
330749,PH,,,,,Importer,Dagami,KOTRA_SNS_2025,화장품/뷰티
330499,SG,Facebook,,,,Importer,Singapore,KOTRA_SNS_2025,화장품/뷰티
330790,ID,ATL Inc.,,,,Importer,JKT,KOTRA_SNS_2025,화장품/뷰티
330790,ID,Pt.hudanuy,,,,Importer,jawabarat,KOTRA_SNS_2025,화장품/뷰티
330499,PH,Harrahs & Harveys Resort And Casino,,,,Importer,Makati,KOTRA_SNS_2025,화장품/뷰티
330499,PH,Mai dubai ph,,,,Importer,Vigan,KOTRA_SNS_2025,화장품/뷰티
330499,PH,WING'S inc,,,,Importer,General Santos City 9500,KOTRA_SNS_2025,화장품/뷰티
330499,ID,Starlightco,,,,Importer,Jakarta,KOTRA_SNS_2025,화장품/뷰티
330499,ID,jilsi,,,,Importer,jakarta,KOTRA_SNS_2025,화장품/뷰티
330499,KH,JS victory INT'L CO LTD,,,,Importer,phnom Penh,KOTRA_SNS_2025,화장품/뷰티
330499,PH,Jtis Inc,,,,Importer,Makati,KOTRA_SNS_2025,화장품/뷰티
330749,PH,none,,,,Importer,Paraaque,KOTRA_SNS_2025,화장품/뷰티
330499,PH,Invasive URBAN Clothing,,,,Importer,Quezon City,KOTRA_SNS_2025,화장품/뷰티
330499,PH,Na,,,,Importer,Mangaldan,KOTRA_SNS_2025,화장품/뷰티
330499,PH,nothing,,,,Importer,calbayog city,KOTRA_SNS_2025,화장품/뷰티
330499,PH,Accuratek Solutions,,,,Importer,Taguig,KOTRA_SNS_2025,화장품/뷰티
330499,PH,SA PUSO MO,,,,Importer,Glan,KOTRA_SNS_2025,화장품/뷰티
330510,PH,none,,,,Importer,calinan,KOTRA_SNS_2025,화장품/뷰티
330790,PH,Bagu Pamplona Cagayan,,,,Importer,pamplona,KOTRA_SNS_2025,화장품/뷰티
330499,ID,Pt guci luwak distribusi,,,,Importer,Denpasar,KOTRA_SNS_2025,화장품/뷰티
330790,ID,Toko,,,,Importer,Makassar,KOTRA_SNS_2025,화장품/뷰티
330790,PH,Belle Fiore Manila,,,,Importer,Pasig,KOTRA_SNS_2025,화장품/뷰티
330790,PH,Cognizant,,,,Importer,Sampaloc,KOTRA_SNS_2025,화장품/뷰티
330749,PH,none,,,,Importer,Barotac Viejo,KOTRA_SNS_2025,화장품/뷰티
330499,PH,none,,,,Importer,none,KOTRA_SNS_2025,화장품/뷰티
330499,ID,Hokkai Bao,,,,Importer,Jakarta,KOTRA_SNS_2025,화장품/뷰티
340111,PH,wwwco,,,,Importer,cebu,KOTRA_SNS_2025,화장품/뷰티
330499,PH,D' Sisters Apparel,,,,Importer,Quezon City,KOTRA_SNS_2025,화장품/뷰티
330790,PH,Facebook Gaming,,,,Importer,mondragon,KOTRA_SNS_2025,화장품/뷰티
330499,PH,"Love, Skin Aesthetic Clinic Inc.",,,,Importer,Paraaque,KOTRA_SNS_2025,화장품/뷰티
330499,ID,,,,,Importer,Surabaya,KOTRA_SNS_2025,화장품/뷰티
330499,PH,,,,,Importer,Bulacan,KOTRA_SNS_2025,화장품/뷰티
330499,PH,company,,,,Importer,Batangas City,KOTRA_SNS_2025,화장품/뷰티
330790,MY,Piel Blanca Beauty Cosmetic,,,,Importer,Subang Jaya,KOTRA_SNS_2025,화장품/뷰티
330790,PH,Naito Clinic,,,,Importer,"Las Pias, Metro Manila",KOTRA_SNS_2025,화장품/뷰티
330790,PH,Facebook Community,,,,Importer,Marikina,KOTRA_SNS_2025,화장품/뷰티
330790,ID,Qq,,,,Importer,Jambi,KOTRA_SNS_2025,화장품/뷰티
330499,ID,Tomomi Home Indonesia,,,,Importer,Jakarta,KOTRA_SNS_2025,화장품/뷰티
330499,KH,Csfb Pte Ltd,,,,Importer,Phnom Penh,KOTRA_SNS_2025,화장품/뷰티
330499,PH,none,,,,Importer,Santa Rosa,KOTRA_SNS_2025,화장품/뷰티
330499,PH,SM Lanang Premier,,,,Importer,davao city,KOTRA_SNS_2025,화장품/뷰티
330790,ID,SUMIA Aesthetic Clinic,,,,Importer,Jakarta,KOTRA_SNS_2025,화장품/뷰티
330790,ID,Nirwana,,,,Importer,Palembang,KOTRA_SNS_2025,화장품/뷰티
330790,VN,Tang company,,,,Importer,Ho Chi Minh City,KOTRA_SNS_2025,화장품/뷰티
330499,PH,"St. Peter Life Plan, Inc.",,,,Importer,Quezon City,KOTRA_SNS_2025,화장품/뷰티
330790,PH,LKG Mart,,,,Importer,Legazpi,KOTRA_SNS_2025,화장품/뷰티
330499,PH,Clinical Global Frontiers Inc,,,,Importer,Makati,KOTRA_SNS_2025,화장품/뷰티
330499,KH,Facebook,,,,Importer,Phnom Penh,KOTRA_SNS_2025,화장품/뷰티
330499,ID,Hara.id,,,,Importer,Bandung,KOTRA_SNS_2025,화장품/뷰티
340119,PH,,,,,Importer,Quezon City,KOTRA_SNS_2025,화장품/뷰티
330499,PH,None yet,,,,Importer,Quezon,KOTRA_SNS_2025,화장품/뷰티
330499,US,Vcxv,,,,Importer,New York,KOTRA_SNS_2025,화장품/뷰티
330499,PH,lol,,,,Importer,pampanga,KOTRA_SNS_2025,화장품/뷰티
330499,VN,Ksldkgg,,,,Importer,Cam Lm,KOTRA_SNS_2025,화장품/뷰티
330499,US,BoxC,,,,Importer,New York,KOTRA_SNS_2025,화장품/뷰티
330499,US,Smart cosmetics,,,,Importer,Justice,KOTRA_SNS_2025,화장품/뷰티
340119,US,"CST, LLC.",,,,Importer,Omaha,KOTRA_SNS_2025,화장품/뷰티
340119,US,Jafor capital group,,,,Importer,Queens,KOTRA_SNS_2025,화장품/뷰티
330499,CA,MonGlobe United Trade Agent Inc,,,,Importer,Montreal,KOTRA_SNS_2025,화장품/뷰티
330499,US,Mongoose Media,,,,Importer,Orlando,KOTRA_SNS_2025,화장품/뷰티
340119,US,ONE MODA,,,,Importer,Holmdel,KOTRA_SNS_2025,화장품/뷰티
330499,US,Pbp solutions,,,,Importer,Washington,KOTRA_SNS_2025,화장품/뷰티
330499,US,Marq,,,,Importer,Los Angeles,KOTRA_SNS_2025,화장품/뷰티
330499,US,SGS North America Inc.,,,,Importer,Dallas,KOTRA_SNS_2025,화장품/뷰티
330499,BG,EVROPEAN PARLIAMENT,,,,Importer,Sofia,KOTRA_SNS_2025,화장품/뷰티
340119,HR,hh,,,,Importer,zagreb,KOTRA_SNS_2025,화장품/뷰티
330499,ES,DOC,,,,Importer,Madrid,KOTRA_SNS_2025,화장품/뷰티
330499,RO,Sello beauty,,,,Importer,Bucharest,KOTRA_SNS_2025,화장품/뷰티
330499,DE,Mysqin,,,,Importer,Dsseldorf,KOTRA_SNS_2025,화장품/뷰티
340119,BE,Niel,,,,Importer,Niel,KOTRA_SNS_2025,화장품/뷰티
330499,NL,InfiniTea Teabar Markthal Rotterdam,,,,Importer,Rotterdam,KOTRA_SNS_2025,화장품/뷰티
330499,RO,Development online srl,,,,Importer,Bucharest,KOTRA_SNS_2025,화장품/뷰티
330499,GB,Your Needs Uk Ltd,,,,Importer,Essex,KOTRA_SNS_2025,화장품/뷰티
340119,GB,Twirlly bits,,,,Importer,London,KOTRA_SNS_2025,화장품/뷰티
330499,ID,GRACIA P.T.,,,,Importer,Jakarta,KOTRA_SNS_2025,화장품/뷰티
330499,PH,Tycoons Global 8 Realty Corp. /88 Victorious Real Estate,,,,Importer,paranaque,KOTRA_SNS_2025,화장품/뷰티
340119,PH,Vitoviel dental supply,,,,Importer,Valenzuela,KOTRA_SNS_2025,화장품/뷰티
330499,PH,Minaro Derm Innovations Inc,,,,Importer,Quezon City,KOTRA_SNS_2025,화장품/뷰티
330499,KH,Angkor Khemara University,,,,Importer,Phnom Penh,KOTRA_SNS_2025,화장품/뷰티
330499,KH,Riich Me Pte Ltd,,,,Importer,Phnom Penh,KOTRA_SNS_2025,화장품/뷰티
330499,US,Radyan Corporation,,,,Importer,Hurst,KOTRA_SNS_2025,화장품/뷰티
340119,SG,IRZL Pte Ltd,,,,Importer,Singapore,KOTRA_SNS_2025,화장품/뷰티
340119,PH,Marketassociate,,,,Importer,City of Santa Rosa,KOTRA_SNS_2025,화장품/뷰티
340119,PH,Yoshibear Consumer Goods Trading,,,,Importer,Manila,KOTRA_SNS_2025,화장품/뷰티
330499,TW,Mio,,,,Importer,Taipei,KOTRA_SNS_2025,화장품/뷰티
330610,TW,,,,,Importer,Shalu Taichung,KOTRA_SNS_2025,화장품/뷰티
330499,TW,Yun San,,,,Importer,Taipei,KOTRA_SNS_2025,화장품/뷰티
330499,ID,PT.MASPION INDONESIA,,,,Importer,Surabaya,KOTRA_SNS_2025,화장품/뷰티
330499,TW,Ray Fair,,,,Importer,Taipei,KOTRA_SNS_2025,화장품/뷰티
330499,TW,Kidstuff.tw,,,,Importer,Taipei,KOTRA_SNS_2025,화장품/뷰티
330499,TW,Bymissyu,,,,Importer,Taichung,KOTRA_SNS_2025,화장품/뷰티
330499,TW,Ruijia 露奇亞,,,,Importer,Taichung,KOTRA_SNS_2025,화장품/뷰티
330610,TW,Sparadise 水天堂,,,,Importer,Taipei,KOTRA_SNS_2025,화장품/뷰티
330499,TW,GRAND GRACE GLOBAL COLTD,,,,Importer,Taichung,KOTRA_SNS_2025,화장품/뷰티
330499,TW,Hhb,,,,Importer,Belm,KOTRA_SNS_2025,화장품/뷰티
330499,TW,巴東連接有限公司,,,,Importer,Taichung,KOTRA_SNS_2025,화장품/뷰티
330499,TW,GABOONA佳寶娜專業保養品,,,,Importer,Taipei,KOTRA_SNS_2025,화장품/뷰티
330499,TW,Silver Twilight Trading Limited,,,,Importer,Taichung,KOTRA_SNS_2025,화장품/뷰티
330499,TW,弘廉國際有限公司,,,,Importer,Taichung,KOTRA_SNS_2025,화장품/뷰티
340119,MY,Future Forest International sdn bhd,,,,Importer,Kuala Lumpur,KOTRA_SNS_2025,화장품/뷰티
330499,PH,ODB,,,,Importer,Quezon City,KOTRA_SNS_2025,화장품/뷰티
330499,TH,Nirvana Corporation Limited,,,,Importer,Nakorn Pathom,KOTRA_SNS_2025,화장품/뷰티
330499,PH,HR BLOCK PHILIPPINES CORP.,,,,Importer,Pasig,KOTRA_SNS_2025,화장품/뷰티
330499,PH,Ms. Anne SAYS,,,,Importer,Angeles City,KOTRA_SNS_2025,화장품/뷰티
340119,PH,sewcornermanila,,,,Importer,NCR,KOTRA_SNS_2025,화장품/뷰티
330499,PH,Pure Culture,,,,Importer,Taguig,KOTRA_SNS_2025,화장품/뷰티
330499,PH,8Concept,,,,Importer,taguig,KOTRA_SNS_2025,화장품/뷰티
330499,TW,"Funcare of Taiwan co.,Ltd",,,,Importer,Taichung,KOTRA_SNS_2025,화장품/뷰티
330499,TW,喜喆美實業有限公司,,,,Importer,Taichung,KOTRA_SNS_2025,화장품/뷰티
330499,CN,Lazada,,,,Importer,Taipei,KOTRA_SNS_2025,화장품/뷰티
330499,TW,Alteri International,,,,Importer,Taichung,KOTRA_SNS_2025,화장품/뷰티
330499,TW,田沐子TianMuzi保養品牌,,,,Importer,台中市,KOTRA_SNS_2025,화장품/뷰티
330499,TW,Beaute,,,,Importer,Taipei,KOTRA_SNS_2025,화장품/뷰티
330499,TW,Renalulu,,,,Importer,台北,KOTRA_SNS_2025,화장품/뷰티
330499,TW,Golden hair co Ltd,,,,Importer,Taipi,KOTRA_SNS_2025,화장품/뷰티
330610,TW,鴻福生醫科技有限公司,,,,Importer,Taichung,KOTRA_SNS_2025,화장품/뷰티
330790,FR,Beautylounge SS,,,,Importer,Paris,KOTRA_SNS_2025,화장품/뷰티
330790,NL,Noonawon,,,,Importer,Rotterdam,KOTRA_SNS_2025,화장품/뷰티
330790,NL,InfiniTea Teabar Markthal Rotterdam,,,,Importer,Rotterdam,KOTRA_SNS_2025,화장품/뷰티
330790,BE,Jkjj,,,,Importer,Brussels,KOTRA_SNS_2025,화장품/뷰티
330730,ID,Pinang Mas,,,,Importer,Jakarta,KOTRA_SNS_2025,화장품/뷰티
330730,ID,PT Maheswari,,,,Importer,Jakarta,KOTRA_SNS_2025,화장품/뷰티
330730,PH,Rolcos Group of Companies,,,,Importer,urdaneta,KOTRA_SNS_2025,화장품/뷰티
330730,PH,ShapeTech i.t.  services,,,,Importer,lipa city,KOTRA_SNS_2025,화장품/뷰티
330730,MY,mental advisordesire,,,,Importer,bahau,KOTRA_SNS_2025,화장품/뷰티
330730,PH,Dear Pets PH,,,,Importer,Manila,KOTRA_SNS_2025,화장품/뷰티
330730,PH,Azure Marketing Inc.,,,,Importer,Cainta,KOTRA_SNS_2025,화장품/뷰티
330730,TH,Oasis home,,,,Importer,Bangkok,KOTRA_SNS_2025,화장품/뷰티
330730,ID,PT. Miralife International Indonesia,,,,Importer,Jakarta,KOTRA_SNS_2025,화장품/뷰티
330730,ID,Timora,,,,Importer,Jakarta Utara,KOTRA_SNS_2025,화장품/뷰티
330730,US,UpSellerr,,,,Importer,Vancouver,KOTRA_SNS_2025,화장품/뷰티
330730,US,Precision Industries LLC,,,,Importer,Rincon,KOTRA_SNS_2025,화장품/뷰티
330730,US,Prime Supply 1,,,,Importer,Riverside,KOTRA_SNS_2025,화장품/뷰티
330730,CA,Autolink,,,,Importer,Calgary,KOTRA_SNS_2025,화장품/뷰티
330730,CA,SIKTEEN,,,,Importer,Edmonton,KOTRA_SNS_2025,화장품/뷰티
330730,US,,,,,Importer,Orlando,KOTRA_SNS_2025,화장품/뷰티
330730,PT,Momenti,,,,Importer,Lisboa,KOTRA_SNS_2025,화장품/뷰티
330730,FR,Ovalumaya,,,,Importer,Cameroun,KOTRA_SNS_2025,화장품/뷰티
330730,RS,AnywhereMarket,,,,Importer,Belgrade,KOTRA_SNS_2025,화장품/뷰티
330730,RO,NGO Research,,,,Importer,Orsova,KOTRA_SNS_2025,화장품/뷰티
330730,IT,Experimenta,,,,Importer,Firenze,KOTRA_SNS_2025,화장품/뷰티
330730,ES,Biosfera,,,,Importer,Crdoba (Espaa),KOTRA_SNS_2025,화장품/뷰티
330730,RS,Talija,,,,Importer,Paracin,KOTRA_SNS_2025,화장품/뷰티
330499,PH,Remulla Dental,,,,Importer,Mandaluyong,KOTRA_SNS_2025,화장품/뷰티
330499,PH,"Century Pacific Food, Inc.",,,,Importer,Manila,KOTRA_SNS_2025,화장품/뷰티
330499,ID,MerlinsServ.yml,,,,Importer,Bogor,KOTRA_SNS_2025,화장품/뷰티
330499,ID,Timora,,,,Importer,Jakarta Utara,KOTRA_SNS_2025,화장품/뷰티
330499,PH,soon,,,,Importer,Marikina City,KOTRA_SNS_2025,화장품/뷰티
330499,ES,Needen,,,,Importer,Barcelona,KOTRA_SNS_2025,화장품/뷰티
330499,RO,Cambia Concept Srl,,,,Importer,Bucharest,KOTRA_SNS_2025,화장품/뷰티
330499,HR,Zagrebaki velasajam,,,,Importer,Zagreb,KOTRA_SNS_2025,화장품/뷰티
330499,HR,Marrubi,,,,Importer,Zagreb,KOTRA_SNS_2025,화장품/뷰티
330499,FR,Newell Brands,,,,Importer,Paris,KOTRA_SNS_2025,화장품/뷰티
330499,GR,Beauty princess,,,,Importer,Athens,KOTRA_SNS_2025,화장품/뷰티
330499,ES,Maria Casablanca Formaciones,,,,Importer,Avils,KOTRA_SNS_2025,화장품/뷰티
330499,CO,Parnet,,,,Importer,Nyc,KOTRA_SNS_2025,화장품/뷰티
330499,US,Royal Beauty,,,,Importer,Guayaquil,KOTRA_SNS_2025,화장품/뷰티
330499,PA,Kbeautypty,,,,Importer,Panama City,KOTRA_SNS_2025,화장품/뷰티
330499,PE,United creatives company,,,,Importer,Lima,KOTRA_SNS_2025,화장품/뷰티
330499,MX,Dalkom Shop,,,,Importer,Guadalajara,KOTRA_SNS_2025,화장품/뷰티
330499,PE,R.torres import,,,,Importer,La Molina,KOTRA_SNS_2025,화장품/뷰티
330499,VN,"Tikviet Co., Ltd",,,,Importer,Ha noi,KOTRA_SNS_2025,화장품/뷰티
330499,PH,Gold Burrion,,,,Importer,Manila,KOTRA_SNS_2025,화장품/뷰티
330499,ID,Amira galery,,,,Importer,South tangerang,KOTRA_SNS_2025,화장품/뷰티
330499,PH,Yoshibear Consumer Goods Trading,,,,Importer,Manila,KOTRA_SNS_2025,화장품/뷰티
330499,MY,Liangsiang Trading,,,,Importer,George Town,KOTRA_SNS_2025,화장품/뷰티
330499,PH,"Barangay Bantug, Talavera N.E",,,,Importer,talavera,KOTRA_SNS_2025,화장품/뷰티
330499,ID,,,,,Importer,Surabaya,KOTRA_SNS_2025,화장품/뷰티
330499,ID,PT Pangestu Jaya Abadi,,,,Importer,Jakarta barat,KOTRA_SNS_2025,화장품/뷰티
330499,ID,CV Lumiglow Internasional,,,,Importer,Jakarta,KOTRA_SNS_2025,화장품/뷰티
330499,PH,Powerhans,,,,Importer,Mandaluyong,KOTRA_SNS_2025,화장품/뷰티
330499,PH,Vielli's Beauty Lounge,,,,Importer,Silang,KOTRA_SNS_2025,화장품/뷰티
330499,PH,Freelance online seller,,,,Importer,Manila,KOTRA_SNS_2025,화장품/뷰티
330499,PH,agriventures,,,,Importer,Quezon City,KOTRA_SNS_2025,화장품/뷰티
330499,PH,Skinline Beauty and Wellness Spa,,,,Importer,Guiguinto,KOTRA_SNS_2025,화장품/뷰티
330499,PH,Staryard Logistics Services,,,,Importer,Taytay,KOTRA_SNS_2025,화장품/뷰티
330499,PH,Food,,,,Importer,Cebu,KOTRA_SNS_2025,화장품/뷰티
330499,PH,Dynaquest,,,,Importer,San Juan,KOTRA_SNS_2025,화장품/뷰티
330499,PH,Polyshine Phils. Corp,,,,Importer,paraaque,KOTRA_SNS_2025,화장품/뷰티
330499,ES,Vikinga,,,,Importer,Arrecife,KOTRA_SNS_2025,화장품/뷰티
330499,NL,Fab skin ave,,,,Importer,Amsterdam,KOTRA_SNS_2025,화장품/뷰티
330499,GB,Twirlly bits,,,,Importer,London,KOTRA_SNS_2025,화장품/뷰티
330499,GB,Candy Rose,,,,Importer,London,KOTRA_SNS_2025,화장품/뷰티
330499,RO,ACE Med pharm,,,,Importer,Bucuresti,KOTRA_SNS_2025,화장품/뷰티
330499,RO,Bubble Tea Costinesti,,,,Importer,Costinesti,KOTRA_SNS_2025,화장품/뷰티
330499,JP,SterlingLux Brandshop Co.,,,,Importer,Higashimurayama,KOTRA_SNS_2025,화장품/뷰티
330499,PE,Exxoda Tecnologa,,,,Importer,lima,KOTRA_SNS_2025,화장품/뷰티
330499,BR,Capco,,,,Importer,So Paulo,KOTRA_SNS_2025,화장품/뷰티
330499,EC,Vertient Day Spa,,,,Importer,Ibarra,KOTRA_SNS_2025,화장품/뷰티
330499,EC,Private,,,,Importer,Quito,KOTRA_SNS_2025,화장품/뷰티
330499,PE,Mana's Producciones,,,,Importer,Lima,KOTRA_SNS_2025,화장품/뷰티
330499,MX,rejuven mx,,,,Importer,Mrida,KOTRA_SNS_2025,화장품/뷰티
330499,DO,Personal,,,,Importer,Santo Domingo,KOTRA_SNS_2025,화장품/뷰티
330499,CO,Depilarte Colombia,,,,Importer,Bogot,KOTRA_SNS_2025,화장품/뷰티
330499,EC,Indurama,,,,Importer,Cuenca,KOTRA_SNS_2025,화장품/뷰티
330499,MX,SANSI,,,,Importer,Mexico City,KOTRA_SNS_2025,화장품/뷰티
330420,ID,MUHAMMAD BAYU SATRIA,,,,Importer,Kota Padang SUMATERA barat,KOTRA_SNS_2025,화장품/뷰티
330420,ID,Cv.surya musthika artha,,,,Importer,Surabaya,KOTRA_SNS_2025,화장품/뷰티
330420,ID,Diamond Makeup Artist,,,,Importer,Surakarta,KOTRA_SNS_2025,화장품/뷰티
330499,ID,Asst. Manager,,,,Importer,jakarta,KOTRA_SNS_2025,화장품/뷰티
330499,ID,,,,,Importer,Semarang,KOTRA_SNS_2025,화장품/뷰티
330420,MY,Freelancer,,,,Importer,Selangor,KOTRA_SNS_2025,화장품/뷰티
330499,ID,Np_Glenn,,,,Importer,Jakarta,KOTRA_SNS_2025,화장품/뷰티
330499,ID,QUPPA,,,,Importer,Jakarta,KOTRA_SNS_2025,화장품/뷰티
330499,ID,PT Dharma Korindo Sejahtera,,,,Importer,Jakarta,KOTRA_SNS_2025,화장품/뷰티
330499,MY,Lass Holdings sdn bhd,,,,Importer,Kuala Lumpur,KOTRA_SNS_2025,화장품/뷰티
330499,ID,CV RR Veronica Kosmetika,,,,Importer,Semarang,KOTRA_SNS_2025,화장품/뷰티
330420,ID,Pt.wahana mutiara agromedica,,,,Importer,Tangsel,KOTRA_SNS_2025,화장품/뷰티
330420,ID,Gloria origita,,,,Importer,Jakarta,KOTRA_SNS_2025,화장품/뷰티
330499,MY,家,,,,Importer,Kuala Lumpur,KOTRA_SNS_2025,화장품/뷰티
330499,ID,Powder Story (PT. Cerita Derma Nusantara),,,,Importer,Yogyakarta,KOTRA_SNS_2025,화장품/뷰티
330499,ID,Chemica International Group,,,,Importer,Jakarta,KOTRA_SNS_2025,화장품/뷰티
330420,MY,makai jani tok,,,,Importer,Malaysia,KOTRA_SNS_2025,화장품/뷰티
330499,VN,Thnh ph H Ch Minh,,,,Importer,Hcm,KOTRA_SNS_2025,화장품/뷰티
330499,TH,Gaia,,,,Importer,Bangkok,KOTRA_SNS_2025,화장품/뷰티
330499,VN,H Ni Ph,,,,Importer,h ni,KOTRA_SNS_2025,화장품/뷰티
330420,VN,Thnh ph H Ch Minh,,,,Importer,Ho Chi Minh City,KOTRA_SNS_2025,화장품/뷰티
330499,TH,More creative and social media,,,,Importer,Muang Roi Et,KOTRA_SNS_2025,화장품/뷰티
330499,VN,HDN,,,,Importer,Ho Chi Minh City,KOTRA_SNS_2025,화장품/뷰티
330499,VN,Seoulista,,,,Importer,Hanoi,KOTRA_SNS_2025,화장품/뷰티
330499,SG,Supersmooth,,,,Importer,Sg,KOTRA_SNS_2025,화장품/뷰티
330499,PH,bd,,,,Importer,City of Vigan,KOTRA_SNS_2025,화장품/뷰티
330499,PH,Mrs.Kim's Kitchen,,,,Importer,Pasig,KOTRA_SNS_2025,화장품/뷰티
330499,PH,REMMPLUS.Ph,,,,Importer,carmona cavite,KOTRA_SNS_2025,화장품/뷰티
330499,PH,Atomic Traveller,,,,Importer,Taytay,KOTRA_SNS_2025,화장품/뷰티
330420,PH,none,,,,Importer,municipality of maramag bukidnon,KOTRA_SNS_2025,화장품/뷰티
330499,PH,Bestrade KR Inc,,,,Importer,Santa Rosa,KOTRA_SNS_2025,화장품/뷰티
340130,PH,callcenter,,,,Importer,Baliuag,KOTRA_SNS_2025,화장품/뷰티
330420,PH,callcenter,,,,Importer,Baliuag,KOTRA_SNS_2025,화장품/뷰티
330420,PH,Vidanes marketing,,,,Importer,Quezon City,KOTRA_SNS_2025,화장품/뷰티
330499,PH,hfu,,,,Importer,Honolulu,KOTRA_SNS_2025,화장품/뷰티
330420,PH,The Krusty Krab,,,,Importer,Angeles City,KOTRA_SNS_2025,화장품/뷰티
330499,PH,Joerags,,,,Importer,Cebu City,KOTRA_SNS_2025,화장품/뷰티
330499,PH,Housewife,,,,Importer,bocaue,KOTRA_SNS_2025,화장품/뷰티
330499,PH,Other,,,,Importer,Cebu City,KOTRA_SNS_2025,화장품/뷰티
330499,PH,Gluta Health Central PH,,,,Importer,Quezon City,KOTRA_SNS_2025,화장품/뷰티
330499,ID,Jebsen Jessen Ingredients Indonesia,,,,Importer,Jakarta,KOTRA_SNS_2025,화장품/뷰티
330499,ID,PT Nusantara Avia Indonesia (Nusaviacoco),,,,Importer,Surabaya,KOTRA_SNS_2025,화장품/뷰티
330499,ID,BigBright Sales Management,,,,Importer,Jakarta,KOTRA_SNS_2025,화장품/뷰티
330499,ID,Amazon,,,,Importer,Belitung,KOTRA_SNS_2025,화장품/뷰티
330499,ID,Sociolla,,,,Importer,Jakarta,KOTRA_SNS_2025,화장품/뷰티
330499,ID,PT INYC Naturessential Indonesia,,,,Importer,Surabaya,KOTRA_SNS_2025,화장품/뷰티
330499,ID,PT. Alvindo Duta Graha,,,,Importer,Denpasar,KOTRA_SNS_2025,화장품/뷰티
330499,ID,Fujitsu,,,,Importer,Jakarta,KOTRA_SNS_2025,화장품/뷰티
330499,ID,pt larissa anugerah sejahtera,,,,Importer,yogyakarta,KOTRA_SNS_2025,화장품/뷰티
330499,ID,Illusions Online Arabia FZ LLC,,,,Importer,Jakarta Utara,KOTRA_SNS_2025,화장품/뷰티
330499,ID,General,,,,Importer,Jakarta,KOTRA_SNS_2025,화장품/뷰티
330499,ID,Skin Beauty Health,,,,Importer,Jakarta,KOTRA_SNS_2025,화장품/뷰티
330499,ID,Burgandy,,,,Importer,Jakarta,KOTRA_SNS_2025,화장품/뷰티
330499,ID,moxy,,,,Importer,Jakarta,KOTRA_SNS_2025,화장품/뷰티
330499,ID,PT.CMS,,,,Importer,Jakarta,KOTRA_SNS_2025,화장품/뷰티
330499,ID,Sinarmas Forestry,,,,Importer,Jakarta,KOTRA_SNS_2025,화장품/뷰티
330499,ID,beaute,,,,Importer,pekanbaru,KOTRA_SNS_2025,화장품/뷰티
330499,ID,Thames,,,,Importer,Jakarta,KOTRA_SNS_2025,화장품/뷰티
330499,ID,PT gaple sembilan sembilan,,,,Importer,brebes,KOTRA_SNS_2025,화장품/뷰티
330499,ID,Andra artomoro,,,,Importer,Jakarta,KOTRA_SNS_2025,화장품/뷰티
330499,ID,Hico,,,,Importer,Bekasi,KOTRA_SNS_2025,화장품/뷰티
330499,ID,Sentosa Salon Supplier,,,,Importer,Jakarta,KOTRA_SNS_2025,화장품/뷰티
330499,ID,Smart Life,,,,Importer,Jakarta,KOTRA_SNS_2025,화장품/뷰티
330499,ID,Majujayafarm,,,,Importer,Bekasi,KOTRA_SNS_2025,화장품/뷰티
330499,ID,PT. Garland Cantik Indonesia,,,,Importer,Jakarta,KOTRA_SNS_2025,화장품/뷰티
330499,ID,Ohana Salon,,,,Importer,Tangerang,KOTRA_SNS_2025,화장품/뷰티
330499,ID,HAG,,,,Importer,Jakarta barat,KOTRA_SNS_2025,화장품/뷰티
330499,ID,Capital Mega Provis,,,,Importer,Tangerang,KOTRA_SNS_2025,화장품/뷰티
330499,ID,Azalia Kidsware,,,,Importer,Semarang,KOTRA_SNS_2025,화장품/뷰티
330499,ID,Reglow,,,,Importer,Pekanbaru,KOTRA_SNS_2025,화장품/뷰티
330499,ID,N/a,,,,Importer,Kelapa gading,KOTRA_SNS_2025,화장품/뷰티
330499,ID,Private organisations,,,,Importer,Jakarta,KOTRA_SNS_2025,화장품/뷰티
330499,ID,Nutrifood Indonesia,,,,Importer,Jakarta,KOTRA_SNS_2025,화장품/뷰티
330499,ID,Bytedance,,,,Importer,Jakarta,KOTRA_SNS_2025,화장품/뷰티
330499,ID,PT Astoria Prima,,,,Importer,Jakarta,KOTRA_SNS_2025,화장품/뷰티
330499,ID,Zona medika,,,,Importer,Bandung,KOTRA_SNS_2025,화장품/뷰티
330499,ID,PT Vivacious Medical Indonesia,,,,Importer,Jakarta,KOTRA_SNS_2025,화장품/뷰티
330499,ID,Unknown,,,,Importer,Tangerang,KOTRA_SNS_2025,화장품/뷰티
330499,ID,CV.Anugerah Cipta Karya,,,,Importer,Bekasi,KOTRA_SNS_2025,화장품/뷰티
330499,ID,SISTON COLLECTION,,,,Importer,Batam,KOTRA_SNS_2025,화장품/뷰티
330499,ID,Bobbel Collection,,,,Importer,Bandung,KOTRA_SNS_2025,화장품/뷰티
330499,ID,NYR Beauty,,,,Importer,Tangerang Selatan,KOTRA_SNS_2025,화장품/뷰티
330499,ID,subhakra,,,,Importer,Jakarta,KOTRA_SNS_2025,화장품/뷰티
330499,ID,WakeupMakeup,,,,Importer,Jakarta,KOTRA_SNS_2025,화장품/뷰티
330499,ID,Surya Mas Trading,,,,Importer,Surabaya,KOTRA_SNS_2025,화장품/뷰티
330499,ID,CV. Skinavi Indonesia,,,,Importer,Surabaya,KOTRA_SNS_2025,화장품/뷰티
330499,ID,Littlecshop,,,,Importer,Jakarta,KOTRA_SNS_2025,화장품/뷰티
330499,ID,Smith Berlin,,,,Importer,Jakarta,KOTRA_SNS_2025,화장품/뷰티
330499,ID,TriStar Optima,,,,Importer,Jakarta,KOTRA_SNS_2025,화장품/뷰티
330499,ID,Sentral Data,,,,Importer,Jakarta,KOTRA_SNS_2025,화장품/뷰티
330499,ID,ETM,,,,Importer,Bekasi,KOTRA_SNS_2025,화장품/뷰티
330499,ID,Marketing,,,,Importer,Kebumen,KOTRA_SNS_2025,화장품/뷰티
330499,ID,Wiraswasta,,,,Importer,Surabaya,KOTRA_SNS_2025,화장품/뷰티
330499,ID,Salim makmur,,,,Importer,Jakarta,KOTRA_SNS_2025,화장품/뷰티
330499,ID,PT. RAYIN HIJAU PERMATA,,,,Importer,Jakarta,KOTRA_SNS_2025,화장품/뷰티
330499,ID,H,,,,Importer,Bandung,KOTRA_SNS_2025,화장품/뷰티
330499,ID,Lue,,,,Importer,Jakarta,KOTRA_SNS_2025,화장품/뷰티
330499,ID,Pinang Mas,,,,Importer,Medan,KOTRA_SNS_2025,화장품/뷰티
330499,ID,Milea,,,,Importer,Jakarta,KOTRA_SNS_2025,화장품/뷰티
330499,ID,Aplikasi Super,,,,Importer,Jakarta,KOTRA_SNS_2025,화장품/뷰티
330499,GB,MONAI,,,,Importer,Birmingham,KOTRA_SNS_2025,화장품/뷰티
330499,GB,www.premierhairandmakeup.com,,,,Importer,London,KOTRA_SNS_2025,화장품/뷰티
330730,GB,Astrid & Miyu,,,,Importer,London,KOTRA_SNS_2025,화장품/뷰티
330499,GB,Kliniqua,,,,Importer,Buckinghamshire,KOTRA_SNS_2025,화장품/뷰티
330499,GB,Peppermint Room,,,,Importer,Tunbridge Wells,KOTRA_SNS_2025,화장품/뷰티
330499,GB,Brandi vvici,,,,Importer,London,KOTRA_SNS_2025,화장품/뷰티
330499,GB,Tangys tasty stuff,,,,Importer,London,KOTRA_SNS_2025,화장품/뷰티
330499,GB,Kpop Dreams,,,,Importer,London,KOTRA_SNS_2025,화장품/뷰티
330499,GB,Peacie Limited,,,,Importer,Birmingham,KOTRA_SNS_2025,화장품/뷰티
330510,GB,Citationsy,,,,Importer,London,KOTRA_SNS_2025,화장품/뷰티
330499,GB,Infinity nails and beauty Ltd,,,,Importer,London,KOTRA_SNS_2025,화장품/뷰티
330499,GB,Bahmaps,,,,Importer,Brighton,KOTRA_SNS_2025,화장품/뷰티
330499,GB,Signature,,,,Importer,London,KOTRA_SNS_2025,화장품/뷰티
330499,GB,Twirlly bits,,,,Importer,London,KOTRA_SNS_2025,화장품/뷰티
330499,GB,HSBC Bank,,,,Importer,London,KOTRA_SNS_2025,화장품/뷰티
330499,GB,Christina mclean pmu,,,,Importer,Dunfermline,KOTRA_SNS_2025,화장품/뷰티
330499,GB,Glam Touch,,,,Importer,London,KOTRA_SNS_2025,화장품/뷰티
330499,GB,Yidian,,,,Importer,London,KOTRA_SNS_2025,화장품/뷰티
330499,GB,Spectra Clinic,,,,Importer,London,KOTRA_SNS_2025,화장품/뷰티
330499,GB,Chagya,,,,Importer,London,KOTRA_SNS_2025,화장품/뷰티
330499,GB,Art of beauty london,,,,Importer,London,KOTRA_SNS_2025,화장품/뷰티
330499,GB,So you aesthetics,,,,Importer,London,KOTRA_SNS_2025,화장품/뷰티
330499,GB,Glamourghirls and Co Ltd,,,,Importer,London,KOTRA_SNS_2025,화장품/뷰티
330730,GB,BIYU Ltd,,,,Importer,London,KOTRA_SNS_2025,화장품/뷰티
330499,GB,Parcel London,,,,Importer,Bolton,KOTRA_SNS_2025,화장품/뷰티
330499,GB,restoration health and aesthetics,,,,Importer,Luton,KOTRA_SNS_2025,화장품/뷰티
330499,GB,Jk Taylor Ltd,,,,Importer,Olney,KOTRA_SNS_2025,화장품/뷰티
330499,GB,IMVA GROUP LTD,,,,Importer,Warritong,KOTRA_SNS_2025,화장품/뷰티
330499,GB,Data,,,,Importer,London,KOTRA_SNS_2025,화장품/뷰티
330499,GB,PJT partners,,,,Importer,London,KOTRA_SNS_2025,화장품/뷰티
330499,FR,Bereniceconsultanting international,,,,Importer,Aix en pce,KOTRA_SNS_2025,화장품/뷰티
330499,FR,Lediskin,,,,Importer,Paris,KOTRA_SNS_2025,화장품/뷰티
330499,FR,Asc,,,,Importer,Paris,KOTRA_SNS_2025,화장품/뷰티
330499,FR,Waliaparis,,,,Importer,Paris,KOTRA_SNS_2025,화장품/뷰티
330499,FR,salon de beaut,,,,Importer,Paris,KOTRA_SNS_2025,화장품/뷰티
330510,FR,Ipek.BK,,,,Importer,Mulhouse,KOTRA_SNS_2025,화장품/뷰티
330499,FR,Charly modeuse,,,,Importer,Paris,KOTRA_SNS_2025,화장품/뷰티
330499,FR,Air France,,,,Importer,Montpellier,KOTRA_SNS_2025,화장품/뷰티
330499,FR,Od beauty,,,,Importer,Paris,KOTRA_SNS_2025,화장품/뷰티
330499,FR,Magda Nails,,,,Importer,Paris,KOTRA_SNS_2025,화장품/뷰티
330499,FR,Divine Extension,,,,Importer,Paris,KOTRA_SNS_2025,화장품/뷰티
330499,FR,S&D,,,,Importer,60100,KOTRA_SNS_2025,화장품/뷰티
330499,FR,Egidya,,,,Importer,Paris,KOTRA_SNS_2025,화장품/뷰티
330499,FR,Jais_aistetique,,,,Importer,Paris,KOTRA_SNS_2025,화장품/뷰티
330499,FR,korea,,,,Importer,Chteauroux,KOTRA_SNS_2025,화장품/뷰티
330499,FR,iam my own boss,,,,Importer,Villepinte,KOTRA_SNS_2025,화장품/뷰티
330499,FR,L’armoire de Dalia,,,,Importer,Paris,KOTRA_SNS_2025,화장품/뷰티
330499,FR,Academy almeida,,,,Importer,Domont,KOTRA_SNS_2025,화장품/뷰티
330499,FR,SeeMyCosmetics,,,,Importer,Paris,KOTRA_SNS_2025,화장품/뷰티
330499,FR,CMTrading,,,,Importer,Paris,KOTRA_SNS_2025,화장품/뷰티
330499,FR,Sobeauty_foushi,,,,Importer,Cergy,KOTRA_SNS_2025,화장품/뷰티
330499,FR,DM BEAUTY,,,,Importer,Villejuif,KOTRA_SNS_2025,화장품/뷰티
330499,FR,Sbk,,,,Importer,Paris,KOTRA_SNS_2025,화장품/뷰티
330499,FR,Whyta xoxo,,,,Importer,Angers,KOTRA_SNS_2025,화장품/뷰티
330499,FR,Ovah care,,,,Importer,Marseille,KOTRA_SNS_2025,화장품/뷰티
330499,FR,On The Shelf Agency,,,,Importer,Paris,KOTRA_SNS_2025,화장품/뷰티
330499,FR,GLO Studio,,,,Importer,Paris,KOTRA_SNS_2025,화장품/뷰티
330499,FR,Anglo et Pomme,,,,Importer,Paris,KOTRA_SNS_2025,화장품/뷰티
330730,FR,Alyssa,,,,Importer,Roubaix,KOTRA_SNS_2025,화장품/뷰티
330499,FR,Skinglow® Institut,,,,Importer,Forbach,KOTRA_SNS_2025,화장품/뷰티
330499,FR,L’adresse paris agency,,,,Importer,Paris,KOTRA_SNS_2025,화장품/뷰티
330499,FR,K j Pop,,,,Importer,Paris,KOTRA_SNS_2025,화장품/뷰티
330499,FR,Universit of Paris Cit,,,,Importer,Le Vsinet,KOTRA_SNS_2025,화장품/뷰티
330499,FR,,,,,Importer,Paris,KOTRA_SNS_2025,화장품/뷰티
330499,MN,Ariun,,,,Importer,Ulaanbaatar,KOTRA_SNS_2025,화장품/뷰티
330499,UZ,Beuty bless pharm,,,,Importer,Tashkent,KOTRA_SNS_2025,화장품/뷰티
330499,KZ,Emar,,,,Importer,Astana,KOTRA_SNS_2025,화장품/뷰티
330499,KZ,87717040158,,,,Importer,Алматы,KOTRA_SNS_2025,화장품/뷰티
330499,AZ,BonnyBae,,,,Importer,Baku,KOTRA_SNS_2025,화장품/뷰티
330499,KZ,Alfocom,,,,Importer,Almaty,KOTRA_SNS_2025,화장품/뷰티
330499,KZ,mens_trade,,,,Importer,Алматы,KOTRA_SNS_2025,화장품/뷰티
330499,DE,Kacy,,,,Importer,Frankfurt am Main,KOTRA_SNS_2025,화장품/뷰티
330499,NG,L’adora Beauty,,,,Importer,Lagos,KOTRA_SNS_2025,화장품/뷰티
330499,MM,com.xiaomi.xmsf,,,,Importer,Mng Yawng,KOTRA_SNS_2025,화장품/뷰티
330499,KH,Siem Reap,,,,Importer,Siem Reap,KOTRA_SNS_2025,화장품/뷰티
330499,PH,Na,,,,Importer,Davao City,KOTRA_SNS_2025,화장품/뷰티
330499,PH,Globe Telecom,,,,Importer,Makati City,KOTRA_SNS_2025,화장품/뷰티
330499,MY,Hcvm sdn bhd,,,,Importer,Kuala lumpur,KOTRA_SNS_2025,화장품/뷰티
330499,US,none,,,,Importer,Paranaque,KOTRA_SNS_2025,화장품/뷰티
330499,PH,Almarcas marketing and services inc,,,,Importer,Paranaque,KOTRA_SNS_2025,화장품/뷰티
330499,MM,Dr.K Aesthetic & Age Management Clinic,,,,Importer,Mandalay,KOTRA_SNS_2025,화장품/뷰티
330499,PH,TNK trading corp,,,,Importer,metro manila,KOTRA_SNS_2025,화장품/뷰티
330499,PH,no,,,,Importer,Tuquigarao City,KOTRA_SNS_2025,화장품/뷰티
330499,PH,Numedia digital signage  corp,,,,Importer,Pasig,KOTRA_SNS_2025,화장품/뷰티
330499,MY,Asiamas Mutiara Sdn Bhd,,,,Importer,Kuala Lumpur,KOTRA_SNS_2025,화장품/뷰티
330499,PH,P10WW International Corp (dba MyKartero),,,,Importer,Pasig,KOTRA_SNS_2025,화장품/뷰티
330499,PH,SimplexQuerido24 Philippines Inc.,,,,Importer,Mandaluyong,KOTRA_SNS_2025,화장품/뷰티
330499,KH,Ranybeautycare,,,,Importer,Phnom Penh,KOTRA_SNS_2025,화장품/뷰티
330499,PH,DE company,,,,Importer,Balingasaguk,KOTRA_SNS_2025,화장품/뷰티
330499,US,Acteur,,,,Importer,Wheeling,KOTRA_SNS_2025,화장품/뷰티
330499,US,Rejuv21,,,,Importer,Los Angeles,KOTRA_SNS_2025,화장품/뷰티
330499,US,ARTEMIS LED LLC,,,,Importer,Cedar Rapids,KOTRA_SNS_2025,화장품/뷰티
330499,US,Minerva aesthetics,,,,Importer,Houston,KOTRA_SNS_2025,화장품/뷰티
330499,US,Whollykaw,,,,Importer,Columbus,KOTRA_SNS_2025,화장품/뷰티
330499,US,Loudcloud LLC,,,,Importer,Los Angeles,KOTRA_SNS_2025,화장품/뷰티
330499,US,didn't start,,,,Importer,Los Angeles,KOTRA_SNS_2025,화장품/뷰티
330499,US,Skin Edit Beauty,,,,Importer,Grand Rapids,KOTRA_SNS_2025,화장품/뷰티
330499,US,Liquink llc,,,,Importer,Boston,KOTRA_SNS_2025,화장품/뷰티
330499,US,USACosmetics,,,,Importer,Frisco,KOTRA_SNS_2025,화장품/뷰티
330499,US,Kcosmobeauty,,,,Importer,Hawaii,KOTRA_SNS_2025,화장품/뷰티
330499,US,"The nature, inc",,,,Importer,Aurora,KOTRA_SNS_2025,화장품/뷰티
330499,US,Beauty and wellness Boutique,,,,Importer,Los Angeles,KOTRA_SNS_2025,화장품/뷰티
330499,US,Clinimed,,,,Importer,Center Valley,KOTRA_SNS_2025,화장품/뷰티
330499,US,La Petite Beauty Salon,,,,Importer,Los Angeles,KOTRA_SNS_2025,화장품/뷰티
330499,US,Review,,,,Importer,"Hedgesville, wv",KOTRA_SNS_2025,화장품/뷰티
330499,VN,STT Invest,,,,Importer,Hanoi,KOTRA_SNS_2025,화장품/뷰티
330499,VN,Caila company limitef,,,,Importer,Hanoi,KOTRA_SNS_2025,화장품/뷰티
330499,PK,sultan commercial company,,,,Importer,karachi,KOTRA_SNS_2025,화장품/뷰티
330499,BD,ROBINSON'S (BD) LIMITED.,,,,Importer,Dhaka,KOTRA_SNS_2025,화장품/뷰티
330410,IN,ABRL,,,,Importer,Pune,KOTRA_SNS_2025,화장품/뷰티
330410,US,ghee,,,,Importer,hanumangarh,KOTRA_SNS_2025,화장품/뷰티
330499,IN,Food blast,,,,Importer,Pune,KOTRA_SNS_2025,화장품/뷰티
330410,IN,Loreal,,,,Importer,Mumbai,KOTRA_SNS_2025,화장품/뷰티
330499,IN,Raavita clinic,,,,Importer,Amravati,KOTRA_SNS_2025,화장품/뷰티
330499,IN,practicing in aromatherpist,,,,Importer,amravati,KOTRA_SNS_2025,화장품/뷰티
330499,IN,M.N.Enterprise,,,,Importer,kalyani,KOTRA_SNS_2025,화장품/뷰티
330410,IN,Dr Shaista Kazi's Ellegenz,,,,Importer,Mumbai,KOTRA_SNS_2025,화장품/뷰티
330499,IN,Makeup and jewellery,,,,Importer,Amravati,KOTRA_SNS_2025,화장품/뷰티
330499,IN,General Exports,,,,Importer,Surat,KOTRA_SNS_2025,화장품/뷰티
330410,IN,The Esthetic Clinics,,,,Importer,Mumbai,KOTRA_SNS_2025,화장품/뷰티
330410,IN,VH Skin and Aesthetic Centre,,,,Importer,Pune,KOTRA_SNS_2025,화장품/뷰티
330410,IN,Avatarluxe aestheticians pvt ltd,,,,Importer,Kanchipuram,KOTRA_SNS_2025,화장품/뷰티
330499,IN,Unicrop,,,,Importer,Vadodara,KOTRA_SNS_2025,화장품/뷰티
330410,IN,Rich looks beauty parlour,,,,Importer,Jaggayyapet,KOTRA_SNS_2025,화장품/뷰티
330499,IN,Kesmo,,,,Importer,Chennai,KOTRA_SNS_2025,화장품/뷰티
330499,IN,"Veda Diagnostic Centre, Chhatrapati Sambhaji Nagar",,,,Importer,Chhatrapati Sambhaji Nagar,KOTRA_SNS_2025,화장품/뷰티
330499,IN,Athena salon,,,,Importer,Haldwani,KOTRA_SNS_2025,화장품/뷰티
330499,IN,Cosmetics World,,,,Importer,Delhi,KOTRA_SNS_2025,화장품/뷰티
330499,IN,Jio,,,,Importer,Noida,KOTRA_SNS_2025,화장품/뷰티
330499,IN,Cost To Cost,,,,Importer,Bangalore,KOTRA_SNS_2025,화장품/뷰티
330499,IN,KPMG India,,,,Importer,Jhunjhunu,KOTRA_SNS_2025,화장품/뷰티
330499,IN,Deaux,,,,Importer,Surat,KOTRA_SNS_2025,화장품/뷰티
330499,IN,Shafa garments and cosmetics,,,,Importer,Chennai,KOTRA_SNS_2025,화장품/뷰티
330499,IN,Design Works,,,,Importer,Pune,KOTRA_SNS_2025,화장품/뷰티
330410,IN,Luminance clinic,,,,Importer,New Delhi,KOTRA_SNS_2025,화장품/뷰티
330410,IN,Blush & Glow Professional,,,,Importer,Ahmedabad,KOTRA_SNS_2025,화장품/뷰티
330410,IN,Skinangel,,,,Importer,Pune,KOTRA_SNS_2025,화장품/뷰티
330410,IN,Signate beauty salon,,,,Importer,Nanded,KOTRA_SNS_2025,화장품/뷰티
330499,IN,Avon India,,,,Importer,Mumbai,KOTRA_SNS_2025,화장품/뷰티
330410,IN,Charms beauty pvt ltd,,,,Importer,Delhi,KOTRA_SNS_2025,화장품/뷰티
330499,IN,"METRO CLINIC,Family medicine center,pune",,,,Importer,Pune,KOTRA_SNS_2025,화장품/뷰티
330410,IN,Cosmocraft,,,,Importer,Bengaluru,KOTRA_SNS_2025,화장품/뷰티
330410,IN,ALIVE HEALTH AND BEAUTY,,,,Importer,Saharanpur,KOTRA_SNS_2025,화장품/뷰티
330410,IN,Gaurav Associates,,,,Importer,Zirakpur,KOTRA_SNS_2025,화장품/뷰티
330499,IN,extra,,,,Importer,guwahati,KOTRA_SNS_2025,화장품/뷰티
330410,IN,Radiance Hair & skin clinic,,,,Importer,Surat,KOTRA_SNS_2025,화장품/뷰티
330499,IN,N'LUV cosmetics,,,,Importer,Delhi,KOTRA_SNS_2025,화장품/뷰티
330410,IN,ABRL,,,,Importer,Pune,KOTRA_SNS_2025,화장품/뷰티
330410,US,ghee,,,,Importer,hanumangarh,KOTRA_SNS_2025,화장품/뷰티
330499,IN,Food blast,,,,Importer,Pune,KOTRA_SNS_2025,화장품/뷰티
330410,IN,Loreal,,,,Importer,Mumbai,KOTRA_SNS_2025,화장품/뷰티
330499,IN,Raavita clinic,,,,Importer,Amravati,KOTRA_SNS_2025,화장품/뷰티
330499,IN,practicing in aromatherpist,,,,Importer,amravati,KOTRA_SNS_2025,화장품/뷰티
330499,IN,M.N.Enterprise,,,,Importer,kalyani,KOTRA_SNS_2025,화장품/뷰티
330410,IN,Dr Shaista Kazi's Ellegenz,,,,Importer,Mumbai,KOTRA_SNS_2025,화장품/뷰티
330499,IN,Makeup and jewellery,,,,Importer,Amravati,KOTRA_SNS_2025,화장품/뷰티
330499,IN,General Exports,,,,Importer,Surat,KOTRA_SNS_2025,화장품/뷰티
330410,IN,The Esthetic Clinics,,,,Importer,Mumbai,KOTRA_SNS_2025,화장품/뷰티
330410,IN,VH Skin and Aesthetic Centre,,,,Importer,Pune,KOTRA_SNS_2025,화장품/뷰티
330410,IN,Avatarluxe aestheticians pvt ltd,,,,Importer,Kanchipuram,KOTRA_SNS_2025,화장품/뷰티
330499,IN,Unicrop,,,,Importer,Vadodara,KOTRA_SNS_2025,화장품/뷰티
330410,IN,Rich looks beauty parlour,,,,Importer,Jaggayyapet,KOTRA_SNS_2025,화장품/뷰티
330499,IN,Kesmo,,,,Importer,Chennai,KOTRA_SNS_2025,화장품/뷰티
330499,IN,"Veda Diagnostic Centre, Chhatrapati Sambhaji Nagar",,,,Importer,Chhatrapati Sambhaji Nagar,KOTRA_SNS_2025,화장품/뷰티
330499,IN,Athena salon,,,,Importer,Haldwani,KOTRA_SNS_2025,화장품/뷰티
330499,IN,Cosmetics World,,,,Importer,Delhi,KOTRA_SNS_2025,화장품/뷰티
330499,IN,Jio,,,,Importer,Noida,KOTRA_SNS_2025,화장품/뷰티
330499,IN,Cost To Cost,,,,Importer,Bangalore,KOTRA_SNS_2025,화장품/뷰티
330499,IN,KPMG India,,,,Importer,Jhunjhunu,KOTRA_SNS_2025,화장품/뷰티
330499,IN,Deaux,,,,Importer,Surat,KOTRA_SNS_2025,화장품/뷰티
330499,IN,Shafa garments and cosmetics,,,,Importer,Chennai,KOTRA_SNS_2025,화장품/뷰티
330499,IN,Design Works,,,,Importer,Pune,KOTRA_SNS_2025,화장품/뷰티
330410,IN,Luminance clinic,,,,Importer,New Delhi,KOTRA_SNS_2025,화장품/뷰티
330410,IN,Blush & Glow Professional,,,,Importer,Ahmedabad,KOTRA_SNS_2025,화장품/뷰티
330499,AE,ADMO,,,,Importer,Dubai,KOTRA_SNS_2025,화장품/뷰티
330499,AE,PureTrade,,,,Importer,Abu Dhabi,KOTRA_SNS_2025,화장품/뷰티
330499,AE,Rawaat Alhoriya,,,,Importer,Dubai,KOTRA_SNS_2025,화장품/뷰티
330499,IN,Cosmeza,,,,Importer,Dubai,KOTRA_SNS_2025,화장품/뷰티
330499,AE,Na,,,,Importer,Dubai,KOTRA_SNS_2025,화장품/뷰티
330499,AE,Na,,,,Importer,Dubai,KOTRA_SNS_2025,화장품/뷰티
330499,PK,Muhammad Essa,,,,Importer,Dubai,KOTRA_SNS_2025,화장품/뷰티
330499,AE,TiaraMed,,,,Importer,Dubai,KOTRA_SNS_2025,화장품/뷰티
330499,AE,Purity Lounge,,,,Importer,Dubai,KOTRA_SNS_2025,화장품/뷰티
330499,AE,Beavo Ecommerce Ventures,,,,Importer,Dubai,KOTRA_SNS_2025,화장품/뷰티
330499,AE,zeesouq online service,,,,Importer,sharjah,KOTRA_SNS_2025,화장품/뷰티
330499,AE,Beauty Lab Ph,,,,Importer,Dubai,KOTRA_SNS_2025,화장품/뷰티
330499,AE,BD,,,,Importer,Dubai,KOTRA_SNS_2025,화장품/뷰티
330499,AE,Brands Dynamo LLC,,,,Importer,Dubai,KOTRA_SNS_2025,화장품/뷰티
330499,AE,Bbq delights,,,,Importer,Dubai,KOTRA_SNS_2025,화장품/뷰티
330499,QA,soft Trading and Contracting WLL,,,,Importer,Doha,KOTRA_SNS_2025,화장품/뷰티
330499,PH,Katara club,,,,Importer,Doha,KOTRA_SNS_2025,화장품/뷰티
330499,QA,Al Jazeera,,,,Importer,Doha,KOTRA_SNS_2025,화장품/뷰티
330499,QA,Qatar,,,,Importer,Doha,KOTRA_SNS_2025,화장품/뷰티
330499,QA,Crescent Pharmacy,,,,Importer,Doha Qatar,KOTRA_SNS_2025,화장품/뷰티
330499,QA,Special London Beauty,,,,Importer,Doha,KOTRA_SNS_2025,화장품/뷰티
330499,QA,Work from home,,,,Importer,Doha,KOTRA_SNS_2025,화장품/뷰티
330499,QA,Dk aesthetics,,,,Importer,Doha,KOTRA_SNS_2025,화장품/뷰티
330499,QA,No,,,,Importer,Doha & Hyderabad,KOTRA_SNS_2025,화장품/뷰티
330410,IN,Skinangel,,,,Importer,Pune,KOTRA_SNS_2025,화장품/뷰티
330410,IN,Signate beauty salon,,,,Importer,Nanded,KOTRA_SNS_2025,화장품/뷰티
330499,IN,Avon India,,,,Importer,Mumbai,KOTRA_SNS_2025,화장품/뷰티
330410,IN,Charms beauty pvt ltd,,,,Importer,Delhi,KOTRA_SNS_2025,화장품/뷰티
330499,IN,"METRO CLINIC,Family medicine center,pune",,,,Importer,Pune,KOTRA_SNS_2025,화장품/뷰티
330410,IN,Cosmocraft,,,,Importer,Bengaluru,KOTRA_SNS_2025,화장품/뷰티
330410,IN,ALIVE HEALTH AND BEAUTY,,,,Importer,Saharanpur,KOTRA_SNS_2025,화장품/뷰티
330410,IN,Gaurav Associates,,,,Importer,Zirakpur,KOTRA_SNS_2025,화장품/뷰티
330499,IN,extra,,,,Importer,guwahati,KOTRA_SNS_2025,화장품/뷰티
330410,IN,Radiance Hair & skin clinic,,,,Importer,Surat,KOTRA_SNS_2025,화장품/뷰티
330499,IN,N'LUV cosmetics,,,,Importer,Delhi,KOTRA_SNS_2025,화장품/뷰티
330499,IN,Mc mee,,,,Importer,Mumbai,KOTRA_SNS_2025,화장품/뷰티
330499,US,Nailed itt,,,,Importer,Vadodara,KOTRA_SNS_2025,화장품/뷰티
330499,IN,Entrepreneur,,,,Importer,Vadodara,KOTRA_SNS_2025,화장품/뷰티
330499,IN,eco,,,,Importer,Kolkata,KOTRA_SNS_2025,화장품/뷰티
330499,IN,Anandadin Magazine,,,,Importer,Kolkata,KOTRA_SNS_2025,화장품/뷰티
330499,IN,Gaur Hospital,,,,Importer,Hathras,KOTRA_SNS_2025,화장품/뷰티
330499,IN,hohocare services pvt.ltd,,,,Importer,Mumbai,KOTRA_SNS_2025,화장품/뷰티
330499,IN,Sai ayush ayurveda,,,,Importer,Hyderabad,KOTRA_SNS_2025,화장품/뷰티
330410,IN,ELEGANT,,,,Importer,kolkata,KOTRA_SNS_2025,화장품/뷰티
330499,IN,auto parts,,,,Importer,udgir,KOTRA_SNS_2025,화장품/뷰티
330499,IN,Cosmetologist at palm aesthetic clinic,,,,Importer,Nagpur,KOTRA_SNS_2025,화장품/뷰티
330499,IN,Pidilite Industries,,,,Importer,Mumbai,KOTRA_SNS_2025,화장품/뷰티
330499,IN,self employed,,,,Importer,Kalyan,KOTRA_SNS_2025,화장품/뷰티
330410,IN,Bath and body chef,,,,Importer,Pune,KOTRA_SNS_2025,화장품/뷰티
330499,IN,Accurate Partner,,,,Importer,Navi Mumbai (New Mumbai),KOTRA_SNS_2025,화장품/뷰티
330499,IN,Alembic Pharmaceuticals Ltd,,,,Importer,Mumbai,KOTRA_SNS_2025,화장품/뷰티
330410,IN,Shamama Natural Wellness,,,,Importer,New Delhi,KOTRA_SNS_2025,화장품/뷰티
330410,IN,Ziau Salon,,,,Importer,Mumbai,KOTRA_SNS_2025,화장품/뷰티
330499,IN,Mumbai Fashion Week,,,,Importer,Navi Mumbai,KOTRA_SNS_2025,화장품/뷰티
330410,IN,My Glam Clinic,,,,Importer,Ahmedabad,KOTRA_SNS_2025,화장품/뷰티
330499,IN,Parx life science,,,,Importer,Bhopal,KOTRA_SNS_2025,화장품/뷰티
330410,IN,,,,,Importer,Surat,KOTRA_SNS_2025,화장품/뷰티
330410,IN,Ceeco International,,,,Importer,Kannur,KOTRA_SNS_2025,화장품/뷰티
330410,IN,Phalanx Life sciences,,,,Importer,Hyderabad,KOTRA_SNS_2025,화장품/뷰티
330410,IN,N.V.M. DERMACEUTICALS,,,,Importer,AMBALA,KOTRA_SNS_2025,화장품/뷰티
330499,IN,Teqmed pharma llp,,,,Importer,Chandigarh,KOTRA_SNS_2025,화장품/뷰티
330410,IN,agropac pvt ltd,,,,Importer,AHMEDABAD,KOTRA_SNS_2025,화장품/뷰티
330410,IN,Osdermskin clinic,,,,Importer,Mumbai,KOTRA_SNS_2025,화장품/뷰티
330410,IN,Hebe skin hair laser clinic,,,,Importer,Delhi,KOTRA_SNS_2025,화장품/뷰티
330499,IN,Spiritual homoeopathy hyderabad,,,,Importer,Hyderabad,KOTRA_SNS_2025,화장품/뷰티
330410,IN,Beauty&Beyond,,,,Importer,Hyderabad,KOTRA_SNS_2025,화장품/뷰티
330499,IN,Bookursalon Pvt Ltd,,,,Importer,Hyderabad,KOTRA_SNS_2025,화장품/뷰티
330410,IN,College Student,,,,Importer,Pune,KOTRA_SNS_2025,화장품/뷰티
330499,IN,Shilpi makeup Studio,,,,Importer,Mathura,KOTRA_SNS_2025,화장품/뷰티
330499,IN,Scinuvo consumer products LLP,,,,Importer,Navi Mumbai (New Mumbai),KOTRA_SNS_2025,화장품/뷰티
330410,IN,Trsor For Youth,,,,Importer,Pune,KOTRA_SNS_2025,화장품/뷰티
330410,IN,Care Cosmo,,,,Importer,Mumbai,KOTRA_SNS_2025,화장품/뷰티
330410,IN,Self Employed,,,,Importer,Kota,KOTRA_SNS_2025,화장품/뷰티
330410,IN,Bajaj,,,,Importer,Mumbai,KOTRA_SNS_2025,화장품/뷰티
330410,IN,The copper science,,,,Importer,Indore,KOTRA_SNS_2025,화장품/뷰티
330499,IN,Rad Beauty,,,,Importer,Bangalore,KOTRA_SNS_2025,화장품/뷰티
330410,IN,EYECATCHERS,,,,Importer,Kolkata,KOTRA_SNS_2025,화장품/뷰티
330499,IN,Sant Gadge Baba Amravati University,,,,Importer,New Delhi,KOTRA_SNS_2025,화장품/뷰티
330410,IN,Bloop,,,,Importer,Mumbai,KOTRA_SNS_2025,화장품/뷰티
330410,IN,Business,,,,Importer,Nashik,KOTRA_SNS_2025,화장품/뷰티
330499,IN,TINNIT PRO,,,,Importer,Hyderabad,KOTRA_SNS_2025,화장품/뷰티
330499,IN,ICICI Bank Ltd,,,,Importer,Jaipur,KOTRA_SNS_2025,화장품/뷰티
330499,IN,Shevolve,,,,Importer,Chennai,KOTRA_SNS_2025,화장품/뷰티
330410,IN,ABONY Healthcare Limited,,,,Importer,Panipat,KOTRA_SNS_2025,화장품/뷰티
330410,IN,Lasercosmesis Aesthetics,,,,Importer,Thane,KOTRA_SNS_2025,화장품/뷰티
330410,IN,Skinmore beauty care,,,,Importer,Mumbai,KOTRA_SNS_2025,화장품/뷰티
330499,IN,Acube Aesthetics Clinic,,,,Importer,Mumbai,KOTRA_SNS_2025,화장품/뷰티
330410,IN,Asal Skincare,,,,Importer,Kolkata,KOTRA_SNS_2025,화장품/뷰티
330410,IN,United dermashine,,,,Importer,Mumbai,KOTRA_SNS_2025,화장품/뷰티
330410,IN,Belviso,,,,Importer,Mumbai,KOTRA_SNS_2025,화장품/뷰티
330499,AE,Algoinvent,,,,Importer,Delhi,KOTRA_SNS_2025,화장품/뷰티
330499,IN,BMG Chemicals pvt LTD,,,,Importer,Mumbai,KOTRA_SNS_2025,화장품/뷰티
330499,IN,Sait Ventures,,,,Importer,Kochi,KOTRA_SNS_2025,화장품/뷰티
330499,IN,HTI Experts,,,,Importer,Ludhiana,KOTRA_SNS_2025,화장품/뷰티
330410,IN,D'cent design,,,,Importer,Nagpur,KOTRA_SNS_2025,화장품/뷰티
330499,IN,Crescendoz,,,,Importer,Thane,KOTRA_SNS_2025,화장품/뷰티
330410,IN,S.S.Enterprise,,,,Importer,mira road,KOTRA_SNS_2025,화장품/뷰티
330410,IN,The cosmosquare clinic,,,,Importer,Pune,KOTRA_SNS_2025,화장품/뷰티
330410,IN,,,,,Importer,Surat,KOTRA_SNS_2025,화장품/뷰티
330499,IN,,,,,Importer,Mumbai,KOTRA_SNS_2025,화장품/뷰티
330410,IN,Purple Pompa Pvt Ltd,,,,Importer,Mumbai,KOTRA_SNS_2025,화장품/뷰티
330499,IN,AJ Sons,,,,Importer,Kolkata,KOTRA_SNS_2025,화장품/뷰티
330499,IN,The Studio Cosmetics,,,,Importer,Mumbai,KOTRA_SNS_2025,화장품/뷰티
330410,IN,DBridge India,,,,Importer,Delhi,KOTRA_SNS_2025,화장품/뷰티
330499,IN,Vay Creations OPC Private Limited,,,,Importer,Pune,KOTRA_SNS_2025,화장품/뷰티
330410,IN,Dia Darling,,,,Importer,Bombay,KOTRA_SNS_2025,화장품/뷰티
330410,IN,Maddox Biosciences,,,,Importer,Mumbai,KOTRA_SNS_2025,화장품/뷰티
330410,IN,Skiskin,,,,Importer,Delhi,KOTRA_SNS_2025,화장품/뷰티
330410,IT,Ek katha,,,,Importer,Mumbai,KOTRA_SNS_2025,화장품/뷰티
330410,IN,Arisia,,,,Importer,Mumbai,KOTRA_SNS_2025,화장품/뷰티
330499,IN,Khyati Expo India,,,,Importer,faridabad,KOTRA_SNS_2025,화장품/뷰티
330499,IN,S. Raj Lifestyle,,,,Importer,PUNE,KOTRA_SNS_2025,화장품/뷰티
330410,IN,shift consulting,,,,Importer,Hyderabad,KOTRA_SNS_2025,화장품/뷰티
330410,IN,Dd,,,,Importer,Aurangabad,KOTRA_SNS_2025,화장품/뷰티
330499,US,Glam21,,,,Importer,Delhi NCR,KOTRA_SNS_2025,화장품/뷰티
330410,IN,United Global ImpEx,,,,Importer,Bangalore,KOTRA_SNS_2025,화장품/뷰티
330499,IN,Anahata,,,,Importer,Pune,KOTRA_SNS_2025,화장품/뷰티
330410,IN,Seventh Cosmetics,,,,Importer,Mumbai,KOTRA_SNS_2025,화장품/뷰티
330499,IN,Gazelle,,,,Importer,Pune,KOTRA_SNS_2025,화장품/뷰티
330499,IN,Dermaceutics India,,,,Importer,Mumbai,KOTRA_SNS_2025,화장품/뷰티
330499,US,Hbajaba,,,,Importer,Hyderabad,KOTRA_SNS_2025,화장품/뷰티
330499,IN,SM Enterprise,,,,Importer,Mumbai,KOTRA_SNS_2025,화장품/뷰티
330499,IN,Professor & Head ORL,,,,Importer,Lucknow,KOTRA_SNS_2025,화장품/뷰티
330499,IN,ARTHLY LIFE,,,,Importer,Delhi,KOTRA_SNS_2025,화장품/뷰티
330499,IN,Stars skin secrets,,,,Importer,"Badangpet,Hyderabad,Telangana",KOTRA_SNS_2025,화장품/뷰티
330499,IN,Skintek,,,,Importer,Indore,KOTRA_SNS_2025,화장품/뷰티
330499,IN,Business,,,,Importer,Mumbai,KOTRA_SNS_2025,화장품/뷰티
330410,IN,Hs super services,,,,Importer,Delhi,KOTRA_SNS_2025,화장품/뷰티
330499,IN,Roots Dental,,,,Importer,Bangalore,KOTRA_SNS_2025,화장품/뷰티
330410,IN,Doida Cosmetic Industries,,,,Importer,Mirzapur,KOTRA_SNS_2025,화장품/뷰티
330499,IN,Vaagmi Clinic,,,,Importer,Indore,KOTRA_SNS_2025,화장품/뷰티
330410,IN,Alaana Skin hair and laser clinic,,,,Importer,Mumbai,KOTRA_SNS_2025,화장품/뷰티
330499,IN,CEO Own Business,,,,Importer,Ambala,KOTRA_SNS_2025,화장품/뷰티
330499,IN,Vidhyut,,,,Importer,Thane,KOTRA_SNS_2025,화장품/뷰티
330499,IN,Makeup Artist n Beautician,,,,Importer,Mumbai,KOTRA_SNS_2025,화장품/뷰티
330499,IN,"Mansi Beauty Academy & Salon, Indore",,,,Importer,Indore,KOTRA_SNS_2025,화장품/뷰티
330499,IN,SKL Perfumes LLP,,,,Importer,Mumbai,KOTRA_SNS_2025,화장품/뷰티
330410,US,Bloom salon and spa,,,,Importer,Mumbai,KOTRA_SNS_2025,화장품/뷰티
330499,IN,Pocket inc,,,,Importer,Delhi,KOTRA_SNS_2025,화장품/뷰티
330410,IN,PEC CREATIVE SALON,,,,Importer,Ahmedabad,KOTRA_SNS_2025,화장품/뷰티
330410,US,Mavilach Group,,,,Importer,Jaipur,KOTRA_SNS_2025,화장품/뷰티
330499,IN,Ceyone Nutri India Pvt. Ltd.,,,,Importer,Kolkata,KOTRA_SNS_2025,화장품/뷰티
330410,IN,Healthoware Impex,,,,Importer,nagpur,KOTRA_SNS_2025,화장품/뷰티
330410,IN,Merki,,,,Importer,Mumbai,KOTRA_SNS_2025,화장품/뷰티
330410,AE,"Export and Import services based in Dubai, UAE",,,,Importer,Jaipur,KOTRA_SNS_2025,화장품/뷰티
330410,IN,Ray & Rio's Speciality Clinic,,,,Importer,Chennai,KOTRA_SNS_2025,화장품/뷰티
330499,IN,Mgnum export,,,,Importer,Mumbai,KOTRA_SNS_2025,화장품/뷰티
330410,IN,Aspire Aesthetics,,,,Importer,Nagpur,KOTRA_SNS_2025,화장품/뷰티
330499,IN,Priya's Beauty Secrets,,,,Importer,Aurangabad,KOTRA_SNS_2025,화장품/뷰티
330499,IN,swank cosmetics,,,,Importer,indore,KOTRA_SNS_2025,화장품/뷰티
330410,IN,Harsh satwani,,,,Importer,Indore,KOTRA_SNS_2025,화장품/뷰티
330499,IN,Ancient culture,,,,Importer,Roorkee,KOTRA_SNS_2025,화장품/뷰티
330499,IN,malay enterprise,,,,Importer,Ahmedabad,KOTRA_SNS_2025,화장품/뷰티
330499,IN,Aroma blossom,,,,Importer,Rajahmundry,KOTRA_SNS_2025,화장품/뷰티
330499,IN,odd,,,,Importer,Mumbai,KOTRA_SNS_2025,화장품/뷰티
330410,IN,Chicnutrix,,,,Importer,Mumbai,KOTRA_SNS_2025,화장품/뷰티
330410,IN,RewardPort,,,,Importer,Mumbai,KOTRA_SNS_2025,화장품/뷰티
330499,IN,Vasundhra Grinding & Processing Mills,,,,Importer,Bhilwara,KOTRA_SNS_2025,화장품/뷰티
330499,IN,Self,,,,Importer,Visakhapatnam,KOTRA_SNS_2025,화장품/뷰티
330410,IN,Xyz,,,,Importer,Pune,KOTRA_SNS_2025,화장품/뷰티
330410,IN,Padekar Holdings,,,,Importer,Nashik,KOTRA_SNS_2025,화장품/뷰티
330410,IN,Dr. Jamuna Pai's SkinLab,,,,Importer,Mumbai,KOTRA_SNS_2025,화장품/뷰티
330410,IN,Tokni,,,,Importer,Indore,KOTRA_SNS_2025,화장품/뷰티
330499,IN,Iblink,,,,Importer,Mumbai,KOTRA_SNS_2025,화장품/뷰티
330499,IN,Dr Alisha’s Evershine Dental and cosmetic clinic,,,,Importer,mumbai,KOTRA_SNS_2025,화장품/뷰티
330499,IN,Lifecura Pharma,,,,Importer,Mumbai,KOTRA_SNS_2025,화장품/뷰티
330410,IN,POB PHARMA,,,,Importer,Kanpur,KOTRA_SNS_2025,화장품/뷰티
330499,IN,Phosly pharmaceutical pvt ltd,,,,Importer,Bangalore,KOTRA_SNS_2025,화장품/뷰티
330499,IN,Majesty Empire pvt ltd,,,,Importer,Pune,KOTRA_SNS_2025,화장품/뷰티
330410,IN,Yourcare clinic,,,,Importer,Pune,KOTRA_SNS_2025,화장품/뷰티
330499,IN,Global trade development,,,,Importer,Bharuch,KOTRA_SNS_2025,화장품/뷰티
330499,IN,Makemespecialinc@gmail.com,,,,Importer,thane,KOTRA_SNS_2025,화장품/뷰티
330499,IN,Mahek Enterprise,,,,Importer,Rajkot,KOTRA_SNS_2025,화장품/뷰티
330410,IN,Business,,,,Importer,Mumbai,KOTRA_SNS_2025,화장품/뷰티
330499,IN,"Skin Solutions, Skin Laser & Hair Clinic, Aurangabad",,,,Importer,Aurangabad,KOTRA_SNS_2025,화장품/뷰티
330410,IN,Wifr,,,,Importer,Mumbai,KOTRA_SNS_2025,화장품/뷰티
330410,IN,Body Transform Nutraceuticals,,,,Importer,Mumbai,KOTRA_SNS_2025,화장품/뷰티
330410,IN,FAB SKIN HAIR AND LASER CLINIC,,,,Importer,Hyderabad,KOTRA_SNS_2025,화장품/뷰티
330410,IN,KJM Enterprise,,,,Importer,Mumbai,KOTRA_SNS_2025,화장품/뷰티
330410,IN,New,,,,Importer,Dehradun,KOTRA_SNS_2025,화장품/뷰티
330410,IN,Global Aesthetics,,,,Importer,Mumbai,KOTRA_SNS_2025,화장품/뷰티
330410,IN,Manisha,,,,Importer,Mumbai,KOTRA_SNS_2025,화장품/뷰티
330499,IN,Radikem biotech,,,,Importer,Bangalore,KOTRA_SNS_2025,화장품/뷰티
330499,IN,TWO FACE COSMETICS,,,,Importer,Mumbai,KOTRA_SNS_2025,화장품/뷰티
330410,IN,Kult,,,,Importer,mumbai,KOTRA_SNS_2025,화장품/뷰티
330499,IN,Managing Director of IRA Life Science,,,,Importer,Rajkot,KOTRA_SNS_2025,화장품/뷰티
330499,AM,Airtel,,,,Importer,Punjab,KOTRA_SNS_2025,화장품/뷰티
330410,IN,Approach healthcare,,,,Importer,Gurgaon,KOTRA_SNS_2025,화장품/뷰티
330410,IN,Makeover Lifestyle pvt ltd,,,,Importer,Mumbai,KOTRA_SNS_2025,화장품/뷰티
330410,IN,Dermabay,,,,Importer,Ludhiana,KOTRA_SNS_2025,화장품/뷰티
330410,IN,Aayur meditech,,,,Importer,Mumbai,KOTRA_SNS_2025,화장품/뷰티
330410,IN,Mrignaini,,,,Importer,Bangalore,KOTRA_SNS_2025,화장품/뷰티
330410,IN,PTA,,,,Importer,Mumbai,KOTRA_SNS_2025,화장품/뷰티
330410,IN,Businessman,,,,Importer,Nandurbar,KOTRA_SNS_2025,화장품/뷰티
330410,IN,ABHISHEK TRADERS,,,,Importer,Bhopal,KOTRA_SNS_2025,화장품/뷰티
330499,IN,Aesthetic solutions by Dr neha,,,,Importer,Mumbai,KOTRA_SNS_2025,화장품/뷰티
330499,AF,Facebook,,,,Importer,Dharapuram,KOTRA_SNS_2025,화장품/뷰티
330410,IN,EternoDerm Skin and Hair Clinic,,,,Importer,Hyderabad,KOTRA_SNS_2025,화장품/뷰티
330410,IN,Crimson International,,,,Importer,Mumbai,KOTRA_SNS_2025,화장품/뷰티
330410,IN,br wellness center,,,,Importer,Bikaneri,KOTRA_SNS_2025,화장품/뷰티
330499,IN,Appeal Bridal Saloon,,,,Importer,Surat,KOTRA_SNS_2025,화장품/뷰티
330410,IN,Derminatural,,,,Importer,Mumbai,KOTRA_SNS_2025,화장품/뷰티
330499,IN,Makeup magic,,,,Importer,Mumbai,KOTRA_SNS_2025,화장품/뷰티
330410,IN,Freelance,,,,Importer,Guwahati,KOTRA_SNS_2025,화장품/뷰티
330499,IN,cara violet,,,,Importer,Bangalore,KOTRA_SNS_2025,화장품/뷰티
330499,IN,the Esthetic Clinics,,,,Importer,Mumbai,KOTRA_SNS_2025,화장품/뷰티
330499,IN,Awburn Innovations,,,,Importer,Chandigarh,KOTRA_SNS_2025,화장품/뷰티
330410,IN,B R CREATION,,,,Importer,Bardoli,KOTRA_SNS_2025,화장품/뷰티
330499,IN,DOCTOR,,,,Importer,Mumbai,KOTRA_SNS_2025,화장품/뷰티
330499,IN,Letzpay Solutions Pvt Ltd,,,,Importer,New Delhi,KOTRA_SNS_2025,화장품/뷰티
330410,IN,the copper science,,,,Importer,indore,KOTRA_SNS_2025,화장품/뷰티
330499,UA,Indian connection,,,,Importer,new Delhi,KOTRA_SNS_2025,화장품/뷰티
330410,IN,Regency Ply,,,,Importer,Navi Mumbai (New Mumbai),KOTRA_SNS_2025,화장품/뷰티
330499,IN,Beautyfry.com,,,,Importer,Delhi,KOTRA_SNS_2025,화장품/뷰티
330499,IN,Capital G,,,,Importer,Raniganj,KOTRA_SNS_2025,화장품/뷰티
330499,CN,cuffsnlashes,,,,Importer,Noida,KOTRA_SNS_2025,화장품/뷰티
330410,IN,MisnMore,,,,Importer,Hyderabad,KOTRA_SNS_2025,화장품/뷰티
330410,IN,Agarwal agency,,,,Importer,Surat,KOTRA_SNS_2025,화장품/뷰티
330499,IN,Columbia pharmaceuticals pvt ltd India,,,,Importer,Mumbai,KOTRA_SNS_2025,화장품/뷰티
330499,IN,Tanvi International LLC,,,,Importer,Mumbai,KOTRA_SNS_2025,화장품/뷰티
330410,IN,Soyu,,,,Importer,Hyderabad,KOTRA_SNS_2025,화장품/뷰티
330499,IN,PTC pvt ltd.,,,,Importer,Mumbai,KOTRA_SNS_2025,화장품/뷰티
330499,IN,ERAISE GLAD HEALTHCARE,,,,Importer,UDAIPUR,KOTRA_SNS_2025,화장품/뷰티
330499,IN,lifecrosshealthcares@gmail.com,,,,Importer,Jalandhar,KOTRA_SNS_2025,화장품/뷰티
330499,IN,Pure bubbles skincare,,,,Importer,Mumbai,KOTRA_SNS_2025,화장품/뷰티
330499,IN,Teyot health care pvt ltd,,,,Importer,Malappuram,KOTRA_SNS_2025,화장품/뷰티
330499,IN,Aadhar Products Pvt Ltd,,,,Importer,Udaipur,KOTRA_SNS_2025,화장품/뷰티
330410,IN,"Skin World Clinic,Pune",,,,Importer,Pune,KOTRA_SNS_2025,화장품/뷰티
330499,IN,Ruva wwllness,,,,Importer,Baroda,KOTRA_SNS_2025,화장품/뷰티
330499,IN,Oberoi overseas education,,,,Importer,Pune,KOTRA_SNS_2025,화장품/뷰티
330410,IN,Wellspring consumer products pvt ltd,,,,Importer,Bangalore,KOTRA_SNS_2025,화장품/뷰티
330499,IN,Unistar corporation,,,,Importer,New Delhi,KOTRA_SNS_2025,화장품/뷰티
330410,IN,riona,,,,Importer,Ahmedabad,KOTRA_SNS_2025,화장품/뷰티
330499,IN,Wowmen clinic,,,,Importer,Hyderabad,KOTRA_SNS_2025,화장품/뷰티
330499,IN,TRINITY INNOVATIVE TECHNOLOGY,,,,Importer,Mumbai,KOTRA_SNS_2025,화장품/뷰티
330410,IN,Shivi Herbal Care,,,,Importer,Mumbai,KOTRA_SNS_2025,화장품/뷰티
330499,IN,SKINOQ,,,,Importer,Surat,KOTRA_SNS_2025,화장품/뷰티
330410,IN,ShreeVeda Hair & Skin Care,,,,Importer,Surat,KOTRA_SNS_2025,화장품/뷰티
330499,IN,MedilyPrime,,,,Importer,Gurugram,KOTRA_SNS_2025,화장품/뷰티
330410,IN,New,,,,Importer,Thane,KOTRA_SNS_2025,화장품/뷰티
330499,IN,Unity Derma Medical Pvt Ltd,,,,Importer,Bangalore,KOTRA_SNS_2025,화장품/뷰티
330499,IN,Techunique . Pvt. Ltd,,,,Importer,Pune,KOTRA_SNS_2025,화장품/뷰티
330410,IN,LA group of clinics,,,,Importer,Chennai,KOTRA_SNS_2025,화장품/뷰티
330499,IN,"Udaipur, Rajasthan",,,,Importer,Udaipur,KOTRA_SNS_2025,화장품/뷰티
330410,IN,ultraceutics india pvt ltd,,,,Importer,Mumbai,KOTRA_SNS_2025,화장품/뷰티
330499,IN,Linex,,,,Importer,Mandvi,KOTRA_SNS_2025,화장품/뷰티
330499,IN,Freshsa multi trade  Pvt Ltd,,,,Importer,Mumbai,KOTRA_SNS_2025,화장품/뷰티
330499,IN,Kd aesthetics,,,,Importer,Mumbai,KOTRA_SNS_2025,화장품/뷰티
330410,IN,Shayona beauty &makeup studio,,,,Importer,Gandhidham,KOTRA_SNS_2025,화장품/뷰티
330499,IN,TinyTots,,,,Importer,Ahmedabad,KOTRA_SNS_2025,화장품/뷰티
330499,IN,Vertical Concepts pvt ltd.,,,,Importer,Mumbai,KOTRA_SNS_2025,화장품/뷰티
330499,IN,Sabrina suhail LLP,,,,Importer,Bangalore,KOTRA_SNS_2025,화장품/뷰티
330499,IN,Meet Bindi & Gala eyelashes artistry,,,,Importer,Mumbai,KOTRA_SNS_2025,화장품/뷰티
330499,IN,tct,,,,Importer,Ahmedabad,KOTRA_SNS_2025,화장품/뷰티
330410,IN,Ashirwad Clinic,,,,Importer,Mumbai,KOTRA_SNS_2025,화장품/뷰티
330499,IN,shibel,,,,Importer,mumbai,KOTRA_SNS_2025,화장품/뷰티
330499,IN,NadLash,,,,Importer,Delhi,KOTRA_SNS_2025,화장품/뷰티
330499,US,VILLAS Naturals,,,,Importer,Fatehabad,KOTRA_SNS_2025,화장품/뷰티
330499,IN,Kiran.G. Pro Makeupartist,,,,Importer,Mumbai,KOTRA_SNS_2025,화장품/뷰티
330410,IN,Skinsense,,,,Importer,Mumbai,KOTRA_SNS_2025,화장품/뷰티
330410,IN,Lio cosmeds,,,,Importer,Bhopal,KOTRA_SNS_2025,화장품/뷰티
330499,IN,Cosmo,,,,Importer,Solapur,KOTRA_SNS_2025,화장품/뷰티
330499,IN,Keracity,,,,Importer,Hyderabad,KOTRA_SNS_2025,화장품/뷰티
330410,IN,Alchemy films pvt. ltd.,,,,Importer,Mumbai,KOTRA_SNS_2025,화장품/뷰티
330499,IN,Columbia University in the City of New York,,,,Importer,Mumbai,KOTRA_SNS_2025,화장품/뷰티
330499,IN,rodrigues  healthcare INDIA,,,,Importer,mumbai,KOTRA_SNS_2025,화장품/뷰티
330410,IN,NewAge Aesthetics,,,,Importer,Mumbai,KOTRA_SNS_2025,화장품/뷰티
330410,IN,Mantraz salon,,,,Importer,Kalyan,KOTRA_SNS_2025,화장품/뷰티
330499,IN,Rentomed pvt ltd,,,,Importer,Pune,KOTRA_SNS_2025,화장품/뷰티
330410,IN,Dr Sarika's Skinnovation Skin Hair and laser clinic,,,,Importer,Mumbai,KOTRA_SNS_2025,화장품/뷰티
330410,IN,Stybe,,,,Importer,Lucknow,KOTRA_SNS_2025,화장품/뷰티
330499,IN,Not yet started,,,,Importer,Bhubaneswar,KOTRA_SNS_2025,화장품/뷰티
330410,IN,Facematics,,,,Importer,Mumbai,KOTRA_SNS_2025,화장품/뷰티
330499,IN,Arka Traders,,,,Importer,Mumbai,KOTRA_SNS_2025,화장품/뷰티
330499,AE,ATJ JEWELLERY TRADING LLC,,,,Importer,Malappuram,KOTRA_SNS_2025,화장품/뷰티
330499,IN,Pacific medicare,,,,Importer,Indore,KOTRA_SNS_2025,화장품/뷰티
330499,IN,American Express,,,,Importer,Delhi,KOTRA_SNS_2025,화장품/뷰티
330499,IN,Green pharma,,,,Importer,Amritsar,KOTRA_SNS_2025,화장품/뷰티
330499,IN,The Viral Studio,,,,Importer,Mumbai,KOTRA_SNS_2025,화장품/뷰티
330410,IN,m,,,,Importer,Pune,KOTRA_SNS_2025,화장품/뷰티
330499,IN,ANCORP,,,,Importer,Pune and Goa,KOTRA_SNS_2025,화장품/뷰티
330499,IN,Derma rays pvt ltd,,,,Importer,Mumbai,KOTRA_SNS_2025,화장품/뷰티
330410,IN,Smooze,,,,Importer,Jaipur,KOTRA_SNS_2025,화장품/뷰티
330410,IN,Dattila,,,,Importer,Chennai,KOTRA_SNS_2025,화장품/뷰티
330410,IN,Business,,,,Importer,ludhiana punjab india,KOTRA_SNS_2025,화장품/뷰티
330499,IN,Hair coach Hair & Makeup  Academy,,,,Importer,Patna,KOTRA_SNS_2025,화장품/뷰티
330410,IN,SUPREME PRODUCTS,,,,Importer,Rajkot,KOTRA_SNS_2025,화장품/뷰티
330499,IN,Gopinath fashion,,,,Importer,surat,KOTRA_SNS_2025,화장품/뷰티
330499,IN,Amderma healthcare llp,,,,Importer,Bangalore,KOTRA_SNS_2025,화장품/뷰티
330499,IN,Sharon beauty clinic,,,,Importer,Kakinada,KOTRA_SNS_2025,화장품/뷰티
330499,IN,alakshyaenterprise,,,,Importer,Surat,KOTRA_SNS_2025,화장품/뷰티
330410,IN,Bo International,,,,Importer,Gurgaon,KOTRA_SNS_2025,화장품/뷰티
330499,IN,Gold Aesthetics,,,,Importer,Mumbai,KOTRA_SNS_2025,화장품/뷰티
330499,IN,Beauteousskin,,,,Importer,Mumbai,KOTRA_SNS_2025,화장품/뷰티
330499,IN,Snigdha's aesthetics,,,,Importer,Hyderabad,KOTRA_SNS_2025,화장품/뷰티
330410,IN,Dermatology Resident,,,,Importer,Mumbai,KOTRA_SNS_2025,화장품/뷰티
330410,IN,Glamupwithzara,,,,Importer,Hyderabad,KOTRA_SNS_2025,화장품/뷰티
330410,IN,Sanskruti Salon,,,,Importer,Vadodara,KOTRA_SNS_2025,화장품/뷰티
330410,IN,Noora International,,,,Importer,Mumbai,KOTRA_SNS_2025,화장품/뷰티
330410,IN,Paragon Beauty Garden P Ltd,,,,Importer,Delhi,KOTRA_SNS_2025,화장품/뷰티
330499,IN,Signature jewellery,,,,Importer,Mumbai,KOTRA_SNS_2025,화장품/뷰티
330410,IN,Rasa sastra,,,,Importer,Mumbai,KOTRA_SNS_2025,화장품/뷰티
330499,IN,Abhj,,,,Importer,Mumbai,KOTRA_SNS_2025,화장품/뷰티
330499,IN,Classic Exports,,,,Importer,Chennai,KOTRA_SNS_2025,화장품/뷰티
330499,US,The Color Factory,,,,Importer,Delhi,KOTRA_SNS_2025,화장품/뷰티
330499,IN,Royal collection,,,,Importer,Mumbai,KOTRA_SNS_2025,화장품/뷰티
330410,IN,Aromatherapist and naturotherapist,,,,Importer,Bangalore,KOTRA_SNS_2025,화장품/뷰티
330499,IN,ZYN Skin Hair & Laser Clinic,,,,Importer,Pune,KOTRA_SNS_2025,화장품/뷰티
330499,IN,KO,,,,Importer,Delhi,KOTRA_SNS_2025,화장품/뷰티
330410,GB,Dealhop,,,,Importer,Surat,KOTRA_SNS_2025,화장품/뷰티
330499,IN,Priya Pawar,,,,Importer,Kolhapur,KOTRA_SNS_2025,화장품/뷰티
330499,IN,Southern Labs,,,,Importer,Bombay,KOTRA_SNS_2025,화장품/뷰티
330410,IN,Premyya Consumer Products & Services,,,,Importer,Kolhapur,KOTRA_SNS_2025,화장품/뷰티
330410,IN,Medispa,,,,Importer,Gurgaon,KOTRA_SNS_2025,화장품/뷰티
330499,IN,369 Professional,,,,Importer,Vadodara,KOTRA_SNS_2025,화장품/뷰티
330499,IN,Plant Air E nterprises,,,,Importer,Chennai,KOTRA_SNS_2025,화장품/뷰티
330499,IN,Crescent Aromaceuticals,,,,Importer,Hyderabad,KOTRA_SNS_2025,화장품/뷰티
330410,IN,ABRL,,,,Importer,Pune,KOTRA_SNS_2025,화장품/뷰티
330499,IN,Jasmine Beauty Care,,,,Importer,Ahmedabad,KOTRA_SNS_2025,화장품/뷰티
330410,US,ghee,,,,Importer,hanumangarh,KOTRA_SNS_2025,화장품/뷰티
330499,IN,Food blast,,,,Importer,Pune,KOTRA_SNS_2025,화장품/뷰티
330499,IN,Mehul Vaghela,,,,Importer,pune,KOTRA_SNS_2025,화장품/뷰티
330410,IN,Loreal,,,,Importer,Mumbai,KOTRA_SNS_2025,화장품/뷰티
330499,IN,Raavita clinic,,,,Importer,Amravati,KOTRA_SNS_2025,화장품/뷰티
330499,IN,Corevision,,,,Importer,Jaipur,KOTRA_SNS_2025,화장품/뷰티
330410,IN,Azuara Wellness Pvt Ltd,,,,Importer,Surat,KOTRA_SNS_2025,화장품/뷰티
330410,IN,AP ENTERPRISES,,,,Importer,Bangalore,KOTRA_SNS_2025,화장품/뷰티
330499,IN,practicing in aromatherpist,,,,Importer,amravati,KOTRA_SNS_2025,화장품/뷰티
330410,IN,Amazon India,,,,Importer,Hyderabad,KOTRA_SNS_2025,화장품/뷰티
330499,IN,PASTELS Unisex Hair & Beauty salon,,,,Importer,Gauhati,KOTRA_SNS_2025,화장품/뷰티
330410,IN,"Masumi Mewawalla , Emblaze",,,,Importer,Mumbai,KOTRA_SNS_2025,화장품/뷰티
330499,IN,Lucknow,,,,Importer,Lucknow,KOTRA_SNS_2025,화장품/뷰티
330499,IN,M.N.Enterprise,,,,Importer,kalyani,KOTRA_SNS_2025,화장품/뷰티
330410,IN,Harkut Pharma,,,,Importer,Amravati,KOTRA_SNS_2025,화장품/뷰티
330499,IN,pronto,,,,Importer,neemuch,KOTRA_SNS_2025,화장품/뷰티
330410,IN,Dr Shaista Kazi's Ellegenz,,,,Importer,Mumbai,KOTRA_SNS_2025,화장품/뷰티
330499,IN,Makeup and jewellery,,,,Importer,Amravati,KOTRA_SNS_2025,화장품/뷰티
330499,IN,Delhi,,,,Importer,Delhi,KOTRA_SNS_2025,화장품/뷰티
330499,IN,General Exports,,,,Importer,Surat,KOTRA_SNS_2025,화장품/뷰티
330499,IN,BoltBee,,,,Importer,Mumbai,KOTRA_SNS_2025,화장품/뷰티
330410,IN,Xxx,,,,Importer,"Nellore, Tirupati, Vijayawada",KOTRA_SNS_2025,화장품/뷰티
330499,IN,"Vadodara, Gujarat, India",,,,Importer,Vadodara,KOTRA_SNS_2025,화장품/뷰티
330410,IN,The Esthetic Clinics,,,,Importer,Mumbai,KOTRA_SNS_2025,화장품/뷰티
330410,IN,VH Skin and Aesthetic Centre,,,,Importer,Pune,KOTRA_SNS_2025,화장품/뷰티
330410,IN,Avatarluxe aestheticians pvt ltd,,,,Importer,Kanchipuram,KOTRA_SNS_2025,화장품/뷰티
330499,IN,Unicrop,,,,Importer,Vadodara,KOTRA_SNS_2025,화장품/뷰티
330410,IN,Mansa enterprises,,,,Importer,Haridwar,KOTRA_SNS_2025,화장품/뷰티
330499,IN,KEMEI INDIA,,,,Importer,Mumbai,KOTRA_SNS_2025,화장품/뷰티
330410,IN,Rich looks beauty parlour,,,,Importer,Jaggayyapet,KOTRA_SNS_2025,화장품/뷰티
330499,IN,Kesmo,,,,Importer,Chennai,KOTRA_SNS_2025,화장품/뷰티
330499,IN,bussinessman,,,,Importer,Sakuri,KOTRA_SNS_2025,화장품/뷰티
330499,IN,The skin routine,,,,Importer,Mumbai,KOTRA_SNS_2025,화장품/뷰티
330499,IN,"Veda Diagnostic Centre, Chhatrapati Sambhaji Nagar",,,,Importer,Chhatrapati Sambhaji Nagar,KOTRA_SNS_2025,화장품/뷰티
330499,IN,The formula,,,,Importer,Ahmedabad,KOTRA_SNS_2025,화장품/뷰티
330499,IN,Athena salon,,,,Importer,Haldwani,KOTRA_SNS_2025,화장품/뷰티
330499,IN,K2R2,,,,Importer,Mumbai,KOTRA_SNS_2025,화장품/뷰티
330499,IN,Cosmetics World,,,,Importer,Delhi,KOTRA_SNS_2025,화장품/뷰티
330499,IN,k. k. enterprise,,,,Importer,Vadodara,KOTRA_SNS_2025,화장품/뷰티
330499,IN,Jio,,,,Importer,Noida,KOTRA_SNS_2025,화장품/뷰티
330499,IN,National Skin Institute,,,,Importer,Mumbai,KOTRA_SNS_2025,화장품/뷰티
330499,IN,Cost To Cost,,,,Importer,Bangalore,KOTRA_SNS_2025,화장품/뷰티
330499,IN,KPMG India,,,,Importer,Jhunjhunu,KOTRA_SNS_2025,화장품/뷰티
330499,IN,Deaux,,,,Importer,Surat,KOTRA_SNS_2025,화장품/뷰티
330499,IN,Shafa garments and cosmetics,,,,Importer,Chennai,KOTRA_SNS_2025,화장품/뷰티
330499,IN,Design Works,,,,Importer,Pune,KOTRA_SNS_2025,화장품/뷰티
330410,IN,Luminance clinic,,,,Importer,New Delhi,KOTRA_SNS_2025,화장품/뷰티
330410,IN,Blush & Glow Professional,,,,Importer,Ahmedabad,KOTRA_SNS_2025,화장품/뷰티
330410,IN,Skinangel,,,,Importer,Pune,KOTRA_SNS_2025,화장품/뷰티
330410,IN,Signate beauty salon,,,,Importer,Nanded,KOTRA_SNS_2025,화장품/뷰티
330499,IN,Avon India,,,,Importer,Mumbai,KOTRA_SNS_2025,화장품/뷰티
330410,IN,Charms beauty pvt ltd,,,,Importer,Delhi,KOTRA_SNS_2025,화장품/뷰티
330499,IN,"METRO CLINIC,Family medicine center,pune",,,,Importer,Pune,KOTRA_SNS_2025,화장품/뷰티
330410,IN,Cosmocraft,,,,Importer,Bengaluru,KOTRA_SNS_2025,화장품/뷰티
330410,IN,ALIVE HEALTH AND BEAUTY,,,,Importer,Saharanpur,KOTRA_SNS_2025,화장품/뷰티
330410,IN,Gaurav Associates,,,,Importer,Zirakpur,KOTRA_SNS_2025,화장품/뷰티
330499,IN,extra,,,,Importer,guwahati,KOTRA_SNS_2025,화장품/뷰티
330410,IN,Radiance Hair & skin clinic,,,,Importer,Surat,KOTRA_SNS_2025,화장품/뷰티
330499,IN,N'LUV cosmetics,,,,Importer,Delhi,KOTRA_SNS_2025,화장품/뷰티
330499,PH,ypl,,,,Importer,Antipolo,KOTRA_SNS_2025,화장품/뷰티
330499,US,,,,,Importer,Danao,KOTRA_SNS_2025,화장품/뷰티
330499,PH,Self employed/stay at home mom,,,,Importer,Dipolog City,KOTRA_SNS_2025,화장품/뷰티
330499,PH,Sound Technician,,,,Importer,Paloyon,KOTRA_SNS_2025,화장품/뷰티
330499,PH,,,,,Importer,Bangbang,KOTRA_SNS_2025,화장품/뷰티
330499,PH,Good Finds ex,,,,Importer,Lubao,KOTRA_SNS_2025,화장품/뷰티
330499,ID,Pulu pulu,,,,Importer,lampung,KOTRA_SNS_2025,화장품/뷰티
330499,PH,CFSSI,,,,Importer,San Carlos City,KOTRA_SNS_2025,화장품/뷰티
330499,ID,glass shelter,,,,Importer,Bandung,KOTRA_SNS_2025,화장품/뷰티
330499,PH,none,,,,Importer,Lipa,KOTRA_SNS_2025,화장품/뷰티
330499,PH,Logistics,,,,Importer,lipa,KOTRA_SNS_2025,화장품/뷰티
330499,ID,PT.GALANG KREASI SEMPURNA,,,,Importer,jakarta,KOTRA_SNS_2025,화장품/뷰티
330499,PH,CAKE KO Iligan,,,,Importer,Iligan City,KOTRA_SNS_2025,화장품/뷰티
330499,ID,PT.Apack International,,,,Importer,Tangerang Selatan,KOTRA_SNS_2025,화장품/뷰티
330499,PH,League of Legends,,,,Importer,Pasay,KOTRA_SNS_2025,화장품/뷰티
330499,PH,YHM City Lighting,,,,Importer,Quezon City,KOTRA_SNS_2025,화장품/뷰티
330499,US,none,,,,Importer,Manila City,KOTRA_SNS_2025,화장품/뷰티
330499,ID,TML,,,,Importer,Rawamangun,KOTRA_SNS_2025,화장품/뷰티
330499,ID,Oriza Kerang kencana,,,,Importer,Jakarta,KOTRA_SNS_2025,화장품/뷰티
330499,PH,Therapharma Inc,,,,Importer,Manila,KOTRA_SNS_2025,화장품/뷰티
330499,KH,University of Health Sciences,,,,Importer,Phnom Penh,KOTRA_SNS_2025,화장품/뷰티
330499,PH,Logistics,,,,Importer,Quezon,KOTRA_SNS_2025,화장품/뷰티
330499,US,Home Care,,,,Importer,Jakarta,KOTRA_SNS_2025,화장품/뷰티
330499,ID,Adastra,,,,Importer,jakarta,KOTRA_SNS_2025,화장품/뷰티
330499,PH,Reynaldo Financing Services Corp.,,,,Importer,San Carlos City,KOTRA_SNS_2025,화장품/뷰티
330499,US,Ksldkgg,,,,Importer,Phnom Penh,KOTRA_SNS_2025,화장품/뷰티
330499,ID,Afrilia Sahetapy,,,,Importer,Papua,KOTRA_SNS_2025,화장품/뷰티
330499,ID,Pratama Medika Clinic,,,,Importer,Solo,KOTRA_SNS_2025,화장품/뷰티
330499,PH,President,,,,Importer,Las Pias,KOTRA_SNS_2025,화장품/뷰티
330499,ID,Vanela medica global,,,,Importer,Cimahi,KOTRA_SNS_2025,화장품/뷰티
330499,ID,bmri,,,,Importer,Jakarta,KOTRA_SNS_2025,화장품/뷰티
330499,ID,royal prima,,,,Importer,medan,KOTRA_SNS_2025,화장품/뷰티
330499,ID,supra,,,,Importer,Tangerang,KOTRA_SNS_2025,화장품/뷰티
330499,JP,古あや　立行政　玉輪番始番,,,,Importer,台東川,KOTRA_SNS_2025,화장품/뷰티
330499,GT,Evolut,,,,Importer,Guatemala City,KOTRA_SNS_2025,화장품/뷰티
330499,MX,Mak,,,,Importer,Saltillo,KOTRA_SNS_2025,화장품/뷰티
330499,EC,Cedimed,,,,Importer,Quito,KOTRA_SNS_2025,화장품/뷰티
330499,BR,Business Onwer,,,,Importer,So Paulo,KOTRA_SNS_2025,화장품/뷰티
330499,BR,Fartam.com.br,,,,Importer,Rio de Janeiro,KOTRA_SNS_2025,화장품/뷰티
330499,US,Encargosdeusa,,,,Importer,Stgo,KOTRA_SNS_2025,화장품/뷰티
330499,EC,Patricia varela,,,,Importer,Quito,KOTRA_SNS_2025,화장품/뷰티
330499,PY,.,,,,Importer,Asuncin,KOTRA_SNS_2025,화장품/뷰티
330499,CO,Independiente,,,,Importer,Bogot,KOTRA_SNS_2025,화장품/뷰티
330499,PE,Ingenium Neo Solutions,,,,Importer,Miraflores,KOTRA_SNS_2025,화장품/뷰티
330499,GT,Elixir,,,,Importer,Guatemala,KOTRA_SNS_2025,화장품/뷰티
330499,BR,Purigel Comercial Ltd,,,,Importer,So Caetano do Sul,KOTRA_SNS_2025,화장품/뷰티
330499,GT,Divinas Beauty Store,,,,Importer,Guatemala City,KOTRA_SNS_2025,화장품/뷰티
330499,SA,BuyBliss LLC,,,,Importer,Riyadh,KOTRA_SNS_2025,화장품/뷰티
330499,TR,Edatex Trading Company,,,,Importer,Bursa,KOTRA_SNS_2025,화장품/뷰티
330499,AE,du,,,,Importer,Dubai,KOTRA_SNS_2025,화장품/뷰티
330499,KW,Ten spa,,,,Importer,Kuwait,KOTRA_SNS_2025,화장품/뷰티
330499,US,Alsahary pharmaceutical company,,,,Importer,Tripoli,KOTRA_SNS_2025,화장품/뷰티
330499,AE,zeesouq online service,,,,Importer,sharjah,KOTRA_SNS_2025,화장품/뷰티
330499,MA,Markmedia.ma,,,,Importer,Beni Mellal,KOTRA_SNS_2025,화장품/뷰티
330499,TR,Enndia Cosmetics,,,,Importer,stanbul,KOTRA_SNS_2025,화장품/뷰티
330499,KW,Alessa,,,,Importer,Kuwait City,KOTRA_SNS_2025,화장품/뷰티
330499,TR,Senkada,,,,Importer,Istanbul,KOTRA_SNS_2025,화장품/뷰티
330499,CA,Scotiabank,,,,Importer,Montreal,KOTRA_SNS_2025,화장품/뷰티
330499,CA,Face comedics medical spa,,,,Importer,Ft mcmurray,KOTRA_SNS_2025,화장품/뷰티
330499,US,ZoomBX,,,,Importer,Toronto,KOTRA_SNS_2025,화장품/뷰티
330499,CA,Limlim Accessories,,,,Importer,Montreal,KOTRA_SNS_2025,화장품/뷰티
330499,CA,Incellderm,,,,Importer,Calgary,KOTRA_SNS_2025,화장품/뷰티
330499,CA,Royal LePage Atlantic,,,,Importer,Halifax,KOTRA_SNS_2025,화장품/뷰티
330499,CA,Mikono Beauty,,,,Importer,Toronto,KOTRA_SNS_2025,화장품/뷰티
330499,GB,Inbc group colts,,,,Importer,London,KOTRA_SNS_2025,화장품/뷰티
330499,SG,IRZL Pte Ltd,,,,Importer,Singapore,KOTRA_SNS_2025,화장품/뷰티
330499,KZ,Kazlote,,,,Importer,Almaty,KOTRA_SNS_2025,화장품/뷰티
330499,SG,Beauty Collection International Pte Ltd,,,,Importer,Singapore,KOTRA_SNS_2025,화장품/뷰티
330499,PH,Atlassian,,,,Importer,Manila,KOTRA_SNS_2025,화장품/뷰티
330499,PH,FEIHUA MEDICAL CLINIC INC.,,,,Importer,Pasay,KOTRA_SNS_2025,화장품/뷰티
330499,US,Heart and mind,,,,Importer,Balanga,KOTRA_SNS_2025,화장품/뷰티
330499,PH,SCDI,,,,Importer,Santa Rosa,KOTRA_SNS_2025,화장품/뷰티
330499,MY,Sedania Innovator,,,,Importer,Kuala Lumpur,KOTRA_SNS_2025,화장품/뷰티
330499,PH,abellana natiional school,,,,Importer,Baltimore,KOTRA_SNS_2025,화장품/뷰티
330499,AU,Ooh Glow Pty Limited,,,,Importer,Sydney,KOTRA_SNS_2025,화장품/뷰티
330499,PH,Royale Business Club,,,,Importer,Quezon City,KOTRA_SNS_2025,화장품/뷰티
330499,MY,Stable vision,,,,Importer,Penang,KOTRA_SNS_2025,화장품/뷰티
330499,AU,Fresh face people,,,,Importer,Brisbane,KOTRA_SNS_2025,화장품/뷰티
330499,US,Lilobjext,,,,Importer,Dallas,KOTRA_SNS_2025,화장품/뷰티
330499,US,Onemantradeshow,,,,Importer,New York,KOTRA_SNS_2025,화장품/뷰티
330499,US,Styled Spa,,,,Importer,Woodbury,KOTRA_SNS_2025,화장품/뷰티
330499,VN,"Hanoi, Vietnam",,,,Importer,Hanoi,KOTRA_SNS_2025,화장품/뷰티
330499,PK,By Korea,,,,Importer,Lahore,KOTRA_SNS_2025,화장품/뷰티
330499,NG,Based Multi Curative medical center,,,,Importer,Maiduguri,KOTRA_SNS_2025,화장품/뷰티
330499,LK,Bestchoice.lk,,,,Importer,Dehiwela,KOTRA_SNS_2025,화장품/뷰티
330499,PK,Holistic Care,,,,Importer,Lahore,KOTRA_SNS_2025,화장품/뷰티
330499,US,Dawarzella Smart JPN llc,,,,Importer,Texas,KOTRA_SNS_2025,화장품/뷰티
330499,PK,Barack,,,,Importer,Sialkot,KOTRA_SNS_2025,화장품/뷰티
330499,ET,Dembel,,,,Importer,Addis Ababa,KOTRA_SNS_2025,화장품/뷰티
330499,PK,Korea kotra,,,,Importer,Sargodha,KOTRA_SNS_2025,화장품/뷰티
330499,PK,Paramount Enterprise,,,,Importer,Dubai,KOTRA_SNS_2025,화장품/뷰티
330499,PK,Zahur Textile Mills Limited,,,,Importer,Lahore,KOTRA_SNS_2025,화장품/뷰티
330499,PK,Korea,,,,Importer,Faisalabad,KOTRA_SNS_2025,화장품/뷰티
330499,US,Luxbeauty,,,,Importer,Lagos,KOTRA_SNS_2025,화장품/뷰티
330499,NG,Avyanna Imports & Variety Hub,,,,Importer,Abuja,KOTRA_SNS_2025,화장품/뷰티
330499,PK,Ecom_Trade,,,,Importer,Karachi,KOTRA_SNS_2025,화장품/뷰티
330499,GH,Iconiqbeautibille,,,,Importer,Accra,KOTRA_SNS_2025,화장품/뷰티
330499,PK,E&A,,,,Importer,Lahore,KOTRA_SNS_2025,화장품/뷰티
330499,PK,Jamsung Private Limited,,,,Importer,Lahore,KOTRA_SNS_2025,화장품/뷰티
330499,RO,Orisha Naturals SRL,,,,Importer,Brasov,KOTRA_SNS_2025,화장품/뷰티
330499,SE,TE agency AB,,,,Importer,Sffle,KOTRA_SNS_2025,화장품/뷰티
330499,SE,Pressateljen,,,,Importer,stersund,KOTRA_SNS_2025,화장품/뷰티
330499,CZ,Loveskin,,,,Importer,Olomouc,KOTRA_SNS_2025,화장품/뷰티
330499,GR,Jupiter Stores,,,,Importer,Rethymno,KOTRA_SNS_2025,화장품/뷰티
330499,IN,U Takke's Institute of Hair & Skin,,,,Importer,Mumbai,KOTRA_SNS_2025,화장품/뷰티
330499,IN,Tinomed healthcare pvt ltd,,,,Importer,Nagpur,KOTRA_SNS_2025,화장품/뷰티
330499,US,Vaidyabhushan pharma,,,,Importer,Kolhapur Maharashtra,KOTRA_SNS_2025,화장품/뷰티
330499,IN,Aandre Amelie,,,,Importer,Delhi,KOTRA_SNS_2025,화장품/뷰티
330499,IN,Arcana sarees,,,,Importer,Mumbai,KOTRA_SNS_2025,화장품/뷰티
330499,IN,ThySigma.com,,,,Importer,Mumbai,KOTRA_SNS_2025,화장품/뷰티
330499,IN,Skyct,,,,Importer,Itanagar,KOTRA_SNS_2025,화장품/뷰티
330499,IN,Pi IdeaCom Pvt Ltd,,,,Importer,Mumbai,KOTRA_SNS_2025,화장품/뷰티
330499,IN,POP SISTA PRODUCTS PVT LTD,,,,Importer,New Delhi,KOTRA_SNS_2025,화장품/뷰티
330499,IN,Retailenka Ventures,,,,Importer,pune,KOTRA_SNS_2025,화장품/뷰티
330499,IN,Kiver Skinbar,,,,Importer,Shillong,KOTRA_SNS_2025,화장품/뷰티
330499,IN,pluto,,,,Importer,Mira Road,KOTRA_SNS_2025,화장품/뷰티
330499,IN,Sourceinfi,,,,Importer,Delhi,KOTRA_SNS_2025,화장품/뷰티
330499,IN,Blushing beauties,,,,Importer,Bangalore,KOTRA_SNS_2025,화장품/뷰티
330499,IN,Awmlo,,,,Importer,Aizawl,KOTRA_SNS_2025,화장품/뷰티
330499,IN,Tokyo spa,,,,Importer,Roorkee,KOTRA_SNS_2025,화장품/뷰티
330499,IN,Nurturaa health tech pvt Ltd,,,,Importer,Hyderabad,KOTRA_SNS_2025,화장품/뷰티
330499,IN,Bioavenues,,,,Importer,Panchkula,KOTRA_SNS_2025,화장품/뷰티
330499,IN,Royal collection,,,,Importer,Mumbai,KOTRA_SNS_2025,화장품/뷰티
330499,US,NIDA WELLNESS ( BEE & BEAUTY ),,,,Importer,pune,KOTRA_SNS_2025,화장품/뷰티
330499,IN,Shevolve,,,,Importer,Chennai,KOTRA_SNS_2025,화장품/뷰티
330499,ID,tigaraksa,,,,Importer,Bone,KOTRA_SNS_2025,화장품/뷰티
330499,US,fiverr,,,,Importer,Muntinlupa City,KOTRA_SNS_2025,화장품/뷰티
330499,US,rj,,,,Importer,cebu,KOTRA_SNS_2025,화장품/뷰티
330499,ID,11111,,,,Importer,Kabanjahe,KOTRA_SNS_2025,화장품/뷰티
330499,PH,Nothing,,,,Importer,Calapan,KOTRA_SNS_2025,화장품/뷰티
330510,PH,mkjh,,,,Importer,Laguna,KOTRA_SNS_2025,화장품/뷰티
330499,ID,winda,,,,Importer,Bogor,KOTRA_SNS_2025,화장품/뷰티
330499,PH,Brady Pharma Inc.,,,,Importer,Manila,KOTRA_SNS_2025,화장품/뷰티
330300,PH,skin avanse wellness and aesthetic center,,,,Importer,Quezon City,KOTRA_SNS_2025,화장품/뷰티
330499,PH,Toyota motors phil.,,,,Importer,Laguna,KOTRA_SNS_2025,화장품/뷰티
330499,PH,Rose  beauty products,,,,Importer,Quezon City,KOTRA_SNS_2025,화장품/뷰티
330499,ID,PT. Cinta Abadi,,,,Importer,Martapura,KOTRA_SNS_2025,화장품/뷰티
330499,PH,Chinito and Chinita’s Hair Studio,,,,Importer,Roxas,KOTRA_SNS_2025,화장품/뷰티
330510,ID,Timora,,,,Importer,Jakarta Utara,KOTRA_SNS_2025,화장품/뷰티
330499,PH,League of Legends,,,,Importer,Pasay,KOTRA_SNS_2025,화장품/뷰티
330499,PH,Stalder Laboratories Inc.,,,,Importer,Quezon City,KOTRA_SNS_2025,화장품/뷰티
330499,MM,DrZ,,,,Importer,Yangon,KOTRA_SNS_2025,화장품/뷰티
330499,PH,home,,,,Importer,Santa rosa City Laguna,KOTRA_SNS_2025,화장품/뷰티
330510,PH,Ubeauty,,,,Importer,Manila,KOTRA_SNS_2025,화장품/뷰티
330499,PH,TBH,,,,Importer,Antipolo City,KOTRA_SNS_2025,화장품/뷰티
330499,PH,N/a,,,,Importer,Pasay City,KOTRA_SNS_2025,화장품/뷰티
330499,KH,"CN Sok Cambodia Co.,Ltd.",,,,Importer,Phnom Penh,KOTRA_SNS_2025,화장품/뷰티
330499,PH,Me cosmetics,,,,Importer,Mandaue City,KOTRA_SNS_2025,화장품/뷰티
330499,US,BotX Hideout,,,,Importer,Manila,KOTRA_SNS_2025,화장품/뷰티
330300,PH,League of Legends,,,,Importer,Pasay,KOTRA_SNS_2025,화장품/뷰티
330499,PH,GILD ARTZ,,,,Importer,San Isidro,KOTRA_SNS_2025,화장품/뷰티
330499,PH,Le beaute,,,,Importer,Quezon city,KOTRA_SNS_2025,화장품/뷰티
330300,PH,DE company,,,,Importer,Balingasaguk,KOTRA_SNS_2025,화장품/뷰티
330499,PH,Skinline Beauty and Wellness Spa,,,,Importer,Guiguinto,KOTRA_SNS_2025,화장품/뷰티
330499,ID,Infinity_kmall,,,,Importer,medan,KOTRA_SNS_2025,화장품/뷰티
330499,TW,THE REDEEMED CHRISTIAN CHURCH OF GOD,,,,Importer,Hsinchu,KOTRA_SNS_2025,화장품/뷰티
330499,PH,,,,,Importer,Cagayancillo,KOTRA_SNS_2025,화장품/뷰티
330499,ID,Mesa Exo Konsetindo,,,,Importer,Jakarta,KOTRA_SNS_2025,화장품/뷰티
330510,PH,pizzarella,,,,Importer,Iligan City,KOTRA_SNS_2025,화장품/뷰티
330499,VN,PATI Group,,,,Importer,Ho Chi Minh,KOTRA_SNS_2025,화장품/뷰티
330300,VN,SEUL Skinlab,,,,Importer,Hanoi,KOTRA_SNS_2025,화장품/뷰티
330510,PH,mitzumi,,,,Importer,baguio,KOTRA_SNS_2025,화장품/뷰티
330499,PH,Jac,,,,Importer,Manila,KOTRA_SNS_2025,화장품/뷰티
330499,PH,Freelance Midi Programmer,,,,Importer,makati,KOTRA_SNS_2025,화장품/뷰티
330510,PH,Ubeauty,,,,Importer,Manila,KOTRA_SNS_2025,화장품/뷰티
330499,PH,Asianwhiteskin Research & Development Corp,,,,Importer,Taguig,KOTRA_SNS_2025,화장품/뷰티
330510,PH,Skycon Corp,,,,Importer,Dasmarias,KOTRA_SNS_2025,화장품/뷰티
330499,JP,Beyond Infinite Beauty by Sharonlee,,,,Importer,Isesaki,KOTRA_SNS_2025,화장품/뷰티
330499,HK,Multi trade,,,,Importer,Hong Kong,KOTRA_SNS_2025,화장품/뷰티
330499,HK,FrancEurope Maison Bio100% Ltd,,,,Importer,Hong Kong,KOTRA_SNS_2025,화장품/뷰티
330499,HK,body work,,,,Importer,Hong Kong,KOTRA_SNS_2025,화장품/뷰티
330499,HK,Hubei Har Cosmetics (HK) Limited,,,,Importer,Hong Kong,KOTRA_SNS_2025,화장품/뷰티
330499,HK,sproduction,,,,Importer,Hong Kong,KOTRA_SNS_2025,화장품/뷰티
330499,HK,Ra natur,,,,Importer,Hong Kong,KOTRA_SNS_2025,화장품/뷰티
330510,CN,Sue Cheung,,,,Importer,Hong Kong,KOTRA_SNS_2025,화장품/뷰티
330510,HK,Apricity Hair salon,,,,Importer,Hong Kong,KOTRA_SNS_2025,화장품/뷰티
330499,HK,Alfa Laval,,,,Importer,Hong Kong,KOTRA_SNS_2025,화장품/뷰티
330590,IT,Roma,,,,Importer,Roma,KOTRA_SNS_2025,화장품/뷰티
330499,AT,Huser zum Leben,,,,Importer,Wien,KOTRA_SNS_2025,화장품/뷰티
330499,RS,Aleksandar MN,,,,Importer,Belgrade,KOTRA_SNS_2025,화장품/뷰티
330499,IT,Addestratrice di Mytilus Galloprovincialis,,,,Importer,Bronte,KOTRA_SNS_2025,화장품/뷰티
330499,PT,Trabalhador(a) independente,,,,Importer,Caldas da Rainha,KOTRA_SNS_2025,화장품/뷰티
330499,GB,Dr SW Clinics,,,,Importer,London,KOTRA_SNS_2025,화장품/뷰티
330499,LU,Marrelli Bella Linea,,,,Importer,Rodange,KOTRA_SNS_2025,화장품/뷰티
330590,BG,ATELIER 21,,,,Importer,Burgas,KOTRA_SNS_2025,화장품/뷰티
330499,IT,Dambo Srl,,,,Importer,Putignano,KOTRA_SNS_2025,화장품/뷰티
330499,FR,Fadwa,,,,Importer,Paris,KOTRA_SNS_2025,화장품/뷰티
330590,GR,bnikolopoulou,,,,Importer,Patras,KOTRA_SNS_2025,화장품/뷰티
330499,FR,Roucheray,,,,Importer,Paris,KOTRA_SNS_2025,화장품/뷰티
330590,SE,Eyracure AB,,,,Importer,Linkping,KOTRA_SNS_2025,화장품/뷰티
330499,AT,Juwem GmbH Medicos Austria,,,,Importer,Wels,KOTRA_SNS_2025,화장품/뷰티
330590,GR,Aris Kalathakis,,,,Importer,Heraklion,KOTRA_SNS_2025,화장품/뷰티
330499,ES,Autnomo,,,,Importer,Jerez de los Caballeros,KOTRA_SNS_2025,화장품/뷰티
330499,ES,Alive Lashes,,,,Importer,Madrid,KOTRA_SNS_2025,화장품/뷰티
330499,ES,Kazumi Pmu,,,,Importer,Malaga,KOTRA_SNS_2025,화장품/뷰티
330590,RO,Salon Beauty Play,,,,Importer,Bucharest,KOTRA_SNS_2025,화장품/뷰티
330499,RO,Giorgio Armani Beauty,,,,Importer,Bucharest,KOTRA_SNS_2025,화장품/뷰티
330590,DZ,Euro China India Africa Srl,,,,Importer,bologna,KOTRA_SNS_2025,화장품/뷰티
330499,ES,Colors,,,,Importer,Barcelona,KOTRA_SNS_2025,화장품/뷰티
330499,PT,ARTBEL cosmetica e mobiliario profissional,,,,Importer,Freamunde,KOTRA_SNS_2025,화장품/뷰티
330499,GR,ArtistWorks,,,,Importer,Kntza,KOTRA_SNS_2025,화장품/뷰티
330499,RS,D. o. o PIKE,,,,Importer,Loznica,KOTRA_SNS_2025,화장품/뷰티
330499,GR,Prestigebrands.gr,,,,Importer,Saronida,KOTRA_SNS_2025,화장품/뷰티
330499,ES,Toke Natura,,,,Importer,Tenerife,KOTRA_SNS_2025,화장품/뷰티
330590,ES,Look&Industry,,,,Importer,Zumaia,KOTRA_SNS_2025,화장품/뷰티
330499,GR,Delphis Crete,,,,Importer,Rethymno,KOTRA_SNS_2025,화장품/뷰티
330499,IT,Imprenditrice,,,,Importer,Milano,KOTRA_SNS_2025,화장품/뷰티
330499,IT,rossella_bresciani_makeupando,,,,Importer,London,KOTRA_SNS_2025,화장품/뷰티
330590,BE,Jarcas barbershop,,,,Importer,Bazel,KOTRA_SNS_2025,화장품/뷰티
330590,RO,Romania Barbers Association,,,,Importer,Craiova,KOTRA_SNS_2025,화장품/뷰티
330499,BE,Loanny Beauty,,,,Importer,Brussels,KOTRA_SNS_2025,화장품/뷰티
330499,GR,SENSAVI med,,,,Importer,Athens,KOTRA_SNS_2025,화장품/뷰티
330590,IT,Emmediciotto Presidente Fondatore,,,,Importer,Senigallia,KOTRA_SNS_2025,화장품/뷰티
330499,ES,Artesanos de Cuevas,,,,Importer,Gijn,KOTRA_SNS_2025,화장품/뷰티
330499,RO,Lounge Beauty SPA,,,,Importer,Ploiesti,KOTRA_SNS_2025,화장품/뷰티
330499,PL,Bina,,,,Importer,Wroclaw,KOTRA_SNS_2025,화장품/뷰티
330590,NL,Het huis van hermens bv,,,,Importer,Maastricht,KOTRA_SNS_2025,화장품/뷰티
330499,NL,Chammy Cosmetics B.V.,,,,Importer,Harmelen,KOTRA_SNS_2025,화장품/뷰티
330499,CH,RHCI sa,,,,Importer,Conthey,KOTRA_SNS_2025,화장품/뷰티
330590,PT,ON HAIR ACADEMY,,,,Importer,Amadora,KOTRA_SNS_2025,화장품/뷰티
330590,FR,Lykhachova beauty,,,,Importer,Marseille,KOTRA_SNS_2025,화장품/뷰티
340130,US,Donna AB & Mont Blanc Holding AB,,,,Importer,Bollns,KOTRA_SNS_2025,화장품/뷰티
330499,ES,MercheStetic,,,,Importer,Sant Vicen dels Horts,KOTRA_SNS_2025,화장품/뷰티
330499,RO,Farmona Romania,,,,Importer,Suceava,KOTRA_SNS_2025,화장품/뷰티
330499,GR,Estheticienne,,,,Importer,Athens,KOTRA_SNS_2025,화장품/뷰티
330499,PT,Praa Duque de Saldanha,,,,Importer,Lisboa,KOTRA_SNS_2025,화장품/뷰티
330499,ES,Idaga Estetika,,,,Importer,Ondrroa,KOTRA_SNS_2025,화장품/뷰티
330499,BE,B Professional,,,,Importer,Sint katelijne waver,KOTRA_SNS_2025,화장품/뷰티
330499,GR,Νο,,,,Importer,Athens,KOTRA_SNS_2025,화장품/뷰티
330499,IT,Leona Klinika Medycyny Estetycznej,,,,Importer,Milano,KOTRA_SNS_2025,화장품/뷰티
330499,FR,LINGOR TRADING,,,,Importer,Paris,KOTRA_SNS_2025,화장품/뷰티
330590,GR,77nailstr,,,,Importer,Patras,KOTRA_SNS_2025,화장품/뷰티
330590,RO,ndreptarea parului cu keratina      Alina Terzi,,,,Importer,Brasov,KOTRA_SNS_2025,화장품/뷰티
330590,NL,Keratin Europa,,,,Importer,Gouda,KOTRA_SNS_2025,화장품/뷰티
330590,US,Andreia Nails And Hair,,,,Importer,Funchal,KOTRA_SNS_2025,화장품/뷰티
330499,CZ,Gabriela Krner,,,,Importer,Sumperk,KOTRA_SNS_2025,화장품/뷰티
330499,IT,Giuseppe Barra,,,,Importer,Turin,KOTRA_SNS_2025,화장품/뷰티
330499,RO,Vlasell Management Center,,,,Importer,Timioara,KOTRA_SNS_2025,화장품/뷰티
330590,ES,aguadecielord,,,,Importer,Madrid,KOTRA_SNS_2025,화장품/뷰티
330590,FR,Figaro Mulhouse,,,,Importer,Mulhouse,KOTRA_SNS_2025,화장품/뷰티
330499,MD,Litun Ana,,,,Importer,Belgium,KOTRA_SNS_2025,화장품/뷰티
330499,BE,Knl,,,,Importer,Sint Gillis,KOTRA_SNS_2025,화장품/뷰티
330499,SE,MILI cosmetics,,,,Importer,Stockholm,KOTRA_SNS_2025,화장품/뷰티
330499,RO,Ivatherm,,,,Importer,Bucharest,KOTRA_SNS_2025,화장품/뷰티
330499,RO,Skin Experience Clinic,,,,Importer,Bucharest,KOTRA_SNS_2025,화장품/뷰티
330499,GR,CrisPharmacy,,,,Importer,Siena,KOTRA_SNS_2025,화장품/뷰티
330499,PT,Nice nails,,,,Importer,Odivelas,KOTRA_SNS_2025,화장품/뷰티
330499,GR,Be you,,,,Importer,Athens,KOTRA_SNS_2025,화장품/뷰티
330590,BG,Selena ES Beauty Salon & Shop by DZ,,,,Importer,Sofia,KOTRA_SNS_2025,화장품/뷰티
340130,NL,brazilian.beautycare,,,,Importer,Leiden,KOTRA_SNS_2025,화장품/뷰티
330610,UZ,Зайниддин,,,,Importer,Андижон,KOTRA_SNS_2025,화장품/뷰티
330610,PH,Health360,,,,Importer,Cebu,KOTRA_SNS_2025,화장품/뷰티
330499,UZ,FLC,,,,Importer,Tashkent,KOTRA_SNS_2025,화장품/뷰티
330499,UZ,YONG MIRI LTD.,,,,Importer,Tashkent,KOTRA_SNS_2025,화장품/뷰티
330499,UZ,UZEX Commodity exchanges in UZB,,,,Importer,Ташкент,KOTRA_SNS_2025,화장품/뷰티
330499,UZ,Malif,,,,Importer,Ташкент,KOTRA_SNS_2025,화장품/뷰티
330499,KZ,Bitamins.kz,,,,Importer,Алматы,KOTRA_SNS_2025,화장품/뷰티
330499,KZ,Are,,,,Importer,Astana,KOTRA_SNS_2025,화장품/뷰티
330499,KZ,"Ali Zeid Ltd.,",,,,Importer,Астана,KOTRA_SNS_2025,화장품/뷰티
330499,KZ,Event Producer,,,,Importer,Almaty,KOTRA_SNS_2025,화장품/뷰티
330499,US,Coco.de,,,,Importer,Алматы,KOTRA_SNS_2025,화장품/뷰티
330499,KZ,Kk,,,,Importer,Karaganda,KOTRA_SNS_2025,화장품/뷰티
330610,PH,none,,,,Importer,El Salvador,KOTRA_SNS_2025,화장품/뷰티
330610,ID,PT. Cinta Abadi,,,,Importer,Martapura,KOTRA_SNS_2025,화장품/뷰티
330610,PH,MZE pharma,,,,Importer,Pasig,KOTRA_SNS_2025,화장품/뷰티
330610,ID,Cv aqma kosmetik,,,,Importer,Bandung,KOTRA_SNS_2025,화장품/뷰티
330610,PH,Vitalab,,,,Importer,Davao City,KOTRA_SNS_2025,화장품/뷰티
330610,BD,Banglalink Digital,,,,Importer,Chittagong,KOTRA_SNS_2025,화장품/뷰티
330610,IN,No,,,,Importer,Pune,KOTRA_SNS_2025,화장품/뷰티
330610,IN,FaceTalks aesthetic and surgical clinic,,,,Importer,Bangalore,KOTRA_SNS_2025,화장품/뷰티
330610,PK,Seeking,,,,Importer,LAHORE,KOTRA_SNS_2025,화장품/뷰티
330610,IN,Miraj,,,,Importer,Miraj,KOTRA_SNS_2025,화장품/뷰티
330610,IN,Laavanya,,,,Importer,Mumbai,KOTRA_SNS_2025,화장품/뷰티
330610,IN,Tiptur,,,,Importer,Tiptur,KOTRA_SNS_2025,화장품/뷰티
330610,BD,Expert Healthcare Solutions,,,,Importer,Dhaka,KOTRA_SNS_2025,화장품/뷰티
330610,AU,Jio,,,,Importer,Punjab,KOTRA_SNS_2025,화장품/뷰티
330610,IN,Gold Aesthetics,,,,Importer,Mumbai,KOTRA_SNS_2025,화장품/뷰티
330610,KE,Eros Ventures Limited,,,,Importer,Nairobi,KOTRA_SNS_2025,화장품/뷰티
330610,KE,Keylah medical and equipment,,,,Importer,Nairobi,KOTRA_SNS_2025,화장품/뷰티
330610,KE,Brand Imports (Africa) limited,,,,Importer,Nairobi,KOTRA_SNS_2025,화장품/뷰티
330610,AR,suka,,,,Importer,bs as,KOTRA_SNS_2025,화장품/뷰티
330610,AR,YO JUEGO AL HOCKEY :),,,,Importer,parana,KOTRA_SNS_2025,화장품/뷰티
330610,US,hyp,,,,Importer,Argentina,KOTRA_SNS_2025,화장품/뷰티
330610,AR,uiiij,,,,Importer,La Rioja,KOTRA_SNS_2025,화장품/뷰티
330610,US,nort,,,,Importer,bs as,KOTRA_SNS_2025,화장품/뷰티
330610,AR,poler,,,,Importer,Villa Mara,KOTRA_SNS_2025,화장품/뷰티
330610,AR,foxjvjvjvjvjv,,,,Importer,Bovriln,KOTRA_SNS_2025,화장품/뷰티
330610,AR,Facebook,,,,Importer,etegge,KOTRA_SNS_2025,화장품/뷰티
330610,AR,hyp,,,,Importer,bs as,KOTRA_SNS_2025,화장품/뷰티
330610,AR,ni bu,,,,Importer,Buenos Aires,KOTRA_SNS_2025,화장품/뷰티
330610,AR,Farmacia,,,,Importer,Pergamino,KOTRA_SNS_2025,화장품/뷰티
330610,AR,nbv,,,,Importer,caba,KOTRA_SNS_2025,화장품/뷰티
330610,AR,trvv,,,,Importer,jujuy,KOTRA_SNS_2025,화장품/뷰티
330610,AR,Facebook,,,,Importer,Tandil,KOTRA_SNS_2025,화장품/뷰티
330610,AR,DC Shoes,,,,Importer,Labou,KOTRA_SNS_2025,화장품/뷰티
330610,AR,psm,,,,Importer,Buenos Aires,KOTRA_SNS_2025,화장품/뷰티
330610,AR,poler6,,,,Importer,Bovrilu,KOTRA_SNS_2025,화장품/뷰티
330610,US,inter sur,,,,Importer,Paran,KOTRA_SNS_2025,화장품/뷰티
330610,AR,loft,,,,Importer,caba,KOTRA_SNS_2025,화장품/뷰티
330610,AR,STRONG Nation,,,,Importer,santa fe,KOTRA_SNS_2025,화장품/뷰티
330610,AR,pyc,,,,Importer,bsas,KOTRA_SNS_2025,화장품/뷰티
330610,AR,Canepucke,,,,Importer,theobald,KOTRA_SNS_2025,화장품/뷰티
330610,AR,long ftrut,,,,Importer,Paran,KOTRA_SNS_2025,화장품/뷰티
330610,AR,Bautista Gabriel,,,,Importer,Crdoba,KOTRA_SNS_2025,화장품/뷰티
330610,AR,biolabs,,,,Importer,pilar,KOTRA_SNS_2025,화장품/뷰티
330610,AR,fdss,,,,Importer,Rafael Castillob,KOTRA_SNS_2025,화장품/뷰티
330610,AR,vertus,,,,Importer,Rosario,KOTRA_SNS_2025,화장품/뷰티
330610,AR,michellin shop9,,,,Importer,bsas,KOTRA_SNS_2025,화장품/뷰티
330610,CL,Paraclinics,,,,Importer,Santiago,KOTRA_SNS_2025,화장품/뷰티
330610,AR,.,,,,Importer,Buenos Aires,KOTRA_SNS_2025,화장품/뷰티
330610,AR,mse,,,,Importer,caba,KOTRA_SNS_2025,화장품/뷰티
330610,BR,frut,,,,Importer,bsas,KOTRA_SNS_2025,화장품/뷰티
330610,AR,foxxer,,,,Importer,Alcorta,KOTRA_SNS_2025,화장품/뷰티
330610,TR,Xport,,,,Importer,Istanbul,KOTRA_SNS_2025,화장품/뷰티
330610,TR,Fırat Eyidoan Muayehane,,,,Importer,ankaya,KOTRA_SNS_2025,화장품/뷰티
330610,TR,Four seas,,,,Importer,Istanbul,KOTRA_SNS_2025,화장품/뷰티
330499,CH,Shanghai Wang,,,,Importer,Zrich,KOTRA_SNS_2025,화장품/뷰티
330499,BG,EVROPEAN PARLIAMENT,,,,Importer,Sofia,KOTRA_SNS_2025,화장품/뷰티
330590,HU,Geci cigany  kft.,,,,Importer,Gyr,KOTRA_SNS_2025,화장품/뷰티
330499,PK,SPAZIO INTERNATIONAL,,,,Importer,Lahore,KOTRA_SNS_2025,화장품/뷰티
330499,PK,Smithknives317,,,,Importer,Wazirabad,KOTRA_SNS_2025,화장품/뷰티
330499,ZA,Tbc,,,,Importer,Durban,KOTRA_SNS_2025,화장품/뷰티
330499,KE,ONLINE NETWORK MARKETING,,,,Importer,Nairobi,KOTRA_SNS_2025,화장품/뷰티
330499,LK,,,,,Importer,Aluthgama,KOTRA_SNS_2025,화장품/뷰티
330499,GH,Curves Republic Ltd,,,,Importer,Accra,KOTRA_SNS_2025,화장품/뷰티
330499,TZ,"Self employed, EyeTouch ltd",,,,Importer,Dar es salaam,KOTRA_SNS_2025,화장품/뷰티
330499,PK,CFH hospital,,,,Importer,Karachi,KOTRA_SNS_2025,화장품/뷰티
330499,ET,Online,,,,Importer,Ethiopia,KOTRA_SNS_2025,화장품/뷰티
330499,PK,,,,,Importer,Gujarat,KOTRA_SNS_2025,화장품/뷰티
330499,LK,Code studio,,,,Importer,Colombo,KOTRA_SNS_2025,화장품/뷰티
330499,US,Cute Touch uk,,,,Importer,hydrabad sindh,KOTRA_SNS_2025,화장품/뷰티
330499,PK,pharmaceutics,,,,Importer,Peshawar,KOTRA_SNS_2025,화장품/뷰티
330499,GH,Sazian Integrative Clinic,,,,Importer,Accra,KOTRA_SNS_2025,화장품/뷰티
330499,PK,Mine,,,,Importer,Lahore,KOTRA_SNS_2025,화장품/뷰티
330499,ZA,Boikgafo Multiprojects,,,,Importer,Limpopo,KOTRA_SNS_2025,화장품/뷰티
330499,PK,Traders buddy,,,,Importer,Karachi,KOTRA_SNS_2025,화장품/뷰티
330499,PK,Tri tech International,,,,Importer,Karachi,KOTRA_SNS_2025,화장품/뷰티
330499,RS,House Of Haon,,,,Importer,Belgrade,KOTRA_SNS_2025,화장품/뷰티
330499,GR,MyRoutine,,,,Importer,Athens,KOTRA_SNS_2025,화장품/뷰티
330499,FR,Eiffel Para Parapharmacie,,,,Importer,Paris,KOTRA_SNS_2025,화장품/뷰티
330499,SE,Nail icon,,,,Importer,Bors,KOTRA_SNS_2025,화장품/뷰티
330499,TD,Na,,,,Importer,Algeciras,KOTRA_SNS_2025,화장품/뷰티
330499,CH,Beauty Art Professional,,,,Importer,Geneva,KOTRA_SNS_2025,화장품/뷰티
330499,GR,Deaf Greece  Heroes Leader World,,,,Importer,Naxos Greece,KOTRA_SNS_2025,화장품/뷰티
330499,FI,Finnish Cosmetics Import Oy,,,,Importer,Helsinki,KOTRA_SNS_2025,화장품/뷰티
330499,CH,Switzerland.,,,,Importer,Geneve,KOTRA_SNS_2025,화장품/뷰티
330499,RS,D. o. o PIKE,,,,Importer,Loznica,KOTRA_SNS_2025,화장품/뷰티
330499,GB,MYKSTYLE LTD,,,,Importer,London,KOTRA_SNS_2025,화장품/뷰티
330499,BG,EVROPEAN PARLIAMENT,,,,Importer,Sofia,KOTRA_SNS_2025,화장품/뷰티
330499,RO,Skindigo,,,,Importer,Timisoara,KOTRA_SNS_2025,화장품/뷰티
330499,NL,Noonawon,,,,Importer,Rotterdam,KOTRA_SNS_2025,화장품/뷰티
330499,PT,Querida Molcula Cosmticos,,,,Importer,Batalha,KOTRA_SNS_2025,화장품/뷰티
330499,GB,Soyuu Ltd,,,,Importer,London,KOTRA_SNS_2025,화장품/뷰티
330499,ES,Gangnam food station,,,,Importer,Santa Cruz de Tenerife,KOTRA_SNS_2025,화장품/뷰티
330499,FR,Dvibzprod,,,,Importer,Longuesse,KOTRA_SNS_2025,화장품/뷰티
330499,IN,Lakshya biology classes,,,,Importer,Aurangabad,KOTRA_SNS_2025,화장품/뷰티
330499,AE,Cherish General Trading,,,,Importer,Dubai,KOTRA_SNS_2025,화장품/뷰티
330499,IN,Jeevannavar Skin Care,,,,Importer,Hubli,KOTRA_SNS_2025,화장품/뷰티
330499,IN,Bb,,,,Importer,Surat,KOTRA_SNS_2025,화장품/뷰티
330499,IN,Airblack,,,,Importer,Delhi,KOTRA_SNS_2025,화장품/뷰티
330499,IN,krishna sales,,,,Importer,patna,KOTRA_SNS_2025,화장품/뷰티
330499,IN,Lifeboat,,,,Importer,Bhopal,KOTRA_SNS_2025,화장품/뷰티
330499,GB,Sammmm hbw LLP,,,,Importer,London,KOTRA_SNS_2025,화장품/뷰티
330499,IN,Shining You,,,,Importer,Bangalore,KOTRA_SNS_2025,화장품/뷰티
330499,IN,Premchand,,,,Importer,Mumbai,KOTRA_SNS_2025,화장품/뷰티
330499,IN,Bitrontix,,,,Importer,New delhi,KOTRA_SNS_2025,화장품/뷰티
330499,IN,J,,,,Importer,Bangalore,KOTRA_SNS_2025,화장품/뷰티
330499,IN,Abelestore,,,,Importer,Mumbai,KOTRA_SNS_2025,화장품/뷰티
330499,IN,Confidential,,,,Importer,Delhi,KOTRA_SNS_2025,화장품/뷰티
330499,IN,kanishka Technochem,,,,Importer,Jaipur,KOTRA_SNS_2025,화장품/뷰티
330499,IN,sam international,,,,Importer,kurukshetra,KOTRA_SNS_2025,화장품/뷰티
330499,IN,Student,,,,Importer,Jaipur,KOTRA_SNS_2025,화장품/뷰티
330499,IN,GMR,,,,Importer,Tiruvannamalai,KOTRA_SNS_2025,화장품/뷰티
330499,IN,Unisur Lifecare Pvt Ltd,,,,Importer,Bangalore,KOTRA_SNS_2025,화장품/뷰티
330499,IN,Xcelerators Etail Private Limited,,,,Importer,Jaipur,KOTRA_SNS_2025,화장품/뷰티
330499,IN,Grand Slam Fitness,,,,Importer,New delhi,KOTRA_SNS_2025,화장품/뷰티
330499,IN,A,,,,Importer,Pune,KOTRA_SNS_2025,화장품/뷰티
330499,IN,Pop,,,,Importer,Jamnaga,KOTRA_SNS_2025,화장품/뷰티
330499,IN,Gcom India,,,,Importer,Hyderabad,KOTRA_SNS_2025,화장품/뷰티
330499,IN,Digiperform,,,,Importer,New Delhi,KOTRA_SNS_2025,화장품/뷰티
330499,IN,Herbal Dream,,,,Importer,Indore,KOTRA_SNS_2025,화장품/뷰티
330499,IN,Prachis,,,,Importer,Ahmedabad,KOTRA_SNS_2025,화장품/뷰티
330499,IN,Manipal University,,,,Importer,Kalpetta,KOTRA_SNS_2025,화장품/뷰티
330499,IN,Messe Frankfurt Trade Fairs India Private Limited,,,,Importer,Mumbai,KOTRA_SNS_2025,화장품/뷰티
330499,IN,Royal Goan Beach Resorts,,,,Importer,Panjim (Panaji),KOTRA_SNS_2025,화장품/뷰티
330499,IN,In formulation,,,,Importer,Gurgaon,KOTRA_SNS_2025,화장품/뷰티
330499,IN,Ideas Plus Pvt Ltd,,,,Importer,Bharuch,KOTRA_SNS_2025,화장품/뷰티
330499,IN,Amazon India,,,,Importer,Hyderabad,KOTRA_SNS_2025,화장품/뷰티
330499,IN,sky electronics pvt ltd,,,,Importer,Mumbai,KOTRA_SNS_2025,화장품/뷰티
330499,IN,Wayz,,,,Importer,Jabalpur,KOTRA_SNS_2025,화장품/뷰티
330499,IN,Aesthetic concept pvt ltd,,,,Importer,Greater Noida omicron 1 hig apartment,KOTRA_SNS_2025,화장품/뷰티
330499,IN,Foresight Business Ventures,,,,Importer,Mumbai,KOTRA_SNS_2025,화장품/뷰티
330499,IN,Hy5 commodities,,,,Importer,Baddi,KOTRA_SNS_2025,화장품/뷰티
330499,IN,PraSan,,,,Importer,Bhopal,KOTRA_SNS_2025,화장품/뷰티
330499,IN,Klean Gypsy,,,,Importer,Bangalore,KOTRA_SNS_2025,화장품/뷰티
330499,IN,4QDS,,,,Importer,Mumbai,KOTRA_SNS_2025,화장품/뷰티
330499,IN,Navee global,,,,Importer,Visakhapatnam,KOTRA_SNS_2025,화장품/뷰티
330499,IN,YMD,,,,Importer,Navi Mumbai,KOTRA_SNS_2025,화장품/뷰티
330499,IN,Byeoll beauty,,,,Importer,Noida,KOTRA_SNS_2025,화장품/뷰티
330499,IN,Sapsys Life Style,,,,Importer,Indirapuram,KOTRA_SNS_2025,화장품/뷰티
330499,IN,Goodness of Nature,,,,Importer,Kanpur,KOTRA_SNS_2025,화장품/뷰티
330499,IN,S B Distributors,,,,Importer,Delhi,KOTRA_SNS_2025,화장품/뷰티
330499,IN,long life surgical & medicnes,,,,Importer,Ludhiana,KOTRA_SNS_2025,화장품/뷰티
330499,IN,royal house,,,,Importer,kanpur,KOTRA_SNS_2025,화장품/뷰티
330499,IN,Scinuvo consumer products LLP,,,,Importer,Navi Mumbai (New Mumbai),KOTRA_SNS_2025,화장품/뷰티
330499,IN,Personal Branding,,,,Importer,Mumbai,KOTRA_SNS_2025,화장품/뷰티
330499,IN,Hakimi Emterprises,,,,Importer,Mumbai,KOTRA_SNS_2025,화장품/뷰티
330499,ID,PT. Subiru Sukses Bersama,,,,Importer,Jakarta,KOTRA_SNS_2025,화장품/뷰티
330499,ID,Beauty clinic,,,,Importer,Jakarta,KOTRA_SNS_2025,화장품/뷰티
330499,ID,No,,,,Importer,Medan,KOTRA_SNS_2025,화장품/뷰티
330499,US,Petite. Teecha/ ecommerce,,,,Importer,Jakarta,KOTRA_SNS_2025,화장품/뷰티
330499,ID,OSIS SMANDAKA,,,,Importer,Medan,KOTRA_SNS_2025,화장품/뷰티
330499,ID,Giwonggi,,,,Importer,Jakarta,KOTRA_SNS_2025,화장품/뷰티
330499,ID,PT Narita Kei Pharma,,,,Importer,Jakarta pusat,KOTRA_SNS_2025,화장품/뷰티
330499,PE,Alfersac EIRL,,,,Importer,Lima,KOTRA_SNS_2025,화장품/뷰티
330499,PE,Juvenezza,,,,Importer,Lima,KOTRA_SNS_2025,화장품/뷰티
330499,BR,Papaya Fashion,,,,Importer,So Paulo,KOTRA_SNS_2025,화장품/뷰티
330499,EC,Siigo,,,,Importer,Guayaquil,KOTRA_SNS_2025,화장품/뷰티
330499,IN,The Lalit Great Eastern Kolkata,,,,Importer,Kolkata,KOTRA_SNS_2025,화장품/뷰티
330499,IN,Vvcs,,,,Importer,Vv,KOTRA_SNS_2025,화장품/뷰티
330510,IN,Dhabaleswar n co,,,,Importer,Bargarh,KOTRA_SNS_2025,화장품/뷰티
330510,US,Facebook,,,,Importer,Riyadh,KOTRA_SNS_2025,화장품/뷰티
330499,CZ,Zaklipso,,,,Importer,Czech,KOTRA_SNS_2025,화장품/뷰티
330499,ID,Sharon Entertainment,,,,Importer,Makassar,KOTRA_SNS_2025,화장품/뷰티
330510,ID,Pinang Mas,,,,Importer,Medan,KOTRA_SNS_2025,화장품/뷰티
330499,AR,poler,,,,Importer,Parana,KOTRA_SNS_2025,화장품/뷰티
330499,AR,steeltree,,,,Importer,Paran,KOTRA_SNS_2025,화장품/뷰티
330499,AR,kace,,,,Importer,bsas,KOTRA_SNS_2025,화장품/뷰티
330499,AR,bnm,,,,Importer,bs as,KOTRA_SNS_2025,화장품/뷰티
330499,AR,Cantante,,,,Importer,Paran,KOTRA_SNS_2025,화장품/뷰티
330499,AR,mollet,,,,Importer,Paran,KOTRA_SNS_2025,화장품/뷰티
330499,AR,chis,,,,Importer,Buenos Aires,KOTRA_SNS_2025,화장품/뷰티
330510,NG,Self Employed,,,,Importer,Lagos,KOTRA_SNS_2025,화장품/뷰티
330499,IN,Sankarya,,,,Importer,Mysore,KOTRA_SNS_2025,화장품/뷰티
330510,IN,Start up,,,,Importer,Ahmedabad,KOTRA_SNS_2025,화장품/뷰티
330499,IN,Amazon India,,,,Importer,Hyderabad,KOTRA_SNS_2025,화장품/뷰티
330499,AR,michellin shop9,,,,Importer,bsas,KOTRA_SNS_2025,화장품/뷰티
330499,AR,trophy,,,,Importer,Crdoba,KOTRA_SNS_2025,화장품/뷰티
330499,AR,leerte,,,,Importer,San Martn,KOTRA_SNS_2025,화장품/뷰티
330499,AR,Vctor Contreras,,,,Importer,Aelo,KOTRA_SNS_2025,화장품/뷰티
330510,KE,"Kikuyu, Kenya",,,,Importer,Nairobi,KOTRA_SNS_2025,화장품/뷰티
330499,EG,Dwidaar,,,,Importer,Cairo,KOTRA_SNS_2025,화장품/뷰티
330499,IN,S,,,,Importer,Trichy,KOTRA_SNS_2025,화장품/뷰티
330499,IN,RR LIFESTYLES,,,,Importer,Bangalore,KOTRA_SNS_2025,화장품/뷰티
330510,IN,Surendra,,,,Importer,Nagpur,KOTRA_SNS_2025,화장품/뷰티
330510,IN,Upright International LLP,,,,Importer,Ahmedabad,KOTRA_SNS_2025,화장품/뷰티
330499,IN,Site Engineer,,,,Importer,mangalore,KOTRA_SNS_2025,화장품/뷰티
330499,IN,Antraajaal,,,,Importer,Chandigarh,KOTRA_SNS_2025,화장품/뷰티
330499,IN,Cc,,,,Importer,Bangalore,KOTRA_SNS_2025,화장품/뷰티
330499,IN,Niche Agriculture & pharmaceutical Ltd,,,,Importer,New delhi,KOTRA_SNS_2025,화장품/뷰티
330499,IN,The Pony & Peony Co.,,,,Importer,Delhi,KOTRA_SNS_2025,화장품/뷰티
330499,IN,Phosly pharmaceutical pvt ltd,,,,Importer,Bangalore,KOTRA_SNS_2025,화장품/뷰티
330499,IN,Tatva,,,,Importer,surat,KOTRA_SNS_2025,화장품/뷰티
330499,IN,Cancer and Genomic Science,,,,Importer,Jammu,KOTRA_SNS_2025,화장품/뷰티
330499,IN,Face 360,,,,Importer,Calicut,KOTRA_SNS_2025,화장품/뷰티
330510,IN,Talisman,,,,Importer,Surat (Gujarat),KOTRA_SNS_2025,화장품/뷰티
330510,IN,Tr,,,,Importer,Palampur Himachal Pradesh,KOTRA_SNS_2025,화장품/뷰티
330499,IN,STARTIME APPARELS,,,,Importer,Tirupur,KOTRA_SNS_2025,화장품/뷰티
330499,IN,Lumiere,,,,Importer,Mumbai,KOTRA_SNS_2025,화장품/뷰티
330499,IN,"Self Employed, Delhi",,,,Importer,Delhi,KOTRA_SNS_2025,화장품/뷰티
330510,IN,Sakshi's craft,,,,Importer,Pune,KOTRA_SNS_2025,화장품/뷰티
330499,IN,The formula,,,,Importer,Ahmedabad,KOTRA_SNS_2025,화장품/뷰티
330510,KE,Done Right Ventures,,,,Importer,Nairobi,KOTRA_SNS_2025,화장품/뷰티
330499,NG,Devcom Limited,,,,Importer,Enugu,KOTRA_SNS_2025,화장품/뷰티
330499,NG,Djk HoMES Limited,,,,Importer,Lagos,KOTRA_SNS_2025,화장품/뷰티
330499,NG,Royal Glow Beauty Empire,,,,Importer,Lekki Lagos,KOTRA_SNS_2025,화장품/뷰티
330499,US,Oyoko,,,,Importer,NYC,KOTRA_SNS_2025,화장품/뷰티
330499,EG,Biostream,,,,Importer,Giza,KOTRA_SNS_2025,화장품/뷰티
330499,US,home,,,,Importer,Rockford,KOTRA_SNS_2025,화장품/뷰티
330510,US,Beauty Bustle,,,,Importer,New York,KOTRA_SNS_2025,화장품/뷰티
330499,VN,H Ni,,,,Importer,Hanoi,KOTRA_SNS_2025,화장품/뷰티
330499,PH,lima,,,,Importer,Lipa City,KOTRA_SNS_2025,화장품/뷰티
330499,ID,LIM'S,,,,Importer,Medan,KOTRA_SNS_2025,화장품/뷰티
330499,PH,liza,,,,Importer,baguio,KOTRA_SNS_2025,화장품/뷰티
330499,PH,CFSSI,,,,Importer,San Carlos City,KOTRA_SNS_2025,화장품/뷰티
330499,PH,Madelene Skin Essentials,,,,Importer,cavite,KOTRA_SNS_2025,화장품/뷰티
330499,TH,S V Worldwide Co Ltd,,,,Importer,Bangkok,KOTRA_SNS_2025,화장품/뷰티
330499,PH,nRocket Inc,,,,Importer,Mandaluyong City,KOTRA_SNS_2025,화장품/뷰티
330510,ID,Pinang Mas,,,,Importer,Jakarta,KOTRA_SNS_2025,화장품/뷰티
330499,PH,Nature Tint,,,,Importer,Manila,KOTRA_SNS_2025,화장품/뷰티
330499,VN,h,,,,Importer,tp bmt,KOTRA_SNS_2025,화장품/뷰티
330510,MX,Summa Products,,,,Importer,Puebla,KOTRA_SNS_2025,화장품/뷰티
330499,AR,Vctor Contreras,,,,Importer,Aelo,KOTRA_SNS_2025,화장품/뷰티
330499,BR,5191720091,,,,Importer,So Leopoldon,KOTRA_SNS_2025,화장품/뷰티
330499,AR,bnb,,,,Importer,buenos aires,KOTRA_SNS_2025,화장품/뷰티
330499,AR,paso,,,,Importer,Paran,KOTRA_SNS_2025,화장품/뷰티
330499,AR,Playfish,,,,Importer,Paran,KOTRA_SNS_2025,화장품/뷰티
330499,AR,word,,,,Importer,ju,KOTRA_SNS_2025,화장품/뷰티
330499,AR,bass,,,,Importer,csba,KOTRA_SNS_2025,화장품/뷰티
330499,AR,empleado,,,,Importer,caba,KOTRA_SNS_2025,화장품/뷰티
330499,AR,Cantante,,,,Importer,Paran,KOTRA_SNS_2025,화장품/뷰티
330499,AR,loop,,,,Importer,rosario,KOTRA_SNS_2025,화장품/뷰티
330499,AR,poler,,,,Importer,Santa Fe,KOTRA_SNS_2025,화장품/뷰티
330499,US,dac,,,,Importer,Miami,KOTRA_SNS_2025,화장품/뷰티
330499,US,tqr,,,,Importer,bs as,KOTRA_SNS_2025,화장품/뷰티
330510,AR,.,,,,Importer,Buenos Aires,KOTRA_SNS_2025,화장품/뷰티
330499,AR,mse,,,,Importer,caba,KOTRA_SNS_2025,화장품/뷰티
330499,AR,biolabs,,,,Importer,pilar,KOTRA_SNS_2025,화장품/뷰티
330499,US,lope,,,,Importer,Los Angeles,KOTRA_SNS_2025,화장품/뷰티
330499,AR,foxxer,,,,Importer,Alcorta,KOTRA_SNS_2025,화장품/뷰티
330499,AR,Docente,,,,Importer,Rosario,KOTRA_SNS_2025,화장품/뷰티
330499,AR,DPV,,,,Importer,bsas,KOTRA_SNS_2025,화장품/뷰티
330499,MX,SERCHU,,,,Importer,Ecatepec de Morelos,KOTRA_SNS_2025,화장품/뷰티
330499,IN,EMPA FUSIONS LLP,,,,Importer,Mumbai,KOTRA_SNS_2025,화장품/뷰티
330499,TH,Aakash Aesthetics,,,,Importer,Chennai,KOTRA_SNS_2025,화장품/뷰티
330499,ID,PT Indokarya Mitra Solusi,,,,Importer,Jakarta,KOTRA_SNS_2025,화장품/뷰티
330499,ID,Uncle Bud's Cabin,,,,Importer,Jakarta,KOTRA_SNS_2025,화장품/뷰티
330499,ID,PT. Interbat,,,,Importer,Jakarta,KOTRA_SNS_2025,화장품/뷰티
330499,ID,Tree and threads,,,,Importer,Jakarta,KOTRA_SNS_2025,화장품/뷰티
330499,ID,Laksaa medical,,,,Importer,Jogja,KOTRA_SNS_2025,화장품/뷰티
330499,ID,Infinity_kmall,,,,Importer,medan,KOTRA_SNS_2025,화장품/뷰티
330499,DO,Simone Professional,,,,Importer,Santo Domingo,KOTRA_SNS_2025,화장품/뷰티
330499,EC,IARE,,,,Importer,Quito,KOTRA_SNS_2025,화장품/뷰티
330499,BR,Qbex Brasil,,,,Importer,Salvador,KOTRA_SNS_2025,화장품/뷰티
330499,MX,Ecdtica Editorial,,,,Importer,Ciudad de Mxico,KOTRA_SNS_2025,화장품/뷰티
330499,MX,From SoKo to Tokyo,,,,Importer,Mexico City,KOTRA_SNS_2025,화장품/뷰티
330499,MX,Nailroom by Caro,,,,Importer,Mexico City,KOTRA_SNS_2025,화장품/뷰티
330499,EC,VASCHLABS,,,,Importer,Quito,KOTRA_SNS_2025,화장품/뷰티
330499,MX,Rockoco Salon,,,,Importer,Nuevo Len,KOTRA_SNS_2025,화장품/뷰티
330499,PE,R.torres import,,,,Importer,La Molina,KOTRA_SNS_2025,화장품/뷰티
330499,OM,Loveliness store,,,,Importer,Muscat,KOTRA_SNS_2025,화장품/뷰티
330499,TR,Erdemirde inde Gcnde Mesaide :)),,,,Importer,Zonguldak,KOTRA_SNS_2025,화장품/뷰티
330499,AE,Stanton Chase,,,,Importer,Dubai,KOTRA_SNS_2025,화장품/뷰티
330499,TR,Ecrou,,,,Importer,Istanbul,KOTRA_SNS_2025,화장품/뷰티
330499,MA,Meta,,,,Importer,Knitra,KOTRA_SNS_2025,화장품/뷰티
330499,CA,Cocosan,,,,Importer,Mississauga,KOTRA_SNS_2025,화장품/뷰티
330499,CA,Monikk,,,,Importer,Toronto,KOTRA_SNS_2025,화장품/뷰티
330499,CA,Cils Lab,,,,Importer,Lorraine,KOTRA_SNS_2025,화장품/뷰티
330510,CL,Particular,,,,Importer,Iquique,KOTRA_SNS_2025,화장품/뷰티
330510,FR,Comrys,,,,Importer,Lyon,KOTRA_SNS_2025,화장품/뷰티
330510,ES,Y lo,,,,Importer,Vilafranca del Peneds,KOTRA_SNS_2025,화장품/뷰티
330499,GB,Twirlly bits,,,,Importer,London,KOTRA_SNS_2025,화장품/뷰티
330499,MA,Chancia Oil,,,,Importer,Toronto,KOTRA_SNS_2025,화장품/뷰티
330499,France / Spain / Canada,Netennders,,,,Importer,Barcelona,KOTRA_SNS_2025,화장품/뷰티
330499,CZ,ESKO,,,,Importer,Kolin,KOTRA_SNS_2025,화장품/뷰티
330499,UA,Sumy Oblast,,,,Importer,Okhtyrka,KOTRA_SNS_2025,화장품/뷰티
330499,MN,Hunee Khas XXK,,,,Importer,ulaanbaatar,KOTRA_SNS_2025,화장품/뷰티
330499,AE,,,,,Importer,Dubai,KOTRA_SNS_2025,화장품/뷰티
330499,AE,Musif ECOTECH inc,,,,Importer,abu duabi,KOTRA_SNS_2025,화장품/뷰티
330499,AE,Beavo Ecommerce Ventures,,,,Importer,Dubai,KOTRA_SNS_2025,화장품/뷰티
330510,SA,Safwa Al Aroba,,,,Importer,Lahore,KOTRA_SNS_2025,화장품/뷰티
330510,SA,For,,,,Importer,ZA,KOTRA_SNS_2025,화장품/뷰티
340130,AE,Beaute on fleek,,,,Importer,Dubai,KOTRA_SNS_2025,화장품/뷰티
340130,US,Maha_eyelash.dxb,,,,Importer,Dubai,KOTRA_SNS_2025,화장품/뷰티
340130,AE,Syafar Vacation CLUB,,,,Importer,Al Rolla Dubai,KOTRA_SNS_2025,화장품/뷰티
340130,AE,Shabina Khan,,,,Importer,Sharjah,KOTRA_SNS_2025,화장품/뷰티
340130,AE,Pharmacist,,,,Importer,Dubai,KOTRA_SNS_2025,화장품/뷰티
340130,AE,jahbeau,,,,Importer,dubai,KOTRA_SNS_2025,화장품/뷰티
340130,AE,AAR Consultants,,,,Importer,Abu Dhabi,KOTRA_SNS_2025,화장품/뷰티
330499,AE,Nur Al haz,,,,Importer,Dubai,KOTRA_SNS_2025,화장품/뷰티
330499,GB,Kid,,,,Importer,Dubai,KOTRA_SNS_2025,화장품/뷰티
340130,AE,Tamasi beauty centre,,,,Importer,Dubai,KOTRA_SNS_2025,화장품/뷰티
340130,AE,Staying at home,,,,Importer,Dubai,KOTRA_SNS_2025,화장품/뷰티
340130,AE,act Pvt Ltd,,,,Importer,Abu Dhabi,KOTRA_SNS_2025,화장품/뷰티
340130,AE,Lamsat jamal besuty salon,,,,Importer,Al Ajman,KOTRA_SNS_2025,화장품/뷰티
340130,AE,multi,,,,Importer,dubai,KOTRA_SNS_2025,화장품/뷰티
330590,AE,Mamun chowdhury project management co.,,,,Importer,Sharjah,KOTRA_SNS_2025,화장품/뷰티
340130,AE,Sumicosmo,,,,Importer,Ajman,KOTRA_SNS_2025,화장품/뷰티
330590,AE,Mona,,,,Importer,Dubai,KOTRA_SNS_2025,화장품/뷰티
340130,AE,Helix Medical Solutions,,,,Importer,Abu Dhabi,KOTRA_SNS_2025,화장품/뷰티
340130,AE,Maxvalue Trading LLC,,,,Importer,Dubai,KOTRA_SNS_2025,화장품/뷰티
330499,DZ,Wild sirne beauty,,,,Importer,Dubai,KOTRA_SNS_2025,화장품/뷰티
340130,AE,AWH Trading,,,,Importer,Dubai,KOTRA_SNS_2025,화장품/뷰티
340130,AE,One monarchy holdings inc,,,,Importer,Dubay`Ah,KOTRA_SNS_2025,화장품/뷰티
340130,AE,Beauty Lab Ph,,,,Importer,Dubai,KOTRA_SNS_2025,화장품/뷰티
330499,AD,MArket plus,,,,Importer,Dubai,KOTRA_SNS_2025,화장품/뷰티
340130,AE,House of S,,,,Importer,Dubai,KOTRA_SNS_2025,화장품/뷰티
340130,AE,Royal Gulf International,,,,Importer,Dubai,KOTRA_SNS_2025,화장품/뷰티
340130,AE,FAM,,,,Importer,Abu Dhabi,KOTRA_SNS_2025,화장품/뷰티
340130,AE,Art me cosmetology,,,,Importer,Abu Dhabi,KOTRA_SNS_2025,화장품/뷰티
340130,AE,Enviro,,,,Importer,Dubai,KOTRA_SNS_2025,화장품/뷰티
340130,AE,VAM International FZE,,,,Importer,Fujairah,KOTRA_SNS_2025,화장품/뷰티
340130,AE,Lappi Associates,,,,Importer,Dubai,KOTRA_SNS_2025,화장품/뷰티
340130,AE,IDN GULF DMCC,,,,Importer,Dubai,KOTRA_SNS_2025,화장품/뷰티
340130,AE,GEODIS,,,,Importer,Dubai,KOTRA_SNS_2025,화장품/뷰티
340130,AE,pegasus home health care,,,,Importer,UAE,KOTRA_SNS_2025,화장품/뷰티
340130,AE,Amana Healthcare,,,,Importer,Dubai,KOTRA_SNS_2025,화장품/뷰티
330590,AE,Work From Home Jobs,,,,Importer,Dubai,KOTRA_SNS_2025,화장품/뷰티
340130,AE,du,,,,Importer,Dubai,KOTRA_SNS_2025,화장품/뷰티
340130,PK,Bumblebee,,,,Importer,Dubai,KOTRA_SNS_2025,화장품/뷰티
330499,AE,Lashes_extension_bar,,,,Importer,Dubai,KOTRA_SNS_2025,화장품/뷰티
340130,AE,Orthoplus bone and joint center,,,,Importer,Al Ain,KOTRA_SNS_2025,화장품/뷰티
330499,AE,Noura Hamdi Beauty,,,,Importer,Shaj.uae,KOTRA_SNS_2025,화장품/뷰티
340130,GB,Style age fz llc,,,,Importer,Dubai,KOTRA_SNS_2025,화장품/뷰티
330499,AE,Qua One FZ LLC,,,,Importer,London,KOTRA_SNS_2025,화장품/뷰티
330499,AE,Dmeraki beauty lounge,,,,Importer,Dubai,KOTRA_SNS_2025,화장품/뷰티
330590,AE,Trafers,,,,Importer,Dubai,KOTRA_SNS_2025,화장품/뷰티
330499,AE,Not Yet Working,,,,Importer,Dubai,KOTRA_SNS_2025,화장품/뷰티
340130,AE,noon,,,,Importer,Dubai,KOTRA_SNS_2025,화장품/뷰티
330590,AE,amro men's salon,,,,Importer,Abu Dhabi,KOTRA_SNS_2025,화장품/뷰티
340130,PH,infinite Sports Equipment Trading,,,,Importer,Male,KOTRA_SNS_2025,화장품/뷰티
330499,AE,"Dubai, United Arab Emirates",,,,Importer,Dubai,KOTRA_SNS_2025,화장품/뷰티
340130,AE,d h khandelwal commercial pvt. ltd.l,,,,Importer,Dubai,KOTRA_SNS_2025,화장품/뷰티
340130,AE,Knz,,,,Importer,Dubai,KOTRA_SNS_2025,화장품/뷰티
340130,UA,Ols,,,,Importer,Dubai,KOTRA_SNS_2025,화장품/뷰티
340130,AE,TiaraMed,,,,Importer,Dubai,KOTRA_SNS_2025,화장품/뷰티
330499,AE,Instagram,,,,Importer,Dubai,KOTRA_SNS_2025,화장품/뷰티
330499,AE,Asq,,,,Importer,Dubai,KOTRA_SNS_2025,화장품/뷰티
340130,AE,mdeep diver,,,,Importer,dubai,KOTRA_SNS_2025,화장품/뷰티
340130,AE,blades manufacturers,,,,Importer,ajman UAE,KOTRA_SNS_2025,화장품/뷰티
330590,AE,Hair solution,,,,Importer,Abu Dhabi,KOTRA_SNS_2025,화장품/뷰티
340130,AE,Rap Trading LLC,,,,Importer,Dubai,KOTRA_SNS_2025,화장품/뷰티
340130,AE,BD,,,,Importer,Dubai,KOTRA_SNS_2025,화장품/뷰티
340130,AE,.,,,,Importer,Sharjah,KOTRA_SNS_2025,화장품/뷰티
340130,AE,Fussfree,,,,Importer,Dubai,KOTRA_SNS_2025,화장품/뷰티
340130,AE,Musif ECOTECH inc,,,,Importer,abu duabi,KOTRA_SNS_2025,화장품/뷰티
340130,AE,,,,,Importer,Dubai,KOTRA_SNS_2025,화장품/뷰티
340130,AE,Better life medical centre,,,,Importer,Dubai,KOTRA_SNS_2025,화장품/뷰티
340130,AE,Dora makeup,,,,Importer,Dubai,KOTRA_SNS_2025,화장품/뷰티
340130,AE,Dr farah clinic,,,,Importer,Sharjah,KOTRA_SNS_2025,화장품/뷰티
340130,AE,Dr. Fedoseev Dental Clinical,,,,Importer,Dubai,KOTRA_SNS_2025,화장품/뷰티
330499,AE,Live Life Now with Gretchen M,,,,Importer,Abu Dhabi,KOTRA_SNS_2025,화장품/뷰티
340130,AE,Unilever,,,,Importer,Dubai,KOTRA_SNS_2025,화장품/뷰티
330590,AE,Nawaem beauty salon,,,,Importer,Sharjah,KOTRA_SNS_2025,화장품/뷰티
330499,AE,Hadir Projects & Environment Systems L.L.C,,,,Importer,Dubai,KOTRA_SNS_2025,화장품/뷰티
330499,AE,orthopedic surgeon,,,,Importer,Abu Dhabi,KOTRA_SNS_2025,화장품/뷰티
330499,US,Sky view,,,,Importer,Ajman,KOTRA_SNS_2025,화장품/뷰티
340130,AE,Emirates NBD,,,,Importer,Dubai,KOTRA_SNS_2025,화장품/뷰티
340130,GB,Empower Lyf Trading,,,,Importer,Dubai,KOTRA_SNS_2025,화장품/뷰티
340130,AE,Emirates pearl,,,,Importer,Abu Dhabi,KOTRA_SNS_2025,화장품/뷰티
330590,US,Mermaid Esmerelda Inc,,,,Importer,Miami Beach,KOTRA_SNS_2025,화장품/뷰티
340130,KW,gion,,,,Importer,kuwait,KOTRA_SNS_2025,화장품/뷰티
340130,PH,The Krusty Krab,,,,Importer,makati,KOTRA_SNS_2025,화장품/뷰티
340130,PH,Fiverr,,,,Importer,Muntinlupa City,KOTRA_SNS_2025,화장품/뷰티
340130,KW,gio,,,,Importer,kuwait,KOTRA_SNS_2025,화장품/뷰티
340130,ID,G,,,,Importer,Bogor,KOTRA_SNS_2025,화장품/뷰티
340130,PH,Logistics,,,,Importer,Quezon,KOTRA_SNS_2025,화장품/뷰티
330499,VN,Renata Ziegler Qualificao Profissional,,,,Importer,Campo Bom,KOTRA_SNS_2025,화장품/뷰티
340130,KH,No thank,,,,Importer,Phnom Penh,KOTRA_SNS_2025,화장품/뷰티
340130,PH,Housewife,,,,Importer,bocaue,KOTRA_SNS_2025,화장품/뷰티
340130,KH,American University of Phnom Penh,,,,Importer,Phnom Penh,KOTRA_SNS_2025,화장품/뷰티
330499,ID,Andra artomoro,,,,Importer,Jakarta,KOTRA_SNS_2025,화장품/뷰티
340130,US,Stffjfr,,,,Importer,Dhaka,KOTRA_SNS_2025,화장품/뷰티
340130,US,vnckkch,,,,Importer,N'Djamena,KOTRA_SNS_2025,화장품/뷰티
340130,US,rr furniture,,,,Importer,tuguegarao,KOTRA_SNS_2025,화장품/뷰티
330499,ID,BUMN,,,,Importer,Surabaya,KOTRA_SNS_2025,화장품/뷰티
330499,US,gggh.,,,,Importer,Essen,KOTRA_SNS_2025,화장품/뷰티
340130,US,"National Institute of Technical Teacher Training and Research, Chennai",,,,Importer,Cam Ranh,KOTRA_SNS_2025,화장품/뷰티
340130,US,Dshsj,,,,Importer,Mbabane,KOTRA_SNS_2025,화장품/뷰티
340130,KH,kayau,,,,Importer,Phnom Penh,KOTRA_SNS_2025,화장품/뷰티
340130,US,Dddh,,,,Importer,Kampala,KOTRA_SNS_2025,화장품/뷰티
340130,US,jti,,,,Importer,Misamis Oriental,KOTRA_SNS_2025,화장품/뷰티
340130,AE,AMCA Auditing,,,,Importer,Dubai,KOTRA_SNS_2025,화장품/뷰티
340130,PH,Reynaldo Financing Services Corp.,,,,Importer,San Carlos City,KOTRA_SNS_2025,화장품/뷰티
340130,US,Phnom Penh,,,,Importer,Kampong Cham,KOTRA_SNS_2025,화장품/뷰티
340130,ID,ye,,,,Importer,Bogor,KOTRA_SNS_2025,화장품/뷰티
340130,AR,Phnom Penh Institute of Technology,,,,Importer,Phnom Penh,KOTRA_SNS_2025,화장품/뷰티
340130,US,Dkdkfk,,,,Importer,Can Tho,KOTRA_SNS_2025,화장품/뷰티
340130,US,Cbfbfjtjnh,,,,Importer,Koh Rong,KOTRA_SNS_2025,화장품/뷰티
330499,US,.,,,,Importer,Gelang Patah,KOTRA_SNS_2025,화장품/뷰티
330499,ID,Medics8,,,,Importer,Jakarta,KOTRA_SNS_2025,화장품/뷰티
330499,PK,Owner of Rozermed Instruments Manufacturer,,,,Importer,Sialkot,KOTRA_SNS_2025,화장품/뷰티
340130,PK,zaki industrial corporation,,,,Importer,Karachi,KOTRA_SNS_2025,화장품/뷰티
340130,BD,Beauty Glow Care Trading LLC,,,,Importer,Dubai,KOTRA_SNS_2025,화장품/뷰티
330499,IN,RRR,,,,Importer,Gangtok,KOTRA_SNS_2025,화장품/뷰티
340130,IN,Pretty Maam Herbal Beauty Salon,,,,Importer,Kochi,KOTRA_SNS_2025,화장품/뷰티
340130,LK,Makeup by Hezal Rigobert,,,,Importer,Kalutara,KOTRA_SNS_2025,화장품/뷰티
340130,IN,Skin_a_licious,,,,Importer,Kharar (mohali),KOTRA_SNS_2025,화장품/뷰티
340130,IN,The Magic Dots,,,,Importer,jaipur,KOTRA_SNS_2025,화장품/뷰티
340130,IN,STARTIME APPARELS,,,,Importer,Tirupur,KOTRA_SNS_2025,화장품/뷰티
330499,BD,Westminster trade,,,,Importer,Dhaka,KOTRA_SNS_2025,화장품/뷰티
340130,IN,Tasmee,,,,Importer,Pune,KOTRA_SNS_2025,화장품/뷰티
330499,IN,Ruva wwllness,,,,Importer,Baroda,KOTRA_SNS_2025,화장품/뷰티
330499,IN,Gaurav Associates,,,,Importer,Zirakpur,KOTRA_SNS_2025,화장품/뷰티
340130,LK,Dr.B Cosmetic Skin Clinic,,,,Importer,Malabe,KOTRA_SNS_2025,화장품/뷰티
340130,BD,My Own Business,,,,Importer,Sylhet,KOTRA_SNS_2025,화장품/뷰티
340130,BD,ROBINSON'S (BD) LIMITED.,,,,Importer,Dhaka,KOTRA_SNS_2025,화장품/뷰티
340130,IN,Clinic,,,,Importer,Chennai,KOTRA_SNS_2025,화장품/뷰티
330590,BD,TSP. International,,,,Importer,Dhaka,KOTRA_SNS_2025,화장품/뷰티
340130,BD,Galaxy,,,,Importer,Dhaka,KOTRA_SNS_2025,화장품/뷰티
340130,PK,Komaro leather industry,,,,Importer,Sialkot,KOTRA_SNS_2025,화장품/뷰티
340130,IN,Radhe skin clinic,,,,Importer,Surat,KOTRA_SNS_2025,화장품/뷰티
330499,PK,Facebook,,,,Importer,Hyderabad,KOTRA_SNS_2025,화장품/뷰티
340130,PK,Blooms skin,,,,Importer,Lahore,KOTRA_SNS_2025,화장품/뷰티
340130,BD,M.S,,,,Importer,Dhaka,KOTRA_SNS_2025,화장품/뷰티
340130,JP,FarmVille,,,,Importer,Yokohama,KOTRA_SNS_2025,화장품/뷰티
340130,JP,鍼灸サロンlebentokyo,,,,Importer,Tokyo,KOTRA_SNS_2025,화장품/뷰티
340130,JP,Beauty Salon CARNA,,,,Importer,Osaka,KOTRA_SNS_2025,화장품/뷰티
330499,JP,Mow,,,,Importer,Toshima,KOTRA_SNS_2025,화장품/뷰티
340130,MA,Casablanca,,,,Importer,Casablanca,KOTRA_SNS_2025,화장품/뷰티
330499,AE,Empire du regard,,,,Importer,Casablanca,KOTRA_SNS_2025,화장품/뷰티
330590,QA,Reflect trading,,,,Importer,Doha,KOTRA_SNS_2025,화장품/뷰티
340130,AE,TheW company,,,,Importer,dubai,KOTRA_SNS_2025,화장품/뷰티
330499,DZ,Sstm,,,,Importer,Hamla,KOTRA_SNS_2025,화장품/뷰티
330499,TR,Ten Medical ltd,,,,Importer,Istanbul,KOTRA_SNS_2025,화장품/뷰티
340130,AE,ICANLO,,,,Importer,DUBAI,KOTRA_SNS_2025,화장품/뷰티
340130,AE,Clarion MEDICAL CENTer,,,,Importer,Aboudhabi,KOTRA_SNS_2025,화장품/뷰티
340130,DZ,RM BEAUTY,,,,Importer,Algiers,KOTRA_SNS_2025,화장품/뷰티
330499,TR,Ozkur,,,,Importer,stanbul,KOTRA_SNS_2025,화장품/뷰티
330590,LY,M.A.C Cosmetics,,,,Importer,Benghazi,KOTRA_SNS_2025,화장품/뷰티
340130,NP,Essentials by Nagina,,,,Importer,Dubai / Kathmandu,KOTRA_SNS_2025,화장품/뷰티
330499,DZ,El Biar,,,,Importer,Alger,KOTRA_SNS_2025,화장품/뷰티
340130,MA,ADWEL Medical,,,,Importer,Rabat,KOTRA_SNS_2025,화장품/뷰티
330499,JO,Zahi,,,,Importer,Amman,KOTRA_SNS_2025,화장품/뷰티
340130,JO,Pharmacist,,,,Importer,Amman,KOTRA_SNS_2025,화장품/뷰티
330499,MA,Markting,,,,Importer,Casablanca,KOTRA_SNS_2025,화장품/뷰티
340130,US,H2O pharma and medical supplies,,,,Importer,kuwait,KOTRA_SNS_2025,화장품/뷰티
330499,MA,Matep,,,,Importer,NOUASSER,KOTRA_SNS_2025,화장품/뷰티
330499,TR,Mas Swiss Color,,,,Importer,Istanbul,KOTRA_SNS_2025,화장품/뷰티
340130,FR,A Mon prope Compte,,,,Importer,Agadir,KOTRA_SNS_2025,화장품/뷰티
330499,SA,Future Care Company ltd.,,,,Importer,Riyadh,KOTRA_SNS_2025,화장품/뷰티
340130,SA,Hayat shop,,,,Importer,Najran,KOTRA_SNS_2025,화장품/뷰티
340130,TR,Filiz duman,,,,Importer,Alanya,KOTRA_SNS_2025,화장품/뷰티
340130,OM,Oman Air,,,,Importer,Muscat,KOTRA_SNS_2025,화장품/뷰티
330590,TR,tr,,,,Importer,ısparta,KOTRA_SNS_2025,화장품/뷰티
330499,US,Tata s’aida,,,,Importer,Miami,KOTRA_SNS_2025,화장품/뷰티
340130,MA,Pas encore pret,,,,Importer,Casablanca,KOTRA_SNS_2025,화장품/뷰티
340130,US,Canayaz i ve dı tic ltd ti,,,,Importer,Zonguldak,KOTRA_SNS_2025,화장품/뷰티
340130,IN,Shah ji cosmo venture pvt ltd,,,,Importer,Kanpur,KOTRA_SNS_2025,화장품/뷰티
340130,IN,wizard nutimates,,,,Importer,Jaipur,KOTRA_SNS_2025,화장품/뷰티
340130,IN,RAC,,,,Importer,Pune,KOTRA_SNS_2025,화장품/뷰티
330499,AW,Airtel,,,,Importer,Ludhiyana,KOTRA_SNS_2025,화장품/뷰티
330499,BD,Miss India Beauty Angel,,,,Importer,Nilphamari,KOTRA_SNS_2025,화장품/뷰티
340130,IN,Malhotra Dental Clinic,,,,Importer,Delhi,KOTRA_SNS_2025,화장품/뷰티
340130,IN,Novartis,,,,Importer,Ahmedabad,KOTRA_SNS_2025,화장품/뷰티
340130,KH,Phnom Penh Gendarmerie,,,,Importer,Phnom Penh,KOTRA_SNS_2025,화장품/뷰티
340130,PH,liza,,,,Importer,baguio,KOTRA_SNS_2025,화장품/뷰티
340130,KH,Student,,,,Importer,Phnom Penh,KOTRA_SNS_2025,화장품/뷰티
340130,PH,Yvette Farmacia,,,,Importer,Batangas City,KOTRA_SNS_2025,화장품/뷰티
340130,US,University of Health Sciences Lahore,,,,Importer,Phnom Tbeng Meanchey,KOTRA_SNS_2025,화장품/뷰티
330590,US,Ksldkgg,,,,Importer,Phnom Penh,KOTRA_SNS_2025,화장품/뷰티
340130,IN,bhupendra singh Enterprises,,,,Importer,Raebareli,KOTRA_SNS_2025,화장품/뷰티
340130,IN,Beccos India,,,,Importer,Pune,KOTRA_SNS_2025,화장품/뷰티
330590,IN,MLM,,,,Importer,Azamgarh,KOTRA_SNS_2025,화장품/뷰티
330499,IN,Glamupwithzara,,,,Importer,Hyderabad,KOTRA_SNS_2025,화장품/뷰티
340130,PK,Faiza Salman Studio,,,,Importer,Karachi,KOTRA_SNS_2025,화장품/뷰티
330499,PK,Bellagio by Sadaf,,,,Importer,Karachi pakistan,KOTRA_SNS_2025,화장품/뷰티
330590,PK,NK Saloon by nariman khawar,,,,Importer,Karachi,KOTRA_SNS_2025,화장품/뷰티
340130,IN,Business,,,,Importer,Delhi,KOTRA_SNS_2025,화장품/뷰티
340130,PK,Grey Stone Home Appliances,,,,Importer,Lahore,KOTRA_SNS_2025,화장품/뷰티
340130,PK,MUGHAL ENTERPRISES PAKISTAN,,,,Importer,Karachi,KOTRA_SNS_2025,화장품/뷰티
340130,BD,Bella Bd,,,,Importer,Dhaka,KOTRA_SNS_2025,화장품/뷰티
340130,IN,Pocket inc,,,,Importer,Delhi,KOTRA_SNS_2025,화장품/뷰티
340130,IN,My Own Business Institute,,,,Importer,Muthupet,KOTRA_SNS_2025,화장품/뷰티
330499,PK,HA ENTERPRISES,,,,Importer,Lahore,KOTRA_SNS_2025,화장품/뷰티
330499,UA,fdfdf,,,,Importer,"Kyiv, Ukraine",KOTRA_SNS_2025,화장품/뷰티
330499,UA,Журналистика,,,,Importer,Dnipro,KOTRA_SNS_2025,화장품/뷰티
330499,UA,Дипломатия,,,,Importer,Kyiv,KOTRA_SNS_2025,화장품/뷰티
330499,UA,АрселорМиттал Кривой Рог,,,,Importer,Kryvyi Rih,KOTRA_SNS_2025,화장품/뷰티
330499,CZ,Tos Kuim a.s.,,,,Importer,vojkovice,KOTRA_SNS_2025,화장품/뷰티
330499,DE,Ksf,,,,Importer,Hamburg,KOTRA_SNS_2025,화장품/뷰티
330499,AR,poler,,,,Importer,Rafaela,KOTRA_SNS_2025,화장품/뷰티
330610,IN,Business,,,,Importer,Delhi,KOTRA_SNS_2025,화장품/뷰티
330610,IN,FGC,,,,Importer,Thrissur,KOTRA_SNS_2025,화장품/뷰티
330499,IN,Sanjeevni Enterprises,,,,Importer,Delhi,KOTRA_SNS_2025,화장품/뷰티
330499,IN,COSSOUQ.COM,,,,Importer,Ahmedabad,KOTRA_SNS_2025,화장품/뷰티
330499,IN,9528739600,,,,Importer,Saharanpur,KOTRA_SNS_2025,화장품/뷰티
330499,IN,Zenith world,,,,Importer,Mumbai,KOTRA_SNS_2025,화장품/뷰티
330499,IN,secuvision networks,,,,Importer,Chennai,KOTRA_SNS_2025,화장품/뷰티
330499,NG,IBuild,,,,Importer,Yola Kohu,KOTRA_SNS_2025,화장품/뷰티
330499,NG,Nwokeabia Emmanuel properties,,,,Importer,Abuja,KOTRA_SNS_2025,화장품/뷰티
330300,US,"Benue Chamber of Commerce, Industry, Mines and Agriculture",,,,Importer,makurdi,KOTRA_SNS_2025,화장품/뷰티
330499,GB,Sky Packing Material Trd: LLC,,,,Importer,Luton,KOTRA_SNS_2025,화장품/뷰티
330499,AE,DOE,,,,Importer,Abu Dhabi,KOTRA_SNS_2025,화장품/뷰티
330499,PH,ze,,,,Importer,Quezon City,KOTRA_SNS_2025,화장품/뷰티
330499,PH,"I Dont Work, Im A Queen",,,,Importer,Brgy lanot roxas city,KOTRA_SNS_2025,화장품/뷰티
330499,AE,Musif ECOTECH inc,,,,Importer,abu duabi,KOTRA_SNS_2025,화장품/뷰티
330499,AR,faes,,,,Importer,pergamino,KOTRA_SNS_2025,화장품/뷰티
330499,AR,afr,,,,Importer,caba,KOTRA_SNS_2025,화장품/뷰티
330499,AR,broco,,,,Importer,cba,KOTRA_SNS_2025,화장품/뷰티
330499,BR,5191720091,,,,Importer,So Leopoldon,KOTRA_SNS_2025,화장품/뷰티
330499,AR,ermfo,,,,Importer,almada,KOTRA_SNS_2025,화장품/뷰티
330499,VN,Vu&Co,,,,Importer,hanoi,KOTRA_SNS_2025,화장품/뷰티
330499,VN,TTCA,,,,Importer,Ho Chi Minh City,KOTRA_SNS_2025,화장품/뷰티
330499,VN,PEW,,,,Importer,Hochiminh,KOTRA_SNS_2025,화장품/뷰티
330790,KH,polin,,,,Importer,Svay Rieng,KOTRA_SNS_2025,화장품/뷰티
330300,PH,none,,,,Importer,Lipa,KOTRA_SNS_2025,화장품/뷰티
330499,PH,Housewife,,,,Importer,bocaue,KOTRA_SNS_2025,화장품/뷰티
330499,PH,Good Finds ex,,,,Importer,Lubao,KOTRA_SNS_2025,화장품/뷰티
330300,US,nunu,,,,Importer,dagupan,KOTRA_SNS_2025,화장품/뷰티
330499,ID,Pt pvrebeauty indonesia,,,,Importer,Jakarta,KOTRA_SNS_2025,화장품/뷰티
330499,KW,gion,,,,Importer,kuwait,KOTRA_SNS_2025,화장품/뷰티
330300,PH,My Own Business Institute,,,,Importer,Manila,KOTRA_SNS_2025,화장품/뷰티
330300,US,League of Legends,,,,Importer,general trias,KOTRA_SNS_2025,화장품/뷰티
330499,PH,Authorized Reseller of Sugar Dolls,,,,Importer,Pagudpud,KOTRA_SNS_2025,화장품/뷰티
330510,PH,no,,,,Importer,Cebo,KOTRA_SNS_2025,화장품/뷰티
330499,ID,Rs.mitra kemayoran,,,,Importer,Jakarta utara,KOTRA_SNS_2025,화장품/뷰티
330499,US,re,,,,Importer,Union City,KOTRA_SNS_2025,화장품/뷰티
330499,US,Fiverr,,,,Importer,Muntinlupa City,KOTRA_SNS_2025,화장품/뷰티
330499,US,Cccbbv,,,,Importer,New York,KOTRA_SNS_2025,화장품/뷰티
330300,US,rr furniture,,,,Importer,tuguegarao,KOTRA_SNS_2025,화장품/뷰티
330499,PH,Asiaprime Philippines Corporation,,,,Importer,Paraaque,KOTRA_SNS_2025,화장품/뷰티
330499,US,gggh,,,,Importer,Essen,KOTRA_SNS_2025,화장품/뷰티
330499,MN,DBCon LLC,,,,Importer,Ulan Bator,KOTRA_SNS_2025,화장품/뷰티
330499,KZ,Semron,,,,Importer,Almaty,KOTRA_SNS_2025,화장품/뷰티
330499,AZ,Agent International Co. LLC,,,,Importer,Baku,KOTRA_SNS_2025,화장품/뷰티
330499,MM,I & R Company Limited,,,,Importer,Yangon,KOTRA_SNS_2025,화장품/뷰티
330499,PH,Dermisceuticals,,,,Importer,Calamba,KOTRA_SNS_2025,화장품/뷰티
330749,DZ,University Puthisastra,,,,Importer,Phumi Pongro,KOTRA_SNS_2025,화장품/뷰티
330499,ID,personal,,,,Importer,Jakarta,KOTRA_SNS_2025,화장품/뷰티
330499,ID,Sentosa Salon Supplier,,,,Importer,Jakarta,KOTRA_SNS_2025,화장품/뷰티
330499,PH,Aerodirect Enterprise Corp,,,,Importer,Paraaque,KOTRA_SNS_2025,화장품/뷰티
330499,PH,Brucene Wellness and Aesthetic Center,,,,Importer,Paraaque,KOTRA_SNS_2025,화장품/뷰티
330499,US,Global Imports and Exports,,,,Importer,Seattle,KOTRA_SNS_2025,화장품/뷰티
330499,US,Holistic Wellness  Center,,,,Importer,Charlotte,KOTRA_SNS_2025,화장품/뷰티
330499,US,Salon David,,,,Importer,Aurora,KOTRA_SNS_2025,화장품/뷰티
330749,CA,Vinsent Crop Science Chemical Pvt Ltd,,,,Importer,Mansa,KOTRA_SNS_2025,화장품/뷰티
330499,CA,General trading inc,,,,Importer,London,KOTRA_SNS_2025,화장품/뷰티
330749,CA,C.P Real Estate Investments,,,,Importer,Montreal,KOTRA_SNS_2025,화장품/뷰티
330499,LK,AWAD HOLDINGS (PVT)LTD,,,,Importer,Colombo,KOTRA_SNS_2025,화장품/뷰티
330499,IN,rena,,,,Importer,Kolkata,KOTRA_SNS_2025,화장품/뷰티
330499,IN,Fresh thoughts,,,,Importer,Pondicherry,KOTRA_SNS_2025,화장품/뷰티
330499,IN,exqglitz,,,,Importer,Chennai,KOTRA_SNS_2025,화장품/뷰티
330499,BD,Alifa International BD,,,,Importer,Chittagong,KOTRA_SNS_2025,화장품/뷰티
330499,PK,Daska Sialkot,,,,Importer,Daska,KOTRA_SNS_2025,화장품/뷰티
330749,IN,The Ajanta picture house,,,,Importer,Varanasi,KOTRA_SNS_2025,화장품/뷰티
330499,IN,MSN international,,,,Importer,chennai,KOTRA_SNS_2025,화장품/뷰티
330499,PK,PrintGuru,,,,Importer,Faisalabad,KOTRA_SNS_2025,화장품/뷰티
330749,US,Diska Nulife,,,,Importer,Delhi,KOTRA_SNS_2025,화장품/뷰티
330499,PK,Shahzaib Traders,,,,Importer,Lahore,KOTRA_SNS_2025,화장품/뷰티
330749,IN,Polyonindustry,,,,Importer,Thrissur,KOTRA_SNS_2025,화장품/뷰티
330499,PK,ginternational,,,,Importer,Karachi,KOTRA_SNS_2025,화장품/뷰티
330749,PK,Hawk Trade Links,,,,Importer,lahore,KOTRA_SNS_2025,화장품/뷰티
330499,PK,Zainab trader,,,,Importer,Hyderabad,KOTRA_SNS_2025,화장품/뷰티
330499,PK,unibrothers,,,,Importer,Islamabad,KOTRA_SNS_2025,화장품/뷰티
330499,PK,Alkamal international,,,,Importer,Sialkot,KOTRA_SNS_2025,화장품/뷰티
330499,NG,Body Radiance,,,,Importer,Lagos,KOTRA_SNS_2025,화장품/뷰티
330749,NG,Luchi confectionaries,,,,Importer,Mararaba,KOTRA_SNS_2025,화장품/뷰티
330499,GH,farming importexport,,,,Importer,Accra,KOTRA_SNS_2025,화장품/뷰티
330499,NG,Esthetics,,,,Importer,nigeria,KOTRA_SNS_2025,화장품/뷰티
330499,ZA,Onfluential Digital (pty) ltd,,,,Importer,Johannesburg,KOTRA_SNS_2025,화장품/뷰티
330499,ZA,Fairy Flare Beauty,,,,Importer,Durban,KOTRA_SNS_2025,화장품/뷰티
330749,NG,BulberrysContractors,,,,Importer,Ibadan,KOTRA_SNS_2025,화장품/뷰티
330499,ZA,Girltogirl talk,,,,Importer,Oakden Hills,KOTRA_SNS_2025,화장품/뷰티
330499,US,Gospel Artist,,,,Importer,California,KOTRA_SNS_2025,화장품/뷰티
330749,GH,E Y A TRAVEL and TOUR,,,,Importer,Accra,KOTRA_SNS_2025,화장품/뷰티
330749,NG,Finished furnish concept,,,,Importer,Lagos,KOTRA_SNS_2025,화장품/뷰티
330499,ET,company owner,,,,Importer,Addis Ababa,KOTRA_SNS_2025,화장품/뷰티
330499,GB,IMVA GROUP LTD,,,,Importer,Warritong,KOTRA_SNS_2025,화장품/뷰티
330499,PL,Arteksinvest,,,,Importer,Warsa,KOTRA_SNS_2025,화장품/뷰티
330499,GB,Jk Taylor Ltd,,,,Importer,Olney,KOTRA_SNS_2025,화장품/뷰티
330499,US,Care Free Skin,,,,Importer,Capelle aan den ijssel,KOTRA_SNS_2025,화장품/뷰티
330499,FR,Angela Abankwa,,,,Importer,Annemasse,KOTRA_SNS_2025,화장품/뷰티
330499,CG,Bn cosmetic,,,,Importer,Paris,KOTRA_SNS_2025,화장품/뷰티
330499,FR,badenwiller,,,,Importer,Badenweiler,KOTRA_SNS_2025,화장품/뷰티
330499,JP,blessjpn.com,,,,Importer,Ome,KOTRA_SNS_2025,화장품/뷰티
330749,PA,Stone industries,,,,Importer,Panama,KOTRA_SNS_2025,화장품/뷰티
330749,EC,Million,,,,Importer,Guayaquil,KOTRA_SNS_2025,화장품/뷰티
330749,AR,pokerface,,,,Importer,Paran,KOTRA_SNS_2025,화장품/뷰티
330499,MX,Njoy,,,,Importer,Atizapn de Zaragoza,KOTRA_SNS_2025,화장품/뷰티
330749,AR,ingerlo,,,,Importer,Paran,KOTRA_SNS_2025,화장품/뷰티
330499,ZA,Buy beauty bulk,,,,Importer,Pretoria,KOTRA_SNS_2025,화장품/뷰티
330499,NG,vamdiok ventures ltd,,,,Importer,Lagos,KOTRA_SNS_2025,화장품/뷰티
330499,NG,Bunhjs grooving gourmet,,,,Importer,Abuja,KOTRA_SNS_2025,화장품/뷰티
330499,NG,Tijara global,,,,Importer,"Kano state , Nigeria",KOTRA_SNS_2025,화장품/뷰티
330499,NG,Skye aesthetics,,,,Importer,Lagos,KOTRA_SNS_2025,화장품/뷰티
330499,CI,Empress chy,,,,Importer,Lagos,KOTRA_SNS_2025,화장품/뷰티
330499,CL,Khosmos Trading SPA,,,,Importer,Calama,KOTRA_SNS_2025,화장품/뷰티
330499,PE,IDDM,,,,Importer,Lima,KOTRA_SNS_2025,화장품/뷰티
330749,DZ,Elriadh  Meuble,,,,Importer,kolea,KOTRA_SNS_2025,화장품/뷰티
330749,AE,Mamun chowdhury project management co.,,,,Importer,Dubai,KOTRA_SNS_2025,화장품/뷰티
330499,SA,gabas co,,,,Importer,Mecca,KOTRA_SNS_2025,화장품/뷰티
330749,IQ,Braiati,,,,Importer,Irbil,KOTRA_SNS_2025,화장품/뷰티
330499,MA,Devoteam,,,,Importer,Rabat,KOTRA_SNS_2025,화장품/뷰티
330499,US,DBC Health Co.,,,,Importer,Istanbul,KOTRA_SNS_2025,화장품/뷰티
330499,TR,Enndia Cosmetics,,,,Importer,stanbul,KOTRA_SNS_2025,화장품/뷰티
330499,DZ,Eurl nergie auto import export,,,,Importer,Oum el Bouaghi,KOTRA_SNS_2025,화장품/뷰티
330499,FR,Lookslike Agency,,,,Importer,Casablanca,KOTRA_SNS_2025,화장품/뷰티
330499,OM,Amita and partners international llc,,,,Importer,Muscat,KOTRA_SNS_2025,화장품/뷰티
330749,DZ,SARL Dand D avenue,,,,Importer,Alger,KOTRA_SNS_2025,화장품/뷰티
330499,DZ,RM BEAUTY,,,,Importer,Algiers,KOTRA_SNS_2025,화장품/뷰티
330499,AE,Elite,,,,Importer,Dubai,KOTRA_SNS_2025,화장품/뷰티
330499,MA,Beauty TECH,,,,Importer,Casablanca,KOTRA_SNS_2025,화장품/뷰티
330499,MA,Labo City Agdal,,,,Importer,Rabat,KOTRA_SNS_2025,화장품/뷰티
330749,OM,BRILLIANT HOMES,,,,Importer,Muscat,KOTRA_SNS_2025,화장품/뷰티
330499,AE,RT Consultancy Group FZE LLC,,,,Importer,dubai,KOTRA_SNS_2025,화장품/뷰티
340130,AE,Meraki Digital,,,,Importer,Abu Dhabi,KOTRA_SNS_2025,화장품/뷰티
340130,AE,RED TAG,,,,Importer,Dubai,KOTRA_SNS_2025,화장품/뷰티
340130,AE,Majid Al Futtaim,,,,Importer,Dubai,KOTRA_SNS_2025,화장품/뷰티
340130,AE,Amazon Web Services (AWS),,,,Importer,Dubai,KOTRA_SNS_2025,화장품/뷰티
330590,AE,Itek Automation FZE,,,,Importer,Dubai,KOTRA_SNS_2025,화장품/뷰티
330590,AE,Visit Abu Dhabi,,,,Importer,Dubai,KOTRA_SNS_2025,화장품/뷰티
330499,AE,Home,,,,Importer,Abu Dhabi,KOTRA_SNS_2025,화장품/뷰티
330499,US,Jbguu iinb.,,,,Importer,New York,KOTRA_SNS_2025,화장품/뷰티
330499,US,Kckfkf,,,,Importer,Cam Ranh,KOTRA_SNS_2025,화장품/뷰티
330499,ID,Kantor Notaris/PPAT,,,,Importer,Surabaya,KOTRA_SNS_2025,화장품/뷰티
330300,ID,G,,,,Importer,Bogor,KOTRA_SNS_2025,화장품/뷰티
330499,KH,lvl,,,,Importer,Kampong Cham,KOTRA_SNS_2025,화장품/뷰티
330510,US,jti,,,,Importer,Misamis Oriental,KOTRA_SNS_2025,화장품/뷰티
330300,PH,RB HORTALEZA VACIADOR & BEAUTY SUPPLY,,,,Importer,San Juan,KOTRA_SNS_2025,화장품/뷰티
330499,US,Phnom Penh,,,,Importer,Kampong Cham,KOTRA_SNS_2025,화장품/뷰티
330499,ID,ye,,,,Importer,Bogor,KOTRA_SNS_2025,화장품/뷰티
330499,US,Arbus Go,,,,Importer,Arizona,KOTRA_SNS_2025,화장품/뷰티
330499,US,Mxkdk jfkf,,,,Importer,Phnom Penh,KOTRA_SNS_2025,화장품/뷰티
330499,US,gkkggk,,,,Importer,Pursat,KOTRA_SNS_2025,화장품/뷰티
330499,US,Dshsj,,,,Importer,Mbabane,KOTRA_SNS_2025,화장품/뷰티
330499,US,Institute of Technology of Cambodia,,,,Importer,Pochentong,KOTRA_SNS_2025,화장품/뷰티
330499,US,Jchihoogfi hih,,,,Importer,Svay Rieng,KOTRA_SNS_2025,화장품/뷰티
330499,US,Dddh,,,,Importer,Kampala,KOTRA_SNS_2025,화장품/뷰티
330300,HK,evoke Consulting Limited,,,,Importer,Hong Kong,KOTRA_SNS_2025,화장품/뷰티
330499,HK,Hazelnut,,,,Importer,HK,KOTRA_SNS_2025,화장품/뷰티
330499,HK,Hea summer company,,,,Importer,Wanchai,KOTRA_SNS_2025,화장품/뷰티
330499,CN,MV,,,,Importer,Manchester,KOTRA_SNS_2025,화장품/뷰티
330499,HK,kybeautyhk,,,,Importer,Hong Kong,KOTRA_SNS_2025,화장품/뷰티
330499,HK,KJ GEOSANG (HK) LTD,,,,Importer,Hong Kong,KOTRA_SNS_2025,화장품/뷰티
330499,GB,Bbjbvv jijn,,,,Importer,Phnom Penh,KOTRA_SNS_2025,화장품/뷰티
330499,ID,wubskinbeauty,,,,Importer,Denpasar,KOTRA_SNS_2025,화장품/뷰티
330300,KH,JV Beauty Center,,,,Importer,Phnom Penh,KOTRA_SNS_2025,화장품/뷰티
330499,US,University Of Cambodia,,,,Importer,Amleang,KOTRA_SNS_2025,화장품/뷰티
330499,US,Bcnnxv,,,,Importer,Bangkok,KOTRA_SNS_2025,화장품/뷰티
330510,US,Buffington,,,,Importer,South Carolina,KOTRA_SNS_2025,화장품/뷰티
330499,US,Fbb,,,,Importer,Phnom Penh,KOTRA_SNS_2025,화장품/뷰티
330499,US,Stffjfr,,,,Importer,Dhaka,KOTRA_SNS_2025,화장품/뷰티
330510,AO,"National Institute of Technical Teacher Training and Research, Chennai",,,,Importer,Cam Ranh,KOTRA_SNS_2025,화장품/뷰티
330300,PH,Silk and Stone,,,,Importer,Taguig,KOTRA_SNS_2025,화장품/뷰티
330300,PH,아시아나항공,,,,Importer,Taguig,KOTRA_SNS_2025,화장품/뷰티
330499,US,Vcxv,,,,Importer,New York,KOTRA_SNS_2025,화장품/뷰티
330499,US,SERVICO,,,,Importer,Apalit,KOTRA_SNS_2025,화장품/뷰티
330499,KH,.,,,,Importer,Khum Chbar Ampou,KOTRA_SNS_2025,화장품/뷰티
330499,KH,Cheap price online,,,,Importer,Phnom Penh,KOTRA_SNS_2025,화장품/뷰티
330499,US,University of Health Sciences Lahore,,,,Importer,Phnom Tbeng Meanchey,KOTRA_SNS_2025,화장품/뷰티
330499,US,Ksldkgg,,,,Importer,Phnom Penh,KOTRA_SNS_2025,화장품/뷰티
330510,US,Cbfbfjtjnh,,,,Importer,Koh Rong,KOTRA_SNS_2025,화장품/뷰티
330510,KH,CCE,,,,Importer,Khum Chbar Ampou,KOTRA_SNS_2025,화장품/뷰티
330499,HK,Moonwell has limited,,,,Importer,Hong Kong,KOTRA_SNS_2025,화장품/뷰티
330499,HK,MAST Consulting,,,,Importer,Hong Kong,KOTRA_SNS_2025,화장품/뷰티
330499,HK,MV Global Sourcing Ltd,,,,Importer,Hong Kong,KOTRA_SNS_2025,화장품/뷰티
330499,JP,株式社iHack,,,,Importer,Meguro,KOTRA_SNS_2025,화장품/뷰티
330499,JP,金谷,,,,Importer,Osaka,KOTRA_SNS_2025,화장품/뷰티
330510,PH,Cosmetology of Cebu,,,,Importer,Cebu City,KOTRA_SNS_2025,화장품/뷰티
330499,PH,paglala,,,,Importer,davao,KOTRA_SNS_2025,화장품/뷰티
330510,PH,Pa tambay sa puso mo ツ,,,,Importer,ormoc,KOTRA_SNS_2025,화장품/뷰티
330499,KH,Royal,,,,Importer,Phnom Penh,KOTRA_SNS_2025,화장품/뷰티
330510,KH,No,,,,Importer,Phnom Penh,KOTRA_SNS_2025,화장품/뷰티
330510,KH,No,,,,Importer,Phum Prek Thmey,KOTRA_SNS_2025,화장품/뷰티
330510,KH,Chip Mong Commercial Bank Plc.,,,,Importer,Kompong As,KOTRA_SNS_2025,화장품/뷰티
330510,PH,any,,,,Importer,Baguio,KOTRA_SNS_2025,화장품/뷰티
330499,KH,Facebook,,,,Importer,battambong,KOTRA_SNS_2025,화장품/뷰티
330499,AG,Facebook sale,,,,Importer,Bangkok,KOTRA_SNS_2025,화장품/뷰티
330300,PH,Lovemyskin beauty clinic,,,,Importer,Malolos,KOTRA_SNS_2025,화장품/뷰티
330510,Uzbekistan,Premium Trade Group,,,,Importer,Tashkent,KOTRA_SNS_2025,화장품/뷰티
330510,Jordan,Sama Alyasmeen Drugstore,,,,Importer,Amman,KOTRA_SNS_2025,화장품/뷰티
330510,Indonesia,DBS Bank,,,,Importer,Pancoran Mas,KOTRA_SNS_2025,화장품/뷰티
330510,Colombia,PYT Colombia,,,,Importer,Medelln,KOTRA_SNS_2025,화장품/뷰티
330510,Pakistan,Abacus,,,,Importer,Lahore,KOTRA_SNS_2025,화장품/뷰티
330510,UZ,Becko,,,,Importer,Tashkent,KOTRA_SNS_2025,화장품/뷰티
330510,MN,Илдэнгн Хошуу ХХК,,,,Importer,Ulaanbaatar,KOTRA_SNS_2025,화장품/뷰티
330510,KZ,Emar_beautyhub,,,,Importer,Astana,KOTRA_SNS_2025,화장품/뷰티
330510,KZ,SEORA,,,,Importer,Astana,KOTRA_SNS_2025,화장품/뷰티
330510,MN,Meta,,,,Importer,Ulaanbaatar,KOTRA_SNS_2025,화장품/뷰티
330510,MN,Khugjil Trade LLC,,,,Importer,Ulaanbaatar,KOTRA_SNS_2025,화장품/뷰티
330510,KZ,Arukstore,,,,Importer,Almaty,KOTRA_SNS_2025,화장품/뷰티
330510,KZ,Ivan heating,,,,Importer,Shymkent,KOTRA_SNS_2025,화장품/뷰티
330510,MN,Монгол Улсын Засгийн газар,,,,Importer,Ulaanbaatar,KOTRA_SNS_2025,화장품/뷰티
330510,KZ,RANA,,,,Importer,Astana,KOTRA_SNS_2025,화장품/뷰티
330510,KZ,Ип Тусупбекова,,,,Importer,Алматы,KOTRA_SNS_2025,화장품/뷰티
330510,MN,soyolj,,,,Importer,Ulaanbaatar,KOTRA_SNS_2025,화장품/뷰티
330510,UZ,Besco LTD,,,,Importer,Tashkend,KOTRA_SNS_2025,화장품/뷰티
330510,UZ,Becko,,,,Importer,Tashkent,KOTRA_SNS_2025,화장품/뷰티
330510,PH,Asian Institute of Management/ Cornell University,,,,Importer,Makati,KOTRA_SNS_2025,화장품/뷰티
330510,PH,Concentrix,,,,Importer,Rizal,KOTRA_SNS_2025,화장품/뷰티
330510,US,.,,,,Importer,Kuching,KOTRA_SNS_2025,화장품/뷰티
330510,ID,PT. Sintesa Duta Sejahtera,,,,Importer,Jakarta,KOTRA_SNS_2025,화장품/뷰티
330510,ID,Alashi Wealth,,,,Importer,Jakarta,KOTRA_SNS_2025,화장품/뷰티
330510,PH,DD Solomon Group Ventures,,,,Importer,paranaque,KOTRA_SNS_2025,화장품/뷰티
330510,PH,Juno Prestige,,,,Importer,Quezon City,KOTRA_SNS_2025,화장품/뷰티
330510,PH,Bestrade KR Inc,,,,Importer,Santa Rosa,KOTRA_SNS_2025,화장품/뷰티
330510,ID,PT.keindahan sejahtera hutama,,,,Importer,Jakarta,KOTRA_SNS_2025,화장품/뷰티
330510,AU,Fresh face people,,,,Importer,Brisbane,KOTRA_SNS_2025,화장품/뷰티
330510,PH,Universal Skin Cosmeceuticals Ltd. Co.,,,,Importer,Bacoor,KOTRA_SNS_2025,화장품/뷰티
330510,MY,Globbykiz,,,,Importer,Serdang,KOTRA_SNS_2025,화장품/뷰티
330510,ID,Infinity_kmall,,,,Importer,medan,KOTRA_SNS_2025,화장품/뷰티
330510,MM,dermapro,,,,Importer,Yangon,KOTRA_SNS_2025,화장품/뷰티
330510,MY,BX Shaftsbury Sdn Bhd,,,,Importer,Klang,KOTRA_SNS_2025,화장품/뷰티
330510,PH,J.C.Ona Luxury Items,,,,Importer,Bulakan,KOTRA_SNS_2025,화장품/뷰티
330510,PH,Skinline Beauty and Wellness Spa,,,,Importer,Guiguinto,KOTRA_SNS_2025,화장품/뷰티
330510,PH,Na,,,,Importer,Caloocan,KOTRA_SNS_2025,화장품/뷰티
330510,PH,Sparkle and Glow Beauty Innovations Corp.,,,,Importer,Makati,KOTRA_SNS_2025,화장품/뷰티
330510,US,brl travel n tours,,,,Importer,cavite,KOTRA_SNS_2025,화장품/뷰티
330510,ID,ELKAP,,,,Importer,Sidoarjo,KOTRA_SNS_2025,화장품/뷰티
330510,PH,VB Prime Group,,,,Importer,Taguig,KOTRA_SNS_2025,화장품/뷰티
330510,IN,Dramira,,,,Importer,Hyderabad,KOTRA_SNS_2025,화장품/뷰티
330510,PH,Universal Skin Cosmeceuticals Ltd. Co.,,,,Importer,Bacoor,KOTRA_SNS_2025,화장품/뷰티
330510,US,La Petite Beauty Salon,,,,Importer,Los Angeles,KOTRA_SNS_2025,화장품/뷰티
330510,CA,Essence,,,,Importer,Toronto,KOTRA_SNS_2025,화장품/뷰티
330510,CA,Mikono Beauty,,,,Importer,Toronto,KOTRA_SNS_2025,화장품/뷰티
330510,US,La new Yorker beauty,,,,Importer,New York,KOTRA_SNS_2025,화장품/뷰티
330510,CA,EEW,,,,Importer,Hamilton,KOTRA_SNS_2025,화장품/뷰티
330510,CA,Klere Skin,,,,Importer,Montreal canada,KOTRA_SNS_2025,화장품/뷰티
330510,US,,,,,Importer,Astoria,KOTRA_SNS_2025,화장품/뷰티
330510,US,Ideas,,,,Importer,White Rock,KOTRA_SNS_2025,화장품/뷰티
330510,US,Honolulu MedSpa,,,,Importer,Honolulu,KOTRA_SNS_2025,화장품/뷰티
330510,CA,Sharonleesbest.com,,,,Importer,Toronto,KOTRA_SNS_2025,화장품/뷰티
330510,US,America soure code llc,,,,Importer,Houston,KOTRA_SNS_2025,화장품/뷰티
330510,CA,ParfumExquis,,,,Importer,Montreal,KOTRA_SNS_2025,화장품/뷰티
330510,CA,BellBees,,,,Importer,Toronto,KOTRA_SNS_2025,화장품/뷰티
330510,CA,Aura Med spa,,,,Importer,Toronto,KOTRA_SNS_2025,화장품/뷰티
330510,US,Tough Cookie Beauty,,,,Importer,Fort Lauderdale,KOTRA_SNS_2025,화장품/뷰티
330510,CA,Air Canada,,,,Importer,Mississauga,KOTRA_SNS_2025,화장품/뷰티
330510,CA,Western Square Ltd,,,,Importer,Calgary,KOTRA_SNS_2025,화장품/뷰티
330510,US,Honolulu MedSpa,,,,Importer,Honolulu,KOTRA_SNS_2025,화장품/뷰티
330510,IN,Destrier Innovation Private limited,,,,Importer,Faridabad,KOTRA_SNS_2025,화장품/뷰티
330510,US,SAMAD TRADERS,,,,Importer,Karachi,KOTRA_SNS_2025,화장품/뷰티
330510,IN,Self,,,,Importer,Hyderabad,KOTRA_SNS_2025,화장품/뷰티
330510,IN,snehal textiles,,,,Importer,Surat,KOTRA_SNS_2025,화장품/뷰티
330510,IN,Total Beauty,,,,Importer,Mumbai,KOTRA_SNS_2025,화장품/뷰티
330510,PK,SS enterprises,,,,Importer,Lahore,KOTRA_SNS_2025,화장품/뷰티
330510,IN,Gvmcornerstone,,,,Importer,Hyderabad,KOTRA_SNS_2025,화장품/뷰티
330510,IN,Amitus SCM LLP,,,,Importer,New Delhi,KOTRA_SNS_2025,화장품/뷰티
330510,IN,Arshiya limited,,,,Importer,Delhi,KOTRA_SNS_2025,화장품/뷰티
330510,IN,,,,,Importer,Delhi,KOTRA_SNS_2025,화장품/뷰티
330510,TH,Mark import export,,,,Importer,Bangkok,KOTRA_SNS_2025,화장품/뷰티
330510,BD,Beautysiaa,,,,Importer,Dhaka,KOTRA_SNS_2025,화장품/뷰티
330510,IN,Mufasaman,,,,Importer,Me delhi,KOTRA_SNS_2025,화장품/뷰티
330510,PK,Karachi Pakistan,,,,Importer,karchi,KOTRA_SNS_2025,화장품/뷰티
330510,BD,ASG International Trading,,,,Importer,Dhaka,KOTRA_SNS_2025,화장품/뷰티
330510,KR,South Korea,,,,Importer,Kushtia,KOTRA_SNS_2025,화장품/뷰티
330510,IN,total agri solutions,,,,Importer,Delhi,KOTRA_SNS_2025,화장품/뷰티
330510,IN,Wellcoat Tech,,,,Importer,Pune,KOTRA_SNS_2025,화장품/뷰티
330510,IN,Ssutra Consultancy,,,,Importer,faridabad,KOTRA_SNS_2025,화장품/뷰티
330510,IN,"Aurangabad, Maharashtra",,,,Importer,Pune,KOTRA_SNS_2025,화장품/뷰티
330510,IN,Street Fashion Korea,,,,Importer,Mumbai,KOTRA_SNS_2025,화장품/뷰티
330510,IN,Mahadev fiber,,,,Importer,Rajkot,KOTRA_SNS_2025,화장품/뷰티
330510,IN,Phosly pharmaceutical pvt ltd,,,,Importer,Bangalore,KOTRA_SNS_2025,화장품/뷰티
330510,IN,Global ecommer Pro llc,,,,Importer,Chennai,KOTRA_SNS_2025,화장품/뷰티
330510,IN,bmc,,,,Importer,jaipur,KOTRA_SNS_2025,화장품/뷰티
330510,IN,Efficient Plastech,,,,Importer,Mumbai,KOTRA_SNS_2025,화장품/뷰티
330510,IN,Mmahe Global,,,,Importer,Akola,KOTRA_SNS_2025,화장품/뷰티
330510,IN,Katalysst,,,,Importer,Bengaluru,KOTRA_SNS_2025,화장품/뷰티
330510,IN,Beauteousskin,,,,Importer,Mumbai,KOTRA_SNS_2025,화장품/뷰티
330510,PK,EFF AM INTERNATIONAL,,,,Importer,sialkot,KOTRA_SNS_2025,화장품/뷰티
330510,PK,Sharif Muhammad,,,,Importer,Lahore,KOTRA_SNS_2025,화장품/뷰티
330510,IN,Abhidi Solution,,,,Importer,Delhi,KOTRA_SNS_2025,화장품/뷰티
330510,KR,shahryar traders,,,,Importer,Hyderabad,KOTRA_SNS_2025,화장품/뷰티
330510,IN,Thy Sigma Private Limited,,,,Importer,Mumbai,KOTRA_SNS_2025,화장품/뷰티
330510,IN,Saanvika innovations,,,,Importer,Dehradun,KOTRA_SNS_2025,화장품/뷰티
330510,BD,HG Corporation,,,,Importer,Dhaka,KOTRA_SNS_2025,화장품/뷰티
330510,AE,MEMON INTERNATIONAL,,,,Importer,Dubai,KOTRA_SNS_2025,화장품/뷰티
330510,BD,Hoque's incorporation,,,,Importer,Dhaka,KOTRA_SNS_2025,화장품/뷰티
330510,PK,Shadighar,,,,Importer,Lahore,KOTRA_SNS_2025,화장품/뷰티
330510,BD,sonharbd.com,,,,Importer,Dhaka,KOTRA_SNS_2025,화장품/뷰티
330510,PK,Sakeens Hijab,,,,Importer,Lahore,KOTRA_SNS_2025,화장품/뷰티
330510,FR,Picaso,,,,Importer,Mumbai,KOTRA_SNS_2025,화장품/뷰티
330510,IN,OTNX AUTOMOTIVE SOLUTIONS,,,,Importer,Chennai,KOTRA_SNS_2025,화장품/뷰티
330510,IN,GLOWVO,,,,Importer,Noida,KOTRA_SNS_2025,화장품/뷰티
330510,IN,FSAS,,,,Importer,Delhi,KOTRA_SNS_2025,화장품/뷰티
330510,US,Kama India,,,,Importer,Delhi,KOTRA_SNS_2025,화장품/뷰티
330510,IN,Glowkr,,,,Importer,Bangalore,KOTRA_SNS_2025,화장품/뷰티
330510,IN,Mina beauty clinics,,,,Importer,Kakinada,KOTRA_SNS_2025,화장품/뷰티
330510,IN,COMET 20,,,,Importer,Surat,KOTRA_SNS_2025,화장품/뷰티
330510,PK,kdukaan,,,,Importer,Lahore,KOTRA_SNS_2025,화장품/뷰티
330510,US,Sage apothecary,,,,Importer,Gurgaon,KOTRA_SNS_2025,화장품/뷰티
330510,US,Hakimi Enterprises,,,,Importer,Mumbai,KOTRA_SNS_2025,화장품/뷰티
330510,IN,Gvmcornerstone,,,,Importer,Hyderabad,KOTRA_SNS_2025,화장품/뷰티
330510,IN,Mahadev fiber,,,,Importer,Rajkot,KOTRA_SNS_2025,화장품/뷰티
330510,IN,Sapna rani bhel & companies,,,,Importer,Delhi,KOTRA_SNS_2025,화장품/뷰티
330510,US,Gian Singh & Co,,,,Importer,New Delhi,KOTRA_SNS_2025,화장품/뷰티
330510,BD,Shabab Ribab Trading ltd,,,,Importer,Dhaka,KOTRA_SNS_2025,화장품/뷰티
330510,PK,B2B Marketing,,,,Importer,Lahore,KOTRA_SNS_2025,화장품/뷰티
330510,KR,shahryar traders,,,,Importer,Hyderabad,KOTRA_SNS_2025,화장품/뷰티
330510,PK,Missna Dental company,,,,Importer,Sialkot,KOTRA_SNS_2025,화장품/뷰티
330510,IN,Mmahe Global,,,,Importer,Akola,KOTRA_SNS_2025,화장품/뷰티
330510,BD,Sonhar,,,,Importer,Dhaka,KOTRA_SNS_2025,화장품/뷰티
330510,NG,Makeda's WORLD,,,,Importer,Ibadan,KOTRA_SNS_2025,화장품/뷰티
330510,ZA,Idanuh,,,,Importer,Pretoria,KOTRA_SNS_2025,화장품/뷰티
330510,NG,Skinnybrownystores,,,,Importer,Lagos,KOTRA_SNS_2025,화장품/뷰티
330510,NG,Bellissimo store by Thelma,,,,Importer,Portharcourt,KOTRA_SNS_2025,화장품/뷰티
330510,NG,Lara’s avenue,,,,Importer,Lagos,KOTRA_SNS_2025,화장품/뷰티
330510,NG,Ojeibexiegwu International,,,,Importer,"Aba, Abia State",KOTRA_SNS_2025,화장품/뷰티
330510,ZA,Onfluential Digital (pty) ltd,,,,Importer,Johannesburg,KOTRA_SNS_2025,화장품/뷰티
330510,NG,Replenish,,,,Importer,Lagos,KOTRA_SNS_2025,화장품/뷰티
330510,NG,Aromatic gallery,,,,Importer,Abuja,KOTRA_SNS_2025,화장품/뷰티
330510,KE,mushusinternational.com,,,,Importer,Nairobi,KOTRA_SNS_2025,화장품/뷰티
330510,NG,Home and Personal Items Ltd,,,,Importer,Lagos,KOTRA_SNS_2025,화장품/뷰티
330510,NG,Dixville Resources Ltd,,,,Importer,Lagos,KOTRA_SNS_2025,화장품/뷰티
330510,NG,Gabata Nigeria Limited,,,,Importer,Gombe,KOTRA_SNS_2025,화장품/뷰티
330510,TZ,Monde de la Modes,,,,Importer,Babati,KOTRA_SNS_2025,화장품/뷰티
330510,NG,The skin shop by mollie,,,,Importer,Abuja,KOTRA_SNS_2025,화장품/뷰티
330510,GH,Shormies Beauty Supply,,,,Importer,Accra,KOTRA_SNS_2025,화장품/뷰티
330510,KE,Quest Holdings Ltd,,,,Importer,Nairobi,KOTRA_SNS_2025,화장품/뷰티
330510,NG,2posh and Trendy Place,,,,Importer,Lagos,KOTRA_SNS_2025,화장품/뷰티
330510,RU,atjsportslive,,,,Importer,Nigeria,KOTRA_SNS_2025,화장품/뷰티
330510,NG,"Kano, Nigeria",,,,Importer,Kano,KOTRA_SNS_2025,화장품/뷰티
330510,NG,Eve Beautique,,,,Importer,Abuja,KOTRA_SNS_2025,화장품/뷰티
330510,NG,Home and Personal Items Ltd,,,,Importer,Lagos,KOTRA_SNS_2025,화장품/뷰티
330510,NG,Clear Daily Care,,,,Importer,Lagos,KOTRA_SNS_2025,화장품/뷰티
330510,NG,mello's global manor  ltd,,,,Importer,Lagos,KOTRA_SNS_2025,화장품/뷰티
330510,NG,Wepremium,,,,Importer,Lagos,KOTRA_SNS_2025,화장품/뷰티
330510,NG,Hersnhers,,,,Importer,Lekki,KOTRA_SNS_2025,화장품/뷰티
330510,NG,Dixville Resources Ltd,,,,Importer,Lagos,KOTRA_SNS_2025,화장품/뷰티
330510,ZA,FashionHub,,,,Importer,Jhb,KOTRA_SNS_2025,화장품/뷰티
330510,NG,AEROLANDMARINE,,,,Importer,Port Harcourt,KOTRA_SNS_2025,화장품/뷰티
330510,GB,Popular house,,,,Importer,Birmingham,KOTRA_SNS_2025,화장품/뷰티
330510,RO,Budeanu media srl,,,,Importer,Bucharest,KOTRA_SNS_2025,화장품/뷰티
330510,US,Qiang,,,,Importer,Los Angeles,KOTRA_SNS_2025,화장품/뷰티
330510,VN,SisuCosmetics,,,,Importer,Ho Chi Minh City,KOTRA_SNS_2025,화장품/뷰티
330510,GR,Dermascience,,,,Importer,Athens,KOTRA_SNS_2025,화장품/뷰티
330510,GB,Swayam Ltd,,,,Importer,Stoke on trent,KOTRA_SNS_2025,화장품/뷰티
330510,JP,モトミテック株式社,,,,Importer,Osaka,KOTRA_SNS_2025,화장품/뷰티
330510,JP,G,,,,Importer,Yokohama,KOTRA_SNS_2025,화장품/뷰티
330510,MX,Vivienbienestar,,,,Importer,Quertaro,KOTRA_SNS_2025,화장품/뷰티
330510,AR,mollet,,,,Importer,rosario,KOTRA_SNS_2025,화장품/뷰티
330510,CO,Moox,,,,Importer,Sabaneta,KOTRA_SNS_2025,화장품/뷰티
330510,MX,Be Aesthetics,,,,Importer,Mxico,KOTRA_SNS_2025,화장품/뷰티
330510,AR,BG,,,,Importer,Capital federal,KOTRA_SNS_2025,화장품/뷰티
330510,US,Violeta,,,,Importer,Sp,KOTRA_SNS_2025,화장품/뷰티
330510,MX,Rockoco Salon,,,,Importer,Nuevo Len,KOTRA_SNS_2025,화장품/뷰티
330510,EC,Suhwa,,,,Importer,Quito,KOTRA_SNS_2025,화장품/뷰티
330510,PA,Baru shipping,,,,Importer,Panama City,KOTRA_SNS_2025,화장품/뷰티
330510,PE,Droguera Asitica del Per S.A.C.,,,,Importer,Lima,KOTRA_SNS_2025,화장품/뷰티
330510,CO,Diper,,,,Importer,Bogot,KOTRA_SNS_2025,화장품/뷰티
330510,GT,Conveniencia F253,,,,Importer,Mixco,KOTRA_SNS_2025,화장품/뷰티
330510,HT,TcaoModa,,,,Importer,Ptionville,KOTRA_SNS_2025,화장품/뷰티
330510,PE,Ropa bonita,,,,Importer,Lima,KOTRA_SNS_2025,화장품/뷰티
330510,BR,LSA Representaes,,,,Importer,Rio de Janeiro,KOTRA_SNS_2025,화장품/뷰티
330510,BR,Kawarii House,,,,Importer,So Paulo,KOTRA_SNS_2025,화장품/뷰티
330510,EC,Importadora olimpica,,,,Importer,Cuenca,KOTRA_SNS_2025,화장품/뷰티
330510,EC,U&S,,,,Importer,Quito,KOTRA_SNS_2025,화장품/뷰티
330510,AR,syp,,,,Importer,bsas,KOTRA_SNS_2025,화장품/뷰티
330510,TR,Moods,,,,Importer,stanbul,KOTRA_SNS_2025,화장품/뷰티
330510,TR,Medikest,,,,Importer,Ankara,KOTRA_SNS_2025,화장품/뷰티
330510,TR,Armedis,,,,Importer,stanbul,KOTRA_SNS_2025,화장품/뷰티
330510,TR,Buse Kozmetik ve Parfmeri malat thalat hracat San. Tic. Ltd. ti.,,,,Importer,stanbul,KOTRA_SNS_2025,화장품/뷰티
330510,OM,Fotomagic,,,,Importer,Oman,KOTRA_SNS_2025,화장품/뷰티
330510,AE,Puretrade,,,,Importer,Abu Dhabi,KOTRA_SNS_2025,화장품/뷰티
330510,OM,Turkish private clinics oman,,,,Importer,Muscat,KOTRA_SNS_2025,화장품/뷰티
330510,PH,Garden cosmetic,,,,Importer,Mornaguia,KOTRA_SNS_2025,화장품/뷰티
330510,MA,Chada center,,,,Importer,Casablanca,KOTRA_SNS_2025,화장품/뷰티
330510,TR,Proje360,,,,Importer,Istanbul,KOTRA_SNS_2025,화장품/뷰티
330510,SA,Mnctc,,,,Importer,Riyadh,KOTRA_SNS_2025,화장품/뷰티
330510,AE,IMC Middle East,,,,Importer,Dubai,KOTRA_SNS_2025,화장품/뷰티
330510,TR,Medikest,,,,Importer,Ankara,KOTRA_SNS_2025,화장품/뷰티
330510,TR,Buse Kozmetik ve Parfmeri malat thalat hracat San. Tic. Ltd. ti.,,,,Importer,stanbul,KOTRA_SNS_2025,화장품/뷰티
330510,JO,Blue berry levis,,,,Importer,Amman,KOTRA_SNS_2025,화장품/뷰티
330510,IQ,tamkeen,,,,Importer,Baghdad,KOTRA_SNS_2025,화장품/뷰티
330499,Kazakhstan,Bee one,,,,Importer,Almaty,KOTRA_SNS_2025,화장품/뷰티
330790,UZ,Alibozor SA,,,,Importer,Tashkent,KOTRA_SNS_2025,화장품/뷰티
330499,KZ,RANA,,,,Importer,Astana,KOTRA_SNS_2025,화장품/뷰티
330499,UZ,Tour Operator,,,,Importer,Tashkend,KOTRA_SNS_2025,화장품/뷰티
330499,AZ,XıNa cosmetics&perfumery,,,,Importer,Baku,KOTRA_SNS_2025,화장품/뷰티
330499,UZ,Pretty face,,,,Importer,Tashkent,KOTRA_SNS_2025,화장품/뷰티
330499,UZ,Examlife,,,,Importer,Tashlent,KOTRA_SNS_2025,화장품/뷰티
330499,MN,Facebook,,,,Importer,Ulaanbaatar,KOTRA_SNS_2025,화장품/뷰티
330499,UZ,Becko,,,,Importer,Tashkent,KOTRA_SNS_2025,화장품/뷰티
330499,TH,glory enterprise company,,,,Importer,Bangkok,KOTRA_SNS_2025,화장품/뷰티
330499,VN,cng ty c phn đu t Green Life,,,,Importer,H Ni,KOTRA_SNS_2025,화장품/뷰티
330499,PH,J.C.Ona Luxury Items,,,,Importer,Bulakan,KOTRA_SNS_2025,화장품/뷰티
330499,PH,crusty crab,,,,Importer,Calamba,KOTRA_SNS_2025,화장품/뷰티
330499,PH,Na,,,,Importer,Caloocan,KOTRA_SNS_2025,화장품/뷰티
330499,PH,AAA Construction,,,,Importer,Bacoor,KOTRA_SNS_2025,화장품/뷰티
330499,AR,Entrepreneur,,,,Importer,Tagbilaran City,KOTRA_SNS_2025,화장품/뷰티
330499,CA,3D Lifestyle Aesthetics Inc,,,,Importer,Vancouver,KOTRA_SNS_2025,화장품/뷰티
330499,PK,Sharif Muhammad,,,,Importer,Lahore,KOTRA_SNS_2025,화장품/뷰티
330499,India,Jean Claude Olivier India,,,,Importer,Mumbai,KOTRA_SNS_2025,화장품/뷰티
330499,India,Kapasa Trading,,,,Importer,Vadodara,KOTRA_SNS_2025,화장품/뷰티
330499,IN,Pradhan Ji & Co.,,,,Importer,Delhi,KOTRA_SNS_2025,화장품/뷰티
330790,IN,ECOINDIA electromech pvt ltd,,,,Importer,Vapi,KOTRA_SNS_2025,화장품/뷰티
330499,IN,Hs super services,,,,Importer,Delhi,KOTRA_SNS_2025,화장품/뷰티
330499,PK,waqas enterprises,,,,Importer,Karachi,KOTRA_SNS_2025,화장품/뷰티
330499,IN,Tanvi International LLC,,,,Importer,Mumbai,KOTRA_SNS_2025,화장품/뷰티
330499,US,bezbeauty,,,,Importer,new york,KOTRA_SNS_2025,화장품/뷰티
330499,IN,BOND THERAPY PROFESSIONAL,,,,Importer,Rajkot,KOTRA_SNS_2025,화장품/뷰티
330499,US,gy,,,,Importer,yhhh,KOTRA_SNS_2025,화장품/뷰티
330499,US,ddh,,,,Importer,Lahore,KOTRA_SNS_2025,화장품/뷰티
330499,IN,School,,,,Importer,Goregaon,KOTRA_SNS_2025,화장품/뷰티
330499,US,gf,,,,Importer,ks,KOTRA_SNS_2025,화장품/뷰티
330499,US,Politician,,,,Importer,jpr,KOTRA_SNS_2025,화장품/뷰티
330790,PK,S B Enterprises,,,,Importer,Lahore,KOTRA_SNS_2025,화장품/뷰티
330499,MA,efficience mdicale,,,,Importer,Sal,KOTRA_SNS_2025,화장품/뷰티
330499,SA,Sa PUSO M0! <3,,,,Importer,Dammam,KOTRA_SNS_2025,화장품/뷰티
330790,PH,PAWRENCE PHILIPPINES OPC,,,,Importer,Paete,KOTRA_SNS_2025,화장품/뷰티
330790,TH,Furrday Pet,,,,Importer,Bangkok,KOTRA_SNS_2025,화장품/뷰티
330790,PH,ICONS Construction and Engineering,,,,Importer,Baguio City,KOTRA_SNS_2025,화장품/뷰티
330790,PH,Pet express,,,,Importer,Pasig,KOTRA_SNS_2025,화장품/뷰티
330790,PH,Doctor Sy,,,,Importer,Taguig,KOTRA_SNS_2025,화장품/뷰티
330790,BE,Bricks&Broks Luxury Cat&Dog Brand,,,,Importer,Beerse,KOTRA_SNS_2025,화장품/뷰티
330790,ES,Jenkin’s,,,,Importer,Valencia,KOTRA_SNS_2025,화장품/뷰티
330790,IT,Dastex,,,,Importer,Monasterolo Di Savigliano,KOTRA_SNS_2025,화장품/뷰티
330790,IT,Il piccolo ranch,,,,Importer,Brescia,KOTRA_SNS_2025,화장품/뷰티
330499,ZA,Onfluential Digital (pty) ltd,,,,Importer,Johannesburg,KOTRA_SNS_2025,화장품/뷰티
340119,EG,C.E.O,,,,Importer,Alexandria,KOTRA_SNS_2025,화장품/뷰티
330499,UA,Управляющий,,,,Importer,Dnipro,KOTRA_SNS_2025,화장품/뷰티
330499,UA,Не працюю,,,,Importer,ии,KOTRA_SNS_2025,화장품/뷰티
330499,JP,"Ghimire International Co., Ltd.",,,,Importer,Okazaki,KOTRA_SNS_2025,화장품/뷰티
330499,JP,Own company,,,,Importer,Sapporo,KOTRA_SNS_2025,화장품/뷰티
340119,IN,Saanvika,,,,Importer,Delhi,KOTRA_SNS_2025,화장품/뷰티
330610,IN,ANN Technologies,,,,Importer,Bhopal,KOTRA_SNS_2025,화장품/뷰티
330499,IN,Personal Branding,,,,Importer,Mumbai,KOTRA_SNS_2025,화장품/뷰티
330499,ID,"PT. Circle K Indonesia Utama, Head Office",,,,Importer,Jakarta,KOTRA_SNS_2025,화장품/뷰티
330499,PH,lol,,,,Importer,pampanga,KOTRA_SNS_2025,화장품/뷰티
330499,ID,ye,,,,Importer,Bogor,KOTRA_SNS_2025,화장품/뷰티
330499,AR,ades,,,,Importer,Buenos aires,KOTRA_SNS_2025,화장품/뷰티
330499,AR,Canepucke,,,,Importer,theobald,KOTRA_SNS_2025,화장품/뷰티
330499,AR,a,,,,Importer,Santa Fe,KOTRA_SNS_2025,화장품/뷰티
330499,AR,sentosa,,,,Importer,buenos aires,KOTRA_SNS_2025,화장품/뷰티
330499,MX,Yireh Consulting and Training,,,,Importer,Metepec,KOTRA_SNS_2025,화장품/뷰티
330499,AR,h,,,,Importer,bsas,KOTRA_SNS_2025,화장품/뷰티
330499,AR,sapo,,,,Importer,lanus,KOTRA_SNS_2025,화장품/뷰티
330499,AR,kaom,,,,Importer,bsas,KOTRA_SNS_2025,화장품/뷰티
330499,US,poler,,,,Importer,esperanza,KOTRA_SNS_2025,화장품/뷰티
330499,AR,.,,,,Importer,Buenos Aires,KOTRA_SNS_2025,화장품/뷰티
330499,AR,Benandben,,,,Importer,Capital federal,KOTRA_SNS_2025,화장품/뷰티
330499,KE,Kenya Kingdom Festival,,,,Importer,Nairobi,KOTRA_SNS_2025,화장품/뷰티
330610,GH,FosBeck Logistics Limited,,,,Importer,Accra,KOTRA_SNS_2025,화장품/뷰티
330499,UA,Маркетолог,,,,Importer,Rivne,KOTRA_SNS_2025,화장품/뷰티
330499,IN,Bliss18,,,,Importer,Delhi,KOTRA_SNS_2025,화장품/뷰티
330499,GB,Gvhyxhggj,,,,Importer,Delhi,KOTRA_SNS_2025,화장품/뷰티
330499,ID,Sky Organics,,,,Importer,Mysore,KOTRA_SNS_2025,화장품/뷰티
330499,IN,YM enterprises,,,,Importer,New delhi,KOTRA_SNS_2025,화장품/뷰티
330499,US,ICOM,,,,Importer,Culiacn,KOTRA_SNS_2025,화장품/뷰티
330499,IN,Wings up global,,,,Importer,Kochi,KOTRA_SNS_2025,화장품/뷰티
330499,IN,Anooj,,,,Importer,Hyderabad,KOTRA_SNS_2025,화장품/뷰티
330300,ID,Nimbal Industries Limited,,,,Importer,Bengaluru,KOTRA_SNS_2025,화장품/뷰티
330499,IN,Kukke Enterprise,,,,Importer,Bangalore,KOTRA_SNS_2025,화장품/뷰티
330499,IN,Yes,,,,Importer,Nashik,KOTRA_SNS_2025,화장품/뷰티
330499,SA,MHNT,,,,Importer,Makkah,KOTRA_SNS_2025,화장품/뷰티
330499,ID,UB,,,,Importer,Malang,KOTRA_SNS_2025,화장품/뷰티
330499,ID,Pinang Mas,,,,Importer,Medan,KOTRA_SNS_2025,화장품/뷰티
330499,AX,Bisnis ekonomi,,,,Importer,Indonesia,KOTRA_SNS_2025,화장품/뷰티
330499,ID,"PT. Circle K Indonesia Utama, Head Office",,,,Importer,Jakarta,KOTRA_SNS_2025,화장품/뷰티
330499,AR,steeltree,,,,Importer,Paran,KOTRA_SNS_2025,화장품/뷰티
330499,US,arcor,,,,Importer,Buenos Aires,KOTRA_SNS_2025,화장품/뷰티
330499,AR,e,,,,Importer,Bovril,KOTRA_SNS_2025,화장품/뷰티
330499,AR,loma,,,,Importer,Baha Blanca,KOTRA_SNS_2025,화장품/뷰티
330499,AR,fox,,,,Importer,la plata,KOTRA_SNS_2025,화장품/뷰티
330499,AR,tulume,,,,Importer,Santa Fe,KOTRA_SNS_2025,화장품/뷰티
330499,AR,jau,,,,Importer,sistem,KOTRA_SNS_2025,화장품/뷰티
330499,AR,foxer,,,,Importer,Bovril,KOTRA_SNS_2025,화장품/뷰티
330499,AR,poler,,,,Importer,Bovrilu,KOTRA_SNS_2025,화장품/뷰티
330499,AR,jep,,,,Importer,bs as,KOTRA_SNS_2025,화장품/뷰티
330499,AR,fox,,,,Importer,Bovril,KOTRA_SNS_2025,화장품/뷰티
330499,AR,ades,,,,Importer,Buenos aires,KOTRA_SNS_2025,화장품/뷰티
330499,AR,Canepucke,,,,Importer,theobald,KOTRA_SNS_2025,화장품/뷰티
330499,AR,a,,,,Importer,Santa Fe,KOTRA_SNS_2025,화장품/뷰티
330499,AR,sentosa,,,,Importer,buenos aires,KOTRA_SNS_2025,화장품/뷰티
330499,NG,Eliot Prague maritime,,,,Importer,Lagos,KOTRA_SNS_2025,화장품/뷰티
330499,UA,Маркетолог,,,,Importer,Ternopil,KOTRA_SNS_2025,화장품/뷰티
340119,IN,Rise,,,,Importer,Mumbai,KOTRA_SNS_2025,화장품/뷰티
330499,AR,.,,,,Importer,Buenos Aires,KOTRA_SNS_2025,화장품/뷰티
330499,AR,hgk,,,,Importer,Buenos Aires,KOTRA_SNS_2025,화장품/뷰티
330499,AR,pop,,,,Importer,Buenos Aires,KOTRA_SNS_2025,화장품/뷰티
330510,KZ,Goldman limited,,,,Importer,Astana,KOTRA_SNS_2025,화장품/뷰티
330510,MN,Freelancer,,,,Importer,Ulaanbaatar,KOTRA_SNS_2025,화장품/뷰티
330510,UZ,Examlife,,,,Importer,Tashlent,KOTRA_SNS_2025,화장품/뷰티
330510,PH,Wsg enterprise,,,,Importer,Mandaluyong,KOTRA_SNS_2025,화장품/뷰티
330510,PH,,,,,Importer,Dipaculao,KOTRA_SNS_2025,화장품/뷰티
330510,Malaysia,Fashion Conversation,,,,Importer,Subang Jaya,KOTRA_SNS_2025,화장품/뷰티
330510,PH,na,,,,Importer,Manila,KOTRA_SNS_2025,화장품/뷰티
330510,SG,Beauty Collection International Pte Ltd,,,,Importer,Singapore,KOTRA_SNS_2025,화장품/뷰티
330510,PH,Omena,,,,Importer,Quezon City,KOTRA_SNS_2025,화장품/뷰티
330510,PH,SAC,,,,Importer,Manila,KOTRA_SNS_2025,화장품/뷰티
330510,PH,SaveMart commercial Corp.,,,,Importer,Pasig,KOTRA_SNS_2025,화장품/뷰티
330510,PH,Freelancer,,,,Importer,Mabalacat,KOTRA_SNS_2025,화장품/뷰티
330510,indonesia,Cv yanto Sanitary,,,,Importer,medan,KOTRA_SNS_2025,화장품/뷰티
330510,PH,NutriAsia,,,,Importer,Quezon City,KOTRA_SNS_2025,화장품/뷰티
330510,ID,Federation of Research and Inovative Expert,,,,Importer,Balikpapan,KOTRA_SNS_2025,화장품/뷰티
330510,PH,nsdbb,,,,Importer,cebuCity,KOTRA_SNS_2025,화장품/뷰티
330510,ID,defilosofi parfum & cosmetics,,,,Importer,Jombang,KOTRA_SNS_2025,화장품/뷰티
330510,MY,Axore Enterprise,,,,Importer,Kuala Lumpur,KOTRA_SNS_2025,화장품/뷰티
330510,PH,January Label,,,,Importer,Marikina City,KOTRA_SNS_2025,화장품/뷰티
330510,PH,ZelevskinAesthetics,,,,Importer,Makati,KOTRA_SNS_2025,화장품/뷰티
330510,VN,KOMAR Holdings,,,,Importer,Hanoi,KOTRA_SNS_2025,화장품/뷰티
330510,TH,glory enterprise company,,,,Importer,Bangkok,KOTRA_SNS_2025,화장품/뷰티
330510,US,Blush Nail and Beauty Bar,,,,Importer,Sacramento,KOTRA_SNS_2025,화장품/뷰티
330510,US,DHOUSE,,,,Importer,Dallas,KOTRA_SNS_2025,화장품/뷰티
330510,US,SECONDTONONE LLC,,,,Importer,Seattle,KOTRA_SNS_2025,화장품/뷰티
330510,CA,Jawsticks Marketplace,,,,Importer,London,KOTRA_SNS_2025,화장품/뷰티
330510,US,Vimbai Madya,,,,Importer,Puyallup,KOTRA_SNS_2025,화장품/뷰티
330510,US,Le Financial,,,,Importer,Westminster,KOTRA_SNS_2025,화장품/뷰티
330510,India,Corevision’,,,,Importer,Jaipur,KOTRA_SNS_2025,화장품/뷰티
330510,IN,Kapasa Trading,,,,Importer,Vadodara,KOTRA_SNS_2025,화장품/뷰티
330510,IN,Regency Ply,,,,Importer,Navi Mumbai (New Mumbai),KOTRA_SNS_2025,화장품/뷰티
330510,BD,Ard Group,,,,Importer,Dhaka,KOTRA_SNS_2025,화장품/뷰티
330510,IN,Deloitte,,,,Importer,Coimbatore,KOTRA_SNS_2025,화장품/뷰티
330510,BD,M/S. Nobojug Traders,,,,Importer,Dhaka,KOTRA_SNS_2025,화장품/뷰티
330510,IN,New,,,,Importer,Chennai,KOTRA_SNS_2025,화장품/뷰티
330510,IN,LA group of clinics,,,,Importer,Kochin,KOTRA_SNS_2025,화장품/뷰티
330510,UK,SSSC,,,,Importer,Mumbai,KOTRA_SNS_2025,화장품/뷰티
330510,IN,Aramm skin clinic,,,,Importer,Chennai,KOTRA_SNS_2025,화장품/뷰티
330510,IN,Nif,,,,Importer,Rajkot,KOTRA_SNS_2025,화장품/뷰티
330510,IN,Tcs,,,,Importer,Yes,KOTRA_SNS_2025,화장품/뷰티
330510,IN,Perfect brands,,,,Importer,Mumbai,KOTRA_SNS_2025,화장품/뷰티
330510,IN,Senorita Purse & bags,,,,Importer,Mumbai,KOTRA_SNS_2025,화장품/뷰티
330510,PK,Student,,,,Importer,Lahore,KOTRA_SNS_2025,화장품/뷰티
330510,IN,M.R. Distributors,,,,Importer,Noida,KOTRA_SNS_2025,화장품/뷰티
330510,GB,starplusproducts,,,,Importer,London,KOTRA_SNS_2025,화장품/뷰티
330510,IN,Hs super services,,,,Importer,Delhi,KOTRA_SNS_2025,화장품/뷰티
330510,IN,Hao chi,,,,Importer,Bangalore,KOTRA_SNS_2025,화장품/뷰티
330510,IN,ReGloque,,,,Importer,Delhi,KOTRA_SNS_2025,화장품/뷰티
330510,IN,MOSS AGATE COSMETICS PRIVATE LIMITED,,,,Importer,Bangalore,KOTRA_SNS_2025,화장품/뷰티
330510,IN,Hair and fair international,,,,Importer,Delhi,KOTRA_SNS_2025,화장품/뷰티
330510,IN,Atradoz pvt ltd,,,,Importer,Mysore,KOTRA_SNS_2025,화장품/뷰티
330510,IN,Skindustry,,,,Importer,Delhi,KOTRA_SNS_2025,화장품/뷰티
330510,IN,doctor,,,,Importer,New Delhi,KOTRA_SNS_2025,화장품/뷰티
330510,LK,VISIJA Projects Pvt LTD,,,,Importer,Colombo,KOTRA_SNS_2025,화장품/뷰티
330510,IN,Jean Claude Olivier India,,,,Importer,Mumbai,KOTRA_SNS_2025,화장품/뷰티
330510,PK,Koku,,,,Importer,Karachi,KOTRA_SNS_2025,화장품/뷰티
330510,IN,Xundori,,,,Importer,New Delhi,KOTRA_SNS_2025,화장품/뷰티
330510,SG,The Local Farming,,,,Importer,Dhaka,KOTRA_SNS_2025,화장품/뷰티
330510,IN,BOND THERAPY PROFESSIONAL,,,,Importer,Rajkot,KOTRA_SNS_2025,화장품/뷰티
330510,IN,Thy Sigma Private Limited,,,,Importer,Mumbai,KOTRA_SNS_2025,화장품/뷰티
330510,IN,R p enterprises,,,,Importer,Hyderabad,KOTRA_SNS_2025,화장품/뷰티
330510,PK,adnan Trader,,,,Importer,Gujranwala,KOTRA_SNS_2025,화장품/뷰티
330510,TZ,Zawadis.com,,,,Importer,Dar es Salaam,KOTRA_SNS_2025,화장품/뷰티
330510,GH,Club light Eletricals,,,,Importer,Accra,KOTRA_SNS_2025,화장품/뷰티
330510,CA,My Big Fat Pop Up,,,,Importer,Toronto,KOTRA_SNS_2025,화장품/뷰티
330510,NG,Friendly prices,,,,Importer,Lagos,KOTRA_SNS_2025,화장품/뷰티
330510,ZA,Basiq Beauty HQ,,,,Importer,Johannesburg,KOTRA_SNS_2025,화장품/뷰티
330510,NG,Angel,,,,Importer,Lagos,KOTRA_SNS_2025,화장품/뷰티
330510,AU,St John of God Murdoch Hospital,,,,Importer,Perth,KOTRA_SNS_2025,화장품/뷰티
330510,NG,Self Employed,,,,Importer,Kano,KOTRA_SNS_2025,화장품/뷰티
330510,GH,Iconiqbeautibille,,,,Importer,Accra,KOTRA_SNS_2025,화장품/뷰티
330510,GB,Sknbylyn,,,,Importer,London,KOTRA_SNS_2025,화장품/뷰티
330510,GB,iAkan,,,,Importer,London,KOTRA_SNS_2025,화장품/뷰티
330510,UK,SKN XP,,,,Importer,London,KOTRA_SNS_2025,화장품/뷰티
330510,GB,Showroom 21,,,,Importer,London,KOTRA_SNS_2025,화장품/뷰티
330510,FR,Lala kbeauty,,,,Importer,Villepinte,KOTRA_SNS_2025,화장품/뷰티
330510,GB,House of Kush-Kush,,,,Importer,London,KOTRA_SNS_2025,화장품/뷰티
330510,GB,Glamourghirls and Co Ltd,,,,Importer,London,KOTRA_SNS_2025,화장품/뷰티
330510,Cameroun,Universal Glow,,,,Importer,Douala,KOTRA_SNS_2025,화장품/뷰티
330510,RO,Project Multiprod srl,,,,Importer,Trgu Jiu,KOTRA_SNS_2025,화장품/뷰티
330510,SK,ImpEx Trade Ltd,,,,Importer,Kosice,KOTRA_SNS_2025,화장품/뷰티
330510,GR,ATC TOOLS,,,,Importer,Αθνα,KOTRA_SNS_2025,화장품/뷰티
330510,GR,Aesthetician,,,,Importer,Thessaloniki,KOTRA_SNS_2025,화장품/뷰티
330510,CO,Kbellezacoreana,,,,Importer,Medelln,KOTRA_SNS_2025,화장품/뷰티
330510,MX,Mahadeva Yoga Shala,,,,Importer,Puebla,KOTRA_SNS_2025,화장품/뷰티
330510,AR,j&h,,,,Importer,Ro Cuarto,KOTRA_SNS_2025,화장품/뷰티
330510,EC,Centro Clnico,,,,Importer,Quito,KOTRA_SNS_2025,화장품/뷰티
330510,EC,Vertient Day Spa,,,,Importer,Ibarra,KOTRA_SNS_2025,화장품/뷰티
330510,BR,Moonlight beauty,,,,Importer,Sao caetano do sul,KOTRA_SNS_2025,화장품/뷰티
330510,MX,Glowbox,,,,Importer,Torreon,KOTRA_SNS_2025,화장품/뷰티
330510,MX,Maricruz rojo,,,,Importer,Guadalajara,KOTRA_SNS_2025,화장품/뷰티
330510,MX,Ale,,,,Importer,Monterrey,KOTRA_SNS_2025,화장품/뷰티
330510,CN,SIMEXPO,,,,Importer,Yiwu,KOTRA_SNS_2025,화장품/뷰티
330510,EC,Comerquimicor,,,,Importer,Quito,KOTRA_SNS_2025,화장품/뷰티
330510,CO,La,,,,Importer,Barranquilla,KOTRA_SNS_2025,화장품/뷰티
330510,BR,Kohai,,,,Importer,Goinia,KOTRA_SNS_2025,화장품/뷰티
330510,EC,Erika G.M.,,,,Importer,Quito,KOTRA_SNS_2025,화장품/뷰티
330510,TR,Bufe,,,,Importer,Istanbul,KOTRA_SNS_2025,화장품/뷰티
330510,AE,Kalybre,,,,Importer,Dubai,KOTRA_SNS_2025,화장품/뷰티
330510,TR,Kiffa Enerji naat Sanayi tur. Tic. Ltd ti.,,,,Importer,ankaya,KOTRA_SNS_2025,화장품/뷰티
330510,MA,High,,,,Importer,Casablanca,KOTRA_SNS_2025,화장품/뷰티
330510,OM,lulu hypermarket,,,,Importer,Muscat,KOTRA_SNS_2025,화장품/뷰티
330499,VN,cng ty c phn đu t Green Life,,,,Importer,H Ni,KOTRA_SNS_2025,화장품/뷰티
330499,PK,Sharif Muhammad,,,,Importer,Lahore,KOTRA_SNS_2025,화장품/뷰티
330499,India,Kapasa Trading,,,,Importer,Vadodara,KOTRA_SNS_2025,화장품/뷰티
330499,PK,waqas enterprises,,,,Importer,Karachi,KOTRA_SNS_2025,화장품/뷰티
330499,IN,Tanvi International LLC,,,,Importer,Mumbai,KOTRA_SNS_2025,화장품/뷰티
330499,US,bezbeauty,,,,Importer,new york,KOTRA_SNS_2025,화장품/뷰티
330499,US,gy,,,,Importer,yhhh,KOTRA_SNS_2025,화장품/뷰티
330499,US,ddh,,,,Importer,Lahore,KOTRA_SNS_2025,화장품/뷰티
330499,US,gf,,,,Importer,ks,KOTRA_SNS_2025,화장품/뷰티
330499,US,Politician,,,,Importer,jpr,KOTRA_SNS_2025,화장품/뷰티
330790,PK,S B Enterprises,,,,Importer,Lahore,KOTRA_SNS_2025,화장품/뷰티
330499,Kazakhstan,Bee one,,,,Importer,Almaty,KOTRA_SNS_2025,화장품/뷰티
330790,UZ,Alibozor SA,,,,Importer,Tashkent,KOTRA_SNS_2025,화장품/뷰티
330499,KZ,RANA,,,,Importer,Astana,KOTRA_SNS_2025,화장품/뷰티
330499,UZ,Tour Operator,,,,Importer,Tashkend,KOTRA_SNS_2025,화장품/뷰티
330499,AZ,XıNa cosmetics&perfumery,,,,Importer,Baku,KOTRA_SNS_2025,화장품/뷰티
330499,UZ,Pretty face,,,,Importer,Tashkent,KOTRA_SNS_2025,화장품/뷰티
330499,UZ,Examlife,,,,Importer,Tashlent,KOTRA_SNS_2025,화장품/뷰티
330499,MN,Facebook,,,,Importer,Ulaanbaatar,KOTRA_SNS_2025,화장품/뷰티
330499,UZ,Becko,,,,Importer,Tashkent,KOTRA_SNS_2025,화장품/뷰티
330499,MA,efficience mdicale,,,,Importer,Sal,KOTRA_SNS_2025,화장품/뷰티
330499,SA,Sa PUSO M0! <3,,,,Importer,Dammam,KOTRA_SNS_2025,화장품/뷰티
330499,India,Giift,,,,Importer,delhi,KOTRA_SNS_2025,화장품/뷰티
330510,US,,,,,Importer,Lincoln,KOTRA_SNS_2025,화장품/뷰티
330510,US,AWO,,,,Importer,East Brunswick,KOTRA_SNS_2025,화장품/뷰티
330510,US,Issac,,,,Importer,Memphis,KOTRA_SNS_2025,화장품/뷰티
330510,US,Self,,,,Importer,Los angeles,KOTRA_SNS_2025,화장품/뷰티
330510,US,Scents & More Botanicals,,,,Importer,McKinney,KOTRA_SNS_2025,화장품/뷰티
330510,US,SCUHS,,,,Importer,Los ngeles,KOTRA_SNS_2025,화장품/뷰티
330510,US,A World of Flavors,,,,Importer,Douglasville,KOTRA_SNS_2025,화장품/뷰티
330510,US,Pow wow,,,,Importer,Zanesville,KOTRA_SNS_2025,화장품/뷰티
330510,US,Touch free tools,,,,Importer,Glendale,KOTRA_SNS_2025,화장품/뷰티
330510,US,Wright-Pierce,,,,Importer,Scarborough,KOTRA_SNS_2025,화장품/뷰티
330510,VN,Ecomstone VN,,,,Importer,Hanoi,KOTRA_SNS_2025,화장품/뷰티
330510,VN,cng ty dc phm Thng Long,,,,Importer,Hanoi,KOTRA_SNS_2025,화장품/뷰티
330510,VN,B t Eco Homestay,,,,Importer,Dong Nai,KOTRA_SNS_2025,화장품/뷰티
330510,VN,Thnh ph H Ch Minh,,,,Importer,Ho Chi Minh City,KOTRA_SNS_2025,화장품/뷰티
330510,VN,ATM investment,,,,Importer,Ho Chi Minh City,KOTRA_SNS_2025,화장품/뷰티
330510,VN,PHYTODERMA,,,,Importer,Ho Chi Minh City,KOTRA_SNS_2025,화장품/뷰티
330510,ID,Bemusik Dan Bernyanyi,,,,Importer,Banjar Bali,KOTRA_SNS_2025,화장품/뷰티
330510,US,.,,,,Importer,Kuching,KOTRA_SNS_2025,화장품/뷰티
330510,MY,.,,,,Importer,Kuala lumpur,KOTRA_SNS_2025,화장품/뷰티
330510,MY,M-Plan sdn bhd,,,,Importer,Shah Alam,KOTRA_SNS_2025,화장품/뷰티
330510,MY,Gussmann technologies,,,,Importer,Selangor,KOTRA_SNS_2025,화장품/뷰티
330510,ID,maju mundur,,,,Importer,Jakarta,KOTRA_SNS_2025,화장품/뷰티
330510,ID,Agrindo putra perkasa,,,,Importer,Tangsel,KOTRA_SNS_2025,화장품/뷰티
330510,ID,Be Shine,,,,Importer,Jakarta,KOTRA_SNS_2025,화장품/뷰티
330510,ID,shivay,,,,Importer,Jakarta,KOTRA_SNS_2025,화장품/뷰티
330510,ID,Kunyah kunyah no.1,,,,Importer,Pekanbaru,KOTRA_SNS_2025,화장품/뷰티
330499,US,Barbies Autos,,,,Importer,Miami,KOTRA_SNS_2025,화장품/뷰티
330499,VN,Ovan,,,,Importer,Ho Chi Minh City,KOTRA_SNS_2025,화장품/뷰티
330499,VN,ATM investment,,,,Importer,Ho Chi Minh City,KOTRA_SNS_2025,화장품/뷰티
330499,US,Chanel & chipotle,,,,Importer,Washington,KOTRA_SNS_2025,화장품/뷰티
330499,US,Nyc,,,,Importer,Poughkeepsie,KOTRA_SNS_2025,화장품/뷰티
330499,VN,CEN group,,,,Importer,H Ni,KOTRA_SNS_2025,화장품/뷰티
330499,US,Like Ride,,,,Importer,Providece,KOTRA_SNS_2025,화장품/뷰티
330499,US,Amazon.com,,,,Importer,Irvine,KOTRA_SNS_2025,화장품/뷰티
330499,US,Nest Wood Interiors,,,,Importer,Boca Raton,KOTRA_SNS_2025,화장품/뷰티
330499,US,Kawaii Retail inc,,,,Importer,Wake forest,KOTRA_SNS_2025,화장품/뷰티
330499,US,pht ti,,,,Importer,tphcm,KOTRA_SNS_2025,화장품/뷰티
330499,MX,Vegana,,,,Importer,CDMX,KOTRA_SNS_2025,화장품/뷰티
330499,MX,Alejandro Vidal Patio,,,,Importer,Coacalco,KOTRA_SNS_2025,화장품/뷰티
330499,MX,Andafaci,,,,Importer,Cdmx,KOTRA_SNS_2025,화장품/뷰티
330499,MX,LEDA Skin Care,,,,Importer,Valles,KOTRA_SNS_2025,화장품/뷰티
330499,MX,RecubrimientosI industriales de BC,,,,Importer,Baja California,KOTRA_SNS_2025,화장품/뷰티
330499,MX,Marienskincare,,,,Importer,Mrida,KOTRA_SNS_2025,화장품/뷰티
330499,MX,Be Aesthetics,,,,Importer,Mxico,KOTRA_SNS_2025,화장품/뷰티
330499,MX,Casa Magica Beauty Spa,,,,Importer,Quertaro,KOTRA_SNS_2025,화장품/뷰티
330499,MX,Clinique Sant,,,,Importer,Tulancingo de Bravo,KOTRA_SNS_2025,화장품/뷰티
330499,MX,Med spa,,,,Importer,Celaya,KOTRA_SNS_2025,화장품/뷰티
330499,US,Espinela profesional cosmetics,,,,Importer,Guadalajara,KOTRA_SNS_2025,화장품/뷰티
330499,BG,Radiance Bulgaria  Ltd,,,,Importer,Sofia,KOTRA_SNS_2025,화장품/뷰티
330499,MX,Pharmapply,,,,Importer,Guadalajara,KOTRA_SNS_2025,화장품/뷰티
330499,BG,Beayty Bar Antonia,,,,Importer,Kavarna,KOTRA_SNS_2025,화장품/뷰티
330499,BG,за себе си,,,,Importer,Plovdiv,KOTRA_SNS_2025,화장품/뷰티
330499,DE,GIA Trans Group LTD,,,,Importer,Sofia,KOTRA_SNS_2025,화장품/뷰티
330499,BG,Evros KIP LTD,,,,Importer,Sofia,KOTRA_SNS_2025,화장품/뷰티
330499,BG,Управител / Собственик,,,,Importer,Schumen,KOTRA_SNS_2025,화장품/뷰티
330499,FR,All Channels,,,,Importer,Paris,KOTRA_SNS_2025,화장품/뷰티
330410,MX,TBD Mxico,,,,Importer,San Luis Potos,KOTRA_SNS_2025,화장품/뷰티
330499,MX,Grupo el osman,,,,Importer,Ciudad de Mxico,KOTRA_SNS_2025,화장품/뷰티
330499,MX,Tec de monterrey,,,,Importer,Mexico,KOTRA_SNS_2025,화장품/뷰티
330410,MX,Networker Vida Divina,,,,Importer,Tijuana,KOTRA_SNS_2025,화장품/뷰티
330410,MX,Industrias Energeticas SA de CV,,,,Importer,"Cd del Carmen, Campeche",KOTRA_SNS_2025,화장품/뷰티
330499,MX,CECADEL,,,,Importer,cdmx,KOTRA_SNS_2025,화장품/뷰티
330499,MX,Danfei Mexico,,,,Importer,Estado de Mxico,KOTRA_SNS_2025,화장품/뷰티
330499,MX,Gaby,,,,Importer,Gdl,KOTRA_SNS_2025,화장품/뷰티
330499,CA,Twitter,,,,Importer,cdmx,KOTRA_SNS_2025,화장품/뷰티
330410,MX,Massie,,,,Importer,Jurez Chih,KOTRA_SNS_2025,화장품/뷰티
330410,MX,Devana,,,,Importer,Saltillo,KOTRA_SNS_2025,화장품/뷰티
330499,MX,AMG,,,,Importer,Mxico,KOTRA_SNS_2025,화장품/뷰티
330499,MX,Not yet,,,,Importer,La Piedad de Cabadas,KOTRA_SNS_2025,화장품/뷰티
330499,MX,Alejandro Vidal Patio,,,,Importer,Coacalco,KOTRA_SNS_2025,화장품/뷰티
330499,MX,Bacab,,,,Importer,Cozumel,KOTRA_SNS_2025,화장품/뷰티
330410,MX,Hhh,,,,Importer,Cabo san lucas,KOTRA_SNS_2025,화장품/뷰티
330499,MX,Roher,,,,Importer,La Piedad de Cabadas,KOTRA_SNS_2025,화장품/뷰티
330499,US,DG'u,,,,Importer,Ciudad de Mxico,KOTRA_SNS_2025,화장품/뷰티
330749,ID,Komona,,,,Importer,Tangerang,KOTRA_SNS_2025,화장품/뷰티
330749,ID,PT HARUM NUSANTARA ABADI,,,,Importer,DEPOK,KOTRA_SNS_2025,화장품/뷰티
330749,NZ,Company trader,,,,Importer,Cebu city,KOTRA_SNS_2025,화장품/뷰티
330749,ID,Karim,,,,Importer,JEPARA,KOTRA_SNS_2025,화장품/뷰티
330749,TR,Adalastik,,,,Importer,Bursa,KOTRA_SNS_2025,화장품/뷰티
330749,AE,Grandsmith,,,,Importer,Dubai,KOTRA_SNS_2025,화장품/뷰티
330749,MA,Olga,,,,Importer,Casablanca,KOTRA_SNS_2025,화장품/뷰티
330749,IQ,LADOR,,,,Importer,Karbala,KOTRA_SNS_2025,화장품/뷰티
330749,IQ,BFK,,,,Importer,karkuk,KOTRA_SNS_2025,화장품/뷰티
330749,IQ,AFFOH,,,,Importer,Baghdad,KOTRA_SNS_2025,화장품/뷰티
330749,OM,ROWAH PERFUMES LLC,,,,Importer,MUSCAT,KOTRA_SNS_2025,화장품/뷰티
330749,OM,Self,,,,Importer,Muscat,KOTRA_SNS_2025,화장품/뷰티
330749,MA,Me,,,,Importer,Casablanca,KOTRA_SNS_2025,화장품/뷰티
330749,TN,ds box,,,,Importer,sousse,KOTRA_SNS_2025,화장품/뷰티
330749,CA,Rose,,,,Importer,Markham,KOTRA_SNS_2025,화장품/뷰티
330749,CA,Sean & Co.,,,,Importer,Winnipeg,KOTRA_SNS_2025,화장품/뷰티
330749,US,Chazz Home,,,,Importer,Estero,KOTRA_SNS_2025,화장품/뷰티
330749,US,New York Presbyterian,,,,Importer,New York,KOTRA_SNS_2025,화장품/뷰티
330749,CA,Wholeheart gift,,,,Importer,Toronto,KOTRA_SNS_2025,화장품/뷰티
330749,US,Dream a Little Dream,,,,Importer,Buffalo,KOTRA_SNS_2025,화장품/뷰티
330749,US,Axe Enterprise Corp,,,,Importer,Boca Raton,KOTRA_SNS_2025,화장품/뷰티
330749,CA,Mukoni,,,,Importer,Mirabel,KOTRA_SNS_2025,화장품/뷰티
330749,US,Gemneyemz,,,,Importer,Lombard,KOTRA_SNS_2025,화장품/뷰티
330749,US,Anthropology,,,,Importer,Washington DC,KOTRA_SNS_2025,화장품/뷰티
330749,US,Luxe beauty var,,,,Importer,Brookfield,KOTRA_SNS_2025,화장품/뷰티
330749,CA,BO Foundation,,,,Importer,Toronto,KOTRA_SNS_2025,화장품/뷰티
330790,US,vgbb,,,,Importer,b vn,KOTRA_SNS_2025,화장품/뷰티
330790,VN,SD Home,,,,Importer,Hanoi,KOTRA_SNS_2025,화장품/뷰티
330790,VN,H Ni,,,,Importer,Hanoi,KOTRA_SNS_2025,화장품/뷰티
330790,VN,HOANG GIA VIET IMPORT EXPORT COMPANY LIMITED,,,,Importer,Ho Chi Minh City,KOTRA_SNS_2025,화장품/뷰티
340130,United States,Microbiome Labs - Makers of Megasporebiotic,,,,Importer,Saint Augustine Beach,KOTRA_SNS_2025,화장품/뷰티
340130,United States,Beautiful faces by Kristen,,,,Importer,West Islip,KOTRA_SNS_2025,화장품/뷰티
340130,US,fountain of youth cosmetics,,,,Importer,Hope,KOTRA_SNS_2025,화장품/뷰티
340130,US,my house,,,,Importer,angier,KOTRA_SNS_2025,화장품/뷰티
330510,United Kingdom,Telefonica,,,,Importer,London,KOTRA_SNS_2025,화장품/뷰티
330510,United Kingdom,FRRRR,,,,Importer,Swadlincote,KOTRA_SNS_2025,화장품/뷰티
330510,US,Jenny's kitchen,,,,Importer,Concord,KOTRA_SNS_2025,화장품/뷰티
330510,GB,Sonya makeup,,,,Importer,Oldham,KOTRA_SNS_2025,화장품/뷰티
330510,ET,Beekind,,,,Importer,Oxford,KOTRA_SNS_2025,화장품/뷰티
330510,United States,Influenster,,,,Importer,Henderson,KOTRA_SNS_2025,화장품/뷰티
330510,US,Meow keepers,,,,Importer,Las vegas,KOTRA_SNS_2025,화장품/뷰티
330510,US,Holt Med supply,,,,Importer,Clarksville,KOTRA_SNS_2025,화장품/뷰티
330510,United States,Influenster,,,,Importer,Henderson,KOTRA_SNS_2025,화장품/뷰티
330510,US,Volunteers,,,,Importer,London,KOTRA_SNS_2025,화장품/뷰티
330510,US,Mine,,,,Importer,Greeneville,KOTRA_SNS_2025,화장품/뷰티
330510,GB,A&H Enterprising Limited,,,,Importer,Glasgow,KOTRA_SNS_2025,화장품/뷰티
330499,AE,Kemplink,,,,Importer,Dubai,KOTRA_SNS_2025,화장품/뷰티
330499,AE,Walgreen,,,,Importer,Dubai,KOTRA_SNS_2025,화장품/뷰티
330590,PH,Wattpad,,,,Importer,Rajsamand,KOTRA_SNS_2025,화장품/뷰티
330510,IN,Gudiya sahu,,,,Importer,Jaunpur,KOTRA_SNS_2025,화장품/뷰티
330510,US,Bhal gruhaudhyog,,,,Importer,Ahmedabad,KOTRA_SNS_2025,화장품/뷰티
330590,ID,Beaute,,,,Importer,Pku,KOTRA_SNS_2025,화장품/뷰티
330510,IN,Pharma industry,,,,Importer,Mumbai,KOTRA_SNS_2025,화장품/뷰티
330510,IN,chetan bharat corporation,,,,Importer,Surat,KOTRA_SNS_2025,화장품/뷰티
330590,India,Satnam Electronic,,,,Importer,Surat,KOTRA_SNS_2025,화장품/뷰티
330590,US,pht ti,,,,Importer,tphcm,KOTRA_SNS_2025,화장품/뷰티
330499,IN,Falak international,,,,Importer,Indore,KOTRA_SNS_2025,화장품/뷰티
330499,IN,kiran,,,,Importer,Airoli,KOTRA_SNS_2025,화장품/뷰티
330499,IN,Jss p,,,,Importer,Bijapur,KOTRA_SNS_2025,화장품/뷰티
330499,India,My pleasure,,,,Importer,Mumbai,KOTRA_SNS_2025,화장품/뷰티
330499,IN,Techlime,,,,Importer,Delhi,KOTRA_SNS_2025,화장품/뷰티
330499,IN,Student,,,,Importer,Kabbur,KOTRA_SNS_2025,화장품/뷰티
330499,IN,Fibrres and weavves Inc,,,,Importer,Bangalore,KOTRA_SNS_2025,화장품/뷰티
330499,IN,sccl kothagudem,,,,Importer,Hyderabad,KOTRA_SNS_2025,화장품/뷰티
330499,US,Mukashif,,,,Importer,Mukashif,KOTRA_SNS_2025,화장품/뷰티
330499,IN,Freed Pharma LLP,,,,Importer,Mumbai,KOTRA_SNS_2025,화장품/뷰티
330499,IN,Troikaa Pharmaceuticals Ltd.,,,,Importer,Akburpur kanpur dehat,KOTRA_SNS_2025,화장품/뷰티
330499,IN,Techlime,,,,Importer,Delhi,KOTRA_SNS_2025,화장품/뷰티
330499,IN,Maya Shop,,,,Importer,Kolkata,KOTRA_SNS_2025,화장품/뷰티
330499,IN,Samara Beauty Care,,,,Importer,nagpur,KOTRA_SNS_2025,화장품/뷰티
330590,US,.,,,,Importer,Kuching,KOTRA_SNS_2025,화장품/뷰티
340130,US,Microbiome Labs - Makers of Megasporebiotic,,,,Importer,Saint Augustine Beach,KOTRA_SNS_2025,화장품/뷰티
340130,US,Beautiful faces by Kristen,,,,Importer,West Islip,KOTRA_SNS_2025,화장품/뷰티
340130,US,fountain of youth cosmetics,,,,Importer,Hope,KOTRA_SNS_2025,화장품/뷰티
340130,US,my house,,,,Importer,angier,KOTRA_SNS_2025,화장품/뷰티
330499,MN,"Darkhan, Darhan-Uul, Mongolia",,,,Importer,darkhan,KOTRA_SNS_2025,화장품/뷰티
330510,GB,Telefonica,,,,Importer,London,KOTRA_SNS_2025,화장품/뷰티
330510,GB,FRRRR,,,,Importer,Swadlincote,KOTRA_SNS_2025,화장품/뷰티
330510,US,Jenny's kitchen,,,,Importer,Concord,KOTRA_SNS_2025,화장품/뷰티
330510,GB,Sonya makeup,,,,Importer,Oldham,KOTRA_SNS_2025,화장품/뷰티
330510,ET,Beekind,,,,Importer,Oxford,KOTRA_SNS_2025,화장품/뷰티
330510,US,Influenster,,,,Importer,Henderson,KOTRA_SNS_2025,화장품/뷰티
330510,US,Meow keepers,,,,Importer,Las vegas,KOTRA_SNS_2025,화장품/뷰티
330510,US,Holt Med supply,,,,Importer,Clarksville,KOTRA_SNS_2025,화장품/뷰티
330510,US,Influenster,,,,Importer,Henderson,KOTRA_SNS_2025,화장품/뷰티
330510,US,Volunteers,,,,Importer,London,KOTRA_SNS_2025,화장품/뷰티
330510,US,Mine,,,,Importer,Greeneville,KOTRA_SNS_2025,화장품/뷰티
330510,GB,A&H Enterprising Limited,,,,Importer,Glasgow,KOTRA_SNS_2025,화장품/뷰티
330499,AE,Kemplink,,,,Importer,Dubai,KOTRA_SNS_2025,화장품/뷰티
330499,AE,Walgreen,,,,Importer,Dubai,KOTRA_SNS_2025,화장품/뷰티
330590,PH,Wattpad,,,,Importer,Rajsamand,KOTRA_SNS_2025,화장품/뷰티
330510,IN,Gudiya sahu,,,,Importer,Jaunpur,KOTRA_SNS_2025,화장품/뷰티
330510,US,Bhal gruhaudhyog,,,,Importer,Ahmedabad,KOTRA_SNS_2025,화장품/뷰티
330590,ID,Beaute,,,,Importer,Pku,KOTRA_SNS_2025,화장품/뷰티
330510,IN,Pharma industry,,,,Importer,Mumbai,KOTRA_SNS_2025,화장품/뷰티
330510,IN,chetan bharat corporation,,,,Importer,Surat,KOTRA_SNS_2025,화장품/뷰티
330520,IN,Tressary salon,,,,Importer,Ahmedabad,KOTRA_SNS_2025,화장품/뷰티
330520,IN,Sara,,,,Importer,New Delhi,KOTRA_SNS_2025,화장품/뷰티
330590,IN,Satnam Electronic,,,,Importer,Surat,KOTRA_SNS_2025,화장품/뷰티
330590,ID,Sapti,,,,Importer,Tangerang,KOTRA_SNS_2025,화장품/뷰티
330520,VN,DOB - Vietnam,,,,Importer,Ho Chi Minh City,KOTRA_SNS_2025,화장품/뷰티
330590,ID,M&G,,,,Importer,Tangerang,KOTRA_SNS_2025,화장품/뷰티
330590,US,pht ti,,,,Importer,tphcm,KOTRA_SNS_2025,화장품/뷰티
330499,IN,sccl kothagudem,,,,Importer,Hyderabad,KOTRA_SNS_2025,화장품/뷰티
330499,IN,Falak international,,,,Importer,Indore,KOTRA_SNS_2025,화장품/뷰티
330499,IN,kiran,,,,Importer,Airoli,KOTRA_SNS_2025,화장품/뷰티
330499,IN,Jss p,,,,Importer,Bijapur,KOTRA_SNS_2025,화장품/뷰티
330499,IN,My pleasure,,,,Importer,Mumbai,KOTRA_SNS_2025,화장품/뷰티
330499,IN,Techlime,,,,Importer,Delhi,KOTRA_SNS_2025,화장품/뷰티
330499,IN,Student,,,,Importer,Kabbur,KOTRA_SNS_2025,화장품/뷰티
330499,IN,Skin carving,,,,Importer,Mumbai,KOTRA_SNS_2025,화장품/뷰티
330499,IN,Basic Shiksha Parishad,,,,Importer,Sitapur Up,KOTRA_SNS_2025,화장품/뷰티
330499,IN,Fibrres and weavves Inc,,,,Importer,Bangalore,KOTRA_SNS_2025,화장품/뷰티
330499,IN,sccl kothagudem,,,,Importer,Hyderabad,KOTRA_SNS_2025,화장품/뷰티
330499,US,Mukashif,,,,Importer,Mukashif,KOTRA_SNS_2025,화장품/뷰티
330499,IN,Wevolve Counselling and wellness services,,,,Importer,New Delhi,KOTRA_SNS_2025,화장품/뷰티
330499,IN,Freed Pharma LLP,,,,Importer,Mumbai,KOTRA_SNS_2025,화장품/뷰티
330499,IN,Troikaa Pharmaceuticals Ltd.,,,,Importer,Akburpur kanpur dehat,KOTRA_SNS_2025,화장품/뷰티
330499,IN,Techlime,,,,Importer,Delhi,KOTRA_SNS_2025,화장품/뷰티
330499,IN,Maya Shop,,,,Importer,Kolkata,KOTRA_SNS_2025,화장품/뷰티
330499,IN,Samara Beauty Care,,,,Importer,nagpur,KOTRA_SNS_2025,화장품/뷰티
330499,VN,"metro cash and carry bien Hoa, dong nai, Vietnam",,,,Importer,Chi Lang,KOTRA_SNS_2025,화장품/뷰티
330499,VN,i Vit,,,,Importer,Hanoi,KOTRA_SNS_2025,화장품/뷰티
330499,VN,Cheemai Vietnam,,,,Importer,Hanoi,KOTRA_SNS_2025,화장품/뷰티
330499,RU,evo.vn,,,,Importer,Moscow,KOTRA_SNS_2025,화장품/뷰티
330499,VN,phamngocthien@gmail.com,,,,Importer,Da Nang,KOTRA_SNS_2025,화장품/뷰티
330499,VN,Sn Isn't Blogging,,,,Importer,Ho Chi Minh City,KOTRA_SNS_2025,화장품/뷰티
330499,VN,Cng ty TNHH Thng Mai Thnh Tm,,,,Importer,Hanoi,KOTRA_SNS_2025,화장품/뷰티
330499,VN,HiFriendz,,,,Importer,Vung Tau,KOTRA_SNS_2025,화장품/뷰티
330499,VN,Sitech,,,,Importer,Hanoi,KOTRA_SNS_2025,화장품/뷰티
330499,VN,Thng B Cm Quyn,,,,Importer,Tan Uyen,KOTRA_SNS_2025,화장품/뷰티
330499,VN,Zenyum Vietnam,,,,Importer,Ho Chi Minh City,KOTRA_SNS_2025,화장품/뷰티
330499,US,VISION FORMULA,,,,Importer,Saigon,KOTRA_SNS_2025,화장품/뷰티
330499,VN,BestDoctor.ru,,,,Importer,Ho Chi Minh City,KOTRA_SNS_2025,화장품/뷰티
330499,VN,No,,,,Importer,Ho Chi Minh City,KOTRA_SNS_2025,화장품/뷰티
330499,VN,NORRA SPA,,,,Importer,Ho Chi Minh City,KOTRA_SNS_2025,화장품/뷰티
330499,VN,QP Global Holdings,,,,Importer,Ho Chi Minh City,KOTRA_SNS_2025,화장품/뷰티
330499,VN,Glow Inc For Paws,,,,Importer,Ho Chi Minh City,KOTRA_SNS_2025,화장품/뷰티
330499,VN,"IN DI CO Co., Ltd",,,,Importer,Ho Chi Minh City,KOTRA_SNS_2025,화장품/뷰티
330499,CH,Sam Pet store,,,,Importer,Zurich,KOTRA_SNS_2025,화장품/뷰티
330499,VN,tjs trading,,,,Importer,Ho Chi Minh City,KOTRA_SNS_2025,화장품/뷰티
330499,VN,Thnh ph H Ch Minh,,,,Importer,Ho Chi Minh City,KOTRA_SNS_2025,화장품/뷰티
330499,VN,Cty TNHH TM DV & T XNK GOLDMEC,,,,Importer,Ho Chi Minh City,KOTRA_SNS_2025,화장품/뷰티
330499,US,PATI GROUP,,,,Importer,Santa Clara,KOTRA_SNS_2025,화장품/뷰티
330499,VN,@iamvinguyen,,,,Importer,Ho Chi Minh City,KOTRA_SNS_2025,화장품/뷰티
330499,VN,Bdjs,,,,Importer,Ho Chi Minh City,KOTRA_SNS_2025,화장품/뷰티
330499,VN,M.O.C,,,,Importer,Quan Ba Dinh,KOTRA_SNS_2025,화장품/뷰티
330499,US,Soans Pharma PVT LTD,,,,Importer,Kashmir,KOTRA_SNS_2025,화장품/뷰티
330499,IN,"Lucknow, Uttar Pradesh",,,,Importer,lucknow,KOTRA_SNS_2025,화장품/뷰티
330499,IN,GW,,,,Importer,Kolkata,KOTRA_SNS_2025,화장품/뷰티
330499,IN,Flower by Sohita,,,,Importer,Agra,KOTRA_SNS_2025,화장품/뷰티
330499,IN,Indian Globalstore,,,,Importer,Mumbai,KOTRA_SNS_2025,화장품/뷰티
330499,IN,Yashik Yadav,,,,Importer,Jaipur,KOTRA_SNS_2025,화장품/뷰티
330499,IN,Orishine,,,,Importer,Chiplun,KOTRA_SNS_2025,화장품/뷰티
330499,IN,Strauss Healthcare,,,,Importer,Ahmedabad,KOTRA_SNS_2025,화장품/뷰티
330499,US,Tibb pharmaceutical pvt ltd,,,,Importer,Mumbai,KOTRA_SNS_2025,화장품/뷰티
330499,IN,Swisskem healthcare,,,,Importer,Una,KOTRA_SNS_2025,화장품/뷰티
330499,IN,M/S Simply Secrets,,,,Importer,Kolkata,KOTRA_SNS_2025,화장품/뷰티
340119,IN,Rentomed pvt ltd,,,,Importer,Pune,KOTRA_SNS_2025,화장품/뷰티
330730,IN,Ray7,,,,Importer,Jodhpur,KOTRA_SNS_2025,화장품/뷰티
340119,IN,Orange spice,,,,Importer,Mumbai,KOTRA_SNS_2025,화장품/뷰티
340119,IN,tr,,,,Importer,palampur,KOTRA_SNS_2025,화장품/뷰티
340119,IN,nuweb,,,,Importer,Mumbai,KOTRA_SNS_2025,화장품/뷰티
340119,IN,Bodhita Essentials,,,,Importer,Howrah,KOTRA_SNS_2025,화장품/뷰티
340119,IN,Tejanga herbals,,,,Importer,Pune,KOTRA_SNS_2025,화장품/뷰티
330499,IN,31.03.1988,,,,Importer,Kolhapur,KOTRA_SNS_2025,화장품/뷰티
330499,IN,Consulta juris,,,,Importer,Jabalpur,KOTRA_SNS_2025,화장품/뷰티
330499,IN,home,,,,Importer,Jaipur,KOTRA_SNS_2025,화장품/뷰티
330499,IN,Goenkas Pharmaceuticals,,,,Importer,Faridabad,KOTRA_SNS_2025,화장품/뷰티
330499,IN,Metal Ministry,,,,Importer,Mumbai,KOTRA_SNS_2025,화장품/뷰티
330499,IN,Sagar Biotech,,,,Importer,Palampur,KOTRA_SNS_2025,화장품/뷰티
330499,IN,Wayda Life,,,,Importer,Indore,KOTRA_SNS_2025,화장품/뷰티
330499,IN,Indian Globalstore,,,,Importer,Mumbai,KOTRA_SNS_2025,화장품/뷰티
330499,US,Neera Naturals,,,,Importer,Ahemdabad,KOTRA_SNS_2025,화장품/뷰티
330499,IN,Student,,,,Importer,Kabbur,KOTRA_SNS_2025,화장품/뷰티
330499,IN,manju beauty parlour,,,,Importer,Jaipur,KOTRA_SNS_2025,화장품/뷰티
330499,IN,PIALI'S MAKEUP TOUCH,,,,Importer,Durgapur,KOTRA_SNS_2025,화장품/뷰티
330499,IN,kk Enterprises,,,,Importer,Vadodara,KOTRA_SNS_2025,화장품/뷰티
330499,IN,Grand smith,,,,Importer,Bangalore,KOTRA_SNS_2025,화장품/뷰티
330499,IN,H S,,,,Importer,Bhiwani,KOTRA_SNS_2025,화장품/뷰티
330499,IN,Na,,,,Importer,Pune,KOTRA_SNS_2025,화장품/뷰티
330499,IN,Working,,,,Importer,Mumbai,KOTRA_SNS_2025,화장품/뷰티
330499,IN,.,,,,Importer,.,KOTRA_SNS_2025,화장품/뷰티
330499,IN,Aimil pharmaceuticals,,,,Importer,New delhi,KOTRA_SNS_2025,화장품/뷰티
330499,IN,NXSS,,,,Importer,Vadodara,KOTRA_SNS_2025,화장품/뷰티
330499,IN,AJ Films production,,,,Importer,Delhi,KOTRA_SNS_2025,화장품/뷰티
330499,IN,Aandre Amelie,,,,Importer,Delhi,KOTRA_SNS_2025,화장품/뷰티
330499,IN,Pharma companies,,,,Importer,Chandigarh,KOTRA_SNS_2025,화장품/뷰티
330499,IN,haduram goods Pvt Ltd,,,,Importer,Berhampur,KOTRA_SNS_2025,화장품/뷰티
330499,OM,Medizyn,,,,Importer,Chennai,KOTRA_SNS_2025,화장품/뷰티
330499,IN,Power9herbals Pvt Ltd,,,,Importer,GUNTUR,KOTRA_SNS_2025,화장품/뷰티
330499,IN,Navata Consumers,,,,Importer,Mumbai,KOTRA_SNS_2025,화장품/뷰티
330499,IN,Cisha,,,,Importer,Delhi,KOTRA_SNS_2025,화장품/뷰티
330499,IN,aas overseas,,,,Importer,Jammu& kashmir,KOTRA_SNS_2025,화장품/뷰티
330499,IN,Adk,,,,Importer,Chennai,KOTRA_SNS_2025,화장품/뷰티
330499,IN,Vamjo,,,,Importer,Thrissur,KOTRA_SNS_2025,화장품/뷰티
330499,IN,The velvet veils,,,,Importer,Delhi,KOTRA_SNS_2025,화장품/뷰티
330499,IN,pluto,,,,Importer,Mira Road,KOTRA_SNS_2025,화장품/뷰티
330499,IN,Infortica bpo pvt ltd,,,,Importer,Ludhiana,KOTRA_SNS_2025,화장품/뷰티
330499,IN,European gulf international Trading LLC,,,,Importer,Bangalore and Lucknow,KOTRA_SNS_2025,화장품/뷰티
330499,US,Freelancer,,,,Importer,Hyderabad,KOTRA_SNS_2025,화장품/뷰티
340119,IN,Dhruv,,,,Importer,Muzaffarnagar,KOTRA_SNS_2025,화장품/뷰티
330730,IN,Mufa Endeavors,,,,Importer,Hyderabad,KOTRA_SNS_2025,화장품/뷰티
340119,IN,Chandrashekhar Enterprises,,,,Importer,Nagpur,KOTRA_SNS_2025,화장품/뷰티
340119,IN,Goenkas Pharmaceuticals,,,,Importer,Faridabad,KOTRA_SNS_2025,화장품/뷰티
340119,IN,Paramesh India Co,,,,Importer,Khammam,KOTRA_SNS_2025,화장품/뷰티
330730,IN,Apptech World,,,,Importer,Ahmedabad,KOTRA_SNS_2025,화장품/뷰티
340119,IN,RIGHTSIDE PRODUCTS,,,,Importer,JODHPUR,KOTRA_SNS_2025,화장품/뷰티
340119,IN,Soulshine technology pvt Ltd,,,,Importer,Kochi,KOTRA_SNS_2025,화장품/뷰티
340119,IN,Suhaan Wellness,,,,Importer,Mumbai,KOTRA_SNS_2025,화장품/뷰티
330730,US,Own company,,,,Importer,New Delhi,KOTRA_SNS_2025,화장품/뷰티
330730,IN,Founder Dyu Handmade Soaps,,,,Importer,Bangalore,KOTRA_SNS_2025,화장품/뷰티
330730,IN,Market for home,,,,Importer,Surat,KOTRA_SNS_2025,화장품/뷰티
330730,IN,economic green,,,,Importer,Kolkata,KOTRA_SNS_2025,화장품/뷰티
340119,IN,HO,,,,Importer,Mumbai,KOTRA_SNS_2025,화장품/뷰티
340119,IN,Care mix,,,,Importer,Thanjavur,KOTRA_SNS_2025,화장품/뷰티
330730,IN,aas overseas,,,,Importer,Jammu& kashmir,KOTRA_SNS_2025,화장품/뷰티
340119,IN,Samara Beauty Care,,,,Importer,Nagpur,KOTRA_SNS_2025,화장품/뷰티
340119,IN,I think ink,,,,Importer,Mumbai,KOTRA_SNS_2025,화장품/뷰티
340119,IN,Nytarra,,,,Importer,Delhi,KOTRA_SNS_2025,화장품/뷰티
340119,IN,JVDN international,,,,Importer,Ahmedabad,KOTRA_SNS_2025,화장품/뷰티
340119,IN,Hs creations,,,,Importer,Delhi,KOTRA_SNS_2025,화장품/뷰티
330499,US,Tibb pharmaceutical pvt ltd,,,,Importer,Mumbai,KOTRA_SNS_2025,화장품/뷰티
330499,IN,Hindustan Foreign Traders,,,,Importer,New Delhi,KOTRA_SNS_2025,화장품/뷰티
330499,IN,Gayatri healthcure ltd,,,,Importer,Mumbai,KOTRA_SNS_2025,화장품/뷰티
330499,IN,Grand smith,,,,Importer,Bangalore,KOTRA_SNS_2025,화장품/뷰티
330499,IN,Rainbow Industrial services,,,,Importer,Coimbatore,KOTRA_SNS_2025,화장품/뷰티
330499,IN,All About Windows Pvt Ltd,,,,Importer,Mumbai,KOTRA_SNS_2025,화장품/뷰티
330499,IN,Alan Truman,,,,Importer,Mumbai,KOTRA_SNS_2025,화장품/뷰티
330499,IN,No,,,,Importer,Ahmedabad,KOTRA_SNS_2025,화장품/뷰티
330499,IN,Skincare brand,,,,Importer,Mumbai,KOTRA_SNS_2025,화장품/뷰티
330499,IN,Na,,,,Importer,Pune,KOTRA_SNS_2025,화장품/뷰티
330499,IN,dermagenix,,,,Importer,Gorakhpur,KOTRA_SNS_2025,화장품/뷰티
330499,IN,Princy beauty products and services,,,,Importer,Bangalore,KOTRA_SNS_2025,화장품/뷰티
330499,IN,Radiance Hair &  Skin Clinic,,,,Importer,Surat,KOTRA_SNS_2025,화장품/뷰티
330499,IN,Skin arcane,,,,Importer,Mumbai,KOTRA_SNS_2025,화장품/뷰티
330499,IN,Alloroots,,,,Importer,Bhubaneswar and Delhi,KOTRA_SNS_2025,화장품/뷰티
330499,IN,Ved Dental skin and hair multispeciality clinic,,,,Importer,Wardha,KOTRA_SNS_2025,화장품/뷰티
330410,Colombia,Metrocuadrado,,,,Importer,Colombia,KOTRA_SNS_2025,화장품/뷰티
330410,Mxico,Loquay S.A.,,,,Importer,Mxico,KOTRA_SNS_2025,화장품/뷰티
330410,Guatemala,Whirlpool Corporation,,,,Importer,Guatemala,KOTRA_SNS_2025,화장품/뷰티
330499,IN,AASH ZEENAT PHARMACY,,,,Importer,pulwama,KOTRA_SNS_2025,화장품/뷰티
330499,IN,Clinic,,,,Importer,Bombay,KOTRA_SNS_2025,화장품/뷰티
330499,IN,Mahatma Gandhi Medical College Jaipur,,,,Importer,Patiala,KOTRA_SNS_2025,화장품/뷰티
330499,IN,Suger palace,,,,Importer,Mumbai,KOTRA_SNS_2025,화장품/뷰티
330499,IN,HELDER COSMETICS AND HEALTHCARE PRIVATE LIMITED,,,,Importer,Ahmedabad,KOTRA_SNS_2025,화장품/뷰티
330499,IN,Diet clinic,,,,Importer,Delhi,KOTRA_SNS_2025,화장품/뷰티
330499,IN,Amba exports,,,,Importer,Delhi,KOTRA_SNS_2025,화장품/뷰티
330499,IN,doctor,,,,Importer,New Delhi,KOTRA_SNS_2025,화장품/뷰티
330499,IN,"Surat, Gujarat",,,,Importer,surat,KOTRA_SNS_2025,화장품/뷰티
330499,IN,Dr Bala,,,,Importer,Hyderabad,KOTRA_SNS_2025,화장품/뷰티
330499,IN,swiss life formulations,,,,Importer,bhopal,KOTRA_SNS_2025,화장품/뷰티
330499,IN,Sebaphil india limited,,,,Importer,Delhi,KOTRA_SNS_2025,화장품/뷰티
330499,IN,Vhv,,,,Importer,Mumbai,KOTRA_SNS_2025,화장품/뷰티
330499,IN,Alaana Skin hair and laser clinic,,,,Importer,Mumbai,KOTRA_SNS_2025,화장품/뷰티
330499,IN,Esthe Wellness,,,,Importer,Junagadh,KOTRA_SNS_2025,화장품/뷰티
330499,US,Tibb pharmaceutical pvt ltd,,,,Importer,Mumbai,KOTRA_SNS_2025,화장품/뷰티
330499,IN,Hindustan Foreign Traders,,,,Importer,New Delhi,KOTRA_SNS_2025,화장품/뷰티
330499,IN,Aromatherapist and naturotherapist,,,,Importer,Bangalore,KOTRA_SNS_2025,화장품/뷰티
330499,IN,Gayatri healthcure ltd,,,,Importer,Mumbai,KOTRA_SNS_2025,화장품/뷰티
330499,IN,Grand smith,,,,Importer,Bangalore,KOTRA_SNS_2025,화장품/뷰티
330499,IN,Rainbow Industrial services,,,,Importer,Coimbatore,KOTRA_SNS_2025,화장품/뷰티
330499,IN,All About Windows Pvt Ltd,,,,Importer,Mumbai,KOTRA_SNS_2025,화장품/뷰티
330499,IN,Mecsel pharma,,,,Importer,Ahmedabad,KOTRA_SNS_2025,화장품/뷰티
330499,IN,Alan Truman,,,,Importer,Mumbai,KOTRA_SNS_2025,화장품/뷰티
330499,IN,31.03.1988,,,,Importer,Kolhapur,KOTRA_SNS_2025,화장품/뷰티
330499,IN,Consulta juris,,,,Importer,Jabalpur,KOTRA_SNS_2025,화장품/뷰티
330499,IN,home,,,,Importer,Jaipur,KOTRA_SNS_2025,화장품/뷰티
330499,IN,Goenkas Pharmaceuticals,,,,Importer,Faridabad,KOTRA_SNS_2025,화장품/뷰티
330499,US,Freelancer,,,,Importer,Hyderabad,KOTRA_SNS_2025,화장품/뷰티
330499,IN,Metal Ministry,,,,Importer,Mumbai,KOTRA_SNS_2025,화장품/뷰티
330499,IN,Sagar Biotech,,,,Importer,Palampur,KOTRA_SNS_2025,화장품/뷰티
330499,IN,Wayda Life,,,,Importer,Indore,KOTRA_SNS_2025,화장품/뷰티
330499,IN,Indian Globalstore,,,,Importer,Mumbai,KOTRA_SNS_2025,화장품/뷰티
330499,IN,Pramukham impex,,,,Importer,Vadodara,KOTRA_SNS_2025,화장품/뷰티
330410,Per,Universal Print,,,,Importer,Per,KOTRA_SNS_2025,화장품/뷰티
330410,Panam,Distribeaut,,,,Importer,Panam,KOTRA_SNS_2025,화장품/뷰티
330499,IN,Atasi,,,,Importer,Mumbai,KOTRA_SNS_2025,화장품/뷰티
330499,IN,Strauss Healthcare,,,,Importer,Ahmedabad,KOTRA_SNS_2025,화장품/뷰티
330499,IN,M/S Simply Secrets,,,,Importer,Kolkata,KOTRA_SNS_2025,화장품/뷰티
330499,IN,pharma,,,,Importer,kanpur,KOTRA_SNS_2025,화장품/뷰티
330499,IN,Iblink,,,,Importer,Mumbai,KOTRA_SNS_2025,화장품/뷰티
330499,IN,Infortica bpo pvt ltd,,,,Importer,Ludhiana,KOTRA_SNS_2025,화장품/뷰티
330499,IN,Bhuvanya Traders,,,,Importer,Siddipet,KOTRA_SNS_2025,화장품/뷰티
330499,IN,Derma Solution,,,,Importer,Tirunelveli,KOTRA_SNS_2025,화장품/뷰티
330499,IN,"Bhopal, Madhya Pradesh",,,,Importer,Bhopal,KOTRA_SNS_2025,화장품/뷰티
330499,IN,Derma radiance,,,,Importer,Mumbai,KOTRA_SNS_2025,화장품/뷰티
330499,TW,M,,,,Importer,Kowloon,KOTRA_SNS_2025,화장품/뷰티
330499,UZ,Бизнесмен,,,,Importer,тошкент,KOTRA_SNS_2025,화장품/뷰티
330499,RO,Slim Lady Center,,,,Importer,Bucharest,KOTRA_SNS_2025,화장품/뷰티
330499,TR,Mic gayrimenkul A,,,,Importer,stanbul,KOTRA_SNS_2025,화장품/뷰티
330499,FR,En devenir,,,,Importer,Nnnnnnn,KOTRA_SNS_2025,화장품/뷰티
330499,TR,Vkbvvh,,,,Importer,Izmir,KOTRA_SNS_2025,화장품/뷰티
330499,PT,"Kassanel, lda",,,,Importer,Ourm,KOTRA_SNS_2025,화장품/뷰티
330499,IT,Moretto & Forte srls,,,,Importer,Roma,KOTRA_SNS_2025,화장품/뷰티
330499,FR,Beautylift,,,,Importer,Marseille,KOTRA_SNS_2025,화장품/뷰티
330499,DK,bodylux,,,,Importer,vojens,KOTRA_SNS_2025,화장품/뷰티
330499,FI,Facebook,,,,Importer,Helsinki,KOTRA_SNS_2025,화장품/뷰티
330499,GB,PBM Care Ltd,,,,Importer,Lytham St Annes,KOTRA_SNS_2025,화장품/뷰티
330499,GB,body contouring bangor,,,,Importer,Bangor,KOTRA_SNS_2025,화장품/뷰티
330499,PT,Independente l,,,,Importer,Setbal,KOTRA_SNS_2025,화장품/뷰티
330499,US,флаг х,,,,Importer,Bulgaria,KOTRA_SNS_2025,화장품/뷰티
330499,GB,Sool,,,,Importer,Blackburn,KOTRA_SNS_2025,화장품/뷰티
330499,FR,Projet a venir a la rentre,,,,Importer,Strasbourg,KOTRA_SNS_2025,화장품/뷰티
330499,GB,Bio Skin and Wellness,,,,Importer,Stonehaven,KOTRA_SNS_2025,화장품/뷰티
330499,GB,Beauty bar,,,,Importer,London,KOTRA_SNS_2025,화장품/뷰티
330499,AT,Marcelino,,,,Importer,Celje,KOTRA_SNS_2025,화장품/뷰티
330499,XK,Emc hair asethic,,,,Importer,Pristina,KOTRA_SNS_2025,화장품/뷰티
330499,RO,A,,,,Importer,b,KOTRA_SNS_2025,화장품/뷰티
330499,NL,Plasma Instuut,,,,Importer,Best,KOTRA_SNS_2025,화장품/뷰티
330499,TR,Alize Kozmetik Elektronik,,,,Importer,stanbul,KOTRA_SNS_2025,화장품/뷰티
330499,IE,Sallins,,,,Importer,Naas,KOTRA_SNS_2025,화장품/뷰티
330499,FI,Carmen Salone,,,,Importer,Helsinki,KOTRA_SNS_2025,화장품/뷰티
330499,RO,my elite comsmetic,,,,Importer,constanta,KOTRA_SNS_2025,화장품/뷰티
330499,GB,Rejuv Aesthetics UK,,,,Importer,Northampton,KOTRA_SNS_2025,화장품/뷰티
330499,AT,Selbstndig als Kosmetikerin,,,,Importer,Linz,KOTRA_SNS_2025,화장품/뷰티
330499,ES,sergiosanchezburguillos23@gmail.com,,,,Importer,peru,KOTRA_SNS_2025,화장품/뷰티
330499,TR,Canım Ailesinin Arslan'ın Eren Arslan,,,,Importer,Canım Ailesi,KOTRA_SNS_2025,화장품/뷰티
330499,PL,Your med,,,,Importer,Wola Polska,KOTRA_SNS_2025,화장품/뷰티
330499,IT,xoxkgxgkxkgogx.,,,,Importer,Napoli,KOTRA_SNS_2025,화장품/뷰티
330499,IE,Amara Clinic,,,,Importer,Dublin,KOTRA_SNS_2025,화장품/뷰티
330499,CN,Roxella's,,,,Importer,Shanghai,KOTRA_SNS_2025,화장품/뷰티
330499,US,Ипн,,,,Importer,Фарона,KOTRA_SNS_2025,화장품/뷰티
330499,GB,Christina mclean pmu,,,,Importer,Dunfermline,KOTRA_SNS_2025,화장품/뷰티
330499,TR,sultan armuti,,,,Importer,Gaziantep,KOTRA_SNS_2025,화장품/뷰티
330499,TR,hghgff,,,,Importer,Israel,KOTRA_SNS_2025,화장품/뷰티
330499,SA,almaydan,,,,Importer,stanbul,KOTRA_SNS_2025,화장품/뷰티
330499,UA,Sport Lab sport/marketing/events,,,,Importer,Kyiv,KOTRA_SNS_2025,화장품/뷰티
330499,UZ,KOKOS+,,,,Importer,Tashkent,KOTRA_SNS_2025,화장품/뷰티
330499,FR,Skinglow®,,,,Importer,Stiring Wendel,KOTRA_SNS_2025,화장품/뷰티
330499,HU,Josy egy tojas,,,,Importer,Messancy,KOTRA_SNS_2025,화장품/뷰티
330499,VN,ATM investment,,,,Importer,Ho Chi Minh City,KOTRA_SNS_2025,화장품/뷰티
330499,CZ,OAD Koln,,,,Importer,Koln,KOTRA_SNS_2025,화장품/뷰티
330499,US,Nicetomeetyou@gmil.comd,,,,Importer,Nicetomeetyou@gmil.com,KOTRA_SNS_2025,화장품/뷰티
330499,LV,Inga Juzane,,,,Importer,Riga,KOTRA_SNS_2025,화장품/뷰티
330499,UZ,Individual entrepreneur Abdullayev Sardorbek,,,,Importer,Tashkent,KOTRA_SNS_2025,화장품/뷰티
330499,NL,Yunnie Seoul,,,,Importer,Rotterdam,KOTRA_SNS_2025,화장품/뷰티
330499,US,B,,,,Importer,Mersin,KOTRA_SNS_2025,화장품/뷰티
330499,TR,Ata,,,,Importer,Konya,KOTRA_SNS_2025,화장품/뷰티
330499,TR,Kadir Has niversitesi,,,,Importer,Istanbul,KOTRA_SNS_2025,화장품/뷰티
330499,VN,Pmi,,,,Importer,H Ni,KOTRA_SNS_2025,화장품/뷰티
330499,TR,zey doal kozmetik,,,,Importer,stanbul,KOTRA_SNS_2025,화장품/뷰티
330499,TR,Alpha Care Wellness,,,,Importer,Afyonkarahisar,KOTRA_SNS_2025,화장품/뷰티
330499,US,B,,,,Importer,Mersin,KOTRA_SNS_2025,화장품/뷰티
330499,TR,Istanbul Orman Bolge Mud.,,,,Importer,Istanbul,KOTRA_SNS_2025,화장품/뷰티
340119,FM,Shamario,,,,Importer,Nlv,KOTRA_SNS_2025,화장품/뷰티
340119,US,sometimes im creative,,,,Importer,Toledo,KOTRA_SNS_2025,화장품/뷰티
330499,US,Scents & More Superstore LLC,,,,Importer,McKinney,KOTRA_SNS_2025,화장품/뷰티
330499,US,McPhatter Inc.,,,,Importer,North Brunswick,KOTRA_SNS_2025,화장품/뷰티
330499,MX,Matienzo,,,,Importer,Zapopan City,KOTRA_SNS_2025,화장품/뷰티
330499,US,Sandstone,,,,Importer,Valdese,KOTRA_SNS_2025,화장품/뷰티
330499,MX,Nutricin Jessica chapa,,,,Importer,San Pedro Garza Garca,KOTRA_SNS_2025,화장품/뷰티
330499,US,Gem Beauty Enterprises,,,,Importer,Detroit,KOTRA_SNS_2025,화장품/뷰티
330499,MX,Vida Divina,,,,Importer,Tijuana,KOTRA_SNS_2025,화장품/뷰티
330499,US,Carpenter Realtors,,,,Importer,Martinsville,KOTRA_SNS_2025,화장품/뷰티
330499,US,Cooley Construction,,,,Importer,Wauchula,KOTRA_SNS_2025,화장품/뷰티
330499,US,Headleyshanna@gmail.com,,,,Importer,North East,KOTRA_SNS_2025,화장품/뷰티
330499,US,Temps of New England,,,,Importer,willimantic,KOTRA_SNS_2025,화장품/뷰티
330499,US,Inkjunky,,,,Importer,Skipwith,KOTRA_SNS_2025,화장품/뷰티
330499,MX,Heiwa & Petras Corporation,,,,Importer,Ciudad de Mxico,KOTRA_SNS_2025,화장품/뷰티
330499,US,Lundon’s Beauty,,,,Importer,Pine Bluff,KOTRA_SNS_2025,화장품/뷰티
330499,US,US Postal Service,,,,Importer,Johnston City,KOTRA_SNS_2025,화장품/뷰티
330499,CA,Colpitts Developments,,,,Importer,Fredericton,KOTRA_SNS_2025,화장품/뷰티
330499,US,Make up bar,,,,Importer,Niagara Falls,KOTRA_SNS_2025,화장품/뷰티
330499,US,Veta's way,,,,Importer,Canton,KOTRA_SNS_2025,화장품/뷰티
330499,US,605-705-9911,,,,Importer,sioux falls,KOTRA_SNS_2025,화장품/뷰티
330499,MX,Id don t work,,,,Importer,Guadalajara,KOTRA_SNS_2025,화장품/뷰티
330499,MX,Bc clinik,,,,Importer,Metepec,KOTRA_SNS_2025,화장품/뷰티
330499,US,Filchem Inc,,,,Importer,newmarket,KOTRA_SNS_2025,화장품/뷰티
330499,US,Altered Skin Lab & Spa,,,,Importer,Decatur,KOTRA_SNS_2025,화장품/뷰티
330499,MX,Hidromed,,,,Importer,Tijuana,KOTRA_SNS_2025,화장품/뷰티
330499,MX,5529967747,,,,Importer,Mexico City,KOTRA_SNS_2025,화장품/뷰티
330499,CA,Canamed export,,,,Importer,Montreal,KOTRA_SNS_2025,화장품/뷰티
330499,MX,Universidad Tecnolgica Laja Bajo,,,,Importer,Celaya,KOTRA_SNS_2025,화장품/뷰티
330499,US,Midnight Sun Dental,,,,Importer,Anchorage,KOTRA_SNS_2025,화장품/뷰티
330499,MX,Personal,,,,Importer,Mexico City,KOTRA_SNS_2025,화장품/뷰티
330499,MX,comercit,,,,Importer,toluca y Guadalajara,KOTRA_SNS_2025,화장품/뷰티
330499,MX,ELEVE LANM SA DE CV,,,,Importer,Mexico City,KOTRA_SNS_2025,화장품/뷰티
330499,US,creator,,,,Importer,Midland City,KOTRA_SNS_2025,화장품/뷰티
330499,US,Erick,,,,Importer,City,KOTRA_SNS_2025,화장품/뷰티
330499,US,Bell,,,,Importer,Wilmington,KOTRA_SNS_2025,화장품/뷰티
330499,US,Certified Professional At-Home Aesthetics/Esthetics,,,,Importer,Speedway,KOTRA_SNS_2025,화장품/뷰티
330499,US,,,,,Importer,"Canoga park, california",KOTRA_SNS_2025,화장품/뷰티
330499,US,call,,,,Importer,St. Louis,KOTRA_SNS_2025,화장품/뷰티
330499,US,Military retirement party contract's military retirement student pbgcmpba unlimited employeements re,,,,Importer,jacksonville,KOTRA_SNS_2025,화장품/뷰티
330499,US,Kroger,,,,Importer,Woodstock,KOTRA_SNS_2025,화장품/뷰티
330499,US,И,,,,Importer,Алматы,KOTRA_SNS_2025,화장품/뷰티
330499,AE,SA Luxboutique,,,,Importer,Abudhabi,KOTRA_SNS_2025,화장품/뷰티
330499,CO,Pharmaderm sa,,,,Importer,Bogota,KOTRA_SNS_2025,화장품/뷰티
330499,CO,maritzaalvarez spad,,,,Importer,Medelln,KOTRA_SNS_2025,화장품/뷰티
330499,CO,Concretmolds.,,,,Importer,Colombia,KOTRA_SNS_2025,화장품/뷰티
330499,CO,Juvens Medical Institut,,,,Importer,Bogot,KOTRA_SNS_2025,화장품/뷰티
330499,CO,Colmdica,,,,Importer,Bogot,KOTRA_SNS_2025,화장품/뷰티
330499,CO,Vittastetik Pharma,,,,Importer,POPAYAN,KOTRA_SNS_2025,화장품/뷰티
330499,CO,Pistacho,,,,Importer,Ibague,KOTRA_SNS_2025,화장품/뷰티
330499,CO,Adrianna Rojas Medicina esttica,,,,Importer,Cartagena,KOTRA_SNS_2025,화장품/뷰티
330499,CO,industrias oka,,,,Importer,Medelln,KOTRA_SNS_2025,화장품/뷰티
330499,CO,Productos de belleza El genio,,,,Importer,BOGOT,KOTRA_SNS_2025,화장품/뷰티
330499,CO,Consultrio Odontolgico Particular .,,,,Importer,Bogot,KOTRA_SNS_2025,화장품/뷰티
330499,CO,Hlioscopie,,,,Importer,Bogot,KOTRA_SNS_2025,화장품/뷰티
330499,CO,uddj,,,,Importer,a,KOTRA_SNS_2025,화장품/뷰티
330499,CO,Casa,,,,Importer,Bucaramanga,KOTRA_SNS_2025,화장품/뷰티
330499,US,Misin inmobiliaria seet home sas,,,,Importer,Barrio,KOTRA_SNS_2025,화장품/뷰티
330499,CO,Olmos&Martnez consultores sas,,,,Importer,Zipaquir,KOTRA_SNS_2025,화장품/뷰티
330499,CO,ADA,,,,Importer,Barranquilla,KOTRA_SNS_2025,화장품/뷰티
330499,JP,ベルエトワル,,,,Importer,MIYAZAKI,KOTRA_SNS_2025,화장품/뷰티
330499,UZ,1,,,,Importer,Urgench,KOTRA_SNS_2025,화장품/뷰티
330410,Mxico,MasPharma,,,,Importer,Mxico,KOTRA_SNS_2025,화장품/뷰티
330410,Colombia,SPI Amricas,,,,Importer,Colombia,KOTRA_SNS_2025,화장품/뷰티
330410,Repblica Dominicana,Consultora Independiente,,,,Importer,Repblica Dominicana,KOTRA_SNS_2025,화장품/뷰티
330410,Repblica Dominicana,Laboratorios franja,,,,Importer,Repblica Dominicana,KOTRA_SNS_2025,화장품/뷰티
330499,IN,Presley Gonsalves,,,,Importer,Margao,KOTRA_SNS_2025,화장품/뷰티
330499,IN,Otys Beauty and Health Care,,,,Importer,Ahmedabad,KOTRA_SNS_2025,화장품/뷰티
330499,IN,Hyperconnectt,,,,Importer,Indore,KOTRA_SNS_2025,화장품/뷰티
330499,IN,Mieux Demain,,,,Importer,Gurgaon,KOTRA_SNS_2025,화장품/뷰티
330499,IN,Pure intimacy,,,,Importer,Bangalore,KOTRA_SNS_2025,화장품/뷰티
330499,IN,Mina beauty clinics,,,,Importer,Kakinada,KOTRA_SNS_2025,화장품/뷰티
330499,IN,"Skinovate by Dr Riddhi hair, skin and laser clinic",,,,Importer,Porbandar,KOTRA_SNS_2025,화장품/뷰티
330499,IN,The salon,,,,Importer,Hyderabad,KOTRA_SNS_2025,화장품/뷰티
330499,IN,Amba exports,,,,Importer,Delhi,KOTRA_SNS_2025,화장품/뷰티
330499,IN,Chocobay food and beverage,,,,Importer,Nashik,KOTRA_SNS_2025,화장품/뷰티
330499,IN,kiran,,,,Importer,Airoli,KOTRA_SNS_2025,화장품/뷰티
330499,IN,Quickpickhub,,,,Importer,Lucknow,KOTRA_SNS_2025,화장품/뷰티
330499,IN,Phosly pharmaceutical pvt ltd,,,,Importer,Bangalore,KOTRA_SNS_2025,화장품/뷰티
330499,IN,Zee and zoe advisors consultants and management services,,,,Importer,Pune,KOTRA_SNS_2025,화장품/뷰티
330499,IN,Simplictic,,,,Importer,Pathankot,KOTRA_SNS_2025,화장품/뷰티
330499,IN,Vasu,,,,Importer,Hisar,KOTRA_SNS_2025,화장품/뷰티
330499,IN,Yet to be decided,,,,Importer,Junagadh,KOTRA_SNS_2025,화장품/뷰티
330499,US,Tibb pharmaceutical pvt ltd,,,,Importer,Thane,KOTRA_SNS_2025,화장품/뷰티
330499,IN,Sakshi's craft,,,,Importer,Pune,KOTRA_SNS_2025,화장품/뷰티
330499,IN,AR PHARMA AND COSMETICS,,,,Importer,Surat,KOTRA_SNS_2025,화장품/뷰티
330499,IN,Nilkanth Export,,,,Importer,Dhoraji,KOTRA_SNS_2025,화장품/뷰티
330499,IN,"IFB Industries Ltd, Bangalore",,,,Importer,Verna,KOTRA_SNS_2025,화장품/뷰티
330499,US,fg,,,,Importer,gg,KOTRA_SNS_2025,화장품/뷰티
330499,US,meta,,,,Importer,hd,KOTRA_SNS_2025,화장품/뷰티
330499,US,vb,,,,Importer,b v,KOTRA_SNS_2025,화장품/뷰티
330499,US,NIDA WELLNESS ( BEE & BEAUTY ),,,,Importer,pune,KOTRA_SNS_2025,화장품/뷰티
330499,US,sjsj,,,,Importer,gh,KOTRA_SNS_2025,화장품/뷰티
330499,US,bh,,,,Importer,ny,KOTRA_SNS_2025,화장품/뷰티
330499,US,gyt,,,,Importer,delh,KOTRA_SNS_2025,화장품/뷰티
330499,US,having,,,,Importer,TBH,KOTRA_SNS_2025,화장품/뷰티
330499,US,nu,,,,Importer,and,KOTRA_SNS_2025,화장품/뷰티
330499,US,jn,,,,Importer,cc,KOTRA_SNS_2025,화장품/뷰티
330499,IN,ITC Infotech,,,,Importer,Kalyan,KOTRA_SNS_2025,화장품/뷰티
330499,IN,RENOWNED SKIN EXPERT @BHUSHAN'S BEAUTY X-PRESSO.,,,,Importer,Ulhasnagar,KOTRA_SNS_2025,화장품/뷰티
330499,US,conor,,,,Importer,ny,KOTRA_SNS_2025,화장품/뷰티
340119,US,,,,,Importer,Lincoln,KOTRA_SNS_2025,화장품/뷰티
330790,MY,Own,,,,Importer,Kuala lumpur,KOTRA_SNS_2025,화장품/뷰티
330499,IN,albin store,,,,Importer,udankudi,KOTRA_SNS_2025,화장품/뷰티
330499,AL,extra,,,,Importer,Agartala,KOTRA_SNS_2025,화장품/뷰티
330499,IN,Maheshwari enterprises,,,,Importer,Bhopal,KOTRA_SNS_2025,화장품/뷰티
330499,IN,Kintu,,,,Importer,Surat,KOTRA_SNS_2025,화장품/뷰티
330499,IN,airtel,,,,Importer,Delhi,KOTRA_SNS_2025,화장품/뷰티
330499,GF,Manorma,,,,Importer,ktm,KOTRA_SNS_2025,화장품/뷰티
330499,IN,Capital surgicals,,,,Importer,Gurugram,KOTRA_SNS_2025,화장품/뷰티
330499,IN,Sum,,,,Importer,Hyderabad,KOTRA_SNS_2025,화장품/뷰티
330499,RU,Unknown,,,,Importer,Dholakpur,KOTRA_SNS_2025,화장품/뷰티
330499,US,Y,,,,Importer,Y,KOTRA_SNS_2025,화장품/뷰티
330499,IN,CXC,,,,Importer,hisar,KOTRA_SNS_2025,화장품/뷰티
330499,AE,Alverstone Drug House,,,,Importer,Dubai,KOTRA_SNS_2025,화장품/뷰티
330499,US,Unity India Corp,,,,Importer,Bangaluru,KOTRA_SNS_2025,화장품/뷰티
330499,IN,Earthraga,,,,Importer,Delhi,KOTRA_SNS_2025,화장품/뷰티
330499,IN,I am happy angel not,,,,Importer,Jammu,KOTRA_SNS_2025,화장품/뷰티
330499,IN,Lipsnglory,,,,Importer,Kolkata,KOTRA_SNS_2025,화장품/뷰티
330499,IN,Alan Truman,,,,Importer,Mumbai,KOTRA_SNS_2025,화장품/뷰티
330499,IN,Veena rai foundation trust,,,,Importer,Ballia,KOTRA_SNS_2025,화장품/뷰티
330499,IN,Goenkas Pharmaceuticals,,,,Importer,Faridabad,KOTRA_SNS_2025,화장품/뷰티
330499,KZ,Sheshenamy,,,,Importer,KZ,KOTRA_SNS_2025,화장품/뷰티
330499,KG,Ainur,,,,Importer,Osh,KOTRA_SNS_2025,화장품/뷰티
330499,KG,США,,,,Importer,Bishkek,KOTRA_SNS_2025,화장품/뷰티
330499,KZ,Altinshash&IS,,,,Importer,KZ,KOTRA_SNS_2025,화장품/뷰티
330499,KZ,Aqyldy qorgan,,,,Importer,Актау,KOTRA_SNS_2025,화장품/뷰티
330499,US,Гулдана,,,,Importer,Гулдана,KOTRA_SNS_2025,화장품/뷰티
330499,US,Dogj,,,,Importer,Sayz,KOTRA_SNS_2025,화장품/뷰티
330499,KG,Стильная Женщина.,,,,Importer,Bishkek,KOTRA_SNS_2025,화장품/뷰티
330499,KZ,Halyk Bank,,,,Importer,Almaty,KOTRA_SNS_2025,화장품/뷰티
330499,KG,Косметология,,,,Importer,Osh,KOTRA_SNS_2025,화장품/뷰티
330499,US,Vvb,,,,Importer,But I t,KOTRA_SNS_2025,화장품/뷰티
330499,US,Torchlight Design,,,,Importer,Port Sanilac,KOTRA_SNS_2025,화장품/뷰티
330499,US,fountain of youth cosmetics,,,,Importer,Hope,KOTRA_SNS_2025,화장품/뷰티
330499,US,none,,,,Importer,Rock Hill,KOTRA_SNS_2025,화장품/뷰티
330499,US,April's beauty supplies and more,,,,Importer,Sugarland,KOTRA_SNS_2025,화장품/뷰티
330499,US,itzy beauty salon,,,,Importer,spring,KOTRA_SNS_2025,화장품/뷰티
330499,US,sometimes im creative,,,,Importer,Toledo,KOTRA_SNS_2025,화장품/뷰티
330499,SA,Advanced Pharmaceuticals,,,,Importer,madinah,KOTRA_SNS_2025,화장품/뷰티
330499,SA,GCC,,,,Importer,Jeddah,KOTRA_SNS_2025,화장품/뷰티
330499,SA,Winsome,,,,Importer,Al Mubarraz,KOTRA_SNS_2025,화장품/뷰티
330499,SA,ninja,,,,Importer,Jeddah,KOTRA_SNS_2025,화장품/뷰티
330499,AE,Kaizen Ltd,,,,Importer,Dubai,KOTRA_SNS_2025,화장품/뷰티
330499,US,Spotless design,,,,Importer,Mumbai,KOTRA_SNS_2025,화장품/뷰티
330499,AE,GloBridge FZ LLC,,,,Importer,Dubai,KOTRA_SNS_2025,화장품/뷰티
330499,AE,,,,,Importer,Dubai,KOTRA_SNS_2025,화장품/뷰티
330499,US,Gabara,,,,Importer,Dubia,KOTRA_SNS_2025,화장품/뷰티
330499,AE,Frozen world,,,,Importer,Al Ain,KOTRA_SNS_2025,화장품/뷰티
330499,AE,azomco,,,,Importer,saudi arab,KOTRA_SNS_2025,화장품/뷰티
330499,US,LIC,,,,Importer,GOA,KOTRA_SNS_2025,화장품/뷰티
330499,KZ,Sheshenamy,,,,Importer,KZ,KOTRA_SNS_2025,화장품/뷰티
330499,KG,Ainur,,,,Importer,Osh,KOTRA_SNS_2025,화장품/뷰티
330499,KG,США,,,,Importer,Bishkek,KOTRA_SNS_2025,화장품/뷰티
330499,KZ,Altinshash&IS,,,,Importer,KZ,KOTRA_SNS_2025,화장품/뷰티
330499,KZ,Aqyldy qorgan,,,,Importer,Актау,KOTRA_SNS_2025,화장품/뷰티
330499,US,Гулдана,,,,Importer,Гулдана,KOTRA_SNS_2025,화장품/뷰티
330499,US,Dogj,,,,Importer,Sayz,KOTRA_SNS_2025,화장품/뷰티
330499,KG,Стильная Женщина.,,,,Importer,Bishkek,KOTRA_SNS_2025,화장품/뷰티
330499,KZ,Halyk Bank,,,,Importer,Almaty,KOTRA_SNS_2025,화장품/뷰티
330499,KG,Косметология,,,,Importer,Osh,KOTRA_SNS_2025,화장품/뷰티
330499,US,Vvb,,,,Importer,But I t,KOTRA_SNS_2025,화장품/뷰티
330499,US,Torchlight Design,,,,Importer,Port Sanilac,KOTRA_SNS_2025,화장품/뷰티
330499,US,fountain of youth cosmetics,,,,Importer,Hope,KOTRA_SNS_2025,화장품/뷰티
330499,US,none,,,,Importer,Rock Hill,KOTRA_SNS_2025,화장품/뷰티
330499,US,April's beauty supplies and more,,,,Importer,Sugarland,KOTRA_SNS_2025,화장품/뷰티
330499,US,itzy beauty salon,,,,Importer,spring,KOTRA_SNS_2025,화장품/뷰티
330499,US,sometimes im creative,,,,Importer,Toledo,KOTRA_SNS_2025,화장품/뷰티
330499,SA,Advanced Pharmaceuticals,,,,Importer,madinah,KOTRA_SNS_2025,화장품/뷰티
330499,SA,GCC,,,,Importer,Jeddah,KOTRA_SNS_2025,화장품/뷰티
330499,SA,Winsome,,,,Importer,Al Mubarraz,KOTRA_SNS_2025,화장품/뷰티
330499,SA,ninja,,,,Importer,Jeddah,KOTRA_SNS_2025,화장품/뷰티
330499,AE,Kaizen Ltd,,,,Importer,Dubai,KOTRA_SNS_2025,화장품/뷰티
330499,US,Spotless design,,,,Importer,Mumbai,KOTRA_SNS_2025,화장품/뷰티
330499,AE,GloBridge FZ LLC,,,,Importer,Dubai,KOTRA_SNS_2025,화장품/뷰티
330499,AE,,,,,Importer,Dubai,KOTRA_SNS_2025,화장품/뷰티
330499,US,Gabara,,,,Importer,Dubia,KOTRA_SNS_2025,화장품/뷰티
330499,AE,Frozen world,,,,Importer,Al Ain,KOTRA_SNS_2025,화장품/뷰티
330499,AE,azomco,,,,Importer,saudi arab,KOTRA_SNS_2025,화장품/뷰티
330790,MY,Own,,,,Importer,Kuala lumpur,KOTRA_SNS_2025,화장품/뷰티
330790,US,.,,,,Importer,Kuching,KOTRA_SNS_2025,화장품/뷰티
330790,Singapore,Modern,,,,Importer,Singapore,KOTRA_SNS_2025,화장품/뷰티
330790,MY,.,,,,Importer,KLf,KOTRA_SNS_2025,화장품/뷰티
330499,US,LIC,,,,Importer,GOA,KOTRA_SNS_2025,화장품/뷰티
330499,IN,albin store,,,,Importer,udankudi,KOTRA_SNS_2025,화장품/뷰티
330499,AL,extra,,,,Importer,Agartala,KOTRA_SNS_2025,화장품/뷰티
330499,IN,Maheshwari enterprises,,,,Importer,Bhopal,KOTRA_SNS_2025,화장품/뷰티
330499,IN,Kintu,,,,Importer,Surat,KOTRA_SNS_2025,화장품/뷰티
330499,IN,airtel,,,,Importer,Delhi,KOTRA_SNS_2025,화장품/뷰티
330499,US,mankind,,,,Importer,ayodhya,KOTRA_SNS_2025,화장품/뷰티
330499,GF,Manorma,,,,Importer,ktm,KOTRA_SNS_2025,화장품/뷰티
330499,IN,SANYOG WELLNESS,,,,Importer,Bhopal,KOTRA_SNS_2025,화장품/뷰티
330499,IN,Capital surgicals,,,,Importer,Gurugram,KOTRA_SNS_2025,화장품/뷰티
330499,IN,Sum,,,,Importer,Hyderabad,KOTRA_SNS_2025,화장품/뷰티
330499,RU,Unknown,,,,Importer,Dholakpur,KOTRA_SNS_2025,화장품/뷰티
330499,US,Y,,,,Importer,Y,KOTRA_SNS_2025,화장품/뷰티
330499,IN,CXC,,,,Importer,hisar,KOTRA_SNS_2025,화장품/뷰티
330499,AE,Alverstone Drug House,,,,Importer,Dubai,KOTRA_SNS_2025,화장품/뷰티
330499,US,Unity India Corp,,,,Importer,Bangaluru,KOTRA_SNS_2025,화장품/뷰티
330499,IN,Earthraga,,,,Importer,Delhi,KOTRA_SNS_2025,화장품/뷰티
330499,IN,I am happy angel not,,,,Importer,Jammu,KOTRA_SNS_2025,화장품/뷰티
330499,IN,Cisha,,,,Importer,Delhi,KOTRA_SNS_2025,화장품/뷰티
330499,IN,Lipsnglory,,,,Importer,Kolkata,KOTRA_SNS_2025,화장품/뷰티
330499,IN,Sebaphil india limited,,,,Importer,Delhi,KOTRA_SNS_2025,화장품/뷰티
330499,US,m,,,,Importer,Jhansi,KOTRA_SNS_2025,화장품/뷰티
330499,US,bbbt,,,,Importer,h,KOTRA_SNS_2025,화장품/뷰티
330499,IN,Alan Truman,,,,Importer,Mumbai,KOTRA_SNS_2025,화장품/뷰티
330499,IN,Veena rai foundation trust,,,,Importer,Ballia,KOTRA_SNS_2025,화장품/뷰티
330499,IN,Goenkas Pharmaceuticals,,,,Importer,Faridabad,KOTRA_SNS_2025,화장품/뷰티
330499,MY,M-Plan sdn bhd,,,,Importer,Shah Alam,KOTRA_SNS_2025,화장품/뷰티
330499,PH,CAREGIVER,,,,Importer,haiti,KOTRA_SNS_2025,화장품/뷰티
330499,FR,Gv,,,,Importer,George Town,KOTRA_SNS_2025,화장품/뷰티
330499,US,.,,,,Importer,Kuching,KOTRA_SNS_2025,화장품/뷰티
330499,PH,APPLE,,,,Importer,haiti,KOTRA_SNS_2025,화장품/뷰티
330410,Per,AFRY,,,,Importer,Per,KOTRA_SNS_2025,화장품/뷰티
330410,Repblica Dominicana,Dres. Mallen Guerra,,,,Importer,Repblica Dominicana,KOTRA_SNS_2025,화장품/뷰티
330499,VN,Be Media,,,,Importer,Ho Chi Minh City,KOTRA_SNS_2025,화장품/뷰티
330499,VN,DaiLinh Group,,,,Importer,Hanoi,KOTRA_SNS_2025,화장품/뷰티
330499,US,Manager Gu Tr,,,,Importer,bnh dng,KOTRA_SNS_2025,화장품/뷰티
330499,VN,Equatorial Ho Chi Minh City,,,,Importer,Ho Chi Minh City,KOTRA_SNS_2025,화장품/뷰티
330499,FR,Ko c,,,,Importer,Ho Chi Minh,KOTRA_SNS_2025,화장품/뷰티
330499,VN,CNG TY TNHH LINK&CO,,,,Importer,HCMC,KOTRA_SNS_2025,화장품/뷰티
330499,VN,Anyone Can Inspire,,,,Importer,Ho Chi Minh City,KOTRA_SNS_2025,화장품/뷰티
330499,VN,thy ngoc,,,,Importer,Ho Chi Minh City,KOTRA_SNS_2025,화장품/뷰티
330499,KZ,С,,,,Importer,Almaty,KOTRA_SNS_2025,화장품/뷰티
330499,"KG,RU",Love my skin,,,,Importer,"Бишкек, Уфа",KOTRA_SNS_2025,화장품/뷰티
330499,KZ,ИП Толемисова,,,,Importer,Алматы,KOTRA_SNS_2025,화장품/뷰티
330499,KZ,SAIKO,,,,Importer,Almaty,KOTRA_SNS_2025,화장품/뷰티
330499,KZ,Mary,,,,Importer,Алмата,KOTRA_SNS_2025,화장품/뷰티
330499,KZ,Эйр астана,,,,Importer,Алматы,KOTRA_SNS_2025,화장품/뷰티
330499,"KG,RU",Love my skin,,,,Importer,"Бишкек, Уфа",KOTRA_SNS_2025,화장품/뷰티
330499,KZ,Eco Aria Trade,,,,Importer,ALMATY,KOTRA_SNS_2025,화장품/뷰티
330499,KG,7кг групп.,,,,Importer,Бишкек,KOTRA_SNS_2025,화장품/뷰티
330499,KZ,Конысбай,,,,Importer,Алматы,KOTRA_SNS_2025,화장품/뷰티
330499,KZ,мирмарт,,,,Importer,almaty,KOTRA_SNS_2025,화장품/뷰티
330499,KZ,Ип injoymart,,,,Importer,Алматы,KOTRA_SNS_2025,화장품/뷰티
330499,KZ,Medical center,,,,Importer,Almaty,KOTRA_SNS_2025,화장품/뷰티
330499,KZ,Korea_issyk,,,,Importer,Алматы,KOTRA_SNS_2025,화장품/뷰티
330410,Mxico,Inspiration Media MX,,,,Importer,Mxico,KOTRA_SNS_2025,화장품/뷰티
330499,VN,DLC Vietnam,,,,Importer,Thnh ph H Ch Minh,KOTRA_SNS_2025,화장품/뷰티
330499,VN,TH Newlife Group,,,,Importer,Ho Chi Minh City,KOTRA_SNS_2025,화장품/뷰티
330499,US,pht ti,,,,Importer,tphcm,KOTRA_SNS_2025,화장품/뷰티
330499,VN,"TIADREAM INVESTMENT CONSULTING CO., LTD (Cng Ty TNHH T Vn u T Tiadream)",,,,Importer,Ho Chi Minh City,KOTRA_SNS_2025,화장품/뷰티
330499,VN,MEBIPHAR JSC(Cng ty TNHH MTV Dc phm v Sinh hc y t (MEBIPHAR)),,,,Importer,Ho Chi Minh City,KOTRA_SNS_2025,화장품/뷰티
330499,VN,IDECO CO. LTD.(Cng Ty TNHH TM DV Kt Giao Pht Trin Quc T),,,,Importer,Ho Chi Minh City,KOTRA_SNS_2025,화장품/뷰티
330499,VN,"VINA HEALTHCARE CO., LTD(Cng Ty TNHH Vina Healthcare)",,,,Importer,Ho Chi Minh City,KOTRA_SNS_2025,화장품/뷰티
330499,VN,HUNG VUONG INVESTMENT AND PRODUCTION JSC(Cng Ty C Phn u T Sn Xut Hng Vng),,,,Importer,Ho Chi Minh City,KOTRA_SNS_2025,화장품/뷰티
330499,VN,"QUAN KHOA MEDICAL CO.,LTD (Cng Ty TNHH Thit B Y T Qun Khoa)",,,,Importer,Ho Chi Minh City,KOTRA_SNS_2025,화장품/뷰티
330499,VN,MINH DUC INVESTMENT ENGINEERING COMPANY LIMITED  (Cng Ty TNHH K Thut u T Minh c),,,,Importer,Ho Chi Minh City,KOTRA_SNS_2025,화장품/뷰티
330499,VN,"AU VIET PHARMA CO.,LTD(Cng ty TNHH Dc phm Thit b Y t u Vit)",,,,Importer,Ho Chi Minh City,KOTRA_SNS_2025,화장품/뷰티
330499,VN,"MANH DUC MEDENT CO.,LTD(Cng ty TNHH Thit B Y Nha Khoa Mnh c)",,,,Importer,Ho Chi Minh City,KOTRA_SNS_2025,화장품/뷰티
330499,VN,EAST MEDICAL SERVICE TRADING COMPANY LIMITED(Cng Ty TNHH TM DV Y T Min ng),,,,Importer,Ho Chi Minh City,KOTRA_SNS_2025,화장품/뷰티
330499,VN,TAM VIET TECHNOLOGY SERVICE TRADING INVESTMENT COMPANY LIMITED(Cng Ty TNHH u T TM DV K Thut T,,,,Importer,Ho Chi Minh City,KOTRA_SNS_2025,화장품/뷰티
330499,VN,"PHD HEALTHCARE TECHNOLOGY AND INVESTMENT CO.,LTD(Cng Ty TNHH u T V Cng Ngh PHD Healthcare)",,,,Importer,Ho Chi Minh City,KOTRA_SNS_2025,화장품/뷰티
330499,VN,"KHOI HOANG CO ., LTD(Cng Ty TNHH 1 Thnh Vin TM & DV Khi Hong)",,,,Importer,Ho Chi Minh City,KOTRA_SNS_2025,화장품/뷰티
330499,VN,TRONG MINH MEDICAL EQUIPMENT CORPORATION(Cng Ty C Phn Trang Thit B Y T Trng Minh),,,,Importer,Ho Chi Minh City,KOTRA_SNS_2025,화장품/뷰티
330499,VN,VENESA COMPANY LIMITED(Cng Ty TNHH Venesa),,,,Importer,Ho Chi Minh City,KOTRA_SNS_2025,화장품/뷰티
330499,VN,"A & T MEDICAL CO.,LTD (Cng Ty TNHH A & T Medical)",,,,Importer,Ho Chi Minh City,KOTRA_SNS_2025,화장품/뷰티
330499,VN,"PURE BEANS CO.,LTD(Cng Ty TNHH Pure Beans)",,,,Importer,Ho Chi Minh City,KOTRA_SNS_2025,화장품/뷰티
330499,VN,CHUONG NHAN TRADING SERVICES COMPANY LIMITED (Cng Ty TNHH Thng Mi Dch V Chng Nhn),,,,Importer,Ho Chi Minh City,KOTRA_SNS_2025,화장품/뷰티
330499,VN,DAEWON PHARMACEUTICAL COMPANY LIMITED(Cng Ty TNHH Daewon Pharmaceutical),,,,Importer,Ho Chi Minh City,KOTRA_SNS_2025,화장품/뷰티
330499,VN,THANH TRUC MEDICAL BEAUTY EQUIPMENT COMPANY LIMITED(Cng Ty TNHH Thit B Y T Thm M Thanh Trc),,,,Importer,Ho Chi Minh City,KOTRA_SNS_2025,화장품/뷰티
330499,VN,HOP LUC HIGH TECHNOLOGY COMPANY LIMITED(Cng Ty TNHH k thut cao Hp Lc),,,,Importer,Ho Chi Minh City,KOTRA_SNS_2025,화장품/뷰티
330499,VN,IQ-LIFE JOINT STOCK COMPANY(Cng Ty C Phn IQ-LIFE),,,,Importer,Ho Chi Minh City,KOTRA_SNS_2025,화장품/뷰티
330499,VN,"CHAO DAI VIET CO., LTD(Cng Ty TNHH Cho i Vit)",,,,Importer,Ho Chi Minh City,KOTRA_SNS_2025,화장품/뷰티
330499,VN,"MINH ANH GENERAL EXPORT IMPORT CO., LTD(Cng Ty TNHH Xut Nhp Khu Tng Hp Minh Anh)",,,,Importer,Ho Chi Minh City,KOTRA_SNS_2025,화장품/뷰티
330499,VN,QUANG DUONG INTERNATIONAL TRADING JOINT STOCK COMPANY(Cng Ty C Phn Thng Mi Quc T Quang Dn,,,,Importer,Ho Chi Minh City,KOTRA_SNS_2025,화장품/뷰티
330499,VN,MT SCIENTIFIC EQUIPMENT CO.LTD(Cng Ty TNHH Thit B Khoa Hc K Thut M Thnh),,,,Importer,Ho Chi Minh City,KOTRA_SNS_2025,화장품/뷰티
330499,VN,HEALTH DEVELOPMENT GROUP JOINT STOCK COMPANY(Cng Ty C Phn Group Pht Trin Sc Khe),,,,Importer,Ho Chi Minh City,KOTRA_SNS_2025,화장품/뷰티
330499,VN,MEDITOP INTERNATIONAL TRADING JOINT STOCK COMPANY(Cng Ty C Phn Thng Mi Quc T Meditop),,,,Importer,Ho Chi Minh City,KOTRA_SNS_2025,화장품/뷰티
330499,VN,HAI HA MEDICAL EQUIPMENT SERVICE TRADING COMPANY LIMITED(Cng Ty TNHH Thng Mi Dch V Trang Thi,,,,Importer,Ho Chi Minh City,KOTRA_SNS_2025,화장품/뷰티
330499,VN,MLIGHT JOINT STOCK COMPANY(Cng Ty C Phn MLIGHT),,,,Importer,Ho Chi Minh City,KOTRA_SNS_2025,화장품/뷰티
330499,VN,JOLITOUCH COMPANY LIMITED(Cng Ty TNHH JoliTouch),,,,Importer,Ho Chi Minh City,KOTRA_SNS_2025,화장품/뷰티
330499,VN,VIET LIEN TECHNOLOGY COMPANY LIMITED(Cng Ty TNHH Mt Thnh Vin K Thut Vit Lin),,,,Importer,Ho Chi Minh City,KOTRA_SNS_2025,화장품/뷰티
330499,VN,VIET TIEN TECHNOLOGY INVESTMENT AND DEVELOPMENT JOINT STOCK COMPANY (Cng Ty C Phn u T V Pht,,,,Importer,Ho Chi Minh City,KOTRA_SNS_2025,화장품/뷰티
330499,VN,VIET NHA TRADING AND SERVICES COMPANY LIMITED(Cng Ty Tnhh Thng Mi V Dch V Vit Nha),,,,Importer,Ho Chi Minh City,KOTRA_SNS_2025,화장품/뷰티
330499,VN,"CAT THANH TRADING CO., LTD(Cng Ty TNHH Thng Mi Dc Phm Ct Thnh)",,,,Importer,Ho Chi Minh City,KOTRA_SNS_2025,화장품/뷰티
330499,VN,AV BEAUTY & HEALTHY COMPANY LIMITED(Cng ty TNHH AV Beauty & Health),,,,Importer,Ho Chi Minh City,KOTRA_SNS_2025,화장품/뷰티
330499,VN,MUSE MEDICAL COMPANY LIMITED (Cng ty TNHH Muse Medical),,,,Importer,Ho Chi Minh City,KOTRA_SNS_2025,화장품/뷰티
330499,VN,"PHUONG PHAT CO., LTD(Cng Ty TNHH Thng Mi Dich V Phng Pht)",,,,Importer,Ho Chi Minh City,KOTRA_SNS_2025,화장품/뷰티
330499,VN,"PK COSMETICS TRADING CO., LTD(Cng ty TNHH TM M Phm PK)",,,,Importer,Ho Chi Minh City,KOTRA_SNS_2025,화장품/뷰티
330499,VN,DEP HOAN MY COMPANY LIMITED(Cng Ty TNHH p Hon M),,,,Importer,Ho Chi Minh City,KOTRA_SNS_2025,화장품/뷰티
330499,VN,"FARMACARE CO.,LTD(Cng Ty TNHH FARMACARE)",,,,Importer,Ho Chi Minh City,KOTRA_SNS_2025,화장품/뷰티
330499,VN,"SEARI _ SOUTH EAST ASIA RESEARCH INSTITUTE CO.,LTD (Cng Ty TNHH South East Asia Research Institude)",,,,Importer,Ho Chi Minh City,KOTRA_SNS_2025,화장품/뷰티
330499,VN,TRI VIET ELECTRONIC TECHNOLOGY TECHNICAL CO. LTD.(Cng Ty Tnhh K Thut Cng Ngh in T Tr Vit),,,,Importer,Ho Chi Minh City,KOTRA_SNS_2025,화장품/뷰티
330499,VN,SAKAE PHARMACEUTICALS JOINT STOCK COMPANY (Cng Ty C Phn Dc Phm SAKAE),,,,Importer,Ho Chi Minh City,KOTRA_SNS_2025,화장품/뷰티
330499,VN,PHUONG QUANG TECHNOLOGY TRADING JOINT STOCK COMPANY (Cng Ty C Phn Thng Mi Cng Ngh Phng Qu,,,,Importer,Ho Chi Minh City,KOTRA_SNS_2025,화장품/뷰티
330499,VN,"KIEN GIA BINH CO., LTD(Cng Ty u T - Thng Mi - Dch V Quc T Kin Gia Bnh)",,,,Importer,Ho Chi Minh City,KOTRA_SNS_2025,화장품/뷰티
330499,VN,"MEDIWORLD CO., LTD(Cng Ty TNHH Mediworld)",,,,Importer,Ho Chi Minh City,KOTRA_SNS_2025,화장품/뷰티
330499,VN,A&A INTERNATIONAL AESTHETIC LIMITED COMPANY(Cng Ty TNHH Thm M Quc T A&A),,,,Importer,Ho Chi Minh City,KOTRA_SNS_2025,화장품/뷰티
330499,VN,G - WORLD TRADING LIMITED LIABILITY COMPANY(Cng Ty TNHH Thng Mi G - World),,,,Importer,Ho Chi Minh City,KOTRA_SNS_2025,화장품/뷰티
330499,VN,PS MEDICAL COMPANY LIMITED (Cng Ty TNHH PS Medical),,,,Importer,Ho Chi Minh City,KOTRA_SNS_2025,화장품/뷰티
330499,VN,AVA COSMETIC SURGERY HOSPITAL COMPANY LIMITED (Cng ty TNHH Bnh Vin Thm M Ava),,,,Importer,Ho Chi Minh City,KOTRA_SNS_2025,화장품/뷰티
330499,VN,"GIAO TRADING CO.,LTD(Cng Ty TNHH Thng Mi Giao)",,,,Importer,Ho Chi Minh City,KOTRA_SNS_2025,화장품/뷰티
330499,VN,Viva Group Joint Stock Company(Cng ty C phn Tp đon VIVAGROUP),,,,Importer,Ho Chi Minh City,KOTRA_SNS_2025,화장품/뷰티
330499,VN,"MEDISOL CO., LTD(Cng ty TNHH Medisol)",,,,Importer,Ho Chi Minh City,KOTRA_SNS_2025,화장품/뷰티
330499,VN,"ECOPATH SOUTHERN.,JSC(Cng Ty C Phn Ecopath Min Nam)",,,,Importer,Ho Chi Minh City,KOTRA_SNS_2025,화장품/뷰티
330499,VN,MINH TRI MEDICAL EQUIPMENT COMPANY LIMITED(Cng ty TNHH Thit b y t Minh Tr),,,,Importer,Ho Chi Minh City,KOTRA_SNS_2025,화장품/뷰티
330499,VN,SAIGONMIT MEDICAL INSTRUMENT & IMAGING TECHNOLOGIES CORP.(Cng Ty CP Thit B Y T & K Thut Hnh,,,,Importer,Ho Chi Minh City,KOTRA_SNS_2025,화장품/뷰티
330499,VN,TRUNG HAI SCIENCE TECHNOLOGY EQUIPMENT COMPANY LIMITED(Cng ty TNHH Thit b Khoa hc K thut Trun,,,,Importer,Ho Chi Minh City,KOTRA_SNS_2025,화장품/뷰티
330499,VN,"HLP FLAVOURING CO., LTD (Cng ty TNHH hng liu Php HLP)",,,,Importer,Ho Chi Minh City,KOTRA_SNS_2025,화장품/뷰티
330499,VN,VIVA A MY SERVICES AND TRADING COMPANY LIMITED(Cng ty TNHH Thng mi v Dch v Viva  M),,,,Importer,Ho Chi Minh City,KOTRA_SNS_2025,화장품/뷰티
330499,VN,MINH KHUONG TRADING COMPANY LIMITED (Cng ty TNHH Thng mi Minh Khng),,,,Importer,Ho Chi Minh City,KOTRA_SNS_2025,화장품/뷰티
330499,VN,DAI PHU AN PHARMACEUTICAL COMPANY LIMITED(Cng Ty TNHH Dc phm i Ph An),,,,Importer,Ho Chi Minh City,KOTRA_SNS_2025,화장품/뷰티
330499,VN,SPA TROPIC (Cng Ty TNHH Spa Tropic),,,,Importer,Ho Chi Minh City,KOTRA_SNS_2025,화장품/뷰티
330499,VN,MINH MY TRADE - SERVICE COMPANY LIMITED(CNG TY TNHH THNG MI - DCH V MINH MY),,,,Importer,Ho Chi Minh City,KOTRA_SNS_2025,화장품/뷰티
330499,VN,TRUONG HAI COSMETICS COMPANY LIMITED (Cng Ty TNHH Trng Hi Cosmetics),,,,Importer,Ho Chi Minh City,KOTRA_SNS_2025,화장품/뷰티
330499,VN,GIA HY IMPORT EXPORT - SERVICE - TRADING COMPANY LIMITED(Cng Ty TNHH Thng Mi - Dch V - Xut N,,,,Importer,Ho Chi Minh City,KOTRA_SNS_2025,화장품/뷰티
330499,VN,MYA International Co.Ltd (M  INTERNATIONAL),,,,Importer,Ho Chi Minh City,KOTRA_SNS_2025,화장품/뷰티
330499,VN,VIET GIA MEDICAL EQUIPMENT JOINT STOCK COMPANY (CNG TY C PHN THIT B Y T VIT GIA),,,,Importer,Ho Chi Minh City,KOTRA_SNS_2025,화장품/뷰티
330499,VN,"VIETCARE SOLUTIONS CO.,LTD(Cng Ty TNHH Vietcare Solutions)",,,,Importer,Ho Chi Minh City,KOTRA_SNS_2025,화장품/뷰티
330499,VN,"HOA MAI MEDICAL & COSMETIC TRADING CO., LTD (Cng ty Thit B Y T V M Phm Hoa Mai)",,,,Importer,Ho Chi Minh City,KOTRA_SNS_2025,화장품/뷰티
330499,VN,"LINK&CO CO., LTD(CNG TY TNHH LINK&CO)",,,,Importer,Ho Chi Minh City,KOTRA_SNS_2025,화장품/뷰티
330499,VN,"GETINGE VIETNAM CO., LTD(CNG TY TNHH GETINGE VIT NAM)",,,,Importer,Ho Chi Minh City,KOTRA_SNS_2025,화장품/뷰티
330499,VN,"HTL CO.,LTD(CNG TY TNHH THNG MI DCH V H.T.L)",,,,Importer,Ho Chi Minh City,KOTRA_SNS_2025,화장품/뷰티
330499,VN,"NGOC LAN MEDICAL EQUIPMENT CO.,LTD. (CNG TY TNHH TRANG THIT B Y T NGC LAN)",,,,Importer,Ho Chi Minh City,KOTRA_SNS_2025,화장품/뷰티
330499,VN,BEAUTY PARTNERS VIETNAM COMPANY LIMITED(Cng ty TNHH Beauty Partners Vietnam),,,,Importer,Ho Chi Minh City,KOTRA_SNS_2025,화장품/뷰티
330499,KZ,ТОО Jadyra’s,,,,Importer,Актобе,KOTRA_SNS_2025,화장품/뷰티
330499,KZ,IP Marina Kim,,,,Importer,Алматы,KOTRA_SNS_2025,화장품/뷰티
330499,KZ,Richfit,,,,Importer,Алматы,KOTRA_SNS_2025,화장품/뷰티
330499,KZ,KLF Group,,,,Importer,Almaty,KOTRA_SNS_2025,화장품/뷰티
330499,KZ,Yono,,,,Importer,Алматы/ Асу кент,KOTRA_SNS_2025,화장품/뷰티
330610,RU,"Aquatransgroup Co., Ltd",,,,Importer,Vladivostok,KOTRA_SNS_2025,화장품/뷰티
330610,RU,"Aquatransgroup Co., Ltd",,,,Importer,Vladivostok,KOTRA_SNS_2025,화장품/뷰티
330610,RU,"Aquatransgroup Co., Ltd",,,,Importer,Vladivostok,KOTRA_SNS_2025,화장품/뷰티
330610,RU,"Aquatransgroup Co., Ltd",,,,Importer,Vladivostok,KOTRA_SNS_2025,화장품/뷰티
330790,RU,"Aquatransgroup Co., Ltd",,,,Importer,Vladivostok,KOTRA_SNS_2025,화장품/뷰티
330300,RU,"Aquatransgroup Co., Ltd",,,,Importer,Vladivostok,KOTRA_SNS_2025,화장품/뷰티
330510,RU,"Aquatransgroup Co., Ltd",,,,Importer,Vladivostok,KOTRA_SNS_2025,화장품/뷰티
330499,RU,"Aquatransgroup Co., Ltd",,,,Importer,Vladivostok,KOTRA_SNS_2025,화장품/뷰티
330499,RU,"Aquatransgroup Co., Ltd",,,,Importer,Vladivostok,KOTRA_SNS_2025,화장품/뷰티
330499,RU,"Aquatransgroup Co., Ltd",,,,Importer,Vladivostok,KOTRA_SNS_2025,화장품/뷰티
330499,RU,"Aquatransgroup Co., Ltd",,,,Importer,Vladivostok,KOTRA_SNS_2025,화장품/뷰티
330499,RU,"Aquatransgroup Co., Ltd",,,,Importer,Vladivostok,KOTRA_SNS_2025,화장품/뷰티
330410,RU,"Aquatransgroup Co., Ltd",,,,Importer,Vladivostok,KOTRA_SNS_2025,화장품/뷰티
330499,RU,"Aquatransgroup Co., Ltd",,,,Importer,Vladivostok,KOTRA_SNS_2025,화장품/뷰티
330499,RU,"Aquatransgroup Co., Ltd",,,,Importer,Vladivostok,KOTRA_SNS_2025,화장품/뷰티
330510,RU,"Aquatransgroup Co., Ltd",,,,Importer,Vladivostok,KOTRA_SNS_2025,화장품/뷰티
330499,NO,The Beauty Corner by Gabriela,,,,Importer,Tønsberg,KOTRA_SNS_2025,화장품/뷰티
330499,IE,Donna’s diamond,,,,Importer,Limerick,KOTRA_SNS_2025,화장품/뷰티
330499,UZ,Ташкент,,,,Importer,Tashkent,KOTRA_SNS_2025,화장품/뷰티
330499,UZ,iphone,,,,Importer,Kokand,KOTRA_SNS_2025,화장품/뷰티
330499,FR,CSV,,,,Importer,Lyon,KOTRA_SNS_2025,화장품/뷰티
330499,AL,Punime Hidraulike,,,,Importer,Durres,KOTRA_SNS_2025,화장품/뷰티
330499,IN,Odhavram,,,,Importer,Mumbai,KOTRA_SNS_2025,화장품/뷰티
330499,IN,Innovative_corner,,,,Importer,Mumbai,KOTRA_SNS_2025,화장품/뷰티
330499,IN,Biodelight Healthcare,,,,Importer,"Ahmednagar, Maharashtra",KOTRA_SNS_2025,화장품/뷰티
330499,IN,Aiman's Corner,,,,Importer,Mumbai,KOTRA_SNS_2025,화장품/뷰티
330499,IN,Of By For People,,,,Importer,Mumbai,KOTRA_SNS_2025,화장품/뷰티
330499,IN,All About Windows Pvt Ltd,,,,Importer,Mumbai,KOTRA_SNS_2025,화장품/뷰티
330499,IN,Amrita,,,,Importer,Mumbai,KOTRA_SNS_2025,화장품/뷰티
330499,MY,Big Blue Bubble Media,,,,Importer,Delhi,KOTRA_SNS_2025,화장품/뷰티
330499,US,dvv,,,,Importer,mumbai,KOTRA_SNS_2025,화장품/뷰티
330499,IN,MissKyra,,,,Importer,Mumbai,KOTRA_SNS_2025,화장품/뷰티
330410,Mxico,Etienne Korean Beauty And Products,,,,Importer,Mxico,KOTRA_SNS_2025,화장품/뷰티
330410,Mxico,Lievant,,,,Importer,Mxico,KOTRA_SNS_2025,화장품/뷰티
330499,AE,Walgreen,,,,Importer,Dubai,KOTRA_SNS_2025,화장품/뷰티
330499,AE,Hi interested sales marketing i have costumers,,,,Importer,Dubai,KOTRA_SNS_2025,화장품/뷰티
330499,AE,Maria,,,,Importer,Dubai,KOTRA_SNS_2025,화장품/뷰티
330499,AE,Kenan supplies,,,,Importer,Dubai,KOTRA_SNS_2025,화장품/뷰티
330499,AE,Start Consult,,,,Importer,Dubai,KOTRA_SNS_2025,화장품/뷰티
330499,KZ,FamStore,,,,Importer,Алматы,KOTRA_SNS_2025,화장품/뷰티
330499,KZ,TOO PPMG,,,,Importer,Алматы,KOTRA_SNS_2025,화장품/뷰티
330499,KZ,Arukstore,,,,Importer,Алматы,KOTRA_SNS_2025,화장품/뷰티
330499,KZ,Нету,,,,Importer,Алматы,KOTRA_SNS_2025,화장품/뷰티
330499,KZ,Мед центр,,,,Importer,Алматы,KOTRA_SNS_2025,화장품/뷰티
330499,KZ,Universal trade,,,,Importer,Almaty,KOTRA_SNS_2025,화장품/뷰티
330499,KZ,0,,,,Importer,Almaty,KOTRA_SNS_2025,화장품/뷰티
330499,KZ,Бравый барбершоп,,,,Importer,Алматы,KOTRA_SNS_2025,화장품/뷰티
330499,KZ,ИП BB STORE,,,,Importer,Алматы,KOTRA_SNS_2025,화장품/뷰티
330499,KG,Вайлберис ИП,,,,Importer,Бишкек,KOTRA_SNS_2025,화장품/뷰티
330499,KZ,Llais,,,,Importer,Алматы,KOTRA_SNS_2025,화장품/뷰티
330499,KZ,ТОО Азия,,,,Importer,Алматы,KOTRA_SNS_2025,화장품/뷰티
330790,FR,Vetosphere,,,,Importer,France,KOTRA_SNS_2025,화장품/뷰티
330790,TR,santavet,,,,Importer,Trkei,KOTRA_SNS_2025,화장품/뷰티
340119,SE,Petpian AB,,,,Importer,Stockholm,KOTRA_SNS_2025,화장품/뷰티
330410,Mxico,El Puerto de Liverpool,,,,Importer,Mxico,KOTRA_SNS_2025,화장품/뷰티
330499,KZ,ип,,,,Importer,Алматы,KOTRA_SNS_2025,화장품/뷰티
330790,FR,Vetosphere,,,,Importer,Le Gua,KOTRA_SNS_2025,화장품/뷰티
330790,TR,santavet,,,,Importer,Istanbul,KOTRA_SNS_2025,화장품/뷰티
340119,SE,Petpian AB,,,,Importer,Stockholum,KOTRA_SNS_2025,화장품/뷰티
330790,RU,IE Mikheeva,,,,Importer,Vladivostok,KOTRA_SNS_2025,화장품/뷰티
330499,KZ,Авиакомпания,,,,Importer,Almaty,KOTRA_SNS_2025,화장품/뷰티
330499,AZ,wholesale,,,,Importer,Баку,KOTRA_SNS_2025,화장품/뷰티
330499,MN,Mkm cosmetics llc,,,,Importer,Ulaanbaatar,KOTRA_SNS_2025,화장품/뷰티
330499,UZ,Besco LTD,,,,Importer,Tashkend,KOTRA_SNS_2025,화장품/뷰티
330499,UZ,KOKOS+,,,,Importer,Tashkent,KOTRA_SNS_2025,화장품/뷰티
330499,VN,H Ni,,,,Importer,Hanoi,KOTRA_SNS_2025,화장품/뷰티
330499,ID,narendra23,,,,Importer,jakarta,KOTRA_SNS_2025,화장품/뷰티
330499,ID,ksjsjn,,,,Importer,Palembang,KOTRA_SNS_2025,화장품/뷰티
330499,US,no,,,,Importer,us,KOTRA_SNS_2025,화장품/뷰티
330499,PH,"TAGKAWAYAN, QUEZON",,,,Importer,Tagkawayan,KOTRA_SNS_2025,화장품/뷰티
330499,ID,pribadi,,,,Importer,surabaya,KOTRA_SNS_2025,화장품/뷰티
330499,US,Rich Rnrich USA,,,,Importer,Berkeley,KOTRA_SNS_2025,화장품/뷰티
330499,KR,shahryar traders,,,,Importer,Hyderabad,KOTRA_SNS_2025,화장품/뷰티
330499,US,Freelancer,,,,Importer,Hyderabad,KOTRA_SNS_2025,화장품/뷰티
330499,PK,Theskinfit.com,,,,Importer,Karachi,KOTRA_SNS_2025,화장품/뷰티
330499,BD,Shabina Treders,,,,Importer,Sylhet,KOTRA_SNS_2025,화장품/뷰티
330499,PK,Yellostone,,,,Importer,Lahore,KOTRA_SNS_2025,화장품/뷰티
330499,PK,Confidential,,,,Importer,Islamabad,KOTRA_SNS_2025,화장품/뷰티
330499,NG,Beautiful Things,,,,Importer,Abuja,KOTRA_SNS_2025,화장품/뷰티
330499,KE,ONLINE NETWORK MARKETING,,,,Importer,Nairobi,KOTRA_SNS_2025,화장품/뷰티
330499,PL,Newu sp z o o,,,,Importer,Warsaw,KOTRA_SNS_2025,화장품/뷰티
330499,GR,WELLNESS-STUDIO,,,,Importer,Athens,KOTRA_SNS_2025,화장품/뷰티
330499,GB,W SUN BODY CARE,,,,Importer,London,KOTRA_SNS_2025,화장품/뷰티
330499,US,cleanmag,,,,Importer,Athens,KOTRA_SNS_2025,화장품/뷰티
330499,PL,Milton CDI,,,,Importer,Warszawa,KOTRA_SNS_2025,화장품/뷰티
330499,AT,Selbstndig,,,,Importer,Vienna,KOTRA_SNS_2025,화장품/뷰티
330499,PL,Meteor Investment Management Ltd,,,,Importer,Wrocław,KOTRA_SNS_2025,화장품/뷰티
330499,GR,Dr Prinou,,,,Importer,Athens,KOTRA_SNS_2025,화장품/뷰티
330499,RO,Hipnosis Trading Co SRL,,,,Importer,Bucharest,KOTRA_SNS_2025,화장품/뷰티
330499,BE,Urban Therapy,,,,Importer,BRUSSELS,KOTRA_SNS_2025,화장품/뷰티
330499,NL,nk,,,,Importer,Apeldoorn,KOTRA_SNS_2025,화장품/뷰티
330499,US,Marghe.Shop,,,,Importer,Milano,KOTRA_SNS_2025,화장품/뷰티
330499,GR,Corpcom Limited,,,,Importer,Athens,KOTRA_SNS_2025,화장품/뷰티
330499,FR,SM City Bicutan,,,,Importer,Hinigaran,KOTRA_SNS_2025,화장품/뷰티
330499,AR,YouTube,,,,Importer,pilar,KOTRA_SNS_2025,화장품/뷰티
330499,US,mald9nadl,,,,Importer,Miami,KOTRA_SNS_2025,화장품/뷰티
330499,MX,Bgyvh,,,,Importer,Ciudad de Mxico,KOTRA_SNS_2025,화장품/뷰티
330499,BR,merry sun,,,,Importer,salta,KOTRA_SNS_2025,화장품/뷰티
330499,US,Electricosacosta,,,,Importer,Santiago de Cali,KOTRA_SNS_2025,화장품/뷰티
330499,MA,Sayks,,,,Importer,Youssoufia,KOTRA_SNS_2025,화장품/뷰티
330499,JO,Integrated S and T,,,,Importer,Amman,KOTRA_SNS_2025,화장품/뷰티
330499,AE,Puretrade,,,,Importer,Abu Dhabi,KOTRA_SNS_2025,화장품/뷰티
330510,US,dtehydtreyhrtdg,,,,Importer,fhhhhhrhfrxh,KOTRA_SNS_2025,화장품/뷰티
330510,TH,♥ I Need Allah In My Life ♥ge,,,,Importer,Yala,KOTRA_SNS_2025,화장품/뷰티
330510,US,g,,,,Importer,SDEGGDEGSDEZGDEG,KOTRA_SNS_2025,화장품/뷰티
330510,US,fdrbhg,,,,Importer,hjh@gmil.com,KOTRA_SNS_2025,화장품/뷰티
330510,TH,ghghghghghghnb,,,,Importer,Surat Thani,KOTRA_SNS_2025,화장품/뷰티
330510,US,grwgvrwgrg,,,,Importer,HFTTYH,KOTRA_SNS_2025,화장품/뷰티
330510,US,"Bangkok, Thailand",,,,Importer,sfsffd,KOTRA_SNS_2025,화장품/뷰티
330510,US,iloveyou@gmail.com,,,,Importer,iloveyou@gmail.com,KOTRA_SNS_2025,화장품/뷰티
330510,US,frbhfdbhfdbhdf,,,,Importer,zsgsdzegsdezg,KOTRA_SNS_2025,화장품/뷰티
330510,TH,sdzgvszgvs,,,,Importer,Nakhon Sawan,KOTRA_SNS_2025,화장품/뷰티
330510,US,devfsdwrvgsrgsr,,,,Importer,degysrwgydr5eyh,KOTRA_SNS_2025,화장품/뷰티
330499,AL,extra,,,,Importer,Agartala,KOTRA_SNS_2025,화장품/뷰티
330499,US,Work from home,,,,Importer,Middletown,KOTRA_SNS_2025,화장품/뷰티
330499,US,Headleyshanna@gmail.com,,,,Importer,North East,KOTRA_SNS_2025,화장품/뷰티
330499,US,none,,,,Importer,phx arizona,KOTRA_SNS_2025,화장품/뷰티
330499,US,Ksa,,,,Importer,Ksa,KOTRA_SNS_2025,화장품/뷰티
330499,SA,smc,,,,Importer,Dammam,KOTRA_SNS_2025,화장품/뷰티
330499,SA,IMS,,,,Importer,Jed,KOTRA_SNS_2025,화장품/뷰티
330499,AE,Style age fz llc,,,,Importer,Dubai,KOTRA_SNS_2025,화장품/뷰티
330430,US,bus company,,,,Importer,Flushing,KOTRA_SNS_2025,화장품/뷰티
330430,US,Beauty By Goddess,,,,Importer,Canoga park,KOTRA_SNS_2025,화장품/뷰티
330430,US,Ladiva supply,,,,Importer,Ocean View,KOTRA_SNS_2025,화장품/뷰티
330430,VN,Cng ty TNHH Du Lch v S Kin Traveltastic,,,,Importer,Hanoi,KOTRA_SNS_2025,화장품/뷰티
330430,US,F&B,,,,Importer,Thnh ph H Ch Minh,KOTRA_SNS_2025,화장품/뷰티
330430,VN,Nguyn anh holding,,,,Importer,h ni,KOTRA_SNS_2025,화장품/뷰티
330430,VN,Hoan Vu store,,,,Importer,hcm,KOTRA_SNS_2025,화장품/뷰티
330430,VN,HOANG GIA VIET IMPORT EXPORT COMPANY LIMITED,,,,Importer,Ho Chi Minh City,KOTRA_SNS_2025,화장품/뷰티
340130,ID,lontong kikil mbk Rin,,,,Importer,pandaan pasuruan jawa timur,KOTRA_SNS_2025,화장품/뷰티
340130,ID,Perumahan Taman Holis Indah F6 no 37,,,,Importer,Perumahan Taman Holis Indah F6 no 37 Rt : 005 / 007Cigondewah RahayuBandung KulonBandung 40215,KOTRA_SNS_2025,화장품/뷰티
330499,ID,PERSIB Bandung,,,,Importer,Bandung,KOTRA_SNS_2025,화장품/뷰티
330499,ID,PT Nusantara,,,,Importer,Palembang,KOTRA_SNS_2025,화장품/뷰티
330420,ID,y,,,,Importer,bandung,KOTRA_SNS_2025,화장품/뷰티
330499,US,World Health Organization,,,,Importer,Ty Ninh,KOTRA_SNS_2025,화장품/뷰티
330499,ID,Dirumah Aja tetap gajian,,,,Importer,Jakarta,KOTRA_SNS_2025,화장품/뷰티
330499,ID,Tidak punya,,,,Importer,Tangerang,KOTRA_SNS_2025,화장품/뷰티
330499,VN,Nguyn anh holding,,,,Importer,h ni,KOTRA_SNS_2025,화장품/뷰티
330499,ID,Komp. Pasar butung makassar,,,,Importer,makassar,KOTRA_SNS_2025,화장품/뷰티
330420,ID,PERSIB Bandung,,,,Importer,Bandung,KOTRA_SNS_2025,화장품/뷰티
340130,ID,shivay,,,,Importer,Jakarta,KOTRA_SNS_2025,화장품/뷰티
330499,ID,PT. Pangestu Putra Indonesia,,,,Importer,Semarang,KOTRA_SNS_2025,화장품/뷰티
340130,PE,england,,,,Importer,Chimbote,KOTRA_SNS_2025,화장품/뷰티
330499,ID,Dior,,,,Importer,hgdygg,KOTRA_SNS_2025,화장품/뷰티
330420,ID,pengangguran,,,,Importer,Nabire,KOTRA_SNS_2025,화장품/뷰티
330499,ID,lonte tempek busuk,,,,Importer,Cengkareng,KOTRA_SNS_2025,화장품/뷰티
330499,ID,indonesia,,,,Importer,Balikpa,KOTRA_SNS_2025,화장품/뷰티
330499,VN,Nguyn anh holding,,,,Importer,h ni,KOTRA_SNS_2025,화장품/뷰티
330499,ES,Saludtrade,,,,Importer,Madrid,KOTRA_SNS_2025,화장품/뷰티
330499,ES,BRV Spain,,,,Importer,Valencia,KOTRA_SNS_2025,화장품/뷰티
330499,ES,Total Freight,,,,Importer,Madrid,KOTRA_SNS_2025,화장품/뷰티
330499,ES,Total Pharma,,,,Importer,Sevilla,KOTRA_SNS_2025,화장품/뷰티
330499,ES,KOSS,,,,Importer,Barcelona,KOTRA_SNS_2025,화장품/뷰티
330499,ES,Yaksok Cosmetics,,,,Importer,Barcelona,KOTRA_SNS_2025,화장품/뷰티
330499,ES,Miss Manitas,,,,Importer,Barcelona,KOTRA_SNS_2025,화장품/뷰티
330499,cn,SHANGHAI DIANHELV TECHNOLOGY CO LTD,,,,Importer,shenzhen,KOTRA_SNS_2025,화장품/뷰티
330499,KH,"ADVANCE HEALTHCARE CO.,LTD & CARE PLUS MART PHARMACY",,,,Importer,Phnom Penh,KOTRA_SNS_2025,화장품/뷰티
330499,KH,ALLIANCE PHARMA CAMBODGE,,,,Importer,Phnom Penh,KOTRA_SNS_2025,화장품/뷰티
330499,KH,ARUN REAKSMEY PHARMA,,,,Importer,Phnom Penh,KOTRA_SNS_2025,화장품/뷰티
330499,KH,ARUN REASMEY PHARMA CO. LTD.,,,,Importer,Phnom Penh,KOTRA_SNS_2025,화장품/뷰티
330499,KH,ARUNREASMEY PHARMA,,,,Importer,Phnom Penh,KOTRA_SNS_2025,화장품/뷰티
330499,cn,"SHENZHEN JINJIULONG TRADE CO., LTD",,,,Importer,Shenzhen,KOTRA_SNS_2025,화장품/뷰티
330499,cn,"GUANGZHOU SHINA TRADING CO., LTD.",,,,Importer,SHENZHEN,KOTRA_SNS_2025,화장품/뷰티
330499,cn,"shanghai xin song trade co.,LTD",,,,Importer,SHENZHEN,KOTRA_SNS_2025,화장품/뷰티
330499,cn,QINGKONG KEJI,,,,Importer,shenzhen,KOTRA_SNS_2025,화장품/뷰티
340130,GH,Gausu logistics,,,,Importer,Tema,KOTRA_SNS_2025,화장품/뷰티
340130,GH,X-SEED Company Ltd,,,,Importer,Tema,KOTRA_SNS_2025,화장품/뷰티
330749,GH,Franvida group,,,,Importer,Axim,KOTRA_SNS_2025,화장품/뷰티
340130,GH,Ghanaian,,,,Importer,Accra,KOTRA_SNS_2025,화장품/뷰티
330499,GH,Amponsah-Efah Pharmaceuticals Ltd,,,,Importer,Kumasi,KOTRA_SNS_2025,화장품/뷰티
340130,GH,Unique imports,,,,Importer,Accra,KOTRA_SNS_2025,화장품/뷰티
340130,US,fashion designer,,,,Importer,Bolegatang,KOTRA_SNS_2025,화장품/뷰티
340130,GH,Self Employed,,,,Importer,Tema,KOTRA_SNS_2025,화장품/뷰티
330499,GH,New Crystal Health Services,,,,Importer,Tema,KOTRA_SNS_2025,화장품/뷰티
330499,US,Nissih farms,,,,Importer,Sunyani,KOTRA_SNS_2025,화장품/뷰티
340130,GH,mgalant,,,,Importer,Accra,KOTRA_SNS_2025,화장품/뷰티
330749,GH,Axewood Tekniks,,,,Importer,Accra,KOTRA_SNS_2025,화장품/뷰티
330499,GH,Electro-Control Engineering Services,,,,Importer,Accra,KOTRA_SNS_2025,화장품/뷰티
340130,GH,Luciana's Secret,,,,Importer,Kumasi,KOTRA_SNS_2025,화장품/뷰티
330499,GH,Nuansapa solutions and and research institute,,,,Importer,Ga east,KOTRA_SNS_2025,화장품/뷰티
330499,GH,Gold Fields,,,,Importer,Tarkwa,KOTRA_SNS_2025,화장품/뷰티
340130,GH,Allur,,,,Importer,Accra,KOTRA_SNS_2025,화장품/뷰티
330749,GB,ALFANSO FURNITURE WORKS,,,,Importer,London,KOTRA_SNS_2025,화장품/뷰티
340130,GH,Radiance _Halos,,,,Importer,Accra,KOTRA_SNS_2025,화장품/뷰티
330749,GH,Kopadom Logistics,,,,Importer,Accra,KOTRA_SNS_2025,화장품/뷰티
330499,GH,A&M Life Solutions,,,,Importer,Accra,KOTRA_SNS_2025,화장품/뷰티
340130,GH,Elite Crown product,,,,Importer,Kumasi,KOTRA_SNS_2025,화장품/뷰티
330499,GH,intelligent laboratories,,,,Importer,Accra,KOTRA_SNS_2025,화장품/뷰티
340130,GH,Self Employed,,,,Importer,Accra,KOTRA_SNS_2025,화장품/뷰티
330749,GH,Arivee,,,,Importer,Takoradi,KOTRA_SNS_2025,화장품/뷰티
330749,GH,ONEGHANA LOGISTICS,,,,Importer,Accra,KOTRA_SNS_2025,화장품/뷰티
340130,GH,Insurance Broking Firm,,,,Importer,Accra,KOTRA_SNS_2025,화장품/뷰티
330749,GH,Bank Of Ghana,,,,Importer,Accra,KOTRA_SNS_2025,화장품/뷰티
330749,GH,vishonz networks ltd,,,,Importer,Accra,KOTRA_SNS_2025,화장품/뷰티
330499,GH,Exca  Vados Ltd,,,,Importer,Accra,KOTRA_SNS_2025,화장품/뷰티
330749,US,Corporate Technology Limited,,,,Importer,Accra,KOTRA_SNS_2025,화장품/뷰티
340130,GH,Dinkal,,,,Importer,Accra,KOTRA_SNS_2025,화장품/뷰티
340130,GH,global expert marketing ventures,,,,Importer,Kumasi,KOTRA_SNS_2025,화장품/뷰티
330499,GH,Tambro & co-o lmt,,,,Importer,Kumasi,KOTRA_SNS_2025,화장품/뷰티
330749,GH,Gastee Trading,,,,Importer,Kumasi,KOTRA_SNS_2025,화장품/뷰티
340130,GH,Sh_lashbrows,,,,Importer,Accra,KOTRA_SNS_2025,화장품/뷰티
340130,GH,Kiya's empire,,,,Importer,Obuasi,KOTRA_SNS_2025,화장품/뷰티
340130,GH,SSGL,,,,Importer,Accra,KOTRA_SNS_2025,화장품/뷰티
330749,GH,Black Sugar Enterprise,,,,Importer,Accra,KOTRA_SNS_2025,화장품/뷰티
340130,GH,Acting,,,,Importer,Accra,KOTRA_SNS_2025,화장품/뷰티
330749,GH,Ghana Broadcasting Corporation - GBC,,,,Importer,Accra,KOTRA_SNS_2025,화장품/뷰티
330499,GH,amistad medical equipments,,,,Importer,Accra,KOTRA_SNS_2025,화장품/뷰티
330499,GH,Nhyiraba Medical,,,,Importer,Accra,KOTRA_SNS_2025,화장품/뷰티
340130,GH,Premium beauty/health.,,,,Importer,Accra,KOTRA_SNS_2025,화장품/뷰티
340130,US,Total Trade,,,,Importer,Accra,KOTRA_SNS_2025,화장품/뷰티
340130,GH,Kesy Empire,,,,Importer,Accra,KOTRA_SNS_2025,화장품/뷰티
340130,SX,Sea sun and sand,,,,Importer,Nagpur,KOTRA_SNS_2025,화장품/뷰티
330749,GH,Deolux Essentials,,,,Importer,Accra,KOTRA_SNS_2025,화장품/뷰티
340130,GH,,,,,Importer,Accra,KOTRA_SNS_2025,화장품/뷰티
330749,GH,Babasanos Enterprise,,,,Importer,accra,KOTRA_SNS_2025,화장품/뷰티
330749,GH,StartOA,,,,Importer,Accra,KOTRA_SNS_2025,화장품/뷰티
340130,GH,SODA,,,,Importer,Accra,KOTRA_SNS_2025,화장품/뷰티
340130,GH,Oyoko,,,,Importer,Accra,KOTRA_SNS_2025,화장품/뷰티
330749,GH,Founder/Creative Director Events Major,,,,Importer,Accra,KOTRA_SNS_2025,화장품/뷰티
340130,GH,Satar Ghana,,,,Importer,Accra,KOTRA_SNS_2025,화장품/뷰티
330499,GH,Airport Management Resources,,,,Importer,Accra,KOTRA_SNS_2025,화장품/뷰티
340130,GH,Nature Sparkle Cosmetics,,,,Importer,Kumasi,KOTRA_SNS_2025,화장품/뷰티
330749,GH,Trase Media and Communications,,,,Importer,Accra,KOTRA_SNS_2025,화장품/뷰티
330499,GH,Kablat's,,,,Importer,Kumasi,KOTRA_SNS_2025,화장품/뷰티
330499,GH,"Makola Market Accra, Ghana",,,,Importer,Accra,KOTRA_SNS_2025,화장품/뷰티
330499,GH,Student,,,,Importer,Accra,KOTRA_SNS_2025,화장품/뷰티
330499,GH,Kiki’s wigcity,,,,Importer,Kumasi,KOTRA_SNS_2025,화장품/뷰티
330499,AR,Student,,,,Importer,Accra,KOTRA_SNS_2025,화장품/뷰티
330499,GH,Q NET GHANA,,,,Importer,Obuasi,KOTRA_SNS_2025,화장품/뷰티
330499,GH,Eylimited,,,,Importer,Accra,KOTRA_SNS_2025,화장품/뷰티
330499,GH,Lovely beauty,,,,Importer,Kumasi,KOTRA_SNS_2025,화장품/뷰티
330499,GH,No,,,,Importer,Accra,KOTRA_SNS_2025,화장품/뷰티
330499,GH,Sweet Stephen Ventures,,,,Importer,techiman Bono East,KOTRA_SNS_2025,화장품/뷰티
330499,GH,"China textile and garment import and export co., ltd",,,,Importer,Toronto,KOTRA_SNS_2025,화장품/뷰티
330499,GH,Perfect kitchen,,,,Importer,Accra,KOTRA_SNS_2025,화장품/뷰티
330499,GH,,,,,Importer,Cape Coast,KOTRA_SNS_2025,화장품/뷰티
330499,GH,Skinfestgh,,,,Importer,Accra,KOTRA_SNS_2025,화장품/뷰티
330499,GH,Armed Forces of the Republic of Ghana,,,,Importer,Tema,KOTRA_SNS_2025,화장품/뷰티
330499,GH,MandyHaven,,,,Importer,Accra,KOTRA_SNS_2025,화장품/뷰티
330499,GH,Sky Packing Material Trd: LLC,,,,Importer,Takoradi,KOTRA_SNS_2025,화장품/뷰티
330499,GH,Freams shop everything,,,,Importer,Accra,KOTRA_SNS_2025,화장품/뷰티
330499,GH,Ghanaian,,,,Importer,Accra,KOTRA_SNS_2025,화장품/뷰티
330499,GH,genx trading,,,,Importer,Accra,KOTRA_SNS_2025,화장품/뷰티
330499,GH,TAC,,,,Importer,Accra,KOTRA_SNS_2025,화장품/뷰티
330499,GH,Varcity,,,,Importer,Accra,KOTRA_SNS_2025,화장품/뷰티
340119,GH,Owner & CEO,,,,Importer,Accra,KOTRA_SNS_2025,화장품/뷰티
340119,GH,Pasture,,,,Importer,Accra,KOTRA_SNS_2025,화장품/뷰티
340119,CA,Canadian National Railway Company,,,,Importer,Toronto,KOTRA_SNS_2025,화장품/뷰티
340119,GH,Sharls,,,,Importer,Accra,KOTRA_SNS_2025,화장품/뷰티
340119,GH,Health Admin Intern,,,,Importer,Accra,KOTRA_SNS_2025,화장품/뷰티
340119,GH,Pusula  holding,,,,Importer,Accra,KOTRA_SNS_2025,화장품/뷰티
340119,GH,Armed Forces of the Republic of Ghana,,,,Importer,Tema,KOTRA_SNS_2025,화장품/뷰티
340119,GH,Jobensep Ent,,,,Importer,Accra,KOTRA_SNS_2025,화장품/뷰티
340119,GH,Yes,,,,Importer,Yes,KOTRA_SNS_2025,화장품/뷰티
340119,GH,Elite Crown product,,,,Importer,Kumasi,KOTRA_SNS_2025,화장품/뷰티
340119,GH,Beauty HQ Ent,,,,Importer,Accra,KOTRA_SNS_2025,화장품/뷰티
340119,GH,,,,,Importer,Cape Coast,KOTRA_SNS_2025,화장품/뷰티
340119,GH,Lunar company Limited,,,,Importer,Tamale,KOTRA_SNS_2025,화장품/뷰티
340119,GH,Self employed,,,,Importer,Accra,KOTRA_SNS_2025,화장품/뷰티
340119,GH,Student,,,,Importer,Accra,KOTRA_SNS_2025,화장품/뷰티
340119,GH,Aura C,,,,Importer,Accra,KOTRA_SNS_2025,화장품/뷰티
340119,GH,Sama's Naj Company,,,,Importer,Cape Coast,KOTRA_SNS_2025,화장품/뷰티
340119,GH,EAGLE MARKETING KONSULT,,,,Importer,Kumasi,KOTRA_SNS_2025,화장품/뷰티
340119,GH,private,,,,Importer,Accra,KOTRA_SNS_2025,화장품/뷰티
340119,US,Majesty product,,,,Importer,Accra,KOTRA_SNS_2025,화장품/뷰티
340119,GH,University for Development Studies - UDS,,,,Importer,Accra,KOTRA_SNS_2025,화장품/뷰티
330499,cn,SHENZHEN BAITU TRADE CO LTD,,,,Importer,shenzhen,KOTRA_SNS_2025,화장품/뷰티
330499,cn,KKT,,,,Importer,shenzhen,KOTRA_SNS_2025,화장품/뷰티
330499,cn,"Zhongshan Shiwu Network Technology Co., Ltd",,,,Importer,shenzhen,KOTRA_SNS_2025,화장품/뷰티
330499,cn,"SHEN XINGYU TRADE.,TLD",,,,Importer,shenzhen,KOTRA_SNS_2025,화장품/뷰티
330499,cn,"HENAN HANDWRITTEN NETWORK TECHNOLOGY CO., LTD.",,,,Importer,shenzhen,KOTRA_SNS_2025,화장품/뷰티
330499,cn,KIYOBEE LIMITED,,,,Importer,shenzhen,KOTRA_SNS_2025,화장품/뷰티
330499,cn,He Bei Jiao Fei Lian Trade Corporate Limited.,,,,Importer,shenzhen,KOTRA_SNS_2025,화장품/뷰티
330499,cn,zhongshan wanni beauty clinic,,,,Importer,shenzhen,KOTRA_SNS_2025,화장품/뷰티
330499,cn,"zhongshan aijiade trade co,.ltd",,,,Importer,shenzhen,KOTRA_SNS_2025,화장품/뷰티
330499,cn,"guangzhou xiyanxiu trade co.,ltd",,,,Importer,shenzhen,KOTRA_SNS_2025,화장품/뷰티
330499,cn,"B&H (Shenzhen) Co., Ltd.",,,,Importer,shenzhen,KOTRA_SNS_2025,화장품/뷰티
330499,cn,"shenzhen jingshun trade.,ltd",,,,Importer,shenzhen,KOTRA_SNS_2025,화장품/뷰티
330499,cn,"QING MU TRADE.,LTD",,,,Importer,shenzhen,KOTRA_SNS_2025,화장품/뷰티
330499,cn,"SHENZHEN SHENGTAO TRADE.,LTD",,,,Importer,shenzhen,KOTRA_SNS_2025,화장품/뷰티
330499,KH,"BHAGWAT HEALTHCARE ( CAMBODIA) CO.,LTD.",,,,Importer,Phnom Penh,KOTRA_SNS_2025,화장품/뷰티
330499,KH,DKSH ( CAMBODIA ) LTD.,,,,Importer,Phnom Penh,KOTRA_SNS_2025,화장품/뷰티
330499,KH,"DOCTOR SARUN PHARMA CO., LTD.",,,,Importer,Phnom Penh,KOTRA_SNS_2025,화장품/뷰티
330499,KH,DYNAMIC PHARMA CO. LTD.,,,,Importer,Phnom Penh,KOTRA_SNS_2025,화장품/뷰티
330499,KH,"EREN PHARMA (CAMBODGE) CO., LTD.",,,,Importer,Phnom Penh,KOTRA_SNS_2025,화장품/뷰티
330499,KH,"GEN PHARMA ENTERPRISE CO., LTD.",,,,Importer,Phnom Penh,KOTRA_SNS_2025,화장품/뷰티
330499,KH,"GLOBAL CAM BSK PHARMA CO.,LTD",,,,Importer,Phnom Penh,KOTRA_SNS_2025,화장품/뷰티
330499,KH,GLOHCARE PHARMA,,,,Importer,Phnom Penh,KOTRA_SNS_2025,화장품/뷰티
330499,KH,"GLOW HEALTH PHARMA CO.,LTD",,,,Importer,Phnom Penh,KOTRA_SNS_2025,화장품/뷰티
330499,KH,HEALTHTIME CORPORATION,,,,Importer,Phnom Penh,KOTRA_SNS_2025,화장품/뷰티
330499,KH,HENG CHAMROEUN PHARMA CO. LTD.,,,,Importer,Phnom Penh,KOTRA_SNS_2025,화장품/뷰티
330499,KH,LEAP MEAN CHEY PHARMA,,,,Importer,Phnom Penh,KOTRA_SNS_2025,화장품/뷰티
330499,KH,MASTER PHARMA GROUP LTD.,,,,Importer,Phnom Penh,KOTRA_SNS_2025,화장품/뷰티
330499,KH,"MOUNT PHARMACEUTICAL CO.,LTD.",,,,Importer,Phnom Penh,KOTRA_SNS_2025,화장품/뷰티
330499,KH,PHARMA PRODUCT MANUFACTURING (PPM),,,,Importer,Phnom Penh,KOTRA_SNS_2025,화장품/뷰티
330499,KH,PHARMACEUTICAL PRODUCT MANUFACTURING (PPM),,,,Importer,Phnom Penh,KOTRA_SNS_2025,화장품/뷰티
330499,KH,"PHARMACEUTICAL, MEDICAL DEVICE AND FOOD IMPORTER",,,,Importer,Phnom Penh,KOTRA_SNS_2025,화장품/뷰티
330499,KH,PHARMACIE POLYNA AND CONSULTING CENTRE,,,,Importer,Phnom Penh,KOTRA_SNS_2025,화장품/뷰티
330499,KH,PHARMACIE TNGAI BANG CHHAT,,,,Importer,Phnom Penh,KOTRA_SNS_2025,화장품/뷰티
330499,KH,PHARMAPRODUCT MANUFACTURING (PPM),,,,Importer,Phnom Penh,KOTRA_SNS_2025,화장품/뷰티
330499,KH,"Plus-Medi Pharma Co.,Ltd",,,,Importer,Phnom Penh,KOTRA_SNS_2025,화장품/뷰티
330499,KH,RASMEY SUOR PHARMA,,,,Importer,Phnom Penh,KOTRA_SNS_2025,화장품/뷰티
330499,KH,RATANAK RATANA PHARMACEUTICAL,,,,Importer,Phnom Penh,KOTRA_SNS_2025,화장품/뷰티
330499,KH,Rohto Cambodia,,,,Importer,Phnom Penh,KOTRA_SNS_2025,화장품/뷰티
330499,KH,"SAK CAM PHARMA CO.,LTD",,,,Importer,Phnom Penh,KOTRA_SNS_2025,화장품/뷰티
330499,KH,"SANTELYS PHARMACEUTICAL CO.,LTD.",,,,Importer,Phnom Penh,KOTRA_SNS_2025,화장품/뷰티
330499,KH,"TREASURE PHARMA (CAMBODIA) CO.,LTD.",,,,Importer,Phnom Penh,KOTRA_SNS_2025,화장품/뷰티
330499,KH,UNITED PHARMA,,,,Importer,Phnom Penh,KOTRA_SNS_2025,화장품/뷰티
330499,KH,United Pharma Cambodia,,,,Importer,Phnom Penh,KOTRA_SNS_2025,화장품/뷰티
330499,KH,"WORLD HEALTH PHARMACEUTICAL CO., LTD.",,,,Importer,Phnom Penh,KOTRA_SNS_2025,화장품/뷰티
330499,KH,ZUELLIG PHARMA LTD.,,,,Importer,Phnom Penh,KOTRA_SNS_2025,화장품/뷰티
330499,KH,"BLUE OPPORTUNITY MEDICAL CO.,LTD.",,,,Importer,Phnom Penh,KOTRA_SNS_2025,화장품/뷰티
330499,KH,"GM MEDICAL INVESTMENT CO.,LTD.",,,,Importer,Phnom Penh,KOTRA_SNS_2025,화장품/뷰티
330499,KH,"KUANGHSIEN MEDICAL INSTRUMENT CO., LTD.",,,,Importer,Phnom Penh,KOTRA_SNS_2025,화장품/뷰티
330499,KH,"MEDICAL BIOTECH CO.,LTD.",,,,Importer,Phnom Penh,KOTRA_SNS_2025,화장품/뷰티
330499,KH,"MEKONG HEALTHCARE CO., LTD",,,,Importer,Phnom Penh,KOTRA_SNS_2025,화장품/뷰티
330499,KH,SMARTCARE MEDICAL EQUIPMENT SUPPLIES,,,,Importer,Phnom Penh,KOTRA_SNS_2025,화장품/뷰티
330420,cn,JOINFAST TRADING(SHENZHEN) LIMITED,,,,Importer,Shenzhen,KOTRA_SNS_2025,화장품/뷰티
330590,CN,XUCHANG RENYONG MEIMEI AND GONGMEI HAIR TECHNOLOGY CO LTD,,,,Importer,ZHENGZHOU,KOTRA_SNS_2025,화장품/뷰티
330749,GB,Sonagi Ltd,,,,Importer,London,KOTRA_SNS_2025,화장품/뷰티
330749,GB,JS Holdings Group,,,,Importer,London,KOTRA_SNS_2025,화장품/뷰티
330749,GB,Wisebury Labs Ltd,,,,Importer,London,KOTRA_SNS_2025,화장품/뷰티
330749,GB,LENGBOX,,,,Importer,ESSEX,KOTRA_SNS_2025,화장품/뷰티
330749,GB,Soko House ltd,,,,Importer,London,KOTRA_SNS_2025,화장품/뷰티
330749,GB,Kellco Global Ltd,,,,Importer,London,KOTRA_SNS_2025,화장품/뷰티
330499,GB,Readable Press Limited,,,,Importer,London,KOTRA_SNS_2025,화장품/뷰티
330749,GB,Kreassive UK,,,,Importer,London,KOTRA_SNS_2025,화장품/뷰티
330499,GB,Kreassive UK,,,,Importer,London,KOTRA_SNS_2025,화장품/뷰티
330499,GB,Skin2Seoul Limited,,,,Importer,Nottingham,KOTRA_SNS_2025,화장품/뷰티
330420,cn,"Thzo Import&Export Trading(Guangzhou) Co., Ltd",,,,Importer,Shenzhen,KOTRA_SNS_2025,화장품/뷰티
330590,cn,"Shandong Lanhua International Trade Co., Ltd",,,,Importer,zhengzhou,KOTRA_SNS_2025,화장품/뷰티
330590,cn,HEZE XINTIAN FOOD CO LTD,,,,Importer,zhengzhou,KOTRA_SNS_2025,화장품/뷰티
330499,GH,2.34E+11,,,,Importer,Accra,KOTRA_SNS_2025,화장품/뷰티
330499,GH,2.34E+11,,,,Importer,Accra,KOTRA_SNS_2025,화장품/뷰티
330499,GH,2.33E+11,,,,Importer,Accra,KOTRA_SNS_2025,화장품/뷰티
330499,GH,2.33E+11,,,,Importer,Accra,KOTRA_SNS_2025,화장품/뷰티
330499,GH,2.33E+11,,,,Importer,Accra,KOTRA_SNS_2025,화장품/뷰티
330499,GH,2.33E+11,,,,Importer,Kumasi,KOTRA_SNS_2025,화장품/뷰티
330499,GH,2.33E+11,,,,Importer,Accra,KOTRA_SNS_2025,화장품/뷰티
330499,GH,2.33E+11,,,,Importer,Accra,KOTRA_SNS_2025,화장품/뷰티
330499,GH,2.33E+11,,,,Importer,Accra,KOTRA_SNS_2025,화장품/뷰티
330499,GH,2.33E+11,,,,Importer,Accra,KOTRA_SNS_2025,화장품/뷰티
330499,GH,2.33E+11,,,,Importer,Accra,KOTRA_SNS_2025,화장품/뷰티
330499,GH,2.34E+11,,,,Importer,Accra,KOTRA_SNS_2025,화장품/뷰티
330499,GH,552394931,,,,Importer,Accra,KOTRA_SNS_2025,화장품/뷰티
330499,GH,2.33E+11,,,,Importer,Takoradi,KOTRA_SNS_2025,화장품/뷰티
330499,GH,2.33E+11,,,,Importer,Accra,KOTRA_SNS_2025,화장품/뷰티
330499,US,2.34E+11,,,,Importer,Accra Abelemkpe,KOTRA_SNS_2025,화장품/뷰티
330499,GH,2.33E+11,,,,Importer,Accra,KOTRA_SNS_2025,화장품/뷰티
330499,GH,2.33E+11,,,,Importer,Accra,KOTRA_SNS_2025,화장품/뷰티
330499,GH,2.33E+11,,,,Importer,Accra,KOTRA_SNS_2025,화장품/뷰티
330499,US,14406508001,,,,Importer,Cleveland,KOTRA_SNS_2025,화장품/뷰티
330499,GH,2.34E+11,,,,Importer,Accra,KOTRA_SNS_2025,화장품/뷰티
330499,US,2.33E+11,,,,Importer,Accra/Ghana,KOTRA_SNS_2025,화장품/뷰티
330499,GH,2.33E+11,,,,Importer,Accra,KOTRA_SNS_2025,화장품/뷰티
330499,GH,2.34E+11,,,,Importer,Accra,KOTRA_SNS_2025,화장품/뷰티
330499,GH,2.34E+11,,,,Importer,Accra,KOTRA_SNS_2025,화장품/뷰티
330499,US,2.33E+11,,,,Importer,saki off Michel camp,KOTRA_SNS_2025,화장품/뷰티
330499,GH,2.34E+11,,,,Importer,Accra,KOTRA_SNS_2025,화장품/뷰티
330499,GH,2.34E+11,,,,Importer,Navrongo,KOTRA_SNS_2025,화장품/뷰티
330499,GH,2.33E+11,,,,Importer,Accra,KOTRA_SNS_2025,화장품/뷰티
330499,GH,2.33E+11,,,,Importer,Kokrobite,KOTRA_SNS_2025,화장품/뷰티
330499,GH,2.34E+11,,,,Importer,Cape Coast,KOTRA_SNS_2025,화장품/뷰티
330499,GH,2.34E+11,,,,Importer,Tema,KOTRA_SNS_2025,화장품/뷰티
330499,GH,265756431,,,,Importer,Accra,KOTRA_SNS_2025,화장품/뷰티
330499,GH,2.33E+11,,,,Importer,Efiduasi,KOTRA_SNS_2025,화장품/뷰티
330499,GH,2.33E+11,,,,Importer,Accra,KOTRA_SNS_2025,화장품/뷰티
330499,GH,2.34E+11,,,,Importer,"Kumasi, Ghana",KOTRA_SNS_2025,화장품/뷰티
330499,GH,2.33E+11,,,,Importer,Tema,KOTRA_SNS_2025,화장품/뷰티
330499,GH,2.33E+11,,,,Importer,Kumasi,KOTRA_SNS_2025,화장품/뷰티
330499,GH,2.33E+11,,,,Importer,Accra,KOTRA_SNS_2025,화장품/뷰티
330499,cn,HK XRD INDUSTRY LIMITED,,,,Importer,shenzhen,KOTRA_SNS_2025,화장품/뷰티
330420,cn,"WEIHAI AIMIAO FOOD CO.,LTD",,,,Importer,shenzhen,KOTRA_SNS_2025,화장품/뷰티
330420,cn,SAMS SHANGHAI INVESTMENT CO LTD,,,,Importer,Shenzhen,KOTRA_SNS_2025,화장품/뷰티
340130,GH,The purple shop,,,,Importer,Accra,KOTRA_SNS_2025,화장품/뷰티
340130,GH,Ghana Immigration Service Online Protocol,,,,Importer,Kumasi,KOTRA_SNS_2025,화장품/뷰티
330749,US,ewrfswdrfwrd,,,,Importer,evrfrdwrvgrwg,KOTRA_SNS_2025,화장품/뷰티
340130,GH,Gedel,,,,Importer,Accra,KOTRA_SNS_2025,화장품/뷰티
340130,GH,Carnaas Collection,,,,Importer,Accra,KOTRA_SNS_2025,화장품/뷰티
330749,GH,Goodwin ventures,,,,Importer,Accra,KOTRA_SNS_2025,화장품/뷰티
340130,GH,Zuanit skin care,,,,Importer,Accra,KOTRA_SNS_2025,화장품/뷰티
340130,GH,24/7 Records,,,,Importer,Accra,KOTRA_SNS_2025,화장품/뷰티
340130,GH,none,,,,Importer,Accra,KOTRA_SNS_2025,화장품/뷰티
340130,GH,Don’t have,,,,Importer,Kade,KOTRA_SNS_2025,화장품/뷰티
340130,GH,Beautify me,,,,Importer,Accra,KOTRA_SNS_2025,화장품/뷰티
340130,GH,Bloomside lmport,,,,Importer,Kumasi,KOTRA_SNS_2025,화장품/뷰티
330499,cn,"Hangzhou Duwei Electronic Technology Co., Ltd",,,,Importer,shenzhen,KOTRA_SNS_2025,화장품/뷰티
330499,cn,SHENZHEN A&S INTERNATIONAL,,,,Importer,shenzhen,KOTRA_SNS_2025,화장품/뷰티
330499,cn,"Shenzhen Bafang Haiheng Trade Co., Ltd",,,,Importer,shenzhen,KOTRA_SNS_2025,화장품/뷰티
330499,cn,"Shenzhen Hengwoyuan Business Trading Co., Ltd",,,,Importer,shenzhen,KOTRA_SNS_2025,화장품/뷰티
330499,cn,"Shenzhen Muren Lane Trading Co., Ltd",,,,Importer,shenzhen,KOTRA_SNS_2025,화장품/뷰티
330499,cn,GUANGZHOU BIMA INTERNATIONAL TRADE,,,,Importer,shenzhen,KOTRA_SNS_2025,화장품/뷰티
330499,cn,"SHENZHEN DAYU TRADE CO.,LTD",,,,Importer,shenzhen,KOTRA_SNS_2025,화장품/뷰티
330499,cn,SHENZHEN HEZHE INTERNATIONAL,,,,Importer,shenzhen,KOTRA_SNS_2025,화장품/뷰티
330499,cn,GUANGZHOU DAZI TRADE,,,,Importer,shenzhen,KOTRA_SNS_2025,화장품/뷰티
330499,cn,SHENZHEN YUXIN TRADE,,,,Importer,shenzhen,KOTRA_SNS_2025,화장품/뷰티
330499,cn,SHENZHEN AWANT BEAUTY,,,,Importer,shenzhen,KOTRA_SNS_2025,화장품/뷰티
330499,cn,GUANGZHOU CHANGYU TRADE,,,,Importer,shenzhen,KOTRA_SNS_2025,화장품/뷰티
330499,cn,GUANGZHOU JUDY TRADE,,,,Importer,shenzhen,KOTRA_SNS_2025,화장품/뷰티
330499,cn,SHENZHEN PAPASTAR TRADE,,,,Importer,shenzhen,KOTRA_SNS_2025,화장품/뷰티
330499,cn,SHENZHEN XINGYU TRADE,,,,Importer,shenzhen,KOTRA_SNS_2025,화장품/뷰티
330499,cn,SHENZHEN JINZHETONG TRADE,,,,Importer,shenzhen,KOTRA_SNS_2025,화장품/뷰티
330499,cn,SHENZHEN DAYUXING TRADE,,,,Importer,shenzhen,KOTRA_SNS_2025,화장품/뷰티
330499,cn,SHENZHEN JUESHENG INTERNATIONAL,,,,Importer,shenzhen,KOTRA_SNS_2025,화장품/뷰티
330499,cn,SHENZHEN HUAQIANG TRADE,,,,Importer,shenzhen,KOTRA_SNS_2025,화장품/뷰티
330499,cn,SHENZHEN MAOTONG TRADE,,,,Importer,shenzhen,KOTRA_SNS_2025,화장품/뷰티
330420,cn,HONG KONG OCEAN INFINITY LIMITED,,,,Importer,shenzhen,KOTRA_SNS_2025,화장품/뷰티
330420,cn,SHANGHAI KAIXIN IMPORT & EXPORT CO LTD,,,,Importer,shenzhen,KOTRA_SNS_2025,화장품/뷰티
330420,cn,COREANA COSMETICS TIAN JIN,,,,Importer,shenzhen,KOTRA_SNS_2025,화장품/뷰티
330420,cn,"SUNRIDER (CHINA) CO., LTD",,,,Importer,shenzhen,KOTRA_SNS_2025,화장품/뷰티
330510,CN,"Alcon (China) Ophthalmic Product Co., Ltd.",,,,Importer,Shanghai,KOTRA_SNS_2025,화장품/뷰티
330499,CN,"Shanghai Gaojing Medical Treatment Instrument Co., Ltd.",,,,Importer,SHANGHAI,KOTRA_SNS_2025,화장품/뷰티
330499,CN,SHANDONG HUGE DENTAL MATERIAL CORPORATION,,,,Importer,Shandong,KOTRA_SNS_2025,화장품/뷰티
330499,CN,CHINA ASTALL TRADING CO LTD,,,,Importer,Beijing,KOTRA_SNS_2025,화장품/뷰티
330499,CN,BOAODA MEDICAL DEVICE CO LTD,,,,Importer,Nanjing,KOTRA_SNS_2025,화장품/뷰티
330499,CN,XI AN TI WISE TRADING CO LTD,,,,Importer,Xi an,KOTRA_SNS_2025,화장품/뷰티
330499,CN,HEZE JIANHANG MEDICAL INSTRUMENT CO LTD,,,,Importer,Shandong,KOTRA_SNS_2025,화장품/뷰티
330499,CN,YIBOYA ORAL LINKAGE CHAIN,,,,Importer,Guangzhou,KOTRA_SNS_2025,화장품/뷰티
330499,CN,"Hebei Zhongcong Medical Technology Co., Ltd",,,,Importer,Hebei,KOTRA_SNS_2025,화장품/뷰티
330499,CN,"Zhengzhou First filial Piety Ttrading Co., Ltd",,,,Importer,Zhengzhou,KOTRA_SNS_2025,화장품/뷰티
330499,CN,BEIJING Y AXIS INTERNATIONAL TRADING CO LTD,,,,Importer,Beijing,KOTRA_SNS_2025,화장품/뷰티
330510,CN,"XINGWEN (CHANGZHOU) SUPPLY CHAIN CO., LTD",,,,Importer,Changzhou,KOTRA_SNS_2025,화장품/뷰티
330499,CN,QINGDAO XINXIKANG MEDICAL TECHNOLOGY COMPANY LIMITED,,,,Importer,QINGDAO,KOTRA_SNS_2025,화장품/뷰티
330510,CN,GUANGZHOU CHEMICALS IMPORT AND EXPORT CO LTD,,,,Importer,GUANGZHOU,KOTRA_SNS_2025,화장품/뷰티
330510,CN,"JM Brand Management (Shanghai) Co., LTD",,,,Importer,SHANGHAI,KOTRA_SNS_2025,화장품/뷰티
330499,GT,"Lilos Caf, S.A.",,,,Importer,Guatemala,KOTRA_SNS_2025,화장품/뷰티
330499,Trkiye,trakya-university,,,,Importer,Edirne,KOTRA_SNS_2025,화장품/뷰티
330410,Trkiye,DORIA Tekstil Ltd.,,,,Importer,Istanbul,KOTRA_SNS_2025,화장품/뷰티
330499,Trkiye,Dentsply Sirona,,,,Importer,Ankara,KOTRA_SNS_2025,화장품/뷰티
330499,Trkiye,AVCIAS,,,,Importer,Ankara,KOTRA_SNS_2025,화장품/뷰티
330410,Trkiye,canakkale-onsekiz-mart-university,,,,Importer,Greater Tekirdag,KOTRA_SNS_2025,화장품/뷰티
330499,Trkiye,ADDPark - Advanced Manufacturing and Experience Centre,,,,Importer,Ankara,KOTRA_SNS_2025,화장품/뷰티
330410,Trkiye,bahaholding,,,,Importer,Ankara,KOTRA_SNS_2025,화장품/뷰티
330499,Trkiye,Shizuku & Drop Consulting,,,,Importer,Istanbul,KOTRA_SNS_2025,화장품/뷰티
330410,Trkiye,bitcoin-com-tr,,,,Importer,Ankara,KOTRA_SNS_2025,화장품/뷰티
330499,Trkiye,Alkor medikal,,,,Importer,Ankara,KOTRA_SNS_2025,화장품/뷰티
330790,Trkiye,EPLAKS KMYA TREADNG COMPANY,,,,Importer,stanbul,KOTRA_SNS_2025,화장품/뷰티
330499,Trkiye,Hila Di Tic Ltd,,,,Importer,Isranbul,KOTRA_SNS_2025,화장품/뷰티
330410,Trkiye,Gedik Holding,,,,Importer,Istanbul,KOTRA_SNS_2025,화장품/뷰티
330790,Trkiye,Serbest alıan,,,,Importer,stanbul,KOTRA_SNS_2025,화장품/뷰티
330410,Trkiye,Gratis,,,,Importer,Greater Ankara,KOTRA_SNS_2025,화장품/뷰티
330410,Trkiye,Homestead Elektrik Otomasyon Makina malat San. ve Tic. Ltd. ti,,,,Importer,zmir,KOTRA_SNS_2025,화장품/뷰티
330499,Trkiye,ays-kalite,,,,Importer,ankara,KOTRA_SNS_2025,화장품/뷰티
330499,Trkiye,peties'vets veteriner klinii,,,,Importer,stanbul,KOTRA_SNS_2025,화장품/뷰티
330410,Trkiye,Dnd Cosmetics,,,,Importer,Istanbul,KOTRA_SNS_2025,화장품/뷰티
330410,Trkiye,More Options Inc,,,,Importer,ISTANBUL,KOTRA_SNS_2025,화장품/뷰티
330499,Trkiye,Freelance,,,,Importer,stanbul,KOTRA_SNS_2025,화장품/뷰티
330499,CN,"Shanghai Baikeli Hanpin International Trade Co., Ltd.",,,,Importer,Shanghai,KOTRA_SNS_2025,화장품/뷰티
330499,CN,"Changxiangmei SCM(Weihai) Co., Ltd.",,,,Importer,Weihai,KOTRA_SNS_2025,화장품/뷰티
330499,CN,Shandong Shindadong Inc.,,,,Importer,Weihai,KOTRA_SNS_2025,화장품/뷰티
330499,CN,"Shanghai Wayi Cultural Media Co., Ltd.",,,,Importer,Shanghai,KOTRA_SNS_2025,화장품/뷰티
330499,AZ,Real Dad MMC,,,,Importer,Baku,KOTRA_SNS_2025,화장품/뷰티
330499,MN,Ikh delta engineering llc,,,,Importer,Ulaanbaatar,KOTRA_SNS_2025,화장품/뷰티
330499,UZ,Bek,,,,Importer,Tashkent,KOTRA_SNS_2025,화장품/뷰티
330499,VN,cng ty hoa ngc trang,,,,Importer,Ho Chi Minh City,KOTRA_SNS_2025,화장품/뷰티
330499,MY,La Verdure Biotech,,,,Importer,Kuala Lumpur,KOTRA_SNS_2025,화장품/뷰티
330499,MM,Self Employed,,,,Importer,Mandalay,KOTRA_SNS_2025,화장품/뷰티
330499,PH,AGP Trading Inc,,,,Importer,Paranaque,KOTRA_SNS_2025,화장품/뷰티
330499,PH,dd.solomon ventures corp,,,,Importer,muntinlupa,KOTRA_SNS_2025,화장품/뷰티
330499,ID,PT. Multi Prima Inovasi,,,,Importer,Bogor,KOTRA_SNS_2025,화장품/뷰티
330499,PH,SPARTAN BTY INC.,,,,Importer,San Mateo Rizal,KOTRA_SNS_2025,화장품/뷰티
330499,PH,J.C.Ona Luxury Items,,,,Importer,Bulakan,KOTRA_SNS_2025,화장품/뷰티
330499,PH,Skinline Aesthetic and Wellness Spa,,,,Importer,Guiguinto,KOTRA_SNS_2025,화장품/뷰티
330499,CA,Pramukham Imports inc.,,,,Importer,Brampton,KOTRA_SNS_2025,화장품/뷰티
330499,US,Integra,,,,Importer,Dania Beach,KOTRA_SNS_2025,화장품/뷰티
330499,CA,Perfumes,,,,Importer,Waterloo,KOTRA_SNS_2025,화장품/뷰티
330499,US,ALLIED HEAVY EQUIPMENT PARTS INC,,,,Importer,Riverhead,KOTRA_SNS_2025,화장품/뷰티
330499,PH,Bizytrends LLC,,,,Importer,Mandaluyong,KOTRA_SNS_2025,화장품/뷰티
330499,KH,AZ Group,,,,Importer,Phnom Penh,KOTRA_SNS_2025,화장품/뷰티
330499,PH,Advance Industrial Equipment Wholesaling,,,,Importer,Quezon City,KOTRA_SNS_2025,화장품/뷰티
330499,PK,Electronic Engineer.,,,,Importer,Lahore,KOTRA_SNS_2025,화장품/뷰티
330499,PK,AKBAR TRADERS,,,,Importer,Khwazakhela Swat,KOTRA_SNS_2025,화장품/뷰티
330499,PK,Hanza Sports,,,,Importer,Sialkot,KOTRA_SNS_2025,화장품/뷰티
330499,IN,kangaro group of companies,,,,Importer,Ludhiana,KOTRA_SNS_2025,화장품/뷰티
330499,IN,Mega Group of Companies,,,,Importer,Ambarnath,KOTRA_SNS_2025,화장품/뷰티
330499,US,Zainab trader,,,,Importer,Hyderabad,KOTRA_SNS_2025,화장품/뷰티
330499,IN,Ravi footwear,,,,Importer,Ludhiana,KOTRA_SNS_2025,화장품/뷰티
330499,PK,Soby Agro Machinery,,,,Importer,Lahore,KOTRA_SNS_2025,화장품/뷰티
330499,IN,Trushi consultancy,,,,Importer,Vadodara,KOTRA_SNS_2025,화장품/뷰티
330499,PK,Zabaco,,,,Importer,mirpur AK,KOTRA_SNS_2025,화장품/뷰티
330499,IN,Trimurti Engineering,,,,Importer,Maharashtra,KOTRA_SNS_2025,화장품/뷰티
330499,PK,musa traders,,,,Importer,Faisalabad,KOTRA_SNS_2025,화장품/뷰티
330499,IN,Abc,,,,Importer,Kanpur,KOTRA_SNS_2025,화장품/뷰티
330499,US,Ittehad Hardware Store,,,,Importer,Gujranwala,KOTRA_SNS_2025,화장품/뷰티
330499,PK,Goduc Pharma,,,,Importer,Rawalpindi,KOTRA_SNS_2025,화장품/뷰티
330499,IN,Skymech Automation and controls,,,,Importer,Delhi,KOTRA_SNS_2025,화장품/뷰티
330499,PK,GCC water management,,,,Importer,Feroza,KOTRA_SNS_2025,화장품/뷰티
330499,PK,Umair,,,,Importer,Lahore,KOTRA_SNS_2025,화장품/뷰티
330499,PK,Sky Packing Material Trd: LLC,,,,Importer,Swat,KOTRA_SNS_2025,화장품/뷰티
330499,PK,Al-Riaz & Sons,,,,Importer,Lahore,KOTRA_SNS_2025,화장품/뷰티
330499,PK,Insight Solutions Pvt Ltd,,,,Importer,Karachi,KOTRA_SNS_2025,화장품/뷰티
330499,PK,MUGHAL Technoplas,,,,Importer,Lahore,KOTRA_SNS_2025,화장품/뷰티
330499,US,mfm inter,,,,Importer,Karachi,KOTRA_SNS_2025,화장품/뷰티
330499,PK,Kaghan Trading,,,,Importer,Haripur,KOTRA_SNS_2025,화장품/뷰티
330499,IN,Bharath exim,,,,Importer,Marthandam,KOTRA_SNS_2025,화장품/뷰티
330499,PK,SANIA HENNA PRODUCTS,,,,Importer,Karachi,KOTRA_SNS_2025,화장품/뷰티
330499,NG,Ron Coley,,,,Importer,Lagos,KOTRA_SNS_2025,화장품/뷰티
330499,ET,Student at Adama Sciece and Technology University(ASTU),,,,Importer,Addis Ababa,KOTRA_SNS_2025,화장품/뷰티
330499,NG,Self Employed,,,,Importer,Lagos,KOTRA_SNS_2025,화장품/뷰티
330499,GH,Click billionaire travel consult and services,,,,Importer,Accra,KOTRA_SNS_2025,화장품/뷰티
330499,TZ,TAI TOBIKO INVESTMENT,,,,Importer,Dar es salaam Tanzania,KOTRA_SNS_2025,화장품/뷰티
330499,NG,Executive Counselor,,,,Importer,Lagos,KOTRA_SNS_2025,화장품/뷰티
330499,ET,Zer trading plc,,,,Importer,Addis Ababa,KOTRA_SNS_2025,화장품/뷰티
330499,GH,KENMAP PENSION LTD,,,,Importer,Takoradi,KOTRA_SNS_2025,화장품/뷰티
330499,ET,"Addis Ababa, Ethiopia",,,,Importer,Mekelle,KOTRA_SNS_2025,화장품/뷰티
330499,NG,SHOFIELD TRUST INTERNATIONAL LIMITED,,,,Importer,lagos,KOTRA_SNS_2025,화장품/뷰티
330499,NG,Bolef  enterprises,,,,Importer,Lagos,KOTRA_SNS_2025,화장품/뷰티
330499,NG,All world emotion business merchant international,,,,Importer,Owerri,KOTRA_SNS_2025,화장품/뷰티
330499,NG,Phlouriche Nigeria Limited,,,,Importer,Lagos,KOTRA_SNS_2025,화장품/뷰티
330499,AE,trademan,,,,Importer,Dubai,KOTRA_SNS_2025,화장품/뷰티
330499,GH,Auto Parts Ltd & Universal Motors Ltd,,,,Importer,Accra,KOTRA_SNS_2025,화장품/뷰티
330499,NG,Craigwal Petroshore Limited,,,,Importer,Lagos,KOTRA_SNS_2025,화장품/뷰티
330499,NL,Sunbeds,,,,Importer,Amsterdam,KOTRA_SNS_2025,화장품/뷰티
330499,PT,SAS Traders,,,,Importer,Lisbon,KOTRA_SNS_2025,화장품/뷰티
330499,RO,Home Deco,,,,Importer,Hong Kong,KOTRA_SNS_2025,화장품/뷰티
330499,NL,Glow Seoul,,,,Importer,Rotterdam,KOTRA_SNS_2025,화장품/뷰티
330499,RO,Next level,,,,Importer,Bucharest,KOTRA_SNS_2025,화장품/뷰티
330499,HK,Sourcy,,,,Importer,hong kong,KOTRA_SNS_2025,화장품/뷰티
330499,AE,AWH Trading,,,,Importer,Dubai,KOTRA_SNS_2025,화장품/뷰티
330499,JO,GeniusGroup,,,,Importer,Amman,KOTRA_SNS_2025,화장품/뷰티
330499,MA,Ocean Glow,,,,Importer,Casablanca,KOTRA_SNS_2025,화장품/뷰티
330499,MA,SOS SUD INSTRUMENTS,,,,Importer,Casa,KOTRA_SNS_2025,화장품/뷰티
330499,MA,Espace fassia,,,,Importer,Casablanca,KOTRA_SNS_2025,화장품/뷰티
330499,OM,D’vogue,,,,Importer,Oman,KOTRA_SNS_2025,화장품/뷰티
330499,DZ,lammy,,,,Importer,Algiers,KOTRA_SNS_2025,화장품/뷰티
330499,DZ,Rosa fourniture,,,,Importer,Blida,KOTRA_SNS_2025,화장품/뷰티
330499,TR,PAK MONTENEGRO FOOD COMPANY DOO,,,,Importer,Istanbul,KOTRA_SNS_2025,화장품/뷰티
330499,AE,R J I Z GENERAL TRADING LLC,,,,Importer,Dubai,KOTRA_SNS_2025,화장품/뷰티
330499,TR,TR,,,,Importer,Izmir,KOTRA_SNS_2025,화장품/뷰티
330499,US,Dawn & Dusk LLC,,,,Importer,Austin,KOTRA_SNS_2025,화장품/뷰티
330499,AE,Kglow.me,,,,Importer,DUBAI,KOTRA_SNS_2025,화장품/뷰티
330499,TN,Korean Good,,,,Importer,Ariana,KOTRA_SNS_2025,화장품/뷰티
330499,US,Cortex,,,,Importer,algiers,KOTRA_SNS_2025,화장품/뷰티
330499,MA,Belike stars,,,,Importer,Sidi Yahia al Gharb,KOTRA_SNS_2025,화장품/뷰티
330499,QA,Abc,,,,Importer,Doha,KOTRA_SNS_2025,화장품/뷰티
330499,AE,SK Holding,,,,Importer,Dubai,KOTRA_SNS_2025,화장품/뷰티
330499,JP,jkn,,,,Importer,Tokyo,KOTRA_SNS_2025,화장품/뷰티
330510,JP,"Azabu Store Co., Ltd",,,,Importer,Tokyo,KOTRA_SNS_2025,화장품/뷰티
330499,CN,"Alcon (China) Ophthalmic Product Co., Ltd.",,,,Importer,Shanghai,KOTRA_SNS_2025,화장품/뷰티
330499,CN,"XINGWEN (CHANGZHOU) SUPPLY CHAIN CO., LTD",,,,Importer,Shanghai,KOTRA_SNS_2025,화장품/뷰티
330499,CN,GUANGZHOU CHEMICALS IMPORT AND EXPORT CO LTD,,,,Importer,Shanghai,KOTRA_SNS_2025,화장품/뷰티
330499,CN,"JM Brand Management (Shanghai) Co., LTD",,,,Importer,Shanghai,KOTRA_SNS_2025,화장품/뷰티
330499,GT,DIVINAS BEAUTY STORE,,,,Importer,Guatemala,KOTRA_SNS_2025,화장품/뷰티
330499,HN,Auto Repuestos,,,,Importer,San Pedo Sula,KOTRA_SNS_2025,화장품/뷰티
330499,GT,Clutches de Guatemala,,,,Importer,Guatemala,KOTRA_SNS_2025,화장품/뷰티
330499,SV,Farmavida,,,,Importer,San Salvador,KOTRA_SNS_2025,화장품/뷰티
330499,GT,Drogueria Landivar,,,,Importer,Guatemala,KOTRA_SNS_2025,화장품/뷰티
330499,GT,Pharland,,,,Importer,Guatemala,KOTRA_SNS_2025,화장품/뷰티
330499,GT,Intecfa,,,,Importer,Guatemala,KOTRA_SNS_2025,화장품/뷰티
330499,SV,"Internacional de Empaques, S.A. de C.V (Interpack)",,,,Importer,Guatemala,KOTRA_SNS_2025,화장품/뷰티
330499,GT,Etiplast,,,,Importer,Guatemala,KOTRA_SNS_2025,화장품/뷰티
330499,MN,World King Factory XXK,,,,Importer,ulaanbaatar,KOTRA_SNS_2025,화장품/뷰티
330499,AZ,MSLPORT LLC,,,,Importer,Baku,KOTRA_SNS_2025,화장품/뷰티
330499,KZ,Авиакомпания,,,,Importer,Almaty,KOTRA_SNS_2025,화장품/뷰티
330499,KH,AZ Group,,,,Importer,Phnom Penh,KOTRA_SNS_2025,화장품/뷰티
330499,US,MHM Services,,,,Importer,Beltsville,KOTRA_SNS_2025,화장품/뷰티
330499,CA,Contract Administrator,,,,Importer,Toronto,KOTRA_SNS_2025,화장품/뷰티
330499,IN,Aaryanveda,,,,Importer,New Delhi,KOTRA_SNS_2025,화장품/뷰티
330499,LK,DG Group,,,,Importer,Colombo,KOTRA_SNS_2025,화장품/뷰티
330499,PK,Richbro instruments,,,,Importer,Pakistan,KOTRA_SNS_2025,화장품/뷰티
330499,IN,Perfect brands,,,,Importer,Mumbai,KOTRA_SNS_2025,화장품/뷰티
330499,US,Zainab trader,,,,Importer,Hyderabad,KOTRA_SNS_2025,화장품/뷰티
330499,PK,Zabaco,,,,Importer,mirpur AK,KOTRA_SNS_2025,화장품/뷰티
330499,IN,Abc,,,,Importer,Kanpur,KOTRA_SNS_2025,화장품/뷰티
330499,PK,Goduc Pharma,,,,Importer,Rawalpindi,KOTRA_SNS_2025,화장품/뷰티
330499,PK,Sky Packing Material Trd: LLC,,,,Importer,Swat,KOTRA_SNS_2025,화장품/뷰티
330499,PK,Al-Riaz & Sons,,,,Importer,Lahore,KOTRA_SNS_2025,화장품/뷰티
330499,NG,Dhoopy Dhoopy,,,,Importer,Lagos,KOTRA_SNS_2025,화장품/뷰티
330499,NG,Ron Coley,,,,Importer,Lagos,KOTRA_SNS_2025,화장품/뷰티
330499,GH,Click billionaire travel consult and services,,,,Importer,Accra,KOTRA_SNS_2025,화장품/뷰티
330499,AE,trademan,,,,Importer,Dubai,KOTRA_SNS_2025,화장품/뷰티
330499,NG,Craigwal Petroshore Limited,,,,Importer,Lagos,KOTRA_SNS_2025,화장품/뷰티
330499,FR,Gipsy & Cleef,,,,Importer,Paris,KOTRA_SNS_2025,화장품/뷰티
330499,FR,,,,,Importer,New York,KOTRA_SNS_2025,화장품/뷰티
330499,NL,Rijkaard Lifestyle,,,,Importer,Amsterdam,KOTRA_SNS_2025,화장품/뷰티
330499,NL,Sunbeds,,,,Importer,Amsterdam,KOTRA_SNS_2025,화장품/뷰티
330499,PT,SAS Traders,,,,Importer,Lisbon,KOTRA_SNS_2025,화장품/뷰티
330499,NL,Glow Seoul,,,,Importer,Rotterdam,KOTRA_SNS_2025,화장품/뷰티
330499,RO,Next level,,,,Importer,Bucharest,KOTRA_SNS_2025,화장품/뷰티
330499,US,Somos Media,,,,Importer,Portland,KOTRA_SNS_2025,화장품/뷰티
330499,US,CYG,,,,Importer,Guadalajara,KOTRA_SNS_2025,화장품/뷰티
330499,TN,MARAMBEAUTY,,,,Importer,setif,KOTRA_SNS_2025,화장품/뷰티
330499,AE,AWH Trading,,,,Importer,Dubai,KOTRA_SNS_2025,화장품/뷰티
330499,JO,GeniusGroup,,,,Importer,Amman,KOTRA_SNS_2025,화장품/뷰티
330499,MA,Ocean Glow,,,,Importer,Casablanca,KOTRA_SNS_2025,화장품/뷰티
330499,MA,SOS SUD INSTRUMENTS,,,,Importer,Casa,KOTRA_SNS_2025,화장품/뷰티
330499,MA,Espace fassia,,,,Importer,Casablanca,KOTRA_SNS_2025,화장품/뷰티
330499,OM,D’vogue,,,,Importer,Oman,KOTRA_SNS_2025,화장품/뷰티
330499,TR,PAK MONTENEGRO FOOD COMPANY DOO,,,,Importer,Istanbul,KOTRA_SNS_2025,화장품/뷰티
330499,KZ,Misomiso.kz,,,,Importer,Astana,KOTRA_SNS_2025,화장품/뷰티
330499,AZ,Real Dad MMC,,,,Importer,Baku,KOTRA_SNS_2025,화장품/뷰티
330499,UZ,Bek,,,,Importer,Tashkent,KOTRA_SNS_2025,화장품/뷰티
330499,ID,PT SAINSGO KARYA INDONESIA,,,,Importer,Depok,KOTRA_SNS_2025,화장품/뷰티
330499,AQ,Ggv,,,,Importer,Nj,KOTRA_SNS_2025,화장품/뷰티
330499,MY,Na,,,,Importer,Kuala lumpur,KOTRA_SNS_2025,화장품/뷰티
330499,PH,Cosmetigroup Int Corp,,,,Importer,Las Pias,KOTRA_SNS_2025,화장품/뷰티
330499,PH,Ikeda worldwide enterprises corp,,,,Importer,Quezon City,KOTRA_SNS_2025,화장품/뷰티
330499,VN,cng ty hoa ngc trang,,,,Importer,Ho Chi Minh City,KOTRA_SNS_2025,화장품/뷰티
330499,MY,La Verdure Biotech,,,,Importer,Kuala Lumpur,KOTRA_SNS_2025,화장품/뷰티
330499,PH,AGP Trading Inc,,,,Importer,Paraaque,KOTRA_SNS_2025,화장품/뷰티
330499,US,ZoomBX,,,,Importer,Toronto,KOTRA_SNS_2025,화장품/뷰티
330499,CA,Pramukham Imports inc.,,,,Importer,Brampton,KOTRA_SNS_2025,화장품/뷰티
330499,US,Integra,,,,Importer,Dania Beach,KOTRA_SNS_2025,화장품/뷰티
330499,CA,Perfumes,,,,Importer,Waterloo,KOTRA_SNS_2025,화장품/뷰티
330499,PK,Shinwari Global Trading Company PVT LTD,,,,Importer,Peshawar,KOTRA_SNS_2025,화장품/뷰티
330499,IN,Glocutis Health care Pvt Ltd,,,,Importer,MUMBAI,KOTRA_SNS_2025,화장품/뷰티
330499,PK,Izmir Beauty Pvt Lt,,,,Importer,Karachi,KOTRA_SNS_2025,화장품/뷰티
330499,PK,Orridge,,,,Importer,Rawalpindi,KOTRA_SNS_2025,화장품/뷰티
330499,PK,Kbeauty Pakistan,,,,Importer,Lahore,KOTRA_SNS_2025,화장품/뷰티
330499,PK,Raheem Trader,,,,Importer,Gujranwala,KOTRA_SNS_2025,화장품/뷰티
330499,IN,hpc pvt ltd,,,,Importer,lucknow,KOTRA_SNS_2025,화장품/뷰티
330499,IN,Hindustan foreign traders,,,,Importer,Okhla delhi,KOTRA_SNS_2025,화장품/뷰티
330499,PK,Trending Interiors,,,,Importer,Faisalabad,KOTRA_SNS_2025,화장품/뷰티
330499,PK,HBL,,,,Importer,Gujranwala,KOTRA_SNS_2025,화장품/뷰티
330499,BD,ROBINSON'S (BD) LIMITED.,,,,Importer,Dhaka,KOTRA_SNS_2025,화장품/뷰티
330499,KE,RoseBloom,,,,Importer,Nairobi,KOTRA_SNS_2025,화장품/뷰티
330499,GB,UNITED NATIONS,,,,Importer,United Arab Emirates,KOTRA_SNS_2025,화장품/뷰티
330499,TZ,Cosmetics From Korea Jumla,,,,Importer,Dar es salaam,KOTRA_SNS_2025,화장품/뷰티
330499,KE,Grassroots Group,,,,Importer,Nairobi,KOTRA_SNS_2025,화장품/뷰티
330499,NG,Aromatic gallery,,,,Importer,Abuja,KOTRA_SNS_2025,화장품/뷰티
330499,GH,Mirthful travels,,,,Importer,Accra,KOTRA_SNS_2025,화장품/뷰티
330499,KE,Telmok Dream Venture ltd,,,,Importer,Bomet,KOTRA_SNS_2025,화장품/뷰티
330499,KE,Parlon Skincare Hub,,,,Importer,Nairobi,KOTRA_SNS_2025,화장품/뷰티
330499,AE,The Paper Money,,,,Importer,Dubai,KOTRA_SNS_2025,화장품/뷰티
330499,DK,Ptj,,,,Importer,Odder,KOTRA_SNS_2025,화장품/뷰티
330499,GR,Beauty princess,,,,Importer,Athens,KOTRA_SNS_2025,화장품/뷰티
330499,ES,Skb,,,,Importer,Barcelona,KOTRA_SNS_2025,화장품/뷰티
330499,HK,On Fai,,,,Importer,Hong Kong,KOTRA_SNS_2025,화장품/뷰티
330499,IN,Pietro Fiorentini DB India Pvt Ltd,,,,Importer,Pune,KOTRA_SNS_2025,화장품/뷰티
330499,BD,Bella BD,,,,Importer,Dhaka,KOTRA_SNS_2025,화장품/뷰티
330499,CO,ARGESA SAS,,,,Importer,Neiva,KOTRA_SNS_2025,화장품/뷰티
330499,MX,gober,,,,Importer,Mexico City,KOTRA_SNS_2025,화장품/뷰티
330499,PE,Mi cuarto,,,,Importer,Lima,KOTRA_SNS_2025,화장품/뷰티
330499,TR,beautybox82.com,,,,Importer,Istanbul,KOTRA_SNS_2025,화장품/뷰티
330499,TR,TR,,,,Importer,Izmir,KOTRA_SNS_2025,화장품/뷰티
330499,US,Dawn & Dusk LLC,,,,Importer,Austin,KOTRA_SNS_2025,화장품/뷰티
330499,AE,Kglow.me,,,,Importer,DUBAI,KOTRA_SNS_2025,화장품/뷰티
330499,TN,Korean Good,,,,Importer,Ariana,KOTRA_SNS_2025,화장품/뷰티
330499,AE,SK Holding,,,,Importer,Dubai,KOTRA_SNS_2025,화장품/뷰티
330499,PH,JCOna Luxury Items and Bloomings Cosmetics,,,,Importer,Quezon,KOTRA_SNS_2025,화장품/뷰티
330499,CA,global exchange solutions,,,,Importer,Grande Prairie,KOTRA_SNS_2025,화장품/뷰티
330499,PK,I Sons Pharma,,,,Importer,Swat,KOTRA_SNS_2025,화장품/뷰티
330499,BD,xyz,,,,Importer,Dhaka,KOTRA_SNS_2025,화장품/뷰티
330499,IN,Pramaan Group,,,,Importer,Adambakkam,KOTRA_SNS_2025,화장품/뷰티
330499,LK,Sanoki Enterprises,,,,Importer,Colombo,KOTRA_SNS_2025,화장품/뷰티
330499,NG,Ron Coley,,,,Importer,Lagos,KOTRA_SNS_2025,화장품/뷰티
330499,TZ,Gusa Initiative,,,,Importer,Dar Es Salaam,KOTRA_SNS_2025,화장품/뷰티
330499,TZ,Cosmetics From Korea Jumla,,,,Importer,Dar es salaam,KOTRA_SNS_2025,화장품/뷰티
330499,ES,Skb,,,,Importer,Barcelona,KOTRA_SNS_2025,화장품/뷰티
330499,DE,Ptj,,,,Importer,Odder,KOTRA_SNS_2025,화장품/뷰티
330499,TR,TR,,,,Importer,Izmir,KOTRA_SNS_2025,화장품/뷰티
330499,AE,Kglow.me,,,,Importer,DUBAI,KOTRA_SNS_2025,화장품/뷰티
330499,DZ,The Futur,,,,Importer,Bouira,KOTRA_SNS_2025,화장품/뷰티
330499,Oman,D’vogue,,,,Importer,Oman,KOTRA_SNS_2025,화장품/뷰티
330499,PH,Dermesse Inc,,,,Importer,Las Pinas,KOTRA_SNS_2025,화장품/뷰티
330499,PH,OMP Commercial Corporation,,,,Importer,Paranaque,KOTRA_SNS_2025,화장품/뷰티
330499,PH,jdl corp,,,,Importer,Muntinlupa City,KOTRA_SNS_2025,화장품/뷰티
330499,PK,SPAZIO INTERNATIONAL,,,,Importer,Lahore,KOTRA_SNS_2025,화장품/뷰티
330499,PK,Online Work,,,,Importer,Lahore,KOTRA_SNS_2025,화장품/뷰티
330499,IN,Gayatri health clinic,,,,Importer,Mumbai,KOTRA_SNS_2025,화장품/뷰티
330499,IT,Nuova larel,,,,Importer,Avellino,KOTRA_SNS_2025,화장품/뷰티
330499,RO,Universitatea Agora din  Oradea,,,,Importer,Oradea,KOTRA_SNS_2025,화장품/뷰티
330499,PK,IBT group of compnay,,,,Importer,Lahore,KOTRA_SNS_2025,화장품/뷰티
330499,TR,ABKO  Dı Tic. Ltd. ti,,,,Importer,stanbul,KOTRA_SNS_2025,화장품/뷰티
330499,IN,Vitvie Clinic Pvt. Ltd.,,,,Importer,Delhi,KOTRA_SNS_2025,화장품/뷰티
330749,JP,J-BEAUTY,,,,Importer,TOKYO,KOTRA_SNS_2025,화장품/뷰티
330499,JP,BARUDA inc.,,,,Importer,TOKYO,KOTRA_SNS_2025,화장품/뷰티
330749,JP,Maruei shouji,,,,Importer,TOKYO,KOTRA_SNS_2025,화장품/뷰티
330499,JP,Maruei shouji,,,,Importer,TOKYO,KOTRA_SNS_2025,화장품/뷰티
330499,Switzerland,K.Lee Trading GmbH,,,,Importer,Zurich,KOTRA_SNS_2025,화장품/뷰티
330499,Switzerland,looddl ag,,,,Importer,Zurich,KOTRA_SNS_2025,화장품/뷰티
330499,Switzerland,yuuyuu ag,,,,Importer,Zurich,KOTRA_SNS_2025,화장품/뷰티
330499,Switzerland,Fresh Mask K-Beauty,,,,Importer,Zurich,KOTRA_SNS_2025,화장품/뷰티
330499,Switzerland,Niasha,,,,Importer,Zurich,KOTRA_SNS_2025,화장품/뷰티
330499,Switzerland,PARSENN-PRODUKTE AG,,,,Importer,Zurich,KOTRA_SNS_2025,화장품/뷰티
330499,US,Shine 32 inc,,,,Importer,NEW YORK,KOTRA_SNS_2025,화장품/뷰티
330499,US,Iwlab ciqariw,,,,Importer,Fargona,KOTRA_SNS_2025,화장품/뷰티
330499,KZ,Авиакомпания,,,,Importer,Almaty,KOTRA_SNS_2025,화장품/뷰티
330499,UZ,Orhan,,,,Importer,Tashkent,KOTRA_SNS_2025,화장품/뷰티
330499,KZ,Grand beauty,,,,Importer,Astana,KOTRA_SNS_2025,화장품/뷰티
330499,US,New Life Boarding House,,,,Importer,Quezon City,KOTRA_SNS_2025,화장품/뷰티
330499,PH,Esensya Organika Health & Body Products,,,,Importer,Cainta,KOTRA_SNS_2025,화장품/뷰티
330499,PH,"TAGKAWAYAN, QUEZON",,,,Importer,Tagkawayan,KOTRA_SNS_2025,화장품/뷰티
330499,ID,Wiraswasta Mandiri,,,,Importer,Banyumas,KOTRA_SNS_2025,화장품/뷰티
330499,PH,Foremosa Skin Care Marketing Company,,,,Importer,Angeles City,KOTRA_SNS_2025,화장품/뷰티
330499,TH,glory enterprise company,,,,Importer,Bangkok,KOTRA_SNS_2025,화장품/뷰티
330499,US,Ecommerce,,,,Importer,Las Vegas,KOTRA_SNS_2025,화장품/뷰티
330499,CA,cacosa hair,,,,Importer,Ottawa,KOTRA_SNS_2025,화장품/뷰티
330499,PK,Bizz intelligence Pvt LTD,,,,Importer,Islamabad,KOTRA_SNS_2025,화장품/뷰티
330499,PK,Media Source Advertising Co,,,,Importer,Lahore,KOTRA_SNS_2025,화장품/뷰티
330499,LK,老伴豆花,,,,Importer,Kalutara,KOTRA_SNS_2025,화장품/뷰티
330499,IN,Monga Department Store,,,,Importer,Samrala Punjab,KOTRA_SNS_2025,화장품/뷰티
330499,PK,Naseer Textile pvt ltd,,,,Importer,Faisalabad,KOTRA_SNS_2025,화장품/뷰티
330499,PK,Riztex corporation,,,,Importer,Faisalabad,KOTRA_SNS_2025,화장품/뷰티
330499,TZ,Dattagreen Investment Ltd,,,,Importer,Dar es Salaaam,KOTRA_SNS_2025,화장품/뷰티
330499,KE,The emerald world,,,,Importer,Nairobi,KOTRA_SNS_2025,화장품/뷰티
330499,TZ,KADOSH KADOSH GROUP OF COMPANIES,,,,Importer,Dar es Salaam,KOTRA_SNS_2025,화장품/뷰티
330499,NG,MTVBaseAfrica,,,,Importer,Lagos,KOTRA_SNS_2025,화장품/뷰티
330499,NG,BGC Abuja,,,,Importer,Abuja,KOTRA_SNS_2025,화장품/뷰티
330499,TZ,THE SKYWELL PHARMACY,,,,Importer,Daressalaam,KOTRA_SNS_2025,화장품/뷰티
330499,ET,EA Import Traders plc,,,,Importer,Addis Ababa,KOTRA_SNS_2025,화장품/뷰티
330499,NG,CLucas International,,,,Importer,Lagos,KOTRA_SNS_2025,화장품/뷰티
330499,GR,Florel,,,,Importer,Μουδανια,KOTRA_SNS_2025,화장품/뷰티
330499,RO,Trust vet pet,,,,Importer,Bucuresti,KOTRA_SNS_2025,화장품/뷰티
330499,DE,Petit Croche Ltd,,,,Importer,Sofia,KOTRA_SNS_2025,화장품/뷰티
330499,HU,falotico,,,,Importer,Budapest,KOTRA_SNS_2025,화장품/뷰티
330499,Namibia,Oustash Investment,,,,Importer,Windhoek,KOTRA_SNS_2025,화장품/뷰티
330499,BR,Glow Asian,,,,Importer,Curitiba,KOTRA_SNS_2025,화장품/뷰티
330499,GT,Marielos VC Makeup,,,,Importer,Antigua Guatemala,KOTRA_SNS_2025,화장품/뷰티
330499,MX,Dali enterprise,,,,Importer,Mexico City,KOTRA_SNS_2025,화장품/뷰티
330499,GT,S3,,,,Importer,Guatemala City,KOTRA_SNS_2025,화장품/뷰티
330499,PE,Boopi shop,,,,Importer,Lima,KOTRA_SNS_2025,화장품/뷰티
330499,PE,Calmi blends and more,,,,Importer,Lima,KOTRA_SNS_2025,화장품/뷰티
330499,GT,Arum Namu Cosmeticos,,,,Importer,Guatemala City,KOTRA_SNS_2025,화장품/뷰티
330499,CL,DuocUC,,,,Importer,Santiago,KOTRA_SNS_2025,화장품/뷰티
330499,JO,GeniusGroup,,,,Importer,Amman,KOTRA_SNS_2025,화장품/뷰티
330499,JO,Hussam,,,,Importer,Amman,KOTRA_SNS_2025,화장품/뷰티
330499,JO,STC ME,,,,Importer,Amman,KOTRA_SNS_2025,화장품/뷰티
330499,MA,SOS SUD INSTRUMENTS,,,,Importer,Casablanca,KOTRA_SNS_2025,화장품/뷰티
330499,DZ,lammy,,,,Importer,Algiers,KOTRA_SNS_2025,화장품/뷰티
330499,JP,JOSEPH,,,,Importer,TOKYO,KOTRA_SNS_2025,화장품/뷰티
330300,JP,JOSEPH,,,,Importer,TOKYO,KOTRA_SNS_2025,화장품/뷰티
330499,JP,CYNET,,,,Importer,TOKYO,KOTRA_SNS_2025,화장품/뷰티
340111,JP,CYNET,,,,Importer,TOKYO,KOTRA_SNS_2025,화장품/뷰티
330499,JP,CYNET,,,,Importer,TOKYO,KOTRA_SNS_2025,화장품/뷰티
330510,JP,CYNET,,,,Importer,TOKYO,KOTRA_SNS_2025,화장품/뷰티
330410,JP,CYNET,,,,Importer,TOKYO,KOTRA_SNS_2025,화장품/뷰티
330499,EC,EsteticaAvanzada,,,,Importer,Loja,KOTRA_SNS_2025,화장품/뷰티
330499,MY,Reborne_Hq,,,,Importer,Johor Bahru,KOTRA_SNS_2025,화장품/뷰티
330499,IN,WeWork,,,,Importer,Mumbai,KOTRA_SNS_2025,화장품/뷰티
330499,IN,BuzzBeautyIndia LLP,,,,Importer,Mumbai,KOTRA_SNS_2025,화장품/뷰티
330499,US,Getinge Group,,,,Importer,4305,KOTRA_SNS_2025,화장품/뷰티
330499,PH,Her Choice International,,,,Importer,San Juan,KOTRA_SNS_2025,화장품/뷰티
330499,IN,Skin_a_licious,,,,Importer,Kharar (mohali),KOTRA_SNS_2025,화장품/뷰티
330499,PK,Malik Group of Industry,,,,Importer,Wazirabad,KOTRA_SNS_2025,화장품/뷰티
330499,EC,Abrakdabra store,,,,Importer,Daule,KOTRA_SNS_2025,화장품/뷰티
330499,PK,Sahibzada gems and minerals,,,,Importer,Peshawar,KOTRA_SNS_2025,화장품/뷰티
330499,IN,Vama's Bridal,,,,Importer,Anand,KOTRA_SNS_2025,화장품/뷰티
330499,CO,Nova Cosmetics Group,,,,Importer,Medelln,KOTRA_SNS_2025,화장품/뷰티
330499,MX,kpacota,,,,Importer,Mexico City,KOTRA_SNS_2025,화장품/뷰티
330499,VN,Ona global,,,,Importer,Hanoi,KOTRA_SNS_2025,화장품/뷰티
330499,US,malikzahid1979@gmail.com,,,,Importer,attock,KOTRA_SNS_2025,화장품/뷰티
330499,LK,Mosh,,,,Importer,Colombo,KOTRA_SNS_2025,화장품/뷰티
330499,OM,xyz,,,,Importer,Muscat,KOTRA_SNS_2025,화장품/뷰티
330499,DE,Dhaka Judge Court,,,,Importer,Dhaka,KOTRA_SNS_2025,화장품/뷰티
330499,IN,Anandadin Magazine,,,,Importer,Kolkata,KOTRA_SNS_2025,화장품/뷰티
330499,IN,Safa products,,,,Importer,Kollam (Quilon),KOTRA_SNS_2025,화장품/뷰티
330499,MN,Moil Cosmetics LLC,,,,Importer,Ulaanbaatar,KOTRA_SNS_2025,화장품/뷰티
330499,BR,Casal da Beleza,,,,Importer,Santo Andr,KOTRA_SNS_2025,화장품/뷰티
330499,LK,NHSL Natinal Hospital of Sri Lanka,,,,Importer,Battaramulla,KOTRA_SNS_2025,화장품/뷰티
330499,BR,Silkey Professional,,,,Importer,Campinas,KOTRA_SNS_2025,화장품/뷰티
330499,MX,ALSPA beauty  and Wellness,,,,Importer,Ciudad de Mxico,KOTRA_SNS_2025,화장품/뷰티
330499,AR,maria.sr,,,,Importer,Miami,KOTRA_SNS_2025,화장품/뷰티
330499,US,j&g,,,,Importer,santa fe,KOTRA_SNS_2025,화장품/뷰티
330499,AR,sierra,,,,Importer,caba.,KOTRA_SNS_2025,화장품/뷰티
330499,EG,HAIR CARE studio,,,,Importer,Kafr el Sheikh,KOTRA_SNS_2025,화장품/뷰티
330499,AR,Lostin,,,,Importer,Crdoba,KOTRA_SNS_2025,화장품/뷰티
330499,PK,Pat's mall,,,,Importer,Peshawar,KOTRA_SNS_2025,화장품/뷰티
330499,EC,Facebook,,,,Importer,Cuenca,KOTRA_SNS_2025,화장품/뷰티
330499,LA,"Vieng-Chan, Vientiane, Laos",,,,Importer,Vientiane,KOTRA_SNS_2025,화장품/뷰티
330499,MX,Unibr,,,,Importer,Guadalajara,KOTRA_SNS_2025,화장품/뷰티
330499,IN,ARK Habib international,,,,Importer,Sialkot,KOTRA_SNS_2025,화장품/뷰티
330499,MA,Pharmacy Bassine,,,,Importer,Kenitra,KOTRA_SNS_2025,화장품/뷰티
330499,AR,uj,,,,Importer,Miami,KOTRA_SNS_2025,화장품/뷰티
330499,US,politech,,,,Importer,santa fe,KOTRA_SNS_2025,화장품/뷰티
330499,DZ,Travail chez Tennis lite,,,,Importer,Canada,KOTRA_SNS_2025,화장품/뷰티
330499,JO,Bussnies,,,,Importer,Amman,KOTRA_SNS_2025,화장품/뷰티
330499,EC,Rolfing Ecuador,,,,Importer,Cuenca,KOTRA_SNS_2025,화장품/뷰티
330499,IN,Fresh farm station goods,,,,Importer,Kolkata,KOTRA_SNS_2025,화장품/뷰티
330499,JO,May alshawabkeh,,,,Importer,Amman,KOTRA_SNS_2025,화장품/뷰티
330499,MN,Ncmch,,,,Importer,Ub,KOTRA_SNS_2025,화장품/뷰티
330499,PK,GP GROUP OF Companies pvt Ltd,,,,Importer,multan,KOTRA_SNS_2025,화장품/뷰티
330499,PK,Test,,,,Importer,Test,KOTRA_SNS_2025,화장품/뷰티
330499,PK,Telesource,,,,Importer,Karachi Lines,KOTRA_SNS_2025,화장품/뷰티
330499,IN,SAIMA COCO GREEN PARADISE,,,,Importer,Trichy,KOTRA_SNS_2025,화장품/뷰티
330499,SE,Zandi International KB,,,,Importer,Jnkping,KOTRA_SNS_2025,화장품/뷰티
330499,BD,Dhaka Judge Court,,,,Importer,Dhaka,KOTRA_SNS_2025,화장품/뷰티
330499,US,moron sa,,,,Importer,buenos aires,KOTRA_SNS_2025,화장품/뷰티
330499,AR,Lostin,,,,Importer,Crdoba,KOTRA_SNS_2025,화장품/뷰티
330499,PK,Ij&sons,,,,Importer,Lahore,KOTRA_SNS_2025,화장품/뷰티
330499,ES,Business,,,,Importer,Madrid,KOTRA_SNS_2025,화장품/뷰티
330499,PK,Goldenrose,,,,Importer,Karachi,KOTRA_SNS_2025,화장품/뷰티
330499,IN,FARIEX,,,,Importer,Kolkata,KOTRA_SNS_2025,화장품/뷰티
330499,IN,"Rajkot, Gujarat",,,,Importer,Rajkot,KOTRA_SNS_2025,화장품/뷰티
330499,IN,Sunrise Cosmetic packaging,,,,Importer,Ahemdabad,KOTRA_SNS_2025,화장품/뷰티
330499,PK,deosai international traders,,,,Importer,Rawalpindi,KOTRA_SNS_2025,화장품/뷰티
330499,IN,beperfectionist,,,,Importer,Bangalore,KOTRA_SNS_2025,화장품/뷰티
330499,IN,Imperial,,,,Importer,Bijapur,KOTRA_SNS_2025,화장품/뷰티
330499,US,International Importers,,,,Importer,karachi,KOTRA_SNS_2025,화장품/뷰티
330499,IN,"Inservia , Star , Kotak, Various , Group , Etc. ......",,,,Importer,Kolkata,KOTRA_SNS_2025,화장품/뷰티
330499,IN,Kk garments,,,,Importer,Kapadvanj,KOTRA_SNS_2025,화장품/뷰티
330499,BD,Artisan Chartered Accountants,,,,Importer,Dhaka,KOTRA_SNS_2025,화장품/뷰티
330499,IN,Mehrotra Buildcon Pvt Ltd,,,,Importer,Satna,KOTRA_SNS_2025,화장품/뷰티
330499,PK,Nil,,,,Importer,Kpk,KOTRA_SNS_2025,화장품/뷰티
330499,KR,Koren gloss,,,,Importer,Seoul,KOTRA_SNS_2025,화장품/뷰티
330499,IN,Sun-N-Shade,,,,Importer,Gururgram,KOTRA_SNS_2025,화장품/뷰티
330499,IN,Chairman,,,,Importer,Proddatur,KOTRA_SNS_2025,화장품/뷰티
330499,IN,sscw.co.in,,,,Importer,Rajkot,KOTRA_SNS_2025,화장품/뷰티
330499,PK,Sweet Friend,,,,Importer,Pak Sanghar,KOTRA_SNS_2025,화장품/뷰티
330499,US,Sruthi,,,,Importer,Chennai,KOTRA_SNS_2025,화장품/뷰티
330499,MY,TIENS 天集,,,,Importer,mintwongleemin@gmail.com,KOTRA_SNS_2025,화장품/뷰티
330499,BD,Eureka,,,,Importer,Dhaka,KOTRA_SNS_2025,화장품/뷰티
330499,OM,Muscat hypermarket,,,,Importer,Kannur,KOTRA_SNS_2025,화장품/뷰티
330499,IN,Ongole Town,,,,Importer,Hyderabad,KOTRA_SNS_2025,화장품/뷰티
330499,PK,ACME Institute   Beauty institute,,,,Importer,Lahore,KOTRA_SNS_2025,화장품/뷰티
330499,PK,confidential,,,,Importer,Lahore,KOTRA_SNS_2025,화장품/뷰티
330499,PH,Raya Regenerative,,,,Importer,Manila,KOTRA_SNS_2025,화장품/뷰티
330499,MY,Ids med,,,,Importer,Kl,KOTRA_SNS_2025,화장품/뷰티
330499,VN,"Hoang Minh Tien Co,.ltd",,,,Importer,Ho Chi Minh City,KOTRA_SNS_2025,화장품/뷰티
330499,MY,Keb beauty sdn bhd,,,,Importer,Kuala Lumpur,KOTRA_SNS_2025,화장품/뷰티
330499,DZ,Hart lain,,,,Importer,Bordj Bou Arreridj,KOTRA_SNS_2025,화장품/뷰티
330499,PK,hadi links,,,,Importer,karachi,KOTRA_SNS_2025,화장품/뷰티
330499,IN,Goldland Overseas Company,,,,Importer,Chennai,KOTRA_SNS_2025,화장품/뷰티
330499,IN,Pratap Overseas,,,,Importer,Delhi,KOTRA_SNS_2025,화장품/뷰티
330499,IN,Artmedic aesthetics,,,,Importer,Noida,KOTRA_SNS_2025,화장품/뷰티
330499,MY,kencana biotech,,,,Importer,kedah,KOTRA_SNS_2025,화장품/뷰티
330499,MY,Beauty,,,,Importer,Kota kemuning,KOTRA_SNS_2025,화장품/뷰티
330499,UZ,Savanna LTD,,,,Importer,Tashkent,KOTRA_SNS_2025,화장품/뷰티
330499,US,Coolcare,,,,Importer,Rosario,KOTRA_SNS_2025,화장품/뷰티
330499,BD,Ansarti Creation,,,,Importer,Rangpur,KOTRA_SNS_2025,화장품/뷰티
330499,BR,Das 3,,,,Importer,Sao paulo,KOTRA_SNS_2025,화장품/뷰티
330499,GR,nail artist,,,,Importer,Ρδο (πλη),KOTRA_SNS_2025,화장품/뷰티
330499,AR,Simsof,,,,Importer,Corrientes,KOTRA_SNS_2025,화장품/뷰티
330499,MA,B Handsome,,,,Importer,Casablanca,KOTRA_SNS_2025,화장품/뷰티
330499,EG,Onaty Bodycare,,,,Importer,Alexandria,KOTRA_SNS_2025,화장품/뷰티
330499,PK,Karwan traders,,,,Importer,Quetta,KOTRA_SNS_2025,화장품/뷰티
330499,IN,Fazismakeover,,,,Importer,Vadodara,KOTRA_SNS_2025,화장품/뷰티
330499,BR,Review Care Pour toi,,,,Importer,Sao Paulo,KOTRA_SNS_2025,화장품/뷰티
330499,IN,B.R. Exim,,,,Importer,Surat,KOTRA_SNS_2025,화장품/뷰티
330499,MA,Fd beauty center,,,,Importer,Casablanca,KOTRA_SNS_2025,화장품/뷰티
330499,EG,Pharmacist,,,,Importer,Giza,KOTRA_SNS_2025,화장품/뷰티
330499,IN,pvr creations,,,,Importer,Malegaon,KOTRA_SNS_2025,화장품/뷰티
330499,DZ,salhiomar03@gmail.com,,,,Importer,baraki,KOTRA_SNS_2025,화장품/뷰티
330499,IN,Zumba Fitness,,,,Importer,Chengalpettu,KOTRA_SNS_2025,화장품/뷰티
330499,AR,Grupo Rivero hnos da,,,,Importer,Buenis aires,KOTRA_SNS_2025,화장품/뷰티
330499,MX,Importadora Nahimtex Cia. Ltda.,,,,Importer,Cuenca,KOTRA_SNS_2025,화장품/뷰티
330499,IN,Sobo studio,,,,Importer,Mumbai,KOTRA_SNS_2025,화장품/뷰티
330499,SA,nemow aamal,,,,Importer,Riyadh,KOTRA_SNS_2025,화장품/뷰티
330499,JO,Maraqa noor,,,,Importer,Amman,KOTRA_SNS_2025,화장품/뷰티
330499,PK,My Own Business Institute,,,,Importer,Okara,KOTRA_SNS_2025,화장품/뷰티
330499,GT,distribuidora cosmetiquera,,,,Importer,Huehuetenango,KOTRA_SNS_2025,화장품/뷰티
330499,MX,UPAEP,,,,Importer,Mexico City,KOTRA_SNS_2025,화장품/뷰티
330499,PK,MKJ group of industries,,,,Importer,Islamabad,KOTRA_SNS_2025,화장품/뷰티
330499,MX,Brenda martinez,,,,Importer,Zapopan,KOTRA_SNS_2025,화장품/뷰티
330499,IN,Pulse,,,,Importer,Mumbai,KOTRA_SNS_2025,화장품/뷰티
330499,IN,SLKIC  Physiotherapy GRADE -1,,,,Importer,Itanagar,KOTRA_SNS_2025,화장품/뷰티
330499,MX,page personnel mexico,,,,Importer,Mexico City,KOTRA_SNS_2025,화장품/뷰티
330499,MX,Bemedicalservices,,,,Importer,Tijuana,KOTRA_SNS_2025,화장품/뷰티
330499,MX,Hospital ngeles Queretaro,,,,Importer,Quertaro,KOTRA_SNS_2025,화장품/뷰티
330499,IN,Vmpl,,,,Importer,New Delhi,KOTRA_SNS_2025,화장품/뷰티
330499,IN,LL cosmetics,,,,Importer,Bangalore,KOTRA_SNS_2025,화장품/뷰티
330499,PK,Saidu Teaching Hospital,,,,Importer,Islamabad,KOTRA_SNS_2025,화장품/뷰티
330499,PK,jo b ho,,,,Importer,Takht bhai Mardan,KOTRA_SNS_2025,화장품/뷰티
330499,IN,Cosmetologist and Make-up Artist,,,,Importer,chandrpur,KOTRA_SNS_2025,화장품/뷰티
330499,ES,Femmunity shop,,,,Importer,Guayaquil,KOTRA_SNS_2025,화장품/뷰티
330499,EG,Oud rose,,,,Importer,Dubai,KOTRA_SNS_2025,화장품/뷰티
330499,MX,Depilflax Mxico,,,,Importer,Mexico City,KOTRA_SNS_2025,화장품/뷰티
330499,MX,Rodolfo chavez,,,,Importer,Zamora,KOTRA_SNS_2025,화장품/뷰티
330499,AR,Valeria nahas,,,,Importer,Yerba Buena Tucuman,KOTRA_SNS_2025,화장품/뷰티
330499,IN,545,,,,Importer,Chennai,KOTRA_SNS_2025,화장품/뷰티
330499,IN,Skindulge,,,,Importer,Mumbai,KOTRA_SNS_2025,화장품/뷰티
330499,PE,Corporacin Cientfica SRL,,,,Importer,Trujillo,KOTRA_SNS_2025,화장품/뷰티
330499,IN,Tct,,,,Importer,Ahmedabad,KOTRA_SNS_2025,화장품/뷰티
330499,EC,Tatyana Pin Spa CEIB,,,,Importer,Guayaquil,KOTRA_SNS_2025,화장품/뷰티
330499,AR,hunters,,,,Importer,Crdoba,KOTRA_SNS_2025,화장품/뷰티
330499,CO,Equiestetik sas,,,,Importer,Barranquilla,KOTRA_SNS_2025,화장품/뷰티
330499,PK,Enlightened store,,,,Importer,Lahore,KOTRA_SNS_2025,화장품/뷰티
330499,LK,Hemka Pharma,,,,Importer,Colombo,KOTRA_SNS_2025,화장품/뷰티
330499,GB,Studying,,,,Importer,faisalabad,KOTRA_SNS_2025,화장품/뷰티
330499,US,Clinica carly,,,,Importer,Mexico City,KOTRA_SNS_2025,화장품/뷰티
330499,VN,Leve Co Ltd,,,,Importer,Ho Chi Minh City,KOTRA_SNS_2025,화장품/뷰티
330499,ID,Tiuwoo clinic,,,,Importer,Bandung,KOTRA_SNS_2025,화장품/뷰티
330499,CO,Belier inversores,,,,Importer,Santiago de Cali,KOTRA_SNS_2025,화장품/뷰티
330499,US,Annie impexpo mtg p Ltd,,,,Importer,New Delhi,KOTRA_SNS_2025,화장품/뷰티
330499,EC,Aqua Mist Spa,,,,Importer,El Puyo,KOTRA_SNS_2025,화장품/뷰티
330499,IN,C k trading company,,,,Importer,Muzaffarpur,KOTRA_SNS_2025,화장품/뷰티
330499,AR,Ramrez construcciones,,,,Importer,santa fe,KOTRA_SNS_2025,화장품/뷰티
330499,US,fox,,,,Importer,santa fe,KOTRA_SNS_2025,화장품/뷰티
330499,AE,My Own Business Institute,,,,Importer,Dubiecko,KOTRA_SNS_2025,화장품/뷰티
330499,BE,Quantum,,,,Importer,Antwerpen,KOTRA_SNS_2025,화장품/뷰티
330499,PH,chem earth tech inc,,,,Importer,Quezon City,KOTRA_SNS_2025,화장품/뷰티
330499,FR,Lala kbeauty,,,,Importer,Villepinte,KOTRA_SNS_2025,화장품/뷰티
330499,PK,Mansab Traders,,,,Importer,Narowal,KOTRA_SNS_2025,화장품/뷰티
330499,TR,Emy ila gıda kozmetik tic Ltd ti,,,,Importer,Istanbul,KOTRA_SNS_2025,화장품/뷰티
330499,IN,Guru Nanak International Travels,,,,Importer,Patiala,KOTRA_SNS_2025,화장품/뷰티
330499,GR,Pharmatip,,,,Importer,Thessaloniki,KOTRA_SNS_2025,화장품/뷰티
330499,AR,Lostin,,,,Importer,Crdoba,KOTRA_SNS_2025,화장품/뷰티
330499,PH,Sorte Events,,,,Importer,Caba,KOTRA_SNS_2025,화장품/뷰티
330499,RO,Cab avocat,,,,Importer,Bucharest,KOTRA_SNS_2025,화장품/뷰티
330499,SD,"AHFAD UNIVERSITY FOR WOMEN , OMDURMAN-SUDAN",,,,Importer,Khartoum,KOTRA_SNS_2025,화장품/뷰티
330499,BD,Yaf international ltd,,,,Importer,Dhaka,KOTRA_SNS_2025,화장품/뷰티
330499,QA,Supreme Trading & Facilities Management W.L.L,,,,Importer,Doha,KOTRA_SNS_2025,화장품/뷰티
330499,BE,Beauty bety,,,,Importer,Ville de Bruxelles,KOTRA_SNS_2025,화장품/뷰티
330499,IN,Dreamz institute of cosmetology and Aesthetics,,,,Importer,Pune,KOTRA_SNS_2025,화장품/뷰티
330499,IN,asian hospital,,,,Importer,Jalandhar,KOTRA_SNS_2025,화장품/뷰티
330499,AE,Naz Beauty Ladies Salon,,,,Importer,Abu Dhabi,KOTRA_SNS_2025,화장품/뷰티
330499,IN,GAURICO.,,,,Importer,Jammu,KOTRA_SNS_2025,화장품/뷰티
330499,IN,Budget Marketing,,,,Importer,Chennai,KOTRA_SNS_2025,화장품/뷰티
330499,IN,Evaana wellness,,,,Importer,Mumbai,KOTRA_SNS_2025,화장품/뷰티
330499,IN,Sha group,,,,Importer,Hyderabad,KOTRA_SNS_2025,화장품/뷰티
330499,CO,Comercializadora M&M,,,,Importer,Ms informacin precio,KOTRA_SNS_2025,화장품/뷰티
330499,BD,Sharif garments,,,,Importer,Dhaka,KOTRA_SNS_2025,화장품/뷰티
330499,BD,Maskura Limited,,,,Importer,Bangladesh,KOTRA_SNS_2025,화장품/뷰티
330499,PH,Pink Ventures Inc.,,,,Importer,Quezon city,KOTRA_SNS_2025,화장품/뷰티
330499,IN,Orange Pharma,,,,Importer,bellary,KOTRA_SNS_2025,화장품/뷰티
330499,IN,Indian Globalstore,,,,Importer,Mumbai,KOTRA_SNS_2025,화장품/뷰티
330499,IN,bliss beauty cosmetics,,,,Importer,Surat,KOTRA_SNS_2025,화장품/뷰티
330499,IN,Orient trading company,,,,Importer,Rourkela,KOTRA_SNS_2025,화장품/뷰티
330499,US,Texport India inc,,,,Importer,New Delhi,KOTRA_SNS_2025,화장품/뷰티
330499,IN,Zee and zoe advisors consultants and management services,,,,Importer,Pune,KOTRA_SNS_2025,화장품/뷰티
330499,IN,Wayz,,,,Importer,Jabalpur,KOTRA_SNS_2025,화장품/뷰티
330499,BD,SK Corporation,,,,Importer,Dhaka,KOTRA_SNS_2025,화장품/뷰티
330499,India,AB9,,,,Importer,Delhi,KOTRA_SNS_2025,화장품/뷰티
330499,US,"Le meridian, New Delhi",,,,Importer,Delhi,KOTRA_SNS_2025,화장품/뷰티
330499,PK,Halcyon clinic,,,,Importer,Lahore,KOTRA_SNS_2025,화장품/뷰티
330499,PK,Tunio's Care Center,,,,Importer,Karachi,KOTRA_SNS_2025,화장품/뷰티
330499,MA,Houba cosmtique,,,,Importer,Settat,KOTRA_SNS_2025,화장품/뷰티
330499,PK,Nutri oleum,,,,Importer,Faisalabad,KOTRA_SNS_2025,화장품/뷰티
330499,US,fX,,,,Importer,santa fe,KOTRA_SNS_2025,화장품/뷰티
330499,PE,Estetika Center,,,,Importer,Lima,KOTRA_SNS_2025,화장품/뷰티
330499,AR,Ramrez construcciones,,,,Importer,Santa fe,KOTRA_SNS_2025,화장품/뷰티
330499,PH,J&H2023 Consumer Goods Trading,,,,Importer,Caloocan,KOTRA_SNS_2025,화장품/뷰티
330499,IN,SD Cosmeceuticals,,,,Importer,Ludhiana,KOTRA_SNS_2025,화장품/뷰티
330499,IN,ILAVI,,,,Importer,Kochi,KOTRA_SNS_2025,화장품/뷰티
330499,IN,Vous salon,,,,Importer,Mumbai,KOTRA_SNS_2025,화장품/뷰티
330499,AR,foxjvjvjvjvjv,,,,Importer,Bovriln.,KOTRA_SNS_2025,화장품/뷰티
330499,MY,Universiti Malaysia Sarawak,,,,Importer,Bintulu,KOTRA_SNS_2025,화장품/뷰티
330499,PE,Sumak Esttica Integral,,,,Importer,Lima,KOTRA_SNS_2025,화장품/뷰티
330499,IN,Botocosm,,,,Importer,Bangalore,KOTRA_SNS_2025,화장품/뷰티
330499,UK,IMVA GROUP LTD,,,,Importer,Warritong,KOTRA_SNS_2025,화장품/뷰티
330499,MN,Tul tush internatinal LLC,,,,Importer,Ulaanbaatar,KOTRA_SNS_2025,화장품/뷰티
330499,BD,Apex international,,,,Importer,Chittagong,KOTRA_SNS_2025,화장품/뷰티
330499,IN,Skin Essential,,,,Importer,Mumbai,KOTRA_SNS_2025,화장품/뷰티
330499,BR,Esteticista e injetora Profissional,,,,Importer,Cerqueira Csar,KOTRA_SNS_2025,화장품/뷰티
330499,IN,VBS4RH,,,,Importer,Hyderabad,KOTRA_SNS_2025,화장품/뷰티
330499,IN,Geethanjanaa.ayurveda,,,,Importer,Ernakulam,KOTRA_SNS_2025,화장품/뷰티
330499,CO,psicoestetic,,,,Importer,Pereira,KOTRA_SNS_2025,화장품/뷰티
330499,MX,LA SEXTA AVENIDA SALON SPA,,,,Importer,Quertaro,KOTRA_SNS_2025,화장품/뷰티
330499,DZ,Novitechpharma,,,,Importer,route nationale N9 Elouricia Setif,KOTRA_SNS_2025,화장품/뷰티
330499,PK,The Hijama Guy Cupping Clinic,,,,Importer,Faisalabad,KOTRA_SNS_2025,화장품/뷰티
330499,MX,renassence Spa,,,,Importer,Chihuahua,KOTRA_SNS_2025,화장품/뷰티
330499,PK,Annas Quality Chemical,,,,Importer,Lahore,KOTRA_SNS_2025,화장품/뷰티
330499,IN,Radikem biotech,,,,Importer,Bangalore,KOTRA_SNS_2025,화장품/뷰티
330499,CH,Negocios Cesch,,,,Importer,Yiwu,KOTRA_SNS_2025,화장품/뷰티
330499,IN,Al.Hind Exports,,,,Importer,Mumbai,KOTRA_SNS_2025,화장품/뷰티
330499,IN,Entrepreneur,,,,Importer,Bangalore,KOTRA_SNS_2025,화장품/뷰티
330499,MX,Propia,,,,Importer,Zapopan,KOTRA_SNS_2025,화장품/뷰티
330499,PK,RIT METAL,,,,Importer,Sialkot,KOTRA_SNS_2025,화장품/뷰티
330499,IN,Eminent chemtech Pvt Ltd,,,,Importer,Noida,KOTRA_SNS_2025,화장품/뷰티
330499,US,Farha abbas,,,,Importer,Lucknow,KOTRA_SNS_2025,화장품/뷰티
330499,CL,Mundo Activo Limitada,,,,Importer,Curic,KOTRA_SNS_2025,화장품/뷰티
330499,PK,linda chinese beauty salon,,,,Importer,Karachi,KOTRA_SNS_2025,화장품/뷰티
330499,IN,Salt skin and hair clinic,,,,Importer,Delhi,KOTRA_SNS_2025,화장품/뷰티
330499,PH,laserpro,,,,Importer,Davao City,KOTRA_SNS_2025,화장품/뷰티
330499,IN,Indian Youth Congress,,,,Importer,Hyderabad,KOTRA_SNS_2025,화장품/뷰티
330499,BD,Journalist  + business,,,,Importer,Dhaka,KOTRA_SNS_2025,화장품/뷰티
330499,IN,Jai bajrang bali tour and travels,,,,Importer,Kaithal,KOTRA_SNS_2025,화장품/뷰티
330499,BR,Master products s.a,,,,Importer,Foz iguazu,KOTRA_SNS_2025,화장품/뷰티
330499,GB,Seoki enterprises,,,,Importer,Daska,KOTRA_SNS_2025,화장품/뷰티
330499,SK,DARNA support service,,,,Importer,Bratislava,KOTRA_SNS_2025,화장품/뷰티
330499,BR,Mavia,,,,Importer,Barueri,KOTRA_SNS_2025,화장품/뷰티
330499,JO,besnessman,,,,Importer,Amman,KOTRA_SNS_2025,화장품/뷰티
330499,ID,Feliccine.co,,,,Importer,Singapore,KOTRA_SNS_2025,화장품/뷰티
330499,CO,Emprico,,,,Importer,Bogot,KOTRA_SNS_2025,화장품/뷰티
330499,IQ,Patricia Organic,,,,Importer,Baghdad,KOTRA_SNS_2025,화장품/뷰티
330499,DZ,Laghouat,,,,Importer,Laghouat,KOTRA_SNS_2025,화장품/뷰티
330499,PE,bella natura peru EIRL,,,,Importer,LIMA,KOTRA_SNS_2025,화장품/뷰티
330499,EG,Ministry of trade and industry,,,,Importer,Cairo,KOTRA_SNS_2025,화장품/뷰티
330499,IN,Ridakhanmakeovers,,,,Importer,Hyderabad,KOTRA_SNS_2025,화장품/뷰티
330499,US,ccn enterprise,,,,Importer,chennai,KOTRA_SNS_2025,화장품/뷰티
330499,DZ,medsherif,,,,Importer,Blida,KOTRA_SNS_2025,화장품/뷰티
330499,AE,Madi International,,,,Importer,Dubai,KOTRA_SNS_2025,화장품/뷰티
330499,PH,,,,,Importer,Quezon City,KOTRA_SNS_2025,화장품/뷰티
330499,MA,Empire du regard,,,,Importer,Casablanca,KOTRA_SNS_2025,화장품/뷰티
330499,PK,tz,,,,Importer,karachi,KOTRA_SNS_2025,화장품/뷰티
330499,IN,Mignon,,,,Importer,Ajmer,KOTRA_SNS_2025,화장품/뷰티
330499,EG,SEED CLUB,,,,Importer,Helwan,KOTRA_SNS_2025,화장품/뷰티
330499,PK,Lifestyle aesthetics,,,,Importer,Karachi,KOTRA_SNS_2025,화장품/뷰티
330499,US,GM LABS,,,,Importer,Suratgarh,KOTRA_SNS_2025,화장품/뷰티
330499,MY,Kormala N Sdn Bhd,,,,Importer,Mont Kiara,KOTRA_SNS_2025,화장품/뷰티
330499,PH,FOFO,,,,Importer,Taguig,KOTRA_SNS_2025,화장품/뷰티
330499,IN,divine clinic,,,,Importer,Ahmedabad,KOTRA_SNS_2025,화장품/뷰티
330499,IN,Suraksha,,,,Importer,Ahmedabad,KOTRA_SNS_2025,화장품/뷰티
330499,UE,,,,,Importer,Karachi,KOTRA_SNS_2025,화장품/뷰티
330499,IN,Navigators overseas solution Pvt. ltd,,,,Importer,Chandigarh,KOTRA_SNS_2025,화장품/뷰티
330499,DZ,Nihed taibi,,,,Importer,Algrie,KOTRA_SNS_2025,화장품/뷰티
330499,IN,Shiv enterprise,,,,Importer,Ahmedababd,KOTRA_SNS_2025,화장품/뷰티
330499,IN,Star enterprises,,,,Importer,Delhi,KOTRA_SNS_2025,화장품/뷰티
330499,IN,Aurangabad Food Industries,,,,Importer,Aurangabad,KOTRA_SNS_2025,화장품/뷰티
330499,MA,TRAINIS SPORTS MANAGEMENT,,,,Importer,Casablanca,KOTRA_SNS_2025,화장품/뷰티
330499,IN,G & Aesthetic Klinik,,,,Importer,Delhi,KOTRA_SNS_2025,화장품/뷰티
330499,MX,Osmar cosmeticos,,,,Importer,Aguascalientes,KOTRA_SNS_2025,화장품/뷰티
330499,IN,Zlato chains,,,,Importer,Delhi,KOTRA_SNS_2025,화장품/뷰티
330499,IN,Rss    2022,,,,Importer,Allahabad,KOTRA_SNS_2025,화장품/뷰티
330499,PK,Perfections 360,,,,Importer,Lahore,KOTRA_SNS_2025,화장품/뷰티
330499,IN,Hasali,,,,Importer,india,KOTRA_SNS_2025,화장품/뷰티
330499,IQ,Retaj,,,,Importer,Amman,KOTRA_SNS_2025,화장품/뷰티
330499,IN,Shree Anantaa inc,,,,Importer,Ahmedabad,KOTRA_SNS_2025,화장품/뷰티
330499,US,faisal trsders,,,,Importer,lahore,KOTRA_SNS_2025,화장품/뷰티
330499,MX,Settanta,,,,Importer,Leon,KOTRA_SNS_2025,화장품/뷰티
330499,TR,TR,,,,Importer,Izmir,KOTRA_SNS_2025,화장품/뷰티
330499,PK,SMUG Pvt LTD,,,,Importer,Lahore,KOTRA_SNS_2025,화장품/뷰티
330499,LK,LankapartnerHost,,,,Importer,kurunegala,KOTRA_SNS_2025,화장품/뷰티
330499,PH,KMO Solutions Inc,,,,Importer,Dasmarias,KOTRA_SNS_2025,화장품/뷰티
330499,IN,My Business,,,,Importer,Ahmedabad,KOTRA_SNS_2025,화장품/뷰티
330499,US,Sculpt n Shine Studio,,,,Importer,Ahmedabad,KOTRA_SNS_2025,화장품/뷰티
330499,LK,Savers,,,,Importer,Colombo,KOTRA_SNS_2025,화장품/뷰티
330499,US,ceyloncaps international,,,,Importer,colmbo,KOTRA_SNS_2025,화장품/뷰티
330499,IN,Random,,,,Importer,Raipur,KOTRA_SNS_2025,화장품/뷰티
330499,CO,crownval,,,,Importer,floridablanca,KOTRA_SNS_2025,화장품/뷰티
330499,IN,Ghj,,,,Importer,Hhb,KOTRA_SNS_2025,화장품/뷰티
330499,CL,Isla de Brac,,,,Importer,Punta Arenas,KOTRA_SNS_2025,화장품/뷰티
330499,PY,WOW! BTL,,,,Importer,Asuncion,KOTRA_SNS_2025,화장품/뷰티
330499,US,ynb,,,,Importer,djelfa,KOTRA_SNS_2025,화장품/뷰티
330499,IN,Signity Pharmaceutical Pvt Ltd,,,,Importer,Nagpur,KOTRA_SNS_2025,화장품/뷰티
330499,BD,MIRROR N GIRLS,,,,Importer,Dhaka,KOTRA_SNS_2025,화장품/뷰티
330499,IN,Glow saloon n skin clinic,,,,Importer,Bangalore,KOTRA_SNS_2025,화장품/뷰티
330499,AZ,Mansur group mmc,,,,Importer,Bak,KOTRA_SNS_2025,화장품/뷰티
330499,BR,Prowaesthetics,,,,Importer,Sao Bernardo do Campo,KOTRA_SNS_2025,화장품/뷰티
330499,IN,Npd health care pvt ltd,,,,Importer,Jaipur,KOTRA_SNS_2025,화장품/뷰티
330499,IN,Being a Doctor,,,,Importer,Surat,KOTRA_SNS_2025,화장품/뷰티
330499,EC,Aura Stetic,,,,Importer,Quito,KOTRA_SNS_2025,화장품/뷰티
330499,BD,FBI Group,,,,Importer,Bangladesh,KOTRA_SNS_2025,화장품/뷰티
330499,PK,Al farooq property links,,,,Importer,Bahawalpur,KOTRA_SNS_2025,화장품/뷰티
330499,IN,Sequin Jewellery,,,,Importer,Chennai,KOTRA_SNS_2025,화장품/뷰티
330499,BD,Beautiv Academy,,,,Importer,Dhaka,KOTRA_SNS_2025,화장품/뷰티
330499,BR,Odontologia,,,,Importer,Campinas,KOTRA_SNS_2025,화장품/뷰티
330499,DO,"Piel Perfecta Medicina Esttica avanzada, nutricin y Laser",,,,Importer,Sto dgo,KOTRA_SNS_2025,화장품/뷰티
330499,DZ,Manager indpendant avec flp societ,,,,Importer,mascara,KOTRA_SNS_2025,화장품/뷰티
330499,BD,"Sunamgonj Govt College,SUNAMGONJ",,,,Importer,Sunamganj,KOTRA_SNS_2025,화장품/뷰티
330499,IN,RenewBuy,,,,Importer,New delhi,KOTRA_SNS_2025,화장품/뷰티
330499,BD,shamim,,,,Importer,dhaka,KOTRA_SNS_2025,화장품/뷰티
330499,IN,Ayaz merchant,,,,Importer,Amroha,KOTRA_SNS_2025,화장품/뷰티
330499,MY,Visi Nusantara,,,,Importer,Kuala Lumpur,KOTRA_SNS_2025,화장품/뷰티
330499,VN,Citechi Group,,,,Importer,Hanoi,KOTRA_SNS_2025,화장품/뷰티
330499,PK,Ham Beauty,,,,Importer,Sialkot,KOTRA_SNS_2025,화장품/뷰티
330499,PL,Vela Slim,,,,Importer,Teresin,KOTRA_SNS_2025,화장품/뷰티
330499,MA,Hanaa,,,,Importer,Casablanca,KOTRA_SNS_2025,화장품/뷰티
330499,BR,3fa,,,,Importer,Goiania,KOTRA_SNS_2025,화장품/뷰티
330499,IN,GOFAB GENESIS LLP,,,,Importer,Navi Mumbai,KOTRA_SNS_2025,화장품/뷰티
330499,BD,zamantraders,,,,Importer,Dhaka,KOTRA_SNS_2025,화장품/뷰티
330499,MA,medica africa invest.,,,,Importer,rabat,KOTRA_SNS_2025,화장품/뷰티
330499,MA,Vivacity Morocco,,,,Importer,Kenitra,KOTRA_SNS_2025,화장품/뷰티
330499,MX,Walmart de Mxico y Centroamrica,,,,Importer,Mexico City,KOTRA_SNS_2025,화장품/뷰티
330499,AR,kaom,,,,Importer,bsas,KOTRA_SNS_2025,화장품/뷰티
330499,VN,Cong ty cp xd v pt dp sun royal pharma,,,,Importer,Vnh Yn,KOTRA_SNS_2025,화장품/뷰티
330499,CL,Interna de Kinesiologia,,,,Importer,Las Condes,KOTRA_SNS_2025,화장품/뷰티
330499,IQ,Sim,,,,Importer,Baghdad,KOTRA_SNS_2025,화장품/뷰티
330499,PH,Neuflame mktg corp,,,,Importer,Quezon City,KOTRA_SNS_2025,화장품/뷰티
330499,CO,Jero Sport sas,,,,Importer,Bogot,KOTRA_SNS_2025,화장품/뷰티
330499,CO,Facebook,,,,Importer,Bogota,KOTRA_SNS_2025,화장품/뷰티
330499,EC,Dinede,,,,Importer,Cayambe,KOTRA_SNS_2025,화장품/뷰티
330499,SA,Life Fragrant,,,,Importer,Khobar,KOTRA_SNS_2025,화장품/뷰티
330499,PE,HP PERU Consulting SAC,,,,Importer,Lima,KOTRA_SNS_2025,화장품/뷰티
330499,CO,Aspect Fashion Group SAS,,,,Importer,Villavicencio,KOTRA_SNS_2025,화장품/뷰티
330499,BD,Bentex Group,,,,Importer,Dhaka,KOTRA_SNS_2025,화장품/뷰티
330499,IN,afaqclinics,,,,Importer,Hyderabad,KOTRA_SNS_2025,화장품/뷰티
330499,PY,S.A Shop Py,,,,Importer,Ciudad del Este,KOTRA_SNS_2025,화장품/뷰티
330499,CO,Naturalia spa ritual,,,,Importer,Envigado,KOTRA_SNS_2025,화장품/뷰티
330499,BD,SITL,,,,Importer,Dhaka,KOTRA_SNS_2025,화장품/뷰티
330499,SE,Erbil /azadi,,,,Importer,erbil,KOTRA_SNS_2025,화장품/뷰티
330499,BD,Index Nutraceuticals & Toiletries,,,,Importer,Dhaka,KOTRA_SNS_2025,화장품/뷰티
330499,BR,Medangel,,,,Importer,Goinia,KOTRA_SNS_2025,화장품/뷰티
330499,PK,Rasheed sons,,,,Importer,Lahore,KOTRA_SNS_2025,화장품/뷰티
330499,PK,Sky Packing Material Trd: LLC,,,,Importer,Karachi,KOTRA_SNS_2025,화장품/뷰티
330499,PK,zyp technologies,,,,Importer,Lahore,KOTRA_SNS_2025,화장품/뷰티
330499,IN,K2R2,,,,Importer,Mumbai,KOTRA_SNS_2025,화장품/뷰티
330499,RO,Milan Cafe,,,,Importer,Suceava,KOTRA_SNS_2025,화장품/뷰티
330499,IN,Saha Projects,,,,Importer,Kolkata,KOTRA_SNS_2025,화장품/뷰티
330499,US,Asiana Airlines,,,,Importer,Pasig,KOTRA_SNS_2025,화장품/뷰티
330499,AR,Ramirez construcciones,,,,Importer,Santa fe,KOTRA_SNS_2025,화장품/뷰티
330499,US,javedanderumsurgical,,,,Importer,Sialkot,KOTRA_SNS_2025,화장품/뷰티
330499,IN,Business,,,,Importer,Nagpur,KOTRA_SNS_2025,화장품/뷰티
330499,IN,wedvail Unisex Salon,,,,Importer,Kadakkal,KOTRA_SNS_2025,화장품/뷰티
330499,PK,Prestine Beauty,,,,Importer,Karachi,KOTRA_SNS_2025,화장품/뷰티
330499,IN,JoggersPark.co.in,,,,Importer,New Delhi,KOTRA_SNS_2025,화장품/뷰티
330499,IN,Mohrish pharmaceuticals pvt ltd,,,,Importer,Can be decided,KOTRA_SNS_2025,화장품/뷰티
330499,CO,Face trade,,,,Importer,Pereira,KOTRA_SNS_2025,화장품/뷰티
330499,LK,Beauty Nail Spa pvt ltd,,,,Importer,Colombo,KOTRA_SNS_2025,화장품/뷰티
330499,IN,advanced imaging,,,,Importer,Rajkot,KOTRA_SNS_2025,화장품/뷰티
330499,IN,Indurai,,,,Importer,Chennai,KOTRA_SNS_2025,화장품/뷰티
330499,BD,MH CORPORATION,,,,Importer,Chittagong,KOTRA_SNS_2025,화장품/뷰티
330499,BR,sejavip,,,,Importer,So Paulo,KOTRA_SNS_2025,화장품/뷰티
330499,US,Varig S/A,,,,Importer,So Paulo,KOTRA_SNS_2025,화장품/뷰티
330499,PK,JDR Trading Company,,,,Importer,Karachi,KOTRA_SNS_2025,화장품/뷰티
330499,IN,Travel Expert World,,,,Importer,Delhi,KOTRA_SNS_2025,화장품/뷰티
330499,IN,Auro Innovations,,,,Importer,Pondicherry,KOTRA_SNS_2025,화장품/뷰티
330499,US,Royal Aplic center pesh cantt,,,,Importer,Peshawar,KOTRA_SNS_2025,화장품/뷰티
330499,MN,Facebook,,,,Importer,Ulaanbaatar,KOTRA_SNS_2025,화장품/뷰티
330499,BD,Open Sea,,,,Importer,Dhaka,KOTRA_SNS_2025,화장품/뷰티
330499,AE,Owner/Managing Director at Iha Florela,,,,Importer,Dubai.,KOTRA_SNS_2025,화장품/뷰티
330499,IN,Vs,,,,Importer,Hisar,KOTRA_SNS_2025,화장품/뷰티
330499,CL,OKXIO SPA,,,,Importer,Chile,KOTRA_SNS_2025,화장품/뷰티
330499,AR,Becaria Doctoral CONICET,,,,Importer,San Miguel de Tucumn,KOTRA_SNS_2025,화장품/뷰티
330499,BD,camera vision,,,,Importer,Dhaka,KOTRA_SNS_2025,화장품/뷰티
330499,BD,Makeup World bd,,,,Importer,dhaka,KOTRA_SNS_2025,화장품/뷰티
330499,US,Independiente,,,,Importer,panama,KOTRA_SNS_2025,화장품/뷰티
330499,IN,Not reveal,,,,Importer,Kolkata,KOTRA_SNS_2025,화장품/뷰티
330499,PK,Alliance Franaise de Lahore,,,,Importer,Lahore,KOTRA_SNS_2025,화장품/뷰티
330499,CO,The body shop by catalina vivas,,,,Importer,Bogot,KOTRA_SNS_2025,화장품/뷰티
330499,IN,Olifair,,,,Importer,Tiruvallur,KOTRA_SNS_2025,화장품/뷰티
330499,PK,fashion fabric,,,,Importer,Hafizabad,KOTRA_SNS_2025,화장품/뷰티
330499,MX,VP9,,,,Importer,Mexico City,KOTRA_SNS_2025,화장품/뷰티
330499,IN,IncNut Lifestyle Pvt. Ltd.,,,,Importer,Hyderabad,KOTRA_SNS_2025,화장품/뷰티
330499,PK,BEC,,,,Importer,Karachi,KOTRA_SNS_2025,화장품/뷰티
330499,IN,Layersskinclinics.com,,,,Importer,Jayanagar,KOTRA_SNS_2025,화장품/뷰티
330499,PK,Home,,,,Importer,Karachi,KOTRA_SNS_2025,화장품/뷰티
330499,IN,SkinLuv,,,,Importer,Pune,KOTRA_SNS_2025,화장품/뷰티
330499,CO,Biounty,,,,Importer,Bogot,KOTRA_SNS_2025,화장품/뷰티
330499,MY,Excel Specialty Chemistry,,,,Importer,Kuala Lumpur,KOTRA_SNS_2025,화장품/뷰티
330499,CO,COMSILA,,,,Importer,BTA,KOTRA_SNS_2025,화장품/뷰티
330499,IN,supertronmedicx,,,,Importer,Delhi,KOTRA_SNS_2025,화장품/뷰티
330499,DZ,Shiraz Dco,,,,Importer,Laghouat,KOTRA_SNS_2025,화장품/뷰티
330499,IN,Sri Ramachandra University,,,,Importer,Chennai,KOTRA_SNS_2025,화장품/뷰티
330499,OM,CosmiPlus,,,,Importer,Muscat,KOTRA_SNS_2025,화장품/뷰티
330499,PE,Comercio Central SAC,,,,Importer,Lima,KOTRA_SNS_2025,화장품/뷰티
330499,MX,Wapizima,,,,Importer,Toluca,KOTRA_SNS_2025,화장품/뷰티
330499,LK,Rajarata Food Products Pvt Ltd,,,,Importer,Colombo,KOTRA_SNS_2025,화장품/뷰티
330499,MX,Templo de belleza,,,,Importer,Cuernavaca,KOTRA_SNS_2025,화장품/뷰티
330499,DZ,Biologiste,,,,Importer,Batna,KOTRA_SNS_2025,화장품/뷰티
330499,IN,Buddy Jelly Trends,,,,Importer,Indore,KOTRA_SNS_2025,화장품/뷰티
330499,EC,Laboratorio Biotanicals del Ecuador S.A.,,,,Importer,Guayaquil,KOTRA_SNS_2025,화장품/뷰티
330499,US,Hakeemi Global,,,,Importer,Boca Raton Florida,KOTRA_SNS_2025,화장품/뷰티
330499,IN,BHC,,,,Importer,Kochi,KOTRA_SNS_2025,화장품/뷰티
330499,BD,China Hub,,,,Importer,Dhaka,KOTRA_SNS_2025,화장품/뷰티
330499,CO,Sena,,,,Importer,Cucuta,KOTRA_SNS_2025,화장품/뷰티
330499,ID,PT Nafiri Pelita Nusantara,,,,Importer,depok,KOTRA_SNS_2025,화장품/뷰티
330499,CO,Paolacortes dermopigmentacion,,,,Importer,Cartagena,KOTRA_SNS_2025,화장품/뷰티
330499,PE,Estilos Makeup,,,,Importer,Lima,KOTRA_SNS_2025,화장품/뷰티
330499,ID,Shexsi biznes,,,,Importer,bakı,KOTRA_SNS_2025,화장품/뷰티
330499,PK,SANIA HENNA PRODUCTS,,,,Importer,Karachi,KOTRA_SNS_2025,화장품/뷰티
330499,IN,Valencia Nutrition Limited,,,,Importer,Mumbai,KOTRA_SNS_2025,화장품/뷰티
330499,IN,Minithaishop,,,,Importer,Ramanathapuram,KOTRA_SNS_2025,화장품/뷰티
330499,IN,Managing Director,,,,Importer,chemmad,KOTRA_SNS_2025,화장품/뷰티
330499,IN,Makeup studio,,,,Importer,Ahmedabad,KOTRA_SNS_2025,화장품/뷰티
330499,IN,Hyderabad,,,,Importer,Hyderabad,KOTRA_SNS_2025,화장품/뷰티
330499,PH,TRU Dermatologie,,,,Importer,Dumaguete City,KOTRA_SNS_2025,화장품/뷰티
330499,IN,NJ Medical systems,,,,Importer,Ahmedabad,KOTRA_SNS_2025,화장품/뷰티
330499,ID,rabotti Indonesia,,,,Importer,Jakarta,KOTRA_SNS_2025,화장품/뷰티
330499,ID,pt kasyara sula maju,,,,Importer,makassar,KOTRA_SNS_2025,화장품/뷰티
330499,BD,Businessman,,,,Importer,Dhaka,KOTRA_SNS_2025,화장품/뷰티
330499,IN,Clarion cosmetics,,,,Importer,Chennai,KOTRA_SNS_2025,화장품/뷰티
330499,DZ,Business News,,,,Importer,Alger,KOTRA_SNS_2025,화장품/뷰티
330499,PK,Taiga Apparel,,,,Importer,majid sadaqat,KOTRA_SNS_2025,화장품/뷰티
330499,RO,Vs Beauty Trends,,,,Importer,Bucharest,KOTRA_SNS_2025,화장품/뷰티
330499,US,Sundarban Sports,,,,Importer,khulna,KOTRA_SNS_2025,화장품/뷰티
330499,MA,AHLAM DREAM SARL,,,,Importer,Casablanca,KOTRA_SNS_2025,화장품/뷰티
330499,IN,Honer,,,,Importer,Bombay Vile Parle,KOTRA_SNS_2025,화장품/뷰티
330499,PK,Accenti Beauty,,,,Importer,Dubai,KOTRA_SNS_2025,화장품/뷰티
330499,MX,Dra Nydia Felipe,,,,Importer,Piedras negras,KOTRA_SNS_2025,화장품/뷰티
330499,PK,Cynosure industry,,,,Importer,Sialkot,KOTRA_SNS_2025,화장품/뷰티
330499,IN,silver nik ( pls WhatsApp only,,,,Importer,Delhi,KOTRA_SNS_2025,화장품/뷰티
330499,RO,Spot,,,,Importer,Bucharest,KOTRA_SNS_2025,화장품/뷰티
330499,SA,Skin mood,,,,Importer,Qatif,KOTRA_SNS_2025,화장품/뷰티
330499,BD,Miti’s Mart,,,,Importer,Dhaka,KOTRA_SNS_2025,화장품/뷰티
330499,IN,silver scissors hair studio,,,,Importer,Mumbai,KOTRA_SNS_2025,화장품/뷰티
330499,US,Acro,,,,Importer,kiribathgoda,KOTRA_SNS_2025,화장품/뷰티
330499,BR,Asmed & co,,,,Importer,Curitiba,KOTRA_SNS_2025,화장품/뷰티
330499,LK,H J Pitter,,,,Importer,Colombo,KOTRA_SNS_2025,화장품/뷰티
330499,MN,Altanburdenerel,,,,Importer,Ulaanbaatar,KOTRA_SNS_2025,화장품/뷰티
330499,IN,MCaffeine,,,,Importer,Mumbai,KOTRA_SNS_2025,화장품/뷰티
330499,LK,Dreamron College Of Art & Beauty,,,,Importer,Horana,KOTRA_SNS_2025,화장품/뷰티
330499,PK,Obaid Latif Marble  Granite Industry,,,,Importer,Karachi,KOTRA_SNS_2025,화장품/뷰티
330499,US,GA International,,,,Importer,Hisar,KOTRA_SNS_2025,화장품/뷰티
330499,DZ,BBcare Eurl,,,,Importer,Constantine,KOTRA_SNS_2025,화장품/뷰티
330499,PK,alburaq traders,,,,Importer,Peshawar,KOTRA_SNS_2025,화장품/뷰티
330499,MN,NM,,,,Importer,Ulaanbaatar,KOTRA_SNS_2025,화장품/뷰티
330499,PE,ProPiel Peru,,,,Importer,Lima,KOTRA_SNS_2025,화장품/뷰티
330499,DZ,SARL FRAISE MALTI,,,,Importer,Tlemcen,KOTRA_SNS_2025,화장품/뷰티
330499,PK,bmcipllaser@gmail.com,,,,Importer,Islamabad,KOTRA_SNS_2025,화장품/뷰티
330499,MX,Maria Bonita Saln,,,,Importer,Monterrey,KOTRA_SNS_2025,화장품/뷰티
330499,BD,Senior sales Manager At Remark Hb,,,,Importer,Dhaka,KOTRA_SNS_2025,화장품/뷰티
330499,GT,Lc,,,,Importer,Guatemala City,KOTRA_SNS_2025,화장품/뷰티
330499,ID,PT Astoria Prima,,,,Importer,Jakarta,KOTRA_SNS_2025,화장품/뷰티
330499,PH,BeautBologc,,,,Importer,Pasig,KOTRA_SNS_2025,화장품/뷰티
330499,BD,Impex trade international,,,,Importer,Dhaka,KOTRA_SNS_2025,화장품/뷰티
330499,PK,AS Traders,,,,Importer,Gujranwala,KOTRA_SNS_2025,화장품/뷰티
330499,PH,lalisa,,,,Importer,Quezon City,KOTRA_SNS_2025,화장품/뷰티
330499,ID,PT. Jus Untuk Semua,,,,Importer,Jakarta Barat,KOTRA_SNS_2025,화장품/뷰티
330499,US,AL enterprise,,,,Importer,India Arunachal pradesh,KOTRA_SNS_2025,화장품/뷰티
330499,IN,Asp real con pvt ltd,,,,Importer,Bhubaneswar,KOTRA_SNS_2025,화장품/뷰티
330499,US,adriana giraldo,,,,Importer,medelln,KOTRA_SNS_2025,화장품/뷰티
330499,ID,Fumelabs,,,,Importer,depok,KOTRA_SNS_2025,화장품/뷰티
330499,AR,Grupo Labrox SAS,,,,Importer,Mendoza,KOTRA_SNS_2025,화장품/뷰티
330499,CO,.,,,,Importer,Medelln,KOTRA_SNS_2025,화장품/뷰티
330499,BD,SDC Overseas Technical Training & Testing Center.,,,,Importer,Dhaka,KOTRA_SNS_2025,화장품/뷰티
330499,ID,Estetika prima asia,,,,Importer,Semarang,KOTRA_SNS_2025,화장품/뷰티
330499,PK,The Skinology Studio,,,,Importer,Lahore,KOTRA_SNS_2025,화장품/뷰티
330499,IN,Vibrant Sports Nutrition Pvt Ltd,,,,Importer,Bhopal,KOTRA_SNS_2025,화장품/뷰티
330499,IN,"-    "" """,,,,Importer,Pune,KOTRA_SNS_2025,화장품/뷰티
330499,IN,Beauty Palace,,,,Importer,Ludhiana,KOTRA_SNS_2025,화장품/뷰티
330499,CO,Centro de Estetica Prestigio,,,,Importer,Bucaramanga,KOTRA_SNS_2025,화장품/뷰티
330499,CL,Profesional Independiente,,,,Importer,Santiago,KOTRA_SNS_2025,화장품/뷰티
330499,IQ,Top lady,,,,Importer,As Sulaymaniyah,KOTRA_SNS_2025,화장품/뷰티
330499,ID,Infinity_kmall,,,,Importer,medan,KOTRA_SNS_2025,화장품/뷰티
330499,BD,Healthway,,,,Importer,Dhaka,KOTRA_SNS_2025,화장품/뷰티
330499,PE,Elite Gaming Peru Sac,,,,Importer,Lima,KOTRA_SNS_2025,화장품/뷰티
330499,MA,Rajunir,,,,Importer,Kenitra,KOTRA_SNS_2025,화장품/뷰티
330499,BD,Atlas cosmetic ltd,,,,Importer,Dhaka,KOTRA_SNS_2025,화장품/뷰티
330499,AE,pak biz international,,,,Importer,Karachi,KOTRA_SNS_2025,화장품/뷰티
330499,CL,Traelodechina SpA,,,,Importer,Puerto Montt,KOTRA_SNS_2025,화장품/뷰티
330499,PH,bagito bagita dropshipping,,,,Importer,CITY OF LAS PIAS,KOTRA_SNS_2025,화장품/뷰티
330499,PH,WLEX Philippines Co. Inc,,,,Importer,Paranaque City,KOTRA_SNS_2025,화장품/뷰티
330499,ID,International luxury,,,,Importer,Jakarta,KOTRA_SNS_2025,화장품/뷰티
330499,PK,VelvetVisage,,,,Importer,Karachi,KOTRA_SNS_2025,화장품/뷰티
330499,MX,EIshodo,,,,Importer,Mexico City,KOTRA_SNS_2025,화장품/뷰티
330499,MA,sourcingo,,,,Importer,Casablanca,KOTRA_SNS_2025,화장품/뷰티
330499,US,Belarome,,,,Importer,fes,KOTRA_SNS_2025,화장품/뷰티
330499,MN,Zolo's lash studio,,,,Importer,Ulaanbaatar,KOTRA_SNS_2025,화장품/뷰티
330499,DZ,Sarl dihyacosmetics,,,,Importer,Stif,KOTRA_SNS_2025,화장품/뷰티
330499,IN,Bplus marketing,,,,Importer,Noida,KOTRA_SNS_2025,화장품/뷰티
330499,PK,memon property network,,,,Importer,karachi,KOTRA_SNS_2025,화장품/뷰티
330499,DZ,maison du savon,,,,Importer,Alger,KOTRA_SNS_2025,화장품/뷰티
330499,BR,13:20:hub,,,,Importer,Armao dos Bzios,KOTRA_SNS_2025,화장품/뷰티
330499,AG,,,,,Importer,Alger,KOTRA_SNS_2025,화장품/뷰티
330499,MX,Trading & Cargo SA de CV,,,,Importer,Mexico City,KOTRA_SNS_2025,화장품/뷰티
330499,DZ,vents change plus,,,,Importer,Algiers,KOTRA_SNS_2025,화장품/뷰티
330499,DE,SA contracting,,,,Importer,Lahore,KOTRA_SNS_2025,화장품/뷰티
330499,PH,Marksteel Const Corp,,,,Importer,dasmarinas,KOTRA_SNS_2025,화장품/뷰티
330499,BD,Shabab Ribab Trading ltd,,,,Importer,Dhaka Moghbazar,KOTRA_SNS_2025,화장품/뷰티
330499,PK,B2B Marketing,,,,Importer,Lahore,KOTRA_SNS_2025,화장품/뷰티
330499,IN,North ENd,,,,Importer,Karnataka,KOTRA_SNS_2025,화장품/뷰티
330499,PK,Riztex corporation,,,,Importer,Faisalabad,KOTRA_SNS_2025,화장품/뷰티
330499,PK,Absolute Tours & Travel Pvt LTD,,,,Importer,peshawar,KOTRA_SNS_2025,화장품/뷰티
330499,PK,Pillshill,,,,Importer,Lahore,KOTRA_SNS_2025,화장품/뷰티
330499,BD,N. H. B. Corporation,,,,Importer,Dhaka,KOTRA_SNS_2025,화장품/뷰티
330499,BD,sure2shop,,,,Importer,Khulna,KOTRA_SNS_2025,화장품/뷰티
330499,IN,At my own clinic,,,,Importer,Delhi,KOTRA_SNS_2025,화장품/뷰티
330499,IN,N.D Pharmaceuticals,,,,Importer,Jammu,KOTRA_SNS_2025,화장품/뷰티
330499,IN,Msp,,,,Importer,Salem,KOTRA_SNS_2025,화장품/뷰티
330499,IN,Make-up artists,,,,Importer,Bengaluru,KOTRA_SNS_2025,화장품/뷰티
330499,IN,moon and Mars overseas pvt Ltd,,,,Importer,Lucknow,KOTRA_SNS_2025,화장품/뷰티
330499,IN,AL LUQMAN INTERNATIONAL,,,,Importer,kozhikode,KOTRA_SNS_2025,화장품/뷰티
330499,IN,Makeovers by Ketki,,,,Importer,Pune,KOTRA_SNS_2025,화장품/뷰티
330499,JO,Perfect Care JO,,,,Importer,Amman,KOTRA_SNS_2025,화장품/뷰티
330499,MA,Max immobilier,,,,Importer,Fs,KOTRA_SNS_2025,화장품/뷰티
330499,BD,mahiltd2001@gmail.com,,,,Importer,Dhaka,KOTRA_SNS_2025,화장품/뷰티
330499,IN,kiran,,,,Importer,Airoli,KOTRA_SNS_2025,화장품/뷰티
330499,IQ,taifalalwan,,,,Importer,Baghdad,KOTRA_SNS_2025,화장품/뷰티
330499,MY,Pak Malaysia  business associaties,,,,Importer,Kuala Lumpur,KOTRA_SNS_2025,화장품/뷰티
330499,PH,Deyalt Sales Corporation,,,,Importer,Valenzuela City,KOTRA_SNS_2025,화장품/뷰티
330499,SA,Jiddah,,,,Importer,Kolathur,KOTRA_SNS_2025,화장품/뷰티
330499,DO,Marijos,,,,Importer,Santiago,KOTRA_SNS_2025,화장품/뷰티
330499,CO,Agromanicero,,,,Importer,Bogot,KOTRA_SNS_2025,화장품/뷰티
330499,MY,.,,,,Importer,Kuala Lumpur,KOTRA_SNS_2025,화장품/뷰티
330499,IN,clion care,,,,Importer,Ahmedabad,KOTRA_SNS_2025,화장품/뷰티
330499,PK,businessman,,,,Importer,Quetta,KOTRA_SNS_2025,화장품/뷰티
330499,BD,Scoppa Technologies Ltd,,,,Importer,Dhaka,KOTRA_SNS_2025,화장품/뷰티
330499,PH,Creative Designer & Social Media Marketer,,,,Importer,Manila,KOTRA_SNS_2025,화장품/뷰티
330499,PH,Butuan Medical Center,,,,Importer,Butuan City,KOTRA_SNS_2025,화장품/뷰티
330499,RO,Cabinet Dermato-Venerologie Dr.Dabagh,,,,Importer,Timisoara,KOTRA_SNS_2025,화장품/뷰티
330499,TR,BAIRZADE Biliim Reklamcılık LTD. T,,,,Importer,Narlıdere,KOTRA_SNS_2025,화장품/뷰티
330499,MA,Casablanca,,,,Importer,Casablanca,KOTRA_SNS_2025,화장품/뷰티
330499,HK,xingxing,,,,Importer,sal,KOTRA_SNS_2025,화장품/뷰티
330499,OM,Beautyterrain,,,,Importer,Muscat,KOTRA_SNS_2025,화장품/뷰티
330499,PE,Hospital General Jan,,,,Importer,Trujillo,KOTRA_SNS_2025,화장품/뷰티
330499,AR,Sacomaar s.r.l.,,,,Importer,Guaymallen,KOTRA_SNS_2025,화장품/뷰티
330499,LK,warnakula and company,,,,Importer,Biyagamama,KOTRA_SNS_2025,화장품/뷰티
330499,BD,Beauty Castle,,,,Importer,Dhaka,KOTRA_SNS_2025,화장품/뷰티
330499,TR,Ely Salık Kozmetik,,,,Importer,Izmir,KOTRA_SNS_2025,화장품/뷰티
330499,PK,Spectrum yarn & textile,,,,Importer,FAISALABAD,KOTRA_SNS_2025,화장품/뷰티
330499,PH,Friday Skin Beauty Co.,,,,Importer,Plaridel,KOTRA_SNS_2025,화장품/뷰티
330499,BD,Rejuva,,,,Importer,Dhaka,KOTRA_SNS_2025,화장품/뷰티
330499,BD,S H trade international,,,,Importer,Chittagong,KOTRA_SNS_2025,화장품/뷰티
330499,IN,VIJAYA,,,,Importer,Hyd,KOTRA_SNS_2025,화장품/뷰티
330499,BD,SHAHA  EXPORT ZONE FASHION WOTLD LTD,,,,Importer,Dhaka,KOTRA_SNS_2025,화장품/뷰티
330499,AR,Belleza Consciente,,,,Importer,San fernando,KOTRA_SNS_2025,화장품/뷰티
330499,DZ,biopharmacos,,,,Importer,Tizi ouzou,KOTRA_SNS_2025,화장품/뷰티
330499,BD,Miss Bangla Trading,,,,Importer,Dhaka,KOTRA_SNS_2025,화장품/뷰티
330499,EG,Maxima Co. ltd,,,,Importer,Cairo,KOTRA_SNS_2025,화장품/뷰티
330499,PH,Love My Skin Gluta Spa,,,,Importer,Malolos,KOTRA_SNS_2025,화장품/뷰티
330499,IN,nenmaljain,,,,Importer,Chennai,KOTRA_SNS_2025,화장품/뷰티
330499,IN,Sanket collection,,,,Importer,Agra,KOTRA_SNS_2025,화장품/뷰티
330499,KR,주식회사 장가,,,,Importer,Seoul,KOTRA_SNS_2025,화장품/뷰티
330499,DZ,boumerdes,,,,Importer,boumerdes,KOTRA_SNS_2025,화장품/뷰티
330499,BD,Sunman-Birdem Pharma Ltd.,,,,Importer,Uttara,KOTRA_SNS_2025,화장품/뷰티
330499,PE,Miu,,,,Importer,Lima,KOTRA_SNS_2025,화장품/뷰티
330499,EG,Daw chemicals,,,,Importer,Cairo,KOTRA_SNS_2025,화장품/뷰티
330499,EG,M.M,,,,Importer,Alexandria,KOTRA_SNS_2025,화장품/뷰티
330499,GT,Grupo pasfesa,,,,Importer,Jutiapa guatemala,KOTRA_SNS_2025,화장품/뷰티
330499,PH,Gli Innamoratti,,,,Importer,La Trinidad,KOTRA_SNS_2025,화장품/뷰티
330499,AR,fox,,,,Importer,Crdoba,KOTRA_SNS_2025,화장품/뷰티
330499,KR,Coco Star Herbal Products Pvt Ltd,,,,Importer,malabe,KOTRA_SNS_2025,화장품/뷰티
330499,TR,GLOBAL PASSAGE,,,,Importer,Istanbul,KOTRA_SNS_2025,화장품/뷰티
330499,MA,Istl : Transport & Logistique,,,,Importer,Mekns,KOTRA_SNS_2025,화장품/뷰티
330499,DZ,SARL Tropical cos,,,,Importer,Algiers,KOTRA_SNS_2025,화장품/뷰티
330499,PE,Buenos Ayres sac,,,,Importer,Lima,KOTRA_SNS_2025,화장품/뷰티
330499,MN,"Ulaanbaatar, Mongolia MedCare Clinic",,,,Importer,Ulaanbaatar,KOTRA_SNS_2025,화장품/뷰티
330499,MA,Pharmacie,,,,Importer,Tangier,KOTRA_SNS_2025,화장품/뷰티
330499,BD,Chardike.com -,,,,Importer,Dhaka,KOTRA_SNS_2025,화장품/뷰티
330499,US,nay,,,,Importer,Dhaka,KOTRA_SNS_2025,화장품/뷰티
330499,PK,zaffra.pk,,,,Importer,chichawatni,KOTRA_SNS_2025,화장품/뷰티
330499,JO,brightness drug store,,,,Importer,Amman,KOTRA_SNS_2025,화장품/뷰티
330499,CN,Feris Originals,,,,Importer,Lahore,KOTRA_SNS_2025,화장품/뷰티
330499,EG,Charman of Demo pack,,,,Importer,Cairo,KOTRA_SNS_2025,화장품/뷰티
330499,UZ,Sabay,,,,Importer,Tashkent,KOTRA_SNS_2025,화장품/뷰티
330499,PK,Nawab Din internatinal,,,,Importer,Lahore,KOTRA_SNS_2025,화장품/뷰티
330499,CN,Director of Jia pa Trading & Shipping Co.,,,,Importer,Yiwu,KOTRA_SNS_2025,화장품/뷰티
330499,MX,Rockoco Salon,,,,Importer,Nuevo Len,KOTRA_SNS_2025,화장품/뷰티
330499,IQ,Np company,,,,Importer,As Sulaymaniyah,KOTRA_SNS_2025,화장품/뷰티
330499,CN,"Guangzhou, China",,,,Importer,Guangzhou Shi,KOTRA_SNS_2025,화장품/뷰티
330499,LK,Nofa Fancy Marketing,,,,Importer,colombo,KOTRA_SNS_2025,화장품/뷰티
330499,PK,KS TRADER,,,,Importer,Karachi,KOTRA_SNS_2025,화장품/뷰티
330499,EG,future treading import and export company,,,,Importer,Faiyum,KOTRA_SNS_2025,화장품/뷰티
330499,BD,Exports & Imports Business,,,,Importer,Dhaka,KOTRA_SNS_2025,화장품/뷰티
330499,JO,Health boutique,,,,Importer,Amman,KOTRA_SNS_2025,화장품/뷰티
330499,PK,29 Productions,,,,Importer,Islamabad,KOTRA_SNS_2025,화장품/뷰티
330499,BD,Trust Steel Re-Rolling Mils Limited,,,,Importer,Dhaka,KOTRA_SNS_2025,화장품/뷰티
330499,MA,Cooperative spinosa,,,,Importer,Agadir,KOTRA_SNS_2025,화장품/뷰티
330499,BD,Minister Hi-Tech Park,,,,Importer,dhaka,KOTRA_SNS_2025,화장품/뷰티
330499,IQ,"Doctor, Dermatologist",,,,Importer,Sulaimania,KOTRA_SNS_2025,화장품/뷰티
330499,PK,Chaudhry Afzaal and sons,,,,Importer,Gujranwala,KOTRA_SNS_2025,화장품/뷰티
330499,PK,Al Ameen Trading Corporation Private Limited,,,,Importer,Karachi,KOTRA_SNS_2025,화장품/뷰티
330499,JO,J&l beauty,,,,Importer,Amman,KOTRA_SNS_2025,화장품/뷰티
330499,PK,Waaas enterprises,,,,Importer,Mandi Bhauddin Punjab,KOTRA_SNS_2025,화장품/뷰티
330499,BD,PDSL,,,,Importer,Toronto,KOTRA_SNS_2025,화장품/뷰티
330499,DZ,charnel2000 cosmtique,,,,Importer,Alger,KOTRA_SNS_2025,화장품/뷰티
330499,LK,salon niizy,,,,Importer,Colombo,KOTRA_SNS_2025,화장품/뷰티
330499,PE,Calmi blends and more,,,,Importer,Lima,KOTRA_SNS_2025,화장품/뷰티
330499,PH,Jade Container Van Trading,,,,Importer,Makati,KOTRA_SNS_2025,화장품/뷰티
330499,DZ,EURL curavitae,,,,Importer,Bjaa,KOTRA_SNS_2025,화장품/뷰티
330499,PK,Salon,,,,Importer,Lahore,KOTRA_SNS_2025,화장품/뷰티
330499,VN,Uni Young,,,,Importer,Ho Chi Minh City,KOTRA_SNS_2025,화장품/뷰티
330499,IN,Pretty cover,,,,Importer,Delhi,KOTRA_SNS_2025,화장품/뷰티
330499,AE,Zydex,,,,Importer,DUBAI,KOTRA_SNS_2025,화장품/뷰티
330499,DZ,ets djoghlaf  pharmaceutique,,,,Importer,rais Mamadou,KOTRA_SNS_2025,화장품/뷰티
330499,BD,Blue star,,,,Importer,Dhaka,KOTRA_SNS_2025,화장품/뷰티
330499,IN,My Own Business Institute,,,,Importer,Nashik,KOTRA_SNS_2025,화장품/뷰티
330499,IN,Vmt group,,,,Importer,Delhi,KOTRA_SNS_2025,화장품/뷰티
330499,BD,Kamrangir Char Dhaka,,,,Importer,Dhaka,KOTRA_SNS_2025,화장품/뷰티
330499,IN,United laboratories,,,,Importer,Kolkata,KOTRA_SNS_2025,화장품/뷰티
330499,US,Time Group,,,,Importer,dhaka,KOTRA_SNS_2025,화장품/뷰티
330499,BD,CHAMPION FAMILY,,,,Importer,Dhaka,KOTRA_SNS_2025,화장품/뷰티
330499,SA,Kiing abdulaziz specialist Hospital,,,,Importer,Tanta,KOTRA_SNS_2025,화장품/뷰티
330499,AE,Mjs Food Products,,,,Importer,Gujranwala,KOTRA_SNS_2025,화장품/뷰티
330499,IN,The Knotted Shear,,,,Importer,Nagpur,KOTRA_SNS_2025,화장품/뷰티
330499,KR,DRRA,,,,Importer,Dhaka,KOTRA_SNS_2025,화장품/뷰티
330499,BD,Come On Fashion Group,,,,Importer,Dhaka,KOTRA_SNS_2025,화장품/뷰티
330499,PH,Dr. Beaute Wellness And Beauty Center,,,,Importer,Manila,KOTRA_SNS_2025,화장품/뷰티
330499,IN,economic green,,,,Importer,Kolkata,KOTRA_SNS_2025,화장품/뷰티
330499,PE,NUEVO Milenio,,,,Importer,Santiago de Surco,KOTRA_SNS_2025,화장품/뷰티
330499,BD,ARACO Care,,,,Importer,Mirpur Dhaka,KOTRA_SNS_2025,화장품/뷰티
330499,LK,Pharmacygen pvt ltd,,,,Importer,Colombo,KOTRA_SNS_2025,화장품/뷰티
330499,PK,Sharif Law Associates,,,,Importer,Sialkot,KOTRA_SNS_2025,화장품/뷰티
330499,IN,MD/CEO,,,,Importer,ANAND,KOTRA_SNS_2025,화장품/뷰티
330499,IN,SS NUTRACARE,,,,Importer,new delhi,KOTRA_SNS_2025,화장품/뷰티
330499,PK,Maria makeup studio,,,,Importer,Karachi,KOTRA_SNS_2025,화장품/뷰티
330499,JO,Oshea cosmetics,,,,Importer,Amman,KOTRA_SNS_2025,화장품/뷰티
330499,PK,abfskincarecosmetic,,,,Importer,Islamabad,KOTRA_SNS_2025,화장품/뷰티
330499,ES,Ministerio Salud Pblica Misiones,,,,Importer,Posadas,KOTRA_SNS_2025,화장품/뷰티
330499,DZ,Dr en pharamacie,,,,Importer,Algiers,KOTRA_SNS_2025,화장품/뷰티
330499,BD,Tanisha Enterprise,,,,Importer,Dhaka,KOTRA_SNS_2025,화장품/뷰티
330499,EG,Tecno Estetica,,,,Importer,Sharm,KOTRA_SNS_2025,화장품/뷰티
330499,PE,Independiente,,,,Importer,Lima,KOTRA_SNS_2025,화장품/뷰티
330499,MY,belajar sendiri-sendiri yang tahu,,,,Importer,Sandakan,KOTRA_SNS_2025,화장품/뷰티
330499,MA,Brandtech,,,,Importer,Casablanca,KOTRA_SNS_2025,화장품/뷰티
330499,IN,Intern at Anmol Bakers Pvt. Ltd. Noida,,,,Importer,Chandigarh,KOTRA_SNS_2025,화장품/뷰티
330499,MY,Na,,,,Importer,Kuala lumpur,KOTRA_SNS_2025,화장품/뷰티
330499,AE,Smart look cosmetics llc,,,,Importer,Dubai,KOTRA_SNS_2025,화장품/뷰티
330499,BD,Farmasi color cosmetic,,,,Importer,Dhaka,KOTRA_SNS_2025,화장품/뷰티
330499,LK,My care medical supplies Pvt Ltd,,,,Importer,Nittambuwa,KOTRA_SNS_2025,화장품/뷰티
330499,IN,Beyond Life cycle,,,,Importer,Durgapur,KOTRA_SNS_2025,화장품/뷰티
330499,IN,Urja creation,,,,Importer,Surat,KOTRA_SNS_2025,화장품/뷰티
330499,FR,Alyssa,,,,Importer,Roubaix,KOTRA_SNS_2025,화장품/뷰티
330499,LK,Milano Grand Holdings,,,,Importer,Colombo 14,KOTRA_SNS_2025,화장품/뷰티
330499,EG,Tiba Pharma,,,,Importer,alex,KOTRA_SNS_2025,화장품/뷰티
330499,IN,Raina International,,,,Importer,Delhi,KOTRA_SNS_2025,화장품/뷰티
330499,IN,F,,,,Importer,Nasik,KOTRA_SNS_2025,화장품/뷰티
330499,MX,Medplace,,,,Importer,Mexicali,KOTRA_SNS_2025,화장품/뷰티
330499,IN,Chandan juda and sons,,,,Importer,Delhi,KOTRA_SNS_2025,화장품/뷰티
330499,BD,REMAX Bangladesh,,,,Importer,Dhaka,KOTRA_SNS_2025,화장품/뷰티
330499,IN,vicky varun,,,,Importer,Sirsa,KOTRA_SNS_2025,화장품/뷰티
330499,DZ,ferrero-dz,,,,Importer,Bou Sada,KOTRA_SNS_2025,화장품/뷰티
330499,PH,BIGSTEP,,,,Importer,Melbourne,KOTRA_SNS_2025,화장품/뷰티
330499,BD,A T Trade International,,,,Importer,Dhaka,KOTRA_SNS_2025,화장품/뷰티
330499,MA,Mmlek,,,,Importer,Marrakesh,KOTRA_SNS_2025,화장품/뷰티
330499,US,LunaZul,,,,Importer,Republica dominicana,KOTRA_SNS_2025,화장품/뷰티
330499,PK,bussiness man,,,,Importer,Lahore,KOTRA_SNS_2025,화장품/뷰티
330499,BD,"Dhaka, Bangladesh",,,,Importer,Dhaka,KOTRA_SNS_2025,화장품/뷰티
330499,TH,Gloryenterprise,,,,Importer,Bangkok,KOTRA_SNS_2025,화장품/뷰티
330499,US,S. K garment,,,,Importer,Mumbai,KOTRA_SNS_2025,화장품/뷰티
330499,DZ,SILLA TAG,,,,Importer,Rs el Oued,KOTRA_SNS_2025,화장품/뷰티
330499,UZ,Didoss,,,,Importer,Bukhara,KOTRA_SNS_2025,화장품/뷰티
330499,IN,Karebox solutions,,,,Importer,Delhi,KOTRA_SNS_2025,화장품/뷰티
330499,BD,Ali Trade International,,,,Importer,Dhaka,KOTRA_SNS_2025,화장품/뷰티
330499,BD,Himasti Beauty Academy & Kesbac Beauty Patlour,,,,Importer,Chittagong,KOTRA_SNS_2025,화장품/뷰티
330499,MX,Lifi cosmticos,,,,Importer,Mxico,KOTRA_SNS_2025,화장품/뷰티
330499,DO,Supermercado de la estetica rd,,,,Importer,Santo Domingo,KOTRA_SNS_2025,화장품/뷰티
330499,BD,Advisor Anaya Agro Food,,,,Importer,Dhaka,KOTRA_SNS_2025,화장품/뷰티
330499,DZ,Extravagant,,,,Importer,Algeria,KOTRA_SNS_2025,화장품/뷰티
330499,US,Natural world,,,,Importer,Mumbai,KOTRA_SNS_2025,화장품/뷰티
330499,PH,UpChi Corporation,,,,Importer,Antipolo,KOTRA_SNS_2025,화장품/뷰티
330499,PY,Lady Mary,,,,Importer,CIUDAD DEL ESTE,KOTRA_SNS_2025,화장품/뷰티
330499,BR,UM Beauty Concept,,,,Importer,Sapiranga,KOTRA_SNS_2025,화장품/뷰티
330499,ID,Sentosa Bersama,,,,Importer,Manado,KOTRA_SNS_2025,화장품/뷰티
330499,PK,ICONIC,,,,Importer,Karachi,KOTRA_SNS_2025,화장품/뷰티
330499,PL,Mahdi International Co.,,,,Importer,sharjah,KOTRA_SNS_2025,화장품/뷰티
330499,IN,bcl,,,,Importer,Vadodara,KOTRA_SNS_2025,화장품/뷰티
330499,PE,Mundibox,,,,Importer,Lima,KOTRA_SNS_2025,화장품/뷰티
330499,GT,Grupo Danika S.A,,,,Importer,Guatemala City,KOTRA_SNS_2025,화장품/뷰티
330499,DO,Rudava SRL,,,,Importer,Santo Domingo,KOTRA_SNS_2025,화장품/뷰티
330499,PK,Best Future Travel & Tours,,,,Importer,Mandi Bahauddin,KOTRA_SNS_2025,화장품/뷰티
330499,EC,Natigold,,,,Importer,Guayaquil,KOTRA_SNS_2025,화장품/뷰티
330499,MA,Casa Civilisation,,,,Importer,Casablanca,KOTRA_SNS_2025,화장품/뷰티
330499,BD,Dreamstex,,,,Importer,Dhaka,KOTRA_SNS_2025,화장품/뷰티
330499,AE,Botnika Organics,,,,Importer,Dubai,KOTRA_SNS_2025,화장품/뷰티
330499,BD,M/ S Shah Traders & M/S Salsabeel Global,,,,Importer,Dhaka,KOTRA_SNS_2025,화장품/뷰티
330499,NL,Chammy Cosmetics B.V.,,,,Importer,Harmelen,KOTRA_SNS_2025,화장품/뷰티
330499,MA,Hg distribution,,,,Importer,Casablanca,KOTRA_SNS_2025,화장품/뷰티
330499,BD,Index group,,,,Importer,Dhaka,KOTRA_SNS_2025,화장품/뷰티
330499,CO,LA accesorios sas,,,,Importer,Medelln,KOTRA_SNS_2025,화장품/뷰티
330499,SA,Dermatone Est,,,,Importer,Riyadh,KOTRA_SNS_2025,화장품/뷰티
330499,PH,Esensya Organika Health & Body Products,,,,Importer,Cainta,KOTRA_SNS_2025,화장품/뷰티
330499,Sverige,Amazing,,,,Importer,rebro,KOTRA_SNS_2025,화장품/뷰티
330499,PK,Livabodyshop,,,,Importer,Lahore,KOTRA_SNS_2025,화장품/뷰티
330499,PK,Romero de salon,,,,Importer,Karachi,KOTRA_SNS_2025,화장품/뷰티
330499,DZ,Biskra,,,,Importer,Biskra,KOTRA_SNS_2025,화장품/뷰티
330499,EC,Lotus,,,,Importer,Cuenca,KOTRA_SNS_2025,화장품/뷰티
330499,BD,Junior Chamber International Bangladesh,,,,Importer,Dhaka,KOTRA_SNS_2025,화장품/뷰티
330499,BD,Morning Bird Ltd.,,,,Importer,Dhaka,KOTRA_SNS_2025,화장품/뷰티
330499,EG,Makss Trade,,,,Importer,Cairo,KOTRA_SNS_2025,화장품/뷰티
330499,IN,Style master,,,,Importer,Delhi,KOTRA_SNS_2025,화장품/뷰티
330499,EG,Elshrif for Trading,,,,Importer,Alexandria,KOTRA_SNS_2025,화장품/뷰티
330499,KR,kenaf  processing Company Ltd,,,,Importer,Dhaka,KOTRA_SNS_2025,화장품/뷰티
330499,BD,Nine group,,,,Importer,Dhaka,KOTRA_SNS_2025,화장품/뷰티
330499,MA,cosmosaif,,,,Importer,Casablanca,KOTRA_SNS_2025,화장품/뷰티
330499,BD,3S Corporation,,,,Importer,Dhaka,KOTRA_SNS_2025,화장품/뷰티
330499,AE,Aloft Pharm,,,,Importer,Lahore,KOTRA_SNS_2025,화장품/뷰티
330499,PK,Marshmallow Media,,,,Importer,Lahore,KOTRA_SNS_2025,화장품/뷰티
330499,BD,Imroz Beauty & Collection,,,,Importer,Dhaka,KOTRA_SNS_2025,화장품/뷰티
330499,BD,"Time Trading, Bangladesh",,,,Importer,Dhaka,KOTRA_SNS_2025,화장품/뷰티
330499,BD,Bhuiyan Trade Center,,,,Importer,Dhaka,KOTRA_SNS_2025,화장품/뷰티
330499,BD,Mega-tech Engineering & consortium,,,,Importer,dhaka,KOTRA_SNS_2025,화장품/뷰티
330499,PK,Accufix,,,,Importer,Lahore,KOTRA_SNS_2025,화장품/뷰티
330499,IN,Kanya Beauty Care,,,,Importer,Tuticorin,KOTRA_SNS_2025,화장품/뷰티
330499,PK,k50Apparel(lushk),,,,Importer,Lhr,KOTRA_SNS_2025,화장품/뷰티
330499,UZ,Sunny kas_med,,,,Importer,Tashkent,KOTRA_SNS_2025,화장품/뷰티
330499,IN,Zeeverse.shop,,,,Importer,Ahmedabad,KOTRA_SNS_2025,화장품/뷰티
330499,BD,HR Corporation,,,,Importer,Kafrul,KOTRA_SNS_2025,화장품/뷰티
330499,SA,United trade impex,,,,Importer,lahore,KOTRA_SNS_2025,화장품/뷰티
330499,MA,Valiansgoup,,,,Importer,Casablanca,KOTRA_SNS_2025,화장품/뷰티
330499,IN,Goldy Baxi Salon & Academy,,,,Importer,Ahmedabad,KOTRA_SNS_2025,화장품/뷰티
330499,MA,Pharmacie htel wazo,,,,Importer,Marrakech,KOTRA_SNS_2025,화장품/뷰티
330499,IN,Aurangabad,,,,Importer,Aurangabad,KOTRA_SNS_2025,화장품/뷰티
330499,MN,"Дээд Эрл Мэндийн ""Оточ Одь"" эмнэлэг",,,,Importer,Ulaanbaatar,KOTRA_SNS_2025,화장품/뷰티
330499,IN,Business,,,,Importer,Ludhiana,KOTRA_SNS_2025,화장품/뷰티
330499,BD,Honestime International,,,,Importer,Brahmanbaria,KOTRA_SNS_2025,화장품/뷰티
330499,OM,Gulf Power Export and Import,,,,Importer,Muscat,KOTRA_SNS_2025,화장품/뷰티
330499,PK,"Sialkot, Punjab",,,,Importer,Sialkot,KOTRA_SNS_2025,화장품/뷰티
330499,DZ,Sarl Developharma,,,,Importer,Blida,KOTRA_SNS_2025,화장품/뷰티
330499,US,aqbs cneter,,,,Importer,karachi,KOTRA_SNS_2025,화장품/뷰티
330499,LK,Jeewaka phamacy privert limited,,,,Importer,Colombo,KOTRA_SNS_2025,화장품/뷰티
330499,BD,Avelle Cosmetic,,,,Importer,Dhaka,KOTRA_SNS_2025,화장품/뷰티
330499,BD,Rawshan International,,,,Importer,Dhaka,KOTRA_SNS_2025,화장품/뷰티
330499,LK,BN Phama,,,,Importer,kottawa,KOTRA_SNS_2025,화장품/뷰티
330499,UZ,Ташкент,,,,Importer,Tashkent,KOTRA_SNS_2025,화장품/뷰티
330499,BD,nv enterprise,,,,Importer,Dhaka,KOTRA_SNS_2025,화장품/뷰티
330499,IN,Clinic,,,,Importer,Chennai,KOTRA_SNS_2025,화장품/뷰티
330499,BD,Business Owner,,,,Importer,Sylhet Bangladesh,KOTRA_SNS_2025,화장품/뷰티
330499,IN,Four brothers,,,,Importer,Pune,KOTRA_SNS_2025,화장품/뷰티
330499,BD,China Bangladesh Business Club,,,,Importer,Dhaka,KOTRA_SNS_2025,화장품/뷰티
330499,IN,Gopinath fashion,,,,Importer,Surat,KOTRA_SNS_2025,화장품/뷰티
330499,IN,Antal enterprises,,,,Importer,Roorkee,KOTRA_SNS_2025,화장품/뷰티
330499,BD,Bright Global Corporation,,,,Importer,Dhaka,KOTRA_SNS_2025,화장품/뷰티
330499,BD,Islam Trading,,,,Importer,Dhaka,KOTRA_SNS_2025,화장품/뷰티
330499,IN,Friends Tours,,,,Importer,Ahmedabad,KOTRA_SNS_2025,화장품/뷰티
330499,BD,Education One,,,,Importer,Rajshahi,KOTRA_SNS_2025,화장품/뷰티
330499,BD,GoDeshi - Made In Bangladesh,,,,Importer,Dhaka,KOTRA_SNS_2025,화장품/뷰티
330499,BD,Furkan Trade International,,,,Importer,Dhaka,KOTRA_SNS_2025,화장품/뷰티
330499,MX,Stylos MMM,,,,Importer,Mxico,KOTRA_SNS_2025,화장품/뷰티
330499,PK,Master Enterprises,,,,Importer,Karachi,KOTRA_SNS_2025,화장품/뷰티
330499,IN,Showoff,,,,Importer,Palakkad,KOTRA_SNS_2025,화장품/뷰티
330499,VN,Pressensa Vit Nam,,,,Importer,Kharkiv,KOTRA_SNS_2025,화장품/뷰티
330499,PK,Volmax Private Limited,,,,Importer,Karachi,KOTRA_SNS_2025,화장품/뷰티
330499,BD,Global World Ltd,,,,Importer,Dhaka,KOTRA_SNS_2025,화장품/뷰티
330499,PH,Foremosa Skin Care Marketing Company,,,,Importer,Angeles City,KOTRA_SNS_2025,화장품/뷰티
330499,US,PT VALJACK FOOD INDONESIA,,,,Importer,Jakarta,KOTRA_SNS_2025,화장품/뷰티
330499,EG,Nassiftex Trading Est,,,,Importer,EGYPT,KOTRA_SNS_2025,화장품/뷰티
330499,DZ,Sarl First remed,,,,Importer,Algiers,KOTRA_SNS_2025,화장품/뷰티
330499,LK,yenuli holding pvt ltd,,,,Importer,madirigiriya,KOTRA_SNS_2025,화장품/뷰티
330499,EG,BENNIS COMPANY,,,,Importer,Alexandria,KOTRA_SNS_2025,화장품/뷰티
330499,BD,The Hash.BD,,,,Importer,Dhaka,KOTRA_SNS_2025,화장품/뷰티
330499,PK,Peshawar Hair Transplant,,,,Importer,Peshawar,KOTRA_SNS_2025,화장품/뷰티
330499,GT,Nova skin,,,,Importer,Guatemala,KOTRA_SNS_2025,화장품/뷰티
330499,UZ,Trend_Nukus,,,,Importer,Nukus,KOTRA_SNS_2025,화장품/뷰티
330499,EG,red sea,,,,Importer,Alexandria,KOTRA_SNS_2025,화장품/뷰티
330499,DZ,szrl vital bros,,,,Importer,Douar el Harrch,KOTRA_SNS_2025,화장품/뷰티
330499,AE,Kglow.me,,,,Importer,DUBAI,KOTRA_SNS_2025,화장품/뷰티
330499,UZ,77nailstr,,,,Importer,Patra,KOTRA_SNS_2025,화장품/뷰티
330499,PK,Amerada INT'L,,,,Importer,Sialkot cantt,KOTRA_SNS_2025,화장품/뷰티
330499,PK,Myself,,,,Importer,Sukkur,KOTRA_SNS_2025,화장품/뷰티
330499,BD,MAHS International Limited,,,,Importer,Dhaka,KOTRA_SNS_2025,화장품/뷰티
330499,BD,M.S.international,,,,Importer,Dhaka,KOTRA_SNS_2025,화장품/뷰티
330499,IN,Bombay EXPORT CO,,,,Importer,Bhopal,KOTRA_SNS_2025,화장품/뷰티
330499,KR,Qurma Sports,,,,Importer,Sialkot,KOTRA_SNS_2025,화장품/뷰티
330499,PH,Kiyyo,,,,Importer,Manila,KOTRA_SNS_2025,화장품/뷰티
330499,PK,Irfan nazir associates,,,,Importer,Islamabad,KOTRA_SNS_2025,화장품/뷰티
330499,PK,H,,,,Importer,Sialkot,KOTRA_SNS_2025,화장품/뷰티
330499,BD,Medico Distribution Ltd,,,,Importer,Dhaka,KOTRA_SNS_2025,화장품/뷰티
330499,BD,Best power Electric & Electronics co,,,,Importer,Dhaka,KOTRA_SNS_2025,화장품/뷰티
330499,PK,Faizan Treads International,,,,Importer,Lahore,KOTRA_SNS_2025,화장품/뷰티
330499,PK,jds cosmeticd,,,,Importer,Gujranwala,KOTRA_SNS_2025,화장품/뷰티
330499,ID,AYANA Komodo Resort Waecicu Beach,,,,Importer,Labuanbajo,KOTRA_SNS_2025,화장품/뷰티
330499,DZ,Cesar,,,,Importer,Algiers,KOTRA_SNS_2025,화장품/뷰티
330499,DZ,Pharmex,,,,Importer,oran,KOTRA_SNS_2025,화장품/뷰티
330499,PK,Orah Aesthetics,,,,Importer,Karachi,KOTRA_SNS_2025,화장품/뷰티
330499,IN,Shine Beauty Hub page,,,,Importer,Ahmedabad,KOTRA_SNS_2025,화장품/뷰티
330499,IN,Jogi Enterprise,,,,Importer,Ahmedabad,KOTRA_SNS_2025,화장품/뷰티
330499,IN,Complete cosmetic care,,,,Importer,Chennai,KOTRA_SNS_2025,화장품/뷰티
330499,BD,ASG International Trading,,,,Importer,Dhaka,KOTRA_SNS_2025,화장품/뷰티
330499,BD,Bengal Trade  international,,,,Importer,DHAKA,KOTRA_SNS_2025,화장품/뷰티
330499,BD,alfalah International,,,,Importer,Dhaka,KOTRA_SNS_2025,화장품/뷰티
330499,PK,Town Ship Lahore,,,,Importer,Lahore,KOTRA_SNS_2025,화장품/뷰티
330499,IN,Espoir professional,,,,Importer,Rajkot,KOTRA_SNS_2025,화장품/뷰티
330499,VN,Bewon,,,,Importer,Hanoi,KOTRA_SNS_2025,화장품/뷰티
330499,BD,"Eastern Medical College,Comilla",,,,Importer,Cumilla,KOTRA_SNS_2025,화장품/뷰티
330499,IN,Manali Creations,,,,Importer,Mumbai,KOTRA_SNS_2025,화장품/뷰티
330499,IN,Kayvee skin&hair aesthetic clinic,,,,Importer,Chennai,KOTRA_SNS_2025,화장품/뷰티
330499,IN,RR LIFESTYLES,,,,Importer,Bangalore,KOTRA_SNS_2025,화장품/뷰티
330499,BD,Beautysiaa Ltd.,,,,Importer,Dhaka,KOTRA_SNS_2025,화장품/뷰티
330499,IN,Mina beauty clinics,,,,Importer,Kakinada,KOTRA_SNS_2025,화장품/뷰티
330499,PK,Ahmad Marketing and distribution network,,,,Importer,sahiwal,KOTRA_SNS_2025,화장품/뷰티
330499,PK,Alpha invention,,,,Importer,Lahore,KOTRA_SNS_2025,화장품/뷰티
330499,PK,Rawalpindi chemicals,,,,Importer,Rawalpindi,KOTRA_SNS_2025,화장품/뷰티
330499,IN,Dr rammanohar lohiya arogya jeevan sasthan,,,,Importer,Hyderabad,KOTRA_SNS_2025,화장품/뷰티
330499,OM,Xpress Business,,,,Importer,Muscat,KOTRA_SNS_2025,화장품/뷰티
330499,IN,Minimalist,,,,Importer,Delhi,KOTRA_SNS_2025,화장품/뷰티
330499,KR,BD Online Korean Cosmetic SHOP,,,,Importer,Seoul,KOTRA_SNS_2025,화장품/뷰티
330499,BD,My Own Business Institute,,,,Importer,Dhaka,KOTRA_SNS_2025,화장품/뷰티
330499,US,Clean shure,,,,Importer,Lahore,KOTRA_SNS_2025,화장품/뷰티
330499,AR,STRONG Nation,,,,Importer,santa fe,KOTRA_SNS_2025,화장품/뷰티
330499,IN,AAP Politic views,,,,Importer,Lucknow,KOTRA_SNS_2025,화장품/뷰티
330499,VN,Vimaccos Vit Nam,,,,Importer,h ni,KOTRA_SNS_2025,화장품/뷰티
330499,ID,Abiira The Beauty Bar,,,,Importer,Jakarta,KOTRA_SNS_2025,화장품/뷰티
330499,SZ,S.A INTERNATIONAL (PTY)LTD,,,,Importer,manzini,KOTRA_SNS_2025,화장품/뷰티
330499,PH,Mary and anna wellness spa,,,,Importer,Caloocan,KOTRA_SNS_2025,화장품/뷰티
330499,PK,center model school,,,,Importer,Lahore,KOTRA_SNS_2025,화장품/뷰티
330499,PK,Hussain terdars,,,,Importer,swat,KOTRA_SNS_2025,화장품/뷰티
330499,PH,Lovemyskin beauty clinic,,,,Importer,Malolos,KOTRA_SNS_2025,화장품/뷰티
330499,EG,2artfairs,,,,Importer,Cairo,KOTRA_SNS_2025,화장품/뷰티
330499,EC,Ambar,,,,Importer,Cuenca,KOTRA_SNS_2025,화장품/뷰티
330499,AE,project Management,,,,Importer,dubai,KOTRA_SNS_2025,화장품/뷰티
330499,PH,zneralc enterprise,,,,Importer,Makati,KOTRA_SNS_2025,화장품/뷰티
330499,MA,OZNATIC,,,,Importer,Casa,KOTRA_SNS_2025,화장품/뷰티
330499,IN,Dr wadhwani trust,,,,Importer,Udaipur,KOTRA_SNS_2025,화장품/뷰티
330499,US,Clubdane unisex salon,,,,Importer,Malappuram,KOTRA_SNS_2025,화장품/뷰티
330499,PK,Imran asosiate,,,,Importer,Rawalpindi,KOTRA_SNS_2025,화장품/뷰티
330499,PK,Employee self-service,,,,Importer,Peshawar,KOTRA_SNS_2025,화장품/뷰티
330499,PK,amna'z collection,,,,Importer,lahore,KOTRA_SNS_2025,화장품/뷰티
330499,PK,Papa kids Traders,,,,Importer,Lahore,KOTRA_SNS_2025,화장품/뷰티
330499,IN,Nayabizness,,,,Importer,Pune,KOTRA_SNS_2025,화장품/뷰티
330499,PK,Afshi Traders Rwp,,,,Importer,Rawalpindi,KOTRA_SNS_2025,화장품/뷰티
330499,PK,nailinstrument,,,,Importer,Sialkot,KOTRA_SNS_2025,화장품/뷰티
330499,JO,STC ME,,,,Importer,Amman,KOTRA_SNS_2025,화장품/뷰티
330499,PK,blueEX logistics,,,,Importer,Karachi,KOTRA_SNS_2025,화장품/뷰티
330499,MA,Kiral,,,,Importer,Bouskoura,KOTRA_SNS_2025,화장품/뷰티
330499,DZ,Facebook,,,,Importer,Stif,KOTRA_SNS_2025,화장품/뷰티
330499,PK,Data Ropes,,,,Importer,Lahore,KOTRA_SNS_2025,화장품/뷰티
330499,DZ,health,,,,Importer,Stif,KOTRA_SNS_2025,화장품/뷰티
330499,IN,Great Krishna International PVT LTD,,,,Importer,shimla,KOTRA_SNS_2025,화장품/뷰티
330499,MA,Parapharmacid,,,,Importer,Fes,KOTRA_SNS_2025,화장품/뷰티
330499,US,al harmain,,,,Importer,safdar abad,KOTRA_SNS_2025,화장품/뷰티
330499,TR,Pak Montenegro food company doo,,,,Importer,Istanbul,KOTRA_SNS_2025,화장품/뷰티
330499,IN,Mantra Herbal (a unit of Baidyanath),,,,Importer,New Delhi,KOTRA_SNS_2025,화장품/뷰티
330499,IN,Therapy,,,,Importer,Hyderabad,KOTRA_SNS_2025,화장품/뷰티
330499,IN,Calcutta School of Tropical Medicine,,,,Importer,Kolkata,KOTRA_SNS_2025,화장품/뷰티
330499,IN,"Mumbai, Maharashtra",,,,Importer,Mumbai,KOTRA_SNS_2025,화장품/뷰티
330499,DZ,Amazon.com,,,,Importer,Tlemsen,KOTRA_SNS_2025,화장품/뷰티
330499,DZ,Sandrous cosmetie,,,,Importer,Algiers,KOTRA_SNS_2025,화장품/뷰티
330499,PK,Silk Skin,,,,Importer,Rawalpindi,KOTRA_SNS_2025,화장품/뷰티
330499,LK,DENS & BAAKO INTERNATIONAL PVT LTD,,,,Importer,Kaluthara (South) Sri Lanka,KOTRA_SNS_2025,화장품/뷰티
330499,IN,Heaven bridal studio,,,,Importer,Other,KOTRA_SNS_2025,화장품/뷰티
330499,PK,Cosvt Healthcare,,,,Importer,Lahore,KOTRA_SNS_2025,화장품/뷰티
330499,JO,Byala,,,,Importer,Amman,KOTRA_SNS_2025,화장품/뷰티
330499,LK,Roo neeroga,,,,Importer,Marawila,KOTRA_SNS_2025,화장품/뷰티
330499,PK,shellay,,,,Importer,Waqar Iftikhar,KOTRA_SNS_2025,화장품/뷰티
330499,AZ,RI,,,,Importer,"Azerbaycan,Baki",KOTRA_SNS_2025,화장품/뷰티
330499,IN,IDBI BANK,,,,Importer,Ludhiana,KOTRA_SNS_2025,화장품/뷰티
330499,PK,Cybernated Sol Limited,,,,Importer,Gujrat,KOTRA_SNS_2025,화장품/뷰티
330499,JO,Private,,,,Importer,Amman,KOTRA_SNS_2025,화장품/뷰티
330499,PK,afgo international,,,,Importer,Lahore,KOTRA_SNS_2025,화장품/뷰티
330499,DZ,Sarl meddouri,,,,Importer,algiers,KOTRA_SNS_2025,화장품/뷰티
330499,PK,My Travel,,,,Importer,BUNER KPK,KOTRA_SNS_2025,화장품/뷰티
330499,MN,Enna clinic,,,,Importer,Ulaanbaatar,KOTRA_SNS_2025,화장품/뷰티
330499,PH,Sunday Essentials,,,,Importer,Bacoor,KOTRA_SNS_2025,화장품/뷰티
330499,IN,Shayona makeup,,,,Importer,Gandhinadham,KOTRA_SNS_2025,화장품/뷰티
330499,PK,Urapra Skincare,,,,Importer,Faisalabad,KOTRA_SNS_2025,화장품/뷰티
330499,PK,Simon surgical,,,,Importer,Jhelum,KOTRA_SNS_2025,화장품/뷰티
330499,EG,United group cosmatics,,,,Importer,Mansourah,KOTRA_SNS_2025,화장품/뷰티
330499,QA,Ttp,,,,Importer,Qatar,KOTRA_SNS_2025,화장품/뷰티
330499,CO,D y L Distribuciones S.A.S,,,,Importer,Bogota,KOTRA_SNS_2025,화장품/뷰티
330499,PK,mujahid medical center,,,,Importer,muridke,KOTRA_SNS_2025,화장품/뷰티
330499,PK,Punjab medicine traders,,,,Importer,Rawalpindi,KOTRA_SNS_2025,화장품/뷰티
330499,DZ,19600,,,,Importer,El Eulma,KOTRA_SNS_2025,화장품/뷰티
330499,IN,Sky Packing Material Trd: LLC,,,,Importer,Chennai,KOTRA_SNS_2025,화장품/뷰티
330499,PK,sg pvt,,,,Importer,Multan,KOTRA_SNS_2025,화장품/뷰티
330499,UE,Beautyholics,,,,Importer,Dubai,KOTRA_SNS_2025,화장품/뷰티
330499,CA,Trschem,,,,Importer,Toronto,KOTRA_SNS_2025,화장품/뷰티
330499,LK,Lycon Lanka,,,,Importer,Colombo,KOTRA_SNS_2025,화장품/뷰티
330499,PK,Goryco production,,,,Importer,Vancouver,KOTRA_SNS_2025,화장품/뷰티
330499,IN,Kishori cosmetologist,,,,Importer,Pune,KOTRA_SNS_2025,화장품/뷰티
330499,PK,Bank Alfalah,,,,Importer,Karachi,KOTRA_SNS_2025,화장품/뷰티
330499,ID,Nerisa Clinic,,,,Importer,Denpasar,KOTRA_SNS_2025,화장품/뷰티
330499,ID,PT. Diterapi Sehat Indonesia,,,,Importer,Tangerang,KOTRA_SNS_2025,화장품/뷰티
330499,FR,Hairsecret,,,,Importer,Casablanca,KOTRA_SNS_2025,화장품/뷰티
330499,PK,myself shop centre,,,,Importer,Swat,KOTRA_SNS_2025,화장품/뷰티
330499,PK,Global Health & Beauty,,,,Importer,Bahawalpur,KOTRA_SNS_2025,화장품/뷰티
330499,PK,Reliance traders,,,,Importer,Lahore,KOTRA_SNS_2025,화장품/뷰티
330499,MA,Luluskin centre,,,,Importer,Ttouan,KOTRA_SNS_2025,화장품/뷰티
330499,US,j&h,,,,Importer,Santa fe,KOTRA_SNS_2025,화장품/뷰티
330499,PK,"Peshawar, Pakistan",,,,Importer,Peshawer,KOTRA_SNS_2025,화장품/뷰티
330499,US,Pakheim Pharma,,,,Importer,Lahore,KOTRA_SNS_2025,화장품/뷰티
330499,AE,global consultant,,,,Importer,Lahore,KOTRA_SNS_2025,화장품/뷰티
330499,PK,Bismillah shopping mart,,,,Importer,Multan,KOTRA_SNS_2025,화장품/뷰티
330499,CO,Distribeaute,,,,Importer,Bogota,KOTRA_SNS_2025,화장품/뷰티
330499,LK,Liya Bridel,,,,Importer,Colombo,KOTRA_SNS_2025,화장품/뷰티
330499,PK,Medilife,,,,Importer,Karachi,KOTRA_SNS_2025,화장품/뷰티
330499,PK,XENOIR Private Ltd.,,,,Importer,Lahore,KOTRA_SNS_2025,화장품/뷰티
330499,IN,Ara Ventura Associates,,,,Importer,Madurai,KOTRA_SNS_2025,화장품/뷰티
330499,DZ,beauty max,,,,Importer,constantine,KOTRA_SNS_2025,화장품/뷰티
330499,PK,Unilever Pakistan,,,,Importer,islamabad,KOTRA_SNS_2025,화장품/뷰티
330499,PK,Dr Yasir skin care,,,,Importer,Swat,KOTRA_SNS_2025,화장품/뷰티
330499,IN,vox fun,,,,Importer,burdwan,KOTRA_SNS_2025,화장품/뷰티
330499,US,Ahmed travel and tours company private LTD,,,,Importer,Kandy madawala,KOTRA_SNS_2025,화장품/뷰티
330499,PK,www.cabbot.com.pk,,,,Importer,Rawalpindi,KOTRA_SNS_2025,화장품/뷰티
330499,PK,Medilife clinics,,,,Importer,Karachi,KOTRA_SNS_2025,화장품/뷰티
330499,PK,Funny world theatre,,,,Importer,Lahore,KOTRA_SNS_2025,화장품/뷰티
330499,IN,Twinkle beauty,,,,Importer,Mumbai,KOTRA_SNS_2025,화장품/뷰티
330499,FR,Essence du dsert,,,,Importer,Paris,KOTRA_SNS_2025,화장품/뷰티
330499,PK,ABCD,,,,Importer,oghi mansehra,KOTRA_SNS_2025,화장품/뷰티
330499,EC,LATAM Ecuador,,,,Importer,Guayaquil,KOTRA_SNS_2025,화장품/뷰티
330499,PK,TOYOTA プレゼンツ FIFA クラブワルドカップ ジャパン 2011（RE-KICKOFF JAPAN）,,,,Importer,Lahore,KOTRA_SNS_2025,화장품/뷰티
330499,LK,troja international manegman&consultant services pvt limited,,,,Importer,Biyagama,KOTRA_SNS_2025,화장품/뷰티
330499,PK,Fatyma Associates- Pakistan,,,,Importer,Lahore,KOTRA_SNS_2025,화장품/뷰티
330499,US,jannat traders,,,,Importer,Gujranwala,KOTRA_SNS_2025,화장품/뷰티
330499,PK,salman Enterprises,,,,Importer,Mardan,KOTRA_SNS_2025,화장품/뷰티
330499,IN,Artist anuradha gupta,,,,Importer,Kanpur,KOTRA_SNS_2025,화장품/뷰티
330499,LK,Bullion Gems Tec,,,,Importer,Kalutara South,KOTRA_SNS_2025,화장품/뷰티
330499,PK,Eye Bank,,,,Importer,Karachi,KOTRA_SNS_2025,화장품/뷰티
330499,PK,Mashoor premium organics,,,,Importer,Lahore,KOTRA_SNS_2025,화장품/뷰티
330499,GB,Nations Trust Holding London (Pvt) Ltd,,,,Importer,Colombo,KOTRA_SNS_2025,화장품/뷰티
330499,PK,Daffodil Beauty Hair & Skin Care,,,,Importer,Lahore,KOTRA_SNS_2025,화장품/뷰티
330499,IN,BABA GLOBAL INDUSTRIES,,,,Importer,Delhi,KOTRA_SNS_2025,화장품/뷰티
330499,LK,Ceyko International Pvt Ltd,,,,Importer,Bandaragama,KOTRA_SNS_2025,화장품/뷰티
330499,PK,M.Amin & company,,,,Importer,Gujranwala,KOTRA_SNS_2025,화장품/뷰티
330499,PK,Ministry of Health,,,,Importer,Peshwar,KOTRA_SNS_2025,화장품/뷰티
330499,IN,Gve pvt ltd,,,,Importer,Mohali,KOTRA_SNS_2025,화장품/뷰티
330499,PK,Shaper pvt(ltd).,,,,Importer,Karachi,KOTRA_SNS_2025,화장품/뷰티
330499,PK,Derma studio,,,,Importer,Lahore,KOTRA_SNS_2025,화장품/뷰티
330499,IN,Curaskin solutions pvt ltd,,,,Importer,TamilNadu chennai,KOTRA_SNS_2025,화장품/뷰티
330499,LK,Salon La Vish,,,,Importer,Colombo,KOTRA_SNS_2025,화장품/뷰티
330499,PK,Qureshi Group,,,,Importer,Karachi,KOTRA_SNS_2025,화장품/뷰티
330499,PE,Camara de comercio y produccin de la provincia de Huaura,,,,Importer,San Isidro District,KOTRA_SNS_2025,화장품/뷰티
330499,MA,SODIMCA PHARMA,,,,Importer,Inezgane,KOTRA_SNS_2025,화장품/뷰티
330499,DO,Comeico srl,,,,Importer,Santo Domingo,KOTRA_SNS_2025,화장품/뷰티
330499,AZ,Nur collaction,,,,Importer,Baku,KOTRA_SNS_2025,화장품/뷰티
330499,KH,Owner pharmacy 33,,,,Importer,Phnom Penh,KOTRA_SNS_2025,화장품/뷰티
330499,IN,Kialy consultant,,,,Importer,Delhi,KOTRA_SNS_2025,화장품/뷰티
330499,LK,Sanoki Enterprises,,,,Importer,Colombo,KOTRA_SNS_2025,화장품/뷰티
330499,PK,PML(N),,,,Importer,Faisalabad punjab,KOTRA_SNS_2025,화장품/뷰티
330499,IN,Bayssil cosmic private limited,,,,Importer,Surat,KOTRA_SNS_2025,화장품/뷰티
330499,PK,SOHAIB SHOUKAAT Corporation,,,,Importer,Faisalabad,KOTRA_SNS_2025,화장품/뷰티
330499,BR,Gram import export,,,,Importer,Manaus,KOTRA_SNS_2025,화장품/뷰티
330499,PK,AKBAR TRADERS,,,,Importer,Khwazakhela Swat,KOTRA_SNS_2025,화장품/뷰티
330499,PK,SAUDIA AIRLINES,,,,Importer,Karachi,KOTRA_SNS_2025,화장품/뷰티
330499,MA,2.13E+11,,,,Importer,Agadir,KOTRA_SNS_2025,화장품/뷰티
330499,IN,Esthetique Le Divine Skin hair Laser clinic,,,,Importer,Mumbai,KOTRA_SNS_2025,화장품/뷰티
330499,PH,mencar agri trade,,,,Importer,Cebu City,KOTRA_SNS_2025,화장품/뷰티
330499,PK,Al Ghurair Giga,,,,Importer,Islamabad,KOTRA_SNS_2025,화장품/뷰티
330499,LK,Oprin international Pvt ltd,,,,Importer,Pelmadulla,KOTRA_SNS_2025,화장품/뷰티
330499,IN,gaanagam,,,,Importer,Tiruchirappalli,KOTRA_SNS_2025,화장품/뷰티
330499,IN,power india,,,,Importer,new delhi,KOTRA_SNS_2025,화장품/뷰티
330499,PK,World Trade Developers Inc,,,,Importer,Toronto,KOTRA_SNS_2025,화장품/뷰티
330499,UZ,Angelskin,,,,Importer,Karshi,KOTRA_SNS_2025,화장품/뷰티
330499,LK,Sabith&co international pvt Ltd,,,,Importer,Kalmunai,KOTRA_SNS_2025,화장품/뷰티
330499,IN,,,,,Importer,Ahmedabad,KOTRA_SNS_2025,화장품/뷰티
330499,IN,Tahanaturals,,,,Importer,Anantapur Andhra Pradesh,KOTRA_SNS_2025,화장품/뷰티
330499,MA,Cosmetic sabhi,,,,Importer,Casablanca,KOTRA_SNS_2025,화장품/뷰티
330499,PK,Siemens,,,,Importer,Lahore,KOTRA_SNS_2025,화장품/뷰티
330499,PK,industrial organisation,,,,Importer,Islamabad,KOTRA_SNS_2025,화장품/뷰티
330499,IN,Moh,,,,Importer,Gzb or ludhiana,KOTRA_SNS_2025,화장품/뷰티
330499,US,Razaq sons,,,,Importer,Lahore,KOTRA_SNS_2025,화장품/뷰티
330499,PK,Nutrishine PVT ltd,,,,Importer,Islamabad,KOTRA_SNS_2025,화장품/뷰티
330499,AZ,Oba market,,,,Importer,Baku,KOTRA_SNS_2025,화장품/뷰티
330499,CO,dermaone,,,,Importer,ipiales,KOTRA_SNS_2025,화장품/뷰티
330499,IN,Pink Bliss,,,,Importer,Pune,KOTRA_SNS_2025,화장품/뷰티
330499,DZ,Grant de socit,,,,Importer,Algiers,KOTRA_SNS_2025,화장품/뷰티
330499,IN,AU Associatess,,,,Importer,New Delhi,KOTRA_SNS_2025,화장품/뷰티
330499,IN,Yustar,,,,Importer,Hyderabad,KOTRA_SNS_2025,화장품/뷰티
330499,MA,Coiffure et Esthtique Shop,,,,Importer,Casablanca,KOTRA_SNS_2025,화장품/뷰티
330499,PK,Sky Packing Material Trd: LLC,,,,Importer,Swat,KOTRA_SNS_2025,화장품/뷰티
330499,EC,Baransu,,,,Importer,Quito,KOTRA_SNS_2025,화장품/뷰티
330499,LK,A3N Group PVT LTD,,,,Importer,Colombo,KOTRA_SNS_2025,화장품/뷰티
330499,LK,Ayush  Longevity Pvt Ltd,,,,Importer,Colombo,KOTRA_SNS_2025,화장품/뷰티
330499,IN,Kaushal kumar,,,,Importer,Delhi,KOTRA_SNS_2025,화장품/뷰티
330499,PK,Nautikn,,,,Importer,Karachi,KOTRA_SNS_2025,화장품/뷰티
330499,PK,Hoor Jewellery House,,,,Importer,Peshawar,KOTRA_SNS_2025,화장품/뷰티
330499,PH,"LE Mieux Manufacturing and Consultants, Inc.",,,,Importer,Quezon City,KOTRA_SNS_2025,화장품/뷰티
330499,PK,...,,,,Importer,Islamabad,KOTRA_SNS_2025,화장품/뷰티
330499,LK,HIVI Suppliers,,,,Importer,Uhana,KOTRA_SNS_2025,화장품/뷰티
330499,US,sarfraz cosmetics,,,,Importer,Mandi Bahau ddin,KOTRA_SNS_2025,화장품/뷰티
330499,LK,Chemlanka Trading Pvt Ltd,,,,Importer,Colombo,KOTRA_SNS_2025,화장품/뷰티
330499,PK,Teachers of Punjab College,,,,Importer,Lahore,KOTRA_SNS_2025,화장품/뷰티
330499,PK,MashAllah interprizer,,,,Importer,faisalabad,KOTRA_SNS_2025,화장품/뷰티
330499,PH,Windfreight Express Total Logistics Inc.,,,,Importer,Paraaque,KOTRA_SNS_2025,화장품/뷰티
330499,LK,synergy  life  Solutions,,,,Importer,SriLanka,KOTRA_SNS_2025,화장품/뷰티
330499,IN,Generis aesthetics pvt ltd,,,,Importer,Kharar,KOTRA_SNS_2025,화장품/뷰티
330499,JO,Phinix clinic,,,,Importer,Amman,KOTRA_SNS_2025,화장품/뷰티
330499,IN,KD GROUP,,,,Importer,Surat,KOTRA_SNS_2025,화장품/뷰티
330499,PH,RMC,,,,Importer,Las Pias,KOTRA_SNS_2025,화장품/뷰티
330499,IN,The Beautyroom,,,,Importer,"Vadodra,gujarat",KOTRA_SNS_2025,화장품/뷰티
330499,PK,Cosmothetics,,,,Importer,Lahore,KOTRA_SNS_2025,화장품/뷰티
330499,MA,Promote and sell,,,,Importer,Rabat,KOTRA_SNS_2025,화장품/뷰티
330499,PK,calur flow,,,,Importer,Karachi,KOTRA_SNS_2025,화장품/뷰티
330499,LK,The Finance Company PLC,,,,Importer,gampaha,KOTRA_SNS_2025,화장품/뷰티
330499,PK,own business,,,,Importer,multan,KOTRA_SNS_2025,화장품/뷰티
330499,PK,businessman,,,,Importer,Lahore,KOTRA_SNS_2025,화장품/뷰티
330499,AE,Health Magazine,,,,Importer,Dubai,KOTRA_SNS_2025,화장품/뷰티
330499,LK,vish Holdings,,,,Importer,Colombo,KOTRA_SNS_2025,화장품/뷰티
330499,IN,Owner of Ayurbella Clinic,,,,Importer,Mumbai,KOTRA_SNS_2025,화장품/뷰티
330499,PK,dermsol,,,,Importer,Multan,KOTRA_SNS_2025,화장품/뷰티
330499,PK,aspire pharma,,,,Importer,Sialkot,KOTRA_SNS_2025,화장품/뷰티
330499,IN,PROCARE 4 ALL,,,,Importer,chennai,KOTRA_SNS_2025,화장품/뷰티
330499,PK,Cossmedics Laboratories,,,,Importer,Lahore,KOTRA_SNS_2025,화장품/뷰티
330499,TR,Naz gemstone,,,,Importer,dubia,KOTRA_SNS_2025,화장품/뷰티
330499,OM,D’vogue,,,,Importer,Oman,KOTRA_SNS_2025,화장품/뷰티
330499,IN,Wise business,,,,Importer,Gurgaon,KOTRA_SNS_2025,화장품/뷰티
330499,IN,hpc pvt ltd,,,,Importer,lucknow,KOTRA_SNS_2025,화장품/뷰티
330499,US,khodja prix choc,,,,Importer,blida,KOTRA_SNS_2025,화장품/뷰티
330499,PK,rehmat marketing,,,,Importer,Chaman,KOTRA_SNS_2025,화장품/뷰티
330499,US,FURQAN TOURS & TRAVELS,,,,Importer,chennai,KOTRA_SNS_2025,화장품/뷰티
330499,PH,JCOna Luxury Items and Bloomings Cosmetics,,,,Importer,Quezon,KOTRA_SNS_2025,화장품/뷰티
330499,PK,Hassan Enterprises,,,,Importer,Gujranwala,KOTRA_SNS_2025,화장품/뷰티
330499,DZ,zentrum,,,,Importer,Annaba,KOTRA_SNS_2025,화장품/뷰티
330499,IN,Rightbrain Creations Pvt Ltd,,,,Importer,Udaipur,KOTRA_SNS_2025,화장품/뷰티
330499,LK,Landmark group middle East,,,,Importer,Biyagama,KOTRA_SNS_2025,화장품/뷰티
330499,PK,Lifetech Experts,,,,Importer,Faisalabad,KOTRA_SNS_2025,화장품/뷰티
330499,CH,Mk,,,,Importer,Al Kadhimain,KOTRA_SNS_2025,화장품/뷰티
330499,IN,BHARDWAJ MEDICOS  AND ELECTRICAL,,,,Importer,Amritsar,KOTRA_SNS_2025,화장품/뷰티
330499,PK,PrintGuru,,,,Importer,Faisalabad,KOTRA_SNS_2025,화장품/뷰티
330499,PH,SPARTAN BTY INC.,,,,Importer,San Mateo Rizal,KOTRA_SNS_2025,화장품/뷰티
330499,PK,Construction Solutions Company,,,,Importer,faisalabad,KOTRA_SNS_2025,화장품/뷰티
330499,PH,Beauty And Wellness,,,,Importer,La Trinidad,KOTRA_SNS_2025,화장품/뷰티
330499,IN,Tanvi International LLC,,,,Importer,Mumbai,KOTRA_SNS_2025,화장품/뷰티
330499,JP,MIK,,,,Importer,TOKYO,KOTRA_SNS_2025,화장품/뷰티
330499,SV,Grupo Galvez SA de CV(Coloretes),,,,Importer,San Salvador,KOTRA_SNS_2025,화장품/뷰티
330499,HK,Diolite,,,,Importer,Hong Kong,KOTRA_SNS_2025,화장품/뷰티
330499,GH,Swanky beauty supply,,,,Importer,Accra,KOTRA_SNS_2025,화장품/뷰티
330499,FT,MC BEAUTY,,,,Importer,Toulouse,KOTRA_SNS_2025,화장품/뷰티
330499,TZ,Scripture Union,,,,Importer,Dar es Salaam,KOTRA_SNS_2025,화장품/뷰티
330499,KE,"Nairobi, Kenya",,,,Importer,Nairobi,KOTRA_SNS_2025,화장품/뷰티
330499,NG,Aromatic gallery,,,,Importer,Abuja,KOTRA_SNS_2025,화장품/뷰티
330499,TZ,Cherry korean beauty products,,,,Importer,Dar es salaam,KOTRA_SNS_2025,화장품/뷰티
330499,ZA,Ara. &,,,,Importer,Durban,KOTRA_SNS_2025,화장품/뷰티
330499,TN,KOREAN GODD,,,,Importer,Ariana,KOTRA_SNS_2025,화장품/뷰티
330499,KZ,FamStore,,,,Importer,Almaty,KOTRA_SNS_2025,화장품/뷰티
330499,UZ,Becko,,,,Importer,Tashkent,KOTRA_SNS_2025,화장품/뷰티
330499,AZ,merleen boutigue,,,,Importer,Baku,KOTRA_SNS_2025,화장품/뷰티
330499,AZ,Mssis,,,,Importer,Baku,KOTRA_SNS_2025,화장품/뷰티
330499,ID,NPS (part of WINGS group),,,,Importer,Jakarta,KOTRA_SNS_2025,화장품/뷰티
330499,PH,Skinline Aesthetic and Wellness Spa,,,,Importer,Guiguinto,KOTRA_SNS_2025,화장품/뷰티
330499,PH,Belo Medical Group Philippines,,,,Importer,Pasig,KOTRA_SNS_2025,화장품/뷰티
330499,PH,icc marketing,,,,Importer,tagum city,KOTRA_SNS_2025,화장품/뷰티
330499,PH,Lucky 888 Healthy Kitchen Inc.,,,,Importer,Pasig,KOTRA_SNS_2025,화장품/뷰티
330499,ID,Sea Salt Bae,,,,Importer,Jakarta,KOTRA_SNS_2025,화장품/뷰티
330499,IN,Uzviecostore,,,,Importer,Malegaon,KOTRA_SNS_2025,화장품/뷰티
330499,PK,GP GROUP OF Companies pvt Ltd,,,,Importer,multan,KOTRA_SNS_2025,화장품/뷰티
330499,IN,Healthkit Pharmacy,,,,Importer,Hyderabad,KOTRA_SNS_2025,화장품/뷰티
330499,BD,MIRROR N GIRLS,,,,Importer,Dhaka,KOTRA_SNS_2025,화장품/뷰티
330499,PK,Ahmad Marketing and distribution Network,,,,Importer,Lahore,KOTRA_SNS_2025,화장품/뷰티
330499,IN,Business,,,,Importer,Ahmedabad,KOTRA_SNS_2025,화장품/뷰티
330499,IN,Radikem biotech,,,,Importer,Bangalore,KOTRA_SNS_2025,화장품/뷰티
330499,IN,Shree Sarweshwar Ayurvedshala,,,,Importer,Harda,KOTRA_SNS_2025,화장품/뷰티
330499,IN,United laboratories,,,,Importer,Kolkata,KOTRA_SNS_2025,화장품/뷰티
330499,PK,Zainab trader,,,,Importer,Hyderabad,KOTRA_SNS_2025,화장품/뷰티
330499,PK,29 Productions,,,,Importer,Islamabad,KOTRA_SNS_2025,화장품/뷰티
330499,BD,Index group,,,,Importer,Dhaka,KOTRA_SNS_2025,화장품/뷰티
330499,BD,Shabab Ribab Trading ltd,,,,Importer,Dhaka Moghbazar,KOTRA_SNS_2025,화장품/뷰티
330499,PK,Agha Khan University Hospital,,,,Importer,Islamabad,KOTRA_SNS_2025,화장품/뷰티
330499,IN,Lifeboat,,,,Importer,Bhopal,KOTRA_SNS_2025,화장품/뷰티
330499,IN,Gill car wash,,,,Importer,Sri ganganagar,KOTRA_SNS_2025,화장품/뷰티
330499,PK,SOHAIB SHOUKAAT Corporation,,,,Importer,Faisalabad,KOTRA_SNS_2025,화장품/뷰티
330499,BD,Mega-tech Engineering & consortium,,,,Importer,dhaka,KOTRA_SNS_2025,화장품/뷰티
330499,BD,Chardike.com -,,,,Importer,Dhaka,KOTRA_SNS_2025,화장품/뷰티
330499,PK,9.23E+11,,,,Importer,okara,KOTRA_SNS_2025,화장품/뷰티
330499,PK,9.23E+11,,,,Importer,Lahore,KOTRA_SNS_2025,화장품/뷰티
330499,PK,9.23E+11,,,,Importer,Lahore,KOTRA_SNS_2025,화장품/뷰티
330499,CL,56998015887,,,,Importer,Santiago,KOTRA_SNS_2025,화장품/뷰티
330499,IN,9.19E+11,,,,Importer,Jalandhar,KOTRA_SNS_2025,화장품/뷰티
330499,US,2.01E+11,,,,Importer,Cairo,KOTRA_SNS_2025,화장품/뷰티
330499,PK,9.23E+11,,,,Importer,Peshawar,KOTRA_SNS_2025,화장품/뷰티
330499,PK,9.23E+11,,,,Importer,Rawalpindi,KOTRA_SNS_2025,화장품/뷰티
330499,IN,9284753491,,,,Importer,Pune,KOTRA_SNS_2025,화장품/뷰티
330499,IN,9.18E+11,,,,Importer,Delh,KOTRA_SNS_2025,화장품/뷰티
330499,PK,9.23E+11,,,,Importer,Multan,KOTRA_SNS_2025,화장품/뷰티
330499,IN,9.18E+11,,,,Importer,Chandigarh,KOTRA_SNS_2025,화장품/뷰티
330499,PK,9.23E+11,,,,Importer,Sadikabad,KOTRA_SNS_2025,화장품/뷰티
330499,PK,9.23E+11,,,,Importer,Karachi,KOTRA_SNS_2025,화장품/뷰티
330499,IN,9.20E+11,,,,Importer,Pune,KOTRA_SNS_2025,화장품/뷰티
330499,IN,9.19E+11,,,,Importer,Jammu,KOTRA_SNS_2025,화장품/뷰티
330499,IN,9.20E+11,,,,Importer,Mumbai,KOTRA_SNS_2025,화장품/뷰티
330499,PK,9.23E+11,,,,Importer,Peshawar,KOTRA_SNS_2025,화장품/뷰티
330499,PK,9.23E+11,,,,Importer,Lahore,KOTRA_SNS_2025,화장품/뷰티
330499,PK,9.23E+11,,,,Importer,Faisalabad,KOTRA_SNS_2025,화장품/뷰티
330499,PK,9.23E+11,,,,Importer,Layyah,KOTRA_SNS_2025,화장품/뷰티
330499,PK,9.23E+11,,,,Importer,Okara,KOTRA_SNS_2025,화장품/뷰티
330499,PK,9.23E+11,,,,Importer,Lahore,KOTRA_SNS_2025,화장품/뷰티
330499,PK,9.23E+11,,,,Importer,karachi,KOTRA_SNS_2025,화장품/뷰티
330499,PK,9.23E+11,,,,Importer,lahore,KOTRA_SNS_2025,화장품/뷰티
330499,PK,9.23E+11,,,,Importer,Lahore,KOTRA_SNS_2025,화장품/뷰티
330499,AE,9.23E+11,,,,Importer,lahore,KOTRA_SNS_2025,화장품/뷰티
330499,PK,9.23E+11,,,,Importer,Rawalpindi,KOTRA_SNS_2025,화장품/뷰티
330499,IN,9.20E+11,,,,Importer,Chennai,KOTRA_SNS_2025,화장품/뷰티
330499,IN,9.19E+11,,,,Importer,Vadodara,KOTRA_SNS_2025,화장품/뷰티
330499,PK,9.23E+11,,,,Importer,Multan,KOTRA_SNS_2025,화장품/뷰티
330499,PK,9.23E+11,,,,Importer,Hyderabad,KOTRA_SNS_2025,화장품/뷰티
330499,PK,9.23E+11,,,,Importer,Okara,KOTRA_SNS_2025,화장품/뷰티
330499,PK,9.23E+11,,,,Importer,Islamabad,KOTRA_SNS_2025,화장품/뷰티
330499,PK,9.23E+11,,,,Importer,Karachi,KOTRA_SNS_2025,화장품/뷰티
330499,US,9.23E+11,,,,Importer,okara,KOTRA_SNS_2025,화장품/뷰티
330499,PK,9.23E+11,,,,Importer,okara,KOTRA_SNS_2025,화장품/뷰티
330499,PK,9.23E+11,,,,Importer,daska,KOTRA_SNS_2025,화장품/뷰티
330499,PK,9.23E+11,,,,Importer,Lahore,KOTRA_SNS_2025,화장품/뷰티
330499,QA,97477026362,,,,Importer,Qatar,KOTRA_SNS_2025,화장품/뷰티
330499,PK,9.23E+11,,,,Importer,Karachi,KOTRA_SNS_2025,화장품/뷰티
330499,US,9.20E+11,,,,Importer,Delhi,KOTRA_SNS_2025,화장품/뷰티
330499,US,19143395498,,,,Importer,St Petersburg,KOTRA_SNS_2025,화장품/뷰티
330499,PK,9.23E+11,,,,Importer,Lahore,KOTRA_SNS_2025,화장품/뷰티
330499,IN,9.18E+11,,,,Importer,aligarh,KOTRA_SNS_2025,화장품/뷰티
330499,IN,9.20E+11,,,,Importer,lucknow,KOTRA_SNS_2025,화장품/뷰티
330499,IN,9.20E+11,,,,Importer,Baroda,KOTRA_SNS_2025,화장품/뷰티
330499,IN,9.20E+11,,,,Importer,Hyderabad,KOTRA_SNS_2025,화장품/뷰티
330499,PK,9.23E+11,,,,Importer,kasur,KOTRA_SNS_2025,화장품/뷰티
330499,IN,9.20E+11,,,,Importer,Kolkata,KOTRA_SNS_2025,화장품/뷰티
330499,IN,9.19E+11,,,,Importer,Kochi,KOTRA_SNS_2025,화장품/뷰티
330499,IN,9.20E+11,,,,Importer,Delhi,KOTRA_SNS_2025,화장품/뷰티
330499,PK,9.23E+11,,,,Importer,Islamabad,KOTRA_SNS_2025,화장품/뷰티
330499,IN,9.19E+11,,,,Importer,rae barely,KOTRA_SNS_2025,화장품/뷰티
330499,PK,9.23E+11,,,,Importer,Sialkot,KOTRA_SNS_2025,화장품/뷰티
330499,IN,9.20E+11,,,,Importer,Mumbai,KOTRA_SNS_2025,화장품/뷰티
330499,IN,91995204488,,,,Importer,Mumbai,KOTRA_SNS_2025,화장품/뷰티
330499,PK,9.23E+11,,,,Importer,Lahore,KOTRA_SNS_2025,화장품/뷰티
330499,SA,9.23E+11,,,,Importer,Dammam,KOTRA_SNS_2025,화장품/뷰티
330499,PK,9.23E+11,,,,Importer,Karachi,KOTRA_SNS_2025,화장품/뷰티
330499,PK,9.23E+11,,,,Importer,Lahore,KOTRA_SNS_2025,화장품/뷰티
330499,IN,9.20E+11,,,,Importer,Kolkata,KOTRA_SNS_2025,화장품/뷰티
330499,PK,9.23E+11,,,,Importer,Islamabad,KOTRA_SNS_2025,화장품/뷰티
330499,PK,9.23E+11,,,,Importer,Islamabad,KOTRA_SNS_2025,화장품/뷰티
330499,IN,9.20E+11,,,,Importer,jalandhar,KOTRA_SNS_2025,화장품/뷰티
330499,IN,9.20E+11,,,,Importer,durg,KOTRA_SNS_2025,화장품/뷰티
330499,IN,9483070000,,,,Importer,Bhiwadi Rajasthan,KOTRA_SNS_2025,화장품/뷰티
330499,PK,9.23E+11,,,,Importer,Gujranwala,KOTRA_SNS_2025,화장품/뷰티
330499,IN,9.19E+11,,,,Importer,Surat,KOTRA_SNS_2025,화장품/뷰티
330499,PK,9.23E+11,,,,Importer,swat,KOTRA_SNS_2025,화장품/뷰티
330499,IN,9.20E+11,,,,Importer,Delhi,KOTRA_SNS_2025,화장품/뷰티
330499,US,9.23E+11,,,,Importer,Islamabad,KOTRA_SNS_2025,화장품/뷰티
330499,IN,9.20E+11,,,,Importer,Ahmedabad,KOTRA_SNS_2025,화장품/뷰티
330499,IN,9.20E+11,,,,Importer,Surat,KOTRA_SNS_2025,화장품/뷰티
330499,IN,9.19E+11,,,,Importer,Nagpur,KOTRA_SNS_2025,화장품/뷰티
330499,PK,9.23E+11,,,,Importer,Mingora,KOTRA_SNS_2025,화장품/뷰티
330499,AE,9.23E+11,,,,Importer,Lahore,KOTRA_SNS_2025,화장품/뷰티
330499,IN,9.18E+11,,,,Importer,Ahmedabad,KOTRA_SNS_2025,화장품/뷰티
330499,PK,9.23E+11,,,,Importer,Swat,KOTRA_SNS_2025,화장품/뷰티
330499,PK,9.23E+11,,,,Importer,peshawar,KOTRA_SNS_2025,화장품/뷰티
330499,IN,9.19E+11,,,,Importer,Agra,KOTRA_SNS_2025,화장품/뷰티
330499,PK,9.23E+11,,,,Importer,Peshawar,KOTRA_SNS_2025,화장품/뷰티
330499,US,9.20E+11,,,,Importer,karnal,KOTRA_SNS_2025,화장품/뷰티
330499,IN,9.20E+11,,,,Importer,Surat,KOTRA_SNS_2025,화장품/뷰티
330499,IN,9.18E+11,,,,Importer,New Delhi,KOTRA_SNS_2025,화장품/뷰티
330499,IN,9.19E+11,,,,Importer,Jalgaon,KOTRA_SNS_2025,화장품/뷰티
330499,IN,9.20E+11,,,,Importer,Jaipur,KOTRA_SNS_2025,화장품/뷰티
330499,IN,9.20E+11,,,,Importer,Hyderabad,KOTRA_SNS_2025,화장품/뷰티
330499,PK,9.23E+11,,,,Importer,Karachi,KOTRA_SNS_2025,화장품/뷰티
330499,PK,9.23E+11,,,,Importer,Lahore,KOTRA_SNS_2025,화장품/뷰티
330499,MY,9.23E+11,,,,Importer,Kuala Lumpur,KOTRA_SNS_2025,화장품/뷰티
330499,IN,9.19E+11,,,,Importer,jaipur,KOTRA_SNS_2025,화장품/뷰티
330499,PK,9.23E+11,,,,Importer,karachi,KOTRA_SNS_2025,화장품/뷰티
330499,IN,9.19E+11,,,,Importer,Karnal,KOTRA_SNS_2025,화장품/뷰티
330499,PK,9.23E+11,,,,Importer,Gujranwala,KOTRA_SNS_2025,화장품/뷰티
330499,IN,9.18E+11,,,,Importer,Kadiri,KOTRA_SNS_2025,화장품/뷰티
330499,PK,9.23E+11,,,,Importer,Sialkot,KOTRA_SNS_2025,화장품/뷰티
330499,PK,9.23E+11,,,,Importer,Qila Sheikhupura,KOTRA_SNS_2025,화장품/뷰티
330499,AE,9.23E+11,,,,Importer,Peshawar,KOTRA_SNS_2025,화장품/뷰티
330499,IN,9.20E+11,,,,Importer,Delhi,KOTRA_SNS_2025,화장품/뷰티
330499,PK,9.23E+11,,,,Importer,Sialkot,KOTRA_SNS_2025,화장품/뷰티
330499,PK,9.23E+11,,,,Importer,FAISALABAD,KOTRA_SNS_2025,화장품/뷰티
330499,IN,9.18E+11,,,,Importer,sri ganga nager,KOTRA_SNS_2025,화장품/뷰티
330499,PK,9.23E+11,,,,Importer,Multan,KOTRA_SNS_2025,화장품/뷰티
330499,PK,9.23E+11,,,,Importer,Lahore,KOTRA_SNS_2025,화장품/뷰티
330499,IN,9.19E+11,,,,Importer,Pune,KOTRA_SNS_2025,화장품/뷰티
330499,PK,9.23E+11,,,,Importer,Sialkot,KOTRA_SNS_2025,화장품/뷰티
330499,IN,9.18E+11,,,,Importer,MUMBAI,KOTRA_SNS_2025,화장품/뷰티
330499,PK,9.23E+11,,,,Importer,Gujrat,KOTRA_SNS_2025,화장품/뷰티
330499,PK,9.23E+11,,,,Importer,Karachi,KOTRA_SNS_2025,화장품/뷰티
330499,PY,5.96E+11,,,,Importer,Asuncin,KOTRA_SNS_2025,화장품/뷰티
330499,PK,9.23E+11,,,,Importer,Sialkot,KOTRA_SNS_2025,화장품/뷰티
330499,PK,9.23E+11,,,,Importer,Islamabad,KOTRA_SNS_2025,화장품/뷰티
330499,PK,9.23E+11,,,,Importer,Kamoke,KOTRA_SNS_2025,화장품/뷰티
330499,PK,3009436050,,,,Importer,Lahore,KOTRA_SNS_2025,화장품/뷰티
330499,US,9.23E+11,,,,Importer,karachi,KOTRA_SNS_2025,화장품/뷰티
330499,IN,9.18E+11,,,,Importer,Mumbai,KOTRA_SNS_2025,화장품/뷰티
330499,PK,9.23E+11,,,,Importer,Karachi,KOTRA_SNS_2025,화장품/뷰티
330499,IN,9.20E+11,,,,Importer,Aurangabad,KOTRA_SNS_2025,화장품/뷰티
330499,PK,9.23E+11,,,,Importer,Karachi,KOTRA_SNS_2025,화장품/뷰티
330499,PK,9.23E+11,,,,Importer,Peshawar,KOTRA_SNS_2025,화장품/뷰티
330499,PK,9.23E+11,,,,Importer,isb,KOTRA_SNS_2025,화장품/뷰티
330499,IN,9.20E+11,,,,Importer,Chennai,KOTRA_SNS_2025,화장품/뷰티
330499,IN,9.18E+11,,,,Importer,New Delhi,KOTRA_SNS_2025,화장품/뷰티
330499,PK,9.23E+11,,,,Importer,Lahore,KOTRA_SNS_2025,화장품/뷰티
330499,PK,9.23E+11,,,,Importer,Chiniot,KOTRA_SNS_2025,화장품/뷰티
330499,IN,9.16E+11,,,,Importer,Patna,KOTRA_SNS_2025,화장품/뷰티
330499,IN,9.19E+11,,,,Importer,Nagpur,KOTRA_SNS_2025,화장품/뷰티
330499,PS,9.23E+11,,,,Importer,Hyderabad,KOTRA_SNS_2025,화장품/뷰티
330499,PK,9.23E+11,,,,Importer,Multan,KOTRA_SNS_2025,화장품/뷰티
330499,IN,9.19E+11,,,,Importer,Rajkot,KOTRA_SNS_2025,화장품/뷰티
330499,PK,9.23E+11,,,,Importer,Sialkot,KOTRA_SNS_2025,화장품/뷰티
330499,IN,9.18E+11,,,,Importer,Pune,KOTRA_SNS_2025,화장품/뷰티
330499,IN,9375770294,,,,Importer,Surat,KOTRA_SNS_2025,화장품/뷰티
330499,PK,9.23E+11,,,,Importer,Lahore,KOTRA_SNS_2025,화장품/뷰티
330499,IN,9.20E+11,,,,Importer,Mandi,KOTRA_SNS_2025,화장품/뷰티
330499,PK,9.23E+11,,,,Importer,Lahore,KOTRA_SNS_2025,화장품/뷰티
330499,PK,9.23E+11,,,,Importer,Sialkot,KOTRA_SNS_2025,화장품/뷰티
330499,PK,9.23E+11,,,,Importer,Sialkot,KOTRA_SNS_2025,화장품/뷰티
330499,IN,9.20E+11,,,,Importer,Surat,KOTRA_SNS_2025,화장품/뷰티
330499,IN,9.20E+11,,,,Importer,Chennai,KOTRA_SNS_2025,화장품/뷰티
330499,IN,9.19E+11,,,,Importer,Kota,KOTRA_SNS_2025,화장품/뷰티
330499,PK,9.23E+11,,,,Importer,Muridke,KOTRA_SNS_2025,화장품/뷰티
330499,IN,9.20E+11,,,,Importer,Ludhiana,KOTRA_SNS_2025,화장품/뷰티
330499,IN,9.20E+11,,,,Importer,Chennai,KOTRA_SNS_2025,화장품/뷰티
330499,IN,9.20E+11,,,,Importer,New Delhi,KOTRA_SNS_2025,화장품/뷰티
330499,IN,9.20E+11,,,,Importer,Pune,KOTRA_SNS_2025,화장품/뷰티
330499,PK,9.23E+11,,,,Importer,Lahore,KOTRA_SNS_2025,화장품/뷰티
330499,IN,9.18E+11,,,,Importer,Chennai,KOTRA_SNS_2025,화장품/뷰티
330499,US,9.20E+11,,,,Importer,phagwara,KOTRA_SNS_2025,화장품/뷰티
330499,PK,9.23E+11,,,,Importer,Gujrat,KOTRA_SNS_2025,화장품/뷰티
330499,PK,9.72E+11,,,,Importer,LAHORE,KOTRA_SNS_2025,화장품/뷰티
330499,BR,5.51E+12,,,,Importer,So Paulo,KOTRA_SNS_2025,화장품/뷰티
330499,PK,9.23E+11,,,,Importer,Islamabad,KOTRA_SNS_2025,화장품/뷰티
330499,KR,9.23E+11,,,,Importer,Seoul,KOTRA_SNS_2025,화장품/뷰티
330499,PK,9.23E+11,,,,Importer,Rawalpindi,KOTRA_SNS_2025,화장품/뷰티
330499,PK,9.23E+11,,,,Importer,Karachi,KOTRA_SNS_2025,화장품/뷰티
330499,PK,9.23E+11,,,,Importer,Karachi,KOTRA_SNS_2025,화장품/뷰티
330499,PK,9.23E+11,,,,Importer,Rawalpindi,KOTRA_SNS_2025,화장품/뷰티
330499,PK,9.23E+11,,,,Importer,Gujranwala,KOTRA_SNS_2025,화장품/뷰티
330499,IN,9371677760,,,,Importer,Nashik,KOTRA_SNS_2025,화장품/뷰티
330499,PK,9.23E+11,,,,Importer,Peshawar,KOTRA_SNS_2025,화장품/뷰티
330499,PK,9.23E+11,,,,Importer,Islamabad,KOTRA_SNS_2025,화장품/뷰티
330499,PK,9.23E+11,,,,Importer,Lahore,KOTRA_SNS_2025,화장품/뷰티
330499,CA,9.19E+11,,,,Importer,Ghaziabad,KOTRA_SNS_2025,화장품/뷰티
330499,PK,9.23E+11,,,,Importer,Karachi,KOTRA_SNS_2025,화장품/뷰티
330499,PK,9.23E+11,,,,Importer,Sialkot,KOTRA_SNS_2025,화장품/뷰티
330499,PK,9.23E+11,,,,Importer,Sialkot,KOTRA_SNS_2025,화장품/뷰티
330499,IN,9.20E+11,,,,Importer,Panipat,KOTRA_SNS_2025,화장품/뷰티
330499,PK,9.23E+11,,,,Importer,Lahore,KOTRA_SNS_2025,화장품/뷰티
330499,AE,9.23E+11,,,,Importer,Dubai,KOTRA_SNS_2025,화장품/뷰티
330499,IN,9.20E+11,,,,Importer,Nashik,KOTRA_SNS_2025,화장품/뷰티
330499,PK,9.23E+11,,,,Importer,Rawalpindi,KOTRA_SNS_2025,화장품/뷰티
330499,PK,9.23E+11,,,,Importer,Rawalpindi,KOTRA_SNS_2025,화장품/뷰티
330499,IN,9.20E+11,,,,Importer,Kota,KOTRA_SNS_2025,화장품/뷰티
330499,IN,9.17E+11,,,,Importer,New Delhi,KOTRA_SNS_2025,화장품/뷰티
330499,PK,9.23E+11,,,,Importer,gujranwala,KOTRA_SNS_2025,화장품/뷰티
330499,IN,9.20E+11,,,,Importer,Juhu,KOTRA_SNS_2025,화장품/뷰티
330499,IN,9.17E+11,,,,Importer,Pune,KOTRA_SNS_2025,화장품/뷰티
330499,IN,9.20E+11,,,,Importer,Mumbai,KOTRA_SNS_2025,화장품/뷰티
330499,IN,9632878696,,,,Importer,Bangalore,KOTRA_SNS_2025,화장품/뷰티
330499,IN,9177185103,,,,Importer,Bangalore,KOTRA_SNS_2025,화장품/뷰티
330499,IN,9.18E+11,,,,Importer,Delhi,KOTRA_SNS_2025,화장품/뷰티
330499,PK,9.23E+11,,,,Importer,mingora,KOTRA_SNS_2025,화장품/뷰티
330499,IN,9.18E+11,,,,Importer,Ambala,KOTRA_SNS_2025,화장품/뷰티
330499,IN,9.20E+11,,,,Importer,Bangalore,KOTRA_SNS_2025,화장품/뷰티
330499,PK,9.23E+11,,,,Importer,Karachi,KOTRA_SNS_2025,화장품/뷰티
330499,IN,9.20E+11,,,,Importer,Ahmedabad,KOTRA_SNS_2025,화장품/뷰티
330499,IN,9.20E+11,,,,Importer,Gurgaon,KOTRA_SNS_2025,화장품/뷰티
330499,PK,9.23E+11,,,,Importer,Karachi,KOTRA_SNS_2025,화장품/뷰티
330499,IN,9.18E+11,,,,Importer,Delhi,KOTRA_SNS_2025,화장품/뷰티
330499,IN,7795038131,,,,Importer,Bangalore,KOTRA_SNS_2025,화장품/뷰티
330499,PK,3014083313,,,,Importer,Lahore,KOTRA_SNS_2025,화장품/뷰티
330499,PK,9.23E+11,,,,Importer,Karachi,KOTRA_SNS_2025,화장품/뷰티
330499,PK,9.23E+11,,,,Importer,Lahore,KOTRA_SNS_2025,화장품/뷰티
330499,PK,9.23E+11,,,,Importer,Sialkot,KOTRA_SNS_2025,화장품/뷰티
330499,IN,9.20E+11,,,,Importer,Pune,KOTRA_SNS_2025,화장품/뷰티
330499,US,9.23E+11,,,,Importer,Karachi,KOTRA_SNS_2025,화장품/뷰티
330499,IN,9.18E+11,,,,Importer,Chennai,KOTRA_SNS_2025,화장품/뷰티
330499,PK,9.23E+11,,,,Importer,faisalabad,KOTRA_SNS_2025,화장품/뷰티
330499,IN,9.20E+11,,,,Importer,New Delhi,KOTRA_SNS_2025,화장품/뷰티
330499,IN,9.20E+11,,,,Importer,Gurugram,KOTRA_SNS_2025,화장품/뷰티
330499,IN,9069640036,,,,Importer,Saharanpur. And Ludhiana Punjab,KOTRA_SNS_2025,화장품/뷰티
330499,IN,9.20E+11,,,,Importer,Mumbai,KOTRA_SNS_2025,화장품/뷰티
330499,PK,3354111185,,,,Importer,Lahore,KOTRA_SNS_2025,화장품/뷰티
330499,IN,9.20E+11,,,,Importer,Delhi,KOTRA_SNS_2025,화장품/뷰티
330499,PK,9.23E+11,,,,Importer,Gujranwala,KOTRA_SNS_2025,화장품/뷰티
330499,IN,9860205689,,,,Importer,Pune,KOTRA_SNS_2025,화장품/뷰티
330499,IN,9.20E+11,,,,Importer,New Delhi,KOTRA_SNS_2025,화장품/뷰티
330499,IN,9.19E+11,,,,Importer,Kochi,KOTRA_SNS_2025,화장품/뷰티
330499,IN,8237278899,,,,Importer,Mumbai,KOTRA_SNS_2025,화장품/뷰티
330499,PK,9.23E+11,,,,Importer,Lahore,KOTRA_SNS_2025,화장품/뷰티
330499,PK,9.23E+11,,,,Importer,Sialkot,KOTRA_SNS_2025,화장품/뷰티
330499,IN,9569030053,,,,Importer,Kanpur,KOTRA_SNS_2025,화장품/뷰티
330499,PK,9.23E+11,,,,Importer,Johi,KOTRA_SNS_2025,화장품/뷰티
330499,IN,9.20E+11,,,,Importer,Noida,KOTRA_SNS_2025,화장품/뷰티
330499,PK,9.23E+11,,,,Importer,Lahore,KOTRA_SNS_2025,화장품/뷰티
330499,PK,9.23E+11,,,,Importer,Islamabad,KOTRA_SNS_2025,화장품/뷰티
330499,AE,9.20E+11,,,,Importer,Kozhikode,KOTRA_SNS_2025,화장품/뷰티
330499,PK,9.23E+11,,,,Importer,Lahore,KOTRA_SNS_2025,화장품/뷰티
330499,IN,8197330946,,,,Importer,Bangalore,KOTRA_SNS_2025,화장품/뷰티
330499,IN,9.20E+11,,,,Importer,Tiruchirappalli,KOTRA_SNS_2025,화장품/뷰티
330499,PK,9.23E+11,,,,Importer,Sialkot,KOTRA_SNS_2025,화장품/뷰티
330499,IN,9.20E+11,,,,Importer,THANE,KOTRA_SNS_2025,화장품/뷰티
330499,PK,3135121260,,,,Importer,Chowk Azam,KOTRA_SNS_2025,화장품/뷰티
330499,IN,9.17E+11,,,,Importer,Pune,KOTRA_SNS_2025,화장품/뷰티
330499,IN,9.20E+11,,,,Importer,Nagpur,KOTRA_SNS_2025,화장품/뷰티
330499,IN,9.19E+11,,,,Importer,Delhi,KOTRA_SNS_2025,화장품/뷰티
330499,PK,9.23E+11,,,,Importer,Lahore,KOTRA_SNS_2025,화장품/뷰티
330499,PK,9.23E+11,,,,Importer,London,KOTRA_SNS_2025,화장품/뷰티
330499,IN,9.20E+11,,,,Importer,Mohali,KOTRA_SNS_2025,화장품/뷰티
330499,IN,9.20E+11,,,,Importer,Delhi,KOTRA_SNS_2025,화장품/뷰티
330499,US,9.20E+11,,,,Importer,Gurgaon,KOTRA_SNS_2025,화장품/뷰티
330499,PK,9.23E+11,,,,Importer,Lahore,KOTRA_SNS_2025,화장품/뷰티
330499,IN,9.18E+11,,,,Importer,Gurgaon,KOTRA_SNS_2025,화장품/뷰티
330499,PK,9.23E+11,,,,Importer,LAHORE,KOTRA_SNS_2025,화장품/뷰티
330499,PK,9.23E+11,,,,Importer,Karachi,KOTRA_SNS_2025,화장품/뷰티
330499,IN,9.20E+11,,,,Importer,chandigarh,KOTRA_SNS_2025,화장품/뷰티
330499,IN,9.20E+11,,,,Importer,Erode,KOTRA_SNS_2025,화장품/뷰티
330499,US,9.23E+11,,,,Importer,Lahore,KOTRA_SNS_2025,화장품/뷰티
330499,IN,9150946575,,,,Importer,Chennai,KOTRA_SNS_2025,화장품/뷰티
330499,IN,9.17E+11,,,,Importer,Jabalpur,KOTRA_SNS_2025,화장품/뷰티
330499,US,9.20E+11,,,,Importer,Hyderabad,KOTRA_SNS_2025,화장품/뷰티
330499,PK,9.23E+11,,,,Importer,Karachi,KOTRA_SNS_2025,화장품/뷰티
330499,PK,9.23E+11,,,,Importer,Multan,KOTRA_SNS_2025,화장품/뷰티
330499,PK,9.23E+11,,,,Importer,Lahore,KOTRA_SNS_2025,화장품/뷰티
330499,IN,9.20E+11,,,,Importer,Surat,KOTRA_SNS_2025,화장품/뷰티
330499,IN,9.18E+11,,,,Importer,Mumbai,KOTRA_SNS_2025,화장품/뷰티
330499,PK,9.23E+11,,,,Importer,Lahore,KOTRA_SNS_2025,화장품/뷰티
330499,IN,9.18E+11,,,,Importer,Nagpur,KOTRA_SNS_2025,화장품/뷰티
330499,US,9.20E+11,,,,Importer,Delhi,KOTRA_SNS_2025,화장품/뷰티
330499,IN,9.20E+11,,,,Importer,Hyderabad,KOTRA_SNS_2025,화장품/뷰티
330499,IN,9.20E+11,,,,Importer,New Delhi,KOTRA_SNS_2025,화장품/뷰티
330499,IN,7012955715,,,,Importer,Kollam,KOTRA_SNS_2025,화장품/뷰티
330499,PK,9.23E+11,,,,Importer,sahiwal,KOTRA_SNS_2025,화장품/뷰티
330499,IN,9.20E+11,,,,Importer,Thrissur,KOTRA_SNS_2025,화장품/뷰티
330499,IN,9.20E+11,,,,Importer,Delhi,KOTRA_SNS_2025,화장품/뷰티
330499,AE,9.23E+11,,,,Importer,Lahore,KOTRA_SNS_2025,화장품/뷰티
330499,PK,9.23E+11,,,,Importer,lahore,KOTRA_SNS_2025,화장품/뷰티
330499,IN,9.19E+11,,,,Importer,Gurugram,KOTRA_SNS_2025,화장품/뷰티
330499,IN,9.20E+11,,,,Importer,Delhi,KOTRA_SNS_2025,화장품/뷰티
330499,IN,9.19E+11,,,,Importer,Pune,KOTRA_SNS_2025,화장품/뷰티
330499,IN,9.20E+11,,,,Importer,Muzaffarnagar,KOTRA_SNS_2025,화장품/뷰티
330499,IN,9.19E+11,,,,Importer,Mumbai,KOTRA_SNS_2025,화장품/뷰티
330499,IN,9.19E+11,,,,Importer,Chennai,KOTRA_SNS_2025,화장품/뷰티
330499,IN,9.20E+11,,,,Importer,Mumbai,KOTRA_SNS_2025,화장품/뷰티
330499,IN,9.20E+11,,,,Importer,Pune,KOTRA_SNS_2025,화장품/뷰티
330499,IN,9.20E+11,,,,Importer,Banglore,KOTRA_SNS_2025,화장품/뷰티
330499,PK,9.23E+11,,,,Importer,Sialkot,KOTRA_SNS_2025,화장품/뷰티
330499,PK,9.23E+11,,,,Importer,Faisalabad,KOTRA_SNS_2025,화장품/뷰티
330499,PK,9.23E+11,,,,Importer,Karachi,KOTRA_SNS_2025,화장품/뷰티
330499,IN,9.20E+11,,,,Importer,New delhi,KOTRA_SNS_2025,화장품/뷰티
330499,IN,9.20E+11,,,,Importer,Gurgaon,KOTRA_SNS_2025,화장품/뷰티
330499,IN,9.19E+11,,,,Importer,Thiruvananthapuram,KOTRA_SNS_2025,화장품/뷰티
330499,IN,9.20E+11,,,,Importer,Chennai,KOTRA_SNS_2025,화장품/뷰티
330499,IN,9.17E+11,,,,Importer,Kanpur,KOTRA_SNS_2025,화장품/뷰티
330499,PK,9.23E+11,,,,Importer,Sialkot,KOTRA_SNS_2025,화장품/뷰티
330499,IN,9.20E+11,,,,Importer,Mumbai,KOTRA_SNS_2025,화장품/뷰티
330499,KR,9.23E+11,,,,Importer,Karachi,KOTRA_SNS_2025,화장품/뷰티
330499,IN,9.20E+11,,,,Importer,Chennai,KOTRA_SNS_2025,화장품/뷰티
330499,IN,8268667799,,,,Importer,Mumbai,KOTRA_SNS_2025,화장품/뷰티
330499,IN,7986241870,,,,Importer,Chd,KOTRA_SNS_2025,화장품/뷰티
330499,QA,9.23E+11,,,,Importer,Peshawar,KOTRA_SNS_2025,화장품/뷰티
330499,US,9.23E+11,,,,Importer,Gujranwala,KOTRA_SNS_2025,화장품/뷰티
330499,PK,9.23E+11,,,,Importer,lahore,KOTRA_SNS_2025,화장품/뷰티
330499,IN,9.20E+11,,,,Importer,Kolkata,KOTRA_SNS_2025,화장품/뷰티
330499,PK,9.23E+11,,,,Importer,Rawalpindi,KOTRA_SNS_2025,화장품/뷰티
330499,IN,9.19E+11,,,,Importer,Mumbai,KOTRA_SNS_2025,화장품/뷰티
330499,PK,9.23E+11,,,,Importer,Sialkot,KOTRA_SNS_2025,화장품/뷰티
330499,PK,9.23E+11,,,,Importer,Karachi,KOTRA_SNS_2025,화장품/뷰티
330499,IN,9.20E+11,,,,Importer,New Delhi,KOTRA_SNS_2025,화장품/뷰티
330499,IN,7977708833,,,,Importer,Mumbai,KOTRA_SNS_2025,화장품/뷰티
330499,PK,9.23E+11,,,,Importer,Lahore,KOTRA_SNS_2025,화장품/뷰티
330499,IN,9.20E+11,,,,Importer,Mumbai,KOTRA_SNS_2025,화장품/뷰티
330499,IN,9.20E+11,,,,Importer,Agra,KOTRA_SNS_2025,화장품/뷰티
330499,PK,9.23E+11,,,,Importer,Gujranwala,KOTRA_SNS_2025,화장품/뷰티
330499,US,13058097288,,,,Importer,Miami,KOTRA_SNS_2025,화장품/뷰티
330499,IN,9.20E+11,,,,Importer,Ludhiana,KOTRA_SNS_2025,화장품/뷰티
330499,IN,9.19E+11,,,,Importer,Mumbai,KOTRA_SNS_2025,화장품/뷰티
330499,IN,9.20E+11,,,,Importer,Gandhinagar,KOTRA_SNS_2025,화장품/뷰티
330499,PK,9.23E+11,,,,Importer,Karachi,KOTRA_SNS_2025,화장품/뷰티
330499,IN,9.20E+11,,,,Importer,Kota,KOTRA_SNS_2025,화장품/뷰티
330499,IN,9.20E+11,,,,Importer,Delhi,KOTRA_SNS_2025,화장품/뷰티
330499,PK,9.23E+11,,,,Importer,Sialkot,KOTRA_SNS_2025,화장품/뷰티
330499,IN,9.20E+11,,,,Importer,MOHALI,KOTRA_SNS_2025,화장품/뷰티
330499,IN,9.20E+11,,,,Importer,pilkhuwa,KOTRA_SNS_2025,화장품/뷰티
330499,PK,9.23E+11,,,,Importer,Lahore,KOTRA_SNS_2025,화장품/뷰티
330499,IN,9.20E+11,,,,Importer,Delhi,KOTRA_SNS_2025,화장품/뷰티
330499,PK,9.23E+11,,,,Importer,Lahore,KOTRA_SNS_2025,화장품/뷰티
330499,PK,9.23E+11,,,,Importer,Gujranwala,KOTRA_SNS_2025,화장품/뷰티
330499,US,9.23E+11,,,,Importer,Gujranwala,KOTRA_SNS_2025,화장품/뷰티
330499,PK,9.23E+11,,,,Importer,Lahore,KOTRA_SNS_2025,화장품/뷰티
330499,US,9.23E+11,,,,Importer,Karachi,KOTRA_SNS_2025,화장품/뷰티
330499,IN,9.20E+11,,,,Importer,Kollam,KOTRA_SNS_2025,화장품/뷰티
330499,IN,9.19E+11,,,,Importer,Mumbai,KOTRA_SNS_2025,화장품/뷰티
330499,IN,9.20E+11,,,,Importer,Pune,KOTRA_SNS_2025,화장품/뷰티
330499,PK,9.23E+11,,,,Importer,Faisalabad,KOTRA_SNS_2025,화장품/뷰티
330499,PK,9.23E+11,,,,Importer,Lahore,KOTRA_SNS_2025,화장품/뷰티
330499,IN,9.20E+11,,,,Importer,New Delhi 110085,KOTRA_SNS_2025,화장품/뷰티
330499,PK,9.23E+11,,,,Importer,Gujranwala,KOTRA_SNS_2025,화장품/뷰티
330499,US,9.23E+11,,,,Importer,Golarchi,KOTRA_SNS_2025,화장품/뷰티
330499,PK,9.23E+11,,,,Importer,Lahore,KOTRA_SNS_2025,화장품/뷰티
330499,DE,9.23E+11,,,,Importer,Lahore,KOTRA_SNS_2025,화장품/뷰티
330499,PK,9.23E+11,,,,Importer,Rawalpindi,KOTRA_SNS_2025,화장품/뷰티
330499,IN,9.19E+11,,,,Importer,Banda,KOTRA_SNS_2025,화장품/뷰티
330499,PK,9.23E+11,,,,Importer,Rawalpindi,KOTRA_SNS_2025,화장품/뷰티
330499,PK,9.23E+11,,,,Importer,Rawalpindi,KOTRA_SNS_2025,화장품/뷰티
330499,PK,9.23E+11,,,,Importer,lahore,KOTRA_SNS_2025,화장품/뷰티
330499,PK,9.23E+11,,,,Importer,Islamabad,KOTRA_SNS_2025,화장품/뷰티
330499,IN,9.19E+11,,,,Importer,Ahmednagar,KOTRA_SNS_2025,화장품/뷰티
330499,PK,9.23E+11,,,,Importer,Rahimyarkhan,KOTRA_SNS_2025,화장품/뷰티
330499,PK,9.23E+11,,,,Importer,Hyderabad,KOTRA_SNS_2025,화장품/뷰티
330499,IN,9.20E+11,,,,Importer,Kozhikode,KOTRA_SNS_2025,화장품/뷰티
330499,PK,9.23E+11,,,,Importer,Karachi,KOTRA_SNS_2025,화장품/뷰티
330499,AE,9.23E+11,,,,Importer,karachi,KOTRA_SNS_2025,화장품/뷰티
330499,IN,8770694515,,,,Importer,Hyderabad,KOTRA_SNS_2025,화장품/뷰티
330499,PK,9.23E+11,,,,Importer,Quetta,KOTRA_SNS_2025,화장품/뷰티
330499,IN,9.20E+11,,,,Importer,Surat,KOTRA_SNS_2025,화장품/뷰티
330499,PK,9.23E+11,,,,Importer,Karachi,KOTRA_SNS_2025,화장품/뷰티
330499,PK,9.23E+11,,,,Importer,Lahore,KOTRA_SNS_2025,화장품/뷰티
330499,CN,"Tianjin Ouleshi Import and Export Co., Ltd.",,,,Importer,Tianjin,KOTRA_SNS_2025,화장품/뷰티
330499,CN,"Tianjin Weishian Trading Co., Ltd.",,,,Importer,Tianjin,KOTRA_SNS_2025,화장품/뷰티
330499,CN,"Tianjin Asiana Industry International Trade Co., Ltd",,,,Importer,Tianjin,KOTRA_SNS_2025,화장품/뷰티
330499,CN,"TIANJIN HANABEAUTY INTERNATIONAL TRADE CO.,LTD",,,,Importer,Tianjin,KOTRA_SNS_2025,화장품/뷰티
330499,CN,"Tianjin Whikorea International Trading Co., Ltd.",,,,Importer,Tianjin,KOTRA_SNS_2025,화장품/뷰티
330499,CN,QINGDAO PSB COSMETIC CO LTD,,,,Importer,Shandong,KOTRA_SNS_2025,화장품/뷰티
330499,CN,QINGDAO LEMEIJU TRADE CO LTD,,,,Importer,Shandong,KOTRA_SNS_2025,화장품/뷰티
330499,CN,Qingdao Jinhancheng International Trade Co Ltd,,,,Importer,Shandong,KOTRA_SNS_2025,화장품/뷰티
330499,CN,"JILIN ZHITONG CROSS BORDER E-COMMERCE CO., LTD",,,,Importer,jilin,KOTRA_SNS_2025,화장품/뷰티
330499,Romnia,MY K RETAIL,,,,Importer,Bucureti,KOTRA_SNS_2025,화장품/뷰티
330499,Angola,Autnomo,,,,Importer,Luanda,KOTRA_SNS_2025,화장품/뷰티
330499,Angola,BARBER SHOP & BEAUTY SALON CALEB,,,,Importer,Luanda,KOTRA_SNS_2025,화장품/뷰티
330499,Angola,emprego-em-angola,,,,Importer,Luanda,KOTRA_SNS_2025,화장품/뷰티
330499,angola,Coslab,,,,Importer,luanda,KOTRA_SNS_2025,화장품/뷰티
330499,RO,Iconic NY,,,,Importer,Bucuresti,KOTRA_SNS_2025,화장품/뷰티
330499,RO,Toro 2020 SRL,,,,Importer,Satu Mare,KOTRA_SNS_2025,화장품/뷰티
330499,RO,Casa Damaj,,,,Importer,iasi,KOTRA_SNS_2025,화장품/뷰티
330499,RO,One Master Distribution,,,,Importer,Baia Mare,KOTRA_SNS_2025,화장품/뷰티
330499,RO,Elya Glow Line,,,,Importer,Constanta,KOTRA_SNS_2025,화장품/뷰티
330499,RO,Spot local,,,,Importer,Bucharest,KOTRA_SNS_2025,화장품/뷰티
330499,RO,Geisha Perfumes,,,,Importer,Buchuresti,KOTRA_SNS_2025,화장품/뷰티
330499,RO,Qnorm,,,,Importer,Bucuresti,KOTRA_SNS_2025,화장품/뷰티
330499,RO,Ansa urban brand,,,,Importer,Bucuresti,KOTRA_SNS_2025,화장품/뷰티
330499,RO,D-QAP INTERNATIONAL SRL,,,,Importer,Bucharest,KOTRA_SNS_2025,화장품/뷰티
330499,RO,bergans Naclec Sales S.R.L,,,,Importer,Bucuresti,KOTRA_SNS_2025,화장품/뷰티
330499,RO,Beautyko Online  S.R.L,,,,Importer,Ploieti,KOTRA_SNS_2025,화장품/뷰티
330499,RO,Brands Mentors SUCCESS ADVISORS SRL,,,,Importer,Bucuresti,KOTRA_SNS_2025,화장품/뷰티
330499,RO,Atelier Laurus Design SRL,,,,Importer,Negresti Oas,KOTRA_SNS_2025,화장품/뷰티
330499,RO,A& S daily care srl,,,,Importer,Ploiesti,KOTRA_SNS_2025,화장품/뷰티
330499,RO,SoYoung,,,,Importer,Bucuresti,KOTRA_SNS_2025,화장품/뷰티
330499,RO,Hipnosi Trading Co SRL,,,,Importer,Bucureti,KOTRA_SNS_2025,화장품/뷰티
330499,RO,Nexus retail services,,,,Importer,Bucurrsti,KOTRA_SNS_2025,화장품/뷰티
330499,RO,Ritual & brows,,,,Importer,Constanta,KOTRA_SNS_2025,화장품/뷰티
330499,RO,Eugen Scissors,,,,Importer,Bucureti,KOTRA_SNS_2025,화장품/뷰티
330499,RO,Multimarket SRL,,,,Importer,Bucuresti,KOTRA_SNS_2025,화장품/뷰티
330499,RO,Tabu Srl,,,,Importer,Braov,KOTRA_SNS_2025,화장품/뷰티
330499,RO,alan Trading online SRL,,,,Importer,buzu,KOTRA_SNS_2025,화장품/뷰티
330499,RO,TRAVEL ROMAIA 14 SRL,,,,Importer,bucuresti,KOTRA_SNS_2025,화장품/뷰티
340130,US,Delmanco llc,,,,Importer,Glen burnie,KOTRA_SNS_2025,화장품/뷰티
340130,US,Je,,,,Importer,Boston,KOTRA_SNS_2025,화장품/뷰티
340130,SG,Content Creation and Strategy,,,,Importer,Singapore,KOTRA_SNS_2025,화장품/뷰티
340130,US,Www.ShapeWOW.com,,,,Importer,Arlington TX,KOTRA_SNS_2025,화장품/뷰티
340130,US,Precision Med Spa and Wellness,,,,Importer,Rosharon,KOTRA_SNS_2025,화장품/뷰티
340130,US,Yohaco,,,,Importer,Houston,KOTRA_SNS_2025,화장품/뷰티
340130,EA,娛樂城,,,,Importer,Taipei,KOTRA_SNS_2025,화장품/뷰티
340130,US,CMH Adjusting Invest LLC,,,,Importer,FOLEY,KOTRA_SNS_2025,화장품/뷰티
340130,US,Kamile santos oficial,,,,Importer,Hillside,KOTRA_SNS_2025,화장품/뷰티
340130,US,PixiePower,,,,Importer,Phoenix,KOTRA_SNS_2025,화장품/뷰티
340130,US,Didi S,,,,Importer,Las Vegas,KOTRA_SNS_2025,화장품/뷰티
340130,US,Tif Han Mas,,,,Importer,Tuskegee,KOTRA_SNS_2025,화장품/뷰티
340130,US,Timeless Treasure Healing Facial Skincare,,,,Importer,Brooklyn,KOTRA_SNS_2025,화장품/뷰티
340130,US,Merriville Nails & spa,,,,Importer,Hobart,KOTRA_SNS_2025,화장품/뷰티
340130,US,Cassia cardoso medspa,,,,Importer,Miramar,KOTRA_SNS_2025,화장품/뷰티
340130,US,product tester,,,,Importer,Blackshear,KOTRA_SNS_2025,화장품/뷰티
340130,US,Gorgeous lash extensions,,,,Importer,Chicago,KOTRA_SNS_2025,화장품/뷰티
340130,US,HDMD,,,,Importer,Sugar Land,KOTRA_SNS_2025,화장품/뷰티
340130,US,Bayader LLC,,,,Importer,Richmond,KOTRA_SNS_2025,화장품/뷰티
340130,US,Evie s beauty & wellness,,,,Importer,Garden grove,KOTRA_SNS_2025,화장품/뷰티
340130,US,Honolulu MedSpa,,,,Importer,Honolulu,KOTRA_SNS_2025,화장품/뷰티
340130,US,Bioglow,,,,Importer,Dallas,KOTRA_SNS_2025,화장품/뷰티
340130,US,GG co,,,,Importer,Miami,KOTRA_SNS_2025,화장품/뷰티
340130,US,Nc laser wellness and skin care,,,,Importer,Cary,KOTRA_SNS_2025,화장품/뷰티
340130,TW,Three,,,,Importer,New Taipei City,KOTRA_SNS_2025,화장품/뷰티
340130,US,Fresh face skin,,,,Importer,Ridgway,KOTRA_SNS_2025,화장품/뷰티
340130,US,Dairy Queen,,,,Importer,Tucson,KOTRA_SNS_2025,화장품/뷰티
340130,US,Reyes,,,,Importer,Waco,KOTRA_SNS_2025,화장품/뷰티
340130,US,beautybyreese322,,,,Importer,sophia,KOTRA_SNS_2025,화장품/뷰티
340130,US,RDCC,,,,Importer,Olton,KOTRA_SNS_2025,화장품/뷰티
340130,US,Bell Nursery,,,,Importer,Wilmington,KOTRA_SNS_2025,화장품/뷰티
340130,US,the studd effects,,,,Importer,gallatin,KOTRA_SNS_2025,화장품/뷰티
340130,US,sparkle and shine,,,,Importer,newport,KOTRA_SNS_2025,화장품/뷰티
340130,US,insurance broker,,,,Importer,Phoenix,KOTRA_SNS_2025,화장품/뷰티
340130,US,,,,,Importer,Sidney,KOTRA_SNS_2025,화장품/뷰티
340130,US,True U wellness & Medspa,,,,Importer,West Palm Beach,KOTRA_SNS_2025,화장품/뷰티
340130,US,Chloe's,,,,Importer,sandy hook,KOTRA_SNS_2025,화장품/뷰티
340130,US,barbs,,,,Importer,"flippin, AR",KOTRA_SNS_2025,화장품/뷰티
340130,US,Nkoyo Peoples,,,,Importer,Cincinnati,KOTRA_SNS_2025,화장품/뷰티
340130,US,La Petite Beauty Salon,,,,Importer,Los Angeles,KOTRA_SNS_2025,화장품/뷰티
340130,US,dirtyroaddesigns,,,,Importer,Titusville,KOTRA_SNS_2025,화장품/뷰티
340130,US,Beauty,,,,Importer,Denver,KOTRA_SNS_2025,화장품/뷰티
340130,US,Savvy Stylez llc,,,,Importer,Jacksonville,KOTRA_SNS_2025,화장품/뷰티
340130,US,Grateful hands & Nutrition by ley,,,,Importer,Lawrence,KOTRA_SNS_2025,화장품/뷰티
340130,US,SSP America,,,,Importer,Phoenix,KOTRA_SNS_2025,화장품/뷰티
340130,US,Optimal,,,,Importer,Fort Worth,KOTRA_SNS_2025,화장품/뷰티
330499,Angola,IF Estetica e Fisioterapia,,,,Importer,Luanda,KOTRA_SNS_2025,화장품/뷰티
330499,Angola,Rei dos Doces,,,,Importer,Luanda,KOTRA_SNS_2025,화장품/뷰티
330499,Angola,SIVOP,,,,Importer,Luanda,KOTRA_SNS_2025,화장품/뷰티
330499,Angola,Bela Marina,,,,Importer,Luanda,KOTRA_SNS_2025,화장품/뷰티
330499,Angola,Universo dos livros,,,,Importer,Luanda,KOTRA_SNS_2025,화장품/뷰티
330499,Angola,Ronak Farma,,,,Importer,Luanda,KOTRA_SNS_2025,화장품/뷰티
330499,Angola,Centrooptico,,,,Importer,Luanda,KOTRA_SNS_2025,화장품/뷰티
330499,Angola,Karisma do Corpo,,,,Importer,Luanda,KOTRA_SNS_2025,화장품/뷰티
330499,Angola,Perfumes & beleza,,,,Importer,Luanda,KOTRA_SNS_2025,화장품/뷰티
330499,Angola,Africhahel,,,,Importer,Luanda,KOTRA_SNS_2025,화장품/뷰티
330499,Angola,Obra Forte,,,,Importer,Luanda,KOTRA_SNS_2025,화장품/뷰티
330499,Angola,Darling,,,,Importer,Luanda,KOTRA_SNS_2025,화장품/뷰티
330499,Angola,Misand lda,,,,Importer,Luanda,KOTRA_SNS_2025,화장품/뷰티
330499,Angola,Mariana Miguel,,,,Importer,Luanda,KOTRA_SNS_2025,화장품/뷰티
330499,Angola,COSLAB,,,,Importer,Luanda,KOTRA_SNS_2025,화장품/뷰티
330499,Angola,Felizmina,,,,Importer,Luanda,KOTRA_SNS_2025,화장품/뷰티
330499,KE,Lintons Beauty World,,,,Importer,Nairobi,KOTRA_SNS_2025,화장품/뷰티
330499,KE,Sana Industries Limited,,,,Importer,Nairobi,KOTRA_SNS_2025,화장품/뷰티
330499,KE,Goodlife Pharmacy Healthy & Beauty,,,,Importer,Nairobi,KOTRA_SNS_2025,화장품/뷰티
330499,KE,Tolaram East Africa Limited,,,,Importer,Nairobi,KOTRA_SNS_2025,화장품/뷰티
330499,KE,Di Lorenzo Limited (Olivia Hair),,,,Importer,Nairobi,KOTRA_SNS_2025,화장품/뷰티
330499,KE,Pam Nail Care,,,,Importer,Nairobi,KOTRA_SNS_2025,화장품/뷰티
330499,KE,Spritz Hair Studio,,,,Importer,Nairobi,KOTRA_SNS_2025,화장품/뷰티
330499,KE,Mun'id Spa,,,,Importer,Nairobi,KOTRA_SNS_2025,화장품/뷰티
330499,KE,Lintons Beauty World,,,,Importer,Nairobi,KOTRA_SNS_2025,화장품/뷰티
330499,KE,Sana Industries Limited,,,,Importer,Nairobi,KOTRA_SNS_2025,화장품/뷰티
330499,KE,Goodlife Pharmacy Healthy & Beauty,,,,Importer,Nairobi,KOTRA_SNS_2025,화장품/뷰티
330499,KE,Tolaram East Africa Limited,,,,Importer,Nairobi,KOTRA_SNS_2025,화장품/뷰티
330499,KE,Di Lorenzo Limited (Olivia Hair),,,,Importer,Nairobi,KOTRA_SNS_2025,화장품/뷰티
330499,KE,Pam Nail Care,,,,Importer,Nairobi,KOTRA_SNS_2025,화장품/뷰티
330499,KE,Spritz Hair Studio,,,,Importer,Nairobi,KOTRA_SNS_2025,화장품/뷰티
330499,KE,Mun'id Spa,,,,Importer,Nairobi,KOTRA_SNS_2025,화장품/뷰티
330499,CN,Xiamen Trans Ocean Limited,,,,Importer,Xiamen,KOTRA_SNS_2025,화장품/뷰티
330499,CN,Xiamen Trans Ocean Limited,,,,Importer,Xiamen,KOTRA_SNS_2025,화장품/뷰티
330499,IN,Na,,,,Importer,Mumbai,KOTRA_SNS_2025,화장품/뷰티
330499,IN,manju beauty parlour,,,,Importer,Mumbai,KOTRA_SNS_2025,화장품/뷰티
330499,IN,Linshacare pvt ltd,,,,Importer,Mumbai,KOTRA_SNS_2025,화장품/뷰티
330499,IN,Dr. Ishita's Skin Clinic,,,,Importer,Mumbai,KOTRA_SNS_2025,화장품/뷰티
330499,IN,Makeup Chaska Academy,,,,Importer,Nagpur,KOTRA_SNS_2025,화장품/뷰티
330499,IN,Mody University,,,,Importer,Mumbai,KOTRA_SNS_2025,화장품/뷰티
330499,IN,Cosrosa,,,,Importer,Mumbai,KOTRA_SNS_2025,화장품/뷰티
330499,IN,Zee and zoe advisors consultants and management services,,,,Importer,Pune,KOTRA_SNS_2025,화장품/뷰티
330499,IN,Laxmi enterprises,,,,Importer,Mumbai,KOTRA_SNS_2025,화장품/뷰티
330499,IN,Arthromet,,,,Importer,Mumbai,KOTRA_SNS_2025,화장품/뷰티
330499,IN,Starnet Marketing Pvt ltd,,,,Importer,Mumbai,KOTRA_SNS_2025,화장품/뷰티
330499,IN,Cherryberry,,,,Importer,Mumbai,KOTRA_SNS_2025,화장품/뷰티
330499,IN,Lio cosmeds,,,,Importer,Mumbai,KOTRA_SNS_2025,화장품/뷰티
330590,IN,Amritha international school,,,,Importer,Mumbai,KOTRA_SNS_2025,화장품/뷰티
330499,IN,Balaji,,,,Importer,Mumbai,KOTRA_SNS_2025,화장품/뷰티
330499,IN,Offers house,,,,Importer,Mumbai,KOTRA_SNS_2025,화장품/뷰티
330590,IN,C,,,,Importer,Mumbai,KOTRA_SNS_2025,화장품/뷰티
330499,IN,SINGLA STORES,,,,Importer,Mumbai,KOTRA_SNS_2025,화장품/뷰티
330499,IN,B m retail,,,,Importer,Mumbai,KOTRA_SNS_2025,화장품/뷰티
330499,IN,G,,,,Importer,Mumbai,KOTRA_SNS_2025,화장품/뷰티
330499,IN,Tucelll Global Pvt Ltd,,,,Importer,PUNE,KOTRA_SNS_2025,화장품/뷰티
330499,IN,No,,,,Importer,Mumbai,KOTRA_SNS_2025,화장품/뷰티
330499,IN,Preet Secrets,,,,Importer,Mumbai,KOTRA_SNS_2025,화장품/뷰티
330499,IN,Agrofex private limited,,,,Importer,Mumbai,KOTRA_SNS_2025,화장품/뷰티
330499,IN,Bhumi,,,,Importer,Mumbai,KOTRA_SNS_2025,화장품/뷰티
330499,IN,Huh,,,,Importer,Mumbai,KOTRA_SNS_2025,화장품/뷰티
330499,IN,Growindia,,,,Importer,Mumbai,KOTRA_SNS_2025,화장품/뷰티
330499,IN,Bloomm,,,,Importer,Aurangabad,KOTRA_SNS_2025,화장품/뷰티
330499,IN,pluto,,,,Importer,Mira Road,KOTRA_SNS_2025,화장품/뷰티
330590,IN,Makeovers by Ketki,,,,Importer,Pune,KOTRA_SNS_2025,화장품/뷰티
330499,IN,Goyal Dental And Skin Cosmetology Clinic,,,,Importer,Mumbai,KOTRA_SNS_2025,화장품/뷰티
330499,IN,Saluja traders,,,,Importer,Nagpur,KOTRA_SNS_2025,화장품/뷰티
330499,IN,"Huda Sector 17, Yamuna Nagar, Haryana",,,,Importer,Mumbai,KOTRA_SNS_2025,화장품/뷰티
330499,IN,COSMA GROUP,,,,Importer,Ahmednagar newasa,KOTRA_SNS_2025,화장품/뷰티
330590,IN,"SHUBHAM, DISTRI",,,,Importer,Satara,KOTRA_SNS_2025,화장품/뷰티
330590,IN,Veena rai foundation trust,,,,Importer,Mumbai,KOTRA_SNS_2025,화장품/뷰티
330499,IN,Not Yet Working,,,,Importer,Mumbai,KOTRA_SNS_2025,화장품/뷰티
330499,IN,RR LIFESTYLES,,,,Importer,Mumbai,KOTRA_SNS_2025,화장품/뷰티
330499,IN,jha industriess,,,,Importer,Mumbai,KOTRA_SNS_2025,화장품/뷰티
330499,IN,self,,,,Importer,Mumbai,KOTRA_SNS_2025,화장품/뷰티
330499,IN,KEJON ENTERPRISES PVT LTD,,,,Importer,Mumbai,KOTRA_SNS_2025,화장품/뷰티
330590,IN,S V global trading and contracting private limited,,,,Importer,Mumbai,KOTRA_SNS_2025,화장품/뷰티
330499,IN,Roorkee Manglour,,,,Importer,Mumbai,KOTRA_SNS_2025,화장품/뷰티
330499,IN,Skinblisspharmaceutical,,,,Importer,Mumbai,KOTRA_SNS_2025,화장품/뷰티
330499,IN,Saltex,,,,Importer,Mumbai,KOTRA_SNS_2025,화장품/뷰티
330499,IN,economic green,,,,Importer,Mumbai,KOTRA_SNS_2025,화장품/뷰티
330499,IN,Business Owner,,,,Importer,Aurangabad,KOTRA_SNS_2025,화장품/뷰티
330499,IN,Mio-pop,,,,Importer,Mumbai,KOTRA_SNS_2025,화장품/뷰티
330499,IN,Zero Gravity Multiventures Pvt Ltd,,,,Importer,Mumbai,KOTRA_SNS_2025,화장품/뷰티
330499,IN,SQINTALK COSMECEUTICALS PVT. LTD,,,,Importer,Mumbai,KOTRA_SNS_2025,화장품/뷰티
330499,IN,KATALYSST CPG Consultants,,,,Importer,Mumbai,KOTRA_SNS_2025,화장품/뷰티
330499,ROMANIA,SABIT NETWORKS,,,,Importer,BUCURESTI,KOTRA_SNS_2025,화장품/뷰티
330499,Ethiopia,G.k.A enterprise p.l. c,,,,Importer,Addis Ababa,KOTRA_SNS_2025,화장품/뷰티
330499,Pakistan,CYNOSURE INDUSTRY,,,,Importer,sialkot,KOTRA_SNS_2025,화장품/뷰티
330499,Pakistan,PeridotProductsLtdFormerlySaraleeKiwiPakistan,,,,Importer,Karachi,KOTRA_SNS_2025,화장품/뷰티
330499,Uzbekistan,Vafra TURK plast,,,,Importer,Tashkent,KOTRA_SNS_2025,화장품/뷰티
330499,Kazakhstan,Voskhod Group,,,,Importer,Актобе,KOTRA_SNS_2025,화장품/뷰티
330499,Kuwait,VALA |,,,,Importer,Kuwait City Metropolitan Area,KOTRA_SNS_2025,화장품/뷰티
330499,Kuwait,Union Trading Company,,,,Importer,Al Asimah,KOTRA_SNS_2025,화장품/뷰티
330499,Kuwait,Droom General Trading,,,,Importer,Al Asimah,KOTRA_SNS_2025,화장품/뷰티
330499,Saudi Arabia,KOTRA Riyadh,,,,Importer,Riyadh,KOTRA_SNS_2025,화장품/뷰티
330499,Kuwait,Beauty Pharm General Trading co,,,,Importer,Kuwait,KOTRA_SNS_2025,화장품/뷰티
330499,Kuwait,Confidencial,,,,Importer,Al Asimah,KOTRA_SNS_2025,화장품/뷰티
330499,Ethiopia,university of gondar,,,,Importer,Gonder,KOTRA_SNS_2025,화장품/뷰티
330499,KR,ㅗㅗㅕ,,,,Importer,Seoul,KOTRA_SNS_2025,화장품/뷰티
330499,US,Solo Skin LLC,,,,Importer,Manhattan,KOTRA_SNS_2025,화장품/뷰티
330499,US,G,,,,Importer,Detroit,KOTRA_SNS_2025,화장품/뷰티
330499,HN,Im-Export Market,,,,Importer,Tegucigalpa,KOTRA_SNS_2025,화장품/뷰티
330499,US,OPKO Health,,,,Importer,Edgewater Park,KOTRA_SNS_2025,화장품/뷰티
330499,US,Lyfeofissimplysaying,,,,Importer,Boston,KOTRA_SNS_2025,화장품/뷰티
330499,US,Miami Fast Plastering Inc,,,,Importer,Miami Springs,KOTRA_SNS_2025,화장품/뷰티
330499,CA,DreamMind,,,,Importer,Ottawa,KOTRA_SNS_2025,화장품/뷰티
330499,US,Google Ads,,,,Importer,Miami,KOTRA_SNS_2025,화장품/뷰티
330499,US,24k cosmetics Inc,,,,Importer,Wyckoff,KOTRA_SNS_2025,화장품/뷰티
330499,US,Kuddy Cosmetics,,,,Importer,Atlanta,KOTRA_SNS_2025,화장품/뷰티
330499,GH,Youth Republic,,,,Importer,Accra,KOTRA_SNS_2025,화장품/뷰티
330499,US,Shawcosmetics_supplements,,,,Importer,Lagos,KOTRA_SNS_2025,화장품/뷰티
330499,ET,YRS Trading PLC,,,,Importer,Addis,KOTRA_SNS_2025,화장품/뷰티
330499,NG,Apples and Oranges Hilton Spa,,,,Importer,Abuja,KOTRA_SNS_2025,화장품/뷰티
330499,GH,Dzordzoeskincaregh,,,,Importer,Accra,KOTRA_SNS_2025,화장품/뷰티
330499,ET,Tahir Dawud huseen,,,,Importer,Jimma,KOTRA_SNS_2025,화장품/뷰티
330499,NG,Sinai Collaterals Limited,,,,Importer,Lagos,KOTRA_SNS_2025,화장품/뷰티
330499,ET,Blen,,,,Importer,Addis ababa,KOTRA_SNS_2025,화장품/뷰티
330499,NG,Tech sphere,,,,Importer,Lagos,KOTRA_SNS_2025,화장품/뷰티
330499,NG,Alpha Tractors Ltd,,,,Importer,Ibadan,KOTRA_SNS_2025,화장품/뷰티
330499,NG,K Beauty Bar,,,,Importer,Kaduna,KOTRA_SNS_2025,화장품/뷰티
330499,NG,SB MAISALLAH AND SONS LTD,,,,Importer,Kano,KOTRA_SNS_2025,화장품/뷰티
330499,ZA,FNB,,,,Importer,Centurion,KOTRA_SNS_2025,화장품/뷰티
330499,NG,Timades place,,,,Importer,Lagos,KOTRA_SNS_2025,화장품/뷰티
330499,NG,Nexa Vibe Innovations,,,,Importer,Port Harcourt,KOTRA_SNS_2025,화장품/뷰티
330499,NG,pestkil,,,,Importer,Lagos,KOTRA_SNS_2025,화장품/뷰티
330499,NG,B O ODIKA & Co.,,,,Importer,Lagos,KOTRA_SNS_2025,화장품/뷰티
330499,KE,Cultured hair,,,,Importer,Nairobi,KOTRA_SNS_2025,화장품/뷰티
330499,CI,LYON,,,,Importer,Cocody,KOTRA_SNS_2025,화장품/뷰티
330499,NG,Approved itineraries,,,,Importer,Lagos,KOTRA_SNS_2025,화장품/뷰티
330499,MA,Le Korean house,,,,Importer,Sal,KOTRA_SNS_2025,화장품/뷰티
330499,KW,kuwait,,,,Importer,kuwait,KOTRA_SNS_2025,화장품/뷰티
330499,MA,Facebook,,,,Importer,Ifrane Atlas saghir guelmim,KOTRA_SNS_2025,화장품/뷰티
330499,OM,Turkish private clinics oman,,,,Importer,Muscat,KOTRA_SNS_2025,화장품/뷰티
330499,PK,Director,,,,Importer,Karachi,KOTRA_SNS_2025,화장품/뷰티
330499,IN,Rewa global international,,,,Importer,Lucknow,KOTRA_SNS_2025,화장품/뷰티
330499,IN,Swastika Overseas,,,,Importer,hdhdhfhf,KOTRA_SNS_2025,화장품/뷰티
330499,PK,Suri travel and tours,,,,Importer,Karachi,KOTRA_SNS_2025,화장품/뷰티
330499,PK,Mega industries,,,,Importer,Karachi,KOTRA_SNS_2025,화장품/뷰티
330499,PK,I'm a Software Developer in US based Company,,,,Importer,Lahore,KOTRA_SNS_2025,화장품/뷰티
330499,PK,Hassan Enterprises,,,,Importer,Gujranwala,KOTRA_SNS_2025,화장품/뷰티
330499,SA,Ezii Agency,,,,Importer,Khobar,KOTRA_SNS_2025,화장품/뷰티
330499,PK,Plush Traders,,,,Importer,Sialkot,KOTRA_SNS_2025,화장품/뷰티
330499,PK,Dreams Impex,,,,Importer,Faisalabad,KOTRA_SNS_2025,화장품/뷰티
330499,IN,Talwinder Trading co,,,,Importer,Gurdaspur,KOTRA_SNS_2025,화장품/뷰티
330499,LK,RUBY GLOBAL INTERNATIONAL PVT LTD,,,,Importer,eheliyagoda,KOTRA_SNS_2025,화장품/뷰티
330499,IN,Al.Hind Exports,,,,Importer,Mumbai,KOTRA_SNS_2025,화장품/뷰티
330499,MZ,Facebook,,,,Importer,Maputo,KOTRA_SNS_2025,화장품/뷰티
330499,NG,Wadesystem,,,,Importer,lagos,KOTRA_SNS_2025,화장품/뷰티
330499,NG,Obiclassy,,,,Importer,Lagos,KOTRA_SNS_2025,화장품/뷰티
330499,NG,Solid Dominion global ltd,,,,Importer,Lagos,KOTRA_SNS_2025,화장품/뷰티
330499,NG,Selcah Events,,,,Importer,Abuja,KOTRA_SNS_2025,화장품/뷰티
330499,MZ,DP&MB,,,,Importer,Maputo,KOTRA_SNS_2025,화장품/뷰티
330499,ET,Yanna's fashion,,,,Importer,Addis Ababa,KOTRA_SNS_2025,화장품/뷰티
330499,NG,Dixville Resources Ltd,,,,Importer,Lagos,KOTRA_SNS_2025,화장품/뷰티
330499,TZ,Microfinance Tanzania Limited,,,,Importer,Tanga,KOTRA_SNS_2025,화장품/뷰티
330499,NG,NYSC,,,,Importer,Lagos,KOTRA_SNS_2025,화장품/뷰티
330499,NG,CLASS 80 GLOBAL LOGISTICS LTD,,,,Importer,Lagos,KOTRA_SNS_2025,화장품/뷰티
330499,KE,businessman,,,,Importer,Nairobi,KOTRA_SNS_2025,화장품/뷰티
330499,KE,Nuzo,,,,Importer,Nairobi,KOTRA_SNS_2025,화장품/뷰티
330499,NG,Keben homes,,,,Importer,Lagos,KOTRA_SNS_2025,화장품/뷰티
330499,NG,PMEE Global ventures,,,,Importer,Abuja,KOTRA_SNS_2025,화장품/뷰티
330499,DZ,Manar cos,,,,Importer,Algiers,KOTRA_SNS_2025,화장품/뷰티
330499,TN,BOUAZIZ-ELECTR,,,,Importer,tripoli,KOTRA_SNS_2025,화장품/뷰티
330499,AE,Beloved,,,,Importer,Dubai,KOTRA_SNS_2025,화장품/뷰티
330499,DZ,no,,,,Importer,Algiers,KOTRA_SNS_2025,화장품/뷰티
330499,OM,Olive Tree International LLC,,,,Importer,Muscat,KOTRA_SNS_2025,화장품/뷰티
330499,MA,Al amine busness distribution,,,,Importer,Dakar,KOTRA_SNS_2025,화장품/뷰티
330499,SA,Skin mood,,,,Importer,Qatif,KOTRA_SNS_2025,화장품/뷰티
330499,AE,Naz Beauty Ladies Salon,,,,Importer,Abu Dhabi,KOTRA_SNS_2025,화장품/뷰티
330499,UZ,IBG Uzbekistan,,,,Importer,Tashkent,KOTRA_SNS_2025,화장품/뷰티
330499,KZ,Sauwat Education,,,,Importer,Astana,KOTRA_SNS_2025,화장품/뷰티
330499,UZ,"Tashkent, Uzbekistan",,,,Importer,Tashkent,KOTRA_SNS_2025,화장품/뷰티
330499,MN,Khuslen cosmetics,,,,Importer,Ulaanbaatar,KOTRA_SNS_2025,화장품/뷰티
330499,MN,"Ulaanbaatar, Mongolia",,,,Importer,Ulaanbaatar,KOTRA_SNS_2025,화장품/뷰티
330499,PH,Althea,,,,Importer,Muntinlupa,KOTRA_SNS_2025,화장품/뷰티
330499,PH,Izzo Shop,,,,Importer,Paraaque,KOTRA_SNS_2025,화장품/뷰티
330499,ID,On line shop,,,,Importer,Bandung,KOTRA_SNS_2025,화장품/뷰티
330499,PH,Operations Manager,,,,Importer,Manila,KOTRA_SNS_2025,화장품/뷰티
330499,PH,Trijam trading,,,,Importer,Makati,KOTRA_SNS_2025,화장품/뷰티
330499,PH,Seamanok,,,,Importer,Cebu City,KOTRA_SNS_2025,화장품/뷰티
330499,ID,raja gudang,,,,Importer,bandung,KOTRA_SNS_2025,화장품/뷰티
330499,US,1111@ .come 163,,,,Importer,North Sydney,KOTRA_SNS_2025,화장품/뷰티
330499,US,Fast and Forward Prep Center,,,,Importer,New Port Richey,KOTRA_SNS_2025,화장품/뷰티
330499,PH,Ikeda worldwide enterprises corp,,,,Importer,Quezon City,KOTRA_SNS_2025,화장품/뷰티
330499,ID,Bawana,,,,Importer,Jakarta,KOTRA_SNS_2025,화장품/뷰티
330499,PH,HECI,,,,Importer,Dagupan City,KOTRA_SNS_2025,화장품/뷰티
330499,SG,golden plains hardware and farm supply,,,,Importer,davao city,KOTRA_SNS_2025,화장품/뷰티
330499,PH,Brandhub Philippines,,,,Importer,San Fernando,KOTRA_SNS_2025,화장품/뷰티
330499,PH,SMDC International Sales by Francesca Alzona,,,,Importer,Muntinlupa,KOTRA_SNS_2025,화장품/뷰티
330499,US,smk sultanah asma,,,,Importer,alor setar,KOTRA_SNS_2025,화장품/뷰티
330499,CO,Kuren,,,,Importer,Bogota,KOTRA_SNS_2025,화장품/뷰티
330499,AR,BBOX SRL,,,,Importer,Buenos Aires,KOTRA_SNS_2025,화장품/뷰티
330499,BR,Kali’station Int ltd,,,,Importer,Sao Paulo,KOTRA_SNS_2025,화장품/뷰티
330499,DO,consorcio pagar,,,,Importer,Sa ti domingo,KOTRA_SNS_2025,화장품/뷰티
330499,EC,Lotus,,,,Importer,Cuenca,KOTRA_SNS_2025,화장품/뷰티
330499,GT,Geosistec,,,,Importer,Guatemala,KOTRA_SNS_2025,화장품/뷰티
330499,PK,shah,,,,Importer,PESHAWAR,KOTRA_SNS_2025,화장품/뷰티
330499,IN,JAGDMBA NUTRICARE LLP,,,,Importer,Punjab,KOTRA_SNS_2025,화장품/뷰티
330499,IN,dhea enterprise,,,,Importer,Gandhinagar,KOTRA_SNS_2025,화장품/뷰티
330499,PK,Hashir Enterprise,,,,Importer,Hyderabad (sindh) pakistan,KOTRA_SNS_2025,화장품/뷰티
330499,IN,Tanvi International LLC,,,,Importer,Mumbai,KOTRA_SNS_2025,화장품/뷰티
330499,HK,Chillz-Online,,,,Importer,Hong Kong,KOTRA_SNS_2025,화장품/뷰티
330499,HK,Al saqr Al ahmer,,,,Importer,Hong Kong,KOTRA_SNS_2025,화장품/뷰티
330499,HK,KiNE,,,,Importer,Hong Kong,KOTRA_SNS_2025,화장품/뷰티
330499,CN,NANJING GEELONG HAPPINESE INTERNATIONAL TRADING COMPANY,,,,Importer,NANJING,KOTRA_SNS_2025,화장품/뷰티
330499,CN,"Jiangsu Zhongman Film and Television Technology Co., Ltd.",,,,Importer,NANJING,KOTRA_SNS_2025,화장품/뷰티
330499,CN,"Suzhou Xi'ai Biotechnology Co., Ltd.",,,,Importer,NANJING,KOTRA_SNS_2025,화장품/뷰티
330499,PH,888 goods,,,,Importer,Davao City,KOTRA_SNS_2025,화장품/뷰티
330499,PH,Insular Rattan,,,,Importer,Metro Manila,KOTRA_SNS_2025,화장품/뷰티
330499,US,Zandi International KB,,,,Importer,Jonkoping,KOTRA_SNS_2025,화장품/뷰티
330499,FR,STUDIOMAY,,,,Importer,Marseille,KOTRA_SNS_2025,화장품/뷰티
330499,ES,Glow Up Ur Age,,,,Importer,Madrid,KOTRA_SNS_2025,화장품/뷰티
330499,FR,Asian Events Paris,,,,Importer,Paris,KOTRA_SNS_2025,화장품/뷰티
330499,BG,Olcom Ltd,,,,Importer,Plovdiv,KOTRA_SNS_2025,화장품/뷰티
330499,HK,Regina Skin Medical Company Limited,,,,Importer,Hong Kong,KOTRA_SNS_2025,화장품/뷰티
330499,IR,娛樂城,,,,Importer,Taipei,KOTRA_SNS_2025,화장품/뷰티
330499,IN,Spk kitchen,,,,Importer,Chennai,KOTRA_SNS_2025,화장품/뷰티
330499,IN,Ssutra Consultancy,,,,Importer,Faridabad,KOTRA_SNS_2025,화장품/뷰티
330499,PK,Made in Korea,,,,Importer,Karachi,KOTRA_SNS_2025,화장품/뷰티
330499,IN,Total beauty,,,,Importer,Mumbai,KOTRA_SNS_2025,화장품/뷰티
330499,IN,D9skincare,,,,Importer,Mumbai,KOTRA_SNS_2025,화장품/뷰티
330499,KH,SC Digital,,,,Importer,Phnom Penh,KOTRA_SNS_2025,화장품/뷰티
330499,CHINA/ZHEJIANG,"Hangzhou Wanhui Trading Co., Ltd",,,,Importer,HANGZHOU,KOTRA_SNS_2025,화장품/뷰티
330499,PH,VF&Co,,,,Importer,Makati City,KOTRA_SNS_2025,화장품/뷰티
330499,ID,Infinity_kmall,,,,Importer,medan,KOTRA_SNS_2025,화장품/뷰티
330499,PT,Cavadas,,,,Importer,Maia,KOTRA_SNS_2025,화장품/뷰티
330499,IN,Olifair,,,,Importer,Tiruvallur,KOTRA_SNS_2025,화장품/뷰티
330499,IN,Lio cosmeds,,,,Importer,Bhopal,KOTRA_SNS_2025,화장품/뷰티
330499,JP,Goldman Sachs,,,,Importer,Tokyo,KOTRA_SNS_2025,화장품/뷰티
330499,RS,Ghhjjj,,,,Importer,Pancevo,KOTRA_SNS_2025,화장품/뷰티
330499,PK,TDS FIGHT CLUB:,,,,Importer,Sohawa,KOTRA_SNS_2025,화장품/뷰티
330499,PK,Dermacare global,,,,Importer,Karachi,KOTRA_SNS_2025,화장품/뷰티
330499,IN,Bajaj krishi gram,,,,Importer,Hisar,KOTRA_SNS_2025,화장품/뷰티
330499,PK,Quotedlab,,,,Importer,Rawalpindi,KOTRA_SNS_2025,화장품/뷰티
330499,IN,KD technology,,,,Importer,Surat,KOTRA_SNS_2025,화장품/뷰티
330499,cn,SHANGHAI YUNZHUANG INTERTRADE CO LTD,,,,Importer,ZHENGZHOU,KOTRA_SNS_2025,화장품/뷰티
330499,JP,MEDIK INC.,,,,Importer,TOKYO,KOTRA_SNS_2025,화장품/뷰티
330499,JP,MIZUHARA,,,,Importer,TOKYO,KOTRA_SNS_2025,화장품/뷰티
330499,JP,primojapan,,,,Importer,TOKYO,KOTRA_SNS_2025,화장품/뷰티
330499,US,9876543220,,,,Importer,44145298,KOTRA_SNS_2025,화장품/뷰티
330499,UA,Ko,,,,Importer,Shanghai,KOTRA_SNS_2025,화장품/뷰티
330499,UK,Baifumei Group Ltd,,,,Importer,Paphos,KOTRA_SNS_2025,화장품/뷰티
330499,IN,kulhari export import pvt ltd,,,,Importer,Chongqing,KOTRA_SNS_2025,화장품/뷰티
330499,TW,Work House,,,,Importer,kaoshion,KOTRA_SNS_2025,화장품/뷰티
330499,SG,Carbon Zero Venture Capital,,,,Importer,Sg,KOTRA_SNS_2025,화장품/뷰티
330499,JP,に,,,,Importer,伊丹,KOTRA_SNS_2025,화장품/뷰티
330499,TH,Kiran,,,,Importer,Bangkok,KOTRA_SNS_2025,화장품/뷰티
330499,CN,Asia Insitution,,,,Importer,Shanghai,KOTRA_SNS_2025,화장품/뷰티
330499,US,ソフトウェア,,,,Importer,酒田市ヶ崎,KOTRA_SNS_2025,화장품/뷰티
330499,TH,"Plusmax Po Co.,ltd",,,,Importer,Bangkok,KOTRA_SNS_2025,화장품/뷰티
330499,CN,公司,,,,Importer,沙,KOTRA_SNS_2025,화장품/뷰티
330499,TW,gy,,,,Importer,Tainan,KOTRA_SNS_2025,화장품/뷰티
330499,TH,Training Centre,,,,Importer,Bangkok,KOTRA_SNS_2025,화장품/뷰티
330499,VN,Roxella's,,,,Importer,Ciudad Ho Chi Minh,KOTRA_SNS_2025,화장품/뷰티
330499,TH,private business,,,,Importer,Bangkok,KOTRA_SNS_2025,화장품/뷰티
330499,FR,娛樂城,,,,Importer,Taipei,KOTRA_SNS_2025,화장품/뷰티
330510,US,銷班,,,,Importer,嘉義縣,KOTRA_SNS_2025,화장품/뷰티
330510,ID,Jinga&Benga Tasty Corp.,,,,Importer,Denpasar,KOTRA_SNS_2025,화장품/뷰티
330510,TH,asli muse Herb product,,,,Importer,bangkok,KOTRA_SNS_2025,화장품/뷰티
330510,TH,K.g.medical coperation,,,,Importer,Bangkok,KOTRA_SNS_2025,화장품/뷰티
330510,US,幼杰,,,,Importer,張幼傑,KOTRA_SNS_2025,화장품/뷰티
330510,TH,APCO,,,,Importer,Bangkok,KOTRA_SNS_2025,화장품/뷰티
330510,US,yyy,,,,Importer,bhh,KOTRA_SNS_2025,화장품/뷰티
330510,TH,samurai& ninja,,,,Importer,bbk,KOTRA_SNS_2025,화장품/뷰티
330510,GB,娛樂城,,,,Importer,Taipei,KOTRA_SNS_2025,화장품/뷰티
330610,US,Mannatech International,,,,Importer,Coppell,KOTRA_SNS_2025,화장품/뷰티
330610,US,Ford Performance Health,,,,Importer,Plano,KOTRA_SNS_2025,화장품/뷰티
330610,US,Abelha,,,,Importer,Denver,KOTRA_SNS_2025,화장품/뷰티
330610,MY,Golden wagon,,,,Importer,Kluang,KOTRA_SNS_2025,화장품/뷰티
330610,US,,,,,Importer,Lincoln,KOTRA_SNS_2025,화장품/뷰티
330610,MM,Zawawi,,,,Importer,174299751,KOTRA_SNS_2025,화장품/뷰티
330610,US,Shamario,,,,Importer,Nlv,KOTRA_SNS_2025,화장품/뷰티
330610,US,angelina vibes,,,,Importer,cheras,KOTRA_SNS_2025,화장품/뷰티
330610,MY,medib,,,,Importer,Kuala Lumpur,KOTRA_SNS_2025,화장품/뷰티
330610,MM,I & R Company Limited,,,,Importer,Yangon,KOTRA_SNS_2025,화장품/뷰티
330610,US,rkskak,,,,Importer,lfkzsk,KOTRA_SNS_2025,화장품/뷰티
330610,US,.,,,,Importer,Kuching,KOTRA_SNS_2025,화장품/뷰티
330610,US,Best Face Forward,,,,Importer,Schererville,KOTRA_SNS_2025,화장품/뷰티
330610,MY,Mannez Enterprise,,,,Importer,Petaling Jaya,KOTRA_SNS_2025,화장품/뷰티
330610,US,g nature,,,,Importer,kl ／ pg,KOTRA_SNS_2025,화장품/뷰티
330499,MY,Next Trend Publications,,,,Importer,Kl,KOTRA_SNS_2025,화장품/뷰티
330499,AQ,Wyc,,,,Importer,Petaling Jaya,KOTRA_SNS_2025,화장품/뷰티
330499,MY,beuty,,,,Importer,"Cheras, Selangor",KOTRA_SNS_2025,화장품/뷰티
330499,US,.,,,,Importer,Kuching,KOTRA_SNS_2025,화장품/뷰티
330499,MY,cake,,,,Importer,selangor,KOTRA_SNS_2025,화장품/뷰티
330499,MY,.,,,,Importer,KLf,KOTRA_SNS_2025,화장품/뷰티
330499,MY,Own businesses,,,,Importer,Penang,KOTRA_SNS_2025,화장품/뷰티
330499,VN,Thnh ph H Ni,,,,Importer,HA NOI,KOTRA_SNS_2025,화장품/뷰티
330499,MY,Wafie enterprise,,,,Importer,Bayan lepas,KOTRA_SNS_2025,화장품/뷰티
330499,VN,Aka Digital,,,,Importer,Ho Chi Minh City,KOTRA_SNS_2025,화장품/뷰티
330499,VN,Cng ty tnhh sx &tm Bo Kim,,,,Importer,Da Nang,KOTRA_SNS_2025,화장품/뷰티
330499,MY,Malaysian Federation of the Deaf,,,,Importer,Pahang,KOTRA_SNS_2025,화장품/뷰티
330499,KZ,Visage,,,,Importer,Almaty,KOTRA_SNS_2025,화장품/뷰티
330499,KZ,abr,,,,Importer,Almaty,KOTRA_SNS_2025,화장품/뷰티
330499,KZ,Ип алима,,,,Importer,Almaty,KOTRA_SNS_2025,화장품/뷰티
330499,KZ,Gg,,,,Importer,Almaty,KOTRA_SNS_2025,화장품/뷰티
330499,KZ,Canofix,,,,Importer,Almaty,KOTRA_SNS_2025,화장품/뷰티
330499,RU,Простор,,,,Importer,Орел,KOTRA_SNS_2025,화장품/뷰티
330499,KZ,Boran Beauty,,,,Importer,Almaty,KOTRA_SNS_2025,화장품/뷰티
330499,KZ,IP Mirusma,,,,Importer,Almaty,KOTRA_SNS_2025,화장품/뷰티
330499,KZ,Альпон,,,,Importer,Almaty,KOTRA_SNS_2025,화장품/뷰티
330499,KZ,ИП YERDEN,,,,Importer,Almaty,KOTRA_SNS_2025,화장품/뷰티
330499,KZ,Sheshenamy,,,,Importer,Almaty,KOTRA_SNS_2025,화장품/뷰티
330499,KZ,Sheshenamy,,,,Importer,Almaty,KOTRA_SNS_2025,화장품/뷰티
330499,KZ,Deville,,,,Importer,Almaty,KOTRA_SNS_2025,화장품/뷰티
330499,TH,999,,,,Importer,Guangzhou Shi,KOTRA_SNS_2025,화장품/뷰티
330499,South Korea,KOTRA,,,,Importer,Seoul,KOTRA_SNS_2025,화장품/뷰티
330499,United States,KOTRA Silicon Valley,,,,Importer,San Jose,KOTRA_SNS_2025,화장품/뷰티
330499,PH,Animals and things per specialist,,,,Importer,Manila,KOTRA_SNS_2025,화장품/뷰티
330499,PH,Saeskin,,,,Importer,Baliuag,KOTRA_SNS_2025,화장품/뷰티
330499,US,Le Financial,,,,Importer,Westminster,KOTRA_SNS_2025,화장품/뷰티
330499,US,Shewan,,,,Importer,Chantilly,KOTRA_SNS_2025,화장품/뷰티
330499,US,Omj,,,,Importer,Glenview,KOTRA_SNS_2025,화장품/뷰티
330499,US,Adjewa,,,,Importer,Fall river,KOTRA_SNS_2025,화장품/뷰티
330499,LK,My care medical supplies Pvt Ltd,,,,Importer,Nittambuwa,KOTRA_SNS_2025,화장품/뷰티
330499,IN,Rightbrain Creations Pvt Ltd,,,,Importer,Udaipur,KOTRA_SNS_2025,화장품/뷰티
330499,BD,TANVIR HOSSAIN LLC,,,,Importer,Narayanganj,KOTRA_SNS_2025,화장품/뷰티
330499,GB,Universal College Oxfordshire,,,,Importer,Colombo,KOTRA_SNS_2025,화장품/뷰티
330499,PK,..,,,,Importer,Lahore,KOTRA_SNS_2025,화장품/뷰티
330499,NG,International institute of tropical agriculture,,,,Importer,Mowe,KOTRA_SNS_2025,화장품/뷰티
330499,GH,City Facilities Management Ltd,,,,Importer,Accra,KOTRA_SNS_2025,화장품/뷰티
330499,NG,ATM INVESTMENT KANO,,,,Importer,KANO,KOTRA_SNS_2025,화장품/뷰티
330499,NG,Mcgefs,,,,Importer,Jos,KOTRA_SNS_2025,화장품/뷰티
330499,NG,"Federal Teaching Hospital, Ido-Ekiti, Ekiti-State,Nigeria.",,,,Importer,Iddo Ekiti,KOTRA_SNS_2025,화장품/뷰티
330499,ES,Cruman,,,,Importer,Madrid,KOTRA_SNS_2025,화장품/뷰티
330499,CO,D y L Distribuciones S.A.S,,,,Importer,Bogota,KOTRA_SNS_2025,화장품/뷰티
330499,DO,Inversiones pignon srl,,,,Importer,Santo domingo,KOTRA_SNS_2025,화장품/뷰티
330499,MA,Ocean Glow,,,,Importer,Casablanca,KOTRA_SNS_2025,화장품/뷰티
330499,Mongolia,sangaatrade llc,,,,Importer,ulaanbaatar,KOTRA_SNS_2025,화장품/뷰티
330499,VN,Bewon,,,,Importer,Hanoi,KOTRA_SNS_2025,화장품/뷰티
330499,PH,Micah Salon,,,,Importer,Manila,KOTRA_SNS_2025,화장품/뷰티
330499,PH,Sensible skin,,,,Importer,Makati,KOTRA_SNS_2025,화장품/뷰티
330499,AU,VayCay Beauty,,,,Importer,Melbourne,KOTRA_SNS_2025,화장품/뷰티
330499,ID,CV. Cantik Retail Indonesia,,,,Importer,Bekasi,KOTRA_SNS_2025,화장품/뷰티
330499,US,Born2Blush,,,,Importer,Frisco,KOTRA_SNS_2025,화장품/뷰티
330499,GB,AYGTRADING LTD,,,,Importer,Birmingham,KOTRA_SNS_2025,화장품/뷰티
330499,PK,GTEX,,,,Importer,Fsd,KOTRA_SNS_2025,화장품/뷰티
330499,IN,Skin Zens,,,,Importer,Mumbai,KOTRA_SNS_2025,화장품/뷰티
330499,IN,.,,,,Importer,Delhi,KOTRA_SNS_2025,화장품/뷰티
330499,IN,Biolume Skin Science,,,,Importer,Noida,KOTRA_SNS_2025,화장품/뷰티
330499,BD,Beautysiaa Ltd.,,,,Importer,Dhaka,KOTRA_SNS_2025,화장품/뷰티
330499,IN,Cowbit Technologies Pvt Ltd,,,,Importer,Bhubaneswar,KOTRA_SNS_2025,화장품/뷰티
330499,BD,Wabby,,,,Importer,Dhaka,KOTRA_SNS_2025,화장품/뷰티
330499,IN,Tegument cosmoceuticals,,,,Importer,Ahmedabad,KOTRA_SNS_2025,화장품/뷰티
330499,IN,Thakurji trading and Co,,,,Importer,Aurangabad,KOTRA_SNS_2025,화장품/뷰티
330499,IN,Positivemakeover,,,,Importer,Hyderabad,KOTRA_SNS_2025,화장품/뷰티
330499,IN,Gleam Laboratories,,,,Importer,Ahmedabad,KOTRA_SNS_2025,화장품/뷰티
330499,NG,A3 Beauty,,,,Importer,Lagos,KOTRA_SNS_2025,화장품/뷰티
330499,TZ,Student at sokoine university,,,,Importer,Dar es Salaam,KOTRA_SNS_2025,화장품/뷰티
330499,ZA,BeautyBeats,,,,Importer,Johannesburg,KOTRA_SNS_2025,화장품/뷰티
330499,NG,Successful Global Resouces,,,,Importer,Aba,KOTRA_SNS_2025,화장품/뷰티
330499,NG,Luscious By Lisa,,,,Importer,Lagos,KOTRA_SNS_2025,화장품/뷰티
330499,ET,"Addis Ababa, Ethiopia",,,,Importer,Addis Ababa,KOTRA_SNS_2025,화장품/뷰티
330499,PY,WOW!,,,,Importer,Asuncion,KOTRA_SNS_2025,화장품/뷰티
330499,CO,CF foods,,,,Importer,Medellin,KOTRA_SNS_2025,화장품/뷰티
330499,CO,MuFFCo,,,,Importer,Medelln,KOTRA_SNS_2025,화장품/뷰티
330499,PA,Simerah,,,,Importer,Panama City,KOTRA_SNS_2025,화장품/뷰티
330499,MA,M,,,,Importer,Agadir,KOTRA_SNS_2025,화장품/뷰티
330499,TN,Pharmavera,,,,Importer,sfax,KOTRA_SNS_2025,화장품/뷰티
330499,DZ,Eurl Okba Hygi,,,,Importer,Algiers,KOTRA_SNS_2025,화장품/뷰티
330499,US,"Aquamoon, LLC",,,,Importer,Philadelphia,KOTRA_SNS_2025,화장품/뷰티
330499,US,eBay,,,,Importer,Newton,KOTRA_SNS_2025,화장품/뷰티
330499,US,Dollar Tree,,,,Importer,watertown,KOTRA_SNS_2025,화장품/뷰티
330499,US,112 meadow ln,,,,Importer,Lititz pennsylvania 17534,KOTRA_SNS_2025,화장품/뷰티
330499,US,519 s quincy st,,,,Importer,Green Bay,KOTRA_SNS_2025,화장품/뷰티
330499,US,myself,,,,Importer,Ocean Springs,KOTRA_SNS_2025,화장품/뷰티
330499,US,Retail Manager at Waverly Par Mar Valero,,,,Importer,Chillicothe,KOTRA_SNS_2025,화장품/뷰티
330499,US,Eco-Green Air,,,,Importer,Youngsville,KOTRA_SNS_2025,화장품/뷰티
330499,US,DontGotOns,,,,Importer,D’Iberville,KOTRA_SNS_2025,화장품/뷰티
330499,US,Kalie’s,,,,Importer,Brooklyn,KOTRA_SNS_2025,화장품/뷰티
330499,US,343 north 2nd ave,,,,Importer,oakdale,KOTRA_SNS_2025,화장품/뷰티
330499,US,Beautician,,,,Importer,Franklin,KOTRA_SNS_2025,화장품/뷰티
330499,PA,Garner's Piggly Wiggly Express,,,,Importer,Panama City,KOTRA_SNS_2025,화장품/뷰티
330499,US,ctfo,,,,Importer,pocatello,KOTRA_SNS_2025,화장품/뷰티
330499,US,"177 Laura Lane Somerset, KY.",,,,Importer,42503,KOTRA_SNS_2025,화장품/뷰티
330499,US,The Revolver,,,,Importer,san diego,KOTRA_SNS_2025,화장품/뷰티
330499,US,The Krusty Krab,,,,Importer,Saginaw,KOTRA_SNS_2025,화장품/뷰티
330499,US,tracie;s talent's,,,,Importer,newberry,KOTRA_SNS_2025,화장품/뷰티
330499,US,Touch Skin Care Terapist Expert,,,,Importer,Homestead,KOTRA_SNS_2025,화장품/뷰티
330499,US,N/a4333 veronica ave,,,,Importer,Castro valley,KOTRA_SNS_2025,화장품/뷰티
330499,US,Amazon Fulfillment Center SDF9,,,,Importer,Berea,KOTRA_SNS_2025,화장품/뷰티
330499,US,bella,,,,Importer,Palmdale,KOTRA_SNS_2025,화장품/뷰티
330499,US,,,,,Importer,Lincoln,KOTRA_SNS_2025,화장품/뷰티
330499,US,Optimal,,,,Importer,Fort Worth,KOTRA_SNS_2025,화장품/뷰티
330499,Eswatini,swaziland government,,,,Importer,manzini,KOTRA_SNS_2025,화장품/뷰티
330499,Mozambique,VIP Hotels,,,,Importer,Nampula,KOTRA_SNS_2025,화장품/뷰티
330499,Mozambique,Vodacom Moambique,,,,Importer,Maputo,KOTRA_SNS_2025,화장품/뷰티
330499,PK,"Chairperson Council of Complaints PEMRA, Balochistan",,,,Importer,"Quetta,balochistan",KOTRA_SNS_2025,화장품/뷰티
330499,IN,Adi Veda regimen Pvt ltd,,,,Importer,Delhi,KOTRA_SNS_2025,화장품/뷰티
330499,PK,Naeem Corporation,,,,Importer,Rawalpindi,KOTRA_SNS_2025,화장품/뷰티
330499,IN,Triliance INDIA,,,,Importer,THANE,KOTRA_SNS_2025,화장품/뷰티
330499,NG,Selcah Events,,,,Importer,Abuja,KOTRA_SNS_2025,화장품/뷰티
330499,PE,ProPiel Peru,,,,Importer,Lima,KOTRA_SNS_2025,화장품/뷰티
330499,ID,Wiraswasta Mandiri,,,,Importer,Banyumas,KOTRA_SNS_2025,화장품/뷰티
330499,PH,Animals and things per specialist,,,,Importer,Manila,KOTRA_SNS_2025,화장품/뷰티
330499,AU,VayCay Beauty,,,,Importer,Melbourne,KOTRA_SNS_2025,화장품/뷰티
330741,SY,.,,,,Importer,Paris,KOTRA_SNS_2025,화장품/뷰티
330741,US,Dairy Queen,,,,Importer,Tucson,KOTRA_SNS_2025,화장품/뷰티
330741,US,Mtle group llc,,,,Importer,Houston,KOTRA_SNS_2025,화장품/뷰티
330741,US,joy navarro ltd,,,,Importer,sunderland,KOTRA_SNS_2025,화장품/뷰티
330741,GR,Dido,,,,Importer,Andros,KOTRA_SNS_2025,화장품/뷰티
330741,RS,Partner Log Kereskedelmi Kft.,,,,Importer,Csobnka,KOTRA_SNS_2025,화장품/뷰티
330741,IT,conad,,,,Importer,bagnolo mella voa gramsci 34,KOTRA_SNS_2025,화장품/뷰티
330741,US,Ramirez inc.,,,,Importer,Norwalk,KOTRA_SNS_2025,화장품/뷰티
330741,FR,STUDIOMAY,,,,Importer,Marseille,KOTRA_SNS_2025,화장품/뷰티
330741,Ελλδα,Luxebeauty,,,,Importer,Ελευσινα,KOTRA_SNS_2025,화장품/뷰티
330741,GB,Modus create,,,,Importer,lmdon,KOTRA_SNS_2025,화장품/뷰티
330741,GR,Deaf Greece  Heroes Leader World,,,,Importer,Chora,KOTRA_SNS_2025,화장품/뷰티
330741,US,Mine,,,,Importer,Greeneville,KOTRA_SNS_2025,화장품/뷰티
330741,US,razorback inc,,,,Importer,North PLAINFIELD,KOTRA_SNS_2025,화장품/뷰티
330741,US,Amber,,,,Importer,kołobrzeg,KOTRA_SNS_2025,화장품/뷰티
330741,DE,Lieckers.com,,,,Importer,Bonn,KOTRA_SNS_2025,화장품/뷰티
330741,IT,rossana,,,,Importer,Venezia,KOTRA_SNS_2025,화장품/뷰티
330741,US,First Responders Network,,,,Importer,Port Richey,KOTRA_SNS_2025,화장품/뷰티
330741,GR,Florel,,,,Importer,Μουδανια,KOTRA_SNS_2025,화장품/뷰티
330741,BE,56,,,,Importer,Hoei,KOTRA_SNS_2025,화장품/뷰티
330741,US,Headleyshanna@gmail.com,,,,Importer,North East,KOTRA_SNS_2025,화장품/뷰티
330741,US,флаг х,,,,Importer,Bulgaria,KOTRA_SNS_2025,화장품/뷰티
330741,CZ,Czech,,,,Importer,Koln,KOTRA_SNS_2025,화장품/뷰티
330741,IT,xoxkgxgkxkgogx.,,,,Importer,Napoli,KOTRA_SNS_2025,화장품/뷰티
330741,US,volunteer,,,,Importer,London,KOTRA_SNS_2025,화장품/뷰티
330741,PL,Milton CDI,,,,Importer,Warszawa,KOTRA_SNS_2025,화장품/뷰티
330741,CZ,esk Republika,,,,Importer,esk Republika,KOTRA_SNS_2025,화장품/뷰티
340130,US,Delmanco llc,,,,Importer,Glen burnie,KOTRA_SNS_2025,화장품/뷰티
340130,US,Www.ShapeWOW.com,,,,Importer,Arlington TX,KOTRA_SNS_2025,화장품/뷰티
340130,US,Precision Med Spa and Wellness,,,,Importer,Rosharon,KOTRA_SNS_2025,화장품/뷰티
340130,EA,娛樂城,,,,Importer,Taipei,KOTRA_SNS_2025,화장품/뷰티
340130,US,Walmart,,,,Importer,Erie Pa,KOTRA_SNS_2025,화장품/뷰티
340130,US,CMH Adjusting Invest LLC,,,,Importer,FOLEY,KOTRA_SNS_2025,화장품/뷰티
340130,US,Kamile santos oficial,,,,Importer,Hillside,KOTRA_SNS_2025,화장품/뷰티
340130,US,Tif Han Mas,,,,Importer,Tuskegee,KOTRA_SNS_2025,화장품/뷰티
340130,US,Merriville Nails & spa,,,,Importer,Hobart,KOTRA_SNS_2025,화장품/뷰티
340130,US,product tester,,,,Importer,Blackshear,KOTRA_SNS_2025,화장품/뷰티
340130,US,HDMD,,,,Importer,Sugar Land,KOTRA_SNS_2025,화장품/뷰티
340130,US,Evie s beauty & wellness,,,,Importer,Garden grove,KOTRA_SNS_2025,화장품/뷰티
340130,US,Honolulu MedSpa,,,,Importer,Honolulu,KOTRA_SNS_2025,화장품/뷰티
340130,US,Nc laser wellness and skin care,,,,Importer,Cary,KOTRA_SNS_2025,화장품/뷰티
340130,TW,Three,,,,Importer,New Taipei City,KOTRA_SNS_2025,화장품/뷰티
340130,US,Fresh face skin,,,,Importer,Ridgway,KOTRA_SNS_2025,화장품/뷰티
340130,US,Dairy Queen,,,,Importer,Tucson,KOTRA_SNS_2025,화장품/뷰티
340130,US,Reyes,,,,Importer,Waco,KOTRA_SNS_2025,화장품/뷰티
340130,US,the studd effects,,,,Importer,gallatin,KOTRA_SNS_2025,화장품/뷰티
340130,US,,,,,Importer,Sidney,KOTRA_SNS_2025,화장품/뷰티
340130,US,True U wellness & Medspa,,,,Importer,West Palm Beach,KOTRA_SNS_2025,화장품/뷰티
340130,US,Chloe's,,,,Importer,sandy hook,KOTRA_SNS_2025,화장품/뷰티
340130,US,barbs,,,,Importer,"flippin, AR",KOTRA_SNS_2025,화장품/뷰티
340130,US,Nkoyo Peoples,,,,Importer,Cincinnati,KOTRA_SNS_2025,화장품/뷰티
340130,US,dirtyroaddesigns,,,,Importer,Titusville,KOTRA_SNS_2025,화장품/뷰티
340130,US,Savvy Stylez llc,,,,Importer,Jacksonville,KOTRA_SNS_2025,화장품/뷰티
340130,US,Me,,,,Importer,New York,KOTRA_SNS_2025,화장품/뷰티
340130,US,Grateful hands & Nutrition by ley,,,,Importer,Lawrence,KOTRA_SNS_2025,화장품/뷰티
340130,US,Optimal,,,,Importer,Fort Worth,KOTRA_SNS_2025,화장품/뷰티
330499,CH,"BEIJING SD GLOBAL CO., LTD",,,,Importer,BEIJING,KOTRA_SNS_2025,화장품/뷰티
330499,US,SHINE 32 INC,,,,Importer,New York,KOTRA_SNS_2025,화장품/뷰티
330499,KE,GOLDENSEA GLOBAL LTD,,,,Importer,Nairobi,KOTRA_SNS_2025,화장품/뷰티
330499,KE,Airtech Engineering Services Ltd,,,,Importer,Nairobi,KOTRA_SNS_2025,화장품/뷰티
330499,KE,The Ozar international.Ltd,,,,Importer,Nairobi,KOTRA_SNS_2025,화장품/뷰티
330499,NG,Rhema Beauty Shop,,,,Importer,Lagos,KOTRA_SNS_2025,화장품/뷰티
330499,NG,Shopstation Beauty care,,,,Importer,Lagos,KOTRA_SNS_2025,화장품/뷰티
330499,NG,Hale Beaute Mart,,,,Importer,Lagos,KOTRA_SNS_2025,화장품/뷰티
330499,NG,Hempress Skincare,,,,Importer,Lagos,KOTRA_SNS_2025,화장품/뷰티
330499,NG,Wepremium Multi Services Ltd,,,,Importer,Lagos,KOTRA_SNS_2025,화장품/뷰티
330499,NG,Remediks Pharmacy Limited,,,,Importer,Abuja,KOTRA_SNS_2025,화장품/뷰티
330499,NG,Soe Skin Limited,,,,Importer,Abuja,KOTRA_SNS_2025,화장품/뷰티
330499,NG,Beauty Essential Store,,,,Importer,Lagos,KOTRA_SNS_2025,화장품/뷰티
330499,NG,Buybetter Cosmetics Nigeria,,,,Importer,Lagos,KOTRA_SNS_2025,화장품/뷰티
330499,PH,Dennis oabel,,,,Importer,Manila,KOTRA_SNS_2025,화장품/뷰티
330499,TH,K.g.medical coperation,,,,Importer,Bangkok,KOTRA_SNS_2025,화장품/뷰티
330499,US,Ayrazon,,,,Importer,Jersey City,KOTRA_SNS_2025,화장품/뷰티
330499,PK,ABC,,,,Importer,Islamabad,KOTRA_SNS_2025,화장품/뷰티
330499,NG,Solid Dominion global ltd,,,,Importer,Lagos,KOTRA_SNS_2025,화장품/뷰티
330499,AR,Sovereign Comex & Logistics,,,,Importer,Caba,KOTRA_SNS_2025,화장품/뷰티
330499,CO,SKIN ART SAS,,,,Importer,Bogot,KOTRA_SNS_2025,화장품/뷰티
330499,PK,Khizer Surgi Co,,,,Importer,Sialkot,KOTRA_SNS_2025,화장품/뷰티
330499,KE,Volga Ace Enterprise,,,,Importer,Nairobi,KOTRA_SNS_2025,화장품/뷰티
330499,PE,Oh tako,,,,Importer,Lima,KOTRA_SNS_2025,화장품/뷰티
330499,DO,Av Skin,,,,Importer,Santo Domingo,KOTRA_SNS_2025,화장품/뷰티
330499,PE,Persona natural,,,,Importer,Lima,KOTRA_SNS_2025,화장품/뷰티
330499,CN,"GUANGZHOU LITTLE RED HOOD COKO INTERNATIONAL TRADE CO.,LTD",,,,Importer,GUANGZHOU,KOTRA_SNS_2025,화장품/뷰티
330499,MM,Mido Trading,,,,Importer,Yangon,KOTRA_SNS_2025,화장품/뷰티
330499,MM,"Wise & Wealth Co.,Ltd",,,,Importer,Yangon,KOTRA_SNS_2025,화장품/뷰티
330499,MM,SK Aesthetics,,,,Importer,Yangon,KOTRA_SNS_2025,화장품/뷰티
330499,MM,M Discovery,,,,Importer,Yangon,KOTRA_SNS_2025,화장품/뷰티
330499,CH,"QINGDAO JINHANCHENG INTERNATIONAL TRADE CO.,LTD.",,,,Importer,BEIJING,KOTRA_SNS_2025,화장품/뷰티
330499,NG,Rhema Beauty and Skincare,,,,Importer,Lagos,KOTRA_SNS_2025,화장품/뷰티
330499,NG,Hempress Ltd,,,,Importer,Lagos,KOTRA_SNS_2025,화장품/뷰티
330499,NG,Classy Chi-Divine Cosmetics Nig Ltd,,,,Importer,Lagos,KOTRA_SNS_2025,화장품/뷰티
330499,SG,Coeus Vigor Pte Ltd,,,,Importer,Singapore,KOTRA_SNS_2025,화장품/뷰티
330499,CN,"Qingdao Meilicun Commerce&Trade Co., Ltd.",,,,Importer,Tianjin,KOTRA_SNS_2025,화장품/뷰티
330499,CN,"Beijing Runze Shangmei Technology Development Co., Ltd.",,,,Importer,Tianjin,KOTRA_SNS_2025,화장품/뷰티
330499,CN,"Vigros (Beijing) Trading Co., Ltd.",,,,Importer,Tianjin,KOTRA_SNS_2025,화장품/뷰티
330499,CN,"Zhejiang Jiating Biotechnology Co., Ltd.",,,,Importer,Tianjin,KOTRA_SNS_2025,화장품/뷰티
330499,CN,"Hangzhou Qingshan Brand Management Co., Ltd.",,,,Importer,Tianjin,KOTRA_SNS_2025,화장품/뷰티
330499,CN,"TIANJIN LONGFUCHENG IMPORT-EXPORT TRADE CO.,, LTD.",,,,Importer,Tianjin,KOTRA_SNS_2025,화장품/뷰티
330499,Cyprus,P.A. The Power of Now LTD,,,,Importer,Limassol,KOTRA_SNS_2025,화장품/뷰티
330499,Cyprus,P.A. The Power of Now LTD,,,,Importer,Limassol,KOTRA_SNS_2025,화장품/뷰티
330499,Cyprus,P.A. The Power of Now LTD,,,,Importer,Limassol,KOTRA_SNS_2025,화장품/뷰티
330499,Cyprus,P.A. The Power of Now LTD,,,,Importer,Limassol,KOTRA_SNS_2025,화장품/뷰티
330499,Cyprus,P.A. The Power of Now LTD,,,,Importer,Limassol,KOTRA_SNS_2025,화장품/뷰티
330790,Cyprus,P.A. The Power of Now LTD,,,,Importer,Limassol,KOTRA_SNS_2025,화장품/뷰티
330410,Cyprus,P.A. The Power of Now LTD,,,,Importer,Limassol,KOTRA_SNS_2025,화장품/뷰티
330410,Cyprus,P.A. The Power of Now LTD,,,,Importer,Limassol,KOTRA_SNS_2025,화장품/뷰티
330410,Cyprus,P.A. The Power of Now LTD,,,,Importer,Limassol,KOTRA_SNS_2025,화장품/뷰티
330410,Cyprus,P.A. The Power of Now LTD,,,,Importer,Limassol,KOTRA_SNS_2025,화장품/뷰티
330499,Cyprus,P.A. The Power of Now LTD,,,,Importer,Limassol,KOTRA_SNS_2025,화장품/뷰티
330499,Cyprus,P.A. The Power of Now LTD,,,,Importer,Limassol,KOTRA_SNS_2025,화장품/뷰티
330499,Cyprus,P.A. The Power of Now LTD,,,,Importer,Limassol,KOTRA_SNS_2025,화장품/뷰티
330499,Cyprus,P.A. The Power of Now LTD,,,,Importer,Limassol,KOTRA_SNS_2025,화장품/뷰티
330499,Cyprus,P.A. The Power of Now LTD,,,,Importer,Limassol,KOTRA_SNS_2025,화장품/뷰티
330499,Cyprus,P.A. The Power of Now LTD,,,,Importer,Limassol,KOTRA_SNS_2025,화장품/뷰티
330499,Cyprus,P.A. The Power of Now LTD,,,,Importer,Limassol,KOTRA_SNS_2025,화장품/뷰티
330790,Cyprus,P.A. The Power of Now LTD,,,,Importer,Limassol,KOTRA_SNS_2025,화장품/뷰티
330410,Cyprus,P.A. The Power of Now LTD,,,,Importer,Limassol,KOTRA_SNS_2025,화장품/뷰티
330410,Cyprus,P.A. The Power of Now LTD,,,,Importer,Limassol,KOTRA_SNS_2025,화장품/뷰티
330410,Cyprus,P.A. The Power of Now LTD,,,,Importer,Limassol,KOTRA_SNS_2025,화장품/뷰티
330410,Cyprus,P.A. The Power of Now LTD,,,,Importer,Limassol,KOTRA_SNS_2025,화장품/뷰티
330499,Cyprus,P.A. The Power of Now LTD,,,,Importer,Limassol,KOTRA_SNS_2025,화장품/뷰티
330499,Cyprus,P.A. The Power of Now LTD,,,,Importer,Limassol,KOTRA_SNS_2025,화장품/뷰티
330499,Athens,BEAUTY PRINCESS,,,,Importer,Greece,KOTRA_SNS_2025,화장품/뷰티
330499,Athens,BEAUTY PRINCESS,,,,Importer,Greece,KOTRA_SNS_2025,화장품/뷰티
330499,Athens,BEAUTY PRINCESS,,,,Importer,Greece,KOTRA_SNS_2025,화장품/뷰티
330499,Athens,BEAUTY PRINCESS,,,,Importer,Greece,KOTRA_SNS_2025,화장품/뷰티
330499,Athens,BEAUTY PRINCESS,,,,Importer,Greece,KOTRA_SNS_2025,화장품/뷰티
330499,Athens,BEAUTY PRINCESS,,,,Importer,Greece,KOTRA_SNS_2025,화장품/뷰티
330499,Athens,BEAUTY PRINCESS,,,,Importer,Greece,KOTRA_SNS_2025,화장품/뷰티
330499,Athens,BEAUTY PRINCESS,,,,Importer,Greece,KOTRA_SNS_2025,화장품/뷰티
330499,Athens,BEAUTY PRINCESS,,,,Importer,Greece,KOTRA_SNS_2025,화장품/뷰티
330499,Athens,BEAUTY PRINCESS,,,,Importer,Greece,KOTRA_SNS_2025,화장품/뷰티
330499,Athens,BEAUTY PRINCESS,,,,Importer,Greece,KOTRA_SNS_2025,화장품/뷰티
330499,Athens,BEAUTY PRINCESS,,,,Importer,Greece,KOTRA_SNS_2025,화장품/뷰티
330499,Athens,BEAUTY PRINCESS,,,,Importer,Greece,KOTRA_SNS_2025,화장품/뷰티
330499,Athens,BEAUTY PRINCESS,,,,Importer,Greece,KOTRA_SNS_2025,화장품/뷰티
330499,Athens,BEAUTY PRINCESS,,,,Importer,Greece,KOTRA_SNS_2025,화장품/뷰티
330420,Athens,BEAUTY PRINCESS,,,,Importer,Greece,KOTRA_SNS_2025,화장품/뷰티
330499,Athens,BEAUTY PRINCESS,,,,Importer,Greece,KOTRA_SNS_2025,화장품/뷰티
330499,Athens,BEAUTY PRINCESS,,,,Importer,Greece,KOTRA_SNS_2025,화장품/뷰티
330499,Athens,BEAUTY PRINCESS,,,,Importer,Greece,KOTRA_SNS_2025,화장품/뷰티
330499,Athens,BEAUTY PRINCESS,,,,Importer,Greece,KOTRA_SNS_2025,화장품/뷰티
330790,Athens,KARAISKAKI FOTEINI-NATALIA(BELLAROSA),,,,Importer,Greece,KOTRA_SNS_2025,화장품/뷰티
330499,Athens,KARAISKAKI FOTEINI-NATALIA(BELLAROSA),,,,Importer,Greece,KOTRA_SNS_2025,화장품/뷰티
330499,Athens,KARAISKAKI FOTEINI-NATALIA(BELLAROSA),,,,Importer,Greece,KOTRA_SNS_2025,화장품/뷰티
330499,VN,Hospital,,,,Importer,Da Nang,KOTRA_SNS_2025,화장품/뷰티
330499,VN,Toi khong hieu,,,,Importer,Ho Chi Minh City,KOTRA_SNS_2025,화장품/뷰티
330499,VN,Elios pharma,,,,Importer,Ho Chi Minh City,KOTRA_SNS_2025,화장품/뷰티
330499,VN,CNG TY TNHH XUT NHP KHU MMM,,,,Importer,Ho Chi Minh City,KOTRA_SNS_2025,화장품/뷰티
330499,VN,Thnh ph H Ch Minh,,,,Importer,Ho Chi Minh City,KOTRA_SNS_2025,화장품/뷰티
330499,VN,Healthier Ltd. Co.,,,,Importer,Ho Chi Minh City,KOTRA_SNS_2025,화장품/뷰티
330499,VN,h,,,,Importer,Ho Chi Minh City,KOTRA_SNS_2025,화장품/뷰티
330499,VN,Vin o To Quc T AME Academy,,,,Importer,Hanoi,KOTRA_SNS_2025,화장품/뷰티
330499,BR,Sabrina Barros - Mentora de Negcios & Especialista em Vendas,,,,Importer,Piracicaba,KOTRA_SNS_2025,화장품/뷰티
330499,VN,TNHH Thng Mi v Dch V CH TN,,,,Importer,Ho Chi Minh City,KOTRA_SNS_2025,화장품/뷰티
330499,VN,Dr Vu,,,,Importer,Ho Chi Minh City,KOTRA_SNS_2025,화장품/뷰티
330499,VN,Cng ty TNHH Thng Mai Thnh Tm,,,,Importer,Hanoi,KOTRA_SNS_2025,화장품/뷰티
330499,VN,Zacy Aesthetics Group,,,,Importer,Hanoi,KOTRA_SNS_2025,화장품/뷰티
330499,PE,Inversiones Delpino Sac,,,,Importer,Lima,KOTRA_SNS_2025,화장품/뷰티
330499,기존 페이스북 템플릿과 동일하게 두자리 국가코드 입력(ex. IN ),"HENAN ROUHUAI BUSINESS TRADE CO.,LTD.",,,,Importer,henan,KOTRA_SNS_2025,화장품/뷰티
330499,BD,Shabab Ribab Trading ltd,,,,Importer,Dhaka Moghbazar,KOTRA_SNS_2025,화장품/뷰티
330499,US,noe,,,,Importer,city,KOTRA_SNS_2025,화장품/뷰티
330499,PH,"TAGKAWAYAN, QUEZON",,,,Importer,Tagkawayan,KOTRA_SNS_2025,화장품/뷰티
330499,ID,tygyyy,,,,Importer,Tebing Tinggi,KOTRA_SNS_2025,화장품/뷰티
330499,US,sd,,,,Importer,asdas,KOTRA_SNS_2025,화장품/뷰티
330749,ID,Ledishop,,,,Importer,Jakarta,KOTRA_SNS_2025,화장품/뷰티
330749,US,Own Business,,,,Importer,Karachi,KOTRA_SNS_2025,화장품/뷰티
330749,US,alanasousa_2@hotmail.com,,,,Importer,w,KOTRA_SNS_2025,화장품/뷰티
330749,AR,fox,,,,Importer,Buenos Aires,KOTRA_SNS_2025,화장품/뷰티
330749,US,koks,,,,Importer,Buenos Aires,KOTRA_SNS_2025,화장품/뷰티
330749,AR,Herbalife,,,,Importer,Bovril,KOTRA_SNS_2025,화장품/뷰티
330749,AR,locroos,,,,Importer,Cordoba,KOTRA_SNS_2025,화장품/뷰티
330749,AR,esexx,,,,Importer,chile,KOTRA_SNS_2025,화장품/뷰티
330749,AR,foxer,,,,Importer,Buenos Aires,KOTRA_SNS_2025,화장품/뷰티
330749,AR,aderlen,,,,Importer,Cordoba,KOTRA_SNS_2025,화장품/뷰티
330749,AR,Lostin,,,,Importer,Cordoba,KOTRA_SNS_2025,화장품/뷰티
330749,AR,politech,,,,Importer,Mar del plata,KOTRA_SNS_2025,화장품/뷰티
330499,AR,maincal sa,,,,Importer,rosario,KOTRA_SNS_2025,화장품/뷰티
330499,US,Franja Morada Derecho,,,,Importer,mar del plata,KOTRA_SNS_2025,화장품/뷰티
330499,AR,soleio,,,,Importer,la plata,KOTRA_SNS_2025,화장품/뷰티
330499,IN,Ara exclusive,,,,Importer,Delhi,KOTRA_SNS_2025,화장품/뷰티
330499,IN,Honasa consumer Ltd,,,,Importer,Gurgaon,KOTRA_SNS_2025,화장품/뷰티
330499,AR,Facebook,,,,Importer,Cordoba,KOTRA_SNS_2025,화장품/뷰티
330499,US,ba,,,,Importer,Buenos aires,KOTRA_SNS_2025,화장품/뷰티
330499,AR,fox,,,,Importer,Buenos aires,KOTRA_SNS_2025,화장품/뷰티
330499,AR,pop,,,,Importer,Buenos aires,KOTRA_SNS_2025,화장품/뷰티
330499,AR,jc,,,,Importer,valle maria,KOTRA_SNS_2025,화장품/뷰티
330499,IN,Interested,,,,Importer,Hyderabad,KOTRA_SNS_2025,화장품/뷰티
330499,AR,fikae,,,,Importer,Santa Fe,KOTRA_SNS_2025,화장품/뷰티
330499,AR,micteram,,,,Importer,pilar,KOTRA_SNS_2025,화장품/뷰티
330499,AR,esexx,,,,Importer,santa fe,KOTRA_SNS_2025,화장품/뷰티
330510,LA,Be Beauty Laos,,,,Importer,Vientiane,KOTRA_SNS_2025,화장품/뷰티
330510,HK,J. Walter Thompson,,,,Importer,Hong Kong,KOTRA_SNS_2025,화장품/뷰티
330510,HK,JMcharming_store,,,,Importer,Hong Kong,KOTRA_SNS_2025,화장품/뷰티
330510,HK,ode,,,,Importer,hong kong,KOTRA_SNS_2025,화장품/뷰티
330510,HK,Maison Muguet,,,,Importer,Hong Kong,KOTRA_SNS_2025,화장품/뷰티
330510,HK,Dada,,,,Importer,Hong Kong,KOTRA_SNS_2025,화장품/뷰티
330510,HK,To be set up,,,,Importer,Hong Kong,KOTRA_SNS_2025,화장품/뷰티
330510,HK,Stella N,,,,Importer,Hong Kong,KOTRA_SNS_2025,화장품/뷰티
330510,HK,mothercourt,,,,Importer,HongKong,KOTRA_SNS_2025,화장품/뷰티
330510,HK,Al saqr Al ahmer,,,,Importer,Hong Kong,KOTRA_SNS_2025,화장품/뷰티
330510,HK,"Regina Skin Medical Co,. Ltd.",,,,Importer,Hong Kong,KOTRA_SNS_2025,화장품/뷰티
330510,JP,Lari mar,,,,Importer,Yokohama,KOTRA_SNS_2025,화장품/뷰티
330510,HK,Korean Beauty Secret,,,,Importer,Hong Kong,KOTRA_SNS_2025,화장품/뷰티
330510,HK,Regina Skin Medical,,,,Importer,Hong Kong,KOTRA_SNS_2025,화장품/뷰티
330510,AU,Arabs beauty,,,,Importer,Sydney,KOTRA_SNS_2025,화장품/뷰티
330510,SG,Hyperfume,,,,Importer,Singapore,KOTRA_SNS_2025,화장품/뷰티
330510,ID,Click House,,,,Importer,Jakarta,KOTRA_SNS_2025,화장품/뷰티
330510,ID,Toko,,,,Importer,Padang,KOTRA_SNS_2025,화장품/뷰티
330510,US,elite vision center,,,,Importer,manila,KOTRA_SNS_2025,화장품/뷰티
330510,AU,ERG,,,,Importer,Perth,KOTRA_SNS_2025,화장품/뷰티
330499,VN,Cng ty Thng mi,,,,Importer,Hanoi,KOTRA_SNS_2025,화장품/뷰티
330510,PH,Centerpoint,,,,Importer,Manila,KOTRA_SNS_2025,화장품/뷰티
330510,PH,K natural,,,,Importer,Pasig,KOTRA_SNS_2025,화장품/뷰티
330510,MY,Jennifer Energy Beauty,,,,Importer,Ipoh,KOTRA_SNS_2025,화장품/뷰티
330510,ID,Putra Jaya Mas,,,,Importer,Bandung indonesia,KOTRA_SNS_2025,화장품/뷰티
330510,HK,migran worker,,,,Importer,mongkok,KOTRA_SNS_2025,화장품/뷰티
330510,AU,Siana cosmetic,,,,Importer,Sydney,KOTRA_SNS_2025,화장품/뷰티
330510,PH,VF,,,,Importer,Makati,KOTRA_SNS_2025,화장품/뷰티
330510,ID,Iik,,,,Importer,Indonesia,KOTRA_SNS_2025,화장품/뷰티
330510,ID,Toko Mas Kunci Mas,,,,Importer,Surakarta,KOTRA_SNS_2025,화장품/뷰티
330510,PH,Facebook,,,,Importer,santo tomas,KOTRA_SNS_2025,화장품/뷰티
330510,VN,KN beauty,,,,Importer,HO CHI MINH,KOTRA_SNS_2025,화장품/뷰티
330510,PH,KMO SOLUTIONS INC,,,,Importer,Dasmarias,KOTRA_SNS_2025,화장품/뷰티
330510,PH,Universal Skin Cosmeceuticals Ltd. Co.,,,,Importer,Bacoor,KOTRA_SNS_2025,화장품/뷰티
330510,VN,Hong Hai Department Store,,,,Importer,Hanoi,KOTRA_SNS_2025,화장품/뷰티
330510,MM,dermapro,,,,Importer,Yangon,KOTRA_SNS_2025,화장품/뷰티
330510,TH,K.g.medical coperation,,,,Importer,Bangkok,KOTRA_SNS_2025,화장품/뷰티
330510,PH,"Grupo Esterika Medika, Inc",,,,Importer,Quezon City,KOTRA_SNS_2025,화장품/뷰티
330510,PH,ILM studios,,,,Importer,Quezon City,KOTRA_SNS_2025,화장품/뷰티
330510,PH,Asiaprime Philippines Corporation,,,,Importer,Paranaque,KOTRA_SNS_2025,화장품/뷰티
330510,ID,MAHISA,,,,Importer,Surabaya,KOTRA_SNS_2025,화장품/뷰티
330510,PH,Natura,,,,Importer,Manila,KOTRA_SNS_2025,화장품/뷰티
330510,MY,AFA INTL SB,,,,Importer,bangi,KOTRA_SNS_2025,화장품/뷰티
330510,PH,Nexus Pacific,,,,Importer,Tacloban City,KOTRA_SNS_2025,화장품/뷰티
330510,PH,Asia's Lashes Franchise,,,,Importer,Pasig,KOTRA_SNS_2025,화장품/뷰티
330510,PH,888 goods,,,,Importer,Davao City,KOTRA_SNS_2025,화장품/뷰티
330510,PH,Apl medical group opc,,,,Importer,Bacolod CIty,KOTRA_SNS_2025,화장품/뷰티
330510,PH,Beauty And Wellness,,,,Importer,La Trinidad,KOTRA_SNS_2025,화장품/뷰티
330510,PH,Yvianah,,,,Importer,Muntinlupa City,KOTRA_SNS_2025,화장품/뷰티
330510,ID,Wiraswasta Mandiri,,,,Importer,Banyumas,KOTRA_SNS_2025,화장품/뷰티
330510,PH,Skinline Aesthetic and Wellness Spa,,,,Importer,Guiguinto,KOTRA_SNS_2025,화장품/뷰티
330749,PH,DA company,,,,Importer,Balingasaguk,KOTRA_SNS_2025,화장품/뷰티
330510,Hong Kong,AFP,,,,Importer,Hong Kong,KOTRA_SNS_2025,화장품/뷰티
330510,Hong Kong,La Prairie Switzerland,,,,Importer,Hong Kong,KOTRA_SNS_2025,화장품/뷰티
330749,Hong Kong,Salling Group,,,,Importer,Hong Kong,KOTRA_SNS_2025,화장품/뷰티
330510,Hong Kong,The Harbour School Hong Kong,,,,Importer,Hong Kong,KOTRA_SNS_2025,화장품/뷰티
330510,Hong Kong,Crisella Company Limited/ Crisella Beauty,,,,Importer,Hong Kong,KOTRA_SNS_2025,화장품/뷰티
330510,Malaysia,Tenaga Nasional Berhad,,,,Importer,Selangor,KOTRA_SNS_2025,화장품/뷰티
330499,CN,"AMI COSMETIC CO.,LTD",,,,Importer,GUANGZHOU,KOTRA_SNS_2025,화장품/뷰티
330499,South Africa,Hallyu,,,,Importer,All Area,KOTRA_SNS_2025,화장품/뷰티
330499,RO,Leva Paw SRL,,,,Importer,Bucureti,KOTRA_SNS_2025,화장품/뷰티
330499,RO,SC KSKINCARE SRL,,,,Importer,Timisoara,KOTRA_SNS_2025,화장품/뷰티
330499,RO,Brokmed,,,,Importer,Sfantu Ghe,KOTRA_SNS_2025,화장품/뷰티
330499,RO,Team Player Business srl,,,,Importer,Bucuresti,KOTRA_SNS_2025,화장품/뷰티
330499,RO,kamelylife,,,,Importer,Constana,KOTRA_SNS_2025,화장품/뷰티
330499,RO,INGG Ana Aslan,,,,Importer,Bucuresti,KOTRA_SNS_2025,화장품/뷰티
330499,RO,Open Nature Design SRL,,,,Importer,Brasov,KOTRA_SNS_2025,화장품/뷰티
330499,RO,Beauty hub,,,,Importer,Bucharest,KOTRA_SNS_2025,화장품/뷰티
330499,RO,Staterra Online SRL,,,,Importer,Bucureti,KOTRA_SNS_2025,화장품/뷰티
330499,RO,Me,,,,Importer,Bucuresti,KOTRA_SNS_2025,화장품/뷰티
330499,RO,NO FRONTIERS,,,,Importer,12:00,KOTRA_SNS_2025,화장품/뷰티
330499,RO,Serboro,,,,Importer,Suceava,KOTRA_SNS_2025,화장품/뷰티
330499,RO,Yawo Services,,,,Importer,Bucureti,KOTRA_SNS_2025,화장품/뷰티
330499,RO,Wineducation tehnology,,,,Importer,Bucureti,KOTRA_SNS_2025,화장품/뷰티
330499,RO,luxury Hairconcept srl,,,,Importer,arad,KOTRA_SNS_2025,화장품/뷰티
330499,RO,Je Suis Jolie,,,,Importer,Botpsani,KOTRA_SNS_2025,화장품/뷰티
330499,RO,Lhaurra dot concept,,,,Importer,Bucuresti,KOTRA_SNS_2025,화장품/뷰티
330499,RO,Alexandra beauty hair SRL,,,,Importer,Constana,KOTRA_SNS_2025,화장품/뷰티
330499,RO,0,,,,Importer,bcu,KOTRA_SNS_2025,화장품/뷰티
330499,RO,SCRIPTIX TECHNOLOGY SRL,,,,Importer,Arad,KOTRA_SNS_2025,화장품/뷰티
330499,RO,Sc Mass Global Company,,,,Importer,Bucuresti,KOTRA_SNS_2025,화장품/뷰티
330499,RO,Na-Bi Beauty Salon,,,,Importer,Bucuresti,KOTRA_SNS_2025,화장품/뷰티
330499,RO,Lucas SRL,,,,Importer,Targu Mures,KOTRA_SNS_2025,화장품/뷰티
330499,RO,Belher,,,,Importer,Bucuresti,KOTRA_SNS_2025,화장품/뷰티
330499,RO,Q S INN Retail,,,,Importer,Bucuresti,KOTRA_SNS_2025,화장품/뷰티
330499,RO,Bb,,,,Importer,Cluj,KOTRA_SNS_2025,화장품/뷰티
330499,RO,Casius SRL,,,,Importer,Iasi,KOTRA_SNS_2025,화장품/뷰티
330499,RO,Les Garons,,,,Importer,Bucuresti,KOTRA_SNS_2025,화장품/뷰티
330499,RO,Melek,,,,Importer,Bucuresti,KOTRA_SNS_2025,화장품/뷰티
330499,RO,Geomir Consulting SRL,,,,Importer,Bucuresti,KOTRA_SNS_2025,화장품/뷰티
330499,RO,Beauty,,,,Importer,Bucuresti,KOTRA_SNS_2025,화장품/뷰티
330499,RO,Heg,,,,Importer,Tm,KOTRA_SNS_2025,화장품/뷰티
330499,RO,Only.baddiesnails,,,,Importer,Bucuresti,KOTRA_SNS_2025,화장품/뷰티
330499,RO,persoana fizica,,,,Importer,Bucureti,KOTRA_SNS_2025,화장품/뷰티
330499,RO,Speqtus Enterprise SRL,,,,Importer,Bucuresti,KOTRA_SNS_2025,화장품/뷰티
330499,RO,Terra flor natura srl,,,,Importer,bucuresti,KOTRA_SNS_2025,화장품/뷰티
330499,RO,Aesthete Concept srl,,,,Importer,Bucuresti,KOTRA_SNS_2025,화장품/뷰티
330499,RO,Centrul Juliette Armand Cosmetics,,,,Importer,Bucharest,KOTRA_SNS_2025,화장품/뷰티
330499,South Africa,Lesedi of Africa,,,,Importer,All Area,KOTRA_SNS_2025,화장품/뷰티
330790,IL,tha vilage,,,,Importer,Jerusalem,KOTRA_SNS_2025,화장품/뷰티
330790,Ghana,Ghana health Service,,,,Importer,Accra,KOTRA_SNS_2025,화장품/뷰티
330790,LA,"Modernframe co.,ltd",,,,Importer,Vientiane,KOTRA_SNS_2025,화장품/뷰티
330510,US,감사합니다,,,,Importer,비엔티안,KOTRA_SNS_2025,화장품/뷰티
330410,JP,フリランス,,,,Importer,Shibuyaku,KOTRA_SNS_2025,화장품/뷰티
330410,JP,WANBROS Co. Ltd. Japan,,,,Importer,Hiroshima,KOTRA_SNS_2025,화장품/뷰티
330749,JP,い,,,,Importer,Kyoto,KOTRA_SNS_2025,화장품/뷰티
330410,JP,無し,,,,Importer,Machida,KOTRA_SNS_2025,화장품/뷰티
330410,JP,モハンマドブラザズ,,,,Importer,tokyo,KOTRA_SNS_2025,화장품/뷰티
330410,JP,株式社アリエルトレディング,,,,Importer,minatoku,KOTRA_SNS_2025,화장품/뷰티
330410,JP,イッシンイチ合同社,,,,Importer,板橋,KOTRA_SNS_2025,화장품/뷰티
330410,JP,株式社共和アドバンス,,,,Importer,千代田,KOTRA_SNS_2025,화장품/뷰티
330410,JP,株式社ハンインタナショナル,,,,Importer,東京都千代田,KOTRA_SNS_2025,화장품/뷰티
330410,Japan,"Freelance, self-employed",,,,Importer,Tokyo,KOTRA_SNS_2025,화장품/뷰티
330410,Japan,Takasago International Corporation,,,,Importer,ota city,KOTRA_SNS_2025,화장품/뷰티
330410,Japan,Optim Motion Group (OMG) Ltd,,,,Importer,Kyoto,KOTRA_SNS_2025,화장품/뷰티
330410,Japan,"Shanghai Electric Power (Japan) Co., Ltd. (SPIC)",,,,Importer,Tokyo,KOTRA_SNS_2025,화장품/뷰티
330410,Japan,Tokyo University of Agriculture,,,,Importer,Tokyo,KOTRA_SNS_2025,화장품/뷰티
330410,Japan,SLB,,,,Importer,Tokyo,KOTRA_SNS_2025,화장품/뷰티
330491,CN,北京迪特科技有限公司,,,,Importer,GANSU,KOTRA_SNS_2025,화장품/뷰티
330499,CH,QINGDAO MEILICUN COMMERCE&TRADE CO LTD,,,,Importer,BEIJING,KOTRA_SNS_2025,화장품/뷰티
330499,BD,Nobo Shakti Prokushal,,,,Importer,Dhaka,KOTRA_SNS_2025,화장품/뷰티
330499,AR,moety,,,,Importer,Miami,KOTRA_SNS_2025,화장품/뷰티
330499,IN,Global Mediinovations Delhi,,,,Importer,Delhi,KOTRA_SNS_2025,화장품/뷰티
330499,KE,ONLINE NETWORK MARKETING,,,,Importer,Nairobi,KOTRA_SNS_2025,화장품/뷰티
330499,AR,Facebook,,,,Importer,Bovril,KOTRA_SNS_2025,화장품/뷰티
330499,AR,Monkey Blopers6,,,,Importer,Miami,KOTRA_SNS_2025,화장품/뷰티
330499,BD,rushmono specialized hospital,,,,Importer,Dhaka,KOTRA_SNS_2025,화장품/뷰티
330499,IN,Famedico,,,,Importer,Trivandrum,KOTRA_SNS_2025,화장품/뷰티
330499,AE,CONEMED,,,,Importer,kottakkal,KOTRA_SNS_2025,화장품/뷰티
330499,PK,Axis Industries,,,,Importer,Karachi,KOTRA_SNS_2025,화장품/뷰티
330499,,Welwitchia,,,,Importer,Windhoek,KOTRA_SNS_2025,화장품/뷰티
330499,PH,tradesum inc,,,,Importer,Makati,KOTRA_SNS_2025,화장품/뷰티
330499,PY,5.96E+11,,,,Importer,Asuncin,KOTRA_SNS_2025,화장품/뷰티
330499,AD,Crimsimms daltinn inc,,,,Importer,Leader spouse castle,KOTRA_SNS_2025,화장품/뷰티
330499,US,kidkdj,,,,Importer,Cascavel,KOTRA_SNS_2025,화장품/뷰티
330499,IR,Cerulean,,,,Importer,China,KOTRA_SNS_2025,화장품/뷰티
330499,CZ,ESKO    PRAHA HL.N,,,,Importer,indel Orangutan,KOTRA_SNS_2025,화장품/뷰티
330499,AQ,ASHQ,,,,Importer,tirana,KOTRA_SNS_2025,화장품/뷰티
330499,BR,Jm,,,,Importer,So Jos dos Campos,KOTRA_SNS_2025,화장품/뷰티
330499,ID,buruh pabrik,,,,Importer,Bekasi,KOTRA_SNS_2025,화장품/뷰티
330499,PH,ShapeTech  i.t. services,,,,Importer,lipa city,KOTRA_SNS_2025,화장품/뷰티
330499,PH,BPI Direct BanKo,,,,Importer,Talisay,KOTRA_SNS_2025,화장품/뷰티
330499,PH,DA company,,,,Importer,Balingasaguk,KOTRA_SNS_2025,화장품/뷰티
330499,PK,Matrix Traders,,,,Importer,Lahore,KOTRA_SNS_2025,화장품/뷰티
330499,AR,Los Cocos,,,,Importer,pilar,KOTRA_SNS_2025,화장품/뷰티
330499,US,SEGU,,,,Importer,Tucuman,KOTRA_SNS_2025,화장품/뷰티
330499,AR,yashida,,,,Importer,Crdoba,KOTRA_SNS_2025,화장품/뷰티
330499,AR,vultri,,,,Importer,Crdoba,KOTRA_SNS_2025,화장품/뷰티
330499,AR,dutcher,,,,Importer,Crdoba,KOTRA_SNS_2025,화장품/뷰티
330499,AR,melica's,,,,Importer,salta,KOTRA_SNS_2025,화장품/뷰티
330499,US,roxar,,,,Importer,santa fe,KOTRA_SNS_2025,화장품/뷰티
330499,AR,fox,,,,Importer,santa fe,KOTRA_SNS_2025,화장품/뷰티
330499,IN,Hyderabad,,,,Importer,Hyderabad,KOTRA_SNS_2025,화장품/뷰티
330499,AR,coctar srl,,,,Importer,basavilbaso,KOTRA_SNS_2025,화장품/뷰티
330499,AR,irons,,,,Importer,Crdoba,KOTRA_SNS_2025,화장품/뷰티
330499,AR,si,,,,Importer,Santa Fe,KOTRA_SNS_2025,화장품/뷰티
330499,AR,jc,,,,Importer,valle maria,KOTRA_SNS_2025,화장품/뷰티
330499,US,GIN,,,,Importer,Tucuman,KOTRA_SNS_2025,화장품/뷰티
330499,AR,qlsk,,,,Importer,buenos aires,KOTRA_SNS_2025,화장품/뷰티
330499,AR,long srl,,,,Importer,caba,KOTRA_SNS_2025,화장품/뷰티
330499,AR,folmer sa,,,,Importer,santa fe,KOTRA_SNS_2025,화장품/뷰티
330499,AR,ford,,,,Importer,Crdoba,KOTRA_SNS_2025,화장품/뷰티
330499,AR,fox,,,,Importer,cordoba,KOTRA_SNS_2025,화장품/뷰티
330499,AR,duycher,,,,Importer,bsas,KOTRA_SNS_2025,화장품/뷰티
330499,AR,dyf,,,,Importer,bsas,KOTRA_SNS_2025,화장품/뷰티
330499,AR,fox,,,,Importer,Crdoba,KOTRA_SNS_2025,화장품/뷰티
330499,AR,soleio,,,,Importer,la plata,KOTRA_SNS_2025,화장품/뷰티
330499,IN,Atulya Enterprise,,,,Importer,Delhi,KOTRA_SNS_2025,화장품/뷰티
330499,US,H&C,,,,Importer,Miami,KOTRA_SNS_2025,화장품/뷰티
330499,AR,fox,,,,Importer,santa fe,KOTRA_SNS_2025,화장품/뷰티
330499,AR,baezj,,,,Importer,plotier,KOTRA_SNS_2025,화장품/뷰티
330499,US,fox,,,,Importer,santa fe,KOTRA_SNS_2025,화장품/뷰티
330499,AR,Facebook,,,,Importer,Resistencia,KOTRA_SNS_2025,화장품/뷰티
330499,AR,HIBi,,,,Importer,Tucuman,KOTRA_SNS_2025,화장품/뷰티
330499,AR,fox,,,,Importer,Buenos Aires,KOTRA_SNS_2025,화장품/뷰티
330499,AR,dac industries,,,,Importer,santa fe,KOTRA_SNS_2025,화장품/뷰티
330499,US,fox,,,,Importer,Crdoba,KOTRA_SNS_2025,화장품/뷰티
330499,AR,roxar,,,,Importer,santa fe,KOTRA_SNS_2025,화장품/뷰티
330499,AR,si,,,,Importer,Crdoba,KOTRA_SNS_2025,화장품/뷰티
330499,AR,fox,,,,Importer,Claypole,KOTRA_SNS_2025,화장품/뷰티
330499,AR,jmaxi,,,,Importer,cordoba,KOTRA_SNS_2025,화장품/뷰티
330499,AR,roxar,,,,Importer,santa fe,KOTRA_SNS_2025,화장품/뷰티
330499,AR,Los Cocos,,,,Importer,Buenos aires,KOTRA_SNS_2025,화장품/뷰티
330499,AR,roxar,,,,Importer,santa fe,KOTRA_SNS_2025,화장품/뷰티
330499,AR,fox,,,,Importer,Crdoba,KOTRA_SNS_2025,화장품/뷰티
330499,AR,torsen,,,,Importer,Cordoba,KOTRA_SNS_2025,화장품/뷰티
330499,VN,Director of LUMOS Cosmetics,,,,Importer,H Ni,KOTRA_SNS_2025,화장품/뷰티
330499,IN,Univli llc,,,,Importer,Chennai,KOTRA_SNS_2025,화장품/뷰티
330499,AR,kiu,,,,Importer,jujuy,KOTRA_SNS_2025,화장품/뷰티
330499,AR,Lostin,,,,Importer,Crdoba,KOTRA_SNS_2025,화장품/뷰티
330499,AR,fox,,,,Importer,Buenos Aires,KOTRA_SNS_2025,화장품/뷰티
330499,US,peliaman,,,,Importer,CABA,KOTRA_SNS_2025,화장품/뷰티
330499,US,fox,,,,Importer,santa fe,KOTRA_SNS_2025,화장품/뷰티
330499,AR,foxer,,,,Importer,bsas,KOTRA_SNS_2025,화장품/뷰티
330499,AR,gorman,,,,Importer,Crdoba,KOTRA_SNS_2025,화장품/뷰티
330499,NG,Successful Global Resouces,,,,Importer,Aba,KOTRA_SNS_2025,화장품/뷰티
330499,IN,United laboratories India Pvt Ltd,,,,Importer,Kolkata,KOTRA_SNS_2025,화장품/뷰티
330499,US,roxar,,,,Importer,santa fe,KOTRA_SNS_2025,화장품/뷰티
330499,US,fox,,,,Importer,pergamino,KOTRA_SNS_2025,화장품/뷰티
330499,AR,texx,,,,Importer,bs as,KOTRA_SNS_2025,화장품/뷰티
330499,AR,callad,,,,Importer,santa fe,KOTRA_SNS_2025,화장품/뷰티
330499,US,fox,,,,Importer,caba,KOTRA_SNS_2025,화장품/뷰티
330499,AR,Los Cocos,,,,Importer,Crdoba,KOTRA_SNS_2025,화장품/뷰티
330499,AR,Electromecanica UNO,,,,Importer,plotier,KOTRA_SNS_2025,화장품/뷰티
330499,US,fox,,,,Importer,Mar del plata,KOTRA_SNS_2025,화장품/뷰티
330499,TR,Canayaz i ve dı tic ltd ti,,,,Importer,Zonguldak,KOTRA_SNS_2025,화장품/뷰티
330499,AR,ba,,,,Importer,Buenos aires,KOTRA_SNS_2025,화장품/뷰티
330499,AR,unl,,,,Importer,Buenos aires,KOTRA_SNS_2025,화장품/뷰티
330499,US,fox,,,,Importer,santa fe,KOTRA_SNS_2025,화장품/뷰티
330499,AR,FEs,,,,Importer,posadas.,KOTRA_SNS_2025,화장품/뷰티
330499,AR,SAS,,,,Importer,Corrientes,KOTRA_SNS_2025,화장품/뷰티
330499,AR,pilarsa,,,,Importer,Santa Fe,KOTRA_SNS_2025,화장품/뷰티
330499,AR,"esters,",,,,Importer,santa fe,KOTRA_SNS_2025,화장품/뷰티
330499,AR,dox,,,,Importer,Crdoba.,KOTRA_SNS_2025,화장품/뷰티
330499,ZM,HillCon Solutions LTD,,,,Importer,Lusaka,KOTRA_SNS_2025,화장품/뷰티
330499,US,deacon,,,,Importer,Crdoba,KOTRA_SNS_2025,화장품/뷰티
330499,AR,rammoy,,,,Importer,santa fe,KOTRA_SNS_2025,화장품/뷰티
330749,US,fd,,,,Importer,s,KOTRA_SNS_2025,화장품/뷰티
330749,AD,Crimsimms daltinn inc,,,,Importer,Leader spouse castle,KOTRA_SNS_2025,화장품/뷰티
330749,MM,"Yangon, Burmese",,,,Importer,Yangon,KOTRA_SNS_2025,화장품/뷰티
330749,KH,"skyhub co.,ltd",,,,Importer,Battambang,KOTRA_SNS_2025,화장품/뷰티
330749,KH,dmdxmx,,,,Importer,Pailin,KOTRA_SNS_2025,화장품/뷰티
330749,US,hhdh,,,,Importer,gms,KOTRA_SNS_2025,화장품/뷰티
330749,US,yay,,,,Importer,ya,KOTRA_SNS_2025,화장품/뷰티
330749,IN,Aerotech Enterprise,,,,Importer,Surat,KOTRA_SNS_2025,화장품/뷰티
330749,PK,shazidkhiljigoods,,,,Importer,Pakistan,KOTRA_SNS_2025,화장품/뷰티
330749,PK,Owner of Chiniot Trader,,,,Importer,Chiniot,KOTRA_SNS_2025,화장품/뷰티
330749,US,AL RAHAB AND CO,,,,Importer,dubi,KOTRA_SNS_2025,화장품/뷰티
330749,BD,Techbook Technology Ltd,,,,Importer,Dhaka,KOTRA_SNS_2025,화장품/뷰티
330749,PK,Qurt,,,,Importer,sargodha,KOTRA_SNS_2025,화장품/뷰티
330749,NG,Mineral Resources and Mining,,,,Importer,IJEDE,KOTRA_SNS_2025,화장품/뷰티
330749,ET,Mila,,,,Importer,Tigray,KOTRA_SNS_2025,화장품/뷰티
330749,NG,Business Owner,,,,Importer,Lagos,KOTRA_SNS_2025,화장품/뷰티
330749,NG,Kava,,,,Importer,LagosIsland,KOTRA_SNS_2025,화장품/뷰티
330749,GH,arteco company limited,,,,Importer,Accra,KOTRA_SNS_2025,화장품/뷰티
330749,AL,"Cupid Up CO., LIMITED",,,,Importer,Yiwu,KOTRA_SNS_2025,화장품/뷰티
330749,AR,suller Construcciones,,,,Importer,san jose,KOTRA_SNS_2025,화장품/뷰티
330749,AR,fox,,,,Importer,santa fe,KOTRA_SNS_2025,화장품/뷰티
330749,AR,hetfield's,,,,Importer,bsas,KOTRA_SNS_2025,화장품/뷰티
330749,AR,vought,,,,Importer,Crdoba,KOTRA_SNS_2025,화장품/뷰티
330749,AR,dyf,,,,Importer,bsas,KOTRA_SNS_2025,화장품/뷰티
330749,US,Los Cocos,,,,Importer,Roldan,KOTRA_SNS_2025,화장품/뷰티
330749,AR,gob,,,,Importer,buenos aires,KOTRA_SNS_2025,화장품/뷰티
330749,AR,nkj,,,,Importer,buenos aires,KOTRA_SNS_2025,화장품/뷰티
330749,AR,Lostin,,,,Importer,cordoba,KOTRA_SNS_2025,화장품/뷰티
330749,AR,tunesso sa,,,,Importer,Virreyes,KOTRA_SNS_2025,화장품/뷰티
330749,CO,Tommy Hilfiger,,,,Importer,Bucaramanga,KOTRA_SNS_2025,화장품/뷰티
330749,AR,jc,,,,Importer,valle maria,KOTRA_SNS_2025,화장품/뷰티
330749,AR,pilarsa,,,,Importer,Gualeguaych,KOTRA_SNS_2025,화장품/뷰티
330749,AR,Nike,,,,Importer,Parana,KOTRA_SNS_2025,화장품/뷰티
330749,AR,Real sociedas,,,,Importer,jj,KOTRA_SNS_2025,화장품/뷰티
330749,AR,correl,,,,Importer,rio negro,KOTRA_SNS_2025,화장품/뷰티
330749,AR,timp,,,,Importer,santa catalina,KOTRA_SNS_2025,화장품/뷰티
330749,AR,trend max,,,,Importer,Mar del Plata,KOTRA_SNS_2025,화장품/뷰티
330749,AR,system,,,,Importer,santa fe,KOTRA_SNS_2025,화장품/뷰티
330749,AR,samsung,,,,Importer,caba,KOTRA_SNS_2025,화장품/뷰티
330749,AR,urb,,,,Importer,bsas,KOTRA_SNS_2025,화장품/뷰티
330749,AR,fox,,,,Importer,santa fe,KOTRA_SNS_2025,화장품/뷰티
330749,AR,fox,,,,Importer,santa fe,KOTRA_SNS_2025,화장품/뷰티
330749,US,fox,,,,Importer,bsas,KOTRA_SNS_2025,화장품/뷰티
330749,US,lumers,,,,Importer,Crdoba,KOTRA_SNS_2025,화장품/뷰티
330749,AR,deportes Alexis,,,,Importer,santa fe,KOTRA_SNS_2025,화장품/뷰티
330749,AR,folmer sa,,,,Importer,santa fe,KOTRA_SNS_2025,화장품/뷰티
330749,AR,Los Cocos,,,,Importer,pilar,KOTRA_SNS_2025,화장품/뷰티
330749,AR,jmaxi,,,,Importer,Concordia,KOTRA_SNS_2025,화장품/뷰티
330749,AR,brillosweb,,,,Importer,pilar,KOTRA_SNS_2025,화장품/뷰티
330749,AR,lujux,,,,Importer,Santa Fe,KOTRA_SNS_2025,화장품/뷰티
330749,AR,dbdb,,,,Importer,sagh,KOTRA_SNS_2025,화장품/뷰티
330410,JP,合同社OTS,,,,Importer,(),KOTRA_SNS_2025,화장품/뷰티
330410,JP,Miorishop,,,,Importer,Yokohama,KOTRA_SNS_2025,화장품/뷰티
330410,JP,Nissho electronics,,,,Importer,Tokyo,KOTRA_SNS_2025,화장품/뷰티
330410,JP,User Magic,,,,Importer,Mitaka,KOTRA_SNS_2025,화장품/뷰티
330410,JP,JTB,,,,Importer,新宿,KOTRA_SNS_2025,화장품/뷰티
330410,JP,ゆゆし,,,,Importer,東京,KOTRA_SNS_2025,화장품/뷰티
330410,JP,Oisix,,,,Importer,Ebina,KOTRA_SNS_2025,화장품/뷰티
330410,Japan,CBRE,,,,Importer,Tokyo,KOTRA_SNS_2025,화장품/뷰티
330749,Japan,"YAMAZAKI CO.,LTD.",,,,Importer,Tokyo,KOTRA_SNS_2025,화장품/뷰티
330410,Sweden,neptech AB,,,,Importer,Stockholm,KOTRA_SNS_2025,화장품/뷰티
330410,Japan,Zensho Agency Inc.,,,,Importer,Greater Tokyo Area,KOTRA_SNS_2025,화장품/뷰티
330499,CH,DALIAN SHIYUAN TRADING CO LTD,,,,Importer,BEIJING,KOTRA_SNS_2025,화장품/뷰티
330499,CH,HANGZHOU QINGSHAN BRAND MANAGEMENT CO LTD,,,,Importer,BEIJING,KOTRA_SNS_2025,화장품/뷰티
330499,CH,HONG KONG JIALIXIN TRADING LIMITED,,,,Importer,BEIJING,KOTRA_SNS_2025,화장품/뷰티
330510,LA,"2Day Consultant Sole Co., Ltd",,,,Importer,Vientiane,KOTRA_SNS_2025,화장품/뷰티
330510,LA,Be Beauty Laos,,,,Importer,Vientiane,KOTRA_SNS_2025,화장품/뷰티
330510,LA,"ImportLine Import-Export Co., Ltd.",,,,Importer,Vientiane,KOTRA_SNS_2025,화장품/뷰티
330499,Kenya,Agoma Group LTD,,,,Importer,Nairobi County,KOTRA_SNS_2025,화장품/뷰티
330499,Nepal,NF Associate,,,,Importer,Kathmandu,KOTRA_SNS_2025,화장품/뷰티
330499,Azerbaijan,MOELLHAUSEN,,,,Importer,Baku,KOTRA_SNS_2025,화장품/뷰티
330499,PK,Aerox Digital,,,,Importer,LAHORE,KOTRA_SNS_2025,화장품/뷰티
330499,PK,Surooor,,,,Importer,Faisalabad,KOTRA_SNS_2025,화장품/뷰티
330499,PK,Meenos,,,,Importer,Phalia,KOTRA_SNS_2025,화장품/뷰티
330499,PK,Freudian technologies,,,,Importer,Lahore,KOTRA_SNS_2025,화장품/뷰티
330499,PK,Elegant,,,,Importer,Karachi,KOTRA_SNS_2025,화장품/뷰티
330499,PK,Ameera's Salon,,,,Importer,sheikhupura,KOTRA_SNS_2025,화장품/뷰티
330499,PK,Epi derma,,,,Importer,Lahore,KOTRA_SNS_2025,화장품/뷰티
330499,PK,Qoolish,,,,Importer,Lahore,KOTRA_SNS_2025,화장품/뷰티
330420,PK,,,,,Importer,Multan,KOTRA_SNS_2025,화장품/뷰티
330499,PK,Zaujan Cosmetics,,,,Importer,swabi,KOTRA_SNS_2025,화장품/뷰티
330499,PK,Brands for cheap,,,,Importer,Lahore,KOTRA_SNS_2025,화장품/뷰티
330499,PK,safaamart,,,,Importer,karachi,KOTRA_SNS_2025,화장품/뷰티
330499,PK,Nutrishine Pvt LTD,,,,Importer,Islamabad,KOTRA_SNS_2025,화장품/뷰티
330499,PK,Aunitex,,,,Importer,Karachi,KOTRA_SNS_2025,화장품/뷰티
330499,PK,bmt,,,,Importer,gujrat,KOTRA_SNS_2025,화장품/뷰티
330499,PK,Zazee Cosmetic,,,,Importer,lahore,KOTRA_SNS_2025,화장품/뷰티
330499,PK,gracewings,,,,Importer,gujranwala,KOTRA_SNS_2025,화장품/뷰티
330499,PK,optch,,,,Importer,karachi,KOTRA_SNS_2025,화장품/뷰티
330420,PK,Basharah,,,,Importer,khi,KOTRA_SNS_2025,화장품/뷰티
330499,CH,SHANDONG NUHEEL CROSS BORDER E-COMMERCE COLTD,,,,Importer,BEIJING,KOTRA_SNS_2025,화장품/뷰티
330499,South Africa,Shefur Group Pty Ltd,,,,Importer,All Area,KOTRA_SNS_2025,화장품/뷰티
330420,South Africa,Great Africa Hair Company,,,,Importer,All Area,KOTRA_SNS_2025,화장품/뷰티
330499,South Africa,Royalty Line Pty Ltd,,,,Importer,All Area,KOTRA_SNS_2025,화장품/뷰티
330499,South Africa,Skin From Seoul PTY LTD,,,,Importer,All Area,KOTRA_SNS_2025,화장품/뷰티
330499,GT,Divinas Beauty Store,,,,Importer,Guatemala,KOTRA_SNS_2025,화장품/뷰티
330410,AT,Selbstndig,,,,Importer,Vienna,KOTRA_SNS_2025,화장품/뷰티
330410,AT,Japan Trading,,,,Importer,Vienna,KOTRA_SNS_2025,화장품/뷰티
330410,AT,www.daniajoyas.com,,,,Importer,Vienna,KOTRA_SNS_2025,화장품/뷰티
330499,AT,KHH - Enterprise,,,,Importer,Vienna,KOTRA_SNS_2025,화장품/뷰티
330499,AT,Keycom Empowerment Foundation,,,,Importer,Vienna,KOTRA_SNS_2025,화장품/뷰티
330410,AT,fashion lifestyle concepts,,,,Importer,Vienna,KOTRA_SNS_2025,화장품/뷰티
330410,AT,빈,,,,Importer,Vienna,KOTRA_SNS_2025,화장품/뷰티
330410,AT,Meggi Haas,,,,Importer,Vienna,KOTRA_SNS_2025,화장품/뷰티
330499,AT,Dr.Marjan,,,,Importer,Vienna,KOTRA_SNS_2025,화장품/뷰티
330410,AT,Test,,,,Importer,Vienna,KOTRA_SNS_2025,화장품/뷰티
330410,AT,"Estetische Medizin Kosmetik ,TCM praktikerin",,,,Importer,Vienna,KOTRA_SNS_2025,화장품/뷰티
330410,AT,Goldwell,,,,Importer,Vienna,KOTRA_SNS_2025,화장품/뷰티
330410,AT,Schnheitsstudio1319,,,,Importer,Vienna,KOTRA_SNS_2025,화장품/뷰티
330410,AT,THE LOOK,,,,Importer,Vienna,KOTRA_SNS_2025,화장품/뷰티
330410,AT,Ra Fashions Inc,,,,Importer,Vienna,KOTRA_SNS_2025,화장품/뷰티
330410,AT,CEST,,,,Importer,Vienna,KOTRA_SNS_2025,화장품/뷰티
330410,AT,Dr.med.uni     Kosmetiksalon Angels & Beauty,,,,Importer,Vienna,KOTRA_SNS_2025,화장품/뷰티
330410,AT,Beauty Zone,,,,Importer,Vienna,KOTRA_SNS_2025,화장품/뷰티
330410,AT,MIIRO THE BRAND SRL,,,,Importer,Vienna,KOTRA_SNS_2025,화장품/뷰티
330499,AT,Annamedic-Plus Ltd,,,,Importer,Vienna,KOTRA_SNS_2025,화장품/뷰티
330410,AT,Ecaterina Kosmetik,,,,Importer,Vienna,KOTRA_SNS_2025,화장품/뷰티
330410,AT,Neosino,,,,Importer,Vienna,KOTRA_SNS_2025,화장품/뷰티
330410,AT,S.L.Healthy Og,,,,Importer,Vienna,KOTRA_SNS_2025,화장품/뷰티
330410,AT,Wiener Wohnen,,,,Importer,Vienna,KOTRA_SNS_2025,화장품/뷰티
330410,AT,Nagarro,,,,Importer,Vienna,KOTRA_SNS_2025,화장품/뷰티
330410,AT,Raith Import Export & Agencies,,,,Importer,Vienna,KOTRA_SNS_2025,화장품/뷰티
330410,AT,Selbstndig,,,,Importer,Vienna,KOTRA_SNS_2025,화장품/뷰티
330410,AT,Tobake.id,,,,Importer,Vienna,KOTRA_SNS_2025,화장품/뷰티
330410,AT,N.You,,,,Importer,Vienna,KOTRA_SNS_2025,화장품/뷰티
330410,AT,Independiente,,,,Importer,Vienna,KOTRA_SNS_2025,화장품/뷰티
330410,AT,Manikirshop,,,,Importer,Vienna,KOTRA_SNS_2025,화장품/뷰티
330410,AT,Serafinovic Biljana,,,,Importer,Vienna,KOTRA_SNS_2025,화장품/뷰티
330410,AT,MCA med. cosmetic,,,,Importer,Vienna,KOTRA_SNS_2025,화장품/뷰티
330499,AT,Kaia,,,,Importer,Vienna,KOTRA_SNS_2025,화장품/뷰티
330410,AT,Mbcommunity.s.r.o.,,,,Importer,Vienna,KOTRA_SNS_2025,화장품/뷰티
330410,AT,Karamat international sa,,,,Importer,Vienna,KOTRA_SNS_2025,화장품/뷰티
330410,AT,Marracosmetics,,,,Importer,Vienna,KOTRA_SNS_2025,화장품/뷰티
330410,AT,Affya Organic,,,,Importer,Vienna,KOTRA_SNS_2025,화장품/뷰티
330499,AT,AAYAN MEDICAL IMAGING Ltd,,,,Importer,Vienna,KOTRA_SNS_2025,화장품/뷰티
330410,AT,Factor Estetic profesional,,,,Importer,Vienna,KOTRA_SNS_2025,화장품/뷰티
330410,AT,meDSculpt,,,,Importer,Vienna,KOTRA_SNS_2025,화장품/뷰티
330410,AT,Selvstændig,,,,Importer,Vienna,KOTRA_SNS_2025,화장품/뷰티
330410,AT,Gery K Wellness World,,,,Importer,Vienna,KOTRA_SNS_2025,화장품/뷰티
330410,AT,Sugilite salon ltd,,,,Importer,Vienna,KOTRA_SNS_2025,화장품/뷰티
330410,AT,Apexoss IMPEX,,,,Importer,Vienna,KOTRA_SNS_2025,화장품/뷰티
330410,AT,Care Beauty and Glamour,,,,Importer,Vienna,KOTRA_SNS_2025,화장품/뷰티
330410,AT,Vibeauty,,,,Importer,Vienna,KOTRA_SNS_2025,화장품/뷰티
330410,AT,Własna działalno gospodarcza,,,,Importer,Vienna,KOTRA_SNS_2025,화장품/뷰티
330410,AT,Derma Health Clinic,,,,Importer,Vienna,KOTRA_SNS_2025,화장품/뷰티
330410,AT,Na,,,,Importer,Vienna,KOTRA_SNS_2025,화장품/뷰티
330410,AT,Felipa Zafra Wittke Fachkosmetikerin,,,,Importer,Vienna,KOTRA_SNS_2025,화장품/뷰티
330410,AT,Gisa aesthetics,,,,Importer,Vienna,KOTRA_SNS_2025,화장품/뷰티
330410,AT,Korean Beauty House,,,,Importer,Vienna,KOTRA_SNS_2025,화장품/뷰티
330499,AT,SUPREMOFFICE LTD,,,,Importer,Vienna,KOTRA_SNS_2025,화장품/뷰티
330410,AT,Petre,,,,Importer,Vienna,KOTRA_SNS_2025,화장품/뷰티
330410,AT,arbeauty,,,,Importer,Vienna,KOTRA_SNS_2025,화장품/뷰티
330499,AT,Skin Sana,,,,Importer,Vienna,KOTRA_SNS_2025,화장품/뷰티
330410,AT,Charme medical,,,,Importer,Vienna,KOTRA_SNS_2025,화장품/뷰티
330499,AT,"Eko logic, s.r.o.",,,,Importer,Vienna,KOTRA_SNS_2025,화장품/뷰티
330410,AT,SkyEurope Airlines,,,,Importer,Vienna,KOTRA_SNS_2025,화장품/뷰티
330499,AT,NADAR s.r.o,,,,Importer,Vienna,KOTRA_SNS_2025,화장품/뷰티
330499,AT,WE CARE GROUP,,,,Importer,Vienna,KOTRA_SNS_2025,화장품/뷰티
330410,AT,Viva Derm Plus,,,,Importer,Vienna,KOTRA_SNS_2025,화장품/뷰티
330499,AT,Aesthetics & More,,,,Importer,Vienna,KOTRA_SNS_2025,화장품/뷰티
330410,AT,Non stop,,,,Importer,Vienna,KOTRA_SNS_2025,화장품/뷰티
330499,AT,Tandhjrtat,,,,Importer,Vienna,KOTRA_SNS_2025,화장품/뷰티
330410,AT,Elbeauty.gr,,,,Importer,Vienna,KOTRA_SNS_2025,화장품/뷰티
330410,AT,Self employed,,,,Importer,Vienna,KOTRA_SNS_2025,화장품/뷰티
330410,AT,ESTODERMA,,,,Importer,Vienna,KOTRA_SNS_2025,화장품/뷰티
330410,AT,Sole proprietor,,,,Importer,Vienna,KOTRA_SNS_2025,화장품/뷰티
330410,AT,Polimarker gr ike,,,,Importer,Vienna,KOTRA_SNS_2025,화장품/뷰티
330410,AT,Goldn Group P.C.,,,,Importer,Vienna,KOTRA_SNS_2025,화장품/뷰티
330499,AT,Trust vet pet,,,,Importer,Vienna,KOTRA_SNS_2025,화장품/뷰티
330499,AT,Aesthetics Solutions,,,,Importer,Vienna,KOTRA_SNS_2025,화장품/뷰티
330410,AT,UNITECH DOO,,,,Importer,Vienna,KOTRA_SNS_2025,화장품/뷰티
330410,AT,Momiji,,,,Importer,Vienna,KOTRA_SNS_2025,화장품/뷰티
330410,AT,Ch store,,,,Importer,Vienna,KOTRA_SNS_2025,화장품/뷰티
330410,AT,ParaCare,,,,Importer,Vienna,KOTRA_SNS_2025,화장품/뷰티
330410,AT,LabelC,,,,Importer,Vienna,KOTRA_SNS_2025,화장품/뷰티
330410,AT,House of oud,,,,Importer,Vienna,KOTRA_SNS_2025,화장품/뷰티
330499,AT,Calibelleza,,,,Importer,Vienna,KOTRA_SNS_2025,화장품/뷰티
330410,AT,Rotaru Elena PFA,,,,Importer,Vienna,KOTRA_SNS_2025,화장품/뷰티
330499,AT,Hayomi Beauty,,,,Importer,Vienna,KOTRA_SNS_2025,화장품/뷰티
330410,AT,Freelance,,,,Importer,Vienna,KOTRA_SNS_2025,화장품/뷰티
330410,AT,Numi,,,,Importer,Vienna,KOTRA_SNS_2025,화장품/뷰티
330410,AT,Care Free Skin,,,,Importer,Vienna,KOTRA_SNS_2025,화장품/뷰티
330410,AT,silk - Korean skincare ltd,,,,Importer,Vienna,KOTRA_SNS_2025,화장품/뷰티
330410,AT,Care Life,,,,Importer,Vienna,KOTRA_SNS_2025,화장품/뷰티
330410,AT,Ideapharm.gr,,,,Importer,Vienna,KOTRA_SNS_2025,화장품/뷰티
330410,AT,Lumen vintage,,,,Importer,Vienna,KOTRA_SNS_2025,화장품/뷰티
330410,AT,360Face,,,,Importer,Vienna,KOTRA_SNS_2025,화장품/뷰티
330410,AT,Florel,,,,Importer,Vienna,KOTRA_SNS_2025,화장품/뷰티
330410,AT,Issa Group,,,,Importer,Vienna,KOTRA_SNS_2025,화장품/뷰티
330410,AT,Jana Group International,,,,Importer,Vienna,KOTRA_SNS_2025,화장품/뷰티
330410,AT,"Αθνα, Ημιμνιμο τατουζ πρσωπου",,,,Importer,Vienna,KOTRA_SNS_2025,화장품/뷰티
330410,AT,Mannex International,,,,Importer,Vienna,KOTRA_SNS_2025,화장품/뷰티
330410,AT,SYYK,,,,Importer,Vienna,KOTRA_SNS_2025,화장품/뷰티
330410,AT,Coreskin,,,,Importer,Vienna,KOTRA_SNS_2025,화장품/뷰티
330499,AT,Olaola s.r.o.,,,,Importer,Vienna,KOTRA_SNS_2025,화장품/뷰티
330410,AT,Mez,,,,Importer,Vienna,KOTRA_SNS_2025,화장품/뷰티
330410,AT,laelegance.cz,,,,Importer,Vienna,KOTRA_SNS_2025,화장품/뷰티
330499,AT,Aesthetics and More,,,,Importer,Vienna,KOTRA_SNS_2025,화장품/뷰티
330410,AT,LONOVE UK LIMITED,,,,Importer,Vienna,KOTRA_SNS_2025,화장품/뷰티
330499,AT,ВИНКОМ,,,,Importer,Vienna,KOTRA_SNS_2025,화장품/뷰티
330410,AT,Kbeautyelixir.com,,,,Importer,Vienna,KOTRA_SNS_2025,화장품/뷰티
330410,AT,ND by House of Beauty,,,,Importer,Vienna,KOTRA_SNS_2025,화장품/뷰티
330410,AT,Macmiil market,,,,Importer,Vienna,KOTRA_SNS_2025,화장품/뷰티
330410,AT,NanoAesthetics,,,,Importer,Vienna,KOTRA_SNS_2025,화장품/뷰티
330499,AT,FP Agency,,,,Importer,Vienna,KOTRA_SNS_2025,화장품/뷰티
330410,AT,Petshop ps saln a wellness,,,,Importer,Vienna,KOTRA_SNS_2025,화장품/뷰티
330410,AT,British academy of aesthetics,,,,Importer,Vienna,KOTRA_SNS_2025,화장품/뷰티
330410,AT,Zaklipso,,,,Importer,Vienna,KOTRA_SNS_2025,화장품/뷰티
330410,AT,empresario,,,,Importer,Vienna,KOTRA_SNS_2025,화장품/뷰티
330410,AT,Yaao beauty,,,,Importer,Vienna,KOTRA_SNS_2025,화장품/뷰티
330410,AT,Directbuy,,,,Importer,Vienna,KOTRA_SNS_2025,화장품/뷰티
330410,AT,Belogy,,,,Importer,Vienna,KOTRA_SNS_2025,화장품/뷰티
330410,AT,Tomas Arsov,,,,Importer,Vienna,KOTRA_SNS_2025,화장품/뷰티
330499,Vietnam,Asia Innovation,,,,Importer,Da Nang,KOTRA_SNS_2025,화장품/뷰티
330499,Vietnam,Cosmetics,,,,Importer,Da Nang,KOTRA_SNS_2025,화장품/뷰티
330499,Vietnam,Summer21,,,,Importer,Da Nang,KOTRA_SNS_2025,화장품/뷰티
330499,PK,Three Stars Medical Supplies,,,,Importer,Lahore,KOTRA_SNS_2025,화장품/뷰티
330499,US,sdvsdv,,,,Importer,acharapha85@gmail.com,KOTRA_SNS_2025,화장품/뷰티
330499,PH,TGI Fridays,,,,Importer,Manila,KOTRA_SNS_2025,화장품/뷰티
330499,SK,PLANET AUTO,,,,Importer,Ljubljana,KOTRA_SNS_2025,화장품/뷰티
330499,PH,Puerto Princesa,,,,Importer,Puerto,KOTRA_SNS_2025,화장품/뷰티
330499,BR,Jardinagem,,,,Importer,Carmo do Rio Claro,KOTRA_SNS_2025,화장품/뷰티
330499,US,pacifico,,,,Importer,Camarillo,KOTRA_SNS_2025,화장품/뷰티
330499,PH,d,,,,Importer,Tanza,KOTRA_SNS_2025,화장품/뷰티
330499,US,olmol,,,,Importer,COrdoba,KOTRA_SNS_2025,화장품/뷰티
330499,AR,Los Cocos,,,,Importer,Mar del plata,KOTRA_SNS_2025,화장품/뷰티
330499,AR,trask,,,,Importer,Riacho He He,KOTRA_SNS_2025,화장품/뷰티
330499,US,Los Cocos,,,,Importer,COrdoba,KOTRA_SNS_2025,화장품/뷰티
330499,AR,fox,,,,Importer,cordoba,KOTRA_SNS_2025,화장품/뷰티
330499,AR,juanes,,,,Importer,caba,KOTRA_SNS_2025,화장품/뷰티
330499,US,asisa,,,,Importer,Buenos Aires,KOTRA_SNS_2025,화장품/뷰티
330499,AR,politech,,,,Importer,Buenos Aires,KOTRA_SNS_2025,화장품/뷰티
330499,AR,gris,,,,Importer,Buenos Aires,KOTRA_SNS_2025,화장품/뷰티
330499,US,moron sa,,,,Importer,Buenos Aires,KOTRA_SNS_2025,화장품/뷰티
330499,AR,ccn,,,,Importer,santa fe,KOTRA_SNS_2025,화장품/뷰티
330499,AR,j&o,,,,Importer,COrdoba,KOTRA_SNS_2025,화장품/뷰티
330499,AR,rira,,,,Importer,santa fe,KOTRA_SNS_2025,화장품/뷰티
330499,AR,otk,,,,Importer,Buenos Aires,KOTRA_SNS_2025,화장품/뷰티
330499,AR,Los Cocos,,,,Importer,santa fe,KOTRA_SNS_2025,화장품/뷰티
330499,US,fox,,,,Importer,michigan,KOTRA_SNS_2025,화장품/뷰티
330499,IN,COSMA GROUP,,,,Importer,Ahmednagar newasa,KOTRA_SNS_2025,화장품/뷰티
330499,TN,NG Global Services,,,,Importer,Carthage,KOTRA_SNS_2025,화장품/뷰티
330499,AR,locroos,,,,Importer,COrdoba,KOTRA_SNS_2025,화장품/뷰티
330499,AR,roxar,,,,Importer,santa fe,KOTRA_SNS_2025,화장품/뷰티
330499,AR,Lostin,,,,Importer,cordoba,KOTRA_SNS_2025,화장품/뷰티
330499,AR,focus,,,,Importer,mendoza,KOTRA_SNS_2025,화장품/뷰티
330499,AR,metalurgica,,,,Importer,rosario,KOTRA_SNS_2025,화장품/뷰티
330499,US,masty,,,,Importer,Buenos Aires,KOTRA_SNS_2025,화장품/뷰티
330499,AR,lits,,,,Importer,parana,KOTRA_SNS_2025,화장품/뷰티
330499,AR,vought,,,,Importer,pilar,KOTRA_SNS_2025,화장품/뷰티
330499,BR,iku,,,,Importer,Alta Gracia,KOTRA_SNS_2025,화장품/뷰티
330499,,,,,,Importer,Windhoek,KOTRA_SNS_2025,화장품/뷰티
330499,AR,fox,,,,Importer,Buenos Aires,KOTRA_SNS_2025,화장품/뷰티
330499,AR,lopez jordan,,,,Importer,Santa Fe,KOTRA_SNS_2025,화장품/뷰티
330749,US,"skyhub co.,ltd",,,,Importer,NY,KOTRA_SNS_2025,화장품/뷰티
330749,VN,Bollywood Bliss,,,,Importer,Ha Bnh,KOTRA_SNS_2025,화장품/뷰티
330749,ID,Rbk,,,,Importer,Surabaya,KOTRA_SNS_2025,화장품/뷰티
330749,IN,Vp enterprises,,,,Importer,New delhi,KOTRA_SNS_2025,화장품/뷰티
330749,IN,PS Jewellers and Bankers,,,,Importer,"Meerut, Faridabad",KOTRA_SNS_2025,화장품/뷰티
330749,IN,kk,,,,Importer,Mumbai,KOTRA_SNS_2025,화장품/뷰티
330749,IN,Shrija International,,,,Importer,kheda,KOTRA_SNS_2025,화장품/뷰티
330749,NG,Metro cafe,,,,Importer,Abuja,KOTRA_SNS_2025,화장품/뷰티
330749,NG,Next2Angel Concepts Company.,,,,Importer,Ogun,KOTRA_SNS_2025,화장품/뷰티
330749,MA,Garoupia 0721230853,,,,Importer,Taroudant apllss good Arullei,KOTRA_SNS_2025,화장품/뷰티
330749,US,kinder,,,,Importer,Casablanca,KOTRA_SNS_2025,화장품/뷰티
330749,UZ,Maloxat,,,,Importer,Samarqand,KOTRA_SNS_2025,화장품/뷰티
330749,GB,Seeway Investment,,,,Importer,London,KOTRA_SNS_2025,화장품/뷰티
330749,US,Lostin,,,,Importer,cordoba,KOTRA_SNS_2025,화장품/뷰티
330749,AR,powere,,,,Importer,santa fe,KOTRA_SNS_2025,화장품/뷰티
330749,AR,HIBi,,,,Importer,Tucuman,KOTRA_SNS_2025,화장품/뷰티
330749,AR,coctar srl,,,,Importer,basavilbaso,KOTRA_SNS_2025,화장품/뷰티
330749,AR,byt,,,,Importer,Buenos Aires,KOTRA_SNS_2025,화장품/뷰티
330749,AR,duycher,,,,Importer,Buenos Aires,KOTRA_SNS_2025,화장품/뷰티
330749,AR,lopez jordan,,,,Importer,rosario,KOTRA_SNS_2025,화장품/뷰티
330749,US,deacon,,,,Importer,cordoba,KOTRA_SNS_2025,화장품/뷰티
330749,AR,carrar,,,,Importer,santa fe,KOTRA_SNS_2025,화장품/뷰티
330749,AR,fox,,,,Importer,Buenos Aires,KOTRA_SNS_2025,화장품/뷰티
330749,US,roxar,,,,Importer,buenos aires,KOTRA_SNS_2025,화장품/뷰티
330749,AR,fox,,,,Importer,Buenos Aires,KOTRA_SNS_2025,화장품/뷰티
330499,CN,"Beijing New Silk Road Trading Co., Ltd.(北京思科若德商有限公司)",,,,Importer,GANSU,KOTRA_SNS_2025,화장품/뷰티
330499,CN,YANTAI DAJIN TRADING CO LTD,,,,Importer,GANSU,KOTRA_SNS_2025,화장품/뷰티
330499,CN,DALIAN RONGXIN TRADING CO LTD (大易有限公司),,,,Importer,GANSU,KOTRA_SNS_2025,화장품/뷰티
330499,CN,COSBALL COSMETICS CO LTD (斯（上海）化品有限公司),,,,Importer,GANSU,KOTRA_SNS_2025,화장품/뷰티
330499,CN,"Shanghai Yunzhuang Intertrade Co., Ltd. (上海易有限公司)",,,,Importer,GANSU,KOTRA_SNS_2025,화장품/뷰티
330499,South Africa,Olympus Sales,,,,Importer,All Area,KOTRA_SNS_2025,화장품/뷰티
330499,VN,Merctrans,,,,Importer,Hanoi,KOTRA_SNS_2025,화장품/뷰티
330499,VN,Ha Bao Anh,,,,Importer,Hanoi,KOTRA_SNS_2025,화장품/뷰티
330499,VN,PICCOLO S.E.A,,,,Importer,Hanoi,KOTRA_SNS_2025,화장품/뷰티
330499,VN,"han Idd co.,ltd",,,,Importer,Hanoi,KOTRA_SNS_2025,화장품/뷰티
330499,VN,Elimaz,,,,Importer,Hanoi,KOTRA_SNS_2025,화장품/뷰티
330499,VN,Hnmu.edu.vn,,,,Importer,Hanoi,KOTRA_SNS_2025,화장품/뷰티
330499,VN,Hai Au Aviation,,,,Importer,Hanoi,KOTRA_SNS_2025,화장품/뷰티
330499,VN,"Tn Pht ETek .,JSC",,,,Importer,Hanoi,KOTRA_SNS_2025,화장품/뷰티
330499,VN,An Binh LTC Company Limited,,,,Importer,Hi Phng,KOTRA_SNS_2025,화장품/뷰티
330499,Vit Nam,ICC - ITP - Banking Academy,,,,Importer,Hanoi,KOTRA_SNS_2025,화장품/뷰티
330499,Vit Nam,Olaplex,,,,Importer,Hanoi,KOTRA_SNS_2025,화장품/뷰티
330499,Vit Nam,Cng ty c phn pht trin Bt ng Sn MICC GROUP,,,,Importer,Ha Hiep,KOTRA_SNS_2025,화장품/뷰티
330499,대한민국,세영로지스틱스,,,,Importer,서울특별시 강서구,KOTRA_SNS_2025,화장품/뷰티
330499,VN,H Ni,,,,Importer,Hanoi,KOTRA_SNS_2025,화장품/뷰티
330499,VN,HARAH - Endyskinlab,,,,Importer,hanoi,KOTRA_SNS_2025,화장품/뷰티
330499,VN,The A team :x <A1 forever>,,,,Importer,Hanoi,KOTRA_SNS_2025,화장품/뷰티
330499,VN,Dae sun,,,,Importer,Hanoi,KOTRA_SNS_2025,화장품/뷰티
330499,Vietnam,DK.Laud Architects&Consultants,,,,Importer,Hanoi,KOTRA_SNS_2025,화장품/뷰티
330499,VN,a,,,,Importer,Nam đinh,KOTRA_SNS_2025,화장품/뷰티
330499,VN,Amorepacific Viet Nam,,,,Importer,Hanoi,KOTRA_SNS_2025,화장품/뷰티
330499,VN,Vietcombank Securities - VCBS,,,,Importer,Hanoi,KOTRA_SNS_2025,화장품/뷰티
330499,VN,H Ni,,,,Importer,Hanoi,KOTRA_SNS_2025,화장품/뷰티
330499,VN,EVN HANOI,,,,Importer,Hanoi,KOTRA_SNS_2025,화장품/뷰티
330499,VN,Trang,,,,Importer,Hanoi,KOTRA_SNS_2025,화장품/뷰티
330499,VN,Wetbrush Viet Nam ltd,,,,Importer,Hanoi,KOTRA_SNS_2025,화장품/뷰티
330499,US,thanh,,,,Importer,đng th thanh,KOTRA_SNS_2025,화장품/뷰티
330499,VN,Siaec,,,,Importer,H ni,KOTRA_SNS_2025,화장품/뷰티
330499,VN,Ko ct tc VLS,,,,Importer,Hanoi,KOTRA_SNS_2025,화장품/뷰티
330499,US,ECC Viet nam,,,,Importer,ha noi,KOTRA_SNS_2025,화장품/뷰티
330499,Vit Nam,Vietjet,,,,Importer,Hanoi,KOTRA_SNS_2025,화장품/뷰티
330499,Vit Nam,cng ty c phn dc m phm 3C,,,,Importer,Hanoi,KOTRA_SNS_2025,화장품/뷰티
330499,VN,Byscom,,,,Importer,Hanoi,KOTRA_SNS_2025,화장품/뷰티
330499,Kken (in ana karası),Age comp,,,,Importer,Gaziantep,KOTRA_SNS_2025,화장품/뷰티
330499,VN,JV Yoshi Company,,,,Importer,H Ni,KOTRA_SNS_2025,화장품/뷰티
330499,VN,Hng Thnh company,,,,Importer,thi bnh,KOTRA_SNS_2025,화장품/뷰티
330499,VN,H Ni,,,,Importer,Hanoi,KOTRA_SNS_2025,화장품/뷰티
330499,VN,Founder of Anista-nn tng Dropshipping,,,,Importer,Seoul,KOTRA_SNS_2025,화장품/뷰티
330499,VN,Della born,,,,Importer,Hanoi,KOTRA_SNS_2025,화장품/뷰티
330499,Vietnam,KarmaX,,,,Importer,Ho Chi Minh City,KOTRA_SNS_2025,화장품/뷰티
330499,VN,agribank thu do branch,,,,Importer,Hanoi,KOTRA_SNS_2025,화장품/뷰티
330499,VN,"PAN PACIFIC CO., LTD",,,,Importer,Hanoi,KOTRA_SNS_2025,화장품/뷰티
330499,Vit Nam,SotaTek,,,,Importer,Hanoi,KOTRA_SNS_2025,화장품/뷰티
330499,VN,LINK VIET NAM TRADING COMPANY LIMITED,,,,Importer,Hanoi,KOTRA_SNS_2025,화장품/뷰티
330499,VN,Rita V Group,,,,Importer,Hanoi,KOTRA_SNS_2025,화장품/뷰티
330499,VN,WEILAIYA,,,,Importer,Hanoi,KOTRA_SNS_2025,화장품/뷰티
330499,VN,Cng ty tnhh Cosmocare Vit Nam,,,,Importer,Hanoi,KOTRA_SNS_2025,화장품/뷰티
330499,Vietnam,Vietinbank,,,,Importer,Hanoi,KOTRA_SNS_2025,화장품/뷰티
330499,VN,Maison RMI,,,,Importer,Hanoi,KOTRA_SNS_2025,화장품/뷰티
330499,Vietnam,Vanity360,,,,Importer,Hanoi,KOTRA_SNS_2025,화장품/뷰티
330499,VN,AP Window,,,,Importer,Hanoi,KOTRA_SNS_2025,화장품/뷰티
330499,VN,Cinnamon AI,,,,Importer,Hanoi,KOTRA_SNS_2025,화장품/뷰티
330499,VN,Intec Vietnam,,,,Importer,Hanoi,KOTRA_SNS_2025,화장품/뷰티
330499,VN,9704229282531339 mb bank,,,,Importer,Vinh Yen,KOTRA_SNS_2025,화장품/뷰티
330499,VN,Dion,,,,Importer,Hanoi,KOTRA_SNS_2025,화장품/뷰티
330499,VN,Thm m vin Qun Y,,,,Importer,Hanoi,KOTRA_SNS_2025,화장품/뷰티
330499,Vit Nam,No,,,,Importer,Hanoi,KOTRA_SNS_2025,화장품/뷰티
330499,VN,daco ltd,,,,Importer,Hanoi,KOTRA_SNS_2025,화장품/뷰티
330499,VN,InCorp Vietnam,,,,Importer,Hanoi,KOTRA_SNS_2025,화장품/뷰티
330499,VN,THPT Binh Luc A,,,,Importer,Binh Luc,KOTRA_SNS_2025,화장품/뷰티
330499,Vit Nam,Dont have company,,,,Importer,Hanoi,KOTRA_SNS_2025,화장품/뷰티
330499,Vit Nam,Pauline lens,,,,Importer,Hanoi,KOTRA_SNS_2025,화장품/뷰티
330499,VN,Hancell Vietnam,,,,Importer,Hanoi,KOTRA_SNS_2025,화장품/뷰티
330499,VN,Thanh Ngc Beauty Spa - Times City - T9.0621,,,,Importer,Hanoi,KOTRA_SNS_2025,화장품/뷰티
330499,VN,cong ty tnhh ziva.asia,,,,Importer,H Ni,KOTRA_SNS_2025,화장품/뷰티
330499,VN,H Ni,,,,Importer,Hanoi,KOTRA_SNS_2025,화장품/뷰티
330499,VN,DIG,,,,Importer,Hanoi,KOTRA_SNS_2025,화장품/뷰티
330499,VN,CNG TY TNHH CAN LINES VN,,,,Importer,Hanoi,KOTRA_SNS_2025,화장품/뷰티
330499,VN,Trung tm Nt Hoa,,,,Importer,Hanoi,KOTRA_SNS_2025,화장품/뷰티
330499,VN,NC Skinlab,,,,Importer,Hanoi,KOTRA_SNS_2025,화장품/뷰티
330499,VN,Jaspal Vietnam,,,,Importer,Hanoi,KOTRA_SNS_2025,화장품/뷰티
330499,VN,Chic-Land,,,,Importer,Hanoi,KOTRA_SNS_2025,화장품/뷰티
330499,VN,Nguyn anh holding,,,,Importer,h ni,KOTRA_SNS_2025,화장품/뷰티
330499,Vit Nam,LaBase Cosmetics,,,,Importer,Hanoi,KOTRA_SNS_2025,화장품/뷰티
330499,VN,Hong Hai Department Store,,,,Importer,Hanoi,KOTRA_SNS_2025,화장품/뷰티
330499,KR,ComeUp,,,,Importer,Hanoi,KOTRA_SNS_2025,화장품/뷰티
330499,Vietnam,HGD,,,,Importer,Hanoi,KOTRA_SNS_2025,화장품/뷰티
330499,VN,Remote Year,,,,Importer,Hanoi,KOTRA_SNS_2025,화장품/뷰티
330499,VN,Cng ty c phn h sinh thi kinh doanh spa SBE,,,,Importer,Hanoi,KOTRA_SNS_2025,화장품/뷰티
330790,RU,4Skin LLC,,,,Importer,Moscow,KOTRA_SNS_2025,화장품/뷰티
330790,RU,Beauty K LLC,,,,Importer,Moscow,KOTRA_SNS_2025,화장품/뷰티
330790,RU,SKF Alvi LLC,,,,Importer,Moscow,KOTRA_SNS_2025,화장품/뷰티
330790,RU,Sophis LLC,,,,Importer,Moscow,KOTRA_SNS_2025,화장품/뷰티
330790,RU,1print,,,,Importer,Moscow,KOTRA_SNS_2025,화장품/뷰티
330790,RU,4Trend,,,,Importer,Moscow,KOTRA_SNS_2025,화장품/뷰티
330790,RU,A-class,,,,Importer,Moscow,KOTRA_SNS_2025,화장품/뷰티
330790,RU,Acnenet,,,,Importer,Moscow,KOTRA_SNS_2025,화장품/뷰티
330790,RU,Agency “5 Avenue med & tour”,,,,Importer,Moscow,KOTRA_SNS_2025,화장품/뷰티
330790,RU,Agenis,,,,Importer,Moscow,KOTRA_SNS_2025,화장품/뷰티
330790,RU,Albatros (Resfood),,,,Importer,Moscow,KOTRA_SNS_2025,화장품/뷰티
330790,RU,Alkor,,,,Importer,Moscow,KOTRA_SNS_2025,화장품/뷰티
330790,RU,Altergo,,,,Importer,Moscow,KOTRA_SNS_2025,화장품/뷰티
330790,RU,Alteros,,,,Importer,Moscow,KOTRA_SNS_2025,화장품/뷰티
330790,RU,Amarilis,,,,Importer,Moscow,KOTRA_SNS_2025,화장품/뷰티
330790,RU,Amarylis,,,,Importer,Moscow,KOTRA_SNS_2025,화장품/뷰티
330790,RU,Amibeauty,,,,Importer,Moscow,KOTRA_SNS_2025,화장품/뷰티
330790,RU,Annie dreams,,,,Importer,Moscow,KOTRA_SNS_2025,화장품/뷰티
330790,RU,Antem,,,,Importer,Moscow,KOTRA_SNS_2025,화장품/뷰티
330790,RU,Any brands,,,,Importer,Moscow,KOTRA_SNS_2025,화장품/뷰티
330790,RU,Arome,,,,Importer,Moscow,KOTRA_SNS_2025,화장품/뷰티
330790,RU,Avanta Project,,,,Importer,Moscow,KOTRA_SNS_2025,화장품/뷰티
330790,RU,BB-glow,,,,Importer,Moscow,KOTRA_SNS_2025,화장품/뷰티
330790,RU,BCBD,,,,Importer,Moscow,KOTRA_SNS_2025,화장품/뷰티
330790,RU,Beauty One,,,,Importer,Moscow,KOTRA_SNS_2025,화장품/뷰티
330790,RU,Beauty salon,,,,Importer,Moscow,KOTRA_SNS_2025,화장품/뷰티
330790,RU,"Beauty salon ""Kukolka""",,,,Importer,Moscow,KOTRA_SNS_2025,화장품/뷰티
330790,RU,Beauty Star (online shopping),,,,Importer,Moscow,KOTRA_SNS_2025,화장품/뷰티
330790,RU,Beauty2b (Holika Retail),,,,Importer,Moscow,KOTRA_SNS_2025,화장품/뷰티
330790,RU,Bella-Systech,,,,Importer,Moscow,KOTRA_SNS_2025,화장품/뷰티
330790,RU,Bio Nature,,,,Importer,Moscow,KOTRA_SNS_2025,화장품/뷰티
330790,RU,Bliss,,,,Importer,Moscow,KOTRA_SNS_2025,화장품/뷰티
330790,RU,BML,,,,Importer,Moscow,KOTRA_SNS_2025,화장품/뷰티
330790,RU,Businessmedlogistika,,,,Importer,Moscow,KOTRA_SNS_2025,화장품/뷰티
330790,RU,Chik Chik Cosmetics,,,,Importer,Moscow,KOTRA_SNS_2025,화장품/뷰티
330790,RU,CID,,,,Importer,Moscow,KOTRA_SNS_2025,화장품/뷰티
330790,RU,Coco,,,,Importer,Moscow,KOTRA_SNS_2025,화장품/뷰티
330790,RU,Coffeemaxmaster,,,,Importer,Moscow,KOTRA_SNS_2025,화장품/뷰티
330790,RU,Cosmetic Brands,,,,Importer,Moscow,KOTRA_SNS_2025,화장품/뷰티
330790,RU,Cream,,,,Importer,Moscow,KOTRA_SNS_2025,화장품/뷰티
330790,RU,Creamtoner,,,,Importer,Moscow,KOTRA_SNS_2025,화장품/뷰티
330790,RU,Criostudio (Sevastopol),,,,Importer,Moscow,KOTRA_SNS_2025,화장품/뷰티
330790,RU,Crystal Spa,,,,Importer,Moscow,KOTRA_SNS_2025,화장품/뷰티
330790,RU,Da Corporation,,,,Importer,Moscow,KOTRA_SNS_2025,화장품/뷰티
330790,RU,DAELIN NETWORK,,,,Importer,Moscow,KOTRA_SNS_2025,화장품/뷰티
330790,RU,Daniella,,,,Importer,Moscow,KOTRA_SNS_2025,화장품/뷰티
330790,RU,"Degteva E.P., IP",,,,Importer,Moscow,KOTRA_SNS_2025,화장품/뷰티
330790,RU,Dessange,,,,Importer,Moscow,KOTRA_SNS_2025,화장품/뷰티
330790,RU,Diam store,,,,Importer,Moscow,KOTRA_SNS_2025,화장품/뷰티
330790,RU,Digidon,,,,Importer,Moscow,KOTRA_SNS_2025,화장품/뷰티
330790,RU,Dilena,,,,Importer,Moscow,KOTRA_SNS_2025,화장품/뷰티
330790,RU,Direct Trade,,,,Importer,Moscow,KOTRA_SNS_2025,화장품/뷰티
330790,RU,Distributor,,,,Importer,Moscow,KOTRA_SNS_2025,화장품/뷰티
330790,RU,Dizao,,,,Importer,Moscow,KOTRA_SNS_2025,화장품/뷰티
330790,RU,Dom Pokupok,,,,Importer,Moscow,KOTRA_SNS_2025,화장품/뷰티
330790,RU,Drogeri soyuz,,,,Importer,Moscow,KOTRA_SNS_2025,화장품/뷰티
330790,RU,ECOGARANT LLC,,,,Importer,Moscow,KOTRA_SNS_2025,화장품/뷰티
330790,RU,EG Beauty,,,,Importer,Moscow,KOTRA_SNS_2025,화장품/뷰티
330790,RU,IP Ekimova,,,,Importer,Moscow,KOTRA_SNS_2025,화장품/뷰티
330790,RU,Elitsert,,,,Importer,Moscow,KOTRA_SNS_2025,화장품/뷰티
330790,RU,Faberlic,,,,Importer,Moscow,KOTRA_SNS_2025,화장품/뷰티
330790,RU,FarmRegion,,,,Importer,Moscow,KOTRA_SNS_2025,화장품/뷰티
330790,RU,Federal center of trademarks security,,,,Importer,Moscow,KOTRA_SNS_2025,화장품/뷰티
330790,RU,Female Sbarm,,,,Importer,Moscow,KOTRA_SNS_2025,화장품/뷰티
330790,RU,Fillerstore.ru,,,,Importer,Moscow,KOTRA_SNS_2025,화장품/뷰티
330790,RU,Florinil salon,,,,Importer,Moscow,KOTRA_SNS_2025,화장품/뷰티
330790,RU,Food Product LLC (Good Fish),,,,Importer,Moscow,KOTRA_SNS_2025,화장품/뷰티
330790,RU,Forma,,,,Importer,Moscow,KOTRA_SNS_2025,화장품/뷰티
330790,RU,Gradient,,,,Importer,Moscow,KOTRA_SNS_2025,화장품/뷰티
330790,RU,H2O,,,,Importer,Moscow,KOTRA_SNS_2025,화장품/뷰티
330790,RU,Hanafy Colours Pigments,,,,Importer,Moscow,KOTRA_SNS_2025,화장품/뷰티
330790,RU,I.P. Belkova,,,,Importer,Moscow,KOTRA_SNS_2025,화장품/뷰티
330790,RU,ICG,,,,Importer,Moscow,KOTRA_SNS_2025,화장품/뷰티
330790,RU,Impako,,,,Importer,Moscow,KOTRA_SNS_2025,화장품/뷰티
330790,RU,Impuls treid,,,,Importer,Moscow,KOTRA_SNS_2025,화장품/뷰티
330790,RU,Incom Realestate,,,,Importer,Moscow,KOTRA_SNS_2025,화장품/뷰티
330790,RU,Indigo,,,,Importer,Moscow,KOTRA_SNS_2025,화장품/뷰티
330790,RU,IP Stoforandova Olga,,,,Importer,Moscow,KOTRA_SNS_2025,화장품/뷰티
330790,RU,IP Aleshina M.M.,,,,Importer,Moscow,KOTRA_SNS_2025,화장품/뷰티
330790,RU,IP Artem Misov,,,,Importer,Moscow,KOTRA_SNS_2025,화장품/뷰티
330790,RU,IP Berezhnaya,,,,Importer,Moscow,KOTRA_SNS_2025,화장품/뷰티
330790,RU,IP Burduk,,,,Importer,Moscow,KOTRA_SNS_2025,화장품/뷰티
330790,RU,IP Egor,,,,Importer,Moscow,KOTRA_SNS_2025,화장품/뷰티
330790,RU,IP Khabibova,,,,Importer,Moscow,KOTRA_SNS_2025,화장품/뷰티
330790,RU,IP Mamrova A.A.,,,,Importer,Moscow,KOTRA_SNS_2025,화장품/뷰티
330790,RU,IP Minushova,,,,Importer,Moscow,KOTRA_SNS_2025,화장품/뷰티
330790,RU,IP Musaeva A.S.,,,,Importer,Moscow,KOTRA_SNS_2025,화장품/뷰티
330790,RU,IP Osipova Olga Victorovna,,,,Importer,Moscow,KOTRA_SNS_2025,화장품/뷰티
330790,RU,IP Panasenko,,,,Importer,Moscow,KOTRA_SNS_2025,화장품/뷰티
330790,RU,IP Polygalova,,,,Importer,Moscow,KOTRA_SNS_2025,화장품/뷰티
330790,RU,IP Remizova,,,,Importer,Moscow,KOTRA_SNS_2025,화장품/뷰티
330790,RU,IP Sheihova Saniya,,,,Importer,Moscow,KOTRA_SNS_2025,화장품/뷰티
330790,RU,IP Stil Cosmetik,,,,Importer,Moscow,KOTRA_SNS_2025,화장품/뷰티
330790,RU,IP Sysoev (Kokos i mir),,,,Importer,Moscow,KOTRA_SNS_2025,화장품/뷰티
330790,RU,Istok Audio,,,,Importer,Moscow,KOTRA_SNS_2025,화장품/뷰티
330790,RU,Ivan Petrenko,,,,Importer,Moscow,KOTRA_SNS_2025,화장품/뷰티
330790,RU,Ivrika,,,,Importer,Moscow,KOTRA_SNS_2025,화장품/뷰티
330790,RU,Juno Russia,,,,Importer,Moscow,KOTRA_SNS_2025,화장품/뷰티
330790,RU,Kaori,,,,Importer,Moscow,KOTRA_SNS_2025,화장품/뷰티
330790,RU,"Kardash L.A, IP",,,,Importer,Moscow,KOTRA_SNS_2025,화장품/뷰티
330790,RU,"K-beauty, IP Korotkikh",,,,Importer,Moscow,KOTRA_SNS_2025,화장품/뷰티
330790,RU,Ketola Pro Care,,,,Importer,Moscow,KOTRA_SNS_2025,화장품/뷰티
330790,RU,King Cargo,,,,Importer,Moscow,KOTRA_SNS_2025,화장품/뷰티
330790,RU,Kitsune,,,,Importer,Moscow,KOTRA_SNS_2025,화장품/뷰티
330790,RU,Klinika omolozhenia doktora Vedova,,,,Importer,Moscow,KOTRA_SNS_2025,화장품/뷰티
330790,RU,Korea cosmo,,,,Importer,Moscow,KOTRA_SNS_2025,화장품/뷰티
330790,RU,"Korea home, LLC",,,,Importer,Moscow,KOTRA_SNS_2025,화장품/뷰티
330790,RU,korea_topbeauty,,,,Importer,Moscow,KOTRA_SNS_2025,화장품/뷰티
330790,RU,Koreabutik,,,,Importer,Moscow,KOTRA_SNS_2025,화장품/뷰티
330790,RU,Koreahit,,,,Importer,Moscow,KOTRA_SNS_2025,화장품/뷰티
330790,RU,Korealine,,,,Importer,Moscow,KOTRA_SNS_2025,화장품/뷰티
330790,RU,Korean care,,,,Importer,Moscow,KOTRA_SNS_2025,화장품/뷰티
330790,RU,KOREAN CARE (IP SOLDOVNIK E.I.),,,,Importer,Moscow,KOTRA_SNS_2025,화장품/뷰티
330790,RU,KoreaTrade,,,,Importer,Moscow,KOTRA_SNS_2025,화장품/뷰티
330790,RU,Kosmart,,,,Importer,Moscow,KOTRA_SNS_2025,화장품/뷰티
330790,RU,KR Global,,,,Importer,Moscow,KOTRA_SNS_2025,화장품/뷰티
330790,RU,Laboratory Katrin,,,,Importer,Moscow,KOTRA_SNS_2025,화장품/뷰티
330790,RU,Laking and Co,,,,Importer,Moscow,KOTRA_SNS_2025,화장품/뷰티
330790,RU,Lamel (Ekaterinburg),,,,Importer,Moscow,KOTRA_SNS_2025,화장품/뷰티
330790,RU,Lanix M,,,,Importer,Moscow,KOTRA_SNS_2025,화장품/뷰티
330790,RU,Leomax,,,,Importer,Moscow,KOTRA_SNS_2025,화장품/뷰티
330790,RU,"Lishai, IP",,,,Importer,Moscow,KOTRA_SNS_2025,화장품/뷰티
330790,RU,LK,,,,Importer,Moscow,KOTRA_SNS_2025,화장품/뷰티
330790,RU,"LLC ""CAVIAR GROUP""",,,,Importer,Moscow,KOTRA_SNS_2025,화장품/뷰티
330790,RU,LLC DASLIM NETWORK,,,,Importer,Moscow,KOTRA_SNS_2025,화장품/뷰티
330790,RU,LLC LABINVEST (laboratory),,,,Importer,Moscow,KOTRA_SNS_2025,화장품/뷰티
330790,RU,LUCKY HOUSE (company),,,,Importer,Moscow,KOTRA_SNS_2025,화장품/뷰티
330790,RU,Lux Cosmetica,,,,Importer,Moscow,KOTRA_SNS_2025,화장품/뷰티
330790,RU,M&P (Uvinion),,,,Importer,Moscow,KOTRA_SNS_2025,화장품/뷰티
330790,RU,Magic SPA,,,,Importer,Moscow,KOTRA_SNS_2025,화장품/뷰티
330790,RU,Marika,,,,Importer,Moscow,KOTRA_SNS_2025,화장품/뷰티
330790,RU,MARTINES (cosmetic company),,,,Importer,Moscow,KOTRA_SNS_2025,화장품/뷰티
330790,RU,Martines Image,,,,Importer,Moscow,KOTRA_SNS_2025,화장품/뷰티
330790,RU,Maskshop,,,,Importer,Moscow,KOTRA_SNS_2025,화장품/뷰티
330790,RU,Master strij,,,,Importer,Moscow,KOTRA_SNS_2025,화장품/뷰티
330790,RU,Master Trade,,,,Importer,Moscow,KOTRA_SNS_2025,화장품/뷰티
330790,RU,Melsaura,,,,Importer,Moscow,KOTRA_SNS_2025,화장품/뷰티
330790,RU,"Mill Fleur-Lux, Ltd",,,,Importer,Moscow,KOTRA_SNS_2025,화장품/뷰티
330790,RU,Ministerium Konsalting,,,,Importer,Moscow,KOTRA_SNS_2025,화장품/뷰티
330790,RU,Mir espresso,,,,Importer,Moscow,KOTRA_SNS_2025,화장품/뷰티
330790,RU,Mir Optiki,,,,Importer,Moscow,KOTRA_SNS_2025,화장품/뷰티
330790,RU,Nailspot,,,,Importer,Moscow,KOTRA_SNS_2025,화장품/뷰티
330790,RU,Novelox,,,,Importer,Moscow,KOTRA_SNS_2025,화장품/뷰티
330790,RU,O!Asia,,,,Importer,Moscow,KOTRA_SNS_2025,화장품/뷰티
330790,RU,Ohbeautybar.ru,,,,Importer,Moscow,KOTRA_SNS_2025,화장품/뷰티
330790,RU,Okhta Park,,,,Importer,Moscow,KOTRA_SNS_2025,화장품/뷰티
330790,RU,One love box shop,,,,Importer,Moscow,KOTRA_SNS_2025,화장품/뷰티
330790,RU,Onelove Box,,,,Importer,Moscow,KOTRA_SNS_2025,화장품/뷰티
330790,RU,Organic Pharmacy,,,,Importer,Moscow,KOTRA_SNS_2025,화장품/뷰티
330790,RU,Pamella-FMMC,,,,Importer,Moscow,KOTRA_SNS_2025,화장품/뷰티
330790,RU,Parisnail.ru,,,,Importer,Moscow,KOTRA_SNS_2025,화장품/뷰티
330790,RU,Patch and Go,,,,Importer,Moscow,KOTRA_SNS_2025,화장품/뷰티
330790,RU,Pavlin,,,,Importer,Moscow,KOTRA_SNS_2025,화장품/뷰티
330790,RU,personal,,,,Importer,Moscow,KOTRA_SNS_2025,화장품/뷰티
330790,RU,PLM Beauty,,,,Importer,Moscow,KOTRA_SNS_2025,화장품/뷰티
330790,RU,Privezi kolgotki,,,,Importer,Moscow,KOTRA_SNS_2025,화장품/뷰티
330790,RU,Pro Aesthetic,,,,Importer,Moscow,KOTRA_SNS_2025,화장품/뷰티
330790,RU,Proffine,,,,Importer,Moscow,KOTRA_SNS_2025,화장품/뷰티
330790,RU,Proffline chain,,,,Importer,Moscow,KOTRA_SNS_2025,화장품/뷰티
330790,RU,ProfGroup,,,,Importer,Moscow,KOTRA_SNS_2025,화장품/뷰티
330790,RU,PRO-LINE,,,,Importer,Moscow,KOTRA_SNS_2025,화장품/뷰티
330790,RU,Promzapas,,,,Importer,Moscow,KOTRA_SNS_2025,화장품/뷰티
330790,RU,Prosperity vendor chemicals company,,,,Importer,Moscow,KOTRA_SNS_2025,화장품/뷰티
330790,RU,Pudra,,,,Importer,Moscow,KOTRA_SNS_2025,화장품/뷰티
330790,RU,Raksel (Kazan),,,,Importer,Moscow,KOTRA_SNS_2025,화장품/뷰티
330790,RU,Response,,,,Importer,Moscow,KOTRA_SNS_2025,화장품/뷰티
330790,RU,Retinoids,,,,Importer,Moscow,KOTRA_SNS_2025,화장품/뷰티
330790,RU,R-Pharm Compound,,,,Importer,Moscow,KOTRA_SNS_2025,화장품/뷰티
330790,RU,Saida,,,,Importer,Moscow,KOTRA_SNS_2025,화장품/뷰티
330790,RU,SAPON (cosmetological clinics),,,,Importer,Moscow,KOTRA_SNS_2025,화장품/뷰티
330790,RU,Satory,,,,Importer,Moscow,KOTRA_SNS_2025,화장품/뷰티
330790,RU,Sensify,,,,Importer,Moscow,KOTRA_SNS_2025,화장품/뷰티
330790,RU,Silvaka Cosmetic,,,,Importer,Moscow,KOTRA_SNS_2025,화장품/뷰티
330790,RU,Sima-land,,,,Importer,Moscow,KOTRA_SNS_2025,화장품/뷰티
330790,RU,Skinlite,,,,Importer,Moscow,KOTRA_SNS_2025,화장품/뷰티
330790,RU,Skintime (Yakutsk),,,,Importer,Moscow,KOTRA_SNS_2025,화장품/뷰티
330790,RU,Slasti,,,,Importer,Moscow,KOTRA_SNS_2025,화장품/뷰티
330790,RU,"SOP, LLC",,,,Importer,Moscow,KOTRA_SNS_2025,화장품/뷰티
330790,RU,Stalker Consulting,,,,Importer,Moscow,KOTRA_SNS_2025,화장품/뷰티
330790,RU,TacMed-V,,,,Importer,Moscow,KOTRA_SNS_2025,화장품/뷰티
330790,RU,Tarbis,,,,Importer,Moscow,KOTRA_SNS_2025,화장품/뷰티
330790,RU,Targetta LLC,,,,Importer,Moscow,KOTRA_SNS_2025,화장품/뷰티
330790,RU,TD Satory,,,,Importer,Moscow,KOTRA_SNS_2025,화장품/뷰티
330790,RU,Tolika Molika,,,,Importer,Moscow,KOTRA_SNS_2025,화장품/뷰티
330790,RU,Toparomai (online shop),,,,Importer,Moscow,KOTRA_SNS_2025,화장품/뷰티
330790,RU,Trade Proff,,,,Importer,Moscow,KOTRA_SNS_2025,화장품/뷰티
330790,RU,Trade service,,,,Importer,Moscow,KOTRA_SNS_2025,화장품/뷰티
330790,RU,Trimm,,,,Importer,Moscow,KOTRA_SNS_2025,화장품/뷰티
330790,RU,Tri-S Food,,,,Importer,Moscow,KOTRA_SNS_2025,화장품/뷰티
330790,RU,UMetex,,,,Importer,Moscow,KOTRA_SNS_2025,화장품/뷰티
330790,RU,Unique kosmetika,,,,Importer,Moscow,KOTRA_SNS_2025,화장품/뷰티
330790,RU,Unitrade Corporation,,,,Importer,Moscow,KOTRA_SNS_2025,화장품/뷰티
330790,RU,UPECO,,,,Importer,Moscow,KOTRA_SNS_2025,화장품/뷰티
330790,RU,VBG Cosmetic,,,,Importer,Moscow,KOTRA_SNS_2025,화장품/뷰티
330790,RU,VDK,,,,Importer,Moscow,KOTRA_SNS_2025,화장품/뷰티
330790,RU,Velkor,,,,Importer,Moscow,KOTRA_SNS_2025,화장품/뷰티
330790,RU,Viitkashop,,,,Importer,Moscow,KOTRA_SNS_2025,화장품/뷰티
330790,RU,Vitual,,,,Importer,Moscow,KOTRA_SNS_2025,화장품/뷰티
330790,RU,Yalove Trade,,,,Importer,Moscow,KOTRA_SNS_2025,화장품/뷰티
330790,RU,Yandex Market,,,,Importer,Moscow,KOTRA_SNS_2025,화장품/뷰티
330790,RU,Yaponsky ugolok,,,,Importer,Moscow,KOTRA_SNS_2025,화장품/뷰티
330790,RU,Your kind beauty,,,,Importer,Moscow,KOTRA_SNS_2025,화장품/뷰티
330790,RU,"Yugai Yulia Yurievna IP, Mi-in",,,,Importer,Moscow,KOTRA_SNS_2025,화장품/뷰티
330790,RU,Zeffiro,,,,Importer,Moscow,KOTRA_SNS_2025,화장품/뷰티
330790,RU,"ZHENSHENPROM ""GINSENG INDUSTRY"" LLC",,,,Importer,Moscow,KOTRA_SNS_2025,화장품/뷰티
330790,RU,Zhenskie shtuchki,,,,Importer,Moscow,KOTRA_SNS_2025,화장품/뷰티
330790,RU,Zlato,,,,Importer,Moscow,KOTRA_SNS_2025,화장품/뷰티
330410,JP,ツウェイワルド株式社,,,,Importer,Shizuoka,KOTRA_SNS_2025,화장품/뷰티
330410,JP,株式社バロ,,,,Importer,Shizuoka,KOTRA_SNS_2025,화장품/뷰티
330410,JP,株式社東京堂 (2),,,,Importer,Shizuoka,KOTRA_SNS_2025,화장품/뷰티
330410,JP,トラストトウキョウ株式社,,,,Importer,Shizuoka,KOTRA_SNS_2025,화장품/뷰티
330410,JP,AIE合同社,,,,Importer,Shizuoka,KOTRA_SNS_2025,화장품/뷰티
330749,JP,(株) 波羅,,,,Importer,Shizuoka,KOTRA_SNS_2025,화장품/뷰티
330410,JP,Medibridge株式社,,,,Importer,Shizuoka,KOTRA_SNS_2025,화장품/뷰티
330410,JP,錦金株式社,,,,Importer,Shizuoka,KOTRA_SNS_2025,화장품/뷰티
330410,JP,富士器業株式社,,,,Importer,Shizuoka,KOTRA_SNS_2025,화장품/뷰티
330410,JP,日本ジェニュイン株式社,,,,Importer,Shizuoka,KOTRA_SNS_2025,화장품/뷰티
330410,JP,株式社サイネット (2),,,,Importer,Shizuoka,KOTRA_SNS_2025,화장품/뷰티
330410,JP,Medibridge株式社,,,,Importer,Shizuoka,KOTRA_SNS_2025,화장품/뷰티
330410,JP,ジェイアンドワイジャパン,,,,Importer,Shizuoka,KOTRA_SNS_2025,화장품/뷰티
330410,JP,メモリテック株式社,,,,Importer,Shizuoka,KOTRA_SNS_2025,화장품/뷰티
330410,JP,株式社ビジョンネット,,,,Importer,Shizuoka,KOTRA_SNS_2025,화장품/뷰티
330410,JP,株式社大木,,,,Importer,Shizuoka,KOTRA_SNS_2025,화장품/뷰티
330410,JP,アボックスジャパン株式社,,,,Importer,Shizuoka,KOTRA_SNS_2025,화장품/뷰티
330410,JP,ツウェイワルド株式社,,,,Importer,Shizuoka,KOTRA_SNS_2025,화장품/뷰티
330410,JP,株式社ATK,,,,Importer,Shizuoka,KOTRA_SNS_2025,화장품/뷰티
330410,JP,株式社アイエスリンク,,,,Importer,Shizuoka,KOTRA_SNS_2025,화장품/뷰티
330410,JP,株式社ビジョンネット,,,,Importer,Shizuoka,KOTRA_SNS_2025,화장품/뷰티
330410,JP,株式社丸大コポレション,,,,Importer,Shizuoka,KOTRA_SNS_2025,화장품/뷰티
330410,JP,太洋物産株式社,,,,Importer,Shizuoka,KOTRA_SNS_2025,화장품/뷰티
330410,JP,（株）宇津木産業,,,,Importer,Shizuoka,KOTRA_SNS_2025,화장품/뷰티
330410,JP,エステ株式社,,,,Importer,Shizuoka,KOTRA_SNS_2025,화장품/뷰티
330410,JP,ビコネクション,,,,Importer,Shizuoka,KOTRA_SNS_2025,화장품/뷰티
330410,JP,天グルプ株式社,,,,Importer,Shizuoka,KOTRA_SNS_2025,화장품/뷰티
330410,JP,"SEVEN BEAUTY  Co,.Ltd.",,,,Importer,Shizuoka,KOTRA_SNS_2025,화장품/뷰티
330410,JP,株式社東京堂 (1),,,,Importer,Shizuoka,KOTRA_SNS_2025,화장품/뷰티
330749,JP,"SEVEN BEAUTY  Co,.Ltd.",,,,Importer,Shizuoka,KOTRA_SNS_2025,화장품/뷰티
330749,JP,アップスウェル株式社,,,,Importer,Shizuoka,KOTRA_SNS_2025,화장품/뷰티
330410,JP,株式社ネモコマスジャパン,,,,Importer,Shizuoka,KOTRA_SNS_2025,화장품/뷰티
330410,JP,株式社東京堂 (1),,,,Importer,Shizuoka,KOTRA_SNS_2025,화장품/뷰티
330410,JP,株式社丸大コポレション,,,,Importer,Shizuoka,KOTRA_SNS_2025,화장품/뷰티
330410,JP,合同社KING KONG,,,,Importer,Shizuoka,KOTRA_SNS_2025,화장품/뷰티
330410,JP,メモリテック株式社,,,,Importer,Shizuoka,KOTRA_SNS_2025,화장품/뷰티
330410,JP,富士器業株式社,,,,Importer,Shizuoka,KOTRA_SNS_2025,화장품/뷰티
330410,JP,株式社ときわ商,,,,Importer,Shizuoka,KOTRA_SNS_2025,화장품/뷰티
330410,JP,株式社マアバル,,,,Importer,Shizuoka,KOTRA_SNS_2025,화장품/뷰티
330410,JP,ツウェイワルド株式社,,,,Importer,Shizuoka,KOTRA_SNS_2025,화장품/뷰티
330410,JP,ポップベリ株式社,,,,Importer,Shizuoka,KOTRA_SNS_2025,화장품/뷰티
330410,JP,株式社サイネット (1),,,,Importer,Shizuoka,KOTRA_SNS_2025,화장품/뷰티
330410,JP,株式社ジェイディビネットワク (2),,,,Importer,Shizuoka,KOTRA_SNS_2025,화장품/뷰티
330410,JP,株式社丸大コポレション,,,,Importer,Shizuoka,KOTRA_SNS_2025,화장품/뷰티
330410,JP,ジェイアンドワイジャパン,,,,Importer,Shizuoka,KOTRA_SNS_2025,화장품/뷰티
330410,JP,カルチュアコンビニエンスクラブ株式社 (1),,,,Importer,Shizuoka,KOTRA_SNS_2025,화장품/뷰티
330410,JP,吉通貿易株式社,,,,Importer,Shizuoka,KOTRA_SNS_2025,화장품/뷰티
330410,JP,富士器業株式社,,,,Importer,Shizuoka,KOTRA_SNS_2025,화장품/뷰티
330410,JP,株式社コセ,,,,Importer,Shizuoka,KOTRA_SNS_2025,화장품/뷰티
330410,JP,株式社シンシア,,,,Importer,Shizuoka,KOTRA_SNS_2025,화장품/뷰티
330410,JP,クラシエ株式社　ホムプロダクツカンパニ,,,,Importer,Shizuoka,KOTRA_SNS_2025,화장품/뷰티
330410,JP,ツウェイワルド株式社,,,,Importer,Shizuoka,KOTRA_SNS_2025,화장품/뷰티
330410,JP,株式社シンシア,,,,Importer,Shizuoka,KOTRA_SNS_2025,화장품/뷰티
330410,JP,ツウェイワルド株式社,,,,Importer,Shizuoka,KOTRA_SNS_2025,화장품/뷰티
330410,JP,錦金株式社,,,,Importer,Shizuoka,KOTRA_SNS_2025,화장품/뷰티
330410,JP,株式社Popokii (2),,,,Importer,Shizuoka,KOTRA_SNS_2025,화장품/뷰티
330410,JP,株式社アイエスリンク,,,,Importer,Shizuoka,KOTRA_SNS_2025,화장품/뷰티
330410,JP,株式社ティサイド,,,,Importer,Shizuoka,KOTRA_SNS_2025,화장품/뷰티
330410,JP,ジェイアンドワイジャパン,,,,Importer,Shizuoka,KOTRA_SNS_2025,화장품/뷰티
330410,JP,有限社旅の木,,,,Importer,Shizuoka,KOTRA_SNS_2025,화장품/뷰티
330410,JP,株式社ジェイディビネットワク (1),,,,Importer,Shizuoka,KOTRA_SNS_2025,화장품/뷰티
330410,JP,株式社セラ,,,,Importer,Shizuoka,KOTRA_SNS_2025,화장품/뷰티
330410,JP,株式社ときわ商,,,,Importer,Shizuoka,KOTRA_SNS_2025,화장품/뷰티
330410,JP,株式社バロ,,,,Importer,Shizuoka,KOTRA_SNS_2025,화장품/뷰티
330410,JP,合同社すずはな,,,,Importer,Shizuoka,KOTRA_SNS_2025,화장품/뷰티
330410,JP,ビコネクション,,,,Importer,Shizuoka,KOTRA_SNS_2025,화장품/뷰티
330410,JP,スタデザイン株式社,,,,Importer,Shizuoka,KOTRA_SNS_2025,화장품/뷰티
330410,JP,(株)ライブジャパン,,,,Importer,Shizuoka,KOTRA_SNS_2025,화장품/뷰티
330410,JP,ポップベリ株式社,,,,Importer,Shizuoka,KOTRA_SNS_2025,화장품/뷰티
330410,JP,ジェムストランス株式社,,,,Importer,Shizuoka,KOTRA_SNS_2025,화장품/뷰티
330410,JP,株式社セレス,,,,Importer,Shizuoka,KOTRA_SNS_2025,화장품/뷰티
330410,JP,株式社マアバル,,,,Importer,Shizuoka,KOTRA_SNS_2025,화장품/뷰티
330410,JP,AEL株式社,,,,Importer,Shizuoka,KOTRA_SNS_2025,화장품/뷰티
330410,JP,エステ株式社,,,,Importer,Shizuoka,KOTRA_SNS_2025,화장품/뷰티
330410,JP,ジェムストランス株式社,,,,Importer,Shizuoka,KOTRA_SNS_2025,화장품/뷰티
330410,JP,株式社セレス,,,,Importer,Shizuoka,KOTRA_SNS_2025,화장품/뷰티
330410,JP,スタデザイン株式社,,,,Importer,Shizuoka,KOTRA_SNS_2025,화장품/뷰티
330410,JP,Medibridge株式社,,,,Importer,Shizuoka,KOTRA_SNS_2025,화장품/뷰티
330410,JP,株式社シンシア,,,,Importer,Shizuoka,KOTRA_SNS_2025,화장품/뷰티
330749,JP,ラムトレディングジャパン,,,,Importer,Shizuoka,KOTRA_SNS_2025,화장품/뷰티
330749,JP,ワルドクラフト株式社,,,,Importer,Shizuoka,KOTRA_SNS_2025,화장품/뷰티
330410,JP,(株)京王アトマン (あらた동행),,,,Importer,Shizuoka,KOTRA_SNS_2025,화장품/뷰티
330749,JP,ワルドトレディング株式社,,,,Importer,Shizuoka,KOTRA_SNS_2025,화장품/뷰티
330410,JP,カルチュアエクスペリエンス株式社 (あらた동행),,,,Importer,Shizuoka,KOTRA_SNS_2025,화장품/뷰티
330410,JP,ヨドバシカメラ (あらた동행),,,,Importer,Shizuoka,KOTRA_SNS_2025,화장품/뷰티
330410,JP,株式社MTG (2),,,,Importer,Shizuoka,KOTRA_SNS_2025,화장품/뷰티
330410,JP,株式社ヴィレッジヴァンガドコポレション (あらた동행),,,,Importer,Shizuoka,KOTRA_SNS_2025,화장품/뷰티
330410,JP,株式社ライフコポレション (あらた동행),,,,Importer,Shizuoka,KOTRA_SNS_2025,화장품/뷰티
330410,JP,株式社ロフト (あらた동행),,,,Importer,Shizuoka,KOTRA_SNS_2025,화장품/뷰티
330410,JP,株式社東京ドム流通事業部（ショップイン）(あらた동행),,,,Importer,Shizuoka,KOTRA_SNS_2025,화장품/뷰티
330410,JP,(株)ライブジャパン,,,,Importer,Shizuoka,KOTRA_SNS_2025,화장품/뷰티
330410,JP,AEL株式社,,,,Importer,Shizuoka,KOTRA_SNS_2025,화장품/뷰티
330410,JP,ティブティブ,,,,Importer,Shizuoka,KOTRA_SNS_2025,화장품/뷰티
330410,JP,埼玉プラスチック株式社,,,,Importer,Shizuoka,KOTRA_SNS_2025,화장품/뷰티
330749,JP,富士器業株式社,,,,Importer,Shizuoka,KOTRA_SNS_2025,화장품/뷰티
330410,JP,株式社 愛メディカル (온라인참가),,,,Importer,Shizuoka,KOTRA_SNS_2025,화장품/뷰티
330410,JP,株式社マアバル,,,,Importer,Shizuoka,KOTRA_SNS_2025,화장품/뷰티
330410,JP,AIE合同社,,,,Importer,Shizuoka,KOTRA_SNS_2025,화장품/뷰티
330410,JP,錦金株式社,,,,Importer,Shizuoka,KOTRA_SNS_2025,화장품/뷰티
330410,JP,富士器業株式社,,,,Importer,Shizuoka,KOTRA_SNS_2025,화장품/뷰티
330410,JP,株式社ATK,,,,Importer,Shizuoka,KOTRA_SNS_2025,화장품/뷰티
330410,JP,株式社Kireii,,,,Importer,Shizuoka,KOTRA_SNS_2025,화장품/뷰티
330410,JP,株式社Popokii (2),,,,Importer,Shizuoka,KOTRA_SNS_2025,화장품/뷰티
330410,JP,株式社Popokii (1),,,,Importer,Shizuoka,KOTRA_SNS_2025,화장품/뷰티
330410,JP,株式社ジェイディビネットワク (2),,,,Importer,Shizuoka,KOTRA_SNS_2025,화장품/뷰티
330410,JP,スタデザイン株式社,,,,Importer,Shizuoka,KOTRA_SNS_2025,화장품/뷰티
330410,JP,ジェムストランス株式社,,,,Importer,Shizuoka,KOTRA_SNS_2025,화장품/뷰티
330410,JP,株式社サイネット (1),,,,Importer,Shizuoka,KOTRA_SNS_2025,화장품/뷰티
330410,JP,株式社ATK,,,,Importer,Shizuoka,KOTRA_SNS_2025,화장품/뷰티
330410,JP,株式社セレス,,,,Importer,Shizuoka,KOTRA_SNS_2025,화장품/뷰티
330410,JP,株式社ビズボランテ,,,,Importer,Shizuoka,KOTRA_SNS_2025,화장품/뷰티
330410,JP,メモリテック株式社,,,,Importer,Shizuoka,KOTRA_SNS_2025,화장품/뷰티
330410,JP,天グルプ株式社,,,,Importer,Shizuoka,KOTRA_SNS_2025,화장품/뷰티
330410,JP,株式社 愛メディカル (온라인참가),,,,Importer,Shizuoka,KOTRA_SNS_2025,화장품/뷰티
330410,JP,株式社アイエスリンク,,,,Importer,Shizuoka,KOTRA_SNS_2025,화장품/뷰티
330410,JP,株式社PALTAC,,,,Importer,Shizuoka,KOTRA_SNS_2025,화장품/뷰티
330749,JP,株式社Popokii (1),,,,Importer,Shizuoka,KOTRA_SNS_2025,화장품/뷰티
330410,JP,株式社シンシア,,,,Importer,Shizuoka,KOTRA_SNS_2025,화장품/뷰티
330410,JP,株式社東京堂 (1),,,,Importer,Shizuoka,KOTRA_SNS_2025,화장품/뷰티
330410,JP,(株)京王アトマン (あらた동행),,,,Importer,Shizuoka,KOTRA_SNS_2025,화장품/뷰티
330410,JP,カルチュアエクスペリエンス株式社 (あらた동행),,,,Importer,Shizuoka,KOTRA_SNS_2025,화장품/뷰티
330410,JP,スリエス株式社 (あらた동행),,,,Importer,Shizuoka,KOTRA_SNS_2025,화장품/뷰티
330410,JP,ヨドバシカメラ (あらた동행),,,,Importer,Shizuoka,KOTRA_SNS_2025,화장품/뷰티
330410,JP,株式社ヴィレッジヴァンガドコポレション (あらた동행),,,,Importer,Shizuoka,KOTRA_SNS_2025,화장품/뷰티
330410,JP,株式社ロフト (あらた동행),,,,Importer,Shizuoka,KOTRA_SNS_2025,화장품/뷰티
330410,JP,株式社東京ドム流通事業部（ショップイン）(あらた동행),,,,Importer,Shizuoka,KOTRA_SNS_2025,화장품/뷰티
330410,JP,(株)京王アトマン (あらた동행),,,,Importer,Shizuoka,KOTRA_SNS_2025,화장품/뷰티
330410,JP,カルチュアエクスペリエンス株式社 (あらた동행),,,,Importer,Shizuoka,KOTRA_SNS_2025,화장품/뷰티
330410,JP,スリエス株式社 (あらた동행),,,,Importer,Shizuoka,KOTRA_SNS_2025,화장품/뷰티
330410,JP,ヨドバシカメラ (あらた동행),,,,Importer,Shizuoka,KOTRA_SNS_2025,화장품/뷰티
330410,JP,株式社ヴィレッジヴァンガドコポレション (あらた동행),,,,Importer,Shizuoka,KOTRA_SNS_2025,화장품/뷰티
330410,JP,株式社ライフコポレション (あらた동행),,,,Importer,Shizuoka,KOTRA_SNS_2025,화장품/뷰티
330410,JP,株式社ロフト (あらた동행),,,,Importer,Shizuoka,KOTRA_SNS_2025,화장품/뷰티
330410,JP,（株）宇津木産業,,,,Importer,Shizuoka,KOTRA_SNS_2025,화장품/뷰티
330410,JP,株式社エアンドティ,,,,Importer,Shizuoka,KOTRA_SNS_2025,화장품/뷰티
330410,JP,"SEVEN BEAUTY  Co,.Ltd.",,,,Importer,Shizuoka,KOTRA_SNS_2025,화장품/뷰티
330410,JP,吉通貿易株式社,,,,Importer,Shizuoka,KOTRA_SNS_2025,화장품/뷰티
330410,JP,株式社ティサイド,,,,Importer,Shizuoka,KOTRA_SNS_2025,화장품/뷰티
330410,JP,ジェイジェイブリス,,,,Importer,Shizuoka,KOTRA_SNS_2025,화장품/뷰티
330410,JP,ポップベリ株式社,,,,Importer,Shizuoka,KOTRA_SNS_2025,화장품/뷰티
330410,JP,株式社Kireii,,,,Importer,Shizuoka,KOTRA_SNS_2025,화장품/뷰티
330410,JP,株式社ジェイディビネットワク (2),,,,Importer,Shizuoka,KOTRA_SNS_2025,화장품/뷰티
330410,JP,株式社大木,,,,Importer,Shizuoka,KOTRA_SNS_2025,화장품/뷰티
330410,JP,錦金株式社,,,,Importer,Shizuoka,KOTRA_SNS_2025,화장품/뷰티
330410,JP,株式社Popokii (2),,,,Importer,Shizuoka,KOTRA_SNS_2025,화장품/뷰티
330410,JP,株式社コセ,,,,Importer,Shizuoka,KOTRA_SNS_2025,화장품/뷰티
330410,JP,株式社シンシア,,,,Importer,Shizuoka,KOTRA_SNS_2025,화장품/뷰티
330410,JP,株式社東京堂 (2),,,,Importer,Shizuoka,KOTRA_SNS_2025,화장품/뷰티
330410,JP,(株)京王アトマン (あらた동행),,,,Importer,Shizuoka,KOTRA_SNS_2025,화장품/뷰티
330410,JP,カルチュアエクスペリエンス株式社 (あらた동행),,,,Importer,Shizuoka,KOTRA_SNS_2025,화장품/뷰티
330410,JP,株式社シンシア,,,,Importer,Shizuoka,KOTRA_SNS_2025,화장품/뷰티
330410,JP,スリエス株式社 (あらた동행),,,,Importer,Shizuoka,KOTRA_SNS_2025,화장품/뷰티
330410,JP,ヨドバシカメラ (あらた동행),,,,Importer,Shizuoka,KOTRA_SNS_2025,화장품/뷰티
330410,JP,株式社ヴィレッジヴァンガドコポレション (あらた동행),,,,Importer,Shizuoka,KOTRA_SNS_2025,화장품/뷰티
330410,JP,株式社ライフコポレション (あらた동행),,,,Importer,Shizuoka,KOTRA_SNS_2025,화장품/뷰티
330410,JP,株式社ロフト (あらた동행),,,,Importer,Shizuoka,KOTRA_SNS_2025,화장품/뷰티
330410,JP,株式社東京ドム流通事業部（ショップイン）(あらた동행),,,,Importer,Shizuoka,KOTRA_SNS_2025,화장품/뷰티
330410,JP,（株）宇津木産業,,,,Importer,Shizuoka,KOTRA_SNS_2025,화장품/뷰티
330410,JP,ジェイアンドワイジャパン,,,,Importer,Shizuoka,KOTRA_SNS_2025,화장품/뷰티
330410,JP,ティブティブ,,,,Importer,Shizuoka,KOTRA_SNS_2025,화장품/뷰티
330410,JP,ワルドトレディング株式社,,,,Importer,Shizuoka,KOTRA_SNS_2025,화장품/뷰티
330410,JP,錦金株式社,,,,Importer,Shizuoka,KOTRA_SNS_2025,화장품/뷰티
330410,JP,埼玉プラスチック株式社,,,,Importer,Shizuoka,KOTRA_SNS_2025,화장품/뷰티
330410,JP,株式社Popokii (1),,,,Importer,Shizuoka,KOTRA_SNS_2025,화장품/뷰티
330410,JP,ビコネクション,,,,Importer,Shizuoka,KOTRA_SNS_2025,화장품/뷰티
330749,JP,株式社ノスサンド,,,,Importer,Shizuoka,KOTRA_SNS_2025,화장품/뷰티
330410,JP,株式社Popokii (1),,,,Importer,Shizuoka,KOTRA_SNS_2025,화장품/뷰티
330410,JP,"corebiz co.,ltd",,,,Importer,Shizuoka,KOTRA_SNS_2025,화장품/뷰티
330410,JP,株式社アイリスプラザ,,,,Importer,Shizuoka,KOTRA_SNS_2025,화장품/뷰티
330410,JP,株式社サイネット (1),,,,Importer,Shizuoka,KOTRA_SNS_2025,화장품/뷰티
330410,JP,株式社シンシア,,,,Importer,Shizuoka,KOTRA_SNS_2025,화장품/뷰티
330410,JP,ツウェイワルド株式社,,,,Importer,Shizuoka,KOTRA_SNS_2025,화장품/뷰티
330410,JP,ポップベリ株式社,,,,Importer,Shizuoka,KOTRA_SNS_2025,화장품/뷰티
330410,JP,株式社アイエスリンク,,,,Importer,Shizuoka,KOTRA_SNS_2025,화장품/뷰티
330410,JP,株式社ときわ商,,,,Importer,Shizuoka,KOTRA_SNS_2025,화장품/뷰티
330410,JP,株式社大木,,,,Importer,Shizuoka,KOTRA_SNS_2025,화장품/뷰티
330749,JP,株式社マクアケ,,,,Importer,Shizuoka,KOTRA_SNS_2025,화장품/뷰티
330749,JP,株式社マクアケ,,,,Importer,Shizuoka,KOTRA_SNS_2025,화장품/뷰티
330410,JP,株式社東京堂 (1),,,,Importer,Shizuoka,KOTRA_SNS_2025,화장품/뷰티
330410,JP,株式社東京堂 (2),,,,Importer,Shizuoka,KOTRA_SNS_2025,화장품/뷰티
330410,JP,(株)ライブジャパン,,,,Importer,Shizuoka,KOTRA_SNS_2025,화장품/뷰티
330410,JP,"corebiz co.,ltd",,,,Importer,Shizuoka,KOTRA_SNS_2025,화장품/뷰티
330410,JP,株式社 愛メディカル (온라인참가),,,,Importer,Shizuoka,KOTRA_SNS_2025,화장품/뷰티
330410,JP,株式社Popokii (1),,,,Importer,Shizuoka,KOTRA_SNS_2025,화장품/뷰티
330410,JP,株式社セラ,,,,Importer,Shizuoka,KOTRA_SNS_2025,화장품/뷰티
330410,JP,株式社丸大コポレション,,,,Importer,Shizuoka,KOTRA_SNS_2025,화장품/뷰티
330410,JP,合同社すずはな,,,,Importer,Shizuoka,KOTRA_SNS_2025,화장품/뷰티
330410,JP,ツウェイワルド株式社,,,,Importer,Shizuoka,KOTRA_SNS_2025,화장품/뷰티
330410,JP,メモリテック株式社,,,,Importer,Shizuoka,KOTRA_SNS_2025,화장품/뷰티
330410,JP,吉通貿易株式社,,,,Importer,Shizuoka,KOTRA_SNS_2025,화장품/뷰티
330410,JP,株式社 愛メディカル (온라인참가),,,,Importer,Shizuoka,KOTRA_SNS_2025,화장품/뷰티
330410,JP,株式社renaTerra,,,,Importer,Shizuoka,KOTRA_SNS_2025,화장품/뷰티
330410,JP,株式社ときわ商,,,,Importer,Shizuoka,KOTRA_SNS_2025,화장품/뷰티
330410,JP,株式社マアバル,,,,Importer,Shizuoka,KOTRA_SNS_2025,화장품/뷰티
330410,JP,（有）アルファメディカル,,,,Importer,Shizuoka,KOTRA_SNS_2025,화장품/뷰티
330410,JP,サニウェイ,,,,Importer,Shizuoka,KOTRA_SNS_2025,화장품/뷰티
330410,JP,株式社東京堂 (2),,,,Importer,Shizuoka,KOTRA_SNS_2025,화장품/뷰티
330410,JP,株式社ATK,,,,Importer,Shizuoka,KOTRA_SNS_2025,화장품/뷰티
330410,JP,株式社MTG (2),,,,Importer,Shizuoka,KOTRA_SNS_2025,화장품/뷰티
330749,JP,株式社山,,,,Importer,Shizuoka,KOTRA_SNS_2025,화장품/뷰티
330410,JP,株式社ジェイディビネットワク (2),,,,Importer,Shizuoka,KOTRA_SNS_2025,화장품/뷰티
330410,JP,株式社バロ,,,,Importer,Shizuoka,KOTRA_SNS_2025,화장품/뷰티
330410,JP,AEL株式社,,,,Importer,Shizuoka,KOTRA_SNS_2025,화장품/뷰티
330410,JP,株式社丸大コポレション,,,,Importer,Shizuoka,KOTRA_SNS_2025,화장품/뷰티
330410,JP,クラシエ株式社　ホムプロダクツカンパニ,,,,Importer,Shizuoka,KOTRA_SNS_2025,화장품/뷰티
330410,JP,ジェイジェイブリス,,,,Importer,Shizuoka,KOTRA_SNS_2025,화장품/뷰티
330749,JP,株式社丸藤,,,,Importer,Shizuoka,KOTRA_SNS_2025,화장품/뷰티
330410,JP,株式社丸大コポレション,,,,Importer,Shizuoka,KOTRA_SNS_2025,화장품/뷰티
330410,JP,（有）アルファメディカル,,,,Importer,Shizuoka,KOTRA_SNS_2025,화장품/뷰티
330410,JP,AEL株式社,,,,Importer,Shizuoka,KOTRA_SNS_2025,화장품/뷰티
330410,JP,合同社すずはな,,,,Importer,Shizuoka,KOTRA_SNS_2025,화장품/뷰티
330410,JP,富士器業株式社,,,,Importer,Shizuoka,KOTRA_SNS_2025,화장품/뷰티
330499,VN,"Blue Sea Co., Ltd",,,,Importer,H Ni,KOTRA_SNS_2025,화장품/뷰티
330410,JP,JJ BLISS INC．,,,,Importer,TOKYO,KOTRA_SNS_2025,화장품/뷰티
330410,JP,"VALO CO.,LTD.",,,,Importer,TOKYO,KOTRA_SNS_2025,화장품/뷰티
330410,JP,"jdb network Co., Ltd.",,,,Importer,TOKYO,KOTRA_SNS_2025,화장품/뷰티
330410,JP,"CI MEDICAL CO., LTD.",,,,Importer,TOKYO,KOTRA_SNS_2025,화장품/뷰티
330410,JP,OZEKIYA CO. LTD.,,,,Importer,TOKYO,KOTRA_SNS_2025,화장품/뷰티
330410,JP,MARUDAI CORPORAITION INC.,,,,Importer,TOKYO,KOTRA_SNS_2025,화장품/뷰티
330410,JP,"N Trade Co.,Ltd",,,,Importer,TOKYO,KOTRA_SNS_2025,화장품/뷰티
330410,JP,KOSE CORPORATION,,,,Importer,TOKYO,KOTRA_SNS_2025,화장품/뷰티
330410,IN,Vertical Concepts pvt ltd.,,,,Importer,Mumbai,KOTRA_SNS_2025,화장품/뷰티
330410,IN,Ammu,,,,Importer,Kottayam,KOTRA_SNS_2025,화장품/뷰티
330410,IN,Sebaphil india limited,,,,Importer,Delhi,KOTRA_SNS_2025,화장품/뷰티
330410,IN,MKDSANKA TRADE PRIVATE LIMITED,,,,Importer,chengalpattu,KOTRA_SNS_2025,화장품/뷰티
330410,IN,Na,,,,Importer,New Delhi,KOTRA_SNS_2025,화장품/뷰티
330410,IN,Sri Gokul Products,,,,Importer,Bangalore,KOTRA_SNS_2025,화장품/뷰티
330410,IN,Na,,,,Importer,Ghaziabad,KOTRA_SNS_2025,화장품/뷰티
330410,IN,Medicare System Inc,,,,Importer,Delhi,KOTRA_SNS_2025,화장품/뷰티
330410,IN,Salasar greens,,,,Importer,Gurgaon,KOTRA_SNS_2025,화장품/뷰티
330410,US,N.a,,,,Importer,New Delhi,KOTRA_SNS_2025,화장품/뷰티
330410,IN,Pearl care,,,,Importer,Delhi,KOTRA_SNS_2025,화장품/뷰티
330410,IN,Opulent aesthetics,,,,Importer,Bangalore,KOTRA_SNS_2025,화장품/뷰티
330410,IN,S B Distributors,,,,Importer,Delhi,KOTRA_SNS_2025,화장품/뷰티
330410,IN,Wildglow cosmetics Pvt Ltd,,,,Importer,Bareilly,KOTRA_SNS_2025,화장품/뷰티
330410,IN,SFOM fintech pvt Ltd,,,,Importer,mumbai,KOTRA_SNS_2025,화장품/뷰티
330410,IN,AIJEE MARKETING,,,,Importer,Banglore,KOTRA_SNS_2025,화장품/뷰티
330410,IN,SHRUSHTI INFRA PVT LTD,,,,Importer,Amravati,KOTRA_SNS_2025,화장품/뷰티
330410,IN,Mediacare Brand Solutions,,,,Importer,Mumbai,KOTRA_SNS_2025,화장품/뷰티
330410,IN,Madhouse Cosmetics,,,,Importer,Mumbai,KOTRA_SNS_2025,화장품/뷰티
330410,IN,Derminatural,,,,Importer,Mumbai,KOTRA_SNS_2025,화장품/뷰티
330410,IN,Cosmaheal,,,,Importer,pune,KOTRA_SNS_2025,화장품/뷰티
330410,IN,Jogeshwari healthcure,,,,Importer,Mumbai,KOTRA_SNS_2025,화장품/뷰티
330410,IN,Glowenza,,,,Importer,Delhi,KOTRA_SNS_2025,화장품/뷰티
330410,IN,Ratan Modak,,,,Importer,Champahati,KOTRA_SNS_2025,화장품/뷰티
330410,IN,Hair and skin factory,,,,Importer,Bangalore,KOTRA_SNS_2025,화장품/뷰티
330410,IN,Nope,,,,Importer,Mumbai,KOTRA_SNS_2025,화장품/뷰티
330410,IN,Seven Star,,,,Importer,Dombivli,KOTRA_SNS_2025,화장품/뷰티
330410,IN,Pankaj Exports,,,,Importer,Delhi,KOTRA_SNS_2025,화장품/뷰티
330410,AU,Insurance Australia Group,,,,Importer,Bangalore,KOTRA_SNS_2025,화장품/뷰티
330410,IN,Kalpa Organic,,,,Importer,Davangere,KOTRA_SNS_2025,화장품/뷰티
330410,IN,Mj,,,,Importer,Delhi,KOTRA_SNS_2025,화장품/뷰티
330410,IN,9sheen kitchen,,,,Importer,Pune,KOTRA_SNS_2025,화장품/뷰티
330410,IN,Hi-Q UHT Cambodia,,,,Importer,Chennai,KOTRA_SNS_2025,화장품/뷰티
330410,IN,Dr.pravea derma solutions pvt ltd,,,,Importer,Bangalore,KOTRA_SNS_2025,화장품/뷰티
330410,IN,Ignite group,,,,Importer,Kolkata,KOTRA_SNS_2025,화장품/뷰티
330410,IN,Bharat Pharma,,,,Importer,Nawada Bihar India,KOTRA_SNS_2025,화장품/뷰티
330410,IN,Minaz,,,,Importer,Rayagada(Odisha),KOTRA_SNS_2025,화장품/뷰티
330410,IN,Dharmil,,,,Importer,Mumbai,KOTRA_SNS_2025,화장품/뷰티
330410,IN,Ashapura,,,,Importer,Mumbai,KOTRA_SNS_2025,화장품/뷰티
330410,IN,Nails & Glams,,,,Importer,Vadodara,KOTRA_SNS_2025,화장품/뷰티
330410,IN,Sri Samarth collection,,,,Importer,Mumbai,KOTRA_SNS_2025,화장품/뷰티
330410,IN,RR LIFESTYLES,,,,Importer,Bangalore,KOTRA_SNS_2025,화장품/뷰티
330410,IN,Ha,,,,Importer,Delhi,KOTRA_SNS_2025,화장품/뷰티
330410,IN,Kosmos global,,,,Importer,Chennai,KOTRA_SNS_2025,화장품/뷰티
330410,US,Video creator,,,,Importer,New delhi,KOTRA_SNS_2025,화장품/뷰티
330410,IN,Tibb Pharmaceuticals Pvt Ltd,,,,Importer,Mumbai,KOTRA_SNS_2025,화장품/뷰티
330410,IN,Orb,,,,Importer,Mumbai,KOTRA_SNS_2025,화장품/뷰티
330410,IN,,,,,Importer,Mumbai,KOTRA_SNS_2025,화장품/뷰티
330410,IN,Diet Right,,,,Importer,Mumbai,KOTRA_SNS_2025,화장품/뷰티
330410,IN,D,,,,Importer,W,KOTRA_SNS_2025,화장품/뷰티
330410,IN,Purple Pompa Pvt Ltd,,,,Importer,Mumbai,KOTRA_SNS_2025,화장품/뷰티
330410,IN,,,,,Importer,Ludhiana,KOTRA_SNS_2025,화장품/뷰티
330410,UK,Westfield Stratford City,,,,Importer,Chandigarh,KOTRA_SNS_2025,화장품/뷰티
330410,IN,Shifa,,,,Importer,Mumbai,KOTRA_SNS_2025,화장품/뷰티
330410,IN,Saraswathy,,,,Importer,Chennai,KOTRA_SNS_2025,화장품/뷰티
330410,IN,Healthywe wellness,,,,Importer,NEW DELHI,KOTRA_SNS_2025,화장품/뷰티
330410,IN,Sylk cosmetics,,,,Importer,Hyderabad,KOTRA_SNS_2025,화장품/뷰티
330590,IN,Rajout genral store,,,,Importer,Delhi,KOTRA_SNS_2025,화장품/뷰티
330590,United States,NehaGargMakeupofficial,,,,Importer,Gurgaon,KOTRA_SNS_2025,화장품/뷰티
330590,IN,Vedic care private limited,,,,Importer,Gr Noida,KOTRA_SNS_2025,화장품/뷰티
330590,IN,Aakaar,,,,Importer,Mumbai,KOTRA_SNS_2025,화장품/뷰티
330590,IN,Thribhu inc,,,,Importer,Hyderabad,KOTRA_SNS_2025,화장품/뷰티
330590,IN,INNFY COSMOCARE,,,,Importer,Jhansi,KOTRA_SNS_2025,화장품/뷰티
330590,IN,Caring Beez pvt ltd,,,,Importer,Delhi,KOTRA_SNS_2025,화장품/뷰티
330590,IN,Planyourdestinations,,,,Importer,Chennai,KOTRA_SNS_2025,화장품/뷰티
330590,India,Sanjib kumar das,,,,Importer,Delhi,KOTRA_SNS_2025,화장품/뷰티
330590,India,Blue Ocean International,,,,Importer,Delhi,KOTRA_SNS_2025,화장품/뷰티
330590,India,Cohlee and Co.,,,,Importer,delhi,KOTRA_SNS_2025,화장품/뷰티
330590,IN,Aapka,,,,Importer,Mumbai,KOTRA_SNS_2025,화장품/뷰티
330590,India,Import and export,,,,Importer,Delhi,KOTRA_SNS_2025,화장품/뷰티
330590,IN,Rcc,,,,Importer,New Delhi,KOTRA_SNS_2025,화장품/뷰티
330590,IN,Jaton Skin Science private limited,,,,Importer,Delhi,KOTRA_SNS_2025,화장품/뷰티
330590,India,Tirabeauty.com,,,,Importer,Mumbai,KOTRA_SNS_2025,화장품/뷰티
330590,India,Umbrashield,,,,Importer,Kanpur,KOTRA_SNS_2025,화장품/뷰티
330590,IN,Lyneth healthcare,,,,Importer,Mumbai,KOTRA_SNS_2025,화장품/뷰티
330590,IN,Leela multi trading concern,,,,Importer,Chennai,KOTRA_SNS_2025,화장품/뷰티
330590,IN,Smew,,,,Importer,Delhi,KOTRA_SNS_2025,화장품/뷰티
330590,India,Vision Abroad,,,,Importer,Banglore,KOTRA_SNS_2025,화장품/뷰티
330590,India,Vcurate global holidays pvt ltd,,,,Importer,Chennai,KOTRA_SNS_2025,화장품/뷰티
330590,IN,Enagic India,,,,Importer,Delhi,KOTRA_SNS_2025,화장품/뷰티
330590,India,Ritu Cosmetology,,,,Importer,Bangalore,KOTRA_SNS_2025,화장품/뷰티
330590,IN,Glowenza,,,,Importer,Delhi,KOTRA_SNS_2025,화장품/뷰티
330590,IN,Senhora,,,,Importer,Delhi,KOTRA_SNS_2025,화장품/뷰티
330590,IN,Shah nayamath life,,,,Importer,Bangalore,KOTRA_SNS_2025,화장품/뷰티
330590,IN,Self,,,,Importer,Mumbai,KOTRA_SNS_2025,화장품/뷰티
330590,IN,Bravoo,,,,Importer,New Delhi,KOTRA_SNS_2025,화장품/뷰티
330590,IN,KB,,,,Importer,Hyderabad,KOTRA_SNS_2025,화장품/뷰티
330590,India,Smrck,,,,Importer,Bangalore,KOTRA_SNS_2025,화장품/뷰티
330499,DZ,Science test Plus,,,,Importer,Alger,KOTRA_SNS_2025,화장품/뷰티
330499,GH,Ezz Beauty Ace Cosmetics,,,,Importer,Accra,KOTRA_SNS_2025,화장품/뷰티
330790,VN,ABC,,,,Importer,Bin Ha,KOTRA_SNS_2025,화장품/뷰티
330499,VN,Tin viet Cosmetics,,,,Importer,Ho Chi Minh City,KOTRA_SNS_2025,화장품/뷰티
330790,VN,SCI Group,,,,Importer,Ho Chi Minh City,KOTRA_SNS_2025,화장품/뷰티
330499,US,favstay,,,,Importer,Hcmc,KOTRA_SNS_2025,화장품/뷰티
330790,VN,H Ni,,,,Importer,h ni,KOTRA_SNS_2025,화장품/뷰티
330499,VN,Nguyn anh holding,,,,Importer,h ni,KOTRA_SNS_2025,화장품/뷰티
330790,VN,Thnh ph H Ch Minh,,,,Importer,Ho Chi Minh City,KOTRA_SNS_2025,화장품/뷰티
330790,VN,NYNY Beauty,,,,Importer,Ho Chi Minh City,KOTRA_SNS_2025,화장품/뷰티
330499,US,是的,,,,Importer,是的,KOTRA_SNS_2025,화장품/뷰티
330499,TH,Facebook,,,,Importer,Krabi,KOTRA_SNS_2025,화장품/뷰티
330790,TH,pipat,,,,Importer,Bangkok,KOTRA_SNS_2025,화장품/뷰티
330499,TH,esaan102,,,,Importer,Chiang Mai,KOTRA_SNS_2025,화장품/뷰티
330790,PH,DepEd Philippines,,,,Importer,Damulaan,KOTRA_SNS_2025,화장품/뷰티
330790,PH,AMB TECHNOLOGY,,,,Importer,"San Fernando City, La Union",KOTRA_SNS_2025,화장품/뷰티
330790,PH,Modern Table 082,,,,Importer,Manila,KOTRA_SNS_2025,화장품/뷰티
330499,PH,Sitel Philippines,,,,Importer,Caloocan City,KOTRA_SNS_2025,화장품/뷰티
330499,PH,ate ivy variety store,,,,Importer,Tarlac city,KOTRA_SNS_2025,화장품/뷰티
330790,US,BERNST ART SCHOOL,,,,Importer,Cebu City,KOTRA_SNS_2025,화장품/뷰티
330790,PH,Online Store,,,,Importer,Davao City,KOTRA_SNS_2025,화장품/뷰티
330790,PH,JCLEV HOLDINGS,,,,Importer,Paraaque,KOTRA_SNS_2025,화장품/뷰티
330499,KR,Taganito Mining Corporation,,,,Importer,claver,KOTRA_SNS_2025,화장품/뷰티
330790,PH,Philippine Airlines,,,,Importer,Manila,KOTRA_SNS_2025,화장품/뷰티
330790,PH,meta Community,,,,Importer,Pangantucan Bukidnon City Malaybalay,KOTRA_SNS_2025,화장품/뷰티
330499,PH,Wildboar Agri-Vet Supply,,,,Importer,Davao City,KOTRA_SNS_2025,화장품/뷰티
330790,US,GOD FOLLOWERS,,,,Importer,Imus,KOTRA_SNS_2025,화장품/뷰티
330790,PH,SPARTAN BTY INC.,,,,Importer,San Mateo Rizal,KOTRA_SNS_2025,화장품/뷰티
330499,PH,Yvianah,,,,Importer,Muntinlupa City,KOTRA_SNS_2025,화장품/뷰티
330499,AD,Mekanismlinkinsphere inc,,,,Importer,New Cronus celestial city,KOTRA_SNS_2025,화장품/뷰티
330499,VN,Vin Dinh Dng Quc Gia,,,,Importer,Hanoi,KOTRA_SNS_2025,화장품/뷰티
330499,VN,Himalaya,,,,Importer,Ho Chi Minh City,KOTRA_SNS_2025,화장품/뷰티
330499,VN,Roxella Wax,,,,Importer,Ho Chi Minh City,KOTRA_SNS_2025,화장품/뷰티
330499,VN,Ncp group,,,,Importer,Hanoi,KOTRA_SNS_2025,화장품/뷰티
330499,VN,Cng ty TNHH Nng nghip sinh thi m u Hu Giang,,,,Importer,V Thanh,KOTRA_SNS_2025,화장품/뷰티
330499,VN,ATM investment,,,,Importer,Ho Chi Minh City,KOTRA_SNS_2025,화장품/뷰티
330499,VN,Nam Hoang Ha,,,,Importer,Can Tho,KOTRA_SNS_2025,화장품/뷰티
330499,US,Cosmetics,,,,Importer,Thnh ph H Ch Minh,KOTRA_SNS_2025,화장품/뷰티
330499,VN,Phan Thit,,,,Importer,Phan Thiet,KOTRA_SNS_2025,화장품/뷰티
330499,US,CK,,,,Importer,Clovis,KOTRA_SNS_2025,화장품/뷰티
330499,VN,Freelance around the world,,,,Importer,Bangkok,KOTRA_SNS_2025,화장품/뷰티
330499,US,Jax Infinity,,,,Importer,Singapore,KOTRA_SNS_2025,화장품/뷰티
330499,TH,love us supply,,,,Importer,Chiang Rai,KOTRA_SNS_2025,화장품/뷰티
330499,TH,"Plusmax Po Co.,ltd",,,,Importer,Bangkok,KOTRA_SNS_2025,화장품/뷰티
330499,TH,esaan102,,,,Importer,Chiang Mai,KOTRA_SNS_2025,화장품/뷰티
330499,US,Karachi Medical And Dental College - Official,,,,Importer,Porter,KOTRA_SNS_2025,화장품/뷰티
330499,US,#UZgC/Content Creator/Influencer,,,,Importer,Clay,KOTRA_SNS_2025,화장품/뷰티
330499,US,Na,,,,Importer,Monroe,KOTRA_SNS_2025,화장품/뷰티
330499,US,Anin Lee cosmetics,,,,Importer,Sheboygan,KOTRA_SNS_2025,화장품/뷰티
330499,US,La Petite Beauty Salon,,,,Importer,Los Angeles,KOTRA_SNS_2025,화장품/뷰티
330499,US,Yoyo,,,,Importer,"Gaithersburg,marryland",KOTRA_SNS_2025,화장품/뷰티
330499,US,B&b,,,,Importer,Allendale,KOTRA_SNS_2025,화장품/뷰티
330499,US,sheyann,,,,Importer,Owensboro,KOTRA_SNS_2025,화장품/뷰티
330499,US,Yes,,,,Importer,Phoenix,KOTRA_SNS_2025,화장품/뷰티
330499,US,laid back,,,,Importer,Akron,KOTRA_SNS_2025,화장품/뷰티
330499,US,FreshMelon,,,,Importer,Miami,KOTRA_SNS_2025,화장품/뷰티
330499,US,Odds & Ends,,,,Importer,Kittanning,KOTRA_SNS_2025,화장품/뷰티
330499,US,Independiente,,,,Importer,Orlando,KOTRA_SNS_2025,화장품/뷰티
330499,US,animals galore,,,,Importer,Timbuktu,KOTRA_SNS_2025,화장품/뷰티
330499,US,ssa,,,,Importer,it,KOTRA_SNS_2025,화장품/뷰티
330499,US,Ceragem,,,,Importer,Los Angeles,KOTRA_SNS_2025,화장품/뷰티
330499,US,Chessher Incorporation,,,,Importer,Knoxville,KOTRA_SNS_2025,화장품/뷰티
330499,US,Fruzia's custom glass,,,,Importer,"shirley, AR",KOTRA_SNS_2025,화장품/뷰티
330499,US,The Beauty Room,,,,Importer,Little Elm,KOTRA_SNS_2025,화장품/뷰티
330499,IN,India,,,,Importer,Delhi,KOTRA_SNS_2025,화장품/뷰티
330499,IN,,,,,Importer,Kanpur,KOTRA_SNS_2025,화장품/뷰티
330499,IN,Me,,,,Importer,Bangalore,KOTRA_SNS_2025,화장품/뷰티
330499,IN,Dab to fab,,,,Importer,Hyderabad,KOTRA_SNS_2025,화장품/뷰티
330499,NP,Alpha traders,,,,Importer,Chitwan,KOTRA_SNS_2025,화장품/뷰티
330499,IN,GE,,,,Importer,Chennai,KOTRA_SNS_2025,화장품/뷰티
330499,IN,Hi,,,,Importer,Mumbai,KOTRA_SNS_2025,화장품/뷰티
330499,IN,"Amazon Development Center, Bangalore",,,,Importer,Bangalore,KOTRA_SNS_2025,화장품/뷰티
330499,IN,Deepak,,,,Importer,Bhilwara,KOTRA_SNS_2025,화장품/뷰티
330499,IN,Skin hair laser clinic,,,,Importer,Indore,KOTRA_SNS_2025,화장품/뷰티
330499,IN,Raj Pharma,,,,Importer,Vadodara bhayli,KOTRA_SNS_2025,화장품/뷰티
330499,IN,Skywater,,,,Importer,New delhi,KOTRA_SNS_2025,화장품/뷰티
330499,IN,Accenture,,,,Importer,Hyderabad,KOTRA_SNS_2025,화장품/뷰티
330499,IN,night36.36fury@gmail.com,,,,Importer,Bengaluru,KOTRA_SNS_2025,화장품/뷰티
330499,NP,akarshan skin and hair clinic,,,,Importer,Kathmandu,KOTRA_SNS_2025,화장품/뷰티
330499,IN,Btc group,,,,Importer,Karodara Surat,KOTRA_SNS_2025,화장품/뷰티
330499,IN,NoT yEeT WoRkInG iAm StIlL sTuDyInG heHe IaM sTiLl In YoUtH.,,,,Importer,Bangalore,KOTRA_SNS_2025,화장품/뷰티
330499,IN,Modicare,,,,Importer,Bhubaneswar,KOTRA_SNS_2025,화장품/뷰티
330499,IN,,,,,Importer,Mumbai,KOTRA_SNS_2025,화장품/뷰티
330499,US,Shifanaishaq12@gmail.com,,,,Importer,Colombo 3,KOTRA_SNS_2025,화장품/뷰티
330499,IN,Health/skincare,,,,Importer,Shillong,KOTRA_SNS_2025,화장품/뷰티
330499,IN,Terna Global Business School,,,,Importer,Mumbai',KOTRA_SNS_2025,화장품/뷰티
330499,IN,Kesmo,,,,Importer,Chennai,KOTRA_SNS_2025,화장품/뷰티
330499,IN,Tibb Pharmaceuticals pvt ltd,,,,Importer,Mumbai,KOTRA_SNS_2025,화장품/뷰티
330499,IN,SK AYURVEDA PRIVATE LIMITED,,,,Importer,Cccc,KOTRA_SNS_2025,화장품/뷰티
330499,US,cv.cleosa,,,,Importer,kabupaten cirebon,KOTRA_SNS_2025,화장품/뷰티
330499,IN,Haji maheboob ali,,,,Importer,Varanasi,KOTRA_SNS_2025,화장품/뷰티
330499,US,jainam collection,,,,Importer,nashik,KOTRA_SNS_2025,화장품/뷰티
330499,IN,Amazon,,,,Importer,Hyderabad,KOTRA_SNS_2025,화장품/뷰티
330499,IN,Careedge,,,,Importer,Gurgaon,KOTRA_SNS_2025,화장품/뷰티
330499,IN,,,,,Importer,Bangalore,KOTRA_SNS_2025,화장품/뷰티
330499,IN,rammiskart.com,,,,Importer,Kadaba,KOTRA_SNS_2025,화장품/뷰티
330499,IN,Grace Kennett Foundation,,,,Importer,Vellore,KOTRA_SNS_2025,화장품/뷰티
330499,IN,An,,,,Importer,Karnal,KOTRA_SNS_2025,화장품/뷰티
330499,US,masud enterprise,,,,Importer,beldanga,KOTRA_SNS_2025,화장품/뷰티
330499,US,Video creator,,,,Importer,New delhi,KOTRA_SNS_2025,화장품/뷰티
330499,IN,Home,,,,Importer,Delhi,KOTRA_SNS_2025,화장품/뷰티
330499,IN,Malked pharma,,,,Importer,Noida,KOTRA_SNS_2025,화장품/뷰티
330499,IN,Smile mantra,,,,Importer,Nashik,KOTRA_SNS_2025,화장품/뷰티
330499,IN,Self,,,,Importer,Mumbai,KOTRA_SNS_2025,화장품/뷰티
330499,IN,Manzil,,,,Importer,Mumbai,KOTRA_SNS_2025,화장품/뷰티
330499,IN,Harsha optom,,,,Importer,Kadapa,KOTRA_SNS_2025,화장품/뷰티
330499,IN,Sorbet Pharmaceuticals Pvt Ltd,,,,Importer,Pune,KOTRA_SNS_2025,화장품/뷰티
330499,US,Sri Govindalaya Chiktsalaya,,,,Importer,Pryagraj,KOTRA_SNS_2025,화장품/뷰티
330499,IN,No,,,,Importer,Hyderabad,KOTRA_SNS_2025,화장품/뷰티
330499,IN,Cosmaheal,,,,Importer,pune,KOTRA_SNS_2025,화장품/뷰티
330499,IN,KD Enterprises,,,,Importer,Unnao,KOTRA_SNS_2025,화장품/뷰티
330499,IN,Global group,,,,Importer,Pune,KOTRA_SNS_2025,화장품/뷰티
330499,IN,Pathfinder Drugs & Chemicals,,,,Importer,agra,KOTRA_SNS_2025,화장품/뷰티
330499,IN,Rathod trading,,,,Importer,Nanded,KOTRA_SNS_2025,화장품/뷰티
330499,IN,Rama,,,,Importer,Kolka,KOTRA_SNS_2025,화장품/뷰티
330499,IN,satara,,,,Importer,Mumbai.,KOTRA_SNS_2025,화장품/뷰티
330499,IN,Tibb Pharmaceuticals Pvt Ltd,,,,Importer,Mumbai,KOTRA_SNS_2025,화장품/뷰티
330499,BD,QPickPoint Bangladesh,,,,Importer,Dhaka,KOTRA_SNS_2025,화장품/뷰티
330499,IN,Seo discovery,,,,Importer,R,KOTRA_SNS_2025,화장품/뷰티
330499,IN,Alpha treding company,,,,Importer,Jodhpur,KOTRA_SNS_2025,화장품/뷰티
330499,IN,Shoppers Stop,,,,Importer,Mumbai,KOTRA_SNS_2025,화장품/뷰티
330499,IN,Chinmay,,,,Importer,Pune,KOTRA_SNS_2025,화장품/뷰티
330499,US,V,,,,Importer,Dtty4wv,KOTRA_SNS_2025,화장품/뷰티
330499,ID,shivay,,,,Importer,Jakarta,KOTRA_SNS_2025,화장품/뷰티
330499,IN,Indiasay,,,,Importer,Bhopal,KOTRA_SNS_2025,화장품/뷰티
330499,NP,Glossmingle,,,,Importer,Kathmandu,KOTRA_SNS_2025,화장품/뷰티
330499,IN,Oldschool Ventures Pvt ltd,,,,Importer,Gwalior,KOTRA_SNS_2025,화장품/뷰티
330499,IN,Divera International Private Limited,,,,Importer,Ahmedabad,KOTRA_SNS_2025,화장품/뷰티
330499,IN,New startup,,,,Importer,Mumbai,KOTRA_SNS_2025,화장품/뷰티
330499,IN,Business,,,,Importer,Mumbai,KOTRA_SNS_2025,화장품/뷰티
330499,IN,Yet to form,,,,Importer,Tirunelveli,KOTRA_SNS_2025,화장품/뷰티
330499,IN,Self Employed,,,,Importer,pune,KOTRA_SNS_2025,화장품/뷰티
330499,IN,Ruchika,,,,Importer,Mumbai,KOTRA_SNS_2025,화장품/뷰티
330499,IN,Daiko wellness private limited,,,,Importer,Hyderabad,KOTRA_SNS_2025,화장품/뷰티
330499,IN,Enhance Clinic,,,,Importer,Coimbatore,KOTRA_SNS_2025,화장품/뷰티
330499,IN,jodeera pharmaceuticals pvt ltd,,,,Importer,Kolhapur,KOTRA_SNS_2025,화장품/뷰티
330499,IN,Mansi's dental clinic,,,,Importer,Pune,KOTRA_SNS_2025,화장품/뷰티
330499,IN,sarwar Ahmad beigh,,,,Importer,Srinagar,KOTRA_SNS_2025,화장품/뷰티
330499,IN,Joixe,,,,Importer,Pune,KOTRA_SNS_2025,화장품/뷰티
330499,IN,AL SAMEE CHEM,,,,Importer,Bangalore,KOTRA_SNS_2025,화장품/뷰티
330499,IN,Buy korea,,,,Importer,Gorakhpur,KOTRA_SNS_2025,화장품/뷰티
330499,IN,Generis aesthetics pvt ltd,,,,Importer,Kharar,KOTRA_SNS_2025,화장품/뷰티
330499,IN,Krishenterprises,,,,Importer,Jodhpur City,KOTRA_SNS_2025,화장품/뷰티
330499,BD,General bags,,,,Importer,Dhaka,KOTRA_SNS_2025,화장품/뷰티
330499,IN,Organique Herbals,,,,Importer,Bangalore,KOTRA_SNS_2025,화장품/뷰티
330499,BD,"Mirpur, Dhaka, Bangladesh",,,,Importer,Dhaka,KOTRA_SNS_2025,화장품/뷰티
330499,IN,AMSR BEARING AND MACHINERY,,,,Importer,Dhaka south,KOTRA_SNS_2025,화장품/뷰티
330499,LK,Glades  Beauty  Skin Care,,,,Importer,colombo,KOTRA_SNS_2025,화장품/뷰티
330499,IN,Sharma dental skin hair clinic,,,,Importer,Muzaffarnagar,KOTRA_SNS_2025,화장품/뷰티
330499,IN,economic green,,,,Importer,Kolkata,KOTRA_SNS_2025,화장품/뷰티
330499,IN,Twin part enterprise,,,,Importer,Bangalore,KOTRA_SNS_2025,화장품/뷰티
330499,IN,Me2glow,,,,Importer,Bengaluru,KOTRA_SNS_2025,화장품/뷰티
330499,IN,Lyneth Healthcare,,,,Importer,Mumbai,KOTRA_SNS_2025,화장품/뷰티
330499,IN,Goenkas Pharmaceuticals,,,,Importer,Faridabad,KOTRA_SNS_2025,화장품/뷰티
330499,BD,Rejuva,,,,Importer,Dhaka,KOTRA_SNS_2025,화장품/뷰티
330499,ES,Luxury Villa Costa del Sol.com,,,,Importer,Marbella Spain,KOTRA_SNS_2025,화장품/뷰티
330499,PT,Megs 333 Boutique,,,,Importer,Setbal,KOTRA_SNS_2025,화장품/뷰티
330499,GR,EU trading,,,,Importer,Athens,KOTRA_SNS_2025,화장품/뷰티
330499,ES,Svetsmart,,,,Importer,Oviedo,KOTRA_SNS_2025,화장품/뷰티
330499,GR,POSH MARKET,,,,Importer,Sparti,KOTRA_SNS_2025,화장품/뷰티
330499,HU,Skin Care Beauty,,,,Importer,Budapest,KOTRA_SNS_2025,화장품/뷰티
330499,BE,Dashim Beaut,,,,Importer,Brussels,KOTRA_SNS_2025,화장품/뷰티
330499,ES,Hospital,,,,Importer,Leganes,KOTRA_SNS_2025,화장품/뷰티
330499,ES,Astronaut,,,,Importer,Len,KOTRA_SNS_2025,화장품/뷰티
330499,GR,Mastelos Cosmetics,,,,Importer,Kalamata,KOTRA_SNS_2025,화장품/뷰티
330499,GB,enhanced,,,,Importer,Gillingham,KOTRA_SNS_2025,화장품/뷰티
330499,GB,Emerald Enterprises,,,,Importer,London,KOTRA_SNS_2025,화장품/뷰티
330499,DE,Beauty Galerie Dresden,,,,Importer,Dresden,KOTRA_SNS_2025,화장품/뷰티
330499,GR,SMARTHEALTH,,,,Importer,Athens,KOTRA_SNS_2025,화장품/뷰티
330499,IT,Valentina Malinowski,,,,Importer,Rome,KOTRA_SNS_2025,화장품/뷰티
330499,GB,Holistique,,,,Importer,Chesterfield,KOTRA_SNS_2025,화장품/뷰티
330499,US,Lok rock,,,,Importer,Łd,KOTRA_SNS_2025,화장품/뷰티
330499,NL,Derma Health Clinic,,,,Importer,Amsterdam,KOTRA_SNS_2025,화장품/뷰티
330499,RO,Int. Org.,,,,Importer,Bucharest,KOTRA_SNS_2025,화장품/뷰티
330499,PH,Zeno Chemical Industries Inc.,,,,Importer,Pasig,KOTRA_SNS_2025,화장품/뷰티
330499,PH,ian And Pat Food Service,,,,Importer,Malabon City,KOTRA_SNS_2025,화장품/뷰티
330499,PH,mediaking,,,,Importer,Quezon City,KOTRA_SNS_2025,화장품/뷰티
330499,PH,j.vazco,,,,Importer,Quezon City,KOTRA_SNS_2025,화장품/뷰티
330499,PH,AQUAWEALTH KING WATER STATION,,,,Importer,Quezon City,KOTRA_SNS_2025,화장품/뷰티
330499,PH,TESDA,,,,Importer,Taguig,KOTRA_SNS_2025,화장품/뷰티
330499,PH,frisoderm,,,,Importer,Muntinlupa city,KOTRA_SNS_2025,화장품/뷰티
330499,PH,Rodriguez Agriventures,,,,Importer,Olongapo,KOTRA_SNS_2025,화장품/뷰티
330499,PH,xeufabulous,,,,Importer,Cebu City,KOTRA_SNS_2025,화장품/뷰티
330499,US,Our Mantra Wellness,,,,Importer,Sta rosa Laguna,KOTRA_SNS_2025,화장품/뷰티
330499,PH,Cameron by Alma Mae Roa,,,,Importer,Cagayan de Oro,KOTRA_SNS_2025,화장품/뷰티
330499,PH,LGE ventures corp.,,,,Importer,Bacolod City,KOTRA_SNS_2025,화장품/뷰티
330499,PH,Digital Creator,,,,Importer,dinagat Islands,KOTRA_SNS_2025,화장품/뷰티
330499,PH,Ako bakwit,,,,Importer,Makati,KOTRA_SNS_2025,화장품/뷰티
330499,PH,beaute et figura aesthetic clinic,,,,Importer,batangas,KOTRA_SNS_2025,화장품/뷰티
330499,PH,Skinline,,,,Importer,Bulacan,KOTRA_SNS_2025,화장품/뷰티
330499,PH,DSCS LOGISTICS SERVICES,,,,Importer,Makati,KOTRA_SNS_2025,화장품/뷰티
330499,PH,Shopwithease.ph,,,,Importer,Manila,KOTRA_SNS_2025,화장품/뷰티
330499,PH,Revoobit Philippines Official,,,,Importer,Tuguegarao City,KOTRA_SNS_2025,화장품/뷰티
330499,PH,hb exclusives,,,,Importer,Marikina,KOTRA_SNS_2025,화장품/뷰티
330499,PH,none yet,,,,Importer,Antipolo,KOTRA_SNS_2025,화장품/뷰티
330499,PH,"Bon-Ace Fashion Tools, Inc.",,,,Importer,Cebu City,KOTRA_SNS_2025,화장품/뷰티
330499,PH,ADV MULTIDATA SYSTEMS,,,,Importer,Butuan City,KOTRA_SNS_2025,화장품/뷰티
330499,PH,J and N,,,,Importer,Las Pias,KOTRA_SNS_2025,화장품/뷰티
330499,PH,Singleton Aesthetics & Training Center,,,,Importer,Dasmarias,KOTRA_SNS_2025,화장품/뷰티
330499,US,nobu properties,,,,Importer,Quezon City,KOTRA_SNS_2025,화장품/뷰티
330499,PH,VALCOR ENTERPRISES INC,,,,Importer,Makati City Philippines,KOTRA_SNS_2025,화장품/뷰티
330499,NL,Luxehairserenity,,,,Importer,Hoofddorp,KOTRA_SNS_2025,화장품/뷰티
330499,CZ,Aesthetics and More,,,,Importer,Prague,KOTRA_SNS_2025,화장품/뷰티
330499,NL,I want to get more info. We have office in Holand. Is it possible to sale there.,,,,Importer,Маастрихт,KOTRA_SNS_2025,화장품/뷰티
330499,PL,NanoAesthetics,,,,Importer,Teresin,KOTRA_SNS_2025,화장품/뷰티
330499,BG,Petvalley,,,,Importer,Sofia,KOTRA_SNS_2025,화장품/뷰티
330499,RO,GECOS TOTAL GRUP,,,,Importer,Bucureti,KOTRA_SNS_2025,화장품/뷰티
330499,GR,EU trading,,,,Importer,Athens,KOTRA_SNS_2025,화장품/뷰티
330499,NL,Kagooma,,,,Importer,The Hague,KOTRA_SNS_2025,화장품/뷰티
330499,DE,Pling global,,,,Importer,Dsseldorf,KOTRA_SNS_2025,화장품/뷰티
330499,TR,Trkiye Milli Kick Boks Takımı,,,,Importer,Istanbul,KOTRA_SNS_2025,화장품/뷰티
330499,AT,ClaudiaZbonamakeup,,,,Importer,Vienna,KOTRA_SNS_2025,화장품/뷰티
330499,NL,Marz Skincare byMia,,,,Importer,Breda,KOTRA_SNS_2025,화장품/뷰티
330499,PT,Peripcias Talentosas,,,,Importer,Viseu,KOTRA_SNS_2025,화장품/뷰티
330499,ES,Belladherm,,,,Importer,Valencia,KOTRA_SNS_2025,화장품/뷰티
330499,FR,oqqee,,,,Importer,Sarcelles,KOTRA_SNS_2025,화장품/뷰티
330499,RO,Alcos Bioprod,,,,Importer,Samurcasi,KOTRA_SNS_2025,화장품/뷰티
330499,PT,Don't have yet,,,,Importer,Almada,KOTRA_SNS_2025,화장품/뷰티
330499,BE,Mid's Bar Restaurant Caf,,,,Importer,Brussels,KOTRA_SNS_2025,화장품/뷰티
330499,IT,ENTO SHOP,,,,Importer,Milan,KOTRA_SNS_2025,화장품/뷰티
330499,NL,LabelC,,,,Importer,Amsterdam,KOTRA_SNS_2025,화장품/뷰티
330499,FI,www.relaxcenter.fi,,,,Importer,Porvoo,KOTRA_SNS_2025,화장품/뷰티
330499,NL,Zelfstandig ondernemer,,,,Importer,Schiedam,KOTRA_SNS_2025,화장품/뷰티
330499,CH,"Istituto Di Bellezza "" The Class """,,,,Importer,Lugano,KOTRA_SNS_2025,화장품/뷰티
330499,BG,DRS ltd,,,,Importer,kjustendil,KOTRA_SNS_2025,화장품/뷰티
330499,SE,Palina AB,,,,Importer,rebro,KOTRA_SNS_2025,화장품/뷰티
330499,RO,becoswecare Romania,,,,Importer,Herastrau,KOTRA_SNS_2025,화장품/뷰티
330499,FR,Tizefri LLC,,,,Importer,Paris,KOTRA_SNS_2025,화장품/뷰티
330499,PT,Belight - Clnica Mdica e Esttica,,,,Importer,Lisbon,KOTRA_SNS_2025,화장품/뷰티
330499,BE,AM logistics,,,,Importer,Kontich,KOTRA_SNS_2025,화장품/뷰티
330499,ES,Autnomo,,,,Importer,Huelva,KOTRA_SNS_2025,화장품/뷰티
330499,GR,Retired.,,,,Importer,Corinth,KOTRA_SNS_2025,화장품/뷰티
330499,RO,SC HAPPY BEAUTY ZONE SRL,,,,Importer,Ploiesti,KOTRA_SNS_2025,화장품/뷰티
330499,RO,DiRENT Group SA,,,,Importer,Bucharest,KOTRA_SNS_2025,화장품/뷰티
330499,DE,Burak,,,,Importer,Cologne,KOTRA_SNS_2025,화장품/뷰티
330499,CH,HelvetiaMedic,,,,Importer,Zrich,KOTRA_SNS_2025,화장품/뷰티
330499,GB,Ai Butler Services UK Ltd,,,,Importer,Bucharest,KOTRA_SNS_2025,화장품/뷰티
330499,SE,Bella clinic,,,,Importer,Belgrade,KOTRA_SNS_2025,화장품/뷰티
330499,DE,M & S Kooperation GmbH,,,,Importer,Berlin,KOTRA_SNS_2025,화장품/뷰티
330499,BE,"Strength4You, amanda beauty clinic",,,,Importer,Vosselaar,KOTRA_SNS_2025,화장품/뷰티
330499,US,Cannbliss,,,,Importer,Lisboa,KOTRA_SNS_2025,화장품/뷰티
330499,PT,Prpria,,,,Importer,Lisboa,KOTRA_SNS_2025,화장품/뷰티
330499,SE,Hela Mnniskan Nybro,,,,Importer,Nybro,KOTRA_SNS_2025,화장품/뷰티
330499,ES,Facebook,,,,Importer,Madrid,KOTRA_SNS_2025,화장품/뷰티
330499,PT,Beautier,,,,Importer,Carvalhos,KOTRA_SNS_2025,화장품/뷰티
330499,IN,itnia,,,,Importer,Selhi,KOTRA_SNS_2025,화장품/뷰티
330499,SE,Rionoir,,,,Importer,Varberg,KOTRA_SNS_2025,화장품/뷰티
330499,RO,"Comuna Avrmeni, Botoani",,,,Importer,Botosani,KOTRA_SNS_2025,화장품/뷰티
330499,SK,BEG Tech Institute s.r.o.,,,,Importer,Dunajsk Streda,KOTRA_SNS_2025,화장품/뷰티
330499,FR,Dolcevita international,,,,Importer,Italy,KOTRA_SNS_2025,화장품/뷰티
330499,RS,Preci-ous.gr,,,,Importer,Na Moudhani,KOTRA_SNS_2025,화장품/뷰티
330499,RO,Berto instal,,,,Importer,Bucharest,KOTRA_SNS_2025,화장품/뷰티
330499,US,Influenster,,,,Importer,Henderson,KOTRA_SNS_2025,화장품/뷰티
330499,US,Yoyo,,,,Importer,"Gaithersburg,marryland",KOTRA_SNS_2025,화장품/뷰티
330499,US,Koch Foods,,,,Importer,Forest,KOTRA_SNS_2025,화장품/뷰티
330499,US,Odds & Ends,,,,Importer,Kittanning,KOTRA_SNS_2025,화장품/뷰티
330499,US,The Tripod LLC,,,,Importer,Houston,KOTRA_SNS_2025,화장품/뷰티
330499,US,Elen,,,,Importer,Atlanta,KOTRA_SNS_2025,화장품/뷰티
330499,US,laid back,,,,Importer,Akron,KOTRA_SNS_2025,화장품/뷰티
330499,US,Www.zoavacosmetic.com,,,,Importer,Aventura,KOTRA_SNS_2025,화장품/뷰티
330499,US,Tracys Skincare and More,,,,Importer,Bluefield,KOTRA_SNS_2025,화장품/뷰티
330499,US,Temporary Labor,,,,Importer,Pensacola,KOTRA_SNS_2025,화장품/뷰티
330499,US,ssa,,,,Importer,it,KOTRA_SNS_2025,화장품/뷰티
330499,US,Private,,,,Importer,Lake Worth,KOTRA_SNS_2025,화장품/뷰티
330499,MM,I & R Company Limited,,,,Importer,Yangon,KOTRA_SNS_2025,화장품/뷰티
330499,US,Me2 Beauty,,,,Importer,Boca Raton,KOTRA_SNS_2025,화장품/뷰티
330499,IQ,AUG,,,,Importer,Basra,KOTRA_SNS_2025,화장품/뷰티
330499,VN,c nhn,,,,Importer,Ho Chi Minh City,KOTRA_SNS_2025,화장품/뷰티
330499,VN,Phuong Anh Cosmetics,,,,Importer,Hanoi,KOTRA_SNS_2025,화장품/뷰티
330499,TH,oasishomeshop,,,,Importer,Bangkok,KOTRA_SNS_2025,화장품/뷰티
330499,VN,H Ni,,,,Importer,h ni,KOTRA_SNS_2025,화장품/뷰티
330499,US,Nguyn anh holding,,,,Importer,h ni,KOTRA_SNS_2025,화장품/뷰티
330499,VN,cng ty hoa ngc trang,,,,Importer,Ho Chi Minh City,KOTRA_SNS_2025,화장품/뷰티
330499,VN,Aka Digital,,,,Importer,Ho Chi Minh City,KOTRA_SNS_2025,화장품/뷰티
330499,TH,esaan102,,,,Importer,Chiang Mai,KOTRA_SNS_2025,화장품/뷰티
330499,PH,L&B aesthetics and wellness center,,,,Importer,Carigara,KOTRA_SNS_2025,화장품/뷰티
330499,US,Mike Fazza,,,,Importer,Mike Fazza,KOTRA_SNS_2025,화장품/뷰티
330499,PH,J&T express,,,,Importer,Valenzuela ♥ from sana all♥,KOTRA_SNS_2025,화장품/뷰티
330499,PH,PHILHEALTH,,,,Importer,CEBU CITY,KOTRA_SNS_2025,화장품/뷰티
330499,PH,The Online Mall,,,,Importer,cebu city,KOTRA_SNS_2025,화장품/뷰티
330499,PH,"Dusit Thani Hotel, Makati",,,,Importer,San Jose del Monte,KOTRA_SNS_2025,화장품/뷰티
330499,US,Esteria Malinog,,,,Importer,Rfe,KOTRA_SNS_2025,화장품/뷰티
330499,PH,Gonzales,,,,Importer,San Fernando,KOTRA_SNS_2025,화장품/뷰티
330499,US,Epic Tech Inc.,,,,Importer,muntinlupa city,KOTRA_SNS_2025,화장품/뷰티
330499,PH,gunting at suklay,,,,Importer,batangas city,KOTRA_SNS_2025,화장품/뷰티
330499,PH,Shopee,,,,Importer,cavity,KOTRA_SNS_2025,화장품/뷰티
330499,PH,Romero welding shop and builders solutions,,,,Importer,koronadal city,KOTRA_SNS_2025,화장품/뷰티
330499,PH,Magney,,,,Importer,Manila,KOTRA_SNS_2025,화장품/뷰티
330499,PH,Skinmode tattoo,,,,Importer,Pasay City,KOTRA_SNS_2025,화장품/뷰티
330499,JP,Fernanda Kawamorita,,,,Importer,Camaari,KOTRA_SNS_2025,화장품/뷰티
330499,PH,Calventures,,,,Importer,Laguna,KOTRA_SNS_2025,화장품/뷰티
330499,PH,haus wife,,,,Importer,Sampaloc,KOTRA_SNS_2025,화장품/뷰티
330499,PH,Mga tinatagong gawa nang mga kakaibang manunulat.,,,,Importer,Pasig,KOTRA_SNS_2025,화장품/뷰티
330499,PH,Work For MySelf,,,,Importer,zamboanga city,KOTRA_SNS_2025,화장품/뷰티
330499,PH,ibs,,,,Importer,cavite,KOTRA_SNS_2025,화장품/뷰티
330499,PH,Gold Miner,,,,Importer,Philippines,KOTRA_SNS_2025,화장품/뷰티
330499,TH,"Plusmax Po Co.,ltd",,,,Importer,Bangkok,KOTRA_SNS_2025,화장품/뷰티
330499,US,GOD FOLLOWERS,,,,Importer,Imus,KOTRA_SNS_2025,화장품/뷰티
330499,PH,AMELDAVEBOOOC,,,,Importer,Cebu City,KOTRA_SNS_2025,화장품/뷰티
330499,PH,D' Skin Center,,,,Importer,Cebu City,KOTRA_SNS_2025,화장품/뷰티
330499,US,MEG ENTERPRISE,,,,Importer,San Mateo rizal,KOTRA_SNS_2025,화장품/뷰티
330499,PH,iWink Brow Studio,,,,Importer,Makati,KOTRA_SNS_2025,화장품/뷰티
330499,PH,Garboza beauty studio,,,,Importer,Manila,KOTRA_SNS_2025,화장품/뷰티
330499,VN,besimex company limited,,,,Importer,Buon Me Thuot,KOTRA_SNS_2025,화장품/뷰티
330499,TH,esaan102,,,,Importer,Chiang Mai,KOTRA_SNS_2025,화장품/뷰티
330499,PH,DA company,,,,Importer,Balingasaguk,KOTRA_SNS_2025,화장품/뷰티
330499,US,glow up aesthetic clinic,,,,Importer,quezon city,KOTRA_SNS_2025,화장품/뷰티
330499,PH,Xtended beauty Aesthetics,,,,Importer,la union,KOTRA_SNS_2025,화장품/뷰티
330499,PH,Miracle Beauty,,,,Importer,Manila Philippines,KOTRA_SNS_2025,화장품/뷰티
330499,US,La Petite Beauty Salon,,,,Importer,Los Angeles,KOTRA_SNS_2025,화장품/뷰티
330499,US,insta,,,,Importer,Oklahoma City,KOTRA_SNS_2025,화장품/뷰티
330499,US,Trash Cat Krew,,,,Importer,Houston,KOTRA_SNS_2025,화장품/뷰티
330499,US,We,,,,Importer,Somerset,KOTRA_SNS_2025,화장품/뷰티
330499,US,Ceragem,,,,Importer,Los Angeles,KOTRA_SNS_2025,화장품/뷰티
330499,US,ssa,,,,Importer,it,KOTRA_SNS_2025,화장품/뷰티
330499,ES,Tiferet Europa SL,,,,Importer,Madrid,KOTRA_SNS_2025,화장품/뷰티
330499,ES,Iberconsa,,,,Importer,Vigo,KOTRA_SNS_2025,화장품/뷰티
330499,PT,myself,,,,Importer,Gondomar,KOTRA_SNS_2025,화장품/뷰티
330499,BE,Dashim Beaut,,,,Importer,Brussels,KOTRA_SNS_2025,화장품/뷰티
330499,ES,O,,,,Importer,Seville,KOTRA_SNS_2025,화장품/뷰티
330499,ES,Ushuaia Look SL,,,,Importer,Valencia,KOTRA_SNS_2025,화장품/뷰티
330499,GR,SMARTHEALTH,,,,Importer,Athens,KOTRA_SNS_2025,화장품/뷰티
330499,PT,Pure plastic surgery art,,,,Importer,Lisbon,KOTRA_SNS_2025,화장품/뷰티
330499,ES,Frutyflowers,,,,Importer,Mlaga,KOTRA_SNS_2025,화장품/뷰티
330499,IT,P,,,,Importer,Salerno,KOTRA_SNS_2025,화장품/뷰티
330499,GB,Tbc,,,,Importer,London,KOTRA_SNS_2025,화장품/뷰티
330499,GB,Centella,,,,Importer,Croydon,KOTRA_SNS_2025,화장품/뷰티
330499,ES,Facebook,,,,Importer,Madrid,KOTRA_SNS_2025,화장품/뷰티
330499,GB,Skin therapist,,,,Importer,Rotherham,KOTRA_SNS_2025,화장품/뷰티
330499,PT,Dra Beleza,,,,Importer,Lisbon,KOTRA_SNS_2025,화장품/뷰티
330499,US,Lok rock,,,,Importer,Łd,KOTRA_SNS_2025,화장품/뷰티
330499,CI,OREL INVESTMENT SA,,,,Importer,Abidjan,KOTRA_SNS_2025,화장품/뷰티
330499,CI,ISMOREL,,,,Importer,Abidjan,KOTRA_SNS_2025,화장품/뷰티
330499,CI,ISMOREL,,,,Importer,Abidjan,KOTRA_SNS_2025,화장품/뷰티
330499,JP,Nextera,,,,Importer,OSAKA,KOTRA_SNS_2025,화장품/뷰티
330499,CH,BEYOND (HAINAN) MEDIA TECHNOLOGY CO LTD,,,,Importer,BEIJING,KOTRA_SNS_2025,화장품/뷰티
330499,CH,BEYOND (HAINAN) MEDIA TECHNOLOGY CO LTD,,,,Importer,BEIJING,KOTRA_SNS_2025,화장품/뷰티
330499,CN,WANZHONGCHENG DALIAN CO LTD,,,,Importer,DALIAN,KOTRA_SNS_2025,화장품/뷰티
330499,CN,WANZHONGCHENG DALIAN CO LTD,,,,Importer,DALIAN,KOTRA_SNS_2025,화장품/뷰티
330499,Romnia,nu,,,,Importer,Oradea,KOTRA_SNS_2025,화장품/뷰티
330499,Romania,BRINGWELL SRL,,,,Importer,Bucuresti,KOTRA_SNS_2025,화장품/뷰티
330499,Romania,Budeanu media,,,,Importer,Bucuresti,KOTRA_SNS_2025,화장품/뷰티
330499,Romania,Retouch Cosmetics,,,,Importer,Bucuresti,KOTRA_SNS_2025,화장품/뷰티
330499,Romnia,Holiday &Business,,,,Importer,Arad,KOTRA_SNS_2025,화장품/뷰티
330499,Romania,Neinfiintata inca,,,,Importer,Bucuresti,KOTRA_SNS_2025,화장품/뷰티
330499,Romania,Maxmania International,,,,Importer,Bucuresti,KOTRA_SNS_2025,화장품/뷰티
330499,Romania,0,,,,Importer,Bucuresti,KOTRA_SNS_2025,화장품/뷰티
330499,"Romania ( all UE ) , Uk, GCC all countries, India",Ai Butler Services uk Ltd KatO Butler India KatO butler Bahrain etc,,,,Importer,"Bucuresti, Londra, Manama, Doha, AbuDhabi, Bengaluru etc",KOTRA_SNS_2025,화장품/뷰티
330499,Romania,RODASIM,,,,Importer,Rmnicu Vlcea,KOTRA_SNS_2025,화장품/뷰티
330499,Romani,Lifted,,,,Importer,Oraadea,KOTRA_SNS_2025,화장품/뷰티
330499,Romania,Anko Online Business SRL,,,,Importer,Bucuresti,KOTRA_SNS_2025,화장품/뷰티
330499,Romania,LazyCats,,,,Importer,Botosani,KOTRA_SNS_2025,화장품/뷰티
330499,romnia,Briliant Cup,,,,Importer,Iai,KOTRA_SNS_2025,화장품/뷰티
330499,Romania,Plantevia Sanastore,,,,Importer,Marghita,KOTRA_SNS_2025,화장품/뷰티
330499,Romnia,Skinport Cosmetics SRL,,,,Importer,Bucureti,KOTRA_SNS_2025,화장품/뷰티
330499,Romnia,Rotaru Elena PFA,,,,Importer,Bucharest,KOTRA_SNS_2025,화장품/뷰티
330499,Romania,K,,,,Importer,Bucuresti,KOTRA_SNS_2025,화장품/뷰티
330499,Romania,ARP CONSULTING SRL,,,,Importer,Sibiu,KOTRA_SNS_2025,화장품/뷰티
330499,Romania,Dynamics of Blooming,,,,Importer,Bucuresti,KOTRA_SNS_2025,화장품/뷰티
330499,Romania,Sunshine Marketing,,,,Importer,Timisoara,KOTRA_SNS_2025,화장품/뷰티
330499,romania,Oana Flutur Nail Artist Academy,,,,Importer,galati,KOTRA_SNS_2025,화장품/뷰티
330499,Romania,MVBTANDING,,,,Importer,Bucuresti,KOTRA_SNS_2025,화장품/뷰티
330499,romnia,ladice,,,,Importer,bacau,KOTRA_SNS_2025,화장품/뷰티
330499,Romania,Pro AMCO EXPERT S.R.L,,,,Importer,Buzau,KOTRA_SNS_2025,화장품/뷰티
330499,Romnia,MAD FUNDS MANAGEMENT SRL,,,,Importer,Bucureti,KOTRA_SNS_2025,화장품/뷰티
330499,Romania,ANDRAGRIG COUTURE SRL,,,,Importer,Calafat,KOTRA_SNS_2025,화장품/뷰티
330499,Romnia,Nu am,,,,Importer,Bucureti,KOTRA_SNS_2025,화장품/뷰티
330590,India,Approach Healthcare,,,,Importer,Delhi,KOTRA_SNS_2025,화장품/뷰티
330590,IN,Alive and well,,,,Importer,Delhi,KOTRA_SNS_2025,화장품/뷰티
330590,IN,Opulent aesthetics,,,,Importer,Bangalore,KOTRA_SNS_2025,화장품/뷰티
330590,US,Andis factory,,,,Importer,chennai,KOTRA_SNS_2025,화장품/뷰티
330590,IN,Gagan,,,,Importer,Bangalore,KOTRA_SNS_2025,화장품/뷰티
330590,IN,lotus labs pvt ltd bangalore,,,,Importer,Bangalore,KOTRA_SNS_2025,화장품/뷰티
330590,India,Royal Beauty Equipment Pvt Ltd,,,,Importer,Delhi,KOTRA_SNS_2025,화장품/뷰티
330590,India,RSB Wellness,,,,Importer,Mumbai,KOTRA_SNS_2025,화장품/뷰티
330590,India,Allen & Alvan PVt Ltd,,,,Importer,Aligarh,KOTRA_SNS_2025,화장품/뷰티
330590,IN,TBL&Academy,,,,Importer,Delhi,KOTRA_SNS_2025,화장품/뷰티
330590,IN,self,,,,Importer,tajpur,KOTRA_SNS_2025,화장품/뷰티
330590,United States,Abbott,,,,Importer,Mumbai,KOTRA_SNS_2025,화장품/뷰티
330590,IN,Coreact synergy llp,,,,Importer,delhi,KOTRA_SNS_2025,화장품/뷰티
330590,IN,BCG,,,,Importer,New Delhi,KOTRA_SNS_2025,화장품/뷰티
330590,IN,Deemark healthcare pvt ltd,,,,Importer,Delhi,KOTRA_SNS_2025,화장품/뷰티
330590,IN,Faridabad premium outlet,,,,Importer,Delhi,KOTRA_SNS_2025,화장품/뷰티
330590,IN,Wings up global,,,,Importer,Kochi,KOTRA_SNS_2025,화장품/뷰티
330590,India,Sotrue,,,,Importer,Delhi,KOTRA_SNS_2025,화장품/뷰티
330590,India,B8 Life,,,,Importer,navi mumbai,KOTRA_SNS_2025,화장품/뷰티
330590,IN,Bootcut apperal,,,,Importer,Delhi,KOTRA_SNS_2025,화장품/뷰티
330590,IN,Lavish Splash,,,,Importer,Kolhapur,KOTRA_SNS_2025,화장품/뷰티
330590,India,Groom India salon & spa Pvt Ltd,,,,Importer,Chennai,KOTRA_SNS_2025,화장품/뷰티
330590,India,KG,,,,Importer,Mumbai,KOTRA_SNS_2025,화장품/뷰티
330590,IN,Bharat Trading company,,,,Importer,New Delhi,KOTRA_SNS_2025,화장품/뷰티
330590,India,IGBC Chambers,,,,Importer,Delhi,KOTRA_SNS_2025,화장품/뷰티
330590,IN,Upchar,,,,Importer,Panvel,KOTRA_SNS_2025,화장품/뷰티
330590,IN,Fox pro entertainments,,,,Importer,Kolkata,KOTRA_SNS_2025,화장품/뷰티
330590,IN,Brandz Honour,,,,Importer,Faridabad,KOTRA_SNS_2025,화장품/뷰티
330590,IN,Jai shree krishna ji,,,,Importer,Delhi,KOTRA_SNS_2025,화장품/뷰티
330590,India,"Dr. Gillian's Advanced Skin, Hair, Laser & Cosmetology Clinic",,,,Importer,Chikmagalur,KOTRA_SNS_2025,화장품/뷰티
330590,US,MICROSOFT,,,,Importer,Kolkata,KOTRA_SNS_2025,화장품/뷰티
330590,IN,PRVA Healthcare LLP,,,,Importer,Thane,KOTRA_SNS_2025,화장품/뷰티
330590,India,Indiamart,,,,Importer,Noida,KOTRA_SNS_2025,화장품/뷰티
330590,India,Yuvakaya,,,,Importer,Jodhpur,KOTRA_SNS_2025,화장품/뷰티
330590,IN,Trident Mart,,,,Importer,CHENNAI,KOTRA_SNS_2025,화장품/뷰티
330590,IR,Software Development Engineer,,,,Importer,Anara,KOTRA_SNS_2025,화장품/뷰티
330590,IN,Aditya Enterpises,,,,Importer,Nagpur,KOTRA_SNS_2025,화장품/뷰티
330590,IN,Albertsons international Pvt Ltd,,,,Importer,Bangalore,KOTRA_SNS_2025,화장품/뷰티
330590,India,Web dive enterprises LLP,,,,Importer,Delhi,KOTRA_SNS_2025,화장품/뷰티
330590,IN,The Indian Company,,,,Importer,Delhi,KOTRA_SNS_2025,화장품/뷰티
330590,India,Aditya Birla Group,,,,Importer,Mumbai,KOTRA_SNS_2025,화장품/뷰티
330590,IN,Paper n films international,,,,Importer,Mumbai,KOTRA_SNS_2025,화장품/뷰티
330590,India,To be register,,,,Importer,New Delhi,KOTRA_SNS_2025,화장품/뷰티
330590,India,Abc,,,,Importer,Noida,KOTRA_SNS_2025,화장품/뷰티
330590,India,Sokksha Inc,,,,Importer,Mumbai,KOTRA_SNS_2025,화장품/뷰티
330590,IN,Nishant,,,,Importer,New delhi,KOTRA_SNS_2025,화장품/뷰티
330590,IN,Glow living ecomm ventures pvt lt,,,,Importer,Mumbai,KOTRA_SNS_2025,화장품/뷰티
330590,IN,Saksham Overaeas,,,,Importer,Delhi,KOTRA_SNS_2025,화장품/뷰티
330590,Philippines,SEOReseller,,,,Importer,Kharghar,KOTRA_SNS_2025,화장품/뷰티
330590,India,Akums Drugs and Pharmaceuticals,,,,Importer,New Delhi,KOTRA_SNS_2025,화장품/뷰티
330590,IN,Uacuk,,,,Importer,Noida,KOTRA_SNS_2025,화장품/뷰티
330590,IN,Brassica Pharma Pvt Ltd,,,,Importer,Tarapur,KOTRA_SNS_2025,화장품/뷰티
330590,India,Socialveins,,,,Importer,Delhi,KOTRA_SNS_2025,화장품/뷰티
330590,IN,Times Management Systems Pvt.Lt,,,,Importer,New Delhi,KOTRA_SNS_2025,화장품/뷰티
330590,IN,Roan designs,,,,Importer,Delhi,KOTRA_SNS_2025,화장품/뷰티
330590,India,KOMOKA FRAGNANCES,,,,Importer,Gurgaon,KOTRA_SNS_2025,화장품/뷰티
330590,India,Kvmexportsindia,,,,Importer,Bangalore,KOTRA_SNS_2025,화장품/뷰티
330590,IN,GE Money,,,,Importer,Delhi,KOTRA_SNS_2025,화장품/뷰티
330590,IN,Gold Aesthetics Care Pvt Ltd,,,,Importer,Mumbai,KOTRA_SNS_2025,화장품/뷰티
330590,IN,Saraf International,,,,Importer,Kolkata,KOTRA_SNS_2025,화장품/뷰티
330590,SG,9skin,,,,Importer,Malaysia,KOTRA_SNS_2025,화장품/뷰티
330590,India,Narayani associates,,,,Importer,Chennai,KOTRA_SNS_2025,화장품/뷰티
330590,India,Dione uk professional,,,,Importer,Mumbai,KOTRA_SNS_2025,화장품/뷰티
330590,IN,JN TECHNOLOGIES,,,,Importer,Bangalore,KOTRA_SNS_2025,화장품/뷰티
330590,India,espaco180,,,,Importer,Gurugram,KOTRA_SNS_2025,화장품/뷰티
330590,IN,Ayunova luxury,,,,Importer,Pune,KOTRA_SNS_2025,화장품/뷰티
330590,IN,Purenaturals.ltd,,,,Importer,Delhi NCR,KOTRA_SNS_2025,화장품/뷰티
330590,IN,Beauty business days,,,,Importer,Mumbai,KOTRA_SNS_2025,화장품/뷰티
330590,India,fresh poto,,,,Importer,gurgaon,KOTRA_SNS_2025,화장품/뷰티
330590,India,DTPL,,,,Importer,Ambernath,KOTRA_SNS_2025,화장품/뷰티
330590,IN,Revive healthcare,,,,Importer,Faridabad,KOTRA_SNS_2025,화장품/뷰티
330590,India,Berkowits,,,,Importer,New Delhi,KOTRA_SNS_2025,화장품/뷰티
330410,India,Business,,,,Importer,Ghaziabad,KOTRA_SNS_2025,화장품/뷰티
330410,IN,Fire Wings Venture Pvt Ltd,,,,Importer,Delhi,KOTRA_SNS_2025,화장품/뷰티
330410,IN,Market zone,,,,Importer,Faridabad,KOTRA_SNS_2025,화장품/뷰티
330410,IN,SN Buildcon,,,,Importer,Mumbai,KOTRA_SNS_2025,화장품/뷰티
330410,India,Prowiden human capital pvt ltd,,,,Importer,bangalore,KOTRA_SNS_2025,화장품/뷰티
330410,IN,SS NUTRACARE,,,,Importer,New Delhi,KOTRA_SNS_2025,화장품/뷰티
330410,IN,"Radiant Enterprises,Mumbai",,,,Importer,Mumbai,KOTRA_SNS_2025,화장품/뷰티
330410,India,Legacy Dive Exim Pvt Ltd,,,,Importer,Hyderabad,KOTRA_SNS_2025,화장품/뷰티
330410,IN,Modicare India,,,,Importer,Chennai,KOTRA_SNS_2025,화장품/뷰티
330410,US,Indian Association of Dental Students,,,,Importer,Delhi,KOTRA_SNS_2025,화장품/뷰티
330410,IN,Mumbai school of foreign languages,,,,Importer,Mumbai,KOTRA_SNS_2025,화장품/뷰티
330410,IN,BOX8- Desi Meals,,,,Importer,Jaipur,KOTRA_SNS_2025,화장품/뷰티
330410,India,Vigour United Pvt Ltd.,,,,Importer,Mumbai,KOTRA_SNS_2025,화장품/뷰티
330410,IN,LINK EXIM,,,,Importer,New Delhi,KOTRA_SNS_2025,화장품/뷰티
330410,IN,Viayne Consulting,,,,Importer,Delhi,KOTRA_SNS_2025,화장품/뷰티
330410,IN,Zipbolt innovation pvt ltd,,,,Importer,New Delhi,KOTRA_SNS_2025,화장품/뷰티
330410,India,CB Richard Ellis,,,,Importer,New Delhi,KOTRA_SNS_2025,화장품/뷰티
330410,IN,SARANGHAE,,,,Importer,Mumbai,KOTRA_SNS_2025,화장품/뷰티
330410,IN,Livffertility,,,,Importer,Chennai,KOTRA_SNS_2025,화장품/뷰티
330410,IN,Finventure,,,,Importer,Mumbai,KOTRA_SNS_2025,화장품/뷰티
330410,India,NG Electro,,,,Importer,New Delhi,KOTRA_SNS_2025,화장품/뷰티
330410,IN,Lexatech,,,,Importer,Mumbai,KOTRA_SNS_2025,화장품/뷰티
330410,IN,Wunderrhommz Inc,,,,Importer,New Delhi,KOTRA_SNS_2025,화장품/뷰티
330410,IN,Balaji agencies,,,,Importer,Bangalore,KOTRA_SNS_2025,화장품/뷰티
330410,IN,Faster Furl,,,,Importer,Bangalore,KOTRA_SNS_2025,화장품/뷰티
330410,IN,Geey Negocio Pvt. Ltd.,,,,Importer,Kolkata,KOTRA_SNS_2025,화장품/뷰티
330410,IN,Nebula Cloud,,,,Importer,Gurugram,KOTRA_SNS_2025,화장품/뷰티
330410,IN,Korean,,,,Importer,Maharashtra,KOTRA_SNS_2025,화장품/뷰티
330410,IN,mifratech,,,,Importer,Bangalore,KOTRA_SNS_2025,화장품/뷰티
330410,India,Medsea,,,,Importer,Delhi,KOTRA_SNS_2025,화장품/뷰티
330410,IN,Royale industries,,,,Importer,Delhi,KOTRA_SNS_2025,화장품/뷰티
330410,IN,theradiantlightning.com,,,,Importer,Bangalore,KOTRA_SNS_2025,화장품/뷰티
330410,IN,Airluxe international pvt ltd,,,,Importer,Delhi,KOTRA_SNS_2025,화장품/뷰티
330410,IN,kgl network,,,,Importer,Delhi,KOTRA_SNS_2025,화장품/뷰티
330410,IN,S&S,,,,Importer,Gurgaon,KOTRA_SNS_2025,화장품/뷰티
330410,IN,Vecal Technologies,,,,Importer,Ghaziabad,KOTRA_SNS_2025,화장품/뷰티
330410,IN,Aachal,,,,Importer,Order,KOTRA_SNS_2025,화장품/뷰티
330410,India,Advaance H2O,,,,Importer,Mumbai,KOTRA_SNS_2025,화장품/뷰티
330410,IN,chilltech,,,,Importer,India,KOTRA_SNS_2025,화장품/뷰티
330410,IN,Anita textile,,,,Importer,Agra,KOTRA_SNS_2025,화장품/뷰티
330410,IN,Detoxpri,,,,Importer,New Delhi,KOTRA_SNS_2025,화장품/뷰티
330410,INDIA,Sk medico,,,,Importer,Delhi,KOTRA_SNS_2025,화장품/뷰티
330410,IN,IIFL SECURITY,,,,Importer,delhi,KOTRA_SNS_2025,화장품/뷰티
330410,US,방탄소년단 군대,,,,Importer,South Korea,KOTRA_SNS_2025,화장품/뷰티
330410,India,Star camunication,,,,Importer,New Delhi,KOTRA_SNS_2025,화장품/뷰티
330410,IN,Consultant,,,,Importer,Faridabad,KOTRA_SNS_2025,화장품/뷰티
330410,IN,Kokan Beverages & Food Industry,,,,Importer,"Mhasla ,Raigad, Mharashtra",KOTRA_SNS_2025,화장품/뷰티
330410,IN,V seven international,,,,Importer,Mumbai,KOTRA_SNS_2025,화장품/뷰티
330410,IN,Shubh enterpeises,,,,Importer,Delhi,KOTRA_SNS_2025,화장품/뷰티
330410,India,Just Herbs,,,,Importer,Gurgaon,KOTRA_SNS_2025,화장품/뷰티
330499,GB,Lifecare pharma,,,,Importer,Bangalore,KOTRA_SNS_2025,화장품/뷰티
330499,India,Vizytech service providers LLP,,,,Importer,Gurugram,KOTRA_SNS_2025,화장품/뷰티
330499,IN,"Shraddha Hospital ,lonavla",,,,Importer,Mumbai,KOTRA_SNS_2025,화장품/뷰티
330499,India,Smile N Beauty,,,,Importer,Delhi,KOTRA_SNS_2025,화장품/뷰티
330499,IN,Skin arcane,,,,Importer,Mumbai,KOTRA_SNS_2025,화장품/뷰티
330499,IN,Silk tint,,,,Importer,Dehli,KOTRA_SNS_2025,화장품/뷰티
330499,IN,JD technologies pvt ltd.,,,,Importer,Delhi,KOTRA_SNS_2025,화장품/뷰티
330499,IN,Siyaras International,,,,Importer,Balurghat,KOTRA_SNS_2025,화장품/뷰티
330499,IN,Hair Expert,,,,Importer,Delhi,KOTRA_SNS_2025,화장품/뷰티
330499,US,praveen enterprises india,,,,Importer,delhi City,KOTRA_SNS_2025,화장품/뷰티
330499,IN,Asian Flyers,,,,Importer,Delhi,KOTRA_SNS_2025,화장품/뷰티
330499,IN,Bluepixel Media & Entertainment Pvt ltd,,,,Importer,Noida office,KOTRA_SNS_2025,화장품/뷰티
330499,IN,Luxury Buy,,,,Importer,Delhi,KOTRA_SNS_2025,화장품/뷰티
330499,IN,Hi,,,,Importer,Kalyan,KOTRA_SNS_2025,화장품/뷰티
330499,US,Reva,,,,Importer,Mumbai,KOTRA_SNS_2025,화장품/뷰티
330499,IN,v care,,,,Importer,greater noida,KOTRA_SNS_2025,화장품/뷰티
330499,India,Soil serumz,,,,Importer,Kolhapur,KOTRA_SNS_2025,화장품/뷰티
330499,India,Abharnam,,,,Importer,Chennai,KOTRA_SNS_2025,화장품/뷰티
330499,IN,SoapGags,,,,Importer,Mumbai,KOTRA_SNS_2025,화장품/뷰티
330499,US,Shabina shaikh,,,,Importer,14,KOTRA_SNS_2025,화장품/뷰티
330499,India,Eternal radiance,,,,Importer,Chennai,KOTRA_SNS_2025,화장품/뷰티
330499,IN,Instagram account,,,,Importer,Bangalore,KOTRA_SNS_2025,화장품/뷰티
330499,IN,Emaza Services Private Limited,,,,Importer,Delhi,KOTRA_SNS_2025,화장품/뷰티
330499,IN,merch N gifts,,,,Importer,Delhi,KOTRA_SNS_2025,화장품/뷰티
330499,IN,Saudi Arabian Airlines,,,,Importer,Gurugram,KOTRA_SNS_2025,화장품/뷰티
330499,India,Parenthood Healthcare pvt limited,,,,Importer,Bangalore,KOTRA_SNS_2025,화장품/뷰티
330499,IN,Hiremath Hospitals Pvt Ltd,,,,Importer,Bangalore,KOTRA_SNS_2025,화장품/뷰티
330499,India,Corevision,,,,Importer,Jaipur,KOTRA_SNS_2025,화장품/뷰티
330499,India,I,,,,Importer,Bangalore,KOTRA_SNS_2025,화장품/뷰티
330499,IN,Avighna Corp,,,,Importer,Mumbai,KOTRA_SNS_2025,화장품/뷰티
330499,IN,Ammore International,,,,Importer,Surat,KOTRA_SNS_2025,화장품/뷰티
330499,IN,GetLook,,,,Importer,Bangalore,KOTRA_SNS_2025,화장품/뷰티
330499,India,Veefin,,,,Importer,Mumbai,KOTRA_SNS_2025,화장품/뷰티
330499,India,Krazyfox,,,,Importer,Bangalore,KOTRA_SNS_2025,화장품/뷰티
330499,IN,Fine Line Aesthtics Pvt Ltd,,,,Importer,Dehra Dun,KOTRA_SNS_2025,화장품/뷰티
330499,IN,"SkyLab, Inc. USA",,,,Importer,Delhi,KOTRA_SNS_2025,화장품/뷰티
330499,IN,Asvaso,,,,Importer,Manesar,KOTRA_SNS_2025,화장품/뷰티
330499,IN,Pearl care,,,,Importer,Delhi,KOTRA_SNS_2025,화장품/뷰티
330499,IN,Staid Lifesciences Pvt Ltd,,,,Importer,Delhi,KOTRA_SNS_2025,화장품/뷰티
330499,United States,Arogya Formulations p Ltd,,,,Importer,New Delhi,KOTRA_SNS_2025,화장품/뷰티
330499,India,Korindea Healthcare,,,,Importer,Mumbai,KOTRA_SNS_2025,화장품/뷰티
330499,IN,komforthospitality@gmail.com,,,,Importer,Rajkot,KOTRA_SNS_2025,화장품/뷰티
330499,IN,Glance,,,,Importer,Mumbai,KOTRA_SNS_2025,화장품/뷰티
330499,India,Abhishek,,,,Importer,Noida,KOTRA_SNS_2025,화장품/뷰티
330499,IN,healthcare,,,,Importer,Bengaluru,KOTRA_SNS_2025,화장품/뷰티
330499,IN,,,,,Importer,Mumbai,KOTRA_SNS_2025,화장품/뷰티
330499,IN,Noto man,,,,Importer,Kolkata,KOTRA_SNS_2025,화장품/뷰티
330499,IN,Vida company,,,,Importer,Bangalore,KOTRA_SNS_2025,화장품/뷰티
330499,IN,Delibuy.shop,,,,Importer,Mumbai,KOTRA_SNS_2025,화장품/뷰티
330499,IN,SkinLuv,,,,Importer,Pune,KOTRA_SNS_2025,화장품/뷰티
330499,India,Razorpay,,,,Importer,Bangalore,KOTRA_SNS_2025,화장품/뷰티
330499,IN,Fruition Retail Pvt Ltd,,,,Importer,Delhi,KOTRA_SNS_2025,화장품/뷰티
330499,India,Aura skincare,,,,Importer,Kolar,KOTRA_SNS_2025,화장품/뷰티
330499,IN,Tbd,,,,Importer,Hyderabad,KOTRA_SNS_2025,화장품/뷰티
330499,US,Anjus midas touch,,,,Importer,new delhi,KOTRA_SNS_2025,화장품/뷰티
330499,IN,vinay impex,,,,Importer,Chennai,KOTRA_SNS_2025,화장품/뷰티
330499,IN,Senoras,,,,Importer,Ghaziabad,KOTRA_SNS_2025,화장품/뷰티
330499,US,care yourself,,,,Importer,Kandivli,KOTRA_SNS_2025,화장품/뷰티
330499,IN,Sayron,,,,Importer,Gurgaon,KOTRA_SNS_2025,화장품/뷰티
330499,IN,Srinidhi Enterprises,,,,Importer,Mysore,KOTRA_SNS_2025,화장품/뷰티
330499,IN,Suraj Singh,,,,Importer,H,KOTRA_SNS_2025,화장품/뷰티
330499,IN,business,,,,Importer,Bardhaman,KOTRA_SNS_2025,화장품/뷰티
330499,US,637570,,,,Importer,Hello,KOTRA_SNS_2025,화장품/뷰티
330499,IN,Dania Overseas,,,,Importer,Delhi,KOTRA_SNS_2025,화장품/뷰티
330499,India,MEDANTA-the medicity Hospital,,,,Importer,Gurgaon,KOTRA_SNS_2025,화장품/뷰티
330499,IN,Ymart,,,,Importer,Pune,KOTRA_SNS_2025,화장품/뷰티
330499,IN,I am a dealer,,,,Importer,Bangalore,KOTRA_SNS_2025,화장품/뷰티
330499,IN,Bsm,,,,Importer,Bangalore,KOTRA_SNS_2025,화장품/뷰티
330499,IN,SVN ENTERPRISES PVT LTD,,,,Importer,Delhi,KOTRA_SNS_2025,화장품/뷰티
330499,IN,...,,,,Importer,..,KOTRA_SNS_2025,화장품/뷰티
330499,India,Atterri by Brvim Fashion pvt ltd,,,,Importer,Delhi,KOTRA_SNS_2025,화장품/뷰티
330499,IN,ALAE FLY IMMIGRATION,,,,Importer,mumbai,KOTRA_SNS_2025,화장품/뷰티
330499,IN,Explore Mart Fashion Private Limited,,,,Importer,New Delhi,KOTRA_SNS_2025,화장품/뷰티
330499,INDIA,Hello glow,,,,Importer,Delhi,KOTRA_SNS_2025,화장품/뷰티
330499,IN,E&V APL,,,,Importer,Delhi,KOTRA_SNS_2025,화장품/뷰티
330499,IN,Nayan sukh optical company,,,,Importer,Satna,KOTRA_SNS_2025,화장품/뷰티
330499,United States,Gleaming-Skin&hairAsthetics,,,,Importer,New Delhi,KOTRA_SNS_2025,화장품/뷰티
330499,India,I2cure Pte Ltd,,,,Importer,Gurgaon,KOTRA_SNS_2025,화장품/뷰티
330499,India,Infytabs Technologies Private Limited,,,,Importer,Gurugram,KOTRA_SNS_2025,화장품/뷰티
330499,IN,XYZ,,,,Importer,Bangalore,KOTRA_SNS_2025,화장품/뷰티
330499,IN,Self,,,,Importer,Mumbai,KOTRA_SNS_2025,화장품/뷰티
330499,IN,Freelancer,,,,Importer,Bangalore,KOTRA_SNS_2025,화장품/뷰티
330499,INDIA,Tibb Pharmaceuticals Pvt Ltd,,,,Importer,Mumbai,KOTRA_SNS_2025,화장품/뷰티
330499,IN,Welllgkwo Pharma,,,,Importer,Mumbai,KOTRA_SNS_2025,화장품/뷰티
330499,India,Pkosmetiks lifestyle private limited,,,,Importer,Mumbai,KOTRA_SNS_2025,화장품/뷰티
330499,India,Apex trading company,,,,Importer,Mumbai,KOTRA_SNS_2025,화장품/뷰티
330499,IN,Opulent aesthetics,,,,Importer,Bangalore,KOTRA_SNS_2025,화장품/뷰티
330499,IN,Mathopedia,,,,Importer,Bangalore,KOTRA_SNS_2025,화장품/뷰티
330499,IN,Savvy World,,,,Importer,Mumbai,KOTRA_SNS_2025,화장품/뷰티
330499,India,D,,,,Importer,W,KOTRA_SNS_2025,화장품/뷰티
330499,India,,,,,Importer,Ludhiana,KOTRA_SNS_2025,화장품/뷰티
330499,IN,MKDSANKA TRADE PRIVATE LIMITED,,,,Importer,chengalpattu,KOTRA_SNS_2025,화장품/뷰티
330499,IN,Ayaa Innovation Online Services,,,,Importer,Hyderabad,KOTRA_SNS_2025,화장품/뷰티
330499,India,Aviva Beauty,,,,Importer,New Delhi,KOTRA_SNS_2025,화장품/뷰티
330499,IN,Bombay Vanity,,,,Importer,Delhi,KOTRA_SNS_2025,화장품/뷰티
330499,US,Kk bros,,,,Importer,New Delhi,KOTRA_SNS_2025,화장품/뷰티
330499,IN,My Own Business Institute,,,,Importer,Dubai,KOTRA_SNS_2025,화장품/뷰티
330499,IN,Hhh,,,,Importer,Bangalore,KOTRA_SNS_2025,화장품/뷰티
330499,IN,Mumuso Retail private limited,,,,Importer,Kolkata,KOTRA_SNS_2025,화장품/뷰티
330410,IN,New,,,,Importer,Thane,KOTRA_SNS_2025,화장품/뷰티
330499,IN,Manibhadra international,,,,Importer,Pune,KOTRA_SNS_2025,화장품/뷰티
330499,India,Bravima Lifesciences Pvt Ltd,,,,Importer,Delhi,KOTRA_SNS_2025,화장품/뷰티
330410,IN,Lyneth Healthcare,,,,Importer,Mumbai,KOTRA_SNS_2025,화장품/뷰티
330410,India,Nimbal Industries Limited,,,,Importer,Vijayapura,KOTRA_SNS_2025,화장품/뷰티
330410,IN,Gold Aesthetics Care Pvt Ltd,,,,Importer,Mumbai,KOTRA_SNS_2025,화장품/뷰티
330410,IN,VDS lifestyle,,,,Importer,Chennai,KOTRA_SNS_2025,화장품/뷰티
330410,India,Swastik,,,,Importer,"Upleta, Gujarat",KOTRA_SNS_2025,화장품/뷰티
330410,IN,BNM retail pvt ltd,,,,Importer,Gurugram,KOTRA_SNS_2025,화장품/뷰티
330410,IN,Student,,,,Importer,Delhi,KOTRA_SNS_2025,화장품/뷰티
330410,India,Refugee,,,,Importer,Dharjeeling,KOTRA_SNS_2025,화장품/뷰티
330410,US,Sterotech,,,,Importer,Delhi,KOTRA_SNS_2025,화장품/뷰티
330410,IN,Aum enterprises,,,,Importer,Bangalore,KOTRA_SNS_2025,화장품/뷰티
330410,INDIA,Misterhair,,,,Importer,Bangalore,KOTRA_SNS_2025,화장품/뷰티
330410,IN,Kesmo,,,,Importer,Chennai,KOTRA_SNS_2025,화장품/뷰티
330410,US,MICROSOFT,,,,Importer,Kolkata,KOTRA_SNS_2025,화장품/뷰티
330410,IN,kalaash Polyclinic,,,,Importer,Mumbai,KOTRA_SNS_2025,화장품/뷰티
330410,IN,Saksham Overaeas,,,,Importer,Delhi,KOTRA_SNS_2025,화장품/뷰티
330410,IN,Medicare System Inc,,,,Importer,Delhi,KOTRA_SNS_2025,화장품/뷰티
330410,IN,RAJINI AESTHETIC and PMU academy,,,,Importer,Bengaluru,KOTRA_SNS_2025,화장품/뷰티
330410,IN,Mind,,,,Importer,Mumbai,KOTRA_SNS_2025,화장품/뷰티
330410,India,NehaGargMakeupofficial,,,,Importer,Gurgaon,KOTRA_SNS_2025,화장품/뷰티
330410,IN,Sun Company,,,,Importer,Howrah,KOTRA_SNS_2025,화장품/뷰티
330410,AE,Trillium,,,,Importer,Chennai,KOTRA_SNS_2025,화장품/뷰티
330410,IN,collab hub innovative private limited,,,,Importer,Thiruvanmiyur,KOTRA_SNS_2025,화장품/뷰티
330499,HR,AURORA KOZMETIKA d.o.o.,,,,Importer,zagreb,KOTRA_SNS_2025,화장품/뷰티
330499,CN,Shanghai Zhome Trading Company,,,,Importer,Chengdu,KOTRA_SNS_2025,화장품/뷰티
330499,CN,SHENYANG BAMAN TRADING CO LTD,,,,Importer,Chengdu,KOTRA_SNS_2025,화장품/뷰티
330499,CN,"Guangzhou Yihua Cosmetics Co., Ltd.",,,,Importer,Chengdu,KOTRA_SNS_2025,화장품/뷰티
330499,CN,"Chongqing HAN CHENG Trading Co., Ltd.",,,,Importer,Chengdu,KOTRA_SNS_2025,화장품/뷰티
330499,CN,"Hugee E-Supply Chain Co., Ltd.",,,,Importer,Chengdu,KOTRA_SNS_2025,화장품/뷰티
330499,CN,"Shanghai Bihe Information Technology Co., Ltd.",,,,Importer,Chengdu,KOTRA_SNS_2025,화장품/뷰티
330499,CN,"Ridong Microbial Technology (Shandong) Co., Ltd.",,,,Importer,Chengdu,KOTRA_SNS_2025,화장품/뷰티
330499,CN,"Shanghai Yunzhuang Intertrade Co., Ltd.",,,,Importer,Chengdu,KOTRA_SNS_2025,화장품/뷰티
330499,CN,"CHENGDU BAOJING ENTERPRISE MANAGEMENT CO., LTD.",,,,Importer,Chengdu,KOTRA_SNS_2025,화장품/뷰티
330499,CN,"Sichuan Xiangcai Lishe Business Management Co.,ltd",,,,Importer,Chengdu,KOTRA_SNS_2025,화장품/뷰티
330499,CN,"Chengdu Longlong Cultural Media Co., Ltd.",,,,Importer,Chengdu,KOTRA_SNS_2025,화장품/뷰티
330499,CN,"CHENGDU LIFENG TRADING CO.,LTD",,,,Importer,Chengdu,KOTRA_SNS_2025,화장품/뷰티
330499,CN,Chengdu Jinniu District Meizhuang Cosmetics Shop,,,,Importer,Chengdu,KOTRA_SNS_2025,화장품/뷰티
330499,CN,"Fanafano (Shanghai) Cosmetics Co., Ltd.",,,,Importer,Chengdu,KOTRA_SNS_2025,화장품/뷰티
330499,CN,"Chengdu AimiUpin Technology Development Co., Ltd.",,,,Importer,Chengdu,KOTRA_SNS_2025,화장품/뷰티
330499,CN,"Chengdu Changxing Bowen Trading Co.,ltd",,,,Importer,Chengdu,KOTRA_SNS_2025,화장품/뷰티
330499,CN,"Chengdu I-FEEL Import & Export Co.,Ltd",,,,Importer,Chengdu,KOTRA_SNS_2025,화장품/뷰티
330499,CN,"Sichuan Jinxi Industry Co.,ltd",,,,Importer,Chengdu,KOTRA_SNS_2025,화장품/뷰티
330499,CN,"Sichuan Ruifu Shixi Cultural Communication Co., Ltd.",,,,Importer,Chengdu,KOTRA_SNS_2025,화장품/뷰티
330499,CN,"Meishan Li Ning Mei Ju Brand Management Co., Ltd.",,,,Importer,Chengdu,KOTRA_SNS_2025,화장품/뷰티
330499,CN,"Sichuan Narist International Trade Co., Ltd.",,,,Importer,Chengdu,KOTRA_SNS_2025,화장품/뷰티
330499,CN,WUHOU MILU BEAUTY SHOP,,,,Importer,Chengdu,KOTRA_SNS_2025,화장품/뷰티
330499,CN,"SICHUAN QIANOUNI TRADE CO.,LTD",,,,Importer,Chengdu,KOTRA_SNS_2025,화장품/뷰티
330499,CN,"CHENGDU WUYAN ZHISHI TRADING CO.,LTD",,,,Importer,Chengdu,KOTRA_SNS_2025,화장품/뷰티
330499,CN,"ALP (QINGDAO) TRADING CO.,LTD",,,,Importer,Chengdu,KOTRA_SNS_2025,화장품/뷰티
330499,CN,SHANDONG SHINDADONG INC,,,,Importer,Chengdu,KOTRA_SNS_2025,화장품/뷰티
330499,CN,"SHANGHAI LEHENG TRADING CO.,LTD",,,,Importer,Chengdu,KOTRA_SNS_2025,화장품/뷰티
330499,CN,SICHUAN XIYAN BIOTECHNOLOGY CO LTD,,,,Importer,Chengdu,KOTRA_SNS_2025,화장품/뷰티
330499,CN,CHENGDU LONGLIGHT TRADING,,,,Importer,Chengdu,KOTRA_SNS_2025,화장품/뷰티
330499,CN,QINGDAO XIAOQING INDUSTRIAL TRADING CO. LTD.,,,,Importer,Chengdu,KOTRA_SNS_2025,화장품/뷰티
330499,CN,"Sichuan Feiyu E-Commerce Co., Ltd.",,,,Importer,Chengdu,KOTRA_SNS_2025,화장품/뷰티
330499,CN,"SHANGHAI BAIKELI HANPIN INTERNATIONAL  TRADE CO., LTD",,,,Importer,Chengdu,KOTRA_SNS_2025,화장품/뷰티
330499,CN,"CHENGDU SHUTONGHECHUANG ENTERPRISE MANAGEMENT CO., LTD",,,,Importer,Chengdu,KOTRA_SNS_2025,화장품/뷰티
330499,CN,"CHENGDU HANMINGZUO TRADE CO., LTD",,,,Importer,Chengdu,KOTRA_SNS_2025,화장품/뷰티
330499,CN,TIANFU INTERNATIONAL TECHNOLOGY TRANSGER CENTER,,,,Importer,Chengdu,KOTRA_SNS_2025,화장품/뷰티
330499,CN,XINJIANG COMMERCIAL LOGISTICS GROUP,,,,Importer,Chengdu,KOTRA_SNS_2025,화장품/뷰티
330499,CN,"SHANGHAI LINGQI TRADE CO., LTD",,,,Importer,Chengdu,KOTRA_SNS_2025,화장품/뷰티
330499,CN,"BEIJING SD GLOBAL CO., LTD",,,,Importer,Chengdu,KOTRA_SNS_2025,화장품/뷰티
330499,CN,GUANGZHOU YUNJU ALLIANCE INTL. TRADE CO LTD,,,,Importer,Chengdu,KOTRA_SNS_2025,화장품/뷰티
330499,CN,"BEIJING JINSHA BEAUTY BODY CO., LTD",,,,Importer,Chengdu,KOTRA_SNS_2025,화장품/뷰티
330499,CN,"Jinan Huanyuankun Beauty & Body Co., Ltd",,,,Importer,Chengdu,KOTRA_SNS_2025,화장품/뷰티
330499,CN,"Changzhou yimeixiu beauty body co., ltd",,,,Importer,Chengdu,KOTRA_SNS_2025,화장품/뷰티
330499,CN,"Guangdong xiu shu tang beauty technology co., ltd",,,,Importer,Chengdu,KOTRA_SNS_2025,화장품/뷰티
330499,CN,"Beijing Xiangwenisi Beauty and Body Co., Ltd.",,,,Importer,Chengdu,KOTRA_SNS_2025,화장품/뷰티
330499,CN,"Nanjing Shiermei Beauty and Body Co., Ltd.",,,,Importer,Chengdu,KOTRA_SNS_2025,화장품/뷰티
330499,CN,"Xi'an Meili Women's Beauty and Body Co., Ltd.",,,,Importer,Chengdu,KOTRA_SNS_2025,화장품/뷰티
330499,CN,"Shandong xianmeijiao beauty body co., ltd",,,,Importer,Chengdu,KOTRA_SNS_2025,화장품/뷰티
330499,CN,"Changsha Il Beauty and Body Service Co., Ltd",,,,Importer,Chengdu,KOTRA_SNS_2025,화장품/뷰티
330499,CN,"Guangzhou yurun beauty body co., ltd",,,,Importer,Chengdu,KOTRA_SNS_2025,화장품/뷰티
330499,CN,"Shandong meijiang beauty body co., ltd",,,,Importer,Chengdu,KOTRA_SNS_2025,화장품/뷰티
330499,CN,"Anhui Zhenxiangshou Beauty and Body Beauty Co., Ltd",,,,Importer,Chengdu,KOTRA_SNS_2025,화장품/뷰티
330499,CN,"Xi'an Sweet Youyue Beauty Body Co., Ltd",,,,Importer,Chengdu,KOTRA_SNS_2025,화장품/뷰티
330499,CN,"Guangdong Jianfei Beauty and Body Technology Co., Ltd",,,,Importer,Chengdu,KOTRA_SNS_2025,화장품/뷰티
330499,CN,"Shandong Chengyu Beauty & Body Co., Ltd",,,,Importer,Chengdu,KOTRA_SNS_2025,화장품/뷰티
330499,CN,"Shenzhen Ruinisi Beauty Body Co., Ltd",,,,Importer,Chengdu,KOTRA_SNS_2025,화장품/뷰티
330499,CN,"Qingdao Jinchen Beauty and Body Technology Co., Ltd",,,,Importer,Chengdu,KOTRA_SNS_2025,화장품/뷰티
330499,CN,"Tianjin Chaohan Yayan Beauty & Body Co., Ltd",,,,Importer,Chengdu,KOTRA_SNS_2025,화장품/뷰티
330499,CN,"Qingdao oujia beauty body co., ltd",,,,Importer,Chengdu,KOTRA_SNS_2025,화장품/뷰티
330499,CN,"Xiamen shuiyunjian beauty body co., ltd",,,,Importer,Chengdu,KOTRA_SNS_2025,화장품/뷰티
330499,CN,"Suzhou Yanxin Pavilion Beauty & Body Co., Ltd",,,,Importer,Chengdu,KOTRA_SNS_2025,화장품/뷰티
330499,CN,"Jizhi Weimei (Tianjin) Beauty and Body Management Co., Ltd",,,,Importer,Chengdu,KOTRA_SNS_2025,화장품/뷰티
330499,CN,"Silimei Beauty & Body (Suzhou) Co., Ltd",,,,Importer,Chengdu,KOTRA_SNS_2025,화장품/뷰티
330499,CN,"Shenzhen Haige Liyan Beauty Body Co., Ltd",,,,Importer,Chengdu,KOTRA_SNS_2025,화장품/뷰티
330499,CN,"Beijing Lidetang Beauty & Body Co., Ltd",,,,Importer,Chengdu,KOTRA_SNS_2025,화장품/뷰티
330499,CN,Shanghai Zhome Trading Company,,,,Importer,Chengdu,KOTRA_SNS_2025,화장품/뷰티
330499,CN,"Shanghai Bihe Information Technology Co., Ltd.",,,,Importer,Chengdu,KOTRA_SNS_2025,화장품/뷰티
330499,CN,"SHENGOU (BEIJING) TRADE CO.,LTD",,,,Importer,Chengdu,KOTRA_SNS_2025,화장품/뷰티
330499,CN,SHANDONG SHINDADONG INC,,,,Importer,Chengdu,KOTRA_SNS_2025,화장품/뷰티
330499,CN,QINGDAO XIAOQING INDUSTRIAL TRADING CO. LTD.,,,,Importer,Chengdu,KOTRA_SNS_2025,화장품/뷰티
330499,CN,"Chengdu Wanjin Science & Technology Co., Ltd.",,,,Importer,Chengdu,KOTRA_SNS_2025,화장품/뷰티
330499,CN,"SINOPHARM XINGSHA PHARMACEUTICALS(XIAMEN) CO., LTD",,,,Importer,Chengdu,KOTRA_SNS_2025,화장품/뷰티
330499,SA,Saad dam,,,,Importer,Riyadh,KOTRA_SNS_2025,화장품/뷰티
330499,US,General Manager of Soudi Profit House Company,,,,Importer,Riyadh,KOTRA_SNS_2025,화장품/뷰티
330499,AE,Neferthena,,,,Importer,Dubai,KOTRA_SNS_2025,화장품/뷰티
330499,IN,Signature Medicare private limited,,,,Importer,karunagappally,KOTRA_SNS_2025,화장품/뷰티
330499,AE,Jugnoo,,,,Importer,Dubai,KOTRA_SNS_2025,화장품/뷰티
330499,AE,La rose gallery,,,,Importer,Ajaman,KOTRA_SNS_2025,화장품/뷰티
330499,EG,Author,,,,Importer,Riyadh,KOTRA_SNS_2025,화장품/뷰티
330499,SA,Mb,,,,Importer,Jeddah,KOTRA_SNS_2025,화장품/뷰티
330499,QA,3A Pharma -,,,,Importer,Doha,KOTRA_SNS_2025,화장품/뷰티
330499,AE,Jamjoom Pharma,,,,Importer,Dubai,KOTRA_SNS_2025,화장품/뷰티
330499,SA,None yet,,,,Importer,Dammam,KOTRA_SNS_2025,화장품/뷰티
330499,SA,A+,,,,Importer,Jeedah,KOTRA_SNS_2025,화장품/뷰티
330499,SA,Dr Organic pharm,,,,Importer,Riyadh,KOTRA_SNS_2025,화장품/뷰티
330499,SA,Future Care Trading Est,,,,Importer,Riyadh,KOTRA_SNS_2025,화장품/뷰티
330499,AE,Noor al madinah medical center,,,,Importer,Shj,KOTRA_SNS_2025,화장품/뷰티
330499,EG,alawy,,,,Importer,Sohag,KOTRA_SNS_2025,화장품/뷰티
330499,SA,ES,,,,Importer,Riyadh,KOTRA_SNS_2025,화장품/뷰티
330499,SA,Qaser eltabia for trading company,,,,Importer,Riyadh,KOTRA_SNS_2025,화장품/뷰티
330499,SA,Nami,,,,Importer,Riyadh,KOTRA_SNS_2025,화장품/뷰티
330499,QA,Abaco  trading,,,,Importer,Qatar,KOTRA_SNS_2025,화장품/뷰티
330499,SA,komeu,,,,Importer,Dammam,KOTRA_SNS_2025,화장품/뷰티
330499,SA,Mo.abdelhady,,,,Importer,Riyadh,KOTRA_SNS_2025,화장품/뷰티
330499,SG,Pharma+Care Pte Ltd,,,,Importer,Singapore,KOTRA_SNS_2025,화장품/뷰티
330499,US,Portal Malaysia,,,,Importer,Kajang,KOTRA_SNS_2025,화장품/뷰티
330499,MY,transport hantar barang,,,,Importer,MACHANG,KOTRA_SNS_2025,화장품/뷰티
330499,US,5330,,,,Importer,Kual lumpur,KOTRA_SNS_2025,화장품/뷰티
330499,MY,Malabiis,,,,Importer,Cheras,KOTRA_SNS_2025,화장품/뷰티
330499,MY,Colive Kolla,,,,Importer,Kuala Lumpur,KOTRA_SNS_2025,화장품/뷰티
330499,TW,Bio new world,,,,Importer,Xinbei,KOTRA_SNS_2025,화장품/뷰티
330499,MY,SyriaSite,,,,Importer,Kuala Lumpur,KOTRA_SNS_2025,화장품/뷰티
330499,MY,Natureceuticals,,,,Importer,Penang,KOTRA_SNS_2025,화장품/뷰티
330499,MY,sara,,,,Importer,kuala Lumpur,KOTRA_SNS_2025,화장품/뷰티
330499,SG,Zack,,,,Importer,Singapore,KOTRA_SNS_2025,화장품/뷰티
330499,TW,Eopebtech,,,,Importer,Tai Pei,KOTRA_SNS_2025,화장품/뷰티
330499,MY,ombak dive resort,,,,Importer,Kuala Lumpur,KOTRA_SNS_2025,화장품/뷰티
330499,ES,Beauty PATHS,,,,Importer,Athens,KOTRA_SNS_2025,화장품/뷰티
330499,BG,Diana,,,,Importer,София,KOTRA_SNS_2025,화장품/뷰티
330499,US,AviFit beauty equipment & products,,,,Importer,Panningen,KOTRA_SNS_2025,화장품/뷰티
330499,FR,ND by House of beauty,,,,Importer,Paris,KOTRA_SNS_2025,화장품/뷰티
330499,NL,De Amsterdamse Huidtherapeut,,,,Importer,Amsterdam,KOTRA_SNS_2025,화장품/뷰티
330499,PT,Dra Beleza,,,,Importer,Lisbon,KOTRA_SNS_2025,화장품/뷰티
330499,BE,steffi,,,,Importer,deinze,KOTRA_SNS_2025,화장품/뷰티
330499,RO,Masaj Facial,,,,Importer,Bucharest,KOTRA_SNS_2025,화장품/뷰티
330499,ES,Luxury Villa Costa del Sol.com,,,,Importer,Marbella Spain,KOTRA_SNS_2025,화장품/뷰티
330499,IT,Ambulatorio medico,,,,Importer,Poggiardo,KOTRA_SNS_2025,화장품/뷰티
330499,ES,V Pilates Hipopresivos Leganes,,,,Importer,Leganes,KOTRA_SNS_2025,화장품/뷰티
330499,ES,Preci-ous.gr,,,,Importer,Na Moudhani,KOTRA_SNS_2025,화장품/뷰티
330499,PL,NanoAesthetics,,,,Importer,Teresin,KOTRA_SNS_2025,화장품/뷰티
330499,SE,Palina AB/ SknhetsCompaniet,,,,Importer,rebro,KOTRA_SNS_2025,화장품/뷰티
330499,IT,Amp biotec,,,,Importer,Telese Terme,KOTRA_SNS_2025,화장품/뷰티
330499,US,Hokulani,,,,Importer,Fort Belvoir,KOTRA_SNS_2025,화장품/뷰티
330499,US,Botox,,,,Importer,Burleson,KOTRA_SNS_2025,화장품/뷰티
330499,US,J&J,,,,Importer,Barrington,KOTRA_SNS_2025,화장품/뷰티
330499,US,Yoyo,,,,Importer,"Gaithersburg,marryland",KOTRA_SNS_2025,화장품/뷰티
330499,US,Grandeur advance laser and skincare,,,,Importer,McLean,KOTRA_SNS_2025,화장품/뷰티
330499,US,The Tripod LLC,,,,Importer,Houston,KOTRA_SNS_2025,화장품/뷰티
330499,US,Topical Skin,,,,Importer,West milford,KOTRA_SNS_2025,화장품/뷰티
330720,JP,"KOLLECTION CO.,LTD",,,,Importer,OSAKA,KOTRA_SNS_2025,화장품/뷰티
330499,IN,synercare,,,,Importer,New Delhi,KOTRA_SNS_2025,화장품/뷰티
340120,US,I Love Juices,,,,Importer,Villa Park,KOTRA_SNS_2025,화장품/뷰티
340120,US,Will Closet,,,,Importer,Miami,KOTRA_SNS_2025,화장품/뷰티
340120,US,JDTravels,,,,Importer,East Meadow,KOTRA_SNS_2025,화장품/뷰티
340120,US,Meta for Government and Nonprofits,,,,Importer,Lisle,KOTRA_SNS_2025,화장품/뷰티
340120,US,THAT VEGAN 9 LYFE,,,,Importer,Chicago,KOTRA_SNS_2025,화장품/뷰티
340120,US,self,,,,Importer,Lawrenceville,KOTRA_SNS_2025,화장품/뷰티
340120,US,nbvfff,,,,Importer,h,KOTRA_SNS_2025,화장품/뷰티
340120,US,Nowell and Associates Counseling Firm,,,,Importer,Naperville,KOTRA_SNS_2025,화장품/뷰티
340119,US,Digimaxx,,,,Importer,Lawrence,KOTRA_SNS_2025,화장품/뷰티
340120,US,Nest Wood,,,,Importer,Boca Raton,KOTRA_SNS_2025,화장품/뷰티
340120,US,Mott st salon,,,,Importer,New York,KOTRA_SNS_2025,화장품/뷰티
340120,US,Modays ENTERPRISE LLC,,,,Importer,Middlesex,KOTRA_SNS_2025,화장품/뷰티
340120,DJ,Bsh Holding,,,,Importer,Djibouti,KOTRA_SNS_2025,화장품/뷰티
340120,IN,The Advocate,,,,Importer,Buxar,KOTRA_SNS_2025,화장품/뷰티
340120,IN,VDS lifestyle,,,,Importer,Chennai,KOTRA_SNS_2025,화장품/뷰티
340120,IN,Super BAG and Packaging,,,,Importer,Delhi,KOTRA_SNS_2025,화장품/뷰티
340119,IN,Vertical Concepts pvt ltd.,,,,Importer,Mumbai,KOTRA_SNS_2025,화장품/뷰티
340119,CN,Novartis,,,,Importer,Delhi,KOTRA_SNS_2025,화장품/뷰티
340119,IN,Doctor,,,,Importer,Ratlam,KOTRA_SNS_2025,화장품/뷰티
340120,IN,"Mumbai, Maharashtra",,,,Importer,Mumbai,KOTRA_SNS_2025,화장품/뷰티
340120,IN,Work in Automobile Industries,,,,Importer,Berhampur,KOTRA_SNS_2025,화장품/뷰티
340120,IN,Soap,,,,Importer,Kakinada,KOTRA_SNS_2025,화장품/뷰티
340120,IN,Science Vision,,,,Importer,Jalandhar,KOTRA_SNS_2025,화장품/뷰티
340120,IN,Please Help Foundation,,,,Importer,Nuh,KOTRA_SNS_2025,화장품/뷰티
340120,IN,kiran,,,,Importer,gonda,KOTRA_SNS_2025,화장품/뷰티
340120,IN,Rentomed pvt ltd,,,,Importer,Pune,KOTRA_SNS_2025,화장품/뷰티
340120,IN,JP International,,,,Importer,Tirupur,KOTRA_SNS_2025,화장품/뷰티
340120,IN,Snehal beauty parlour,,,,Importer,Ahmednagar,KOTRA_SNS_2025,화장품/뷰티
340120,IN,I don't have any company,,,,Importer,Bokaro,KOTRA_SNS_2025,화장품/뷰티
340120,IN,owned,,,,Importer,Mumbai,KOTRA_SNS_2025,화장품/뷰티
340120,IN,,,,,Importer,Raipur,KOTRA_SNS_2025,화장품/뷰티
340120,IN,Ocean pharma,,,,Importer,Haridwar,KOTRA_SNS_2025,화장품/뷰티
340120,IN,keyer pharmaceutical pvt ltd,,,,Importer,Ballia,KOTRA_SNS_2025,화장품/뷰티
340120,IN,vsv oils,,,,Importer,coimb,KOTRA_SNS_2025,화장품/뷰티
340120,US,Yes,,,,Importer,Delhi,KOTRA_SNS_2025,화장품/뷰티
340120,IN,Securities and Exchange Board of India,,,,Importer,Mumbai,KOTRA_SNS_2025,화장품/뷰티
340120,IN,agro,,,,Importer,nasik,KOTRA_SNS_2025,화장품/뷰티
340120,US,Sudhanshu Tiwari,,,,Importer,Basti,KOTRA_SNS_2025,화장품/뷰티
340120,IN,Rudrashil Products,,,,Importer,Mumbai,KOTRA_SNS_2025,화장품/뷰티
340120,IN,Kisna Diamond Jewellery,,,,Importer,Kolhapur,KOTRA_SNS_2025,화장품/뷰티
340120,IN,I Love My Mother,,,,Importer,Salar Murshidabad,KOTRA_SNS_2025,화장품/뷰티
340120,IN,9sheen kitchen,,,,Importer,Pune,KOTRA_SNS_2025,화장품/뷰티
340120,IN,Prakrutimaa Resources Pvt Ltd,,,,Importer,"Salipur, Cuttack",KOTRA_SNS_2025,화장품/뷰티
340120,IN,Jawa Yezdi Motorcycle,,,,Importer,Madurai,KOTRA_SNS_2025,화장품/뷰티
340120,IN,Somara wellness,,,,Importer,Hyderabad,KOTRA_SNS_2025,화장품/뷰티
340120,IN,Digital Creator,,,,Importer,Kolkata,KOTRA_SNS_2025,화장품/뷰티
340119,IN,Prempan,,,,Importer,Pune,KOTRA_SNS_2025,화장품/뷰티
340120,IN,Biolife Pharmec,,,,Importer,Kolkata,KOTRA_SNS_2025,화장품/뷰티
340120,IN,The Sovika Group,,,,Importer,Mumbai,KOTRA_SNS_2025,화장품/뷰티
340119,IN,Halinox STEEL Industries,,,,Importer,Mumbai,KOTRA_SNS_2025,화장품/뷰티
340119,IN,own bussiness,,,,Importer,Calicut,KOTRA_SNS_2025,화장품/뷰티
340120,OM,the first world trading group,,,,Importer,Muscat,KOTRA_SNS_2025,화장품/뷰티
340119,IN,Rathod trading,,,,Importer,Nanded,KOTRA_SNS_2025,화장품/뷰티
340120,IN,VIRAAT GROUP OF COMPANIES,,,,Importer,Ranchi,KOTRA_SNS_2025,화장품/뷰티
340120,IN,Steve,,,,Importer,Chennai,KOTRA_SNS_2025,화장품/뷰티
340120,IN,Zac nutrovitepharma,,,,Importer,Patna,KOTRA_SNS_2025,화장품/뷰티
340119,IN,Essencia Consumer Products LLP,,,,Importer,Kolkata,KOTRA_SNS_2025,화장품/뷰티
340119,IN,Bhoopalam Botanicals,,,,Importer,Kolkata,KOTRA_SNS_2025,화장품/뷰티
340120,IN,No,,,,Importer,Allahabad,KOTRA_SNS_2025,화장품/뷰티
340119,IN,Khandawal brothers,,,,Importer,Tonk,KOTRA_SNS_2025,화장품/뷰티
340120,IN,Social,,,,Importer,Noida,KOTRA_SNS_2025,화장품/뷰티
340120,IN,Maas creators pvt Ltd,,,,Importer,Jk,KOTRA_SNS_2025,화장품/뷰티
340120,IN,Media,,,,Importer,Kochi,KOTRA_SNS_2025,화장품/뷰티
340120,US,Study,,,,Importer,Ludhiana,KOTRA_SNS_2025,화장품/뷰티
340120,US,xyz,,,,Importer,Ranchi,KOTRA_SNS_2025,화장품/뷰티
340120,IN,Social Webology,,,,Importer,Ghaziabad,KOTRA_SNS_2025,화장품/뷰티
340120,IN,Vdasorganic,,,,Importer,surat,KOTRA_SNS_2025,화장품/뷰티
340120,IN,Apaar,,,,Importer,Surat,KOTRA_SNS_2025,화장품/뷰티
340120,IN,Nk marketing,,,,Importer,Guwahati,KOTRA_SNS_2025,화장품/뷰티
340120,IN,Asli Ayurveda Wellness Pvt Ltd,,,,Importer,Karnal,KOTRA_SNS_2025,화장품/뷰티
340119,IN,BIRDY COLOURS,,,,Importer,Pondicherry,KOTRA_SNS_2025,화장품/뷰티
340120,IN,Sarvottam,,,,Importer,Varanasi,KOTRA_SNS_2025,화장품/뷰티
340120,IN,I am doing my own business,,,,Importer,anand,KOTRA_SNS_2025,화장품/뷰티
340120,IN,PC,,,,Importer,Kolkata,KOTRA_SNS_2025,화장품/뷰티
340120,IN,SS Traders,,,,Importer,Jalgaon,KOTRA_SNS_2025,화장품/뷰티
340120,US,Velubale Life fashion E.comarce Pvt Ltd,,,,Importer,SRI GANGANAGAR,KOTRA_SNS_2025,화장품/뷰티
340120,IN,"Vivekananda Degree College, Kukatpally",,,,Importer,Hyderabad,KOTRA_SNS_2025,화장품/뷰티
340120,IN,Shri,,,,Importer,kadegaon,KOTRA_SNS_2025,화장품/뷰티
340120,IN,unifirst infraventure private limited,,,,Importer,Nagpur,KOTRA_SNS_2025,화장품/뷰티
340120,IN,Toothology dental clinic,,,,Importer,Mumbai,KOTRA_SNS_2025,화장품/뷰티
340120,IN,SWATI AYURVEDA,,,,Importer,Kanpur,KOTRA_SNS_2025,화장품/뷰티
340120,IN,xyz,,,,Importer,jammu,KOTRA_SNS_2025,화장품/뷰티
340120,IN,Vardan ayurveda,,,,Importer,Surat,KOTRA_SNS_2025,화장품/뷰티
340120,IN,Lon Belmont,,,,Importer,Lucknow,KOTRA_SNS_2025,화장품/뷰티
340120,IN,Radikem biotech,,,,Importer,Bangalore,KOTRA_SNS_2025,화장품/뷰티
340120,IN,A. I Traders sopore,,,,Importer,Baramula,KOTRA_SNS_2025,화장품/뷰티
340120,IN,No,,,,Importer,Rajkot,KOTRA_SNS_2025,화장품/뷰티
340120,IN,Super Store Solutions,,,,Importer,Bangalore,KOTRA_SNS_2025,화장품/뷰티
340120,IN,YeSMS ENTERPRISES,,,,Importer,Vellarada,KOTRA_SNS_2025,화장품/뷰티
340120,VN,Decos INC,,,,Importer,Hanoi,KOTRA_SNS_2025,화장품/뷰티
340120,VN,Hoan Vu store,,,,Importer,hcm,KOTRA_SNS_2025,화장품/뷰티
340120,VN,Ecomstone VN,,,,Importer,Hanoi,KOTRA_SNS_2025,화장품/뷰티
340120,VN,nht quang hoa,,,,Importer,ho chi minh,KOTRA_SNS_2025,화장품/뷰티
340120,VN,Actilife Fitness Club,,,,Importer,Hanoi,KOTRA_SNS_2025,화장품/뷰티
340120,VN,beibrom.co,,,,Importer,Ban Me Thuot,KOTRA_SNS_2025,화장품/뷰티
340120,VN,Mkt,,,,Importer,Ho Chi Minh City,KOTRA_SNS_2025,화장품/뷰티
340120,VN,Healthaz,,,,Importer,Ho Chi Minh City,KOTRA_SNS_2025,화장품/뷰티
340130,CN,SHANDONG SHINDADONG INC,,,,Importer,Chengdu,KOTRA_SNS_2025,화장품/뷰티
330690,CN,SHANDONG SHINDADONG INC,,,,Importer,Chengdu,KOTRA_SNS_2025,화장품/뷰티
340130,CN,"Shanghai Yulei International Trading Co., Ltd.",,,,Importer,Chengdu,KOTRA_SNS_2025,화장품/뷰티
340130,CN,"ShangHai ZhongQing IMP.& EXP. Trade Co., Ltd.",,,,Importer,Chengdu,KOTRA_SNS_2025,화장품/뷰티
340130,China,"Shanghai Yunzhuang Intertrade Co., Ltd.",,,,Importer,Chengdu,KOTRA_SNS_2025,화장품/뷰티
340130,CN,"Shanghai Yulei International Trading Co., Ltd.",,,,Importer,Chengdu,KOTRA_SNS_2025,화장품/뷰티
340130,CN,"ShangHai ZhongQing IMP.& EXP. Trade Co., Ltd.",,,,Importer,Chengdu,KOTRA_SNS_2025,화장품/뷰티
340130,CN,"Shanghai Yunzhuang Intertrade Co., Ltd.",,,,Importer,Chengdu,KOTRA_SNS_2025,화장품/뷰티
330690,CN,SHANDONG SHINDADONG INC,,,,Importer,Chengdu,KOTRA_SNS_2025,화장품/뷰티
340130,CN,Shanghai Zhome Trading Company,,,,Importer,Chengdu,KOTRA_SNS_2025,화장품/뷰티
330690,CN,Shanghai Zhome Trading Company,,,,Importer,Chengdu,KOTRA_SNS_2025,화장품/뷰티
340130,CN,"Hugee E-Supply Chain Co., Ltd.",,,,Importer,Chengdu,KOTRA_SNS_2025,화장품/뷰티
330690,CN,"Hugee E-Supply Chain Co., Ltd.",,,,Importer,Chengdu,KOTRA_SNS_2025,화장품/뷰티
330749,CN,SHANDONG SHINDADONG INC,,,,Importer,Chengdu,KOTRA_SNS_2025,화장품/뷰티
330499,Canada,Canadian natural therapists & aesthetics academy,,,,Importer,Newmarket,KOTRA_SNS_2025,화장품/뷰티
330499,United States,Lavish Queen,,,,Importer,Waldorf,KOTRA_SNS_2025,화장품/뷰티
330499,AE,Started own Business,,,,Importer,Dubai,KOTRA_SNS_2025,화장품/뷰티
330499,CA,Team Occasion Inc.,,,,Importer,Airdrie,KOTRA_SNS_2025,화장품/뷰티
330499,United Arab Emirates,Toujours,,,,Importer,Dubai,KOTRA_SNS_2025,화장품/뷰티
330499,ES,MJV,,,,Importer,Palma de Mallorca,KOTRA_SNS_2025,화장품/뷰티
330499,United States,Suuja,,,,Importer,Calexico,KOTRA_SNS_2025,화장품/뷰티
330499,Espaa,Concha martinez,,,,Importer,Yecla,KOTRA_SNS_2025,화장품/뷰티
330499,GB,Ambican uk Ltd,,,,Importer,London,KOTRA_SNS_2025,화장품/뷰티
330499,US,Smart cosmetics,,,,Importer,Justice,KOTRA_SNS_2025,화장품/뷰티
330499,MY,Management,,,,Importer,Kuala Lumpur,KOTRA_SNS_2025,화장품/뷰티
330499,MX,Vizcarro y Compaa,,,,Importer,Mxico city,KOTRA_SNS_2025,화장품/뷰티
330499,Canada,Jenn of Arch,,,,Importer,Charlottetown,KOTRA_SNS_2025,화장품/뷰티
330499,MX,Meraki Studio,,,,Importer,Mexico City,KOTRA_SNS_2025,화장품/뷰티
330499,GB,Trading tycoons ltd,,,,Importer,London,KOTRA_SNS_2025,화장품/뷰티
330499,PL,Mahdi International Co.,,,,Importer,sharjah,KOTRA_SNS_2025,화장품/뷰티
330499,MX,Farrell cosmetics,,,,Importer,monterrey,KOTRA_SNS_2025,화장품/뷰티
330499,Mxico,Psicologia/Tanatologia/Logoterapia,,,,Importer,Morelia Mich,KOTRA_SNS_2025,화장품/뷰티
330499,Espaa,SEID KOSMETICS,,,,Importer,Barcelona,KOTRA_SNS_2025,화장품/뷰티
330499,AE,kokoon,,,,Importer,Dubai,KOTRA_SNS_2025,화장품/뷰티
330499,MX,The Ritual MX,,,,Importer,Ciudad de Mxico,KOTRA_SNS_2025,화장품/뷰티
330499,GB,Affiong & TJ’s Holistic Therapy Ltd,,,,Importer,Belvedere,KOTRA_SNS_2025,화장품/뷰티
330499,GB,Business owner,,,,Importer,London,KOTRA_SNS_2025,화장품/뷰티
330499,MX,QUETRA,,,,Importer,Texcoco,KOTRA_SNS_2025,화장품/뷰티
330499,Mxico,Piel de Angel,,,,Importer,navojoa,KOTRA_SNS_2025,화장품/뷰티
330499,Barbados,Korvana,,,,Importer,Boston,KOTRA_SNS_2025,화장품/뷰티
330499,AE,UKP.ae,,,,Importer,Sharjah,KOTRA_SNS_2025,화장품/뷰티
330499,AE,Kenya Airways,,,,Importer,Dubai,KOTRA_SNS_2025,화장품/뷰티
330499,AE,Royal Healthcare trading,,,,Importer,Abu Dhabi,KOTRA_SNS_2025,화장품/뷰티
330499,GB,Holistique,,,,Importer,Chesterfield,KOTRA_SNS_2025,화장품/뷰티
330499,United Arab Emirates,Koreansouk,,,,Importer,Dubai,KOTRA_SNS_2025,화장품/뷰티
330499,Mxico,Renuella,,,,Importer,Aguascalientes,KOTRA_SNS_2025,화장품/뷰티
330499,AE,ChicHighlighters,,,,Importer,Abudhabi,KOTRA_SNS_2025,화장품/뷰티
330499,US,Herbal Supplements World LLC,,,,Importer,Chicago,KOTRA_SNS_2025,화장품/뷰티
330499,US,"Sun Mul Belle, LLC",,,,Importer,Orlando,KOTRA_SNS_2025,화장품/뷰티
330499,Великобритания,Работа не по найму,,,,Importer,London Moscow,KOTRA_SNS_2025,화장품/뷰티
330499,AE,Urbaan Store,,,,Importer,Sharjah,KOTRA_SNS_2025,화장품/뷰티
330499,Mxico,Elen,,,,Importer,Zapopan,KOTRA_SNS_2025,화장품/뷰티
330499,US,Almalik llc,,,,Importer,Mountain House,KOTRA_SNS_2025,화장품/뷰티
330499,PK,Taazon,,,,Importer,Lahore,KOTRA_SNS_2025,화장품/뷰티
330499,Malaysia,Plumeria Sdn Bhd,,,,Importer,Shah Alam,KOTRA_SNS_2025,화장품/뷰티
330499,Canada,Ava Kensington,,,,Importer,Edmonton,KOTRA_SNS_2025,화장품/뷰티
330499,IN,Abc associate,,,,Importer,Palghat,KOTRA_SNS_2025,화장품/뷰티
330499,United States,Moza Beauty LLC,,,,Importer,Madison,KOTRA_SNS_2025,화장품/뷰티
330499,MY,Own Business,,,,Importer,Sungai Buloh,KOTRA_SNS_2025,화장품/뷰티
330499,CA,Equitable PCI Bank before,,,,Importer,Makati,KOTRA_SNS_2025,화장품/뷰티
330499,AE,SAMS General Trading LLC,,,,Importer,Dubai,KOTRA_SNS_2025,화장품/뷰티
330499,United States,Rococo Salon & Boutique,,,,Importer,Visalia,KOTRA_SNS_2025,화장품/뷰티
330499,GB,Velvet Beauty Lounge,,,,Importer,Northampton,KOTRA_SNS_2025,화장품/뷰티
330499,MXICO,Gleambox,,,,Importer,Monterrey,KOTRA_SNS_2025,화장품/뷰티
330499,United Kingdom,Sorellina Clinic,,,,Importer,London,KOTRA_SNS_2025,화장품/뷰티
330499,US,CEIRD,,,,Importer,Weston,KOTRA_SNS_2025,화장품/뷰티
330499,GB,LeVraux,,,,Importer,Liverpool,KOTRA_SNS_2025,화장품/뷰티
330499,GB,Purple Rose beauty Room,,,,Importer,Camberly,KOTRA_SNS_2025,화장품/뷰티
330499,PK,MAGM Enterprises LLC,,,,Importer,dubai,KOTRA_SNS_2025,화장품/뷰티
330499,MX,Nexus,,,,Importer,Puebla City,KOTRA_SNS_2025,화장품/뷰티
330499,MX,SOLFISH,,,,Importer,Mexico City,KOTRA_SNS_2025,화장품/뷰티
330499,MX,Regalos,,,,Importer,Cancn,KOTRA_SNS_2025,화장품/뷰티
330499,Mxico,RoyalTam,,,,Importer,Mxico City,KOTRA_SNS_2025,화장품/뷰티
330499,Канада,Helenbeauty,,,,Importer,Toronto,KOTRA_SNS_2025,화장품/뷰티
330499,AE,Gateway,,,,Importer,Dubai,KOTRA_SNS_2025,화장품/뷰티
330499,Malaysia,Joeyandmom,,,,Importer,Petaling Jaya,KOTRA_SNS_2025,화장품/뷰티
330499,AE,tri state international,,,,Importer,Dubai,KOTRA_SNS_2025,화장품/뷰티
330499,Mxico,Dimotek,,,,Importer,Mexico City,KOTRA_SNS_2025,화장품/뷰티
330499,US,K cosmo beauty,,,,Importer,Honolulu,KOTRA_SNS_2025,화장품/뷰티
330499,Mexico,Colossal Lab,,,,Importer,Mexico City,KOTRA_SNS_2025,화장품/뷰티
330499,United Arab Emirates,Mehrall,,,,Importer,Dubai,KOTRA_SNS_2025,화장품/뷰티
330499,United Kingdom,Kamsi Labs,,,,Importer,London,KOTRA_SNS_2025,화장품/뷰티
330499,Mxico,Delta-Derma,,,,Importer,Colima,KOTRA_SNS_2025,화장품/뷰티
330499,Mxico,Star Premium,,,,Importer,CDMX,KOTRA_SNS_2025,화장품/뷰티
330499,US,Smile boutique NY,,,,Importer,New York,KOTRA_SNS_2025,화장품/뷰티
330499,US,XMI Supplyz Inc.,,,,Importer,Tipton,KOTRA_SNS_2025,화장품/뷰티
330499,GB,Lear Corporation,,,,Importer,Ipswich,KOTRA_SNS_2025,화장품/뷰티
330499,GB,RKBROTHERS LTD,,,,Importer,Harrow,KOTRA_SNS_2025,화장품/뷰티
330499,NEDERLAND,Guall Aesthetics,,,,Importer,Utrecht,KOTRA_SNS_2025,화장품/뷰티
330499,GB,Lime grill,,,,Importer,London,KOTRA_SNS_2025,화장품/뷰티
330499,AE,Perfect Time,,,,Importer,Dubai,KOTRA_SNS_2025,화장품/뷰티
330499,AE,driem win readmitted garmint LLC,,,,Importer,Dubai United Arab Emirates,KOTRA_SNS_2025,화장품/뷰티
330499,MX,Beyond Aesthetics,,,,Importer,Mxico,KOTRA_SNS_2025,화장품/뷰티
330499,CA,Lv medical spa,,,,Importer,Montreal,KOTRA_SNS_2025,화장품/뷰티
330499,United Arab Emirates,Sumicosmo,,,,Importer,Ajman,KOTRA_SNS_2025,화장품/뷰티
330499,Nederland,Deaumaria beheer bv,,,,Importer,Amsterdam,KOTRA_SNS_2025,화장품/뷰티
330499,AE,Susu boutique,,,,Importer,Ajmn,KOTRA_SNS_2025,화장품/뷰티
330499,GB,Life Essentials,,,,Importer,Leicester,KOTRA_SNS_2025,화장품/뷰티
330499,AE,zeesouq online service,,,,Importer,sharjah,KOTRA_SNS_2025,화장품/뷰티
330499,AE,Kenza Holdings,,,,Importer,Dubai,KOTRA_SNS_2025,화장품/뷰티
330499,US,beutywordl,,,,Importer,Orlando,KOTRA_SNS_2025,화장품/뷰티
330499,Canada,LIGWR,,,,Importer,Burlington,KOTRA_SNS_2025,화장품/뷰티
330499,United States,Skin Rejuvenation Room,,,,Importer,Lighthouse Point,KOTRA_SNS_2025,화장품/뷰티
330499,AE,Yummla General Trading LLC,,,,Importer,Dubai,KOTRA_SNS_2025,화장품/뷰티
330499,United Kingdom,MINTD Box,,,,Importer,London,KOTRA_SNS_2025,화장품/뷰티
330499,IN,Golden unicorns group,,,,Importer,Mumbai,KOTRA_SNS_2025,화장품/뷰티
330499,Spain,premier spain,,,,Importer,Barcelona,KOTRA_SNS_2025,화장품/뷰티
330499,AE,MELOR - CONTACT LOOP,,,,Importer,Dubai,KOTRA_SNS_2025,화장품/뷰티
330499,US,IBM Global Services,,,,Importer,Lawrenceville,KOTRA_SNS_2025,화장품/뷰티
330499,MY,ABYF sdn bhd,,,,Importer,Petaling Jaya,KOTRA_SNS_2025,화장품/뷰티
330499,AE,Zemawal trading LTD,,,,Importer,Dubai,KOTRA_SNS_2025,화장품/뷰티
330499,GB,Arbehypermall.com,,,,Importer,Basildon,KOTRA_SNS_2025,화장품/뷰티
330499,Espaa,Kirea beauty youth,,,,Importer,Barcelona,KOTRA_SNS_2025,화장품/뷰티
330499,Mexico,Maribel,,,,Importer,Mexico,KOTRA_SNS_2025,화장품/뷰티
330499,MY,"Kuala Lumpur, Malaysia",,,,Importer,Kuala Selangor,KOTRA_SNS_2025,화장품/뷰티
330499,MX,Julyeth,,,,Importer,Mexico City,KOTRA_SNS_2025,화장품/뷰티
330499,United Arab Emirates,Tiles,,,,Importer,Dubai,KOTRA_SNS_2025,화장품/뷰티
330499,United States,The Big Apple Shop,,,,Importer,NYC,KOTRA_SNS_2025,화장품/뷰티
330499,Togo,LAO GROUPE,,,,Importer,Dubai,KOTRA_SNS_2025,화장품/뷰티
330499,AE,Lifestyle in Cloud,,,,Importer,Dubai,KOTRA_SNS_2025,화장품/뷰티
330499,CA,Roger's Agencies Cosmetics,,,,Importer,Concord,KOTRA_SNS_2025,화장품/뷰티
330499,United Arab Emirates,Trovix FZE,,,,Importer,Dubai,KOTRA_SNS_2025,화장품/뷰티
330499,Other,Gisa skincare,,,,Importer,London,KOTRA_SNS_2025,화장품/뷰티
330499,Nederland,Gela's Products,,,,Importer,Rotterdam,KOTRA_SNS_2025,화장품/뷰티
330499,United States,Astro distributors llc. Usa,,,,Importer,Newyork,KOTRA_SNS_2025,화장품/뷰티
330499,Canada,Bruna Cabral Skincare,,,,Importer,Toronto,KOTRA_SNS_2025,화장품/뷰티
330499,Estados Unidos,MO4T,,,,Importer,Miami,KOTRA_SNS_2025,화장품/뷰티
330499,MY,People & Global Sdn Bhd,,,,Importer,Selangor,KOTRA_SNS_2025,화장품/뷰티
330499,CA,Naturel skin glow,,,,Importer,Maple Ridge,KOTRA_SNS_2025,화장품/뷰티
330499,United States,Onni skin,,,,Importer,New York,KOTRA_SNS_2025,화장품/뷰티
330499,MX,Star Trak Entertainment,,,,Importer,monterrey,KOTRA_SNS_2025,화장품/뷰티
330499,US,Lucious755,,,,Importer,Las Vegas,KOTRA_SNS_2025,화장품/뷰티
330499,UNITED STATES,Jayleen Taveras,,,,Importer,76549,KOTRA_SNS_2025,화장품/뷰티
330499,MX,onit,,,,Importer,mty,KOTRA_SNS_2025,화장품/뷰티
330499,Mxico,Uskangaskin,,,,Importer,Cancn,KOTRA_SNS_2025,화장품/뷰티
330499,United Kingdom,IMVA GROUP LTD,,,,Importer,Warrington,KOTRA_SNS_2025,화장품/뷰티
330499,Netherlands,Cheng (Mimiconceptstore),,,,Importer,Maastricht,KOTRA_SNS_2025,화장품/뷰티
330499,AE,Beaute Project FZC,,,,Importer,Dubai,KOTRA_SNS_2025,화장품/뷰티
330499,MX,Divya brow bar and beauty,,,,Importer,Ra'anana,KOTRA_SNS_2025,화장품/뷰티
330499,Nederland,Afasas Care,,,,Importer,Rotterdam,KOTRA_SNS_2025,화장품/뷰티
330499,CA,Cascadia Metals,,,,Importer,Surrey,KOTRA_SNS_2025,화장품/뷰티
330499,United States,Joseon Dynasty,,,,Importer,Denver,KOTRA_SNS_2025,화장품/뷰티
330499,United Kingdom,Iyke Ltd,,,,Importer,Nottingham,KOTRA_SNS_2025,화장품/뷰티
330499,US,,,,,Importer,Abu Shagara,KOTRA_SNS_2025,화장품/뷰티
330499,MY,Creative Creation Hub,,,,Importer,Kota Bharu,KOTRA_SNS_2025,화장품/뷰티
330499,CANADA,Luxe Beauty and Wellness Spa,,,,Importer,Oakville,KOTRA_SNS_2025,화장품/뷰티
330499,US,AFA INTL SB,,,,Importer,bangi,KOTRA_SNS_2025,화장품/뷰티
330499,MY,Erita group,,,,Importer,Petaling Jaya,KOTRA_SNS_2025,화장품/뷰티
330499,United Kingdom,An,,,,Importer,Cheated,KOTRA_SNS_2025,화장품/뷰티
330499,United Arab Emirates,Glam bay cosmetics,,,,Importer,Dubai,KOTRA_SNS_2025,화장품/뷰티
330499,United Kingdom,Eugenie Lan Anh,,,,Importer,London,KOTRA_SNS_2025,화장품/뷰티
330499,AE,Al Rawda,,,,Importer,Dubai,KOTRA_SNS_2025,화장품/뷰티
330499,CA,3D Medical Technologies Inc,,,,Importer,Vancouver,KOTRA_SNS_2025,화장품/뷰티
330499,MX,Comercit,,,,Importer,Guadalajara,KOTRA_SNS_2025,화장품/뷰티
330499,MX,Trading & Cargo SA de CV,,,,Importer,Mexico City,KOTRA_SNS_2025,화장품/뷰티
330499,United Arab Emirates,Vibrant Marketing Management,,,,Importer,Dubai,KOTRA_SNS_2025,화장품/뷰티
330499,United States,Aiden Entertainment,,,,Importer,Waldorf,KOTRA_SNS_2025,화장품/뷰티
330499,Malaysia,Lumina,,,,Importer,Kuala Lumpur,KOTRA_SNS_2025,화장품/뷰티
330499,United Kingdom,Ivd diagnostics,,,,Importer,London,KOTRA_SNS_2025,화장품/뷰티
330499,United Arab Emirates,Business Hub II,,,,Importer,Abu dhbai,KOTRA_SNS_2025,화장품/뷰티
330499,UNITED KINGDOM,Glowist skin,,,,Importer,Romford,KOTRA_SNS_2025,화장품/뷰티
330499,KW,Level perfumes,,,,Importer,Kuwait City,KOTRA_SNS_2025,화장품/뷰티
330499,CA,Kwzone solutions,,,,Importer,Calgary,KOTRA_SNS_2025,화장품/뷰티
330499,Nederland,Knowledgexy,,,,Importer,Rotterdam,KOTRA_SNS_2025,화장품/뷰티
330499,United Kingdom,Scorpean,,,,Importer,Birmingham,KOTRA_SNS_2025,화장품/뷰티
330499,Mxico,ICONIKA beauty shop,,,,Importer,Len,KOTRA_SNS_2025,화장품/뷰티
330499,MX,Cesar rodriguez,,,,Importer,Colima,KOTRA_SNS_2025,화장품/뷰티
330499,United States,Me2 Beauty,,,,Importer,Boca Raton,KOTRA_SNS_2025,화장품/뷰티
330499,NL,Kinhdoanhnuskin,,,,Importer,Eindhoven,KOTRA_SNS_2025,화장품/뷰티
330499,Mxico,Adina Ardah Mexico,,,,Importer,Len,KOTRA_SNS_2025,화장품/뷰티
330499,GB,Totally Kidz,,,,Importer,London,KOTRA_SNS_2025,화장품/뷰티
330499,UNITED KINGDOM,TBC,,,,Importer,Uk,KOTRA_SNS_2025,화장품/뷰티
330499,GB,Beauty Gene,,,,Importer,London,KOTRA_SNS_2025,화장품/뷰티
330499,Nederland,Sunbeds,,,,Importer,Amsterdam,KOTRA_SNS_2025,화장품/뷰티
330499,MY,Glamour Prestige,,,,Importer,kL,KOTRA_SNS_2025,화장품/뷰티
330499,GB,Indiatouk,,,,Importer,London,KOTRA_SNS_2025,화장품/뷰티
330499,AE,Fakhree,,,,Importer,Deira,KOTRA_SNS_2025,화장품/뷰티
330499,United Arab Emirates,Rubianna,,,,Importer,Dubai,KOTRA_SNS_2025,화장품/뷰티
330499,US,PCCC,,,,Importer,Niagara Falls,KOTRA_SNS_2025,화장품/뷰티
330499,MY,businessman,,,,Importer,Kuala Lumpur,KOTRA_SNS_2025,화장품/뷰티
330499,Mxico,"Lago Garda City Esmeralda, Torre Chicago 1702, 52930 Atizapn de Zaragoza Mxico",,,,Importer,Mexico City,KOTRA_SNS_2025,화장품/뷰티
330499,GB,LONOVE UK LIMITED,,,,Importer,London,KOTRA_SNS_2025,화장품/뷰티
330499,ALGERIA,kh,,,,Importer,Dubai,KOTRA_SNS_2025,화장품/뷰티
330499,MY,Jafran Empire Sdn Bhd,,,,Importer,Kuala Lumpur,KOTRA_SNS_2025,화장품/뷰티
330499,MX,Rehabilitacin neurologica,,,,Importer,Estado de mexico,KOTRA_SNS_2025,화장품/뷰티
330499,Mxico,Yo soy hidalgo,,,,Importer,Pachuca de Soto,KOTRA_SNS_2025,화장품/뷰티
330499,US,rich enrich usa,,,,Importer,hayward,KOTRA_SNS_2025,화장품/뷰티
330499,AE,Kglow.me,,,,Importer,DUBAI,KOTRA_SNS_2025,화장품/뷰티
330499,CA,Canada Koreans,,,,Importer,Toronto,KOTRA_SNS_2025,화장품/뷰티
330499,Mxico,Kanan SkinCare,,,,Importer,Monterrey,KOTRA_SNS_2025,화장품/뷰티
330499,LATAM,Aion,,,,Importer,Guadalajara,KOTRA_SNS_2025,화장품/뷰티
330499,Mexico,Inter skill Group,,,,Importer,Monterrey,KOTRA_SNS_2025,화장품/뷰티
330499,AE,"Dubai, United Arab Emirates",,,,Importer,Dubai,KOTRA_SNS_2025,화장품/뷰티
330499,US,GGco,,,,Importer,Miami,KOTRA_SNS_2025,화장품/뷰티
330499,MG,arzeh,,,,Importer,dubai,KOTRA_SNS_2025,화장품/뷰티
330499,United States,Skin Deep,,,,Importer,Ft Lauderdale,KOTRA_SNS_2025,화장품/뷰티
330499,United Arab Emirates,Houshmand beauty,,,,Importer,Dubai,KOTRA_SNS_2025,화장품/뷰티
330499,MY,Franevyns,,,,Importer,Bukit Mertajam,KOTRA_SNS_2025,화장품/뷰티
330499,Mxico,Las Jaras Aguas Termales,,,,Importer,Guadalajara,KOTRA_SNS_2025,화장품/뷰티
330499,Mxico,Ferriano,,,,Importer,Guadalajara,KOTRA_SNS_2025,화장품/뷰티
330499,MXICO,Jones,,,,Importer,Apodaca,KOTRA_SNS_2025,화장품/뷰티
330499,US,SYNV,,,,Importer,Los Angeles,KOTRA_SNS_2025,화장품/뷰티
330499,Mxico,Lotus Beauty Wellness,,,,Importer,Solidaridad,KOTRA_SNS_2025,화장품/뷰티
330499,GB,Purple Rose beauty Room,,,,Importer,Camberley,KOTRA_SNS_2025,화장품/뷰티
330499,Nederland,LabelC,,,,Importer,Amsterdam,KOTRA_SNS_2025,화장품/뷰티
330499,AE,Mimi Queen,,,,Importer,Abu Dhabi,KOTRA_SNS_2025,화장품/뷰티
330499,MX,Dr.Inmed,,,,Importer,Tepic,KOTRA_SNS_2025,화장품/뷰티
330499,Nederland,De Amsterdamse Huidtherapeut,,,,Importer,Amsterdam,KOTRA_SNS_2025,화장품/뷰티
330499,Malaysia,Kea Worldwide,,,,Importer,Selangor,KOTRA_SNS_2025,화장품/뷰티
330499,Mxico,Dental Laser,,,,Importer,Nogales,KOTRA_SNS_2025,화장품/뷰티
330499,MX,Bella Belle,,,,Importer,Mexico City,KOTRA_SNS_2025,화장품/뷰티
330499,Mxico,TecMan Labs,,,,Importer,Ciudad de Mxico,KOTRA_SNS_2025,화장품/뷰티
330499,United Arab Emirates,Wispl,,,,Importer,Dubai,KOTRA_SNS_2025,화장품/뷰티
330499,Mxico,Multident,,,,Importer,Tuxtla Gutirrez,KOTRA_SNS_2025,화장품/뷰티
330499,United Kingdom,byPINKLAND Ltd,,,,Importer,United Kingdom,KOTRA_SNS_2025,화장품/뷰티
330499,United Kingdom,Y.M Global,,,,Importer,Dubai,KOTRA_SNS_2025,화장품/뷰티
330499,US,onewerx,,,,Importer,New York,KOTRA_SNS_2025,화장품/뷰티
330499,United Arab Emirates,Star care,,,,Importer,Dubai,KOTRA_SNS_2025,화장품/뷰티
330499,Mxico,Andromeda,,,,Importer,Mexico,KOTRA_SNS_2025,화장품/뷰티
330499,United Arab Emirates,Rovamed Co,,,,Importer,Dubai,KOTRA_SNS_2025,화장품/뷰티
330499,AE,almurjan general trading llc,,,,Importer,Dubai,KOTRA_SNS_2025,화장품/뷰티
330499,Mxico,Grupo BECM,,,,Importer,Mexico City,KOTRA_SNS_2025,화장품/뷰티
330499,Canada,GlowbyMed,,,,Importer,Brantford,KOTRA_SNS_2025,화장품/뷰티
330499,NL,Derma Health Clinic,,,,Importer,Amsterdam,KOTRA_SNS_2025,화장품/뷰티
330499,Mxico,Milk uas,,,,Importer,San Pedro Garza Garcia,KOTRA_SNS_2025,화장품/뷰티
330499,MALAYSIA,Groovy Glam Sdn Bhd,,,,Importer,KL,KOTRA_SNS_2025,화장품/뷰티
330499,Mxico,Zya Barcelo,,,,Importer,CUAJIMALPA,KOTRA_SNS_2025,화장품/뷰티
330749,United States,Honusquare,,,,Importer,Los Angeles,KOTRA_SNS_2025,화장품/뷰티
330749,US,Like marketing,,,,Importer,West New York,KOTRA_SNS_2025,화장품/뷰티
330749,US,L.G. Peoria Facilities LLC,,,,Importer,Peoria,KOTRA_SNS_2025,화장품/뷰티
330749,US,Le Financial,,,,Importer,Westminster,KOTRA_SNS_2025,화장품/뷰티
330749,AE,SamirAbdul,,,,Importer,Dubai,KOTRA_SNS_2025,화장품/뷰티
330749,AE,Tareeq alrayan furniture and curtains trading LLC,,,,Importer,Dubai,KOTRA_SNS_2025,화장품/뷰티
330749,United Arab Emirates,Quick Cart Express,,,,Importer,Dubai,KOTRA_SNS_2025,화장품/뷰티
330749,Spain,Herradura Homes,,,,Importer,La herradura,KOTRA_SNS_2025,화장품/뷰티
330749,Mxico,Comerzia,,,,Importer,Hermosillo,KOTRA_SNS_2025,화장품/뷰티
330749,AE,na,,,,Importer,uae,KOTRA_SNS_2025,화장품/뷰티
330749,AE,PROWISE CONSULTING,,,,Importer,Dubai,KOTRA_SNS_2025,화장품/뷰티
330749,Mexico,SPAACIO Design Central,,,,Importer,CDMX,KOTRA_SNS_2025,화장품/뷰티
330749,UNITED ARAB EMIRATES,Jeen247 fz llc,,,,Importer,Dubai,KOTRA_SNS_2025,화장품/뷰티
330749,MY,go direct marketing SDN BHD,,,,Importer,Klang,KOTRA_SNS_2025,화장품/뷰티
330749,United Kingdom,Livoshoo,,,,Importer,Liverpool,KOTRA_SNS_2025,화장품/뷰티
330749,MX,Kll,,,,Importer,Morelia,KOTRA_SNS_2025,화장품/뷰티
330749,Mxico,Creayuc,,,,Importer,Mrida,KOTRA_SNS_2025,화장품/뷰티
330499,CH,"NANJING LAI YAN YOU NETWORK TECHNOLOGY CO.,LTD",,,,Importer,NANJING,KOTRA_SNS_2025,화장품/뷰티
330499,CN,"DANDONG HONG SHING TRADING CO., LTD",,,,Importer,Shenyang,KOTRA_SNS_2025,화장품/뷰티
330499,CN,"Ayu trading co., ltd.",,,,Importer,Shenyang,KOTRA_SNS_2025,화장품/뷰티
330610,CN,"Shin ho trading co., ltd.",,,,Importer,Shenyang,KOTRA_SNS_2025,화장품/뷰티
330499,ru,IE Malygina,,,,Importer,Vladivostok,KOTRA_SNS_2025,화장품/뷰티
330410,CN,"BEIJING SD GLOBAL CO., LTD",,,,Importer,Chengdu,KOTRA_SNS_2025,화장품/뷰티
330410,CN,"CHENGDU SHUTONGHECHUANG ENTERPRISE MANAGEMENT CO., LTD",,,,Importer,Chengdu,KOTRA_SNS_2025,화장품/뷰티
330410,CN,"SHANGHAI BAIKELI HANPIN INTERNATIONAL  TRADE CO., LTD",,,,Importer,Chengdu,KOTRA_SNS_2025,화장품/뷰티
330499,PH,LittleCraftyBoss,,,,Importer,Toronto,KOTRA_SNS_2025,화장품/뷰티
330499,CA,Kotra toronto,,,,Importer,Seoul,KOTRA_SNS_2025,화장품/뷰티
330499,China,Guangzhou Meiyi Cosmetics Co.,,,,Importer,Hangzhou,KOTRA_SNS_2025,화장품/뷰티
330499,China,Shantou Meini Cosmetics Co.,,,,Importer,Hangzhou,KOTRA_SNS_2025,화장품/뷰티
330499,China,Flower Ming Cosmetics Co.,,,,Importer,Hangzhou,KOTRA_SNS_2025,화장품/뷰티
330499,China,Xinjiang An Zhongxu Image Design Co.,,,,Importer,Hangzhou,KOTRA_SNS_2025,화장품/뷰티
330499,China,Mai Krypton Strontium (Shanghai) Technology Co.,,,,Importer,Hangzhou,KOTRA_SNS_2025,화장품/뷰티
330499,China,Zien International Trade,,,,Importer,Hangzhou,KOTRA_SNS_2025,화장품/뷰티
330499,China,This Morning Toothbrush,,,,Importer,Hangzhou,KOTRA_SNS_2025,화장품/뷰티
330499,China,Shipinji-Global Quality Goods Collection Center,,,,Importer,Hangzhou,KOTRA_SNS_2025,화장품/뷰티
330499,China,Giant Warehouse Global Selection of Goods,,,,Importer,Hangzhou,KOTRA_SNS_2025,화장품/뷰티
330499,China,Three Smiles Perfect Toothbrush,,,,Importer,Hangzhou,KOTRA_SNS_2025,화장품/뷰티
330499,China,Zhejiang Aishang Commodity,,,,Importer,Hangzhou,KOTRA_SNS_2025,화장품/뷰티
330499,China,Purple Selection Toothpaste Factory,,,,Importer,Hangzhou,KOTRA_SNS_2025,화장품/뷰티
330499,China,About Us,,,,Importer,Hangzhou,KOTRA_SNS_2025,화장품/뷰티
330499,China,Guangzhou Ye Cai Oral Toothpaste Cleaning Products,,,,Importer,Hangzhou,KOTRA_SNS_2025,화장품/뷰티
330499,China,Luxury Hotel Supplies Co.,,,,Importer,Hangzhou,KOTRA_SNS_2025,화장품/뷰티
330499,China,Shaoxing Chuangdong Traveling Supplies,,,,Importer,Hangzhou,KOTRA_SNS_2025,화장품/뷰티
330499,China,Hip Hip Handicrafts,,,,Importer,Hangzhou,KOTRA_SNS_2025,화장품/뷰티
330610,China,Xiyangtang,,,,Importer,Hangzhou,KOTRA_SNS_2025,화장품/뷰티
330610,China,Kapok Hotel Supplies,,,,Importer,Hangzhou,KOTRA_SNS_2025,화장품/뷰티
330610,China,Haiheng Cosmetics,,,,Importer,Hangzhou,KOTRA_SNS_2025,화장품/뷰티
330610,China,Yiwu Shunxing Commodity Firm,,,,Importer,Hangzhou,KOTRA_SNS_2025,화장품/뷰티
330610,China,Golden Medicine Toothpaste Factory,,,,Importer,Hangzhou,KOTRA_SNS_2025,화장품/뷰티
330499,CA,Anvely,,,,Importer,Vancouver,KOTRA_SNS_2025,화장품/뷰티
330410,CN,CHENGDU WUYAN ZHISHI TRADING CO LTD,,,,Importer,Chengdu,KOTRA_SNS_2025,화장품/뷰티
330749,CN,CHENGDU WUYAN ZHISHI TRADING CO LTD,,,,Importer,Chengdu,KOTRA_SNS_2025,화장품/뷰티
330499,CA,Anvely,,,,Importer,Vancouver,KOTRA_SNS_2025,화장품/뷰티
330499,CH,MYOUNGWON CO LTD,,,,Importer,BEIJING,KOTRA_SNS_2025,화장품/뷰티
330499,Trkiye,Krogman Metals BV,,,,Importer,Istanbul,KOTRA_SNS_2025,화장품/뷰티
330499,Trkiye,akel,,,,Importer,Istanbul,KOTRA_SNS_2025,화장품/뷰티
330499,CN,XIAN TZL TRADING,,,,Importer,GANSU,KOTRA_SNS_2025,화장품/뷰티
330499,US,Melihaborboleta,,,,Importer,Denver,KOTRA_SNS_2025,화장품/뷰티
330499,US,Northside Mental Health Center,,,,Importer,Tampa,KOTRA_SNS_2025,화장품/뷰티
330499,US,Modfathers,,,,Importer,Live Oak,KOTRA_SNS_2025,화장품/뷰티
330499,US,Empreendedora,,,,Importer,Deerfield Beach,KOTRA_SNS_2025,화장품/뷰티
330499,US,TTG,,,,Importer,Sheboygan,KOTRA_SNS_2025,화장품/뷰티
330499,US,Rococo Salon & Boutique,,,,Importer,Fresno,KOTRA_SNS_2025,화장품/뷰티
330499,US,University,,,,Importer,Philadelphia,KOTRA_SNS_2025,화장품/뷰티
330499,US,Medspa,,,,Importer,Grosse Pointe park,KOTRA_SNS_2025,화장품/뷰티
330499,US,FANI'S Fashion,,,,Importer,Lebanon,KOTRA_SNS_2025,화장품/뷰티
330499,US,Myself,,,,Importer,Winston Salem,KOTRA_SNS_2025,화장품/뷰티
330499,US,Kik,,,,Importer,Niceville,KOTRA_SNS_2025,화장품/뷰티
330499,US,no,,,,Importer,Detroit,KOTRA_SNS_2025,화장품/뷰티
330499,US,Private,,,,Importer,Plainfield,KOTRA_SNS_2025,화장품/뷰티
330499,US,UGC content creator,,,,Importer,Milford,KOTRA_SNS_2025,화장품/뷰티
330499,US,none,,,,Importer,Orem,KOTRA_SNS_2025,화장품/뷰티
330499,US,Spa,,,,Importer,Boston,KOTRA_SNS_2025,화장품/뷰티
330499,US,Bennett B,,,,Importer,Rochester,KOTRA_SNS_2025,화장품/뷰티
330499,US,AB Beauty,,,,Importer,Sarasota,KOTRA_SNS_2025,화장품/뷰티
330499,US,Luxe Beauty Bar,,,,Importer,Brookfield,KOTRA_SNS_2025,화장품/뷰티
330499,US,Chanel & chipotle,,,,Importer,Washington DC,KOTRA_SNS_2025,화장품/뷰티
330499,US,Aurora,,,,Importer,Kenosha,KOTRA_SNS_2025,화장품/뷰티
330499,US,Yoyo,,,,Importer,"Gaithersburg,marryland",KOTRA_SNS_2025,화장품/뷰티
330499,US,Twee&Tee,,,,Importer,Kansas City,KOTRA_SNS_2025,화장품/뷰티
330499,US,Original Genetics,,,,Importer,Alexandria,KOTRA_SNS_2025,화장품/뷰티
330499,US,Beauty,,,,Importer,Houston,KOTRA_SNS_2025,화장품/뷰티
330499,US,Mdc,,,,Importer,Miami,KOTRA_SNS_2025,화장품/뷰티
340119,US,lotsoflove,,,,Importer,Youngsville,KOTRA_SNS_2025,화장품/뷰티
340119,US,Go,,,,Importer,Mandeville,KOTRA_SNS_2025,화장품/뷰티
340119,US,Business Owner,,,,Importer,Miami,KOTRA_SNS_2025,화장품/뷰티
340119,US,Nierman,,,,Importer,Baltimore,KOTRA_SNS_2025,화장품/뷰티
340119,US,Jhairon,,,,Importer,The Bronx,KOTRA_SNS_2025,화장품/뷰티
340119,US,Applebee's Grill + Bar,,,,Importer,Kansas City,KOTRA_SNS_2025,화장품/뷰티
340119,US,Fruzia's custom glass,,,,Importer,"shirley, AR",KOTRA_SNS_2025,화장품/뷰티
340119,US,toyawobdabundles llc,,,,Importer,Port Allen,KOTRA_SNS_2025,화장품/뷰티
340119,US,DNA,,,,Importer,spring,KOTRA_SNS_2025,화장품/뷰티
340119,US,pretty1's,,,,Importer,Marion,KOTRA_SNS_2025,화장품/뷰티
340119,US,Usos,,,,Importer,Oakland Park,KOTRA_SNS_2025,화장품/뷰티
340119,US,Yes,,,,Importer,Elbow lake,KOTRA_SNS_2025,화장품/뷰티
330499,CH,WEIHAI QINGMING ELECTRONIC COMMERCE CO LTD,,,,Importer,BEIJING,KOTRA_SNS_2025,화장품/뷰티
330499,CA,Anvely,,,,Importer,VANCOUVER,KOTRA_SNS_2025,화장품/뷰티
330499,PH,LittleCraftyBoss,,,,Importer,TORONTO,KOTRA_SNS_2025,화장품/뷰티
330499,CA,Kotra toronto,,,,Importer,SEOUL,KOTRA_SNS_2025,화장품/뷰티
330499,CI,Holywig,,,,Importer,01 BP 1047,KOTRA_SNS_2025,화장품/뷰티
330499,CI,abenan group,,,,Importer,01BP1176,KOTRA_SNS_2025,화장품/뷰티
330790,CI,21 PRIMETIME,,,,Importer,01 BP 3214 ABIDJAN 01,KOTRA_SNS_2025,화장품/뷰티
330499,CI,Nour services plus,,,,Importer,05 BP 552 ABIDJAN 05,KOTRA_SNS_2025,화장품/뷰티
330790,CI,Mynas sas,,,,Importer,QUARTIER ANCIEN DABOU,KOTRA_SNS_2025,화장품/뷰티
330499,CI,watt service,,,,Importer,MANKONO,KOTRA_SNS_2025,화장품/뷰티
330790,CI,Pridecorn,,,,Importer,BP 2073 ABJ,KOTRA_SNS_2025,화장품/뷰티
330499,CI,Belle  Po de Joseph Com,,,,Importer,YOPOUGON SICOGI NON LOIN DE LA PMI,KOTRA_SNS_2025,화장품/뷰티
330790,CI,S GROUP,,,,Importer,26 BP 534 ABJ 26,KOTRA_SNS_2025,화장품/뷰티
330790,CI,SKST GROUP SA,,,,Importer,01 BP 6952 ABIDJAN 01,KOTRA_SNS_2025,화장품/뷰티
330790,CI,MANSER,,,,Importer,KOUMASSI,KOTRA_SNS_2025,화장품/뷰티
330790,CI,NIAVA CORPORATE SARLU,,,,Importer,SONGON COTE D'IVOIRE,KOTRA_SNS_2025,화장품/뷰티
330790,CI,KEO CONSULTING INTERNATIONAL,,,,Importer,YOPOUGON RSIDENTIEL,KOTRA_SNS_2025,화장품/뷰티
330790,CI,CSM,,,,Importer,BP 824 MAN,KOTRA_SNS_2025,화장품/뷰티
330499,CI,Apdpci,,,,Importer,21 BP917,KOTRA_SNS_2025,화장품/뷰티
330790,CI,Cip-v. Agro,,,,Importer,01BP514 ABIDJAN 01,KOTRA_SNS_2025,화장품/뷰티
330790,CI,sog-invest et SOCADET SCOOP CA,,,,Importer,08 BP 3604.ABIDJAN 08,KOTRA_SNS_2025,화장품/뷰티
330790,CI,eti,,,,Importer,01 ABIDJAN,KOTRA_SNS_2025,화장품/뷰티
330499,CI,GRES,,,,Importer,"ABIDJAN,MARCORY",KOTRA_SNS_2025,화장품/뷰티
330790,CI,DTprod import export,,,,Importer,ABIDJAN,KOTRA_SNS_2025,화장품/뷰티
330499,SA,sbg,,,,Importer,RIYADH,KOTRA_SNS_2025,화장품/뷰티
330499,SA,Advanced skin,,,,Importer,RIYADH,KOTRA_SNS_2025,화장품/뷰티
330499,SA,Pharmacist,,,,Importer,JEDDAH,KOTRA_SNS_2025,화장품/뷰티
330499,SA,H&A Consultants,,,,Importer,JEDDAH,KOTRA_SNS_2025,화장품/뷰티
330499,US,Pharmacist,,,,Importer,MECCA,KOTRA_SNS_2025,화장품/뷰티
330499,US,Alqtanmstfy594@gamail.com,,,,Importer,23,KOTRA_SNS_2025,화장품/뷰티
330499,EG,grand care pharma,,,,Importer,JEDDA,KOTRA_SNS_2025,화장품/뷰티
330499,SA,H,,,,Importer,DAMMAM,KOTRA_SNS_2025,화장품/뷰티
330499,SA,Rida artistry,,,,Importer,JEDDAH,KOTRA_SNS_2025,화장품/뷰티
330499,SA,stc,,,,Importer,RIYADH,KOTRA_SNS_2025,화장품/뷰티
330499,SA,Albasateen,,,,Importer,JEDDAH,KOTRA_SNS_2025,화장품/뷰티
330499,SA,Mem al sadasiyah trading,,,,Importer,JEDDAH,KOTRA_SNS_2025,화장품/뷰티
330499,SA,Promise company,,,,Importer,RIYADH,KOTRA_SNS_2025,화장품/뷰티
330499,AE,Wasfa pharmacy,,,,Importer,DUBAI,KOTRA_SNS_2025,화장품/뷰티
330499,SA,Amazon KSA,,,,Importer,MAKKAH,KOTRA_SNS_2025,화장품/뷰티
330499,SA,Life future medical,,,,Importer,JEDDAH,KOTRA_SNS_2025,화장품/뷰티
330499,SA,al Dawwa,,,,Importer,RIYADH,KOTRA_SNS_2025,화장품/뷰티
330499,SA,Romance,,,,Importer,TAIF,KOTRA_SNS_2025,화장품/뷰티
330499,SA,Prevention field,,,,Importer,RIYADH,KOTRA_SNS_2025,화장품/뷰티
330499,RU,IE Malygina,,,,Importer,VLADIVOSTOK,KOTRA_SNS_2025,화장품/뷰티
330499,RU,Oracle B&H,,,,Importer,VLADIVOSTOK,KOTRA_SNS_2025,화장품/뷰티
330790,RU,Oracle B&H,,,,Importer,VLADIVOSTOK,KOTRA_SNS_2025,화장품/뷰티
330499,RU,Oracle B&H,,,,Importer,VLADIVOSTOK,KOTRA_SNS_2025,화장품/뷰티
330499,CN,"DALIAN RONGXIN TRADING CO., LTD",,,,Importer,GANSU,KOTRA_SNS_2025,화장품/뷰티
330499,INDIA,Oneindia,,,,Importer,HYDERABAD,KOTRA_SNS_2025,화장품/뷰티
330499,INDIA,MioMio personal cosmetics India,,,,Importer,NEW DELHI,KOTRA_SNS_2025,화장품/뷰티
330499,INDIA,Biogen therapeutic pvt ltd,,,,Importer,INDORE,KOTRA_SNS_2025,화장품/뷰티
330499,IN,IndyDukaan,,,,Importer,AMBALA,KOTRA_SNS_2025,화장품/뷰티
330499,IN,HARI HARA TECH FAB INDIA,,,,Importer,BANGALORE,KOTRA_SNS_2025,화장품/뷰티
330499,UNITED STATES,Shyna export,,,,Importer,NEW DELHI,KOTRA_SNS_2025,화장품/뷰티
330499,INDIA,Rudhvee Hair And Skin Clinic,,,,Importer,FARIDABAD,KOTRA_SNS_2025,화장품/뷰티
330499,IN,Little things,,,,Importer,HYDERABAD,KOTRA_SNS_2025,화장품/뷰티
330499,IN,Moody's Analytics Knowledge Services,,,,Importer,BANGALORE,KOTRA_SNS_2025,화장품/뷰티
330499,IN,Capital Landmark,,,,Importer,HARIDWAR,KOTRA_SNS_2025,화장품/뷰티
330499,INDIA,Mokosh Skin Laser & Hair Transplant clinix,,,,Importer,LUCKNOW,KOTRA_SNS_2025,화장품/뷰티
330499,IN,Citizens Specialty Hospital,,,,Importer,HYDERABAD,KOTRA_SNS_2025,화장품/뷰티
330499,IN,Baba Enterprise,,,,Importer,VADODARA,KOTRA_SNS_2025,화장품/뷰티
330499,US,Maple Herbs Private Limited,,,,Importer,KOLKATA,KOTRA_SNS_2025,화장품/뷰티
330499,IN,Business,,,,Importer,NOIDA,KOTRA_SNS_2025,화장품/뷰티
330499,IN,Beauty Pout,,,,Importer,RISHIKESH,KOTRA_SNS_2025,화장품/뷰티
330499,INDIA,CnC_Perfumes_n_Skincae,,,,Importer,AIZAWL,KOTRA_SNS_2025,화장품/뷰티
330499,IN,Arogyasri,,,,Importer,BANGALORE,KOTRA_SNS_2025,화장품/뷰티
330499,US,m,,,,Importer,JHANSI,KOTRA_SNS_2025,화장품/뷰티
330499,IN,TBL&Academy,,,,Importer,DELHI,KOTRA_SNS_2025,화장품/뷰티
330499,IN,Shop4z.com,,,,Importer,GHAZIABAD,KOTRA_SNS_2025,화장품/뷰티
330499,IN,Divya International,,,,Importer,FARIDABAD,KOTRA_SNS_2025,화장품/뷰티
330499,INDIA,Chips Music N Films,,,,Importer,CHANDIGARH,KOTRA_SNS_2025,화장품/뷰티
330499,IN,Yozindagi (Diva Beauty Nation),,,,Importer,GHAZIABAD,KOTRA_SNS_2025,화장품/뷰티
330499,IN,Self,,,,Importer,BANGALORE,KOTRA_SNS_2025,화장품/뷰티
330499,IN,Bathmate Luxury Essential,,,,Importer,CHENNAI,KOTRA_SNS_2025,화장품/뷰티
330499,INDIA,Meanbuy,,,,Importer,HYDERABAD,KOTRA_SNS_2025,화장품/뷰티
330499,US,Wwin,,,,Importer,VELLORE,KOTRA_SNS_2025,화장품/뷰티
330499,IN,enrologies,,,,Importer,BANGALORE,KOTRA_SNS_2025,화장품/뷰티
330499,IN,Mark the label,,,,Importer,HYDERABAD,KOTRA_SNS_2025,화장품/뷰티
330499,IN,My Own Business Institute,,,,Importer,HYDERABAD,KOTRA_SNS_2025,화장품/뷰티
330499,IN,Self Employed,,,,Importer,GHAZIABAD,KOTRA_SNS_2025,화장품/뷰티
330499,US,Petronas,,,,Importer,GURGAON,KOTRA_SNS_2025,화장품/뷰티
330499,IN,RR LIFESTYLES,,,,Importer,BANGALORE,KOTRA_SNS_2025,화장품/뷰티
330499,IN,Oyster travel and tourism,,,,Importer,CHENNAI,KOTRA_SNS_2025,화장품/뷰티
330499,INDIA,Student,,,,Importer,LUDHIANA,KOTRA_SNS_2025,화장품/뷰티
330499,INDIA,businessman,,,,Importer,ERODE,KOTRA_SNS_2025,화장품/뷰티
330499,INDIA,To,,,,Importer,LUCKNOW,KOTRA_SNS_2025,화장품/뷰티
330499,IN,Nurturaa health tech pvt ltd,,,,Importer,HYDERABAD,KOTRA_SNS_2025,화장품/뷰티
330499,IN,I'm secxy and hot,,,,Importer,GUWAHATI,KOTRA_SNS_2025,화장품/뷰티
330499,IN,Glocius,,,,Importer,IMPHAL,KOTRA_SNS_2025,화장품/뷰티
330499,US,Sk,,,,Importer,CHANDIGARH,KOTRA_SNS_2025,화장품/뷰티
330499,IN,Swastha Technovations Pvt Ltd,,,,Importer,BANGALORE,KOTRA_SNS_2025,화장품/뷰티
330499,IN,Govt. civil contractor,,,,Importer,JAMMU,KOTRA_SNS_2025,화장품/뷰티
330499,IN,Mahatma Gandhi Medical College Jaipur,,,,Importer,DELHI,KOTRA_SNS_2025,화장품/뷰티
330499,IN,Kochadiyan pvt ltd,,,,Importer,BHUBANESWAR,KOTRA_SNS_2025,화장품/뷰티
330499,INDIA,Groom India Salon & Spa Pvt. ltd.,,,,Importer,CHENNAI,KOTRA_SNS_2025,화장품/뷰티
330499,IN,Riv,,,,Importer,NOIDA,KOTRA_SNS_2025,화장품/뷰티
330499,IN,Kifito,,,,Importer,HYDERABAD,KOTRA_SNS_2025,화장품/뷰티
330499,INDIA,Arpin,,,,Importer,HYDERABAD,KOTRA_SNS_2025,화장품/뷰티
330499,UNITED STATES,Katharos,,,,Importer,DELHI,KOTRA_SNS_2025,화장품/뷰티
330499,IN,medisspro -Healthcare,,,,Importer,BANGALORE,KOTRA_SNS_2025,화장품/뷰티
330499,IN,Husna,,,,Importer,BANGALORE,KOTRA_SNS_2025,화장품/뷰티
330499,IN,Lipsnglorie,,,,Importer,KOLKATA,KOTRA_SNS_2025,화장품/뷰티
330499,IN,DAS ORTHO CARE,,,,Importer,BANGALORE,KOTRA_SNS_2025,화장품/뷰티
330499,IN,Medinnova system pvt. Ltd,,,,Importer,SURAT,KOTRA_SNS_2025,화장품/뷰티
330499,IN,Anjus midas touch,,,,Importer,DELHI,KOTRA_SNS_2025,화장품/뷰티
330499,IN,Cord india,,,,Importer,DELHI,KOTRA_SNS_2025,화장품/뷰티
330499,IN,Ava medtech,,,,Importer,CHENNAI,KOTRA_SNS_2025,화장품/뷰티
330499,IN,Private Dental practice,,,,Importer,ERODE,KOTRA_SNS_2025,화장품/뷰티
330499,UNITED STATES,Kuja Care,,,,Importer,HARYANA,KOTRA_SNS_2025,화장품/뷰티
330499,INDIA,Royal Beauty Equipments Pvt Ltd,,,,Importer,DELHI,KOTRA_SNS_2025,화장품/뷰티
330499,INDIA,GS,,,,Importer,BANGALORE,KOTRA_SNS_2025,화장품/뷰티
330499,INDIA,Mycovation,,,,Importer,MYSORE,KOTRA_SNS_2025,화장품/뷰티
330499,IN,High Court of Jammu Kashmir & Ladakh,,,,Importer,JAMMU,KOTRA_SNS_2025,화장품/뷰티
330499,IN,Adwaitpr,,,,Importer,ALLAHABAD,KOTRA_SNS_2025,화장품/뷰티
330499,IN,no,,,,Importer,AGARTALA,KOTRA_SNS_2025,화장품/뷰티
330499,IN,SFA,,,,Importer,SURAT,KOTRA_SNS_2025,화장품/뷰티
330499,IN,Moon and Mars overseas pvt Ltd,,,,Importer,LUCKNOW,KOTRA_SNS_2025,화장품/뷰티
330499,IN,KaRthikeyapharma,,,,Importer,HYDERABAD,KOTRA_SNS_2025,화장품/뷰티
330499,INDIA,Arjun toys & Furniture,,,,Importer,NOIDA,KOTRA_SNS_2025,화장품/뷰티
330499,IN,Blyie - beauti store,,,,Importer,DELHI,KOTRA_SNS_2025,화장품/뷰티
330499,IN,economic green,,,,Importer,KOLKATA,KOTRA_SNS_2025,화장품/뷰티
330499,IN,Unique enterprises,,,,Importer,CHENNAI,KOTRA_SNS_2025,화장품/뷰티
330499,IN,Pyrgos Fragrances LLP,,,,Importer,NEW DELHI,KOTRA_SNS_2025,화장품/뷰티
330499,IN,Ambitec,,,,Importer,HYDERABAD,KOTRA_SNS_2025,화장품/뷰티
330499,IN,Thribhu inc,,,,Importer,HYDERABAD,KOTRA_SNS_2025,화장품/뷰티
330499,IN,BDO in INDIA,,,,Importer,GURUGRAM,KOTRA_SNS_2025,화장품/뷰티
330499,INDIA,musician,,,,Importer,HYDERABAD,KOTRA_SNS_2025,화장품/뷰티
330499,IN,Nathurmal Marketing Pvt Ltd,,,,Importer,MOIRA,KOTRA_SNS_2025,화장품/뷰티
330499,IN,AESTHETIC DERMAL INDIA PVT LTD,,,,Importer,DELHI,KOTRA_SNS_2025,화장품/뷰티
330499,INDIA,Dr. Ishita’s Skin Clinic,,,,Importer,SURAT,KOTRA_SNS_2025,화장품/뷰티
330499,IN,Student,,,,Importer,KANPUR,KOTRA_SNS_2025,화장품/뷰티
330499,IN,idhant corporation Pvt Ltd,,,,Importer,LUCKNOW,KOTRA_SNS_2025,화장품/뷰티
330499,IN,Allahbad infra_tech,,,,Importer,LUCKNOW,KOTRA_SNS_2025,화장품/뷰티
330499,IN,kps medical solutions Pvt Ltd,,,,Importer,AMBALA,KOTRA_SNS_2025,화장품/뷰티
330499,INDIA,Worthycart.,,,,Importer,GURUGRAM,KOTRA_SNS_2025,화장품/뷰티
330499,IN,Twine Digital,,,,Importer,NEW DELHI,KOTRA_SNS_2025,화장품/뷰티
330499,IN,Surya,,,,Importer,LUCKNOW,KOTRA_SNS_2025,화장품/뷰티
330499,IN,Om Shubh,,,,Importer,ALLAHABAD,KOTRA_SNS_2025,화장품/뷰티
330499,INDIA,Nghahfak,,,,Importer,AIZAWL,KOTRA_SNS_2025,화장품/뷰티
330499,INDIA,GURU KIRPA TELELINKs,,,,Importer,AMRITSAR,KOTRA_SNS_2025,화장품/뷰티
330499,INDIA,Happy deals,,,,Importer,FARIDABAD,KOTRA_SNS_2025,화장품/뷰티
330499,IN,Taupe Lifestyle Private Limited,,,,Importer,LUDHIANA,KOTRA_SNS_2025,화장품/뷰티
330499,IN,WHA cosmetology and Aesthetics Pvt ltd,,,,Importer,HYDERABAD,KOTRA_SNS_2025,화장품/뷰티
330499,IN,HIBA,,,,Importer,VISAKHAPATNAM,KOTRA_SNS_2025,화장품/뷰티
330499,US,Skyn bolt,,,,Importer,CHENNAI,KOTRA_SNS_2025,화장품/뷰티
330499,MY,Anusha enterprises,,,,Importer,TANUKU,KOTRA_SNS_2025,화장품/뷰티
330499,IN,glow craft remedies,,,,Importer,HYDERABAD,KOTRA_SNS_2025,화장품/뷰티
330499,IN,S k rao,,,,Importer,HYDERABAD,KOTRA_SNS_2025,화장품/뷰티
330499,INDIA,Adomour,,,,Importer,CHANDIGARH,KOTRA_SNS_2025,화장품/뷰티
330499,IN,UV Cosmetic World,,,,Importer,RAJKOT,KOTRA_SNS_2025,화장품/뷰티
330499,INDIA,,,,,Importer,LUDHIANA,KOTRA_SNS_2025,화장품/뷰티
330499,INDIA,Pee Safe,,,,Importer,GURUGRAM,KOTRA_SNS_2025,화장품/뷰티
330499,IN,Bshopy,,,,Importer,NOIDA,KOTRA_SNS_2025,화장품/뷰티
330499,INDIA,Sociale&Co,,,,Importer,CHENNAI,KOTRA_SNS_2025,화장품/뷰티
330499,FRANCE,Get in touch,,,,Importer,BANGALORE,KOTRA_SNS_2025,화장품/뷰티
330499,INDIA,Dotus healthcare,,,,Importer,AMRITSAR,KOTRA_SNS_2025,화장품/뷰티
330499,IN,Leskly beauty,,,,Importer,KOLKATA,KOTRA_SNS_2025,화장품/뷰티
330499,IN,Oriolemed.com,,,,Importer,TRIVANDRUM,KOTRA_SNS_2025,화장품/뷰티
330499,IN,8188886788,,,,Importer,LUCKNOW,KOTRA_SNS_2025,화장품/뷰티
330499,IN,Medo,,,,Importer,HYDERABAD,KOTRA_SNS_2025,화장품/뷰티
330499,IN,Zenvy,,,,Importer,VIJAYAWADA,KOTRA_SNS_2025,화장품/뷰티
330499,IN,NIM pharmaceuticals,,,,Importer,IMPHAL,KOTRA_SNS_2025,화장품/뷰티
330499,INDIA,Va Retails,,,,Importer,MEERUT,KOTRA_SNS_2025,화장품/뷰티
330499,AE,Talwinder Trading co,,,,Importer,GURDASPUR,KOTRA_SNS_2025,화장품/뷰티
330499,SG,l,,,,Importer,SINGAPORE,KOTRA_SNS_2025,화장품/뷰티
330499,BRASIL,FDC,,,,Importer,SO PAULO,KOTRA_SNS_2025,화장품/뷰티
330499,TH,"Trading Design Co., Ltd.",,,,Importer,BANGKOK,KOTRA_SNS_2025,화장품/뷰티
330499,PK,Ns,,,,Importer,KARACHI,KOTRA_SNS_2025,화장품/뷰티
330499,PK,Eliana radiance,,,,Importer,KOHAT,KOTRA_SNS_2025,화장품/뷰티
330499,PK,..,,,,Importer,KARACHI,KOTRA_SNS_2025,화장품/뷰티
330499,PK,leorian,,,,Importer,BAHAWALPUR,KOTRA_SNS_2025,화장품/뷰티
330499,PK,nb,,,,Importer,LAHORE,KOTRA_SNS_2025,화장품/뷰티
330499,PK,The Skin Matters,,,,Importer,LAHORE,KOTRA_SNS_2025,화장품/뷰티
330499,PK,pharmazon,,,,Importer,PESHAWAR,KOTRA_SNS_2025,화장품/뷰티
330499,PK,usman enterprise,,,,Importer,KARACHI,KOTRA_SNS_2025,화장품/뷰티
330499,PK,Hafiz Traders,,,,Importer,HAFIZABAD,KOTRA_SNS_2025,화장품/뷰티
330499,PK,Cherry's Dot,,,,Importer,SIALKOT,KOTRA_SNS_2025,화장품/뷰티
330499,PK,Shinwari Global Trading Company PVT ltd,,,,Importer,PESHAWAR,KOTRA_SNS_2025,화장품/뷰티
330499,PK,Slaman Discount Shop,,,,Importer,CHARSADDA,KOTRA_SNS_2025,화장품/뷰티
330499,PK,Silya Group of Companies,,,,Importer,KARACHI,KOTRA_SNS_2025,화장품/뷰티
330499,PK,khan,,,,Importer,JHANG SADAR,KOTRA_SNS_2025,화장품/뷰티
330499,PK,A&Ns cosmetics,,,,Importer,LAHORE,KOTRA_SNS_2025,화장품/뷰티
330499,PK,Professional Supply Solutions Pvt Ltd.,,,,Importer,LAHORE,KOTRA_SNS_2025,화장품/뷰티
330499,PK,Mazanto,,,,Importer,KARACHI,KOTRA_SNS_2025,화장품/뷰티
330499,PK,Jinn Personal Care,,,,Importer,KARACHI,KOTRA_SNS_2025,화장품/뷰티
330499,PK,GHP,,,,Importer,LAHORE,KOTRA_SNS_2025,화장품/뷰티
330499,PK,M/S SABA TRADERS,,,,Importer,HYDERABAD SINDH,KOTRA_SNS_2025,화장품/뷰티
330499,PK,Orah,,,,Importer,KARACHI,KOTRA_SNS_2025,화장품/뷰티
330499,PK,No company,,,,Importer,CHINA TIANJIN,KOTRA_SNS_2025,화장품/뷰티
330499,PK,ever.pure,,,,Importer,KARACHI,KOTRA_SNS_2025,화장품/뷰티
330499,PK,Radisence,,,,Importer,LAHORE,KOTRA_SNS_2025,화장품/뷰티
330499,PK,FENDORI.com,,,,Importer,MULTAN,KOTRA_SNS_2025,화장품/뷰티
330499,PK,Ns,,,,Importer,KARACHI,KOTRA_SNS_2025,화장품/뷰티
330499,PK,Beauty bank,,,,Importer,KARACHI,KOTRA_SNS_2025,화장품/뷰티
330499,PK,Eliana radiance,,,,Importer,KOHAT,KOTRA_SNS_2025,화장품/뷰티
330499,PK,m&d international,,,,Importer,KARACHI,KOTRA_SNS_2025,화장품/뷰티
330499,PK,Glow Skin and style Hub,,,,Importer,ISLAMABAD,KOTRA_SNS_2025,화장품/뷰티
330499,PK,All worlds Successfull Businesses,,,,Importer,QUETTA BALOCHISTAN PAKISTAN,KOTRA_SNS_2025,화장품/뷰티
330499,PK,Kitchen foods,,,,Importer,FAISALABAD,KOTRA_SNS_2025,화장품/뷰티
330499,PK,deutech skin care,,,,Importer,ISLAMABAD,KOTRA_SNS_2025,화장품/뷰티
330499,PK,NUR Essentials,,,,Importer,LAHORE,KOTRA_SNS_2025,화장품/뷰티
330499,PK,metlife health care,,,,Importer,LAHORE,KOTRA_SNS_2025,화장품/뷰티
330499,PK,My Vitamin Store,,,,Importer,LAHORE,KOTRA_SNS_2025,화장품/뷰티
330499,PK,..,,,,Importer,KARACHI,KOTRA_SNS_2025,화장품/뷰티
330499,PK,oracle,,,,Importer,KARACHI,KOTRA_SNS_2025,화장품/뷰티
330499,PK,leorian,,,,Importer,BAHAWALPUR,KOTRA_SNS_2025,화장품/뷰티
330499,PK,nb,,,,Importer,LAHORE,KOTRA_SNS_2025,화장품/뷰티
330499,PK,The Skin Matters,,,,Importer,LAHORE,KOTRA_SNS_2025,화장품/뷰티
330499,PK,Mohid Tech SMC Private Limited,,,,Importer,FAISALABAD,KOTRA_SNS_2025,화장품/뷰티
330499,PK,Invegora,,,,Importer,KARACHI,KOTRA_SNS_2025,화장품/뷰티
330499,PK,khurram autos,,,,Importer,LAHORE,KOTRA_SNS_2025,화장품/뷰티
330499,PK,A.Q. Chemical,,,,Importer,LAHORE,KOTRA_SNS_2025,화장품/뷰티
330499,PK,nectar,,,,Importer,FSD,KOTRA_SNS_2025,화장품/뷰티
330499,PK,Gillani shopping center,,,,Importer,KHANEWAL,KOTRA_SNS_2025,화장품/뷰티
330499,PK,ayoub,,,,Importer,GUJRANWALA,KOTRA_SNS_2025,화장품/뷰티
330499,PK,D town pharmacy,,,,Importer,GUJRAT,KOTRA_SNS_2025,화장품/뷰티
330499,PK,RubyRyze online Store,,,,Importer,RAWALPINDI,KOTRA_SNS_2025,화장품/뷰티
330499,PK,Uzair and Company,,,,Importer,ISLAMABAD,KOTRA_SNS_2025,화장품/뷰티
330499,PK,Qurat,,,,Importer,LAHORE,KOTRA_SNS_2025,화장품/뷰티
330499,PK,Rigga,,,,Importer,KARACHI,KOTRA_SNS_2025,화장품/뷰티
330499,PK,Silver Fox Enterprises,,,,Importer,LAHORE,KOTRA_SNS_2025,화장품/뷰티
330499,PK,Rahat Impex,,,,Importer,ZIA,KOTRA_SNS_2025,화장품/뷰티
330499,PK,Elfin,,,,Importer,LAHORE,KOTRA_SNS_2025,화장품/뷰티
330499,PK,MS Chemist,,,,Importer,LAHORE,KOTRA_SNS_2025,화장품/뷰티
330499,PK,no,,,,Importer,FAISALABAD,KOTRA_SNS_2025,화장품/뷰티
330499,PK,Aster life sciences,,,,Importer,LAHORE,KOTRA_SNS_2025,화장품/뷰티
330499,PK,Noon,,,,Importer,KARACHI,KOTRA_SNS_2025,화장품/뷰티
330499,PK,Soapify,,,,Importer,RAWALPINDI,KOTRA_SNS_2025,화장품/뷰티
330499,PK,kotra,,,,Importer,KARACHI,KOTRA_SNS_2025,화장품/뷰티
330499,PK,Researcher,,,,Importer,KARACHI,KOTRA_SNS_2025,화장품/뷰티
330499,PK,UNIQUE TRADER,,,,Importer,KARACHI,KOTRA_SNS_2025,화장품/뷰티
330499,PK,Xcelerate,,,,Importer,KARACHI,KOTRA_SNS_2025,화장품/뷰티
330499,PK,Burgen Cosmetics Pvt Ltd,,,,Importer,LAHORE,KOTRA_SNS_2025,화장품/뷰티
330499,PK,pharmazon,,,,Importer,PESHAWAR,KOTRA_SNS_2025,화장품/뷰티
330499,PK,Ms brothers int,,,,Importer,ISLAMABAD,KOTRA_SNS_2025,화장품/뷰티
330499,PK,nigaarii,,,,Importer,KARACHI,KOTRA_SNS_2025,화장품/뷰티
330499,PK,We,,,,Importer,LAHORE,KOTRA_SNS_2025,화장품/뷰티
330499,PK,RS Trading Intl,,,,Importer,LAHORE,KOTRA_SNS_2025,화장품/뷰티
330499,PK,colour flow,,,,Importer,KARACHI,KOTRA_SNS_2025,화장품/뷰티
330499,PK,kathuria Brothers,,,,Importer,KARACHI,KOTRA_SNS_2025,화장품/뷰티
330499,PK,Bukhari business Solutions,,,,Importer,ISLAMABAD PAKISTAN,KOTRA_SNS_2025,화장품/뷰티
330499,PK,naturals beauty,,,,Importer,LAHORE,KOTRA_SNS_2025,화장품/뷰티
330499,PK,Femmesphere.site,,,,Importer,ISLAMABAD,KOTRA_SNS_2025,화장품/뷰티
330499,PK,Desire de cure,,,,Importer,LAHORE,KOTRA_SNS_2025,화장품/뷰티
330499,PK,Bliss aura,,,,Importer,KHANPUR,KOTRA_SNS_2025,화장품/뷰티
330499,PK,usman enterprise,,,,Importer,KARACHI,KOTRA_SNS_2025,화장품/뷰티
330499,PK,Hafiz Traders,,,,Importer,HAFIZABAD,KOTRA_SNS_2025,화장품/뷰티
330499,PK,Cherry's Dot,,,,Importer,SIALKOT,KOTRA_SNS_2025,화장품/뷰티
330499,PK,EFF AM INTERNATIONAL,,,,Importer,SIALKOT,KOTRA_SNS_2025,화장품/뷰티
330499,PK,Shinwari Global Trading Company PVT ltd,,,,Importer,PESHAWAR,KOTRA_SNS_2025,화장품/뷰티
330499,PK,BURAQ TRADERS,,,,Importer,ISLAMABAD,KOTRA_SNS_2025,화장품/뷰티
330499,PK,SkinTec,,,,Importer,LAHORE,KOTRA_SNS_2025,화장품/뷰티
330499,PK,,,,,Importer,KARACHI,KOTRA_SNS_2025,화장품/뷰티
330499,PK,MIZ COSMETICS,,,,Importer,KARACHI,KOTRA_SNS_2025,화장품/뷰티
330499,PK,Skinlite Enterprises,,,,Importer,ISLAMABAD,KOTRA_SNS_2025,화장품/뷰티
330499,PK,jabbar healthcare,,,,Importer,SIALKOT,KOTRA_SNS_2025,화장품/뷰티
330499,PK,Fleur,,,,Importer,LAHORE,KOTRA_SNS_2025,화장품/뷰티
330499,PK,yytttt,,,,Importer,GHHHHHYYY,KOTRA_SNS_2025,화장품/뷰티
330499,PK,flipcart.com,,,,Importer,FLOP PRODUCTS,KOTRA_SNS_2025,화장품/뷰티
330499,PK,Mk digital design solution,,,,Importer,LAHORE,KOTRA_SNS_2025,화장품/뷰티
330499,PK,Rao,,,,Importer,HYDERABAD,KOTRA_SNS_2025,화장품/뷰티
330499,PK,Brooklyn United World Wide,,,,Importer,LAHORE,KOTRA_SNS_2025,화장품/뷰티
330499,PK,Slaman Discount Shop,,,,Importer,CHARSADDA,KOTRA_SNS_2025,화장품/뷰티
330499,PK,Silya Group of Companies,,,,Importer,KARACHI,KOTRA_SNS_2025,화장품/뷰티
330499,US,cutABove,,,,Importer,BRADFORD,KOTRA_SNS_2025,화장품/뷰티
330499,US,Fruzia's custom glass,,,,Importer,"SHIRLEY, AR",KOTRA_SNS_2025,화장품/뷰티
330499,US,Huh,,,,Importer,LOUISVILLE,KOTRA_SNS_2025,화장품/뷰티
330499,US,Disabled,,,,Importer,"NEW BERN, NC",KOTRA_SNS_2025,화장품/뷰티
330499,US,Christinas Creations,,,,Importer,LOGANSPORT,KOTRA_SNS_2025,화장품/뷰티
330499,US,Gmans Plumbing,,,,Importer,HORTON,KOTRA_SNS_2025,화장품/뷰티
330499,US,Self employed,,,,Importer,LAS VEGAS,KOTRA_SNS_2025,화장품/뷰티
330499,US,TTG,,,,Importer,SHEBOYGAN,KOTRA_SNS_2025,화장품/뷰티
330499,US,BarberShop custom vinyl and design,,,,Importer,TAYLOR,KOTRA_SNS_2025,화장품/뷰티
330499,US,kittens,,,,Importer,BLUFF CITY TN,KOTRA_SNS_2025,화장품/뷰티
330499,US,Goodwins Best,,,,Importer,HAYDEN,KOTRA_SNS_2025,화장품/뷰티
340119,US,Facial Series,,,,Importer,ATLANTA,KOTRA_SNS_2025,화장품/뷰티
340119,US,Headley’s Solon and Spa,,,,Importer,NORTH EAST,KOTRA_SNS_2025,화장품/뷰티
340119,US,Koch Foods,,,,Importer,FOREST,KOTRA_SNS_2025,화장품/뷰티
340119,US,Yoyo,,,,Importer,"GAITHERSBURG,MARRYLAND",KOTRA_SNS_2025,화장품/뷰티
340130,DE,Muhammad,,,,Importer,FRANKFURT,KOTRA_SNS_2025,화장품/뷰티
330499,RS,Botelli d.o.o.,,,,Importer,BEOGRADE,KOTRA_SNS_2025,화장품/뷰티
340130,RS,ЧARNA,,,,Importer,BELGRADE,KOTRA_SNS_2025,화장품/뷰티
340130,US,Mewing ltd,,,,Importer,BELGRADE,KOTRA_SNS_2025,화장품/뷰티
340130,MX,Relnia,,,,Importer,AGUASCALIENTES,KOTRA_SNS_2025,화장품/뷰티
340130,US,Deedahbeautybar,,,,Importer,LAGOS,KOTRA_SNS_2025,화장품/뷰티
340130,MX,Amarce Beauty,,,,Importer,MAZATLAN,KOTRA_SNS_2025,화장품/뷰티
340130,SG,Calandria Spa,,,,Importer,SINGAPORE,KOTRA_SNS_2025,화장품/뷰티
340130,US,Golden penny logistics,,,,Importer,DALLAS,KOTRA_SNS_2025,화장품/뷰티
340130,MX,Intopromex sa de cv,,,,Importer,ZACATECAS,KOTRA_SNS_2025,화장품/뷰티
340130,MX,Takeshita,,,,Importer,MONTERREY,KOTRA_SNS_2025,화장품/뷰티
340130,US,NICX GROUP - Brand Distributors,,,,Importer,IRVINE,KOTRA_SNS_2025,화장품/뷰티
340130,US,QTBUT,,,,Importer,CHICAGO,KOTRA_SNS_2025,화장품/뷰티
340130,MX,Melissa,,,,Importer,IRAPUATO,KOTRA_SNS_2025,화장품/뷰티
340130,MX,K-Pretty,,,,Importer,GUADALAJARA,KOTRA_SNS_2025,화장품/뷰티
340130,MX,Schwarzkopf Professional Mxico,,,,Importer,QUERTARO,KOTRA_SNS_2025,화장품/뷰티
340130,US,Oyoko Skincare,,,,Importer,NEW YORK,KOTRA_SNS_2025,화장품/뷰티
340130,MX,personal,,,,Importer,GUADALAJARA,KOTRA_SNS_2025,화장품/뷰티
340130,US,j corp,,,,Importer,AURORA,KOTRA_SNS_2025,화장품/뷰티
340130,US,Entrepeneur/PRO HMUA,,,,Importer,MINNEAPOLIS,KOTRA_SNS_2025,화장품/뷰티
340130,MX,Foodmate B.V.,,,,Importer,ESTADO DE MXICO,KOTRA_SNS_2025,화장품/뷰티
340130,MX,Beautier Mexico,,,,Importer,COLIMA,KOTRA_SNS_2025,화장품/뷰티
330499,MX,Renuella,,,,Importer,AGUASCALIENTES,KOTRA_SNS_2025,화장품/뷰티
340130,MX,Rarepabeaty,,,,Importer,CDMX,KOTRA_SNS_2025,화장품/뷰티
340130,MX,Belleza Touch Saln,,,,Importer,CDMX,KOTRA_SNS_2025,화장품/뷰티
340130,MX,GOD'S Ministry on EARTH.,,,,Importer,MONTERREY,KOTRA_SNS_2025,화장품/뷰티
340130,MX,BC clinik,,,,Importer,METEPEC,KOTRA_SNS_2025,화장품/뷰티
340130,MX,Merari,,,,Importer,MEXICO,KOTRA_SNS_2025,화장품/뷰티
340130,MX,Maria fernanda jimenez,,,,Importer,MONTERREY,KOTRA_SNS_2025,화장품/뷰티
340130,MX,Blush & Glow,,,,Importer,MEXICO CITY,KOTRA_SNS_2025,화장품/뷰티
340130,US,Mdc group,,,,Importer,LOS ANGELES,KOTRA_SNS_2025,화장품/뷰티
340130,MX,SCIMED,,,,Importer,TIJUANA,KOTRA_SNS_2025,화장품/뷰티
340130,MX,Skinklinik Med Spa,,,,Importer,MEXICO CITY,KOTRA_SNS_2025,화장품/뷰티
340130,US,RN,,,,Importer,CLIFTON,KOTRA_SNS_2025,화장품/뷰티
330499,BR,Global Healthcare Access,,,,Importer,RIO DE JANEIRO,KOTRA_SNS_2025,화장품/뷰티
340130,MX,Skincore,,,,Importer,HERMOSILLO,KOTRA_SNS_2025,화장품/뷰티
330499,BR,Medexpress,,,,Importer,FORTALEZA,KOTRA_SNS_2025,화장품/뷰티
340130,BR,courierbrasilexpress.com.br,,,,Importer,SO PAULO,KOTRA_SNS_2025,화장품/뷰티
340130,BR,Capsexpress,,,,Importer,ESTRELA,KOTRA_SNS_2025,화장품/뷰티
340130,BR,Bela Beleza,,,,Importer,VITRIA DA CONQUISTA,KOTRA_SNS_2025,화장품/뷰티
340130,MX,Venture Quest,,,,Importer,LEN,KOTRA_SNS_2025,화장품/뷰티
330499,BR,Robson Ribeiro Pereira,,,,Importer,GUARULHOS,KOTRA_SNS_2025,화장품/뷰티
340130,MX,Afterglow,,,,Importer,MEXICO,KOTRA_SNS_2025,화장품/뷰티
340130,BR,Brasil,,,,Importer,COLORADO,KOTRA_SNS_2025,화장품/뷰티
340130,MX,Yallah Mexico,,,,Importer,TOLUCA DE LERDO,KOTRA_SNS_2025,화장품/뷰티
340130,BR,Ally,,,,Importer,SO PAULO,KOTRA_SNS_2025,화장품/뷰티
340130,BR,I dont,,,,Importer,UBERLNDIA,KOTRA_SNS_2025,화장품/뷰티
340130,BR,Brol Brands,,,,Importer,SO PAULO,KOTRA_SNS_2025,화장품/뷰티
340130,MX,Fulares y ms: Oli Mommy,,,,Importer,MONTERREY,KOTRA_SNS_2025,화장품/뷰티
340130,MX,Schering-Plough,,,,Importer,MEXICO CITY,KOTRA_SNS_2025,화장품/뷰티
340130,BR,CTDELIA,,,,Importer,SO PAULO,KOTRA_SNS_2025,화장품/뷰티
340130,MX,EQP,,,,Importer,MEXICO CITY,KOTRA_SNS_2025,화장품/뷰티
340130,BR,SEDEC - Secretaria de Estado do Desenvolvimento Econmico,,,,Importer,PRTO VELHO,KOTRA_SNS_2025,화장품/뷰티
340130,BR,Salutz,,,,Importer,CAXIAS DO SUL,KOTRA_SNS_2025,화장품/뷰티
340130,MX,El dia perfecto,,,,Importer,MEXICALI,KOTRA_SNS_2025,화장품/뷰티
330499,MX,MOBIZ 2 COMMERCE,,,,Importer,MEXICO CITY,KOTRA_SNS_2025,화장품/뷰티
340130,MX,Remo,,,,Importer,MONTERREY,KOTRA_SNS_2025,화장품/뷰티
340130,MX,Belleza Chic,,,,Importer,TLAXCALA,KOTRA_SNS_2025,화장품/뷰티
340130,IN,,,,,Importer,GURUGRAM,KOTRA_SNS_2025,화장품/뷰티
340130,IN,Radikem biotech,,,,Importer,BANGALORE,KOTRA_SNS_2025,화장품/뷰티
340130,IN,Team24,,,,Importer,GOA,KOTRA_SNS_2025,화장품/뷰티
340130,IN,Saint cologne,,,,Importer,DELHI,KOTRA_SNS_2025,화장품/뷰티
340130,IN,Idea Cellular Ltd.,,,,Importer,FARIDABAD,KOTRA_SNS_2025,화장품/뷰티
340130,IN,"M.S. University of baroda, technology faculty",,,,Importer,VADODARA,KOTRA_SNS_2025,화장품/뷰티
340130,IN,Shining You,,,,Importer,BANGALORE,KOTRA_SNS_2025,화장품/뷰티
340130,IN,Badshaa Traders,,,,Importer,PATNA,KOTRA_SNS_2025,화장품/뷰티
340130,AE,ORCA FZE,,,,Importer,AL AJMAN,KOTRA_SNS_2025,화장품/뷰티
340130,IN,EthixElite Lifesciences Private Limited,,,,Importer,CHANDIGARH,KOTRA_SNS_2025,화장품/뷰티
340130,IN,MUMUSO India,,,,Importer,KOLKATA,KOTRA_SNS_2025,화장품/뷰티
340130,IN,,,,,Importer,KOLKATA,KOTRA_SNS_2025,화장품/뷰티
340130,IN,Insi,,,,Importer,HYDERABAD,KOTRA_SNS_2025,화장품/뷰티
340130,IN,Wanderstruck.in,,,,Importer,BANGALORE,KOTRA_SNS_2025,화장품/뷰티
340130,IN,Sarwa farms,,,,Importer,NEW DELHI,KOTRA_SNS_2025,화장품/뷰티
340130,AE,Markaz,,,,Importer,DUBAI,KOTRA_SNS_2025,화장품/뷰티
340130,IN,Dr. Ishita’s Skin Clinic,,,,Importer,SURAT,KOTRA_SNS_2025,화장품/뷰티
340130,AE,Koreansouk,,,,Importer,DUBAI,KOTRA_SNS_2025,화장품/뷰티
340130,IN,Anjusmriti Educare LLP,,,,Importer,DELHI,KOTRA_SNS_2025,화장품/뷰티
330499,IN,Harsha Relocations,,,,Importer,VIZAG,KOTRA_SNS_2025,화장품/뷰티
340130,IN,Study,,,,Importer,RAJKOT,KOTRA_SNS_2025,화장품/뷰티
340130,IN,Kgn silk creation,,,,Importer,VARANASI,KOTRA_SNS_2025,화장품/뷰티
340130,IN,NK CONSULTANTS,,,,Importer,DELHI,KOTRA_SNS_2025,화장품/뷰티
340130,IN,JCG INC,,,,Importer,CHENNAI,KOTRA_SNS_2025,화장품/뷰티
340130,IN,Gx medical ashram,,,,Importer,HARYANA,KOTRA_SNS_2025,화장품/뷰티
330499,IN,AESTHETIC DERMAL INDIA PVT LTD,,,,Importer,DELHI,KOTRA_SNS_2025,화장품/뷰티
340130,IN,,,,,Importer,LUDHIANA,KOTRA_SNS_2025,화장품/뷰티
340130,IN,TRINARA ORGANICS,,,,Importer,GURGAON,KOTRA_SNS_2025,화장품/뷰티
340130,IN,Rashmitraders,,,,Importer,GANGTOK,KOTRA_SNS_2025,화장품/뷰티
330499,IN,TAMS,,,,Importer,CHENNAI,KOTRA_SNS_2025,화장품/뷰티
340130,IN,Jewelry shop,,,,Importer,PATNA,KOTRA_SNS_2025,화장품/뷰티
340130,IN,PARAMOUNT FP PVT LTD,,,,Importer,KOTTAYAM,KOTRA_SNS_2025,화장품/뷰티
340130,IN,Madras Medical College,,,,Importer,COIMBATORE,KOTRA_SNS_2025,화장품/뷰티
340130,US,rean gallery,,,,Importer,CALICUT,KOTRA_SNS_2025,화장품/뷰티
340130,IN,Globetize Importers & Exporters,,,,Importer,SURAT,KOTRA_SNS_2025,화장품/뷰티
330499,CH,DMCC - Dubai Multi Commodities Centre,,,,Importer,ZRICH,KOTRA_SNS_2025,화장품/뷰티
330499,IN,shanti automobiles,,,,Importer,GURUGRAM,KOTRA_SNS_2025,화장품/뷰티
340130,IN,YouTube,,,,Importer,KOCHI,KOTRA_SNS_2025,화장품/뷰티
340130,IN,Capgemini,,,,Importer,BANGALORE,KOTRA_SNS_2025,화장품/뷰티
340130,IN,Jindal steels,,,,Importer,GHAZIABAD,KOTRA_SNS_2025,화장품/뷰티
340130,IN,Belencci,,,,Importer,MORADABAD,KOTRA_SNS_2025,화장품/뷰티
340130,IN,Businessman,,,,Importer,AMRITSAR,KOTRA_SNS_2025,화장품/뷰티
340130,IN,Bubble lush,,,,Importer,LUDHIANA,KOTRA_SNS_2025,화장품/뷰티
340130,IN,Anjus midas touch,,,,Importer,DELHI,KOTRA_SNS_2025,화장품/뷰티
340130,IN,Purpur Media,,,,Importer,DELHI,KOTRA_SNS_2025,화장품/뷰티
340130,IN,Worthy Cart,,,,Importer,GURUGRAM,KOTRA_SNS_2025,화장품/뷰티
340130,IN,RR LIFESTYLES,,,,Importer,BANGALORE,KOTRA_SNS_2025,화장품/뷰티
340130,IN,Atc,,,,Importer,DELHI,KOTRA_SNS_2025,화장품/뷰티
340130,IN,Adwaitpr,,,,Importer,ALLAHABAD,KOTRA_SNS_2025,화장품/뷰티
340130,IN,Rotana Logistics Private Limited,,,,Importer,VISAKHAPATNAM,KOTRA_SNS_2025,화장품/뷰티
340130,US,Kuja Care,,,,Importer,HARYANA,KOTRA_SNS_2025,화장품/뷰티
340130,IN,Distancecoding,,,,Importer,KOLKATA,KOTRA_SNS_2025,화장품/뷰티
340130,IN,Jetre,,,,Importer,SURAT,KOTRA_SNS_2025,화장품/뷰티
340130,IN,Yashoda group,,,,Importer,DELHI,KOTRA_SNS_2025,화장품/뷰티
330499,IN,Brain Mind Behaviour Neurosciences Research Institute,,,,Importer,VISAKHAPATNAM,KOTRA_SNS_2025,화장품/뷰티
340130,IN,Maverick International LLP,,,,Importer,DUBAI,KOTRA_SNS_2025,화장품/뷰티
340130,IN,Evanico cosmetics pvt ltd,,,,Importer,DELHI,KOTRA_SNS_2025,화장품/뷰티
340130,IN,Fresher,,,,Importer,BANGALORE,KOTRA_SNS_2025,화장품/뷰티
330749,CI,Mdia-Com,,,,Importer,ABIDJAN,KOTRA_SNS_2025,화장품/뷰티
330790,CI,21 PRIMETIME,,,,Importer,ABIDJAN,KOTRA_SNS_2025,화장품/뷰티
330499,CH,WEIHAI QINGMING ELECTRONIC COMMERCE CO LTD,,,,Importer,BEIJING,KOTRA_SNS_2025,화장품/뷰티
340130,PK,English factory,,,,Importer,LAHORE,KOTRA_SNS_2025,화장품/뷰티
330499,PK,Al Ameen,,,,Importer,KARACHI,KOTRA_SNS_2025,화장품/뷰티
340130,PK,https://www.instagram.com/elles_passion/profilecard/igsh=MW1xaTlqejEzZDVyNA==,,,,Importer,KARACHI,KOTRA_SNS_2025,화장품/뷰티
340130,PK,Hafiz Fabrics,,,,Importer,LAHORE,KOTRA_SNS_2025,화장품/뷰티
340130,PK,none,,,,Importer,PESHAWAR,KOTRA_SNS_2025,화장품/뷰티
340130,PK,Safrin skin care,,,,Importer,LAHORE,KOTRA_SNS_2025,화장품/뷰티
340130,PK,Student Beans,,,,Importer,MULTAN,KOTRA_SNS_2025,화장품/뷰티
340130,PK,Facebook,,,,Importer,QFDDV,KOTRA_SNS_2025,화장품/뷰티
340130,PK,Entrepreneur ME,,,,Importer,LAHORE,KOTRA_SNS_2025,화장품/뷰티
340130,US,Arteriorz,,,,Importer,ISLAMABAD,KOTRA_SNS_2025,화장품/뷰티
340130,PK,Reem Girls Hostel,,,,Importer,RAWALPINDI,KOTRA_SNS_2025,화장품/뷰티
340130,PK,Sapphire Fibres Ltd,,,,Importer,SHEIKHUPURA,KOTRA_SNS_2025,화장품/뷰티
340130,PK,cms beauty mart,,,,Importer,LAHORE,KOTRA_SNS_2025,화장품/뷰티
330499,PK,khawaja international,,,,Importer,KARACHI,KOTRA_SNS_2025,화장품/뷰티
340130,PK,Pak Azer Dostluq Co. MMC Azerbaijan,,,,Importer,WAH CANTT,KOTRA_SNS_2025,화장품/뷰티
340130,PK,Inno Tech MCR limited,,,,Importer,LAHORE,KOTRA_SNS_2025,화장품/뷰티
340130,PK,Wah College of Accountancy & Science - kamra cantt,,,,Importer,WAH NEW CITY PH#2 A BLOOK,KOTRA_SNS_2025,화장품/뷰티
340130,ID,Neulife,,,,Importer,BANDUNG,KOTRA_SNS_2025,화장품/뷰티
340130,AE,Parishey Marketing,,,,Importer,LAHORE,KOTRA_SNS_2025,화장품/뷰티
340130,PK,Ali Enterprises,,,,Importer,KARACHI,KOTRA_SNS_2025,화장품/뷰티
340130,PK,Keysol Global,,,,Importer,LAHORE,KOTRA_SNS_2025,화장품/뷰티
340130,US,business woman,,,,Importer,KARACHI,KOTRA_SNS_2025,화장품/뷰티
330499,ZA,private,,,,Importer,CAPE TOWN,KOTRA_SNS_2025,화장품/뷰티
340130,GB,Studying,,,,Importer,FAISALABAD,KOTRA_SNS_2025,화장품/뷰티
330499,PK,Momentum Ventures Pvt Ltd,,,,Importer,ISLAMABAD,KOTRA_SNS_2025,화장품/뷰티
340130,PK,Dressup,,,,Importer,KARACHI,KOTRA_SNS_2025,화장품/뷰티
340130,PK,Beautymints,,,,Importer,ISLAMABAD,KOTRA_SNS_2025,화장품/뷰티
340130,PK,incise industries,,,,Importer,SIALKOT,KOTRA_SNS_2025,화장품/뷰티
340130,PK,the Stithify,,,,Importer,KARACHI,KOTRA_SNS_2025,화장품/뷰티
340130,PK,Self Employed,,,,Importer,LAHORE,KOTRA_SNS_2025,화장품/뷰티
340130,PK,Student,,,,Importer,KARACHI,KOTRA_SNS_2025,화장품/뷰티
340130,US,parike enterprises,,,,Importer,KARACHI,KOTRA_SNS_2025,화장품/뷰티
340130,ID,pt dnd kirim indonesia,,,,Importer,JAKARTA,KOTRA_SNS_2025,화장품/뷰티
340130,PK,Masterkey,,,,Importer,KARACHI,KOTRA_SNS_2025,화장품/뷰티
340130,PK,Buyonzz,,,,Importer,MULTAN,KOTRA_SNS_2025,화장품/뷰티
340130,ZA,Docrat,,,,Importer,JOHANNESBURG,KOTRA_SNS_2025,화장품/뷰티
330499,PK,Afshan clinic,,,,Importer,RAWALPINDI,KOTRA_SNS_2025,화장품/뷰티
330499,PK,price plz  this tells us about direct and indirect bilirubin levels,,,,Importer,SADIQABAD,KOTRA_SNS_2025,화장품/뷰티
340130,ZA,Jeconomic,,,,Importer,CAPE TOWN,KOTRA_SNS_2025,화장품/뷰티
340130,PK,Maryana,,,,Importer,KARACHI,KOTRA_SNS_2025,화장품/뷰티
340130,GB,Arta Capital Partners Ltd UK,,,,Importer,LONDON,KOTRA_SNS_2025,화장품/뷰티
340130,PK,Sapphire Textile Mills Weaving Unit,,,,Importer,LAHORE,KOTRA_SNS_2025,화장품/뷰티
340130,PK,Raza traders,,,,Importer,LAHORE,KOTRA_SNS_2025,화장품/뷰티
340130,PK,Vision pro,,,,Importer,GUJRANWALA,KOTRA_SNS_2025,화장품/뷰티
330499,PK,Labcare Enterprises,,,,Importer,CHARSADDA,KOTRA_SNS_2025,화장품/뷰티
340130,PK,imran traders,,,,Importer,KARACHI,KOTRA_SNS_2025,화장품/뷰티
340130,PK,Business Owner,,,,Importer,DARYA KHAN,KOTRA_SNS_2025,화장품/뷰티
340130,PK,AHR Enterprises,,,,Importer,KARACHI,KOTRA_SNS_2025,화장품/뷰티
330499,PK,Bestever Instruments,,,,Importer,SIALKOT,KOTRA_SNS_2025,화장품/뷰티
340130,PK,majeed enterprises,,,,Importer,SEND DETAILS,KOTRA_SNS_2025,화장품/뷰티
340130,PK,Almas textile industry,,,,Importer,LAHORE,KOTRA_SNS_2025,화장품/뷰티
340130,PK,Mahwish,,,,Importer,SUKKUR,KOTRA_SNS_2025,화장품/뷰티
330499,PK,,,,,Importer,KARACHI,KOTRA_SNS_2025,화장품/뷰티
340130,PK,karachi dawakhana,,,,Importer,KARACHI,KOTRA_SNS_2025,화장품/뷰티
340130,PK,Zahid Abid and Co,,,,Importer,KARACHI,KOTRA_SNS_2025,화장품/뷰티
340130,PK,fbaspot,,,,Importer,ABBOTTABAD,KOTRA_SNS_2025,화장품/뷰티
340130,PK,Procurement & Sourcing,,,,Importer,KARACHI,KOTRA_SNS_2025,화장품/뷰티
330499,US,PT Sant Brothers Indonesia,,,,Importer,INDONESIA,KOTRA_SNS_2025,화장품/뷰티
340130,ID,Herdeal,,,,Importer,JAKARTA,KOTRA_SNS_2025,화장품/뷰티
340130,PK,zaheen kamran jewellery,,,,Importer,LAHORE,KOTRA_SNS_2025,화장품/뷰티
340130,PK,Anymatic Studio,,,,Importer,LAHORE,KOTRA_SNS_2025,화장품/뷰티
340130,ZA,npc,,,,Importer,OVERSTRAND,KOTRA_SNS_2025,화장품/뷰티
330499,PK,mashaallah traders,,,,Importer,KARACHI,KOTRA_SNS_2025,화장품/뷰티
330499,PK,Allied schools,,,,Importer,LOOKOUT,KOTRA_SNS_2025,화장품/뷰티
340130,PK,Shanawar Industries,,,,Importer,SIALKOT,KOTRA_SNS_2025,화장품/뷰티
340130,PK,Rameezullah,,,,Importer,MARDAN KPK,KOTRA_SNS_2025,화장품/뷰티
340130,PK,Modtech Engineering,,,,Importer,LAHORE,KOTRA_SNS_2025,화장품/뷰티
340130,PK,A.R SONS (PVT) LTD 3shesh mehal Road Lahore,,,,Importer,LAHORE,KOTRA_SNS_2025,화장품/뷰티
340130,PK,Revalotion,,,,Importer,KARACHI,KOTRA_SNS_2025,화장품/뷰티
340130,PK,LandTrack.pk,,,,Importer,KARACHI,KOTRA_SNS_2025,화장품/뷰티
340130,PK,Lords Consultant,,,,Importer,MULTAN,KOTRA_SNS_2025,화장품/뷰티
340130,PK,Glossland,,,,Importer,MULTAN,KOTRA_SNS_2025,화장품/뷰티
330499,PK,Amazehut LLC,,,,Importer,PHILADELPHIA,KOTRA_SNS_2025,화장품/뷰티
330499,PK,RANA IMMIGRATION SERVICES,,,,Importer,GUJRANWALA,KOTRA_SNS_2025,화장품/뷰티
340130,ZA,Wayward World Pty Ltd,,,,Importer,SOSHANGUVE,KOTRA_SNS_2025,화장품/뷰티
330499,PK,"Amina Corporation, Rawalpindi, Pakistan",,,,Importer,RAWALPINDI,KOTRA_SNS_2025,화장품/뷰티
340130,PK,Golden Line Ropa Deportiva,,,,Importer,ISLAMABAD,KOTRA_SNS_2025,화장품/뷰티
340130,SG,to be started,,,,Importer,SINGAPORE,KOTRA_SNS_2025,화장품/뷰티
340130,US,Shopify,,,,Importer,KARACHI,KOTRA_SNS_2025,화장품/뷰티
340130,PK,Knittex Buying Services Pakistan,,,,Importer,KARACHI,KOTRA_SNS_2025,화장품/뷰티
330499,PK,Abaid Sons,,,,Importer,RAWALPINDI,KOTRA_SNS_2025,화장품/뷰티
340130,PK,Abc,,,,Importer,LAHORE,KOTRA_SNS_2025,화장품/뷰티
340130,PK,Adeena Technologies,,,,Importer,KARACHI,KOTRA_SNS_2025,화장품/뷰티
340130,PK,KAF,,,,Importer,QUETTA,KOTRA_SNS_2025,화장품/뷰티
340130,ZA,Na,,,,Importer,CAPE TOWN,KOTRA_SNS_2025,화장품/뷰티
340130,US,Truly Komal Cosmetics,,,,Importer,KARACHI,KOTRA_SNS_2025,화장품/뷰티
340130,PK,business,,,,Importer,LAHORE. BAHRIA TOWN & DHA LAHORE,KOTRA_SNS_2025,화장품/뷰티
330499,ZA,Lisco,,,,Importer,PRETORIA,KOTRA_SNS_2025,화장품/뷰티
340130,PK,Fortua International Private Limited,,,,Importer,KARACHI,KOTRA_SNS_2025,화장품/뷰티
340130,PK,Bin Shameem,,,,Importer,KARACHI,KOTRA_SNS_2025,화장품/뷰티
340130,ZA,ELYSIAN,,,,Importer,MIDRAND,KOTRA_SNS_2025,화장품/뷰티
340130,PK,Bahria University - Karachi Campus,,,,Importer,KARACHI,KOTRA_SNS_2025,화장품/뷰티
340130,PK,staroos,,,,Importer,KARACHI,KOTRA_SNS_2025,화장품/뷰티
340130,PK,BLOOM PAK,,,,Importer,KARACHI,KOTRA_SNS_2025,화장품/뷰티
330499,ZA,S A FIRE WATCH,,,,Importer,CAPE TOWN,KOTRA_SNS_2025,화장품/뷰티
340130,FR,Raheem Trader,,,,Importer,GUJRANWALA,KOTRA_SNS_2025,화장품/뷰티
340130,PK,bath studio,,,,Importer,FAISALABAD,KOTRA_SNS_2025,화장품/뷰티
340130,PK,Facebook,,,,Importer,LAHORE,KOTRA_SNS_2025,화장품/뷰티
340130,PK,Aguira International,,,,Importer,LAHORE,KOTRA_SNS_2025,화장품/뷰티
340130,US,babn,,,,Importer,USA,KOTRA_SNS_2025,화장품/뷰티
340130,PK,Barack traders,,,,Importer,SIALKOT,KOTRA_SNS_2025,화장품/뷰티
340130,CA,World Trade Developers Inc,,,,Importer,TORONTO,KOTRA_SNS_2025,화장품/뷰티
340130,PK,Persona Leather Industries,,,,Importer,SAMBRIAL,KOTRA_SNS_2025,화장품/뷰티
340130,PK,Shahzad International,,,,Importer,LAHORE,KOTRA_SNS_2025,화장품/뷰티
340130,AE,PariVish,,,,Importer,KARACHI,KOTRA_SNS_2025,화장품/뷰티
340130,PK,Facebook,,,,Importer,LAHORE,KOTRA_SNS_2025,화장품/뷰티
340130,PK,Daniyal Enterprise,,,,Importer,KARACHI,KOTRA_SNS_2025,화장품/뷰티
330499,PK,Ultratec,,,,Importer,SIALKOT,KOTRA_SNS_2025,화장품/뷰티
340130,AE,Bilal Enterprises,,,,Importer,KARACHI,KOTRA_SNS_2025,화장품/뷰티
340130,AE,Fairplay Entrepreneur,,,,Importer,KARACHI,KOTRA_SNS_2025,화장품/뷰티
340130,ID,PT Telesindo,,,,Importer,JAKARTA,KOTRA_SNS_2025,화장품/뷰티
340130,PK,Self Employed,,,,Importer,LAHORE,KOTRA_SNS_2025,화장품/뷰티
330499,PK,surface finishing/roop nikhar,,,,Importer,LAHORE,KOTRA_SNS_2025,화장품/뷰티
340130,PK,Online Quran Teacher Molana Peer Rahim Uddin Chitrali,,,,Importer,LAHORE,KOTRA_SNS_2025,화장품/뷰티
340130,ID,Baby-sitter,,,,Importer,MALANG,KOTRA_SNS_2025,화장품/뷰티
340130,PK,knot by ksm,,,,Importer,KARACHI,KOTRA_SNS_2025,화장품/뷰티
330499,PK,Weimer Corporation,,,,Importer,KARACHI,KOTRA_SNS_2025,화장품/뷰티
340130,PK,Cherry Kids,,,,Importer,KARACHI,KOTRA_SNS_2025,화장품/뷰티
340130,PK,shahid fitness sports,,,,Importer,SIALKOT,KOTRA_SNS_2025,화장품/뷰티
340130,PK,Rafiq Sweets and Bakers,,,,Importer,LAHORE,KOTRA_SNS_2025,화장품/뷰티
340130,PK,adchrome,,,,Importer,KARACHI,KOTRA_SNS_2025,화장품/뷰티
340130,PK,Maxel laboratories,,,,Importer,ISLAMABAD,KOTRA_SNS_2025,화장품/뷰티
340130,BR,Vip Entrega Rapida Ltda,,,,Importer,RECIFE,KOTRA_SNS_2025,화장품/뷰티
340130,BR,Passion 4 Beauty,,,,Importer,CURITIBA,KOTRA_SNS_2025,화장품/뷰티
340130,MX,AutoZone,,,,Importer,MONTERREY,KOTRA_SNS_2025,화장품/뷰티
340130,BR,Itallian Hairtech,,,,Importer,CAMPINAS,KOTRA_SNS_2025,화장품/뷰티
330499,BR,Next Equipamentos Odontomdicos e Estticos,,,,Importer,CAMPO GRANDE,KOTRA_SNS_2025,화장품/뷰티
340130,MX,orion trade,,,,Importer,CANCN,KOTRA_SNS_2025,화장품/뷰티
340130,BR,Sorvetes Rochinha,,,,Importer,SO PAULO,KOTRA_SNS_2025,화장품/뷰티
340130,US,HF,,,,Importer,SAN FRANCISCO,KOTRA_SNS_2025,화장품/뷰티
340130,US,Little Reminders Shop,,,,Importer,PHILADELPHIA,KOTRA_SNS_2025,화장품/뷰티
340130,US,Diskarteng Pinoy's,,,,Importer,OAKLAND,KOTRA_SNS_2025,화장품/뷰티
340130,IN,TATA-Singapore Airlines,,,,Importer,GURUGRAM,KOTRA_SNS_2025,화장품/뷰티
340130,US,businessman,,,,Importer,DELHI,KOTRA_SNS_2025,화장품/뷰티
340130,IN,IndiaMART,,,,Importer,GHAZIABAD,KOTRA_SNS_2025,화장품/뷰티
340130,US,F,,,,Importer,DUBAI,KOTRA_SNS_2025,화장품/뷰티
340130,IN,"Ghaziabad, India",,,,Importer,GHAZIABAD,KOTRA_SNS_2025,화장품/뷰티
340130,IN,BEBE AROME,,,,Importer,VIJAYAWADA,KOTRA_SNS_2025,화장품/뷰티
340130,IN,Synergy International,,,,Importer,NOIDA,KOTRA_SNS_2025,화장품/뷰티
340130,IN,Travel monster,,,,Importer,SURAT,KOTRA_SNS_2025,화장품/뷰티
340130,US,axix india group,,,,Importer,KOLKATA,KOTRA_SNS_2025,화장품/뷰티
340130,IN,Alimaze,,,,Importer,KOLKATA,KOTRA_SNS_2025,화장품/뷰티
340130,IN,Hits Collection,,,,Importer,KOTA,KOTRA_SNS_2025,화장품/뷰티
340130,IN,bridiant trading & marketing (p) ltd,,,,Importer,KOLKATA,KOTRA_SNS_2025,화장품/뷰티
330499,IN,Kerry Indev,,,,Importer,CHENNAI,KOTRA_SNS_2025,화장품/뷰티
340130,IN,Beauty Plus Enterprise,,,,Importer,BHUJ,KOTRA_SNS_2025,화장품/뷰티
340130,US,India,,,,Importer,DELHI,KOTRA_SNS_2025,화장품/뷰티
340130,US,Mmd enterprises,,,,Importer,KOTA,KOTRA_SNS_2025,화장품/뷰티
340130,IN,Beauty Villa,,,,Importer,GHAZIABAD,KOTRA_SNS_2025,화장품/뷰티
340130,IN,Elements 5,,,,Importer,CHENNAI,KOTRA_SNS_2025,화장품/뷰티
340130,IN,shafa garments and cosmetics,,,,Importer,CHENNAI,KOTRA_SNS_2025,화장품/뷰티
340130,IN,Starhome,,,,Importer,CHENNAI,KOTRA_SNS_2025,화장품/뷰티
340130,IN,Bizmithra,,,,Importer,VIJAYAWADA,KOTRA_SNS_2025,화장품/뷰티
330499,IN,Yash,,,,Importer,SURAT,KOTRA_SNS_2025,화장품/뷰티
340130,IN,yet to open,,,,Importer,BANGALORE,KOTRA_SNS_2025,화장품/뷰티
340130,IN,Manav,,,,Importer,NEW DELHI,KOTRA_SNS_2025,화장품/뷰티
340130,IN,Tata Tinplate,,,,Importer,GHAZIABAD,KOTRA_SNS_2025,화장품/뷰티
340130,IN,SaffornArt,,,,Importer,DELHI,KOTRA_SNS_2025,화장품/뷰티
340130,IN,Atos,,,,Importer,VADODARA,KOTRA_SNS_2025,화장품/뷰티
340130,IN,Go Hawk Overseas Consultants Pvt. Ltd,,,,Importer,CHENNAI,KOTRA_SNS_2025,화장품/뷰티
340130,IN,Mehul,,,,Importer,JAMMU,KOTRA_SNS_2025,화장품/뷰티
340130,IN,Mickey,,,,Importer,KOLKATA,KOTRA_SNS_2025,화장품/뷰티
340130,IN,Self,,,,Importer,DIMAPUR,KOTRA_SNS_2025,화장품/뷰티
340130,IN,GalacticTripper Brands Private Limited,,,,Importer,COIMBATORE,KOTRA_SNS_2025,화장품/뷰티
330499,US,not till now,,,,Importer,DELHI,KOTRA_SNS_2025,화장품/뷰티
340130,IN,Sudha international,,,,Importer,DELHI,KOTRA_SNS_2025,화장품/뷰티
340130,IN,Bcpl India,,,,Importer,DELHI,KOTRA_SNS_2025,화장품/뷰티
340130,VN,GCP,,,,Importer,HO CHI MINH CITY,KOTRA_SNS_2025,화장품/뷰티
340130,IN,Tata,,,,Importer,BANGALORE,KOTRA_SNS_2025,화장품/뷰티
340130,IN,"Coimbatore, Tamilnadu",,,,Importer,COIMBATORE,KOTRA_SNS_2025,화장품/뷰티
340130,IN,Opulent aesthetics,,,,Importer,BANGALORE,KOTRA_SNS_2025,화장품/뷰티
340130,IN,Skinnvita,,,,Importer,BANGALORE,KOTRA_SNS_2025,화장품/뷰티
340130,PK,Unofficial AI,,,,Importer,HISAR,KOTRA_SNS_2025,화장품/뷰티
340130,IN,Mahi madan India pvt Ltd,,,,Importer,DELHI,KOTRA_SNS_2025,화장품/뷰티
330499,IN,UmRaN  dI  sAaNjH hOvE  yAaR  TeRe NaAl,,,,Importer,AMRITSAR,KOTRA_SNS_2025,화장품/뷰티
340130,IN,@topnotch_multistore,,,,Importer,GURUGRAM,KOTRA_SNS_2025,화장품/뷰티
340130,IN,Yoshima Enterprise's,,,,Importer,BANGALORE,KOTRA_SNS_2025,화장품/뷰티
340130,IN,Cargo brigade,,,,Importer,DELHI,KOTRA_SNS_2025,화장품/뷰티
340130,IN,,,,,Importer,BANGALORE,KOTRA_SNS_2025,화장품/뷰티
340130,IN,Accenture,,,,Importer,DELHI,KOTRA_SNS_2025,화장품/뷰티
340130,IN,Xencore Global,,,,Importer,GREATER NOIDA,KOTRA_SNS_2025,화장품/뷰티
340130,IN,Manufacturing,,,,Importer,LUCKNOW,KOTRA_SNS_2025,화장품/뷰티
340130,IN,Pooja Goel's Khoobsurat,,,,Importer,DELHI,KOTRA_SNS_2025,화장품/뷰티
340130,IN,BYD HairDope Professional,,,,Importer,NOIDA,KOTRA_SNS_2025,화장품/뷰티
340130,IN,Bling tree,,,,Importer,GURGAON,KOTRA_SNS_2025,화장품/뷰티
330499,US,RMH MEDICAL AGENCIES,,,,Importer,CHANDIGARH,KOTRA_SNS_2025,화장품/뷰티
330499,IN,Hype India,,,,Importer,GURUGRAM,KOTRA_SNS_2025,화장품/뷰티
340130,IN,DXC Technology,,,,Importer,CHENNAI,KOTRA_SNS_2025,화장품/뷰티
340130,IN,Indosin,,,,Importer,DELHI,KOTRA_SNS_2025,화장품/뷰티
330499,IN,Prime Group,,,,Importer,BANGALORE,KOTRA_SNS_2025,화장품/뷰티
340130,IN,Leela Traders,,,,Importer,DELHI,KOTRA_SNS_2025,화장품/뷰티
340130,IN,"B.A Pol, science hons. from university of delhi",,,,Importer,DELHI,KOTRA_SNS_2025,화장품/뷰티
340130,IN,Laadli,,,,Importer,HYDERABAD,KOTRA_SNS_2025,화장품/뷰티
340130,IN,Sahaj Essentials,,,,Importer,GANDHINAGAR,KOTRA_SNS_2025,화장품/뷰티
330499,IN,"Navodaya Dental College,Raichur",,,,Importer,RAJKOT,KOTRA_SNS_2025,화장품/뷰티
340130,IN,Unique Fancy World,,,,Importer,CHENNAI,KOTRA_SNS_2025,화장품/뷰티
330499,US,Endeavour Global Group,,,,Importer,KOLKATA,KOTRA_SNS_2025,화장품/뷰티
340130,IN,FiC India,,,,Importer,GURGAON,KOTRA_SNS_2025,화장품/뷰티
340130,IN,U and I Resources Pvt. Ltd,,,,Importer,SURAT,KOTRA_SNS_2025,화장품/뷰티
340130,IN,What,,,,Importer,GWALIOR,KOTRA_SNS_2025,화장품/뷰티
340111,DE,UT Technologies PTE.LTD,,,,Importer,HAMBURG,KOTRA_SNS_2025,화장품/뷰티
340111,DE,Asyad Drydock Company LLC,,,,Importer,HAMBURG,KOTRA_SNS_2025,화장품/뷰티
340111,DE,Green Marine,,,,Importer,HAMBURG,KOTRA_SNS_2025,화장품/뷰티
340111,DE,Kpler,,,,Importer,HAMBURG,KOTRA_SNS_2025,화장품/뷰티
340111,DE,RPS ELECTRONICS,,,,Importer,HAMBURG,KOTRA_SNS_2025,화장품/뷰티
340111,DE,CHOWGULE SBD,,,,Importer,HAMBURG,KOTRA_SNS_2025,화장품/뷰티
340111,DE,Nihon Shipyard Co.LTD,,,,Importer,HAMBURG,KOTRA_SNS_2025,화장품/뷰티
340111,DE,Master System,,,,Importer,HAMBURG,KOTRA_SNS_2025,화장품/뷰티
340111,DE,AVATEC,,,,Importer,HAMBURG,KOTRA_SNS_2025,화장품/뷰티
340111,DE,SM marains,,,,Importer,HAMBURG,KOTRA_SNS_2025,화장품/뷰티
340111,DE,Jihai Marine&Offshore Engineering Co.Ltd,,,,Importer,HAMBURG,KOTRA_SNS_2025,화장품/뷰티
340111,DE,Oceanking,,,,Importer,HAMBURG,KOTRA_SNS_2025,화장품/뷰티
340111,DE,Platinum Samandy,,,,Importer,HAMBURG,KOTRA_SNS_2025,화장품/뷰티
340111,DE,MAN Energy Solutions,,,,Importer,HAMBURG,KOTRA_SNS_2025,화장품/뷰티
340111,DE,LIEF MARINE SERVICE LTD,,,,Importer,HAMBURG,KOTRA_SNS_2025,화장품/뷰티
340111,DE,ENGGINIUM,,,,Importer,HAMBURG,KOTRA_SNS_2025,화장품/뷰티
340111,DE,atoz group eu,,,,Importer,HAMBURG,KOTRA_SNS_2025,화장품/뷰티
340111,DE,Desin,,,,Importer,HAMBURG,KOTRA_SNS_2025,화장품/뷰티
340111,DE,Dragon Marine Service,,,,Importer,HAMBURG,KOTRA_SNS_2025,화장품/뷰티
340111,DE,SKF,,,,Importer,HAMBURG,KOTRA_SNS_2025,화장품/뷰티
340111,RU,"Intecos Co., Ltd",,,,Importer,VLADIVOSTOK,KOTRA_SNS_2025,화장품/뷰티
340111,RU,IE Malygina,,,,Importer,VLADIVOSTOK,KOTRA_SNS_2025,화장품/뷰티
340111,RU,IE Krekhova,,,,Importer,VLADIVOSTOK,KOTRA_SNS_2025,화장품/뷰티
340111,RU,IE Krekhova,,,,Importer,VLADIVOSTOK,KOTRA_SNS_2025,화장품/뷰티
340111,RU,IE Krekhova,,,,Importer,VLADIVOSTOK,KOTRA_SNS_2025,화장품/뷰티
340111,RU,IE Krekhova,,,,Importer,VLADIVOSTOK,KOTRA_SNS_2025,화장품/뷰티
340111,RU,IE Krekhova,,,,Importer,VLADIVOSTOK,KOTRA_SNS_2025,화장품/뷰티
340111,RU,IE Krekhova,,,,Importer,VLADIVOSTOK,KOTRA_SNS_2025,화장품/뷰티
340111,RU,"Intecos Co., Ltd",,,,Importer,VLADIVOSTOK,KOTRA_SNS_2025,화장품/뷰티
340111,RU,"Global Treid Pro Co., Ltd.",,,,Importer,VLADIVOSTOK,KOTRA_SNS_2025,화장품/뷰티
340111,RU,"Global Treid Pro Co., Ltd.",,,,Importer,VLADIVOSTOK,KOTRA_SNS_2025,화장품/뷰티
340111,RU,IE Malygina,,,,Importer,VLADIVOSTOK,KOTRA_SNS_2025,화장품/뷰티
340111,RU,IE Malygina,,,,Importer,VLADIVOSTOK,KOTRA_SNS_2025,화장품/뷰티
340111,RU,IE Malygina,,,,Importer,VLADIVOSTOK,KOTRA_SNS_2025,화장품/뷰티
340111,RU,IE Malygina,,,,Importer,VLADIVOSTOK,KOTRA_SNS_2025,화장품/뷰티
340111,RU,IE Malygina,,,,Importer,VLADIVOSTOK,KOTRA_SNS_2025,화장품/뷰티
340111,CH,SHANDONG SHINDADONG INC,,,,Importer,CHENGDU,KOTRA_SNS_2025,화장품/뷰티
340111,MX,Personal,,,,Importer,MEXICO CITY,KOTRA_SNS_2025,화장품/뷰티
340111,IN,Dutch farm,,,,Importer,NEW DELHI,KOTRA_SNS_2025,화장품/뷰티
340111,CN,"WeiHai Nongxin Trading Co., Ltd",,,,Importer,HARBIN,KOTRA_SNS_2025,화장품/뷰티
340111,CN,"WeiHai Nongxin Trading Co., Ltd",,,,Importer,HARBIN,KOTRA_SNS_2025,화장품/뷰티
340111,CH,WANZHONGCHENG DALIAN CO LTD,,,,Importer,DALIAN,KOTRA_SNS_2025,화장품/뷰티
340111,CH,WANZHONGCHENG DALIAN CO LTD,,,,Importer,DALIAN,KOTRA_SNS_2025,화장품/뷰티
340111,CN,"WeiHai Nongxin Trading Co., Ltd",,,,Importer,HARBIN,KOTRA_SNS_2025,화장품/뷰티
340111,KH,JINMEI BEAUTY SALON,,,,Importer,PHNOM PENH,KOTRA_SNS_2025,화장품/뷰티
340111,KH,K-C Hair & Beauty Institute,,,,Importer,PHNOM PENH,KOTRA_SNS_2025,화장품/뷰티
340111,KH,"KOREAN ROYAL HEALTH & BEAUTY CENTER CO.,LTD",,,,Importer,PHNOM PENH,KOTRA_SNS_2025,화장품/뷰티
340111,KH,RAHAE BEAUTYSHOP,,,,Importer,PHNOM PENH,KOTRA_SNS_2025,화장품/뷰티
340111,KH,SKY BEAUTY CARE,,,,Importer,PHNOM PENH,KOTRA_SNS_2025,화장품/뷰티
340111,KH,SS BEAUTY CO. LTD.,,,,Importer,PHNOM PENH,KOTRA_SNS_2025,화장품/뷰티
340111,KH,THE EYE BEAUTY,,,,Importer,PHNOM PENH,KOTRA_SNS_2025,화장품/뷰티
340111,KH,U2BE-SHOPE YOUR BEAUTY,,,,Importer,PHNOM PENH,KOTRA_SNS_2025,화장품/뷰티
340111,KH,BEAUTE SHOP COSMETIC,,,,Importer,PHNOM PENH,KOTRA_SNS_2025,화장품/뷰티
340111,KH,CHIC'ME COSMETICS,,,,Importer,PHNOM PENH,KOTRA_SNS_2025,화장품/뷰티
340111,KH,FANCY.COSMETIC29,,,,Importer,PHNOM PENH,KOTRA_SNS_2025,화장품/뷰티
340111,KH,KOREA COSMETIC (CAMBODIA) CO. LTD.,,,,Importer,PHNOM PENH,KOTRA_SNS_2025,화장품/뷰티
340111,KH,LILY OF THE COSMETIC VALLEY,,,,Importer,PHNOM PENH,KOTRA_SNS_2025,화장품/뷰티
340111,KH,"NCC Cosmetics Co., Ltd.",,,,Importer,PHNOM PENH,KOTRA_SNS_2025,화장품/뷰티
340111,KH,ROSE COSMETIC & JEWELLRY SHOP,,,,Importer,PHNOM PENH,KOTRA_SNS_2025,화장품/뷰티
340111,KH,"Spring Cosmetics Co., Ltd",,,,Importer,PHNOM PENH,KOTRA_SNS_2025,화장품/뷰티
340111,KH,TANGS COSMETIC,,,,Importer,PHNOM PENH,KOTRA_SNS_2025,화장품/뷰티
340111,KH,Z COSMETIC,,,,Importer,PHNOM PENH,KOTRA_SNS_2025,화장품/뷰티
340111,KH,ZIIT COSMETICS,,,,Importer,PHNOM PENH,KOTRA_SNS_2025,화장품/뷰티
340111,KH,BEAUTY AND HEALTH,,,,Importer,PHNOM PENH,KOTRA_SNS_2025,화장품/뷰티
340111,KH,BEAUTY SKIN KH,,,,Importer,PHNOM PENH,KOTRA_SNS_2025,화장품/뷰티
340111,KH,BP Beauty Care,,,,Importer,PHNOM PENH,KOTRA_SNS_2025,화장품/뷰티
340111,KH,CAMBO BEAUTY,,,,Importer,PHNOM PENH,KOTRA_SNS_2025,화장품/뷰티
340111,KH,COSTMEBEAUTY,,,,Importer,PHNOM PENH,KOTRA_SNS_2025,화장품/뷰티
340111,KH,ASIA COSMETIC TRADING,,,,Importer,PHNOM PENH,KOTRA_SNS_2025,화장품/뷰티
340111,VN,MISS EDE,,,,Importer,DANANG,KOTRA_SNS_2025,화장품/뷰티
340111,VN,Bnh vin gia đnh,,,,Importer,DANANG,KOTRA_SNS_2025,화장품/뷰티
340111,VN,Bimore Company Limited - 더 많이 구매 더 많이 저장,,,,Importer,DANANG,KOTRA_SNS_2025,화장품/뷰티
340111,VN,CTY VNG GIA HNG THNH,,,,Importer,DANANG,KOTRA_SNS_2025,화장품/뷰티
340111,VN,Cng ty TNHH MTV u t Pht trin Minh c Anh,,,,Importer,DANANG,KOTRA_SNS_2025,화장품/뷰티
340111,VN,Nam Hoang Ha,,,,Importer,DANANG,KOTRA_SNS_2025,화장품/뷰티
340111,VN,Tecotec Group,,,,Importer,DANANG,KOTRA_SNS_2025,화장품/뷰티
340111,VN,Cng ty tnhh Thin n,,,,Importer,DANANG,KOTRA_SNS_2025,화장품/뷰티
340111,VN,Quang Minh,,,,Importer,DANANG,KOTRA_SNS_2025,화장품/뷰티
340111,VN,Hyuntech holdings jsc,,,,Importer,DANANG,KOTRA_SNS_2025,화장품/뷰티
340111,VN,Newdent,,,,Importer,DANANG,KOTRA_SNS_2025,화장품/뷰티
340111,VN,Cty TNHH Dc M Phm Sen Vng,,,,Importer,DANANG,KOTRA_SNS_2025,화장품/뷰티
340111,VN,Cng ty c phn đin thng minh Bin Phuc,,,,Importer,DANANG,KOTRA_SNS_2025,화장품/뷰티
340111,VN,Chairman and director,,,,Importer,DANANG,KOTRA_SNS_2025,화장품/뷰티
340111,VN,Cng ty TNHH kh cng nghip Messer Hi Phng,,,,Importer,DANANG,KOTRA_SNS_2025,화장품/뷰티
340111,VN,viettronimex,,,,Importer,DANANG,KOTRA_SNS_2025,화장품/뷰티
340111,VN,Bewon,,,,Importer,DANANG,KOTRA_SNS_2025,화장품/뷰티
340111,VN,Trong tien precision mechanical Company,,,,Importer,DANANG,KOTRA_SNS_2025,화장품/뷰티
340111,VN,Nikko Retail Corporation,,,,Importer,DANANG,KOTRA_SNS_2025,화장품/뷰티
340111,VN,KCTech Technology JSC,,,,Importer,DANANG,KOTRA_SNS_2025,화장품/뷰티
340111,VN,"AC-Tech Industry equipment Co.,Ltd",,,,Importer,DANANG,KOTRA_SNS_2025,화장품/뷰티
340111,VN,Cng ty TNHH Sinh Dc phm Hera-Herabiopharm,,,,Importer,DANANG,KOTRA_SNS_2025,화장품/뷰티
340111,VN,Dai minh,,,,Importer,DANANG,KOTRA_SNS_2025,화장품/뷰티
340111,VN,Ng i Hu,,,,Importer,DANANG,KOTRA_SNS_2025,화장품/뷰티
340111,VN,H Ni,,,,Importer,DANANG,KOTRA_SNS_2025,화장품/뷰티
340111,VN,Nam Phat,,,,Importer,DANANG,KOTRA_SNS_2025,화장품/뷰티
340111,VN,ECO  Engineering Corp,,,,Importer,DANANG,KOTRA_SNS_2025,화장품/뷰티
340111,VN,Cng ty an ph thnh,,,,Importer,DANANG,KOTRA_SNS_2025,화장품/뷰티
340111,VN,"TS PUMPS MFG. CO., LTD",,,,Importer,DANANG,KOTRA_SNS_2025,화장품/뷰티
340111,VN,ECO,,,,Importer,DANANG,KOTRA_SNS_2025,화장품/뷰티
340111,VN,Kim Quang,,,,Importer,DANANG,KOTRA_SNS_2025,화장품/뷰티
340111,VN,FND jsc,,,,Importer,DANANG,KOTRA_SNS_2025,화장품/뷰티
340111,VN,DAGICO,,,,Importer,DANANG,KOTRA_SNS_2025,화장품/뷰티
340111,VN,HOASANSAN COMPANY,,,,Importer,DANANG,KOTRA_SNS_2025,화장품/뷰티
340111,VN,Techpro,,,,Importer,DANANG,KOTRA_SNS_2025,화장품/뷰티
340111,VN,Tan Dia Cau Ltd,,,,Importer,DANANG,KOTRA_SNS_2025,화장품/뷰티
340111,VN,Saigon Hi Tech Park SHTP,,,,Importer,DANANG,KOTRA_SNS_2025,화장품/뷰티
340111,VN,"Truong Phat Co.,",,,,Importer,DANANG,KOTRA_SNS_2025,화장품/뷰티
340111,VN,Bee Logistics Corp - Khu vc min Trung,,,,Importer,DANANG,KOTRA_SNS_2025,화장품/뷰티
340111,VN,Cng ty TNHH CHUI CA HNG TIN LI NHT,,,,Importer,DANANG,KOTRA_SNS_2025,화장품/뷰티
340111,CH,WUHAN EXCELLENT MECHANICAL&ELECTRICAL EQUIPMENT CO LTD,,,,Importer,BEIJING,KOTRA_SNS_2025,화장품/뷰티
340111,KH,CUBE Outlet,,,,Importer,PHNOM PENH,KOTRA_SNS_2025,화장품/뷰티
340111,KH,JWH Trading,,,,Importer,PHNOM PENH,KOTRA_SNS_2025,화장품/뷰티
340111,KH,Masters Golf,,,,Importer,PHNOM PENH,KOTRA_SNS_2025,화장품/뷰티
340111,KH,Golf Land,,,,Importer,PHNOM PENH,KOTRA_SNS_2025,화장품/뷰티
340111,KH,Aspira Cosmetic,,,,Importer,PHNOM PENH,KOTRA_SNS_2025,화장품/뷰티
340111,KH,Tang's Cosmetic,,,,Importer,PHNOM PENH,KOTRA_SNS_2025,화장품/뷰티
340111,KH,Baby Outlet,,,,Importer,PHNOM PENH,KOTRA_SNS_2025,화장품/뷰티
340111,GR,BEAUTY PRINCESS,,,,Importer,ATHENS,KOTRA_SNS_2025,화장품/뷰티
340111,GR,KARAISKAKI FOTEINI-NATALIA(BELLAROSA),,,,Importer,ATHENS,KOTRA_SNS_2025,화장품/뷰티
340111,GR,KARAISKAKI FOTEINI-NATALIA(BELLAROSA),,,,Importer,ATHENS,KOTRA_SNS_2025,화장품/뷰티
340111,GR,KARAISKAKI FOTEINI-NATALIA(BELLAROSA),,,,Importer,ATHENS,KOTRA_SNS_2025,화장품/뷰티
340111,JP,MEDIK INC.,,,,Importer,TOKYO,KOTRA_SNS_2025,화장품/뷰티
340111,JP,MEDIK INC.,,,,Importer,TOKYO,KOTRA_SNS_2025,화장품/뷰티
340111,JP,MIZUHARA,,,,Importer,TOKYO,KOTRA_SNS_2025,화장품/뷰티
340111,JP,Housan,,,,Importer,TOKYO,KOTRA_SNS_2025,화장품/뷰티
340111,ZA,Luxe Loft,,,,Importer,JOHANNESBURG,KOTRA_SNS_2025,화장품/뷰티
340111,JP,"MARUENU CO.,LTD.",,,,Importer,TOKYO,KOTRA_SNS_2025,화장품/뷰티
340111,JP,"ONEMAKE,LLC.",,,,Importer,TOKYO,KOTRA_SNS_2025,화장품/뷰티
340111,JP,Maruei shouji,,,,Importer,TOKYO,KOTRA_SNS_2025,화장품/뷰티
340111,JP,J-BEAUTY,,,,Importer,TOKYO,KOTRA_SNS_2025,화장품/뷰티
340111,JP,J-BEAUTY,,,,Importer,TOKYO,KOTRA_SNS_2025,화장품/뷰티
340111,JP,J-BEAUTY,,,,Importer,TOKYO,KOTRA_SNS_2025,화장품/뷰티
340111,JP,ADAPT,,,,Importer,TOKYO,KOTRA_SNS_2025,화장품/뷰티
340111,JP,Orne de Feuilles,,,,Importer,TOKYO,KOTRA_SNS_2025,화장품/뷰티
340111,JP,Prism Inc,,,,Importer,TOKYO,KOTRA_SNS_2025,화장품/뷰티
340111,JP,Ill,,,,Importer,TOKYO,KOTRA_SNS_2025,화장품/뷰티
340111,JP,Cortina,,,,Importer,TOKYO,KOTRA_SNS_2025,화장품/뷰티
340111,JP,Covent Garden,,,,Importer,TOKYO,KOTRA_SNS_2025,화장품/뷰티
340111,JP,J-BEAUTY,,,,Importer,TOKYO,KOTRA_SNS_2025,화장품/뷰티
340111,JP,"GEO Nation Co., Ltd",,,,Importer,TOKYO,KOTRA_SNS_2025,화장품/뷰티
340111,JP,"Cellutane Co.,Ltd",,,,Importer,TOKYO,KOTRA_SNS_2025,화장품/뷰티
340111,GR,NIKOLAOU A. S.A. - PROTECTION,,,,Importer,ATHENS,KOTRA_SNS_2025,화장품/뷰티
340111,CH,"Shandong Lanhua International Trade Co., Ltd",,,,Importer,HENAN,KOTRA_SNS_2025,화장품/뷰티
340111,JP,"Azabu Store Co., Ltd",,,,Importer,TOKYO,KOTRA_SNS_2025,화장품/뷰티
340111,JP,nagata healthcare,,,,Importer,TOKYO,KOTRA_SNS_2025,화장품/뷰티
340111,JP,kjc Communications,,,,Importer,TOKYO,KOTRA_SNS_2025,화장품/뷰티
340111,JP,TOKYO,,,,Importer,TOKYO,KOTRA_SNS_2025,화장품/뷰티
340111,JP,GOLF PURESUTO,,,,Importer,TOKYO,KOTRA_SNS_2025,화장품/뷰티
340111,JP,CREATIVEBOXING JAPAN. INC.,,,,Importer,TOKYO,KOTRA_SNS_2025,화장품/뷰티
340111,JP,KAMIO JAPAN,,,,Importer,TOKYO,KOTRA_SNS_2025,화장품/뷰티
340111,JP,JKLINK,,,,Importer,TOKYO,KOTRA_SNS_2025,화장품/뷰티
340111,JP,KMK CO. LTD.,,,,Importer,TOKYO,KOTRA_SNS_2025,화장품/뷰티
340111,JP,MEAT SHOP NIPPAI,,,,Importer,TOKYO,KOTRA_SNS_2025,화장품/뷰티
340111,JP,PROVISION INC.,,,,Importer,TOKYO,KOTRA_SNS_2025,화장품/뷰티
340111,JP,3S CORPORATION,,,,Importer,TOKYO,KOTRA_SNS_2025,화장품/뷰티
340111,JP,"ACE CO., LTD.",,,,Importer,TOKYO,KOTRA_SNS_2025,화장품/뷰티
340111,JP,STAR DESIGN INC.,,,,Importer,TOKYO,KOTRA_SNS_2025,화장품/뷰티
340111,JP,BARUDA inc.,,,,Importer,TOKYO,KOTRA_SNS_2025,화장품/뷰티
340111,JP,"JAMES TRANS CO.,LTD.",,,,Importer,TOKYO,KOTRA_SNS_2025,화장품/뷰티
340111,JP,Fluke Forest Inc.,,,,Importer,TOKYO,KOTRA_SNS_2025,화장품/뷰티
340111,JP,Dream Blossom,,,,Importer,TOKYO,KOTRA_SNS_2025,화장품/뷰티
340111,JP,ROA International,,,,Importer,TOKYO,KOTRA_SNS_2025,화장품/뷰티
340111,JP,nisshintoa iwao inc,,,,Importer,TOKYO,KOTRA_SNS_2025,화장품/뷰티
340111,JP,tokiwashoukai.co.jp,,,,Importer,TOKYO,KOTRA_SNS_2025,화장품/뷰티
340111,JP,"Aibishi Trading Co., Ltd.",,,,Importer,TOKYO,KOTRA_SNS_2025,화장품/뷰티
340111,JP,FUEKINORI KOGYO CO LTD,,,,Importer,TOKYO,KOTRA_SNS_2025,화장품/뷰티
340111,JP,baycrews group,,,,Importer,TOKYO,KOTRA_SNS_2025,화장품/뷰티
340111,JP,CULTURE CONVENIENCE CLUB,,,,Importer,TOKYO,KOTRA_SNS_2025,화장품/뷰티
340111,JP,bandai,,,,Importer,TOKYO,KOTRA_SNS_2025,화장품/뷰티
340111,JP,small planet,,,,Importer,TOKYO,KOTRA_SNS_2025,화장품/뷰티
340111,JP,shimamura,,,,Importer,TOKYO,KOTRA_SNS_2025,화장품/뷰티
340111,JP,kamio japan,,,,Importer,TOKYO,KOTRA_SNS_2025,화장품/뷰티
340111,JP,doshisha,,,,Importer,TOKYO,KOTRA_SNS_2025,화장품/뷰티
340111,JP,sun arrow,,,,Importer,TOKYO,KOTRA_SNS_2025,화장품/뷰티
340111,JP,apj,,,,Importer,TOKYO,KOTRA_SNS_2025,화장품/뷰티
340111,JP,kjc,,,,Importer,TOKYO,KOTRA_SNS_2025,화장품/뷰티
340111,JP,world craft,,,,Importer,TOKYO,KOTRA_SNS_2025,화장품/뷰티
340111,JP,northcolors,,,,Importer,TOKYO,KOTRA_SNS_2025,화장품/뷰티
340111,JP,sese,,,,Importer,TOKYO,KOTRA_SNS_2025,화장품/뷰티
340111,JP,yuri,,,,Importer,TOKYO,KOTRA_SNS_2025,화장품/뷰티
340111,JP,nasio,,,,Importer,TOKYO,KOTRA_SNS_2025,화장품/뷰티
340111,JP,olympia,,,,Importer,TOKYO,KOTRA_SNS_2025,화장품/뷰티
340111,JP,an international,,,,Importer,TOKYO,KOTRA_SNS_2025,화장품/뷰티
340111,JP,jfc japan,,,,Importer,TOKYO,KOTRA_SNS_2025,화장품/뷰티
340111,JP,"Ueni Trading Co., Ltd.",,,,Importer,TOKYO,KOTRA_SNS_2025,화장품/뷰티
340111,JP,"Breeze Blue Co., Ltd.",,,,Importer,TOKYO,KOTRA_SNS_2025,화장품/뷰티
340111,JP,TOKIWA SHOKAI CO LTD,,,,Importer,TOKYO,KOTRA_SNS_2025,화장품/뷰티
340111,JP,Tanimura,,,,Importer,TOKYO,KOTRA_SNS_2025,화장품/뷰티
340111,JP,Generation pass,,,,Importer,TOKYO,KOTRA_SNS_2025,화장품/뷰티
340111,JP,K-labo,,,,Importer,TOKYO,KOTRA_SNS_2025,화장품/뷰티
340111,JP,EON SPORTS,,,,Importer,TOKYO,KOTRA_SNS_2025,화장품/뷰티
340111,JP,MARUENU,,,,Importer,TOKYO,KOTRA_SNS_2025,화장품/뷰티
340111,JP,CAMPDOORS CO LTD,,,,Importer,TOKYO,KOTRA_SNS_2025,화장품/뷰티
340111,JP,MEW CO LTD,,,,Importer,TOKYO,KOTRA_SNS_2025,화장품/뷰티
340111,JP,"TAIKI CORPORATION.,LTD.",,,,Importer,TOKYO,KOTRA_SNS_2025,화장품/뷰티
340111,JP,Coconoco,,,,Importer,TOKYO,KOTRA_SNS_2025,화장품/뷰티
340111,JP,LIFE DESIGN COMPANY INC.,,,,Importer,TOKYO,KOTRA_SNS_2025,화장품/뷰티
340111,JP,COSTCO WHOLESALE JAPAN LTD,,,,Importer,TOKYO,KOTRA_SNS_2025,화장품/뷰티
340111,JP,GENKY STORES INC,,,,Importer,TOKYO,KOTRA_SNS_2025,화장품/뷰티
340111,JP,IMPORT PROMOTION AND SALES LTD,,,,Importer,TOKYO,KOTRA_SNS_2025,화장품/뷰티
340111,JP,"LEAD OFF JAPAN CO.,LTD.",,,,Importer,TOKYO,KOTRA_SNS_2025,화장품/뷰티
340111,JP,"SSB CO.,LTD.",,,,Importer,TOKYO,KOTRA_SNS_2025,화장품/뷰티
340111,JP,"CGC JAPAN Co.,Ltd.",,,,Importer,TOKYO,KOTRA_SNS_2025,화장품/뷰티
340111,JP,"smartwide.co.,ltd",,,,Importer,TOKYO,KOTRA_SNS_2025,화장품/뷰티
340111,JP,K Sports Promotion,,,,Importer,TOKYO,KOTRA_SNS_2025,화장품/뷰티
340111,JP,KJC Communications,,,,Importer,TOKYO,KOTRA_SNS_2025,화장품/뷰티
340111,JP,"Kitagawa Bussan Co.,Ltd.",,,,Importer,TOKYO,KOTRA_SNS_2025,화장품/뷰티
340111,JP,"MagX Co.,Ltd.",,,,Importer,TOKYO,KOTRA_SNS_2025,화장품/뷰티
340111,JP,"SESE CO.,LTD.",,,,Importer,TOKYO,KOTRA_SNS_2025,화장품/뷰티
340111,JP,KOKUBU GROUP CORP.,,,,Importer,TOKYO,KOTRA_SNS_2025,화장품/뷰티
340111,JP,GEOTECH GOLF COMPONENTS CO LTD,,,,Importer,TOKYO,KOTRA_SNS_2025,화장품/뷰티
340111,JP,"OHYAMA CO., LTD.",,,,Importer,TOKYO,KOTRA_SNS_2025,화장품/뷰티
340111,JP,GOLF CONCEPT HAWAII,,,,Importer,TOKYO,KOTRA_SNS_2025,화장품/뷰티
340111,JP,"HONMA GOLF CO.,LTD.",,,,Importer,TOKYO,KOTRA_SNS_2025,화장품/뷰티
340111,JP,"HATACHI INDUSTRY CO., LTD.",,,,Importer,TOKYO,KOTRA_SNS_2025,화장품/뷰티
340111,JP,jkn,,,,Importer,TOKYO,KOTRA_SNS_2025,화장품/뷰티
340111,JP,amply,,,,Importer,TOKYO,KOTRA_SNS_2025,화장품/뷰티
340111,JP,nagata,,,,Importer,TOKYO,KOTRA_SNS_2025,화장품/뷰티
340111,JP,kosko,,,,Importer,TOKYO,KOTRA_SNS_2025,화장품/뷰티
340111,JP,agent,,,,Importer,TOKYO,KOTRA_SNS_2025,화장품/뷰티
340111,JP,agent,,,,Importer,TOKYO,KOTRA_SNS_2025,화장품/뷰티
340111,JP,noah international,,,,Importer,TOKYO,KOTRA_SNS_2025,화장품/뷰티
340111,JP,noah international,,,,Importer,TOKYO,KOTRA_SNS_2025,화장품/뷰티
340111,JP,maruenu,,,,Importer,TOKYO,KOTRA_SNS_2025,화장품/뷰티
340111,JP,seei,,,,Importer,TOKYO,KOTRA_SNS_2025,화장품/뷰티
340111,JP,omega creation,,,,Importer,TOKYO,KOTRA_SNS_2025,화장품/뷰티
340111,JP,infix,,,,Importer,TOKYO,KOTRA_SNS_2025,화장품/뷰티
340111,JP,"MARUENU CO.,LTD.",,,,Importer,TOKYO,KOTRA_SNS_2025,화장품/뷰티
340111,GH,2.33E+11,,,,Importer,ACCRA,KOTRA_SNS_2025,화장품/뷰티
340111,GH,2.33E+11,,,,Importer,ACCRA,KOTRA_SNS_2025,화장품/뷰티
340111,GH,2.33E+11,,,,Importer,ACCRA,KOTRA_SNS_2025,화장품/뷰티
340111,US,TI Fluid systems,,,,Importer,DETROIT,KOTRA_SNS_2025,화장품/뷰티
340111,US,TK DYNAMIC COMPONENTS DANVILLE LLC,,,,Importer,DETROIT,KOTRA_SNS_2025,화장품/뷰티
340111,US,Stellantis,,,,Importer,DETROIT,KOTRA_SNS_2025,화장품/뷰티
340111,US,General Motors,,,,Importer,DETROIT,KOTRA_SNS_2025,화장품/뷰티
340111,US,PME Global LLC,,,,Importer,DETROIT,KOTRA_SNS_2025,화장품/뷰티
340111,US,Kaufman Rossin,,,,Importer,DETROIT,KOTRA_SNS_2025,화장품/뷰티
340111,US,Duke Energy,,,,Importer,DETROIT,KOTRA_SNS_2025,화장품/뷰티
340111,US,OPmobility,,,,Importer,DETROIT,KOTRA_SNS_2025,화장품/뷰티
340111,US,Nissan,,,,Importer,DETROIT,KOTRA_SNS_2025,화장품/뷰티
340111,US,Slate Auto,,,,Importer,DETROIT,KOTRA_SNS_2025,화장품/뷰티
340111,US,Re:Build Manufacturing,,,,Importer,DETROIT,KOTRA_SNS_2025,화장품/뷰티
340111,US,Duke Energy,,,,Importer,DETROIT,KOTRA_SNS_2025,화장품/뷰티
340111,UK,Mhanya,,,,Importer,LONDON,KOTRA_SNS_2025,화장품/뷰티
340111,UK,Box hub,,,,Importer,LONDON,KOTRA_SNS_2025,화장품/뷰티
340111,NG,Nursielle,,,,Importer,LAGOS,KOTRA_SNS_2025,화장품/뷰티
340111,US,Epiphany Skincare,,,,Importer,DALLAS,KOTRA_SNS_2025,화장품/뷰티
340111,TZ,Kunki car wash,,,,Importer,DAR ES SALAAM,KOTRA_SNS_2025,화장품/뷰티
340111,TZ,Buisness,,,,Importer,DAR ES SALAAM,KOTRA_SNS_2025,화장품/뷰티
340111,TZ,Bestbest fashionaire,,,,Importer,DAR ES SALAAM,KOTRA_SNS_2025,화장품/뷰티
340111,TZ,PRONERIC INVESTMENT GROUP LIMITED,,,,Importer,DAR ES SALAAM,KOTRA_SNS_2025,화장품/뷰티
340111,TZ,Dar es salaam,,,,Importer,DAR ES SALAAM,KOTRA_SNS_2025,화장품/뷰티
340111,TZ,Human Rights Watch,,,,Importer,DAR ES SALAAM,KOTRA_SNS_2025,화장품/뷰티
340111,TZ,PublicServant,,,,Importer,DAR ES SALAAM,KOTRA_SNS_2025,화장품/뷰티
340111,TZ,Kongwa District Council,,,,Importer,DAR ES SALAAM,KOTRA_SNS_2025,화장품/뷰티
340111,TZ,Umoja,,,,Importer,DAR ES SALAAM,KOTRA_SNS_2025,화장품/뷰티
340111,TZ,Puma Kilimanjaro S Station,,,,Importer,DAR ES SALAAM,KOTRA_SNS_2025,화장품/뷰티
340111,TZ,Mashariki Mart T ltd,,,,Importer,DAR ES SALAAM,KOTRA_SNS_2025,화장품/뷰티
340111,UK,Efsstyleukltd,,,,Importer,LONDON,KOTRA_SNS_2025,화장품/뷰티
340111,UK,Nordbury Co.,,,,Importer,LONDON,KOTRA_SNS_2025,화장품/뷰티
340111,UK,Heleno Store,,,,Importer,LONDON,KOTRA_SNS_2025,화장품/뷰티
340111,UK,Na,,,,Importer,LONDON,KOTRA_SNS_2025,화장품/뷰티
340111,UK,FIGL,,,,Importer,LONDON,KOTRA_SNS_2025,화장품/뷰티
340111,UK,Spoilmebyrennybanks,,,,Importer,LONDON,KOTRA_SNS_2025,화장품/뷰티
340111,UK,Mrakas limited,,,,Importer,LONDON,KOTRA_SNS_2025,화장품/뷰티
340111,TZ,The Entrepreneurs,,,,Importer,DAR ES SALAAM,KOTRA_SNS_2025,화장품/뷰티
340111,BR,PADARIA ALAMEDA DOS PES BAKERY,,,,Importer,SAO PAULO,KOTRA_SNS_2025,화장품/뷰티
340111,FR,HHM,,,,Importer,PARIS,KOTRA_SNS_2025,화장품/뷰티
340111,FR,de Salins,,,,Importer,PARIS,KOTRA_SNS_2025,화장품/뷰티
340111,VN,Hoan Vu store,,,,Importer,HO CHI MINH,KOTRA_SNS_2025,화장품/뷰티
340111,VN,Canopus,,,,Importer,HO CHI MINH,KOTRA_SNS_2025,화장품/뷰티
340111,VN,HOANG GIA VIET IMPORT EXPORT COMPANY LIMITED,,,,Importer,HO CHI MINH,KOTRA_SNS_2025,화장품/뷰티
340111,VN,B Thi Caf,,,,Importer,HO CHI MINH,KOTRA_SNS_2025,화장품/뷰티
340111,VN,DLC Vietnam,,,,Importer,HO CHI MINH,KOTRA_SNS_2025,화장품/뷰티
340111,MX,"Perforaciones, Barrenos Y Servicios",,,,Importer,MEXICO CITY,KOTRA_SNS_2025,화장품/뷰티
340111,MX,SKP,,,,Importer,MEXICO CITY,KOTRA_SNS_2025,화장품/뷰티
340111,CA,MOBITAL,,,,Importer,VANCOUVER,KOTRA_SNS_2025,화장품/뷰티
340111,US,Brooklyn Deck and patio,,,,Importer,NEW YORK,KOTRA_SNS_2025,화장품/뷰티
340111,ID,PT. Galic Bina Mada,,,,Importer,JAKARTA,KOTRA_SNS_2025,화장품/뷰티
340111,UK,Mylinx ltd,,,,Importer,LONDON,KOTRA_SNS_2025,화장품/뷰티
340111,UK,HN Jewels,,,,Importer,LONDON,KOTRA_SNS_2025,화장품/뷰티
340111,UK,Issa Group,,,,Importer,LONDON,KOTRA_SNS_2025,화장품/뷰티
340111,UK,GeFr capital group,,,,Importer,LONDON,KOTRA_SNS_2025,화장품/뷰티
340111,UK,Yardie Couture Cosmetics,,,,Importer,LONDON,KOTRA_SNS_2025,화장품/뷰티
340111,UK,qci uk limited,,,,Importer,LONDON,KOTRA_SNS_2025,화장품/뷰티
340111,UK,Toccoh limited,,,,Importer,LONDON,KOTRA_SNS_2025,화장품/뷰티
340111,UK,Annanya Ltd,,,,Importer,LONDON,KOTRA_SNS_2025,화장품/뷰티
340111,UK,Bombay,,,,Importer,LONDON,KOTRA_SNS_2025,화장품/뷰티
340111,IN,Lifestyle Cosmetics,,,,Importer,NEW DELHI,KOTRA_SNS_2025,화장품/뷰티
340111,UK,Sil,,,,Importer,LONDON,KOTRA_SNS_2025,화장품/뷰티
340111,UK,Purple Rose beauty Room,,,,Importer,LONDON,KOTRA_SNS_2025,화장품/뷰티
340111,UK,Loving your skin,,,,Importer,LONDON,KOTRA_SNS_2025,화장품/뷰티
340111,TZ,Self Employed,,,,Importer,DAR ES SALAAM,KOTRA_SNS_2025,화장품/뷰티
340111,TZ,Hoseenu,,,,Importer,DAR ES SALAAM,KOTRA_SNS_2025,화장품/뷰티
340111,TZ,Library,,,,Importer,DAR ES SALAAM,KOTRA_SNS_2025,화장품/뷰티
340111,TZ,Deepdive technologies,,,,Importer,DAR ES SALAAM,KOTRA_SNS_2025,화장품/뷰티
340111,TZ,Catherine,,,,Importer,DAR ES SALAAM,KOTRA_SNS_2025,화장품/뷰티
340111,TZ,Dhoummaten Store,,,,Importer,DAR ES SALAAM,KOTRA_SNS_2025,화장품/뷰티
340111,TZ,Metes and lots co ltd,,,,Importer,DAR ES SALAAM,KOTRA_SNS_2025,화장품/뷰티
340111,TZ,Vanity box,,,,Importer,DAR ES SALAAM,KOTRA_SNS_2025,화장품/뷰티
340111,TZ,MarketsQue Global,,,,Importer,DAR ES SALAAM,KOTRA_SNS_2025,화장품/뷰티
340111,US,Dalstarmarket,,,,Importer,DALLAS,KOTRA_SNS_2025,화장품/뷰티
340111,US,Equipando.com llc,,,,Importer,DALLAS,KOTRA_SNS_2025,화장품/뷰티
340111,US,Beauty Oasis Rx,,,,Importer,DALLAS,KOTRA_SNS_2025,화장품/뷰티
340111,US,Ambrosia and Kids LLC,,,,Importer,DALLAS,KOTRA_SNS_2025,화장품/뷰티
340111,TZ,David,,,,Importer,DAR ES SALAAM,KOTRA_SNS_2025,화장품/뷰티
340111,TZ,African print,,,,Importer,DAR ES SALAAM,KOTRA_SNS_2025,화장품/뷰티
340111,TZ,Sabra classic boutiq,,,,Importer,DAR ES SALAAM,KOTRA_SNS_2025,화장품/뷰티
340111,TZ,Earthly collection,,,,Importer,DAR ES SALAAM,KOTRA_SNS_2025,화장품/뷰티
340111,TZ,More printing and stationary supplies,,,,Importer,DAR ES SALAAM,KOTRA_SNS_2025,화장품/뷰티
340111,TZ,malisa company,,,,Importer,DAR ES SALAAM,KOTRA_SNS_2025,화장품/뷰티
340111,TZ,lomo&Nlot holdings,,,,Importer,DAR ES SALAAM,KOTRA_SNS_2025,화장품/뷰티
340111,TZ,Adonet healthcare limited,,,,Importer,DAR ES SALAAM,KOTRA_SNS_2025,화장품/뷰티
340111,TZ,Veterinary Investigation Center,,,,Importer,DAR ES SALAAM,KOTRA_SNS_2025,화장품/뷰티
340111,TZ,CRDB BANK PLC,,,,Importer,DAR ES SALAAM,KOTRA_SNS_2025,화장품/뷰티
340111,TZ,Vigor Diesel Ltd,,,,Importer,DAR ES SALAAM,KOTRA_SNS_2025,화장품/뷰티
340111,TZ,"Dar es Salaam, Tanzania",,,,Importer,DAR ES SALAAM,KOTRA_SNS_2025,화장품/뷰티
340111,TZ,Vintage,,,,Importer,DAR ES SALAAM,KOTRA_SNS_2025,화장품/뷰티
340111,TZ,"Dar es Salaam, Tanzania",,,,Importer,DAR ES SALAAM,KOTRA_SNS_2025,화장품/뷰티
340111,TZ,vitambaa jumla bei poa,,,,Importer,DAR ES SALAAM,KOTRA_SNS_2025,화장품/뷰티
340111,TZ,"Magomeni, Dar Es Salaam, Tanzania",,,,Importer,DAR ES SALAAM,KOTRA_SNS_2025,화장품/뷰티
340111,TZ,student,,,,Importer,DAR ES SALAAM,KOTRA_SNS_2025,화장품/뷰티
340111,TZ,Zero linux,,,,Importer,DAR ES SALAAM,KOTRA_SNS_2025,화장품/뷰티
340111,TZ,non,,,,Importer,DAR ES SALAAM,KOTRA_SNS_2025,화장품/뷰티
340111,TZ,veras UNITAS,,,,Importer,DAR ES SALAAM,KOTRA_SNS_2025,화장품/뷰티
340111,TZ,Dream,,,,Importer,DAR ES SALAAM,KOTRA_SNS_2025,화장품/뷰티
340111,TZ,Self Employee,,,,Importer,DAR ES SALAAM,KOTRA_SNS_2025,화장품/뷰티
340111,TZ,Tanroads-Kilimanjaro,,,,Importer,DAR ES SALAAM,KOTRA_SNS_2025,화장품/뷰티
340111,TZ,Jubileeinsurance,,,,Importer,DAR ES SALAAM,KOTRA_SNS_2025,화장품/뷰티
340111,TZ,Judith,,,,Importer,DAR ES SALAAM,KOTRA_SNS_2025,화장품/뷰티
340111,TZ,Ndamu,,,,Importer,DAR ES SALAAM,KOTRA_SNS_2025,화장품/뷰티
340111,TZ,,,,,Importer,DAR ES SALAAM,KOTRA_SNS_2025,화장품/뷰티
340111,TZ,Beautymart,,,,Importer,DAR ES SALAAM,KOTRA_SNS_2025,화장품/뷰티
340111,TZ,Cherish Natural Products,,,,Importer,DAR ES SALAAM,KOTRA_SNS_2025,화장품/뷰티
340111,TZ,Sky Packing Material Trd: LLC,,,,Importer,DAR ES SALAAM,KOTRA_SNS_2025,화장품/뷰티
340111,TZ,IT,,,,Importer,DAR ES SALAAM,KOTRA_SNS_2025,화장품/뷰티
340111,TZ,Foshan store,,,,Importer,DAR ES SALAAM,KOTRA_SNS_2025,화장품/뷰티
340111,TZ,Managing Director,,,,Importer,DAR ES SALAAM,KOTRA_SNS_2025,화장품/뷰티
340111,TZ,Hair by Dema,,,,Importer,DAR ES SALAAM,KOTRA_SNS_2025,화장품/뷰티
340111,TR,World Deluxe Tourism,,,,Importer,ISTANBUL,KOTRA_SNS_2025,화장품/뷰티
340111,TR,piyalepasaoto,,,,Importer,ISTANBUL,KOTRA_SNS_2025,화장품/뷰티
340111,TR,hattattraktor,,,,Importer,ISTANBUL,KOTRA_SNS_2025,화장품/뷰티
340111,TR,elleair-international-turkey,,,,Importer,ISTANBUL,KOTRA_SNS_2025,화장품/뷰티
340111,TR,BURSA GENETK HASTALIKLAR DEERLENDRME MERKEZ,,,,Importer,ISTANBUL,KOTRA_SNS_2025,화장품/뷰티
340111,TR,NextOne Teknoloji,,,,Importer,ISTANBUL,KOTRA_SNS_2025,화장품/뷰티
340111,JP,SFL,,,,Importer,TOKYO,KOTRA_SNS_2025,화장품/뷰티
340111,UK,Packaging Superstore,,,,Importer,LONDON,KOTRA_SNS_2025,화장품/뷰티
340111,UK,RH LTD,,,,Importer,LONDON,KOTRA_SNS_2025,화장품/뷰티
340111,UK,Heal,,,,Importer,LONDON,KOTRA_SNS_2025,화장품/뷰티
340111,UK,RCS,,,,Importer,LONDON,KOTRA_SNS_2025,화장품/뷰티
340111,UK,General Hospital,,,,Importer,LONDON,KOTRA_SNS_2025,화장품/뷰티
340111,UK,Fd,,,,Importer,LONDON,KOTRA_SNS_2025,화장품/뷰티
340111,UK,Beautegrity Ltd,,,,Importer,LONDON,KOTRA_SNS_2025,화장품/뷰티
340111,UK,Brandi Vvici,,,,Importer,LONDON,KOTRA_SNS_2025,화장품/뷰티
340111,UK,Dmglobal,,,,Importer,LONDON,KOTRA_SNS_2025,화장품/뷰티
340111,UK,Josiesmobilehairbeauty.com,,,,Importer,LONDON,KOTRA_SNS_2025,화장품/뷰티
340111,UK,Healing Hands Holistics Massage and Beauty Therapy,,,,Importer,LONDON,KOTRA_SNS_2025,화장품/뷰티
340111,UK,RM accounts,,,,Importer,LONDON,KOTRA_SNS_2025,화장품/뷰티
330790,CI,le luxe by didy,,,,Importer,ABIDJAN,KOTRA_SNS_2025,화장품/뷰티
330499,PK,Universal Technologies Services,,,,Importer,KARACHI,KOTRA_SNS_2025,화장품/뷰티
340130,PK,Shumaila beauty saloon,,,,Importer,KARACHI,KOTRA_SNS_2025,화장품/뷰티
340130,PK,Facebook,,,,Importer,LAHORE,KOTRA_SNS_2025,화장품/뷰티
340130,PK,,,,,Importer,KARACHI,KOTRA_SNS_2025,화장품/뷰티
340130,PK,UAE,,,,Importer,DUBAI,KOTRA_SNS_2025,화장품/뷰티
330499,PK,Bio-Glitz Pakistan,,,,Importer,KARACHI,KOTRA_SNS_2025,화장품/뷰티
340130,PK,"Factory Area , Sialkot",,,,Importer,SIALKOT,KOTRA_SNS_2025,화장품/뷰티
340130,IN,kliker India OPC Pvt Ltd,,,,Importer,CHENNAI,KOTRA_SNS_2025,화장품/뷰티
340130,US,Mamaearth,,,,Importer,GURGAON,KOTRA_SNS_2025,화장품/뷰티
340130,IN,Addorso,,,,Importer,DELHI,KOTRA_SNS_2025,화장품/뷰티
340130,IN,Mahi's handmade products,,,,Importer,SRINAGAR,KOTRA_SNS_2025,화장품/뷰티
340130,IN,Epidermis Skincare,,,,Importer,KOTA,KOTRA_SNS_2025,화장품/뷰티
340130,IN,Vanijya Samiti :The Commerce Society,,,,Importer,DELHI,KOTRA_SNS_2025,화장품/뷰티
340130,IN,LIV,,,,Importer,CHENNAI,KOTRA_SNS_2025,화장품/뷰티
340130,IN,KSEPL,,,,Importer,DELHI,KOTRA_SNS_2025,화장품/뷰티
340130,DE,S&C FV,,,,Importer,DUSSELDORF,KOTRA_SNS_2025,화장품/뷰티
330499,CN,HONG KONG SARK TRADING LIMITED,,,,Importer,NANJING,KOTRA_SNS_2025,화장품/뷰티
330499,CN,CHONGQING DUOMAIDUO TRADE CO LTD,,,,Importer,NANJING,KOTRA_SNS_2025,화장품/뷰티
330499,CN,"NANJING LAI YAN YOU NETWORK TECHNOLOGY CO.,LTD",,,,Importer,NANJING,KOTRA_SNS_2025,화장품/뷰티
330499,CN,HONG KONG CROSS BORDER TRADE INDUSTRY SERVICE CO LTD,,,,Importer,NANJING,KOTRA_SNS_2025,화장품/뷰티
330499,CN,"LIANYUNGANG JULIET INTERNATIONAL TRADING CO., LTD.",,,,Importer,NANJING,KOTRA_SNS_2025,화장품/뷰티
330499,CN,"LIANYUNGANG JDY CROSS-BORDER E-COMMERCE CO., LTD.",,,,Importer,NANJING,KOTRA_SNS_2025,화장품/뷰티
330499,CN,OUTIMER CO LIMITED,,,,Importer,NANJING,KOTRA_SNS_2025,화장품/뷰티
330499,CN,HAIKOU RENHONG SUPPLY CHAIN CO LTD,,,,Importer,NANJING,KOTRA_SNS_2025,화장품/뷰티
330499,CN,"SHANGHAI JOEN INT'L TRADE CO.,LTD.",,,,Importer,NANJING,KOTRA_SNS_2025,화장품/뷰티
340111,IN,Sairiyo essentials,,,,Importer,BENGALRURU,KOTRA_SNS_2025,화장품/뷰티
340111,IN,Manwani machines Pvt Ltd,,,,Importer,MUMBAI,KOTRA_SNS_2025,화장품/뷰티
340111,IN,Mercure Metals & Alloys P Ltd,,,,Importer,MUMBAI,KOTRA_SNS_2025,화장품/뷰티
340111,IN,AWPA,,,,Importer,MUMBAI,KOTRA_SNS_2025,화장품/뷰티
340111,IN,Kansai Nerolac Paints,,,,Importer,MUMBAI,KOTRA_SNS_2025,화장품/뷰티
340111,IN,Charmacy India,,,,Importer,MUMBAI,KOTRA_SNS_2025,화장품/뷰티
340111,IN,Mind&mom,,,,Importer,CHENNAI,KOTRA_SNS_2025,화장품/뷰티
340111,IN,Big Bird outfit  Hongasandra Bangalore,,,,Importer,BENGALRURU,KOTRA_SNS_2025,화장품/뷰티
340111,IN,Varsha marketing,,,,Importer,BENGALRURU,KOTRA_SNS_2025,화장품/뷰티
340111,IN,US Engineerings,,,,Importer,NEW DELHI,KOTRA_SNS_2025,화장품/뷰티
340111,IN,COrganics Apparel Pvt Ltd,,,,Importer,NEW DELHI,KOTRA_SNS_2025,화장품/뷰티
340111,IN,Shweta Marketing,,,,Importer,NEW DELHI,KOTRA_SNS_2025,화장품/뷰티
340111,IN,Switchlabs,,,,Importer,NEW DELHI,KOTRA_SNS_2025,화장품/뷰티
340111,TZ,busnes,,,,Importer,DAR ES SALAAM,KOTRA_SNS_2025,화장품/뷰티
340111,CI,SOCIT,,,,Importer,ABIDJAN,KOTRA_SNS_2025,화장품/뷰티
340111,ET,Samatar meda,,,,Importer,ADDIS ABABA,KOTRA_SNS_2025,화장품/뷰티
340111,JP,Manua1,,,,Importer,FUKUOKA,KOTRA_SNS_2025,화장품/뷰티
340111,SA,Adad Alayam Medical Co,,,,Importer,RIYADH,KOTRA_SNS_2025,화장품/뷰티
340111,SA,Rawafed 3 Trading Est,,,,Importer,RIYADH,KOTRA_SNS_2025,화장품/뷰티
340111,SA,Jyad Medical Company Ltd,,,,Importer,RIYADH,KOTRA_SNS_2025,화장품/뷰티
340111,SA,Safwan Maintenance & Trading,,,,Importer,RIYADH,KOTRA_SNS_2025,화장품/뷰티
340111,SA,Waam4 Medical Company,,,,Importer,RIYADH,KOTRA_SNS_2025,화장품/뷰티
340111,SA,Bait Al-Hamsat Trading Co.,,,,Importer,RIYADH,KOTRA_SNS_2025,화장품/뷰티
340111,SA,Manar Al-Omran for Trade and Industry Limited,,,,Importer,RIYADH,KOTRA_SNS_2025,화장품/뷰티
340111,SA,Arrowman Technology Limited,,,,Importer,RIYADH,KOTRA_SNS_2025,화장품/뷰티
340111,SA,"Saudi SDN, Water & Energy",,,,Importer,RIYADH,KOTRA_SNS_2025,화장품/뷰티
340111,SA,Climatech Trading Company,,,,Importer,RIYADH,KOTRA_SNS_2025,화장품/뷰티
340111,SA,Drill Corp Sahara Saudi,,,,Importer,RIYADH,KOTRA_SNS_2025,화장품/뷰티
340111,SA,Arabian Trade House,,,,Importer,RIYADH,KOTRA_SNS_2025,화장품/뷰티
340111,SA,Tysseer Services Trading Company,,,,Importer,RIYADH,KOTRA_SNS_2025,화장품/뷰티
340111,VN,TRUNG MINH THANH TRADING COMPANY LIMITED,,,,Importer,DANANG,KOTRA_SNS_2025,화장품/뷰티
340111,VN,tpplucky,,,,Importer,DANANG,KOTRA_SNS_2025,화장품/뷰티
340111,VN,DONG DO FOOD PROCESSING COMPANY LIMITED,,,,Importer,DANANG,KOTRA_SNS_2025,화장품/뷰티
340111,VN,cng ty c phn bc dc,,,,Importer,DANANG,KOTRA_SNS_2025,화장품/뷰티
340111,VN,LDC,,,,Importer,DANANG,KOTRA_SNS_2025,화장품/뷰티
340111,VN,Realer,,,,Importer,DANANG,KOTRA_SNS_2025,화장품/뷰티
340111,VN,Cng ty TNHH MTV SHIZEN FOOD,,,,Importer,DANANG,KOTRA_SNS_2025,화장품/뷰티
340111,VN,BASAX KOREAN FOOD,,,,Importer,DANANG,KOTRA_SNS_2025,화장품/뷰티
340111,VN,"Ho Chi Minh City, Vietnam",,,,Importer,DANANG,KOTRA_SNS_2025,화장품/뷰티
340111,VN,songhan incubator,,,,Importer,DANANG,KOTRA_SNS_2025,화장품/뷰티
340111,VN,ATech,,,,Importer,DANANG,KOTRA_SNS_2025,화장품/뷰티
340111,VN,Hoan Vu store,,,,Importer,DANANG,KOTRA_SNS_2025,화장품/뷰티
340111,VN,LeKhaMart,,,,Importer,DANANG,KOTRA_SNS_2025,화장품/뷰티
340111,VN,CNG TY TNHH CENPLUS,,,,Importer,DANANG,KOTRA_SNS_2025,화장품/뷰티
340111,VN,VIETNAM CACAO JOINT STOCK COMPANY,,,,Importer,DANANG,KOTRA_SNS_2025,화장품/뷰티
340111,VN,Cng ty TNHH Pht Trin Thc Phm Ifood Vit Nam,,,,Importer,DANANG,KOTRA_SNS_2025,화장품/뷰티
340111,VN,AnvyHerb,,,,Importer,DANANG,KOTRA_SNS_2025,화장품/뷰티
340111,VN,cty tnhh thng mi v tng hp An Ph,,,,Importer,DANANG,KOTRA_SNS_2025,화장품/뷰티
340111,VN,Phu Duong Original,,,,Importer,DANANG,KOTRA_SNS_2025,화장품/뷰티
340111,VN,CHUNG KIM VINA,,,,Importer,DANANG,KOTRA_SNS_2025,화장품/뷰티
340111,VN,LAToys Vietnam,,,,Importer,DANANG,KOTRA_SNS_2025,화장품/뷰티
340111,VN,Mekong herbal,,,,Importer,DANANG,KOTRA_SNS_2025,화장품/뷰티
340111,VN,Seagifood (CNG TY TNHH TM HI LC),,,,Importer,DANANG,KOTRA_SNS_2025,화장품/뷰티
340111,VN,Philon Global KO&Y COMPANY VIETNAM,,,,Importer,DANANG,KOTRA_SNS_2025,화장품/뷰티
340111,VN,Cty TNHH VV Fine Food,,,,Importer,DANANG,KOTRA_SNS_2025,화장품/뷰티
340111,VN,Nam Quoc Minh Global,,,,Importer,DANANG,KOTRA_SNS_2025,화장품/뷰티
340111,VN,Hai A Food,,,,Importer,DANANG,KOTRA_SNS_2025,화장품/뷰티
340111,VN,LONG DUONG GENERAL TRADING COMPANY LIMITED,,,,Importer,DANANG,KOTRA_SNS_2025,화장품/뷰티
340111,VN,VERSHOLD POLAND,,,,Importer,DANANG,KOTRA_SNS_2025,화장품/뷰티
340111,NG,Infinity Pharmaceutical and Chemical Company Limited,,,,Importer,LAGOS,KOTRA_SNS_2025,화장품/뷰티
340111,NG,Potent World Limited,,,,Importer,LAGOS,KOTRA_SNS_2025,화장품/뷰티
340111,NG,Cee Global Furniture West Africa Ltd,,,,Importer,LAGOS,KOTRA_SNS_2025,화장품/뷰티
340111,NG,C.H.F Heron Nigeria Ltd,,,,Importer,LAGOS,KOTRA_SNS_2025,화장품/뷰티
340111,NG,Datespalm Nigeria Limited,,,,Importer,LAGOS,KOTRA_SNS_2025,화장품/뷰티
340111,NG,F&F Classic Innovation Limited,,,,Importer,LAGOS,KOTRA_SNS_2025,화장품/뷰티
340111,NG,Don Frank Safes Guard Nig Ltd,,,,Importer,LAGOS,KOTRA_SNS_2025,화장품/뷰티
340111,NG,ZAIMAK GLOBAL INDUSTRIAL SIGNS LTD,,,,Importer,LAGOS,KOTRA_SNS_2025,화장품/뷰티
340111,NG,GIFIC PRINTING SOLUTIONS LIMITED,,,,Importer,LAGOS,KOTRA_SNS_2025,화장품/뷰티
340111,NG,FAB Juice Company,,,,Importer,LAGOS,KOTRA_SNS_2025,화장품/뷰티
340111,NG,Kuvings Nigeria,,,,Importer,LAGOS,KOTRA_SNS_2025,화장품/뷰티
340111,KE,GOLDENSEA GLOBAL LTD,,,,Importer,NAIROBI,KOTRA_SNS_2025,화장품/뷰티
340111,KE,SONGHYUN FOODSTUFFS LTD,,,,Importer,NAIROBI,KOTRA_SNS_2025,화장품/뷰티
340111,KE,Airtech Engineering Services Ltd,,,,Importer,NAIROBI,KOTRA_SNS_2025,화장품/뷰티
340111,KE,Medicare Excel Limited,,,,Importer,NAIROBI,KOTRA_SNS_2025,화장품/뷰티
340111,KE,The Ozar international.Ltd,,,,Importer,NAIROBI,KOTRA_SNS_2025,화장품/뷰티
340111,KE,Fast Choice Limited,,,,Importer,NAIROBI,KOTRA_SNS_2025,화장품/뷰티
340111,KE,Space and Style limited,,,,Importer,NAIROBI,KOTRA_SNS_2025,화장품/뷰티
340111,KE,Colour International Ltd,,,,Importer,NAIROBI,KOTRA_SNS_2025,화장품/뷰티
340111,KE,C and P Shoe Industries LTD,,,,Importer,NAIROBI,KOTRA_SNS_2025,화장품/뷰티
340111,KE,Ultralab E.A Limited,,,,Importer,NAIROBI,KOTRA_SNS_2025,화장품/뷰티
340111,KE,Car and General(trading) ltd,,,,Importer,NAIROBI,KOTRA_SNS_2025,화장품/뷰티
340111,KE,Furniture Palace International Kenya Ltd,,,,Importer,NAIROBI,KOTRA_SNS_2025,화장품/뷰티
340111,KE,Uchumi Chemicals Limited,,,,Importer,NAIROBI,KOTRA_SNS_2025,화장품/뷰티
340111,KE,Interplus LTD.,,,,Importer,NAIROBI,KOTRA_SNS_2025,화장품/뷰티
340111,KE,Chloride Exide (K) Ltd,,,,Importer,NAIROBI,KOTRA_SNS_2025,화장품/뷰티
340111,KE,Ganatra Plant & Equipment LTD,,,,Importer,NAIROBI,KOTRA_SNS_2025,화장품/뷰티
340111,KE,Diamond Chemicals LTD,,,,Importer,NAIROBI,KOTRA_SNS_2025,화장품/뷰티
340111,KE,Protea Chemicals Kenya Limited,,,,Importer,NAIROBI,KOTRA_SNS_2025,화장품/뷰티
340111,KE,Jumbo Quality Product Limited,,,,Importer,NAIROBI,KOTRA_SNS_2025,화장품/뷰티
340111,KE,Tile and Carpet Center Limited,,,,Importer,NAIROBI,KOTRA_SNS_2025,화장품/뷰티
340111,KE,Tononoka Steel ltd,,,,Importer,NAIROBI,KOTRA_SNS_2025,화장품/뷰티
340111,KE,Corrugated Sheets ltd,,,,Importer,NAIROBI,KOTRA_SNS_2025,화장품/뷰티
340111,KE,IMCD Kenya Limited,,,,Importer,NAIROBI,KOTRA_SNS_2025,화장품/뷰티
340111,KE,Sonvar Chemicals,,,,Importer,NAIROBI,KOTRA_SNS_2025,화장품/뷰티
340111,KE,Rexe Roofing Products Ltd.,,,,Importer,NAIROBI,KOTRA_SNS_2025,화장품/뷰티
340111,KE,Science Logistics Ltd,,,,Importer,NAIROBI,KOTRA_SNS_2025,화장품/뷰티
340111,KE,DL Group,,,,Importer,NAIROBI,KOTRA_SNS_2025,화장품/뷰티
340111,KE,Hardwood Furnitures,,,,Importer,NAIROBI,KOTRA_SNS_2025,화장품/뷰티
340111,KE,Umoja Rubber Products ltd,,,,Importer,NAIROBI,KOTRA_SNS_2025,화장품/뷰티
340111,KE,Thika Wax Works Ltd,,,,Importer,NAIROBI,KOTRA_SNS_2025,화장품/뷰티
340111,KE,Kenya Adhesive Products Ltd.,,,,Importer,NAIROBI,KOTRA_SNS_2025,화장품/뷰티
340111,KE,Kobian Kenya LTD,,,,Importer,NAIROBI,KOTRA_SNS_2025,화장품/뷰티
340111,KE,Tatu City,,,,Importer,NAIROBI,KOTRA_SNS_2025,화장품/뷰티
340111,KE,Microbiology East Africa Limited,,,,Importer,NAIROBI,KOTRA_SNS_2025,화장품/뷰티
340111,KE,GOLDENSEA GLOBAL LTD,,,,Importer,NAIROBI,KOTRA_SNS_2025,화장품/뷰티
340111,KE,SONGHYUN FOODSTUFFS LTD,,,,Importer,NAIROBI,KOTRA_SNS_2025,화장품/뷰티
340111,KE,Airtech Engineering Services Ltd,,,,Importer,NAIROBI,KOTRA_SNS_2025,화장품/뷰티
340111,KE,Medicare Excel Limited,,,,Importer,NAIROBI,KOTRA_SNS_2025,화장품/뷰티
340111,KE,Jumbo Steels Mills Limited,,,,Importer,NAIROBI,KOTRA_SNS_2025,화장품/뷰티
340111,KE,Betmed Medical Supplies Limited,,,,Importer,NAIROBI,KOTRA_SNS_2025,화장품/뷰티
340111,KE,Pharma Specialities Limited,,,,Importer,NAIROBI,KOTRA_SNS_2025,화장품/뷰티
340111,KE,Diamond Chemical Company,,,,Importer,NAIROBI,KOTRA_SNS_2025,화장품/뷰티
340111,KE,Apex Steel,,,,Importer,NAIROBI,KOTRA_SNS_2025,화장품/뷰티
340111,KE,Eyeris the Optometrist Limited,,,,Importer,NAIROBI,KOTRA_SNS_2025,화장품/뷰티
340111,KE,Nirp East Africa Limited,,,,Importer,NAIROBI,KOTRA_SNS_2025,화장품/뷰티
340111,KE,Concept Holdings Limited,,,,Importer,NAIROBI,KOTRA_SNS_2025,화장품/뷰티
340111,KE,Rye Holdings Limited,,,,Importer,NAIROBI,KOTRA_SNS_2025,화장품/뷰티
340111,KE,Joxin Ventures Limited,,,,Importer,NAIROBI,KOTRA_SNS_2025,화장품/뷰티
340111,KE,Henkel Kenya Limited,,,,Importer,NAIROBI,KOTRA_SNS_2025,화장품/뷰티
340111,KE,Mergion Africa,,,,Importer,NAIROBI,KOTRA_SNS_2025,화장품/뷰티
340111,VN,DA HAE INTERNATIONAL COMPANY LIMITED,,,,Importer,HO CHI MINH,KOTRA_SNS_2025,화장품/뷰티
340130,DE,Vitalitaly,,,,Importer,MUNICH,KOTRA_SNS_2025,화장품/뷰티
340130,ES,Inmatso LLP,,,,Importer,BARCELONA,KOTRA_SNS_2025,화장품/뷰티
330510,PH,ruzz kurtina atbp.,,,,Importer,SAN JOSE,KOTRA_SNS_2025,화장품/뷰티
330510,PH,Self-Employedsdesedg,,,,Importer,GENERAL SANTOS CITY,KOTRA_SNS_2025,화장품/뷰티
330510,PH,Double Tap Security & Detective Agency Inc.,,,,Importer,ILIGAN CITY,KOTRA_SNS_2025,화장품/뷰티
330510,PH,korea,,,,Importer,CALAMBA,KOTRA_SNS_2025,화장품/뷰티
330510,PH,Philippines Armyges,,,,Importer,PASAY CITY,KOTRA_SNS_2025,화장품/뷰티
330510,PH,General services multipurpose cooperative,,,,Importer,BALINGASAG,KOTRA_SNS_2025,화장품/뷰티
330510,PH,sedgsedgsedggesd,,,,Importer,MALIMONO,KOTRA_SNS_2025,화장품/뷰티
330510,PH,saAn pA bA eDe sA pUsO nG tAoNg piNaKaMaMahal kO at iDe sA pUsO mO!desdgsdege,,,,Importer,LIBACAO,KOTRA_SNS_2025,화장품/뷰티
330510,PH,imus sewing parts,,,,Importer,IMUS,KOTRA_SNS_2025,화장품/뷰티
330510,PH,Self-Employedg,,,,Importer,MANILA,KOTRA_SNS_2025,화장품/뷰티
330510,PH,Self-Employedsdegsdegsg,,,,Importer,BAROBO,KOTRA_SNS_2025,화장품/뷰티
330510,PH,Wattpadsdegsegsdegg,,,,Importer,OZAMIZ,KOTRA_SNS_2025,화장품/뷰티
330510,PH,"Teleperformance, Greenfield District - EDSA Shaw Blvd.",,,,Importer,CALOOCAN,KOTRA_SNS_2025,화장품/뷰티
330510,PH,The Church of Jesus Christ of Latter-day Saints,,,,Importer,QUEZON CITY,KOTRA_SNS_2025,화장품/뷰티
330510,PH,RPMoreno99,,,,Importer,"STO.  TOMAS, BATANGAS",KOTRA_SNS_2025,화장품/뷰티
330510,PH,superred manpower services,,,,Importer,MANILA,KOTRA_SNS_2025,화장품/뷰티
330510,PH,ndu,,,,Importer,COTABATO CITY,KOTRA_SNS_2025,화장품/뷰티
330510,KH,GetandGo,,,,Importer,PHNOM PENH,KOTRA_SNS_2025,화장품/뷰티
330510,KH,Duong Chay,,,,Importer,PAILIN,KOTRA_SNS_2025,화장품/뷰티
330510,PH,none,,,,Importer,QUEZON CITY,KOTRA_SNS_2025,화장품/뷰티
330510,PH,rb consumers goods trading,,,,Importer,MARIKINA CITY,KOTRA_SNS_2025,화장품/뷰티
330510,PH,The Berries Farm Cabins & Restaurant,,,,Importer,DAVAO CITY,KOTRA_SNS_2025,화장품/뷰티
330499,AU,cooma country,,,,Importer,MEANDARRA,KOTRA_SNS_2025,화장품/뷰티
330499,AU,House wife and mother proud of it.,,,,Importer,MURTOA,KOTRA_SNS_2025,화장품/뷰티
330499,NZ,Wellington,,,,Importer,WELLINGTON,KOTRA_SNS_2025,화장품/뷰티
330499,NZ,#hcsmanz - Health Care and Social Media Australia & New Zealand,,,,Importer,LEVIN,KOTRA_SNS_2025,화장품/뷰티
330499,NZ,First party and expedition,,,,Importer,WESTGATE,KOTRA_SNS_2025,화장품/뷰티
330499,US,b and f enterprise,,,,Importer,WHITMORE LAKE,KOTRA_SNS_2025,화장품/뷰티
330499,US,hairZ,,,,Importer,SPARTA,KOTRA_SNS_2025,화장품/뷰티
330499,US,The Candy Shop LLc,,,,Importer,DECATUR,KOTRA_SNS_2025,화장품/뷰티
330499,US,Huh,,,,Importer,LOUISVILLE,KOTRA_SNS_2025,화장품/뷰티
330499,US,Harmony Clarksville,,,,Importer,CLARKSVILLE,KOTRA_SNS_2025,화장품/뷰티
330499,US,d&m rides,,,,Importer,KAUKAUNA,KOTRA_SNS_2025,화장품/뷰티
330499,US,nonw,,,,Importer,PHILADELPHIA,KOTRA_SNS_2025,화장품/뷰티
330499,US,on another level,,,,Importer,HENDERSON,KOTRA_SNS_2025,화장품/뷰티
330499,US,Home Fresh,,,,Importer,PORT ST. LUCIE,KOTRA_SNS_2025,화장품/뷰티
330499,US,Content Manager,,,,Importer,LINCOLN,KOTRA_SNS_2025,화장품/뷰티
330499,US,South University,,,,Importer,WAYCROSS,KOTRA_SNS_2025,화장품/뷰티
330499,BG,А-Зет Медика България ООД,,,,Importer,FORT MILL,KOTRA_SNS_2025,화장품/뷰티
330499,SG,RCM gruppo pte Ltd,,,,Importer,SINGAPORE,KOTRA_SNS_2025,화장품/뷰티
330499,US,S&P,,,,Importer,FAIR LAWN,KOTRA_SNS_2025,화장품/뷰티
330499,US,Sanchez sales,,,,Importer,MARANA,KOTRA_SNS_2025,화장품/뷰티
330499,US,Laura's Review Business,,,,Importer,ABBEVILLE,KOTRA_SNS_2025,화장품/뷰티
330499,US,Dedicated Reviewer,,,,Importer,NYC,KOTRA_SNS_2025,화장품/뷰티
330499,US,Pharmacy Technician,,,,Importer,BEAUFORT,KOTRA_SNS_2025,화장품/뷰티
330499,US,Alyssa’s closet,,,,Importer,OAKLEY,KOTRA_SNS_2025,화장품/뷰티
330499,US,sweet treats and things,,,,Importer,CRAIGSVILLE,KOTRA_SNS_2025,화장품/뷰티
330499,US,roca eterna,,,,Importer,HOUSTON,KOTRA_SNS_2025,화장품/뷰티
330499,US,Baylor Scott & White Texas Spine & Joint Hospital,,,,Importer,CHANDLER,KOTRA_SNS_2025,화장품/뷰티
330499,US,Brickhouse Cannabis Co.,,,,Importer,SHAWNEE,KOTRA_SNS_2025,화장품/뷰티
330499,US,Cakefacebrit,,,,Importer,RYLAND HEIGHTS,KOTRA_SNS_2025,화장품/뷰티
330499,RS,Tia Sutic,,,,Importer,BELGRADE,KOTRA_SNS_2025,화장품/뷰티
330499,FR,lemire,,,,Importer,HAM,KOTRA_SNS_2025,화장품/뷰티
330499,BE,Mutuelle Partenamut,,,,Importer,OUFFET,KOTRA_SNS_2025,화장품/뷰티
330499,GB,kizabella,,,,Importer,COVENTRY,KOTRA_SNS_2025,화장품/뷰티
330499,BG,Radiance Bulgaria  Ltd,,,,Importer,SOFIA,KOTRA_SNS_2025,화장품/뷰티
330499,ES,Luxury Villa Costa del Sol.com,,,,Importer,MARBELLA SPAIN,KOTRA_SNS_2025,화장품/뷰티
330499,DE,exam. Altenpflegerin,,,,Importer,KOBLENZ,KOTRA_SNS_2025,화장품/뷰티
330499,BE,Serenity,,,,Importer,BRUXELLES,KOTRA_SNS_2025,화장품/뷰티
330499,NL,de Weerdt,,,,Importer,HATTEM,KOTRA_SNS_2025,화장품/뷰티
330499,CZ,Koln,,,,Importer,KOLIN,KOTRA_SNS_2025,화장품/뷰티
330499,LT,Glov MB,,,,Importer,RADVILIKIS,KOTRA_SNS_2025,화장품/뷰티
330499,GB,Dalma Jedlinszki,,,,Importer,HIGH WYCOMBE,KOTRA_SNS_2025,화장품/뷰티
330499,ES,centro gallego,,,,Importer,BARCELONA,KOTRA_SNS_2025,화장품/뷰티
330499,FR,Personne,,,,Importer,NANTERRE,KOTRA_SNS_2025,화장품/뷰티
330499,NL,4ieder1,,,,Importer,NIJMEGEN,KOTRA_SNS_2025,화장품/뷰티
330499,NL,Wehkamp Mantelzorger,,,,Importer,HATTEM,KOTRA_SNS_2025,화장품/뷰티
330499,GB,A&H Enterprising Limited,,,,Importer,GLASGOW,KOTRA_SNS_2025,화장품/뷰티
330499,BE,deinze,,,,Importer,DEINZE,KOTRA_SNS_2025,화장품/뷰티
330499,ES,Vilaferreiros,,,,Importer,MAZARICOS,KOTRA_SNS_2025,화장품/뷰티
330499,GB,budgies,,,,Importer,IRVINE,KOTRA_SNS_2025,화장품/뷰티
330499,NO,Szkoła diabetyka,,,,Importer,OSLO,KOTRA_SNS_2025,화장품/뷰티
330499,US,new moon reality,,,,Importer,CHEHALIS,KOTRA_SNS_2025,화장품/뷰티
330499,US,Ramseys Learning for Sucsess,,,,Importer,LEXINGTON,KOTRA_SNS_2025,화장품/뷰티
330499,US,QTBUT,,,,Importer,CHICAGO,KOTRA_SNS_2025,화장품/뷰티
330499,US,stacycarter818@gmail.com,,,,Importer,NEW MARKET,KOTRA_SNS_2025,화장품/뷰티
330499,US,on another level,,,,Importer,HENDERSON,KOTRA_SNS_2025,화장품/뷰티
330499,US,Full Spectrum Aesthetics,,,,Importer,COLUMBUS,KOTRA_SNS_2025,화장품/뷰티
330499,US,South University,,,,Importer,WAYCROSS,KOTRA_SNS_2025,화장품/뷰티
330499,US,kittens,,,,Importer,BLUFF CITY TN,KOTRA_SNS_2025,화장품/뷰티
330499,US,moms on brooms,,,,Importer,LEAVITTSBURG,KOTRA_SNS_2025,화장품/뷰티
330499,US,Sanchez sales,,,,Importer,MARANA,KOTRA_SNS_2025,화장품/뷰티
330499,US,Headley’s Solon and Spa,,,,Importer,NORTH EAST,KOTRA_SNS_2025,화장품/뷰티
330499,IN,Aashish group,,,,Importer,JAIPUR,KOTRA_SNS_2025,화장품/뷰티
330499,IN,University of Delhi,,,,Importer,UTTAR PRADESH,KOTRA_SNS_2025,화장품/뷰티
330499,IN,Surat,,,,Importer,SURAT,KOTRA_SNS_2025,화장품/뷰티
330499,IN,Skimon.7 new abadi,,,,Importer,JAIPUR,KOTRA_SNS_2025,화장품/뷰티
330499,IN,Balajishanthi,,,,Importer,BANGALORE,KOTRA_SNS_2025,화장품/뷰티
330499,IN,Shubham Rafflesia,,,,Importer,SULTANPUR,KOTRA_SNS_2025,화장품/뷰티
330499,IN,Nisha,,,,Importer,RAGHUNATHPUR,KOTRA_SNS_2025,화장품/뷰티
330499,IN,Muze chahiye,,,,Importer,SANGAMNER,KOTRA_SNS_2025,화장품/뷰티
330499,IN,Jasail,,,,Importer,CUDDALORE,KOTRA_SNS_2025,화장품/뷰티
330499,IN,Me ni,,,,Importer,DELHI,KOTRA_SNS_2025,화장품/뷰티
330499,IN,yccu,,,,Importer,CHATRA,KOTRA_SNS_2025,화장품/뷰티
330499,IN,Ha,,,,Importer,DANTA,KOTRA_SNS_2025,화장품/뷰티
330499,IN,Bioatoms inc,,,,Importer,MOHALI,KOTRA_SNS_2025,화장품/뷰티
330499,IN,Confirm on call,,,,Importer,SOUTH DUM DUM,KOTRA_SNS_2025,화장품/뷰티
330499,IN,Meren`restunt,,,,Importer,MUZAFFARNAGAR,KOTRA_SNS_2025,화장품/뷰티
330499,IN,Student,,,,Importer,VARANASI,KOTRA_SNS_2025,화장품/뷰티
330499,IN,Lakme,,,,Importer,UP,KOTRA_SNS_2025,화장품/뷰티
330499,IN,Nutra PM,,,,Importer,PANIPAT,KOTRA_SNS_2025,화장품/뷰티
330499,IN,am/ns,,,,Importer,KIRANDUL,KOTRA_SNS_2025,화장품/뷰티
330499,IN,masud enterprise,,,,Importer,BELDANGA,KOTRA_SNS_2025,화장품/뷰티
330499,IN,Mk automobiles,,,,Importer,CHENNAI,KOTRA_SNS_2025,화장품/뷰티
330499,IN,Facebook,,,,Importer,RANGAPARA,KOTRA_SNS_2025,화장품/뷰티
330499,IN,Anita textile,,,,Importer,AKBERPUR,KOTRA_SNS_2025,화장품/뷰티
330499,IN,"Bangalore, India",,,,Importer,BANGALORE,KOTRA_SNS_2025,화장품/뷰티
330499,IN,Glofine,,,,Importer,KARIMNAGAR,KOTRA_SNS_2025,화장품/뷰티
330499,IN,My money Mantra,,,,Importer,SECTOR 44 NOIDA,KOTRA_SNS_2025,화장품/뷰티
330499,IN,not till now,,,,Importer,DELHI,KOTRA_SNS_2025,화장품/뷰티
330499,IN,Business,,,,Importer,GORAKHPUR,KOTRA_SNS_2025,화장품/뷰티
330499,IN,PHOSLY PHARMACEUTICAL PRIVATE LIMITED,,,,Importer,BANGALORE,KOTRA_SNS_2025,화장품/뷰티
330499,IN,+91 98288 08435,,,,Importer,ALWAR,KOTRA_SNS_2025,화장품/뷰티
330499,IN,Okoi biotech,,,,Importer,SURAT,KOTRA_SNS_2025,화장품/뷰티
330499,IN,Bijapur,,,,Importer,BIJAPUR,KOTRA_SNS_2025,화장품/뷰티
330499,IN,jupiterlifesciences,,,,Importer,BHANDUP,KOTRA_SNS_2025,화장품/뷰티
330499,IN,Medicare System Inc,,,,Importer,DELHI,KOTRA_SNS_2025,화장품/뷰티
330499,IN,Bagdoli,,,,Importer,BONLI,KOTRA_SNS_2025,화장품/뷰티
340119,AU,Vale,,,,Importer,PICTON,KOTRA_SNS_2025,화장품/뷰티
340119,US,Michigan Foot & Ankle Institute,,,,Importer,HARRISON TOWNSHIP,KOTRA_SNS_2025,화장품/뷰티
340119,US,Qshioka LLC,,,,Importer,GREENVILLE,KOTRA_SNS_2025,화장품/뷰티
340119,US,Ralph Store,,,,Importer,LOUISVILLE,KOTRA_SNS_2025,화장품/뷰티
340119,US,heathers cakes,,,,Importer,MAIDEN,KOTRA_SNS_2025,화장품/뷰티
340119,US,Inna,,,,Importer,LEWISVILLE,KOTRA_SNS_2025,화장품/뷰티
340119,US,Michigan Assembly Plant,,,,Importer,BELLEVILLE,KOTRA_SNS_2025,화장품/뷰티
340119,US,American Renal Associates,,,,Importer,DEDHAM,KOTRA_SNS_2025,화장품/뷰티
340119,US,,,,,Importer,HARTSHORNE,KOTRA_SNS_2025,화장품/뷰티
340119,US,Sanchez sales,,,,Importer,MARANA,KOTRA_SNS_2025,화장품/뷰티
340119,US,thomas couie handyman services,,,,Importer,MILTON,KOTRA_SNS_2025,화장품/뷰티
340119,US,raised on rain,,,,Importer,DYER,KOTRA_SNS_2025,화장품/뷰티
340119,CA,independent ugc creator,,,,Importer,TARGETTVILLE,KOTRA_SNS_2025,화장품/뷰티
340119,US,serenity,,,,Importer,AKRON,KOTRA_SNS_2025,화장품/뷰티
340119,US,Yoyo,,,,Importer,GAITHERSBURG,KOTRA_SNS_2025,화장품/뷰티
340119,US,Home Health Care Aide,,,,Importer,LAKE JACKSON,KOTRA_SNS_2025,화장품/뷰티
340119,US,Lilu fab face,,,,Importer,ESTERO,KOTRA_SNS_2025,화장품/뷰티
330499,RU,Global Trade,,,,Importer,SAINTPETERSBURG,KOTRA_SNS_2025,화장품/뷰티
340130,CN,"Xiamen Yipin Electronic Commerce Co., Ltd.",,,,Importer,XIAMEN,KOTRA_SNS_2025,화장품/뷰티
340130,CN,"Xiamen Gisto Payments Information Technology Co., Ltd.",,,,Importer,XIAMEN,KOTRA_SNS_2025,화장품/뷰티
340130,CN,"Guangzhou Nanfang Science and Technology Consulting Co., Ltd.",,,,Importer,XIAMEN,KOTRA_SNS_2025,화장품/뷰티
340130,CN,Xiamen Trans Ocean Limited,,,,Importer,XIAMEN,KOTRA_SNS_2025,화장품/뷰티
330499,CN,Xiamen Trans Ocean Limited,,,,Importer,XIAMEN,KOTRA_SNS_2025,화장품/뷰티
330499,RO,Rota Projects,,,,Importer,BUCURETI,KOTRA_SNS_2025,화장품/뷰티
330499,RO,adva,,,,Importer,RMNICU VLCEA,KOTRA_SNS_2025,화장품/뷰티
330499,RO,Nu este finalizat demersul de inregistrare,,,,Importer,CONSTANTA,KOTRA_SNS_2025,화장품/뷰티
330499,RO,DeeTerapii,,,,Importer,BISTRITA,KOTRA_SNS_2025,화장품/뷰티
330499,RO,Persoana fizica,,,,Importer,BUCURESTI,KOTRA_SNS_2025,화장품/뷰티
330499,RO,Popsami,,,,Importer,TIMISOARA,KOTRA_SNS_2025,화장품/뷰티
330499,RO,. ..,,,,Importer,BUCHAREST,KOTRA_SNS_2025,화장품/뷰티
330499,RO,Cardo Optim,,,,Importer,BUCHAREST,KOTRA_SNS_2025,화장품/뷰티
330499,RO,VEGA GRUP 369AUM SRL,,,,Importer,BUCURESTI,KOTRA_SNS_2025,화장품/뷰티
330499,RO,,,,,Importer,BUCHAREST,KOTRA_SNS_2025,화장품/뷰티
330499,RO,Nu am,,,,Importer,BRASOV,KOTRA_SNS_2025,화장품/뷰티
330499,RO,Sleep Matters SRL,,,,Importer,BUCURESTI,KOTRA_SNS_2025,화장품/뷰티
330499,RO,Beauty by Saldana,,,,Importer,11:00 AM,KOTRA_SNS_2025,화장품/뷰티
330499,RO,Persoana fizica,,,,Importer,IASI,KOTRA_SNS_2025,화장품/뷰티
330499,RO,J3j3u3,,,,Importer,HEHEJ,KOTRA_SNS_2025,화장품/뷰티
330499,RO,MATCOM IMEX SRL,,,,Importer,PIATRA NEAMT,KOTRA_SNS_2025,화장품/뷰티
330499,RO,Kotranketch,,,,Importer,ARAD,KOTRA_SNS_2025,화장품/뷰티
330499,RO,TBD,,,,Importer,BUCURETI,KOTRA_SNS_2025,화장품/뷰티
330499,RO,Neaga&Co,,,,Importer,BUCURESTI,KOTRA_SNS_2025,화장품/뷰티
330499,RO,Torous Technology,,,,Importer,BUCURETI,KOTRA_SNS_2025,화장품/뷰티
330499,RO,SCARLET BEAUTY SRL,,,,Importer,CLUJ NAPOCA,KOTRA_SNS_2025,화장품/뷰티
330499,RO,A,,,,Importer,GALATI,KOTRA_SNS_2025,화장품/뷰티
330499,RO,Ivanov Consulting Services,,,,Importer,BUCURESTI,KOTRA_SNS_2025,화장품/뷰티
330499,RO,Sigan,,,,Importer,OHIO,KOTRA_SNS_2025,화장품/뷰티
330499,RO,Dermato helt,,,,Importer,TIMISOARA,KOTRA_SNS_2025,화장품/뷰티
330499,RO,ESTODERMA SRL,,,,Importer,CLUJ NAPOCA,KOTRA_SNS_2025,화장품/뷰티
330499,RO,Wellbeing Coach,,,,Importer,VOLUNTARI,KOTRA_SNS_2025,화장품/뷰티
330499,RO,pfa dr catalina alexandrescu,,,,Importer,BUCURETI,KOTRA_SNS_2025,화장품/뷰티
330499,RO,Saroa lux,,,,Importer,BUCURESTI,KOTRA_SNS_2025,화장품/뷰티
330499,RO,Deedee and Minidee SRL,,,,Importer,TARGOVISTE,KOTRA_SNS_2025,화장품/뷰티
330499,RO,Carlastar,,,,Importer,TIMISOARA,KOTRA_SNS_2025,화장품/뷰티
330499,RO,Razadi srl,,,,Importer,TIMISOARA,KOTRA_SNS_2025,화장품/뷰티
330499,RO,PFA Dr. Cobzariu Claudina,,,,Importer,BUCURESTI,KOTRA_SNS_2025,화장품/뷰티
330499,RO,Mc ana concept,,,,Importer,BUCURESTI,KOTRA_SNS_2025,화장품/뷰티
330499,RO,PFA SERBAN LAVINIA CLAUDIA,,,,Importer,CLRAI,KOTRA_SNS_2025,화장품/뷰티
330499,RO,Meda Skin Solutions SRL,,,,Importer,BUCURESTI,KOTRA_SNS_2025,화장품/뷰티
330499,RO,Denpasar,,,,Importer,TIMISOARA,KOTRA_SNS_2025,화장품/뷰티
330499,RO,MTS,,,,Importer,BUCURESTI,KOTRA_SNS_2025,화장품/뷰티
330499,RO,PGRA,,,,Importer,BUCURESTI,KOTRA_SNS_2025,화장품/뷰티
330499,RO,constant in moving data,,,,Importer,BUCURESTI,KOTRA_SNS_2025,화장품/뷰티
330499,RO,Iris Nicole Makeup and Beauty SRL,,,,Importer,GALATI,KOTRA_SNS_2025,화장품/뷰티
330499,RO,Sionmed,,,,Importer,BUCURESTI,KOTRA_SNS_2025,화장품/뷰티
330499,RO,TOP HOME STYLE & BEAUTY 8888 SRL,,,,Importer,BUCURESTI,KOTRA_SNS_2025,화장품/뷰티
330499,RO,.,,,,Importer,BUCURETI,KOTRA_SNS_2025,화장품/뷰티
330499,RO,Sotiaq,,,,Importer,BUC,KOTRA_SNS_2025,화장품/뷰티
330499,RO,ESTODERMA SRL,,,,Importer,CLUJ NAPOCA,KOTRA_SNS_2025,화장품/뷰티
330499,RO,Avaten srl,,,,Importer,IASI,KOTRA_SNS_2025,화장품/뷰티
330499,RO,Roua beauty logistics,,,,Importer,BUCURESTI,KOTRA_SNS_2025,화장품/뷰티
330499,RO,Tonic Events,,,,Importer,BUCURESTI,KOTRA_SNS_2025,화장품/뷰티
330499,CI,Pharmacie Cit Olympique,,,,Importer,BOUAK,KOTRA_SNS_2025,화장품/뷰티
330499,CI,ZAHARA MULTI SERVICES,,,,Importer,ABIDJAN,KOTRA_SNS_2025,화장품/뷰티
330790,CI,HOSHAM INTERNATIONAL SARL,,,,Importer,ABIDJAN,KOTRA_SNS_2025,화장품/뷰티
330499,RU,Oracle B&H,,,,Importer,VLADIVOSTOK,KOTRA_SNS_2025,화장품/뷰티
330499,RU,Oracle B&H,,,,Importer,VLADIVOSTOK,KOTRA_SNS_2025,화장품/뷰티
330499,RU,Oracle B&H,,,,Importer,VLADIVOSTOK,KOTRA_SNS_2025,화장품/뷰티
330499,RU,Oracle B&H,,,,Importer,VLADIVOSTOK,KOTRA_SNS_2025,화장품/뷰티
330499,RU,Oracle B&H,,,,Importer,VLADIVOSTOK,KOTRA_SNS_2025,화장품/뷰티
330499,RU,Oracle B&H,,,,Importer,VLADIVOSTOK,KOTRA_SNS_2025,화장품/뷰티
330420,RU,Oracle B&H,,,,Importer,VLADIVOSTOK,KOTRA_SNS_2025,화장품/뷰티
330420,RU,Oracle B&H,,,,Importer,VLADIVOSTOK,KOTRA_SNS_2025,화장품/뷰티
330420,RU,Oracle B&H,,,,Importer,VLADIVOSTOK,KOTRA_SNS_2025,화장품/뷰티
330499,RU,BASTION LLC.,,,,Importer,SAINTPETERSBURG,KOTRA_SNS_2025,화장품/뷰티
330499,RU,Oracle B&H,,,,Importer,VLADIVOSTOK,KOTRA_SNS_2025,화장품/뷰티
330499,RU,Oracle B&H,,,,Importer,VLADIVOSTOK,KOTRA_SNS_2025,화장품/뷰티
330499,RU,Oracle B&H,,,,Importer,VLADIVOSTOK,KOTRA_SNS_2025,화장품/뷰티
330499,RU,Oracle B&H,,,,Importer,VLADIVOSTOK,KOTRA_SNS_2025,화장품/뷰티
330499,RU,Oracle B&H,,,,Importer,VLADIVOSTOK,KOTRA_SNS_2025,화장품/뷰티
330499,RU,Oracle B&H,,,,Importer,VLADIVOSTOK,KOTRA_SNS_2025,화장품/뷰티
330420,RU,Oracle B&H,,,,Importer,VLADIVOSTOK,KOTRA_SNS_2025,화장품/뷰티
330420,RU,Oracle B&H,,,,Importer,VLADIVOSTOK,KOTRA_SNS_2025,화장품/뷰티
330420,RU,Oracle B&H,,,,Importer,VLADIVOSTOK,KOTRA_SNS_2025,화장품/뷰티
330499,US,I Love Juices,,,,Importer,VILLA PARK,KOTRA_SNS_2025,화장품/뷰티
330499,US,Nubiana’s Way,,,,Importer,MONTGOMERY,KOTRA_SNS_2025,화장품/뷰티
330499,US,assistant carty,,,,Importer,JACKSON,KOTRA_SNS_2025,화장품/뷰티
330499,US,WeeSexy,,,,Importer,CHATTANOOGA,KOTRA_SNS_2025,화장품/뷰티
330499,US,EnchulaBoricua,,,,Importer,TITUSVILLE,KOTRA_SNS_2025,화장품/뷰티
330499,CA,Renewed,,,,Importer,EDMONTON,KOTRA_SNS_2025,화장품/뷰티
330499,US,white,,,,Importer,JACKSON,KOTRA_SNS_2025,화장품/뷰티
330499,US,Kik,,,,Importer,NICEVILLE,KOTRA_SNS_2025,화장품/뷰티
330499,US,private business,,,,Importer,WICKLIFFE,KOTRA_SNS_2025,화장품/뷰티
330499,US,Rosa's Company,,,,Importer,BELLFLOWER,KOTRA_SNS_2025,화장품/뷰티
330499,US,on another level,,,,Importer,HENDERSON,KOTRA_SNS_2025,화장품/뷰티
330499,US,VanCollins The Salon,,,,Importer,LAS VEGAS,KOTRA_SNS_2025,화장품/뷰티
330499,JP,eonni,,,,Importer,OSAKA,KOTRA_SNS_2025,화장품/뷰티
330499,AE,Walgreen,,,,Importer,DUBAI,KOTRA_SNS_2025,화장품/뷰티
330499,AE,LeSimone global,,,,Importer,DUBAI,KOTRA_SNS_2025,화장품/뷰티
330499,AE,BONANZA LINKS CONSULTANCY,,,,Importer,DUBAI,KOTRA_SNS_2025,화장품/뷰티
330499,AE,alnujood consultanices llc,,,,Importer,DUBAI,KOTRA_SNS_2025,화장품/뷰티
330499,AE,Swiffen Eady Ltd,,,,Importer,DUBAI,KOTRA_SNS_2025,화장품/뷰티
330499,US,Gold Bar / Western Bar,,,,Importer,BUTTE,KOTRA_SNS_2025,화장품/뷰티
340119,IN,Atc,,,,Importer,DELHI,KOTRA_SNS_2025,화장품/뷰티
340119,IN,Arvind Limited,,,,Importer,BANGALORE,KOTRA_SNS_2025,화장품/뷰티
330730,SG,to be started,,,,Importer,SINGAPORE,KOTRA_SNS_2025,화장품/뷰티
330730,SG,,,,,Importer,SINGAPORE,KOTRA_SNS_2025,화장품/뷰티
330730,SG,do not wish to disclose,,,,Importer,SINGAPORE,KOTRA_SNS_2025,화장품/뷰티
330499,ROMANIA,Alu Menziken,,,,Importer,BAIA MARE,KOTRA_SNS_2025,화장품/뷰티
330499,HR,Heson d.o.o.,,,,Importer,ZAGREB,KOTRA_SNS_2025,화장품/뷰티
330499,HR,zelene technnology d.o.o.,,,,Importer,ZAGREB,KOTRA_SNS_2025,화장품/뷰티
330499,HR,Rondo Mondo d.o.o.,,,,Importer,ZAGREB,KOTRA_SNS_2025,화장품/뷰티
330499,IN,BrokerInBlue LLP,,,,Importer,BENGALURU,KOTRA_SNS_2025,화장품/뷰티
330499,IN,ENI solutions,,,,Importer,BENGALURU,KOTRA_SNS_2025,화장품/뷰티
330499,IN,wealthsolutions pvt limited,,,,Importer,BENGALURU,KOTRA_SNS_2025,화장품/뷰티
330499,IN,Cyril Amarchand Mangaldas,,,,Importer,BENGALURU,KOTRA_SNS_2025,화장품/뷰티
330499,IN,Symbiorph Clinical Trialogy,,,,Importer,BENGALURU,KOTRA_SNS_2025,화장품/뷰티
330499,IN,YPO,,,,Importer,BENGALURU,KOTRA_SNS_2025,화장품/뷰티
330499,IN,Monexo,,,,Importer,BENGALURU,KOTRA_SNS_2025,화장품/뷰티
330499,IN,INFINT WEBBRITE TECHNOLOGIES (P) LTD.,,,,Importer,BENGALURU,KOTRA_SNS_2025,화장품/뷰티
330499,IN,Collective Capital,,,,Importer,BENGALURU,KOTRA_SNS_2025,화장품/뷰티
330499,IN,Self Employed,,,,Importer,BENGALURU,KOTRA_SNS_2025,화장품/뷰티
330499,IN,Droit,,,,Importer,BENGALURU,KOTRA_SNS_2025,화장품/뷰티
330499,IN,Intrust - Consulting LLP,,,,Importer,BENGALURU,KOTRA_SNS_2025,화장품/뷰티
330499,IN,Empoise,,,,Importer,BENGALURU,KOTRA_SNS_2025,화장품/뷰티
330499,RO,Er,,,,Importer,DF,KOTRA_SNS_2025,화장품/뷰티
330499,RO,Sphera Group,,,,Importer,ROMNIA,KOTRA_SNS_2025,화장품/뷰티
330499,RO,Nu,,,,Importer,NU,KOTRA_SNS_2025,화장품/뷰티
330499,RO,Nu tiu,,,,Importer,NU TIU,KOTRA_SNS_2025,화장품/뷰티
330499,RO,SERBAN LAVINIA CLAUDIA PFA,,,,Importer,NU IMPORT,KOTRA_SNS_2025,화장품/뷰티
330499,RO,Carvajal Imperium,,,,Importer,CHINA SI SPANKA,KOTRA_SNS_2025,화장품/뷰티
330499,RO,Artemide Solutions SRL,,,,Importer,IMPORT ALTE TIPURI DE PRODUSE DIN EUROPE,KOTRA_SNS_2025,화장품/뷰티
330499,RO,Emerald Lotus SRL,,,,Importer,ROMANIA,KOTRA_SNS_2025,화장품/뷰티
330499,RO,IBAD PROFESSIONAL TEAM S.R.L.,,,,Importer,"KOREEA DE SUD, CHINA,R MOLDOVA, UKRAINA",KOTRA_SNS_2025,화장품/뷰티
330499,RO,BEAUTY ONE ESTETIC EXPERTS,,,,Importer,EUROPA,KOTRA_SNS_2025,화장품/뷰티
330499,RO,Sc Clinique de Sante D’or SRL,,,,Importer,NU IMPORT,KOTRA_SNS_2025,화장품/뷰티
330499,RO,Pharma Beauties,,,,Importer,NU,KOTRA_SNS_2025,화장품/뷰티
330499,RO,nu am,,,,Importer,NU AM,KOTRA_SNS_2025,화장품/뷰티
330499,RO,First,,,,Importer,ROMNIA,KOTRA_SNS_2025,화장품/뷰티
330499,RO,Nu,,,,Importer,NU,KOTRA_SNS_2025,화장품/뷰티
330499,RO,Smartino Internaional Srl,,,,Importer,"COREA DE SUD, CEHIA, POLONIA, SERBIA, TURCIA, BULGARIA, CHINA",KOTRA_SNS_2025,화장품/뷰티
330499,RO,Jj,,,,Importer,UUUU,KOTRA_SNS_2025,화장품/뷰티
330499,RO,Beauty,,,,Importer,NU IMPORT,KOTRA_SNS_2025,화장품/뷰티
330499,RO,.,,,,Importer,.,KOTRA_SNS_2025,화장품/뷰티
330499,RO,Fresh share srl,,,,Importer,COREEA,KOTRA_SNS_2025,화장품/뷰티
330499,RO,Ch,,,,Importer,ROMANIA,KOTRA_SNS_2025,화장품/뷰티
330499,RO,Lush Her,,,,Importer,KOREA,KOTRA_SNS_2025,화장품/뷰티
330499,RO,Ce companie visezi,,,,Importer,IN KURUGOL SI PULA ( KROATIA),KOTRA_SNS_2025,화장품/뷰티
330499,RO,Ana,,,,Importer,OANA,KOTRA_SNS_2025,화장품/뷰티
330499,RO,AgrarTom,,,,Importer,ROMANIA,KOTRA_SNS_2025,화장품/뷰티
330499,RO,CYPFLURO SRL,,,,Importer,"POLONIA, CEHIA",KOTRA_SNS_2025,화장품/뷰티
330499,RO,Skinguru,,,,Importer,TOATE,KOTRA_SNS_2025,화장품/뷰티
330499,RO,Hsbsb,,,,Importer,HRHDH,KOTRA_SNS_2025,화장품/뷰티
330499,RO,SC BMB BEAUTY FUSION SHOP SRL,,,,Importer,EXPEDIEM IN TOATA EUROPA,KOTRA_SNS_2025,화장품/뷰티
330499,RO,.,,,,Importer,.,KOTRA_SNS_2025,화장품/뷰티
330499,RO,Jadu,,,,Importer,CHINA,KOTRA_SNS_2025,화장품/뷰티
330499,RO,...,,,,Importer,.....,KOTRA_SNS_2025,화장품/뷰티
330499,RO,Uzum Laura,,,,Importer,MOMENTAN NU IMPORT .,KOTRA_SNS_2025,화장품/뷰티
330499,RO,plm,,,,Importer,TOATE,KOTRA_SNS_2025,화장품/뷰티
330499,RO,one master distribution srl,,,,Importer,ROMANIA,KOTRA_SNS_2025,화장품/뷰티
330499,RO,Kkk,,,,Importer,SLO,KOTRA_SNS_2025,화장품/뷰티
330499,RO,Nu am,,,,Importer,NU AM,KOTRA_SNS_2025,화장품/뷰티
340119,IN,Leskly beauty,,,,Importer,KOLKATA,KOTRA_SNS_2025,화장품/뷰티
340119,IN,self,,,,Importer,AVANIGADDA,KOTRA_SNS_2025,화장품/뷰티
340119,IN,k. k. enterprise,,,,Importer,VADODARA,KOTRA_SNS_2025,화장품/뷰티
340119,IN,AM to AM,,,,Importer,PUNE,KOTRA_SNS_2025,화장품/뷰티
340119,IN,TaruTattva,,,,Importer,MUMBAI,KOTRA_SNS_2025,화장품/뷰티
330499,RU,ES Logistic Co.Ltd,,,,Importer,SAINTPETERSBURG,KOTRA_SNS_2025,화장품/뷰티
330499,JP,eonni,,,,Importer,OSAKA,KOTRA_SNS_2025,화장품/뷰티
330499,CA,Baba,,,,Importer,MISSISSAUGA,KOTRA_SNS_2025,화장품/뷰티
330499,KE,Generic Brands Limited,,,,Importer,NAIROBI,KOTRA_SNS_2025,화장품/뷰티
330499,SA,Inho trading,,,,Importer,RIYADH,KOTRA_SNS_2025,화장품/뷰티
330499,AE,Ninja,,,,Importer,DUBAI,KOTRA_SNS_2025,화장품/뷰티
330499,MA,IS2S,,,,Importer,CASABLANCA,KOTRA_SNS_2025,화장품/뷰티
330499,US,sarl costotal,,,,Importer,ALGER,KOTRA_SNS_2025,화장품/뷰티
330499,MA,Dell,,,,Importer,ELJADIDA,KOTRA_SNS_2025,화장품/뷰티
330499,PH,Self-Employedsdegsdegsg,,,,Importer,BAROBO,KOTRA_SNS_2025,화장품/뷰티
330499,ID,Shabir & Sons,,,,Importer,SOUTH JAKARTA,KOTRA_SNS_2025,화장품/뷰티
330499,PH,Self-Employedg,,,,Importer,MANILA,KOTRA_SNS_2025,화장품/뷰티
330499,PH,gesdgsdegsdeedgesd,,,,Importer,ROXAS,KOTRA_SNS_2025,화장품/뷰티
330499,PH,Self-Employedsdesedg,,,,Importer,GENERAL SANTOS CITY,KOTRA_SNS_2025,화장품/뷰티
330499,PH,The Krusty Krab,,,,Importer,TACLOBAN CITY,KOTRA_SNS_2025,화장품/뷰티
330499,US,DRS ltd,,,,Importer,THESSALONIKI,KOTRA_SNS_2025,화장품/뷰티
330499,FI,HILLY.fi,,,,Importer,JRVENP,KOTRA_SNS_2025,화장품/뷰티
330499,ES,Bloomy Cosmetics SL,,,,Importer,LOS CRISTIANOS,KOTRA_SNS_2025,화장품/뷰티
330499,RO,Dv Elitpoint Eficient Services,,,,Importer,IAI,KOTRA_SNS_2025,화장품/뷰티
330499,RO,MP Project,,,,Importer,IAI,KOTRA_SNS_2025,화장품/뷰티
330499,RO,w b women,,,,Importer,CLUJ NAPOCA,KOTRA_SNS_2025,화장품/뷰티
330499,RO,Silicko srl,,,,Importer,BUCHAREST,KOTRA_SNS_2025,화장품/뷰티
330499,RO,skin cult,,,,Importer,BRAOV,KOTRA_SNS_2025,화장품/뷰티
330499,RO,Vvvv,,,,Importer,BUCURESTI,KOTRA_SNS_2025,화장품/뷰티
330499,RO,Top skin,,,,Importer,BUCURETI,KOTRA_SNS_2025,화장품/뷰티
330499,RO,Brandelevate srl,,,,Importer,BUCURESTI,KOTRA_SNS_2025,화장품/뷰티
330499,RO,Cezar style Silver,,,,Importer,PETROANI,KOTRA_SNS_2025,화장품/뷰티
330499,RO,Boutique mall,,,,Importer,BUCURESTI,KOTRA_SNS_2025,화장품/뷰티
330499,RO,YBG ASSOCIATES,,,,Importer,BUCURETI,KOTRA_SNS_2025,화장품/뷰티
330499,RO,F,,,,Importer,T,KOTRA_SNS_2025,화장품/뷰티
330499,RO,nu am,,,,Importer,GLINA,KOTRA_SNS_2025,화장품/뷰티
330499,RO,Personal,,,,Importer,CLUJ,KOTRA_SNS_2025,화장품/뷰티
330499,RO,Kinetonutrilife,,,,Importer,BUCURESTI,KOTRA_SNS_2025,화장품/뷰티
330499,RO,\n,,,,Importer,\N,KOTRA_SNS_2025,화장품/뷰티
330499,RO,Top skin,,,,Importer,BUCURESTI,KOTRA_SNS_2025,화장품/뷰티
330499,RO,Apidava srl,,,,Importer,"BLAJ, JUD.ALBA",KOTRA_SNS_2025,화장품/뷰티
330499,RO,Tbd,,,,Importer,CLUJ NAPOCA,KOTRA_SNS_2025,화장품/뷰티
330499,RO,eu,,,,Importer,BUC,KOTRA_SNS_2025,화장품/뷰티
330499,RO,DIRECT BUYING INTERNATIONAL SRL,,,,Importer,BUCURESTI,KOTRA_SNS_2025,화장품/뷰티
330499,RO,LUST EXPERT SRL,,,,Importer,SUCEAVA,KOTRA_SNS_2025,화장품/뷰티
330499,RO,Mart Online Expert SRL,,,,Importer,BUCURESTI,KOTRA_SNS_2025,화장품/뷰티
330499,RO,Dani Food srl,,,,Importer,BUCURETI,KOTRA_SNS_2025,화장품/뷰티
330499,RO,Joho,,,,Importer,BUCURESTI,KOTRA_SNS_2025,화장품/뷰티
330499,RO,UGC creator,,,,Importer,HUNEDOARA,KOTRA_SNS_2025,화장품/뷰티
330499,RO,Concept florasim,,,,Importer,ORADEA,KOTRA_SNS_2025,화장품/뷰티
330499,RO,S.C. Beauty Shop Discount S.R.L.,,,,Importer,CONSTANTA,KOTRA_SNS_2025,화장품/뷰티
330499,RO,Hgds,,,,Importer,BUCURETI,KOTRA_SNS_2025,화장품/뷰티
330499,RO,NOVIA,,,,Importer,BUCURETI,KOTRA_SNS_2025,화장품/뷰티
330499,RO,BEAUTY ONE ESTETIC EXPERTS SRL,,,,Importer,BUCHAREST,KOTRA_SNS_2025,화장품/뷰티
330499,RO,Hair Manufactory SRL,,,,Importer,BUCHAREST,KOTRA_SNS_2025,화장품/뷰티
330499,RO,eveline tex srl,,,,Importer,FOCSANI,KOTRA_SNS_2025,화장품/뷰티
330499,RO,DENTAL TREATMENT CENTER DR. KURBE SRL,,,,Importer,BUCURESTI,KOTRA_SNS_2025,화장품/뷰티
330499,RO,DAVID ROYAL SOCIETY SRL,,,,Importer,BUCURETI,KOTRA_SNS_2025,화장품/뷰티
330499,RO,Linee beuty,,,,Importer,SIMLEY SILV,KOTRA_SNS_2025,화장품/뷰티
330499,RO,BH turist,,,,Importer,BUCURESTI,KOTRA_SNS_2025,화장품/뷰티
330499,RO,TOP AUTO RULATE PARC SRL,,,,Importer,BUZAU,KOTRA_SNS_2025,화장품/뷰티
330499,RO,Dermaspa,,,,Importer,BUCURESTI,KOTRA_SNS_2025,화장품/뷰티
330499,TW,錦明實業股有限公司,,,,Importer,TAIPEI,KOTRA_SNS_2025,화장품/뷰티
330499,TW,123,,,,Importer,TAIPEI,KOTRA_SNS_2025,화장품/뷰티
330499,TW,,,,,Importer,TAIPEI,KOTRA_SNS_2025,화장품/뷰티
330499,TW,Cocolo Taiwan,,,,Importer,TAIPEI,KOTRA_SNS_2025,화장품/뷰티
330499,TW,美容工作室,,,,Importer,TAIPEI,KOTRA_SNS_2025,화장품/뷰티
330499,TW,KOTRA(CHOI),,,,Importer,TAIPEI,KOTRA_SNS_2025,화장품/뷰티
330499,TW,郁銓國際醫學美容有限公司,,,,Importer,TAIPEI,KOTRA_SNS_2025,화장품/뷰티
330499,TW,無,,,,Importer,TAIPEI,KOTRA_SNS_2025,화장품/뷰티
330499,TW,風,,,,Importer,TAIPEI,KOTRA_SNS_2025,화장품/뷰티
330499,TW,"Li yo co., Ltd",,,,Importer,TAIPEI,KOTRA_SNS_2025,화장품/뷰티
330790,TW,杏恩醫療儀器有限公司,,,,Importer,TAIPEI,KOTRA_SNS_2025,화장품/뷰티
330790,TW,香港商佳星股有限公司 台灣分公司,,,,Importer,TAIPEI,KOTRA_SNS_2025,화장품/뷰티
330790,TW,彰化基督醫院,,,,Importer,TAIPEI,KOTRA_SNS_2025,화장품/뷰티
330790,TW,Straumann,,,,Importer,TAIPEI,KOTRA_SNS_2025,화장품/뷰티
330499,TW,MSi,,,,Importer,TAIPEI,KOTRA_SNS_2025,화장품/뷰티
330499,TW,悅型設計,,,,Importer,TAIPEI,KOTRA_SNS_2025,화장품/뷰티
330499,TW,楊曼曼,,,,Importer,TAIPEI,KOTRA_SNS_2025,화장품/뷰티
330499,TW,富邦美麗,,,,Importer,TAIPEI,KOTRA_SNS_2025,화장품/뷰티
330499,TW,kobeshe,,,,Importer,TAIPEI,KOTRA_SNS_2025,화장품/뷰티
330790,TW,遠傳電信,,,,Importer,TAIPEI,KOTRA_SNS_2025,화장품/뷰티
330730,TW,群創光電,,,,Importer,TAIPEI,KOTRA_SNS_2025,화장품/뷰티
330790,TW,耀華電子,,,,Importer,TAIPEI,KOTRA_SNS_2025,화장품/뷰티
330790,TW,曜凌光電,,,,Importer,TAIPEI,KOTRA_SNS_2025,화장품/뷰티
330790,TW,毛寶股有限公司,,,,Importer,TAIPEI,KOTRA_SNS_2025,화장품/뷰티
330790,TW,亞洲光學,,,,Importer,TAIPEI,KOTRA_SNS_2025,화장품/뷰티
330790,TW,東森,,,,Importer,TAIPEI,KOTRA_SNS_2025,화장품/뷰티
330790,TW,威希生醫,,,,Importer,TAIPEI,KOTRA_SNS_2025,화장품/뷰티
330790,TW,AUO(友達光電),,,,Importer,TAIPEI,KOTRA_SNS_2025,화장품/뷰티
330790,TW,情樂創意股有限公司,,,,Importer,TAIPEI,KOTRA_SNS_2025,화장품/뷰티
330499,RN,ES Logistic Co.Ltd,,,,Importer,SAINTPETERSBURG,KOTRA_SNS_2025,화장품/뷰티
330499,RN,ES Logistic Co.Ltd,,,,Importer,SAINTPETERSBURG,KOTRA_SNS_2025,화장품/뷰티
330499,TW,JPM Bio,,,,Importer,TAIPEI,KOTRA_SNS_2025,화장품/뷰티
330499,TW,Tywin International Ltd.,,,,Importer,TAIPEI,KOTRA_SNS_2025,화장품/뷰티
330499,TW,致力科技,,,,Importer,TAIPEI,KOTRA_SNS_2025,화장품/뷰티
330499,TW,璟瑩有限公司,,,,Importer,TAIPEI,KOTRA_SNS_2025,화장품/뷰티
330790,TW,誠國際有限公司,,,,Importer,TAIPEI,KOTRA_SNS_2025,화장품/뷰티
330790,TW,Top Medical ltd(鼎睿生技有限公司),,,,Importer,TAIPEI,KOTRA_SNS_2025,화장품/뷰티
330499,JP,OMEGACREATION CORP.,,,,Importer,TOKYO,KOTRA_SNS_2025,화장품/뷰티
330499,JP,STAR DESIGN INC.,,,,Importer,SHIZUOKA,KOTRA_SNS_2025,화장품/뷰티
330499,JP,"JAMES TRANS CO.,LTD.",,,,Importer,SHIZUOKA,KOTRA_SNS_2025,화장품/뷰티
330499,JP,STAR DESIGN INC.,,,,Importer,SHIZUOKA,KOTRA_SNS_2025,화장품/뷰티
330499,JP,"JAMES TRANS CO.,LTD.",,,,Importer,SHIZUOKA,KOTRA_SNS_2025,화장품/뷰티
330499,CN,SHANGHAI YUNZHUANG INTERTRADE CO LTD,,,,Importer,HENAN,KOTRA_SNS_2025,화장품/뷰티
330499,CN,"XUCHANG RENYONG MEIMEI AND GONGMEI HAIR TECHNOLOGY CO.,LTD",,,,Importer,HENAN,KOTRA_SNS_2025,화장품/뷰티
330590,ESPAA,Adrian Muoz,,,,Importer,VILANOVA DEL CAM,KOTRA_SNS_2025,화장품/뷰티
330590,BE,Cobofam,,,,Importer,LIEDEKERKE,KOTRA_SNS_2025,화장품/뷰티
330590,ESPAA,Hola beaty,,,,Importer,BARCELONA,KOTRA_SNS_2025,화장품/뷰티
330590,ESPAA,Istituto Arguelles,,,,Importer,BARCELONA,KOTRA_SNS_2025,화장품/뷰티
330590,ESPAA,Verosimiles Media,,,,Importer,BARCELONA,KOTRA_SNS_2025,화장품/뷰티
330590,ESPAA,Koreancosmeticspro,,,,Importer,MARBELLA,KOTRA_SNS_2025,화장품/뷰티
330590,FR,Kahng,,,,Importer,PARIS,KOTRA_SNS_2025,화장품/뷰티
330590,ESPAA,Kaleida,,,,Importer,BARCELONA,KOTRA_SNS_2025,화장품/뷰티
330590,ES,Comexhub,,,,Importer,MADRID,KOTRA_SNS_2025,화장품/뷰티
330590,SPAIN,Ansel,,,,Importer,BARCELONA,KOTRA_SNS_2025,화장품/뷰티
330590,HR,Bocca Studio,,,,Importer,SPLIT,KOTRA_SNS_2025,화장품/뷰티
330590,US,elektronika lodz,,,,Importer,LODZ LIMANOWSKIEGO 135/39,KOTRA_SNS_2025,화장품/뷰티
330590,AT,MANDU Wien19,,,,Importer,WIEN,KOTRA_SNS_2025,화장품/뷰티
330590,ΕΛΛΔΑ,Therapy Pharmacy,,,,Importer,THESSALONIKI,KOTRA_SNS_2025,화장품/뷰티
330590,ΕΛΛΔΑ,Luxebeauty,,,,Importer,ΕΛΕΥΣΙΝΑ,KOTRA_SNS_2025,화장품/뷰티
330590,GREECE,VMT trading,,,,Importer,KIFISSIA,KOTRA_SNS_2025,화장품/뷰티
330590,EGYESLT LLAMOK,Cratom tf,,,,Importer,BUDAPEST,KOTRA_SNS_2025,화장품/뷰티
330590,GR,POLA BEAUTY- POLYCHRONOPOULOU POLYXENI,,,,Importer,ATHENS,KOTRA_SNS_2025,화장품/뷰티
330590,US,Medilab,,,,Importer,ARGOS,KOTRA_SNS_2025,화장품/뷰티
330590,SWEDEN,Smp derma,,,,Importer,MALM,KOTRA_SNS_2025,화장품/뷰티
330590,PORTUGAL,"RAZ - Health, Wellness and Beauty",,,,Importer,PORTO,KOTRA_SNS_2025,화장품/뷰티
330590,PT,Dmaker lda,,,,Importer,PORTO,KOTRA_SNS_2025,화장품/뷰티
330590,ES,Zulfiya Khayretdinova,,,,Importer,VALENCIA,KOTRA_SNS_2025,화장품/뷰티
330590,ROMNIA,Estetica Faciala Corina Martin,,,,Importer,RMNICU VLCEA,KOTRA_SNS_2025,화장품/뷰티
330499,CN,"QINGDAO LEMEIJU TRADE CO.,Ltd",,,,Importer,GANSU,KOTRA_SNS_2025,화장품/뷰티
330499,CN,"QINGDAO LEMEIJU TRADE CO.,Ltd",,,,Importer,GANSU,KOTRA_SNS_2025,화장품/뷰티
330790,CN,SHANGHAI DIANHELV TECHNOLOGY CO LTD,,,,Importer,SHENZHEN,KOTRA_SNS_2025,화장품/뷰티
330790,CN,ZHENGZHOU ALOG SUPPLY CHAIN MANAGEMENT CO LTD,,,,Importer,SHENZHEN,KOTRA_SNS_2025,화장품/뷰티
330790,CN,SHENZHEN HOOWELL IMPORT&EXPORT CO LTD,,,,Importer,SHENZHEN,KOTRA_SNS_2025,화장품/뷰티
330790,CN,SHENZHEN QIANHAI K-STREET ELECTRONIC COMMERCE CO LTD,,,,Importer,SHENZHEN,KOTRA_SNS_2025,화장품/뷰티
330499,MXICO,MP Marketing,,,,Importer,MXICO,KOTRA_SNS_2025,화장품/뷰티
330499,MXICO,Madison Intelligence,,,,Importer,MXICO,KOTRA_SNS_2025,화장품/뷰티
330499,MXICO,Publicis Groupe Mxico,,,,Importer,MXICO,KOTRA_SNS_2025,화장품/뷰티
330499,AE,AWH Trading,,,,Importer,DUBAI,KOTRA_SNS_2025,화장품/뷰티
330499,TG,Nlw,,,,Importer,LOM,KOTRA_SNS_2025,화장품/뷰티
330499,AE,Mercator GT,,,,Importer,DUBAI,KOTRA_SNS_2025,화장품/뷰티
330499,AE,AGQ ASSOCIATES,,,,Importer,DUBAI,KOTRA_SNS_2025,화장품/뷰티
330499,AL,Emirates Holding Group,,,,Importer,TIRANA,KOTRA_SNS_2025,화장품/뷰티
330499,AE,Eva Bay Perfumes & Cosmetics Trading,,,,Importer,DUBAI,KOTRA_SNS_2025,화장품/뷰티
330499,AE,Nyssa,,,,Importer,DUBAI,KOTRA_SNS_2025,화장품/뷰티
330499,AE,Saood al rayssi,,,,Importer,DUBAI,KOTRA_SNS_2025,화장품/뷰티
330499,AE,Ehayas,,,,Importer,DUBAI,KOTRA_SNS_2025,화장품/뷰티
330499,AE,Sharjah Art Foundation,,,,Importer,DUBAI,KOTRA_SNS_2025,화장품/뷰티
330499,AE,Derma Health beauty,,,,Importer,DUBAI,KOTRA_SNS_2025,화장품/뷰티
330499,AE,Alondra,,,,Importer,DUBAI,KOTRA_SNS_2025,화장품/뷰티
330499,AE,Mehrall Trading FZCO,,,,Importer,DUBAI,KOTRA_SNS_2025,화장품/뷰티
330499,MXICO,Profesional independiente,,,,Importer,MXICO,KOTRA_SNS_2025,화장품/뷰티
330499,MXICO,Aceites Especiales TH,,,,Importer,MXICO,KOTRA_SNS_2025,화장품/뷰티
330499,AE,AK International LLC,,,,Importer,DUBAI,KOTRA_SNS_2025,화장품/뷰티
330499,SG,mapex,,,,Importer,SINGAPORE,KOTRA_SNS_2025,화장품/뷰티
330499,MXICO,KOSMETICS,,,,Importer,MXICO,KOTRA_SNS_2025,화장품/뷰티
330499,MXICO,UIX,,,,Importer,MXICO,KOTRA_SNS_2025,화장품/뷰티
330499,MXICO,"Grupo Alkance OOH, Innovacin TI para publicidad, E-commerce Skinjeong",,,,Importer,MXICO,KOTRA_SNS_2025,화장품/뷰티
330499,MXICO,VidaMex Seguros,,,,Importer,MXICO,KOTRA_SNS_2025,화장품/뷰티
330499,MXICO,Massive Electronica Home S. A. de C. V.,,,,Importer,ESTADO DE MXICO,KOTRA_SNS_2025,화장품/뷰티
330499,SWITZERLAND,K.Lee Trading GmbH,,,,Importer,ZURICH,KOTRA_SNS_2025,화장품/뷰티
330499,SWITZERLAND,Fresh Mask K-Beauty,,,,Importer,ZURICH,KOTRA_SNS_2025,화장품/뷰티
330499,SWITZERLAND,Niasha,,,,Importer,VEVEY,KOTRA_SNS_2025,화장품/뷰티
330499,SWITZERLAND,PARSENN-PRODUKTE AG,,,,Importer,KBLIS,KOTRA_SNS_2025,화장품/뷰티
330499,CH,"BEIJING SD GLOBAL CO., LTD",,,,Importer,BEIJING,KOTRA_SNS_2025,화장품/뷰티
330499,CH,HAN LIU KE LE (BEIJING) TRADING CO LTD,,,,Importer,BEIJING,KOTRA_SNS_2025,화장품/뷰티
330499,CH,QINGDAO MEILICUN COMMERCE&TRADE CO LTD,,,,Importer,BEIJING,KOTRA_SNS_2025,화장품/뷰티
330499,CH,DALIAN SHIYUAN TRADING CO LTD,,,,Importer,BEIJING,KOTRA_SNS_2025,화장품/뷰티
330499,CH,WEIHAI QINGMING ELECTRONIC COMMERCE CO LTD,,,,Importer,BEIJING,KOTRA_SNS_2025,화장품/뷰티
330499,CH,YIWU NANBOWAN SUPPLY CHAIN MANAGEMENT CO LTD,,,,Importer,BEIJING,KOTRA_SNS_2025,화장품/뷰티
330499,MXICO,HOKCHI energy,,,,Importer,CIUDAD DE MXICO,KOTRA_SNS_2025,화장품/뷰티
330499,MXICO,Grupo HL Consultores,,,,Importer,CIUDAD DE MXICO,KOTRA_SNS_2025,화장품/뷰티
330499,MXICO,Servicios Administrativos Cannon Mills,,,,Importer,REA METROPOLITANA DE CIUDAD DE MXICO,KOTRA_SNS_2025,화장품/뷰티
330499,BD,NEXON,,,,Importer,DHAKA,KOTRA_SNS_2025,화장품/뷰티
330499,QA,Gcc,,,,Importer,QATAR,KOTRA_SNS_2025,화장품/뷰티
330499,PK,Skinshot,,,,Importer,LAHORE,KOTRA_SNS_2025,화장품/뷰티
330499,BD,SUNDAS,,,,Importer,DHAKA,KOTRA_SNS_2025,화장품/뷰티
330499,BD,visa mart,,,,Importer,DHAKA,KOTRA_SNS_2025,화장품/뷰티
330499,KH,Owner pharmacy 33,,,,Importer,PHNOM PENH,KOTRA_SNS_2025,화장품/뷰티
330499,BD,Index group,,,,Importer,DHAKA,KOTRA_SNS_2025,화장품/뷰티
330499,IN,Keyonix,,,,Importer,HYDERABAD,KOTRA_SNS_2025,화장품/뷰티
330749,VN,TreeSpace,,,,Importer,HANOI,KOTRA_SNS_2025,화장품/뷰티
330499,BD,fuad apparel & sourcing,,,,Importer,DHAKA,KOTRA_SNS_2025,화장품/뷰티
330499,PH,Antipolo City,,,,Importer,ANTIPOLO,KOTRA_SNS_2025,화장품/뷰티
330499,BD,Doctor & lab -koreana cosmetics,,,,Importer,NARAYANGANJ CITY,KOTRA_SNS_2025,화장품/뷰티
330499,PK,Journeys,,,,Importer,LAHORE,KOTRA_SNS_2025,화장품/뷰티
330499,MX,SkinCore,,,,Importer,HERMOSILLO,KOTRA_SNS_2025,화장품/뷰티
330499,US,tecniwash,,,,Importer,BOGOTA,KOTRA_SNS_2025,화장품/뷰티
330499,GT,Felky,,,,Importer,GUATEMALA CITY,KOTRA_SNS_2025,화장품/뷰티
330499,PK,Sui Northern Gas Pipelines Limited,,,,Importer,MULTAN,KOTRA_SNS_2025,화장품/뷰티
330499,BR,webescobar,,,,Importer,SO PAULO,KOTRA_SNS_2025,화장품/뷰티
330499,BR,microtek,,,,Importer,JUAZEIRO DO NORTE,KOTRA_SNS_2025,화장품/뷰티
330499,US,Good Quality Stuff LLC,,,,Importer,HIGH POINT,KOTRA_SNS_2025,화장품/뷰티
330499,PK,Zalan Beauty,,,,Importer,MARDAN,KOTRA_SNS_2025,화장품/뷰티
330749,BR,Solid Brasil Imveis,,,,Importer,SO CAETANO DO SUL,KOTRA_SNS_2025,화장품/뷰티
330749,VN,Decovin Company Limited,,,,Importer,HA TINH,KOTRA_SNS_2025,화장품/뷰티
330499,OM,house,,,,Importer,MUSCAT,KOTRA_SNS_2025,화장품/뷰티
330499,PK,hs,,,,Importer,KARACHI,KOTRA_SNS_2025,화장품/뷰티
330499,EG,DOYS,,,,Importer,CAIRO,KOTRA_SNS_2025,화장품/뷰티
330499,BD,Neptune Trade International,,,,Importer,DHAKA,KOTRA_SNS_2025,화장품/뷰티
330499,BD,Rinomas Bangladesh Ltd.,,,,Importer,DHAKA,KOTRA_SNS_2025,화장품/뷰티
330499,PK,University of Central Punjab,,,,Importer,LAHORE,KOTRA_SNS_2025,화장품/뷰티
330499,IN,Rejoice collection,,,,Importer,DELHI,KOTRA_SNS_2025,화장품/뷰티
330499,MX,Universidad Panamericana Guadalajara,,,,Importer,GUADALAJARA,KOTRA_SNS_2025,화장품/뷰티
330749,IN,Swift code carr,,,,Importer,ANAKAPALLE,KOTRA_SNS_2025,화장품/뷰티
330499,IN,"Singer, Songwriter",,,,Importer,AIZAWL,KOTRA_SNS_2025,화장품/뷰티
330499,MA,Meta,,,,Importer,TANGIER,KOTRA_SNS_2025,화장품/뷰티
330499,BR,Klassvough,,,,Importer,SO PAULO,KOTRA_SNS_2025,화장품/뷰티
330499,IN,SS NUTRACARE,,,,Importer,NEW DELHI,KOTRA_SNS_2025,화장품/뷰티
330499,BD,Details Business Solution,,,,Importer,DHAKA,KOTRA_SNS_2025,화장품/뷰티
330499,US,SSIK POWER SOLUTION,,,,Importer,LAHORE,KOTRA_SNS_2025,화장품/뷰티
330499,US,aquamagnet.uk@gmail.com,,,,Importer,KARACHI,KOTRA_SNS_2025,화장품/뷰티
330499,PH,DARNA,,,,Importer,DAVAO CITY,KOTRA_SNS_2025,화장품/뷰티
330499,US,hinner,,,,Importer,WAH CANTT,KOTRA_SNS_2025,화장품/뷰티
330499,BD,ADSL TRADING INTERNATIONAL,,,,Importer,DHAKA,KOTRA_SNS_2025,화장품/뷰티
330499,US,Pub BS,,,,Importer,ORAN,KOTRA_SNS_2025,화장품/뷰티
330749,US,DepEd,,,,Importer,ANTIPOLO,KOTRA_SNS_2025,화장품/뷰티
330749,EG,speedway for handmade products,,,,Importer,CAIRO,KOTRA_SNS_2025,화장품/뷰티
330499,PK,systematic business technology,,,,Importer,KARACHI,KOTRA_SNS_2025,화장품/뷰티
330749,IN,Tivraa,,,,Importer,NEW DELHI,KOTRA_SNS_2025,화장품/뷰티
330499,EC,KomiiCo,,,,Importer,QUITO,KOTRA_SNS_2025,화장품/뷰티
330499,US,K,,,,Importer,M,KOTRA_SNS_2025,화장품/뷰티
330499,US,HK cosmatic,,,,Importer,SEOUL,KOTRA_SNS_2025,화장품/뷰티
330499,IN,GY trade links,,,,Importer,NEW DELHI,KOTRA_SNS_2025,화장품/뷰티
330499,BD,new,,,,Importer,DHAKA,KOTRA_SNS_2025,화장품/뷰티
330499,PK,Islamabad Medical & Dental College,,,,Importer,ISLAMABAD,KOTRA_SNS_2025,화장품/뷰티
330499,IN,Relaty,,,,Importer,HYDERABAD,KOTRA_SNS_2025,화장품/뷰티
330499,LK,"GEBS  Solutions, Inc",,,,Importer,COLOMBO,KOTRA_SNS_2025,화장품/뷰티
330499,PH,"Anwelh Holdings, Inc",,,,Importer,MANILA,KOTRA_SNS_2025,화장품/뷰티
330499,PK,shahryar traders,,,,Importer,HYDERABAD,KOTRA_SNS_2025,화장품/뷰티
330499,AS,G,,,,Importer,Y,KOTRA_SNS_2025,화장품/뷰티
330499,IN,Global Platform,,,,Importer,BANG,KOTRA_SNS_2025,화장품/뷰티
330499,AE,Xyz,,,,Importer,CHENNAI,KOTRA_SNS_2025,화장품/뷰티
330499,BD,Exim Trade International,,,,Importer,DHAKA,KOTRA_SNS_2025,화장품/뷰티
330499,ID,PT care,,,,Importer,JAKARTA,KOTRA_SNS_2025,화장품/뷰티
330499,PH,Rival Stars Ltd,,,,Importer,TAGUIG,KOTRA_SNS_2025,화장품/뷰티
330499,PH,Skinline Aesthetic and Wellness Spa,,,,Importer,GUIGUINTO,KOTRA_SNS_2025,화장품/뷰티
330499,MA,ad-leading,,,,Importer,LAAYOUNE,KOTRA_SNS_2025,화장품/뷰티
330499,US,Style,,,,Importer,SINGAPORE,KOTRA_SNS_2025,화장품/뷰티
330499,VN,DLC Vietnam,,,,Importer,THNH PH H CH MINH,KOTRA_SNS_2025,화장품/뷰티
330499,PK,Richbro instruments,,,,Importer,SIALKOT,KOTRA_SNS_2025,화장품/뷰티
330499,CO,Jero Sport sas,,,,Importer,BOGOT,KOTRA_SNS_2025,화장품/뷰티
330499,BD,Bangladesh,,,,Importer,DHAKA,KOTRA_SNS_2025,화장품/뷰티
330749,EG,Seoul Korea,,,,Importer,PORT SAID,KOTRA_SNS_2025,화장품/뷰티
330499,PK,brands traders,,,,Importer,KARACHI,KOTRA_SNS_2025,화장품/뷰티
330499,LK,srilanka,,,,Importer,BANDARAGAMA,KOTRA_SNS_2025,화장품/뷰티
330499,BD,K M Corporation,,,,Importer,DHAKA,KOTRA_SNS_2025,화장품/뷰티
330499,PK,DSK enterprise,,,,Importer,PESHAWAR,KOTRA_SNS_2025,화장품/뷰티
330499,PK,Trust Trading Enterprises,,,,Importer,KARACHI,KOTRA_SNS_2025,화장품/뷰티
330499,IN,Swoovi innovative,,,,Importer,KOCHI,KOTRA_SNS_2025,화장품/뷰티
330499,IN,Namgyal traders,,,,Importer,GANGTOK,KOTRA_SNS_2025,화장품/뷰티
330499,PH,alta skincare system,,,,Importer,PASIG,KOTRA_SNS_2025,화장품/뷰티
330499,DZ,sarl labo Pharmacare,,,,Importer,ALGIERS,KOTRA_SNS_2025,화장품/뷰티
330499,MA,RAPP Maroc,,,,Importer,MARRAKESH,KOTRA_SNS_2025,화장품/뷰티
330499,IN,Vlutus Consumer Pvt Ltd,,,,Importer,DELHI,KOTRA_SNS_2025,화장품/뷰티
330499,PH,The chosen one,,,,Importer,CRUZ BONGABON NUEVA ECIJA,KOTRA_SNS_2025,화장품/뷰티
330499,MA,Wafae,,,,Importer,SAL,KOTRA_SNS_2025,화장품/뷰티
330499,MA,Shopping&Retail,,,,Importer,EL JADIDA,KOTRA_SNS_2025,화장품/뷰티
330499,SG,Beauty Collection International Pte Ltd,,,,Importer,SINGAPORE,KOTRA_SNS_2025,화장품/뷰티
330499,IN,Usa Lifestyle International,,,,Importer,NEW DELHI,KOTRA_SNS_2025,화장품/뷰티
330499,PH,Kim MizFait,,,,Importer,TAGUIG,KOTRA_SNS_2025,화장품/뷰티
330499,TH,Thanaboon Technology Corporation,,,,Importer,BANGKOK,KOTRA_SNS_2025,화장품/뷰티
330499,CO,Lux Mundi Partners,,,,Importer,MEDELLN,KOTRA_SNS_2025,화장품/뷰티
330499,PK,BLOOM PAK,,,,Importer,KARACHI,KOTRA_SNS_2025,화장품/뷰티
330499,US,BCI,,,,Importer,DEPOK,KOTRA_SNS_2025,화장품/뷰티
330499,PK,Ryaf,,,,Importer,FAISALABAD,KOTRA_SNS_2025,화장품/뷰티
330499,IN,Chairman of the Board of Directors JJMEK Business Private Limited,,,,Importer,DELHI,KOTRA_SNS_2025,화장품/뷰티
330499,IN,Chairman,,,,Importer,SILIGURI,KOTRA_SNS_2025,화장품/뷰티
330499,MA,Real Estate Insights,,,,Importer,PESHAWAR,KOTRA_SNS_2025,화장품/뷰티
330499,MA,STG,,,,Importer,ABU DHABI,KOTRA_SNS_2025,화장품/뷰티
330499,MA,MRM,,,,Importer,MULTAN,KOTRA_SNS_2025,화장품/뷰티
330499,MA,Mermaid and coffee,,,,Importer,CHOLULA DE RIVADABIA CENTRO,KOTRA_SNS_2025,화장품/뷰티
330499,MA,Rabat,,,,Importer,RABAT,KOTRA_SNS_2025,화장품/뷰티
330499,KR,BIGHIT MUSIC,,,,Importer,SEOUL,KOTRA_SNS_2025,화장품/뷰티
330499,OM,Self business,,,,Importer,MUSCAT,KOTRA_SNS_2025,화장품/뷰티
330499,PK,Gift shop,,,,Importer,LAHORE,KOTRA_SNS_2025,화장품/뷰티
330499,LK,Singha Holdings (Pvt),,,,Importer,COLOMBO,KOTRA_SNS_2025,화장품/뷰티
330499,US,Jaja,,,,Importer,MEND,KOTRA_SNS_2025,화장품/뷰티
330499,CQ,Invoice header: *** Inc.,,,,Importer,MYANMAR,KOTRA_SNS_2025,화장품/뷰티
330499,PH,J.C.Ona Luxury Items,,,,Importer,BULAKAN,KOTRA_SNS_2025,화장품/뷰티
330749,PK,sandoz,,,,Importer,HYDERABAD,KOTRA_SNS_2025,화장품/뷰티
330499,AE,AWH Trading,,,,Importer,DUBAI,KOTRA_SNS_2025,화장품/뷰티
330499,EG,https://www.behance.net/FarahNosseirDesigns,,,,Importer,CAIRO,KOTRA_SNS_2025,화장품/뷰티
330499,PK,Gigi USA Inc.,,,,Importer,KARACHI,KOTRA_SNS_2025,화장품/뷰티
330499,BD,Zahir Traders,,,,Importer,DHAKA,KOTRA_SNS_2025,화장품/뷰티
330499,IN,Dolfeia Skincare,,,,Importer,DELHI,KOTRA_SNS_2025,화장품/뷰티
330499,PK,A.R.G ENTERPRISES,,,,Importer,KARACHI,KOTRA_SNS_2025,화장품/뷰티
330499,PK,Kaolify,,,,Importer,LAHORE,KOTRA_SNS_2025,화장품/뷰티
330499,IN,KGlow,,,,Importer,NEW DELHI,KOTRA_SNS_2025,화장품/뷰티
330499,OM,Parexel International - India,,,,Importer,MUSCAT,KOTRA_SNS_2025,화장품/뷰티
330499,IN,University of Delhi - South Campus,,,,Importer,DELHI,KOTRA_SNS_2025,화장품/뷰티
330749,MX,Chinese Language Institute,,,,Importer,CDMX,KOTRA_SNS_2025,화장품/뷰티
330499,MX,Chok chok beauty,,,,Importer,PUEBLA,KOTRA_SNS_2025,화장품/뷰티
330499,IN,Chhahara International LLP,,,,Importer,DELHI,KOTRA_SNS_2025,화장품/뷰티
330499,IN,Dr Rama Sofat Hospital,,,,Importer,LUDHIANA,KOTRA_SNS_2025,화장품/뷰티
330499,PH,Kohler Co.,,,,Importer,IMUS,KOTRA_SNS_2025,화장품/뷰티
330499,BR,RAND Corporation,,,,Importer,SO PAULO,KOTRA_SNS_2025,화장품/뷰티
330749,ID,Pt. Lonte umi,,,,Importer,CIREBON,KOTRA_SNS_2025,화장품/뷰티
330499,JO,Petydore llc,,,,Importer,RIYADH,KOTRA_SNS_2025,화장품/뷰티
330749,DO,Coinco,,,,Importer,SANTO DOMINGO,KOTRA_SNS_2025,화장품/뷰티
330499,EC,Thelab,,,,Importer,QUITO,KOTRA_SNS_2025,화장품/뷰티
330499,US,vuitton inc,,,,Importer,LUCKNOW,KOTRA_SNS_2025,화장품/뷰티
330749,PH,Vanjline homewares trading,,,,Importer,CALOOCAN,KOTRA_SNS_2025,화장품/뷰티
330499,EG,..,,,,Importer,CAIRO,KOTRA_SNS_2025,화장품/뷰티
330499,MX,Soluzioni Ufficio Creatti,,,,Importer,SATLITE,KOTRA_SNS_2025,화장품/뷰티
330499,IN,Travelaxy,,,,Importer,LUDHIANA,KOTRA_SNS_2025,화장품/뷰티
330499,PH,Mediaking corp,,,,Importer,QUEZON CITY,KOTRA_SNS_2025,화장품/뷰티
330499,PH,Healthy innovation distribution,,,,Importer,QUEZON CITY,KOTRA_SNS_2025,화장품/뷰티
330749,ID,Sumi Hotel Indonesia,,,,Importer,JAKARTA,KOTRA_SNS_2025,화장품/뷰티
330499,BANGLADESH,Hamilton Sciences Pvt Ltd,,,,Importer,DHAKA,KOTRA_SNS_2025,화장품/뷰티
330499,TRKIYE,Ali Okyay Arısoy Co.,,,,Importer,ISTANBUL,KOTRA_SNS_2025,화장품/뷰티
330749,BANGLADESH,Summerfield International School,,,,Importer,DHAKA,KOTRA_SNS_2025,화장품/뷰티
330499,MEXICO,DecoCookies®,,,,Importer,MEXICO,KOTRA_SNS_2025,화장품/뷰티
330499,BANGLADESH,International Fertilizer Development Center (IFDC),,,,Importer,DHAKA,KOTRA_SNS_2025,화장품/뷰티
330499,ECUADOR,usfq,,,,Importer,QUITO METROPOLITAN AREA,KOTRA_SNS_2025,화장품/뷰티
330499,ECUADOR,Nokia,,,,Importer,GUAYAQUIL,KOTRA_SNS_2025,화장품/뷰티
330499,BANGLADESH,Infinity Integrated Systems Ltd,,,,Importer,DHAKA,KOTRA_SNS_2025,화장품/뷰티
330499,MEXICO,babaria-spain,,,,Importer,MEXICO CITY,KOTRA_SNS_2025,화장품/뷰티
330499,DOMINICAN REPUBLIC,Distribuidora Corripio,,,,Importer,DISTRITO NACIONAL,KOTRA_SNS_2025,화장품/뷰티
330499,ALGERIA,Famsun Group,,,,Importer,ALGIERS,KOTRA_SNS_2025,화장품/뷰티
330499,TRKIYE,ARCTM Reklam ve Pazarlama Hizmetleri,,,,Importer,ISTANBUL,KOTRA_SNS_2025,화장품/뷰티
330499,PAKISTAN,TheSkinFit,,,,Importer,KARACHI,KOTRA_SNS_2025,화장품/뷰티
330499,EGYPT,Egyptian Refining Company (ERC),,,,Importer,CAIRO,KOTRA_SNS_2025,화장품/뷰티
330499,TRKIYE,kozmoklinik-kozmetik,,,,Importer,STANBUL,KOTRA_SNS_2025,화장품/뷰티
330499,INDONESIA,PT Prodia Diacro Laboratories (Prodia the CRO),,,,Importer,JAKARTA,KOTRA_SNS_2025,화장품/뷰티
330499,INDIA,BrandIdea Granular Analytics Platform,,,,Importer,MUMBAI,KOTRA_SNS_2025,화장품/뷰티
330510,CN,"QINGDAO LEMEIJU TRADE CO.,Ltd",,,,Importer,GANSU,KOTRA_SNS_2025,화장품/뷰티
330510,SN,Infinitif Coiffure,,,,Importer,DAKAR BANGO,KOTRA_SNS_2025,화장품/뷰티
330510,CI,lyk groupe,,,,Importer,ABIDJAN,KOTRA_SNS_2025,화장품/뷰티
330510,CI,New Parfumerie,,,,Importer,ABIDJAN,KOTRA_SNS_2025,화장품/뷰티
330510,CI,AEKA SARL,,,,Importer,COCODY,KOTRA_SNS_2025,화장품/뷰티
330510,CI,Agence Carmel,,,,Importer,ABIDJAN,KOTRA_SNS_2025,화장품/뷰티
330499,DZ,Hybe,,,,Importer,TIZI OUZOU,KOTRA_SNS_2025,화장품/뷰티
330499,US,Garman Essentials Inc.,,,,Importer,DAVIE,KOTRA_SNS_2025,화장품/뷰티
330499,KZ,F,,,,Importer,F,KOTRA_SNS_2025,화장품/뷰티
330499,PH,Advect Marketing Corporation,,,,Importer,MANILA,KOTRA_SNS_2025,화장품/뷰티
330499,UZ,Azizov Cosmetics,,,,Importer,ANDIJAN,KOTRA_SNS_2025,화장품/뷰티
330499,CH,"BEIJING SD GLOBAL CO., LTD",,,,Importer,BEIJING,KOTRA_SNS_2025,화장품/뷰티
330499,DE,cyberknot ltd,,,,Importer,FRANKFURT,KOTRA_SNS_2025,화장품/뷰티
330499,DE,The Labb,,,,Importer,PRESSATH,KOTRA_SNS_2025,화장품/뷰티
330499,NG,water goblet,,,,Importer,ABUJA,KOTRA_SNS_2025,화장품/뷰티
330499,DE,testejelo,,,,Importer,DORTMUND,KOTRA_SNS_2025,화장품/뷰티
330499,DE,Darja,,,,Importer,.,KOTRA_SNS_2025,화장품/뷰티
330499,FJ,Vrajkishores Enterprise,,,,Importer,LABASA,KOTRA_SNS_2025,화장품/뷰티
330499,NZ,Axis Retailz,,,,Importer,AUCKLAND,KOTRA_SNS_2025,화장품/뷰티
330499,FJ,Fantastic jewelry,,,,Importer,NADI,KOTRA_SNS_2025,화장품/뷰티
330499,FJ,Build A Home,,,,Importer,SUVA CITY,KOTRA_SNS_2025,화장품/뷰티
330499,NZ,Bindu’s Brows +Beauty,,,,Importer,AUCKLAND,KOTRA_SNS_2025,화장품/뷰티
330499,NZ,North Harbour Ford & Mazda,,,,Importer,AUCKLAND,KOTRA_SNS_2025,화장품/뷰티
330499,NZ,Siddharth m,,,,Importer,AUCKLAND,KOTRA_SNS_2025,화장품/뷰티
330499,FJ,Your blissful glowup,,,,Importer,LAUTOKA,KOTRA_SNS_2025,화장품/뷰티
330499,NZ,Calma Beauty & Body,,,,Importer,WANAKA,KOTRA_SNS_2025,화장품/뷰티
330499,NZ,Viva Beaute Ltd.,,,,Importer,AUCKLAND,KOTRA_SNS_2025,화장품/뷰티
330499,NZ,House of Barber,,,,Importer,CHRISTCHURCH,KOTRA_SNS_2025,화장품/뷰티
330499,FR,Kija shop and beauty,,,,Importer,NANTES,KOTRA_SNS_2025,화장품/뷰티
330499,CN,"HENAN UNIMARK SUPPLY CHAIN MANAGEMENGT CO,LTD",,,,Importer,ZHENGZHOU,KOTRA_SNS_2025,화장품/뷰티
330790,SG,알 수 없음,,,,Importer,SINGAPORE,KOTRA_SNS_2025,화장품/뷰티
330790,SG,알 수 없음,,,,Importer,SINGAPORE,KOTRA_SNS_2025,화장품/뷰티
330790,SG,알 수 없음,,,,Importer,SINGAPORE,KOTRA_SNS_2025,화장품/뷰티
330790,SG,알 수 없음,,,,Importer,SINGAPORE,KOTRA_SNS_2025,화장품/뷰티
330790,SG,알 수 없음,,,,Importer,SINGAPORE,KOTRA_SNS_2025,화장품/뷰티
330499,ID,Mita raseuki yang haleu,,,,Importer,BIREUEN,KOTRA_SNS_2025,화장품/뷰티
330499,ID,subianto,,,,Importer,K,KOTRA_SNS_2025,화장품/뷰티
330499,ID,h,,,,Importer,JEPARA,KOTRA_SNS_2025,화장품/뷰티
330499,AE,Incredible UAE,,,,Importer,ABU DHABI,KOTRA_SNS_2025,화장품/뷰티
330499,LT,알 수 없음,,,,Importer,KAUNAS,KOTRA_SNS_2025,화장품/뷰티
330499,NO,Norwegian trade holding as,,,,Importer,OSLO,KOTRA_SNS_2025,화장품/뷰티
330610,CN,Cupid Up LTD,,,,Importer,YIWU,KOTRA_SNS_2025,화장품/뷰티
330499,BY,알 수 없음,,,,Importer,MINSK,KOTRA_SNS_2025,화장품/뷰티
330610,FR,Ghislaine,,,,Importer,STFARGEAU PONTHIERRY,KOTRA_SNS_2025,화장품/뷰티
330610,US,feminibutique,,,,Importer,KAUNAS,KOTRA_SNS_2025,화장품/뷰티
330610,PL,Wardy,,,,Importer,ВАРШАВА,KOTRA_SNS_2025,화장품/뷰티
330610,UA,Buyer,,,,Importer,KYIV,KOTRA_SNS_2025,화장품/뷰티
330499,CN,Монголын Уул Уурхайн ндэсний Ассоциаци,,,,Importer,SHANGHAI,KOTRA_SNS_2025,화장품/뷰티
330749,IN,Business,,,,Importer,SALEM,KOTRA_SNS_2025,화장품/뷰티
330499,CN,mothercourt,,,,Importer,HONGKONG,KOTRA_SNS_2025,화장품/뷰티
330499,VN,greenip law firm,,,,Importer,HANOI,KOTRA_SNS_2025,화장품/뷰티
330499,IN,Shree Kay Vee Automation,,,,Importer,CHENNAI,KOTRA_SNS_2025,화장품/뷰티
330499,BH,Imas Fashion,,,,Importer,NAGERCOIL,KOTRA_SNS_2025,화장품/뷰티
330499,TT,not applicable,,,,Importer,SANGRE GRANDE,KOTRA_SNS_2025,화장품/뷰티
330749,IN,united agro chemicals,,,,Importer,HYDERABAD,KOTRA_SNS_2025,화장품/뷰티
330499,CA,Marisa Viera Hair Studio,,,,Importer,VANCOUVER,KOTRA_SNS_2025,화장품/뷰티
330499,LK,The AIM International,,,,Importer,BATTICALOA,KOTRA_SNS_2025,화장품/뷰티
330499,MA,Artoria,,,,Importer,RABAT,KOTRA_SNS_2025,화장품/뷰티
330499,IN,DOCTER,,,,Importer,SURAT,KOTRA_SNS_2025,화장품/뷰티
330499,AU,Lumina Laser Clinic,,,,Importer,MELBOURNE,KOTRA_SNS_2025,화장품/뷰티
330499,IN,Clfs,,,,Importer,THRISSUR,KOTRA_SNS_2025,화장품/뷰티
330499,AU,Olimpia Pty ltd,,,,Importer,SYDNEY,KOTRA_SNS_2025,화장품/뷰티
330499,ZA,Black Diamonds Communications,,,,Importer,JOHANNESBURG,KOTRA_SNS_2025,화장품/뷰티
330499,PH,Grand Transkor International Inc.,,,,Importer,GENERAL TRIAS,KOTRA_SNS_2025,화장품/뷰티
330499,PK,lifestyle clinic,,,,Importer,KARACHI,KOTRA_SNS_2025,화장품/뷰티
330499,US,Kenfair,,,,Importer,HK,KOTRA_SNS_2025,화장품/뷰티
330749,PH,self employed,,,,Importer,TAGUIG,KOTRA_SNS_2025,화장품/뷰티
330499,PH,Beautician,,,,Importer,MINDANAO,KOTRA_SNS_2025,화장품/뷰티
330499,ID,PT Relindo Utama,,,,Importer,JAKARTA,KOTRA_SNS_2025,화장품/뷰티
330499,CN,"B&B C0.,",,,,Importer,YIWU,KOTRA_SNS_2025,화장품/뷰티
330499,PH,JS Yabut Realty,,,,Importer,SAN FERNANDO,KOTRA_SNS_2025,화장품/뷰티
330499,TT,private,,,,Importer,PETIT VALLEY,KOTRA_SNS_2025,화장품/뷰티
330499,US,Spyra Beauty,,,,Importer,SANTA JOSE,KOTRA_SNS_2025,화장품/뷰티
330499,KR,Be Your Own Boss,,,,Importer,BAGUIO CITY,KOTRA_SNS_2025,화장품/뷰티
330499,US,Pyramedica Trading& Distribution Co,,,,Importer,CAIRO,KOTRA_SNS_2025,화장품/뷰티
330499,PK,"Amina Corporation, Rawalpindi, Pakistan",,,,Importer,RAWALPINDI,KOTRA_SNS_2025,화장품/뷰티
330499,IN,what is this,,,,Importer,SURAT,KOTRA_SNS_2025,화장품/뷰티
330499,DE,IT,,,,Importer,NAOGAON,KOTRA_SNS_2025,화장품/뷰티
330749,PK,Wood Land,,,,Importer,SAHIWAL,KOTRA_SNS_2025,화장품/뷰티
330749,IN,VYNK Spark,,,,Importer,FARIDABAD,KOTRA_SNS_2025,화장품/뷰티
330499,TT,endemic safety professionals,,,,Importer,SANGRE GRANDE,KOTRA_SNS_2025,화장품/뷰티
330499,HK,量子基因,,,,Importer,香港,KOTRA_SNS_2025,화장품/뷰티
330749,IN,Sayar timber and ply,,,,Importer,CHENNAI,KOTRA_SNS_2025,화장품/뷰티
330499,DE,Venera Camilla Hallstein,,,,Importer,FRANKFURT,KOTRA_SNS_2025,화장품/뷰티
330499,PK,Ilia Enteprise Ltd,,,,Importer,PESHAWAR,KOTRA_SNS_2025,화장품/뷰티
330499,CO,OBRAS CIVILES COLOMBIANAS SA,,,,Importer,BOGOT,KOTRA_SNS_2025,화장품/뷰티
330499,IN,OPULENCE exim,,,,Importer,AMALAPURAM,KOTRA_SNS_2025,화장품/뷰티
330499,AU,OFX,,,,Importer,PERTH,KOTRA_SNS_2025,화장품/뷰티
330499,IN,Coslux,,,,Importer,BANGALORE,KOTRA_SNS_2025,화장품/뷰티
330499,IN,Haven’t decided,,,,Importer,CHENNAI,KOTRA_SNS_2025,화장품/뷰티
330499,IN,Medilix Medical,,,,Importer,GHAZIABAD,KOTRA_SNS_2025,화장품/뷰티
330499,PK,Quality Procurement & Management Services  PVT LTD,,,,Importer,FAISALABAD,KOTRA_SNS_2025,화장품/뷰티
330499,AE,3S Global fze,,,,Importer,LAHORE,KOTRA_SNS_2025,화장품/뷰티
330499,KR,Hampshire College,,,,Importer,SEOUL,KOTRA_SNS_2025,화장품/뷰티
330499,AE,mirro tech,,,,Importer,DUBAI,KOTRA_SNS_2025,화장품/뷰티
330499,US,Shyna export,,,,Importer,NEW DELHI,KOTRA_SNS_2025,화장품/뷰티
330499,PH,Rapid Security and Investigation Agency,,,,Importer,QUEZON CITY,KOTRA_SNS_2025,화장품/뷰티
330499,IN,HM Tech,,,,Importer,SURAT,KOTRA_SNS_2025,화장품/뷰티
330499,IN,T and V Beauty Indulgence pvt ltd,,,,Importer,CHENNAI,KOTRA_SNS_2025,화장품/뷰티
330499,PH,Employed,,,,Importer,BAGUIO CITY,KOTRA_SNS_2025,화장품/뷰티
330749,BR,Bohm Enterprises,,,,Importer,TUPI PAULISTA,KOTRA_SNS_2025,화장품/뷰티
330499,LK,Entire Care Pvt Ltd,,,,Importer,COLOMBO,KOTRA_SNS_2025,화장품/뷰티
330499,IN,shoratri biomedical and safety solutions pvt ltd,,,,Importer,PATNA,KOTRA_SNS_2025,화장품/뷰티
330499,IN,IDP Education,,,,Importer,DELHI,KOTRA_SNS_2025,화장품/뷰티
330499,NZ,Beautumn t/a deiji,,,,Importer,AUCKLAND,KOTRA_SNS_2025,화장품/뷰티
330499,BD,Dr &Lab -koreana cosmetics,,,,Importer,DHAKA,KOTRA_SNS_2025,화장품/뷰티
330499,IN,"Surat, Gujarat",,,,Importer,SURAT,KOTRA_SNS_2025,화장품/뷰티
330749,IN,SLS Supermart Retail Pvt Ltd,,,,Importer,NEW DELHI,KOTRA_SNS_2025,화장품/뷰티
330499,PH,Thurston Floors inc,,,,Importer,QUEZON CITY,KOTRA_SNS_2025,화장품/뷰티
330499,IN,Kshiram29,,,,Importer,BIKANER,KOTRA_SNS_2025,화장품/뷰티
330499,IN,Mufasaman,,,,Importer,NEW DELHI,KOTRA_SNS_2025,화장품/뷰티
330749,MX,Nest Home Essentials,,,,Importer,MEXICO CITY,KOTRA_SNS_2025,화장품/뷰티
330499,PK,Chaplet International (pvt) Ltd.,,,,Importer,LAHORE,KOTRA_SNS_2025,화장품/뷰티
330499,TW,angela lee,,,,Importer,DOULIU,KOTRA_SNS_2025,화장품/뷰티
330499,BO,INMEDENT SRL,,,,Importer,LA PAZ,KOTRA_SNS_2025,화장품/뷰티
330499,IN,Cosmogenix consumer India pvt ltd,,,,Importer,KARNATAKA,KOTRA_SNS_2025,화장품/뷰티
330499,IN,Mercury Medical Equipments,,,,Importer,CHENNAI,KOTRA_SNS_2025,화장품/뷰티
330499,AU,Owner/Director at Melbourne Hoops Ltd,,,,Importer,MELBOURNE,KOTRA_SNS_2025,화장품/뷰티
330499,IN,Shellavita Supplements,,,,Importer,LUCKNOW,KOTRA_SNS_2025,화장품/뷰티
330499,AU,Daar,,,,Importer,SYDNEY,KOTRA_SNS_2025,화장품/뷰티
330499,ID,Gracia,,,,Importer,JAKARTA,KOTRA_SNS_2025,화장품/뷰티
330499,BD,Medequip Inter Trade,,,,Importer,DHAKA,KOTRA_SNS_2025,화장품/뷰티
330499,IN,B.k.hospital,,,,Importer,UTTAR PRADESH,KOTRA_SNS_2025,화장품/뷰티
330499,IN,Okuufit.com,,,,Importer,CHENNAI,KOTRA_SNS_2025,화장품/뷰티
330499,PH,MONUSCO,,,,Importer,QUEZON CITY,KOTRA_SNS_2025,화장품/뷰티
330499,IN,Bioatoms inc,,,,Importer,"MOHALI,PUNJAB",KOTRA_SNS_2025,화장품/뷰티
330499,TH,Brilliant mint,,,,Importer,AMPHOE MUANG LOEI,KOTRA_SNS_2025,화장품/뷰티
330499,BD,K M Corporation,,,,Importer,DHAKA,KOTRA_SNS_2025,화장품/뷰티
330499,PH,Freelancer,,,,Importer,SAN PABLO,KOTRA_SNS_2025,화장품/뷰티
330499,BD,Whirlbd,,,,Importer,DHAKA,KOTRA_SNS_2025,화장품/뷰티
330499,PK,reliant instruments,,,,Importer,SIALKOT,KOTRA_SNS_2025,화장품/뷰티
330499,IN,"Deputy Medical Superintendent , Coal India Limited",,,,Importer,GAUHATI,KOTRA_SNS_2025,화장품/뷰티
330499,PK,FM Traders,,,,Importer,SAHIWAL,KOTRA_SNS_2025,화장품/뷰티
330499,DE,Hey^^,,,,Importer,MUNICH,KOTRA_SNS_2025,화장품/뷰티
330499,IN,by,,,,Importer,THRISSUR,KOTRA_SNS_2025,화장품/뷰티
330499,TR,endemicphytopharma,,,,Importer,ISTANBUL,KOTRA_SNS_2025,화장품/뷰티
330499,TT,lifeinfinity Distrbuitors,,,,Importer,SANDO,KOTRA_SNS_2025,화장품/뷰티
330499,PK,Hopping,,,,Importer,LAHORE,KOTRA_SNS_2025,화장품/뷰티
330499,US,Vinamall LLC,,,,Importer,KANSAS CITY,KOTRA_SNS_2025,화장품/뷰티
330499,AU,Infiniity Shop,,,,Importer,CANBERRA,KOTRA_SNS_2025,화장품/뷰티
330499,PH,Provision Systems Enterprises,,,,Importer,LAS PIAS,KOTRA_SNS_2025,화장품/뷰티
330499,PK,Khizer Surgi Co,,,,Importer,SIALKOT,KOTRA_SNS_2025,화장품/뷰티
330499,MA,2ML,,,,Importer,CASABLANCA,KOTRA_SNS_2025,화장품/뷰티
330499,DE,MirelatheFacialist,,,,Importer,MUNICH,KOTRA_SNS_2025,화장품/뷰티
330499,TT,CSM Enterprises,,,,Importer,PORT OF SPAIN,KOTRA_SNS_2025,화장품/뷰티
330499,IN,Nes Medicorp,,,,Importer,KOCHI,KOTRA_SNS_2025,화장품/뷰티
330499,MY,Ng Company Taiping Sdn Bhd,,,,Importer,TAIPING,KOTRA_SNS_2025,화장품/뷰티
330499,PH,Avist Medical Marketing Co Ltd,,,,Importer,PARAAQUE,KOTRA_SNS_2025,화장품/뷰티
330499,US,Centauro,,,,Importer,DELHI,KOTRA_SNS_2025,화장품/뷰티
330499,AU,The Nail Shop,,,,Importer,ADELAIDE,KOTRA_SNS_2025,화장품/뷰티
330499,LB,KCLB sarl,,,,Importer,BYBLOS,KOTRA_SNS_2025,화장품/뷰티
330749,ID,Nestl,,,,Importer,BANDUNG,KOTRA_SNS_2025,화장품/뷰티
330499,MY,Unique skill sdn bhd,,,,Importer,KUALA LUMPUR,KOTRA_SNS_2025,화장품/뷰티
330499,AL,Dermotech,,,,Importer,TIRANA,KOTRA_SNS_2025,화장품/뷰티
330499,IN,matic medico spine care,,,,Importer,HYDERABAD,KOTRA_SNS_2025,화장품/뷰티
330499,TH,"Addwellsgroup co.,ltd",,,,Importer,BKK,KOTRA_SNS_2025,화장품/뷰티
330749,PE,Ikasa,,,,Importer,LIMA,KOTRA_SNS_2025,화장품/뷰티
330499,PH,Trinity Health Pharma International,,,,Importer,BAGUIO CITY,KOTRA_SNS_2025,화장품/뷰티
330749,PK,Shalimar Group of Companies,,,,Importer,ISLAMABAD,KOTRA_SNS_2025,화장품/뷰티
330499,IN,Shreeji enterprise,,,,Importer,ANKLESHWAR,KOTRA_SNS_2025,화장품/뷰티
330499,IN,Medono india,,,,Importer,DELHI,KOTRA_SNS_2025,화장품/뷰티
330499,IN,Founder President Global Business Alliance Network,,,,Importer,KOLKATA,KOTRA_SNS_2025,화장품/뷰티
330749,IN,Headstrong,,,,Importer,DELHI,KOTRA_SNS_2025,화장품/뷰티
330749,CA,Alliance group,,,,Importer,TORONTO,KOTRA_SNS_2025,화장품/뷰티
330499,HK,Mensa Marketing ltd,,,,Importer,KOWLOON,KOTRA_SNS_2025,화장품/뷰티
330499,JO,Attily Drug store,,,,Importer,AMMAN,KOTRA_SNS_2025,화장품/뷰티
330499,KR,"Korteya Co., LTD",,,,Importer,SEOUL,KOTRA_SNS_2025,화장품/뷰티
330499,US,Hema,,,,Importer,TRABZON,KOTRA_SNS_2025,화장품/뷰티
330499,IN,Abi Creations,,,,Importer,CHENNAI,KOTRA_SNS_2025,화장품/뷰티
330499,IN,Paakhi,,,,Importer,MEHSANA,KOTRA_SNS_2025,화장품/뷰티
330499,IN,BRHP,,,,Importer,DELHI,KOTRA_SNS_2025,화장품/뷰티
330499,LB,Universal Sources,,,,Importer,BEIRUT,KOTRA_SNS_2025,화장품/뷰티
330499,PH,Pawrences Pet Products,,,,Importer,MAKATI,KOTRA_SNS_2025,화장품/뷰티
330499,US,DC COSMO CLINIC,,,,Importer,MIRA ROAD IN THANE,KOTRA_SNS_2025,화장품/뷰티
330499,IN,Abacus Meditech,,,,Importer,SURAT,KOTRA_SNS_2025,화장품/뷰티
330499,ID,beauty injections,,,,Importer,SURABAYA,KOTRA_SNS_2025,화장품/뷰티
330499,IN,Manav,,,,Importer,NEW DELHI,KOTRA_SNS_2025,화장품/뷰티
330499,US,RushMe Beauty Inc,,,,Importer,CHICAGO,KOTRA_SNS_2025,화장품/뷰티
330499,LK,Premium International pvt Ltd,,,,Importer,COLOMBO,KOTRA_SNS_2025,화장품/뷰티
330499,TT,Cari Pure Cosmetics,,,,Importer,LA BREA,KOTRA_SNS_2025,화장품/뷰티
330499,IN,Na,,,,Importer,HYDERABAD,KOTRA_SNS_2025,화장품/뷰티
330499,IN,K-Baby Glow,,,,Importer,KOLKATA,KOTRA_SNS_2025,화장품/뷰티
330499,AU,Bliss Aesthetic Australia Greenvale,,,,Importer,CRAIGIEBURN,KOTRA_SNS_2025,화장품/뷰티
330749,US,favstay,,,,Importer,WHATSAPP,KOTRA_SNS_2025,화장품/뷰티
330499,ID,Personal,,,,Importer,KEDIRI,KOTRA_SNS_2025,화장품/뷰티
330499,AU,WOMD,,,,Importer,SYDNEY,KOTRA_SNS_2025,화장품/뷰티
330499,IN,Heal aesthetic,,,,Importer,CALICUT,KOTRA_SNS_2025,화장품/뷰티
330499,IN,Accord Tech,,,,Importer,VADODARA,KOTRA_SNS_2025,화장품/뷰티
330499,IN,Cegmas,,,,Importer,THRISSUR,KOTRA_SNS_2025,화장품/뷰티
330499,AU,Vitamin House Australia Pty Ltd,,,,Importer,SYDNEY,KOTRA_SNS_2025,화장품/뷰티
330499,PK,Crop Factor,,,,Importer,KARACHI,KOTRA_SNS_2025,화장품/뷰티
330499,US,AmandoBeau,,,,Importer,LAKEWOOD,KOTRA_SNS_2025,화장품/뷰티
330499,VN,VIETNAM MINH HA PHAT INDUSTRIAL JSC,,,,Importer,HO CHI MINH CITY,KOTRA_SNS_2025,화장품/뷰티
330749,MY,import & exporte,,,,Importer,HAVELIAN,KOTRA_SNS_2025,화장품/뷰티
330499,IN,Growth Sarathi Private Limited,,,,Importer,SURAT,KOTRA_SNS_2025,화장품/뷰티
330499,TT,D'Women's Beauty salon,,,,Importer,PORT OF SPAIN,KOTRA_SNS_2025,화장품/뷰티
330499,IN,Basket Leaf,,,,Importer,HYDERABAD,KOTRA_SNS_2025,화장품/뷰티
330499,IN,Unibiz Multi-Trade Pvt Ltd,,,,Importer,DAMAN,KOTRA_SNS_2025,화장품/뷰티
330499,PK,faisalabad aesthetic traders,,,,Importer,FAISALABAD,KOTRA_SNS_2025,화장품/뷰티
330499,PK,Tri tech International,,,,Importer,KARACHI,KOTRA_SNS_2025,화장품/뷰티
330499,IN,Xyz,,,,Importer,DELHI,KOTRA_SNS_2025,화장품/뷰티
330499,US,Om Day Spa,,,,Importer,W BLOOMFIELD,KOTRA_SNS_2025,화장품/뷰티
330749,IN,Grand Regency,,,,Importer,BANGALORE,KOTRA_SNS_2025,화장품/뷰티
330499,PK,Izmir Beauty Pvt Lt,,,,Importer,KARACHI,KOTRA_SNS_2025,화장품/뷰티
330499,PK,Private,,,,Importer,ISLAMABAD,KOTRA_SNS_2025,화장품/뷰티
330499,AU,Noor,,,,Importer,SYDNEY,KOTRA_SNS_2025,화장품/뷰티
330499,IN,Imagine Medical systems,,,,Importer,CHANDIGARH,KOTRA_SNS_2025,화장품/뷰티
330499,PH,Skin DeSyre Esthetic Corporation,,,,Importer,ANGELES CITY,KOTRA_SNS_2025,화장품/뷰티
330499,IN,Flipkart,,,,Importer,GURUGRAM,KOTRA_SNS_2025,화장품/뷰티
330499,ID,Youth Break the Boundaries,,,,Importer,BUMIAYU,KOTRA_SNS_2025,화장품/뷰티
330499,IN,Dermabay,,,,Importer,LUDHIANA,KOTRA_SNS_2025,화장품/뷰티
330499,CA,1077848 Alberta Ltd,,,,Importer,HI PHNG,KOTRA_SNS_2025,화장품/뷰티
330499,HK,Sam,,,,Importer,灣仔,KOTRA_SNS_2025,화장품/뷰티
330499,MA,Qatar Airways,,,,Importer,EL JADIDA,KOTRA_SNS_2025,화장품/뷰티
330499,PH,Beauwarts+,,,,Importer,MANILA,KOTRA_SNS_2025,화장품/뷰티
330499,AU,Skin Affairs,,,,Importer,MARSDEN PARK,KOTRA_SNS_2025,화장품/뷰티
330499,HK,Labelle medical,,,,Importer,HONG KONG,KOTRA_SNS_2025,화장품/뷰티
330499,PK,Zabaco,,,,Importer,MANGLA,KOTRA_SNS_2025,화장품/뷰티
330749,BD,Ash Interior,,,,Importer,DHAKA,KOTRA_SNS_2025,화장품/뷰티
330499,US,Himanshi Mehta,,,,Importer,GREATER NOIDA,KOTRA_SNS_2025,화장품/뷰티
330499,IN,DTDC Express Limited,,,,Importer,GURUGRAM,KOTRA_SNS_2025,화장품/뷰티
330749,IN,Balaji corporation,,,,Importer,VADODARA,KOTRA_SNS_2025,화장품/뷰티
330499,US,A agency,,,,Importer,ANNANDALE,KOTRA_SNS_2025,화장품/뷰티
330499,AU,Newko SPAR,,,,Importer,NEWCASTLE,KOTRA_SNS_2025,화장품/뷰티
330499,PK,Trust Trading Enterprises,,,,Importer,KARACHI,KOTRA_SNS_2025,화장품/뷰티
330499,IN,Zetrica,,,,Importer,ALWAR CITY,KOTRA_SNS_2025,화장품/뷰티
330499,DE,F,,,,Importer,BERLIN,KOTRA_SNS_2025,화장품/뷰티
330499,MY,ROSE WHITE  HQ,,,,Importer,KLANG,KOTRA_SNS_2025,화장품/뷰티
330499,LK,My paradise Mart,,,,Importer,COLOMBO,KOTRA_SNS_2025,화장품/뷰티
330499,BD,JAKMA Limited,,,,Importer,DHAKA,KOTRA_SNS_2025,화장품/뷰티
330749,VN,SATRA TRADING GROUP,,,,Importer,HO CHI MINH CITY,KOTRA_SNS_2025,화장품/뷰티
330499,CN,AR enterpeise,,,,Importer,DHAKA,KOTRA_SNS_2025,화장품/뷰티
330499,IN,jaypee instutute of infirmation technology,,,,Importer,NOIDA,KOTRA_SNS_2025,화장품/뷰티
330499,IN,Nwellness,,,,Importer,HYDERABAD,KOTRA_SNS_2025,화장품/뷰티
330499,LK,Sobalan Wellness,,,,Importer,COLOMBO,KOTRA_SNS_2025,화장품/뷰티
330499,KE,African health care,,,,Importer,BANGKOK,KOTRA_SNS_2025,화장품/뷰티
330499,BD,Q Cosmetics Limited,,,,Importer,DHAKA,KOTRA_SNS_2025,화장품/뷰티
330499,IN,CosIQ,,,,Importer,DELHI,KOTRA_SNS_2025,화장품/뷰티
330499,PK,bilal cosmetics,,,,Importer,KARACHI,KOTRA_SNS_2025,화장품/뷰티
330499,US,Fatima Abdullah Corp,,,,Importer,DEWITT,KOTRA_SNS_2025,화장품/뷰티
330499,IN,Western Square Limited,,,,Importer,NADIAD,KOTRA_SNS_2025,화장품/뷰티
330499,PK,Carrefour HyperStar Pakistan,,,,Importer,LAHORE,KOTRA_SNS_2025,화장품/뷰티
330499,MK,HIBRIDEAS DOOEL import-export Skopje,,,,Importer,SKOPJE,KOTRA_SNS_2025,화장품/뷰티
330499,IN,G S ENTERPRISES,,,,Importer,JAMSHEDPUR,KOTRA_SNS_2025,화장품/뷰티
330499,BD,"CEO,RM International",,,,Importer,DHAKA,KOTRA_SNS_2025,화장품/뷰티
330749,IN,CRAFT asia Exports,,,,Importer,NEW DELHI,KOTRA_SNS_2025,화장품/뷰티
330499,IN,Balaji health and  life care,,,,Importer,VADODARA,KOTRA_SNS_2025,화장품/뷰티
330499,IN,Anjusmriti educare LLP,,,,Importer,DELHI,KOTRA_SNS_2025,화장품/뷰티
330499,PK,Lucky Jenn Textile J828 Technopark,,,,Importer,KARACHI,KOTRA_SNS_2025,화장품/뷰티
330499,BD,The Lilium,,,,Importer,DHAKA,KOTRA_SNS_2025,화장품/뷰티
330499,BD,KB  CORPORATION,,,,Importer,DHAKA,KOTRA_SNS_2025,화장품/뷰티
330499,PK,"Enika Surgical Mfg.,Co",,,,Importer,SIALKOT,KOTRA_SNS_2025,화장품/뷰티
330499,AE,Kamran sabir electronics tr LLC,,,,Importer,DUBAI,KOTRA_SNS_2025,화장품/뷰티
330499,PH,Home,,,,Importer,MAKATI,KOTRA_SNS_2025,화장품/뷰티
330499,BD,Jsr trading corporation,,,,Importer,DHAKA,KOTRA_SNS_2025,화장품/뷰티
330499,OM,Xpress Investment Business LLC,,,,Importer,MUSCAT,KOTRA_SNS_2025,화장품/뷰티
330499,IN,Blackyak import,,,,Importer,BAHADURGARH,KOTRA_SNS_2025,화장품/뷰티
330499,IN,Zyra Cosmetics,,,,Importer,HYDERABAD,KOTRA_SNS_2025,화장품/뷰티
330499,IN,Crownit,,,,Importer,GURUGRAM,KOTRA_SNS_2025,화장품/뷰티
330499,ID,SAS Indonesia,,,,Importer,BOGOR,KOTRA_SNS_2025,화장품/뷰티
330499,IN,MOVA Energy,,,,Importer,HYDERABAD,KOTRA_SNS_2025,화장품/뷰티
330499,ID,RevComm Inc.,,,,Importer,JAKARTA,KOTRA_SNS_2025,화장품/뷰티
330499,AU,Dr P's Regenerative care clinics,,,,Importer,CRANEBROOK,KOTRA_SNS_2025,화장품/뷰티
330499,IN,Health and Blossom,,,,Importer,DELHI,KOTRA_SNS_2025,화장품/뷰티
330499,IN,Aqua Technologies,,,,Importer,BELGAUM,KOTRA_SNS_2025,화장품/뷰티
330499,PE,Logan,,,,Importer,AREQUIPA,KOTRA_SNS_2025,화장품/뷰티
330499,PH,Laborer-Operator,,,,Importer,AMBALGAN,KOTRA_SNS_2025,화장품/뷰티
330499,US,GFCP private limited,,,,Importer,UTTAR PRADESH,KOTRA_SNS_2025,화장품/뷰티
330499,BD,Moni Family,,,,Importer,DHAKA,KOTRA_SNS_2025,화장품/뷰티
330499,CN,Dan Beauty Mall,,,,Importer,HONG KONG,KOTRA_SNS_2025,화장품/뷰티
330499,PK,Hassan Enterprises,,,,Importer,GUJRANWALA,KOTRA_SNS_2025,화장품/뷰티
330499,ID,Tri anugrah,,,,Importer,JAKARTA,KOTRA_SNS_2025,화장품/뷰티
330499,EG,Ain Nawras,,,,Importer,ALEXANDRIA,KOTRA_SNS_2025,화장품/뷰티
330499,IN,Rightbrain creations pvt Ltd,,,,Importer,UDAIPUR,KOTRA_SNS_2025,화장품/뷰티
330749,DE,Zahnklinik Mill - Clinica Esthetica,,,,Importer,SCHOPFHEIM,KOTRA_SNS_2025,화장품/뷰티
330499,MY,Cosmiq universaal design,,,,Importer,SHAH ALAM,KOTRA_SNS_2025,화장품/뷰티
330499,AU,Self Employed,,,,Importer,PERTH,KOTRA_SNS_2025,화장품/뷰티
330499,US,Gamma mobile Ind pvt ltd,,,,Importer,DELHI,KOTRA_SNS_2025,화장품/뷰티
330499,PK,Institute of Skin Diseases karachi,,,,Importer,KARACHI,KOTRA_SNS_2025,화장품/뷰티
330499,IN,Pink herbal skin studio,,,,Importer,KHEDA,KOTRA_SNS_2025,화장품/뷰티
330499,IN,Noura korean skin care,,,,Importer,TIRUCHIRAPPALLI,KOTRA_SNS_2025,화장품/뷰티
330499,IN,Chhahara International LLP,,,,Importer,DELHI,KOTRA_SNS_2025,화장품/뷰티
330499,TH,"Aromatherapy co., ltd.",,,,Importer,BANGKOK,KOTRA_SNS_2025,화장품/뷰티
330499,IN,SANKET COLLECTION,,,,Importer,AGRA,KOTRA_SNS_2025,화장품/뷰티
330499,IN,Amazon.com,,,,Importer,IMPHAL,KOTRA_SNS_2025,화장품/뷰티
330499,AU,dimiya,,,,Importer,MELBOURNE,KOTRA_SNS_2025,화장품/뷰티
330499,MY,Projek Nomad,,,,Importer,KUALA LUMPUR,KOTRA_SNS_2025,화장품/뷰티
330749,IN,Saahi Hain,,,,Importer,KOLKATA,KOTRA_SNS_2025,화장품/뷰티
330499,IN,3cherryz,,,,Importer,BANGALORE,KOTRA_SNS_2025,화장품/뷰티
330499,IN,Aesthetic concept Pvt Ltd,,,,Importer,DELHI,KOTRA_SNS_2025,화장품/뷰티
330499,PH,UBC Industries,,,,Importer,METRO MANILA,KOTRA_SNS_2025,화장품/뷰티
330499,AE,Alverstone,,,,Importer,TRIVANDRUM,KOTRA_SNS_2025,화장품/뷰티
330499,IN,Vlutus,,,,Importer,DELHI,KOTRA_SNS_2025,화장품/뷰티
330499,TH,"Labmove Co.,Ltd.",,,,Importer,BANGKOK,KOTRA_SNS_2025,화장품/뷰티
330499,IN,Mahi Madan films pvt .ltd,,,,Importer,NEW DELHI,KOTRA_SNS_2025,화장품/뷰티
330499,US,Kuja care,,,,Importer,GURUGRAM,KOTRA_SNS_2025,화장품/뷰티
330499,IN,Nurturaa health tech pvt ltd,,,,Importer,HYDERABAD,KOTRA_SNS_2025,화장품/뷰티
330499,US,Amohas,,,,Importer,PALO ALTO,KOTRA_SNS_2025,화장품/뷰티
330499,AE,Scaleglobal,,,,Importer,DUBAI,KOTRA_SNS_2025,화장품/뷰티
330499,IN,TAIG,,,,Importer,CHENNAI,KOTRA_SNS_2025,화장품/뷰티
330499,MY,Nil,,,,Importer,PENANG,KOTRA_SNS_2025,화장품/뷰티
330749,TT,Swayo Digital,,,,Importer,LONDON,KOTRA_SNS_2025,화장품/뷰티
330499,AU,Mish Bioscience Pty Ltd,,,,Importer,MELBOURNE,KOTRA_SNS_2025,화장품/뷰티
330499,IN,VC Fund,,,,Importer,GAUHATI,KOTRA_SNS_2025,화장품/뷰티
330499,ID,Farmanina Clinic,,,,Importer,BEKASI,KOTRA_SNS_2025,화장품/뷰티
330499,PH,"Bodylite Center, Inc",,,,Importer,QUEZON CITY,KOTRA_SNS_2025,화장품/뷰티
330499,INDIA,Business Insider India,,,,Importer,DELHI,KOTRA_SNS_2025,화장품/뷰티
330499,PAKISTAN,Freelance,,,,Importer,RAWALPINDI,KOTRA_SNS_2025,화장품/뷰티
330499,BRAZIL,Cervejaria Petrpolis S/A,,,,Importer,TRS LAGOAS,KOTRA_SNS_2025,화장품/뷰티
330499,US,BORN2BLUSH,,,,Importer,FRISCO,KOTRA_SNS_2025,화장품/뷰티
330499,US,K Beauty That Glows,,,,Importer,AKRON,KOTRA_SNS_2025,화장품/뷰티
330499,US,Talenttack Inc,,,,Importer,OYSTER BAY,KOTRA_SNS_2025,화장품/뷰티
330499,US,Get a load of us,,,,Importer,ATLANTA,KOTRA_SNS_2025,화장품/뷰티
330499,US,HolisticPerfectSkin,,,,Importer,"NEW HAVEN, INDIANA",KOTRA_SNS_2025,화장품/뷰티
330499,US,romtech,,,,Importer,DOWNERS GROVE,KOTRA_SNS_2025,화장품/뷰티
330499,US,Kadmiel advanced aesthetics,,,,Importer,PORTLAND,KOTRA_SNS_2025,화장품/뷰티
330499,US,Sen wellness,,,,Importer,WEST CALDWELL,KOTRA_SNS_2025,화장품/뷰티
330499,PH,Batangas Regional Hospital,,,,Importer,PORT HUENEME,KOTRA_SNS_2025,화장품/뷰티
330499,US,Na,,,,Importer,MISSION VIEJO,KOTRA_SNS_2025,화장품/뷰티
330499,US,CH Trading Group LLC,,,,Importer,GARLAND,KOTRA_SNS_2025,화장품/뷰티
330499,US,Independiente,,,,Importer,BOSTON,KOTRA_SNS_2025,화장품/뷰티
330499,US,Vivaldi Inmobiliaria,,,,Importer,DALLAS,KOTRA_SNS_2025,화장품/뷰티
330499,PK,APG INTERNATIONAL,,,,Importer,LAHORE,KOTRA_SNS_2025,화장품/뷰티
330499,US,saint louris,,,,Importer,FRESNO,KOTRA_SNS_2025,화장품/뷰티
330499,US,Na,,,,Importer,CYPRESS,KOTRA_SNS_2025,화장품/뷰티
330499,US,Dermishop,,,,Importer,HOLLYWOOD,KOTRA_SNS_2025,화장품/뷰티
330499,US,Millionaire Hair Salon,,,,Importer,WINDERMERE,KOTRA_SNS_2025,화장품/뷰티
330499,US,RMS-Dealz,,,,Importer,PITTSBURG,KOTRA_SNS_2025,화장품/뷰티
330499,EC,Vitanti,,,,Importer,QUITO,KOTRA_SNS_2025,화장품/뷰티
330499,US,Avenuegenz LLC,,,,Importer,ANAHEIM,KOTRA_SNS_2025,화장품/뷰티
330499,US,Modays ENTERPRISE LLC,,,,Importer,MIDDLESEX,KOTRA_SNS_2025,화장품/뷰티
330499,US,Pmu Beauty Clinic,,,,Importer,RAHWAY,KOTRA_SNS_2025,화장품/뷰티
330499,US,Rejuva Wellness & Aesthetics LLC,,,,Importer,GREEN BAY,KOTRA_SNS_2025,화장품/뷰티
330499,US,Brounlikeme Natural Hair Care,,,,Importer,WOODLAND HILLS,KOTRA_SNS_2025,화장품/뷰티
330499,US,Esthetics labs,,,,Importer,DALLAS,KOTRA_SNS_2025,화장품/뷰티
330499,US,RushMe Beauty Inc,,,,Importer,CHICAGO,KOTRA_SNS_2025,화장품/뷰티
330499,US,Mersall inc,,,,Importer,CHICAGO,KOTRA_SNS_2025,화장품/뷰티
330499,US,Chupat llc,,,,Importer,ADDISON,KOTRA_SNS_2025,화장품/뷰티
330499,US,SwanPro Inc,,,,Importer,GEORGIA,KOTRA_SNS_2025,화장품/뷰티
330499,US,DISURI Beauty,,,,Importer,LAKE WORTH,KOTRA_SNS_2025,화장품/뷰티
330499,US,TAGCO USA,,,,Importer,CHICAGO,KOTRA_SNS_2025,화장품/뷰티
330499,US,Autnomo,,,,Importer,BETHEL,KOTRA_SNS_2025,화장품/뷰티
330499,US,Mikezshop.com,,,,Importer,TEXAS,KOTRA_SNS_2025,화장품/뷰티
330499,CH,"BEIJING SD GLOBAL CO., LTD",,,,Importer,BEIJING,KOTRA_SNS_2025,화장품/뷰티
330499,CH,"BEIJING SD GLOBAL CO., LTD",,,,Importer,BEIJING,KOTRA_SNS_2025,화장품/뷰티
330499,CN,"HENAN UNIMARK SUPPLY CHAIN MANAGEMENGT CO,LTD",,,,Importer,HENAN,KOTRA_SNS_2025,화장품/뷰티
330499,CH,"BEIJING SD GLOBAL CO., LTD",,,,Importer,BEIJING,KOTRA_SNS_2025,화장품/뷰티
330790,CH,"BEIJING SD GLOBAL CO., LTD",,,,Importer,BEIJING,KOTRA_SNS_2025,화장품/뷰티
330499,JP,jininet,,,,Importer,TOKYO,KOTRA_SNS_2025,화장품/뷰티
330499,JP,"Titania.co.,Ltd",,,,Importer,TOKYO,KOTRA_SNS_2025,화장품/뷰티
330499,JP,"DONGRAMY PROJECT CO., LTD.",,,,Importer,FUKUOKA,KOTRA_SNS_2025,화장품/뷰티
330499,JP,"Titania.co.,Ltd",,,,Importer,OSAKA,KOTRA_SNS_2025,화장품/뷰티
330499,JP,"DONGRAMY PROJECT Co., LTd",,,,Importer,OSAKA,KOTRA_SNS_2025,화장품/뷰티
330499,JP,jininet,,,,Importer,OSAKA,KOTRA_SNS_2025,화장품/뷰티
330499,CN,"HENAN UNIMARK SUPPLY CHAIN MANAGEMENGT CO,LTD",,,,Importer,HENAN,KOTRA_SNS_2025,화장품/뷰티
330499,KW,Aljenan Royal,,,,Importer,KUWAIT,KOTRA_SNS_2025,화장품/뷰티
330499,KW,Alshaya Group,,,,Importer,KUWAIT,KOTRA_SNS_2025,화장품/뷰티
330499,KW,KAC,,,,Importer,KUWAIT,KOTRA_SNS_2025,화장품/뷰티
330499,KW,Make-up artist,,,,Importer,KUWAIT,KOTRA_SNS_2025,화장품/뷰티
330499,KW,Lawyer,,,,Importer,KUWAIT,KOTRA_SNS_2025,화장품/뷰티
330499,KW,Top Group Holding Co,,,,Importer,KUWAIT,KOTRA_SNS_2025,화장품/뷰티
330499,KW,Saralili,,,,Importer,KUWAIT,KOTRA_SNS_2025,화장품/뷰티
330499,KW,Wellness By Ashraf & Co. WLL Ltd.,,,,Importer,KUWAIT,KOTRA_SNS_2025,화장품/뷰티
330499,KW,FAISAL AYEDH AL SHANFA,,,,Importer,KUWAIT,KOTRA_SNS_2025,화장품/뷰티
330499,KW,wingspired Unlimited,,,,Importer,KUWAIT,KOTRA_SNS_2025,화장품/뷰티
330499,KW,Lalibi,,,,Importer,KUWAIT,KOTRA_SNS_2025,화장품/뷰티
330499,GB,m,,,,Importer,LONDON,KOTRA_SNS_2025,화장품/뷰티
330499,PL,Mintishop,,,,Importer,LUBLIN,KOTRA_SNS_2025,화장품/뷰티
330499,ES,O,,,,Importer,SEVILLE,KOTRA_SNS_2025,화장품/뷰티
330499,CH,Www.lilovee.ch,,,,Importer,WINZNAU,KOTRA_SNS_2025,화장품/뷰티
330499,FR,Aucun,,,,Importer,TOULOUSE,KOTRA_SNS_2025,화장품/뷰티
330499,GB,tidy bum love,,,,Importer,SHEFFIELD,KOTRA_SNS_2025,화장품/뷰티
330499,US,Omar,,,,Importer,PARIS,KOTRA_SNS_2025,화장품/뷰티
330499,CZ,esk Republika,,,,Importer,KOLN,KOTRA_SNS_2025,화장품/뷰티
330499,BG,Trichotherapies.gr,,,,Importer,ΗΡΑΚΛΕΙΟ ΚΡΗΤΗΣ,KOTRA_SNS_2025,화장품/뷰티
330499,FR,Josy egy tojas,,,,Importer,THIONVILLE,KOTRA_SNS_2025,화장품/뷰티
330499,NL,power oost,,,,Importer,ENSCHEDE,KOTRA_SNS_2025,화장품/뷰티
330499,GB,Lees doughnut company,,,,Importer,PONTEFRACT,KOTRA_SNS_2025,화장품/뷰티
330499,CZ,etn,,,,Importer,CHODOV,KOTRA_SNS_2025,화장품/뷰티
330499,US,TopCat Kreations,,,,Importer,SPRING,KOTRA_SNS_2025,화장품/뷰티
330499,MX,Facebodygalerias,,,,Importer,TIJUANA,KOTRA_SNS_2025,화장품/뷰티
330499,MX,DeepSea,,,,Importer,MONTERREY,KOTRA_SNS_2025,화장품/뷰티
330499,BH,A,,,,Importer,A,KOTRA_SNS_2025,화장품/뷰티
330499,MX,aurespa,,,,Importer,MXICO,KOTRA_SNS_2025,화장품/뷰티
330499,MX,INOBELLA,,,,Importer,GUADALAJARA,KOTRA_SNS_2025,화장품/뷰티
330499,MX,Trabajo En Una Nueva Versin De Mi Mismo,,,,Importer,CUAUTITLN IZCALLI,KOTRA_SNS_2025,화장품/뷰티
330499,FR,Alan proctor,,,,Importer,NICE,KOTRA_SNS_2025,화장품/뷰티
330499,US,Carman,,,,Importer,YEMEN SANAA,KOTRA_SNS_2025,화장품/뷰티
330499,US,Touch by Tomas,,,,Importer,DALLAS,KOTRA_SNS_2025,화장품/뷰티
330499,CA,Precision Beauty Creations,,,,Importer,DRUMHELLER,KOTRA_SNS_2025,화장품/뷰티
330499,MX,Manuel y Edgar Peluqueria,,,,Importer,MONTERREY,KOTRA_SNS_2025,화장품/뷰티
330499,SE,ReclaimBeauty,,,,Importer,STOCKHOLM,KOTRA_SNS_2025,화장품/뷰티
330499,MX,Jorge Figueroa Saln,,,,Importer,SALTILLO,KOTRA_SNS_2025,화장품/뷰티
330499,GB,Beautyxpro,,,,Importer,LONDON,KOTRA_SNS_2025,화장품/뷰티
330499,DE,Vitavibe,,,,Importer,BOCHUM,KOTRA_SNS_2025,화장품/뷰티
330499,MX,Ma spa,,,,Importer,ESTADO DE MXICO,KOTRA_SNS_2025,화장품/뷰티
330499,MX,Saln de belleza Luis Valdez,,,,Importer,LEN,KOTRA_SNS_2025,화장품/뷰티
330499,US,Chmakeup,,,,Importer,ZAPOPAN,KOTRA_SNS_2025,화장품/뷰티
330499,MX,Iconika beauty shop,,,,Importer,LEN,KOTRA_SNS_2025,화장품/뷰티
330499,YE,736948116,,,,Importer,2025,KOTRA_SNS_2025,화장품/뷰티
330499,US,Taylor hair studio,,,,Importer,MEXICO CITY,KOTRA_SNS_2025,화장품/뷰티
330499,FR,Keyrus,,,,Importer,PARIS,KOTRA_SNS_2025,화장품/뷰티
330499,RU,Alwejdan Medical,,,,Importer,KAZAN,KOTRA_SNS_2025,화장품/뷰티
330499,FR,Sacha,,,,Importer,MARSEILLE,KOTRA_SNS_2025,화장품/뷰티
330499,US,Try,,,,Importer,IRAPUATO,KOTRA_SNS_2025,화장품/뷰티
330499,MX,Pammy,,,,Importer,MEXICO CITY,KOTRA_SNS_2025,화장품/뷰티
330499,IN,A7L3H0A7,,,,Importer,A7L3H0A7,KOTRA_SNS_2025,화장품/뷰티
330510,US,126 Watersedge dr OceanSprings MS39564,,,,Importer,OCEAN SPRINGS,KOTRA_SNS_2025,화장품/뷰티
330510,US,Suzanne cleaning supplies,,,,Importer,GUIN,KOTRA_SNS_2025,화장품/뷰티
330510,US,franks filtration,,,,Importer,EXETER,KOTRA_SNS_2025,화장품/뷰티
330510,VN,Thanh Binh Hometextile Company,,,,Importer,HANOI,KOTRA_SNS_2025,화장품/뷰티
330510,US,Chm sc sc kho ch đng,,,,Importer,HNG YN,KOTRA_SNS_2025,화장품/뷰티
330499,ID,YAN TV,,,,Importer,KRIAN  KEBOHARAN RT 01 RW01 KB SIDOARJO JAWA TIMUR KAK,KOTRA_SNS_2025,화장품/뷰티
330499,ID,wiraswasta,,,,Importer,JAKARTA,KOTRA_SNS_2025,화장품/뷰티
330510,ID,andigrup@gmail.com,,,,Importer,JAKARTA,KOTRA_SNS_2025,화장품/뷰티
330499,ID,Atomy Cambodia-,,,,Importer,BEKASI,KOTRA_SNS_2025,화장품/뷰티
330499,ID,Individual,,,,Importer,JAKARTA,KOTRA_SNS_2025,화장품/뷰티
330499,ID,Bjhh,,,,Importer,BANDA ACEH,KOTRA_SNS_2025,화장품/뷰티
330499,ID,Wanita Hiburan Malam,,,,Importer,INDO,KOTRA_SNS_2025,화장품/뷰티
330499,ID,no,,,,Importer,JAKARTA,KOTRA_SNS_2025,화장품/뷰티
330499,ID,sumayya corps,,,,Importer,JAKARTA,KOTRA_SNS_2025,화장품/뷰티
330499,US,hdjsbshs,,,,Importer,NEW CITY,KOTRA_SNS_2025,화장품/뷰티
330499,ID,vhhdhjb,,,,Importer,PEMATANGSIANTAR,KOTRA_SNS_2025,화장품/뷰티
330510,US,homebased,,,,Importer,WEST HAMLIN,KOTRA_SNS_2025,화장품/뷰티
330499,ID,Kalimantan timur,,,,Importer,KUPANG,KOTRA_SNS_2025,화장품/뷰티
330510,ID,85706143110,,,,Importer,SURABAYA,KOTRA_SNS_2025,화장품/뷰티
330499,GB,VD Consultancy and Resources,,,,Importer,NEWCASTLE UPON TYNE,KOTRA_SNS_2025,화장품/뷰티
330510,ID,consuktant private,,,,Importer,DEPOK,KOTRA_SNS_2025,화장품/뷰티
330499,ID,DJ Discotik,,,,Importer,BEKASI,KOTRA_SNS_2025,화장품/뷰티
330510,ID,aldian,,,,Importer,NUNUK,KOTRA_SNS_2025,화장품/뷰티
330510,HK,y,,,,Importer,HONG KONG,KOTRA_SNS_2025,화장품/뷰티
330510,ID,THIESS,,,,Importer,PALANGKARAYA,KOTRA_SNS_2025,화장품/뷰티
330499,ID,protpoti,,,,Importer,TUES,KOTRA_SNS_2025,화장품/뷰티
330510,ID,Dini,,,,Importer,JEPARA,KOTRA_SNS_2025,화장품/뷰티
330499,ID,Kreator,,,,Importer,PURWODADI,KOTRA_SNS_2025,화장품/뷰티
330499,ID,Pengusaha,,,,Importer,PEKANBARU,KOTRA_SNS_2025,화장품/뷰티
330499,ID,meniyeimo1803@gmail.com,,,,Importer,NABIRE,KOTRA_SNS_2025,화장품/뷰티
330510,ID,PT Sejahtera Hidup Anugerah Nusantara,,,,Importer,BANDUNG,KOTRA_SNS_2025,화장품/뷰티
330499,ID,j,,,,Importer,DEPOK,KOTRA_SNS_2025,화장품/뷰티
330499,VN,Projecting,,,,Importer,HO CHI MINH CITY,KOTRA_SNS_2025,화장품/뷰티
330499,ID,Oriflame,,,,Importer,JAKARTA,KOTRA_SNS_2025,화장품/뷰티
330499,ID,PT.Mencari Uang yang Berkah,,,,Importer,TEGAL,KOTRA_SNS_2025,화장품/뷰티
330499,ID,no,,,,Importer,JAKARTA,KOTRA_SNS_2025,화장품/뷰티
330510,VN,Hong Hai Department Store,,,,Importer,HANOI,KOTRA_SNS_2025,화장품/뷰티
330499,GUATEMALA,Cayala,,,,Importer,GUATEMALA CITY,KOTRA_SNS_2025,화장품/뷰티
330499,ALGERIA,Pharmaceutical Marketing,,,,Importer,ALGER,KOTRA_SNS_2025,화장품/뷰티
330499,MYANMAR,Independ,,,,Importer,TAUNGGYI DISTRICT,KOTRA_SNS_2025,화장품/뷰티
330499,QA,Niche,,,,Importer,DOHA,KOTRA_SNS_2025,화장품/뷰티
330499,EG,Glisse,,,,Importer,ALEXANDRIA,KOTRA_SNS_2025,화장품/뷰티
330499,MA,"Casablanca, Morocco",,,,Importer,CASABLANCA,KOTRA_SNS_2025,화장품/뷰티
330499,ZA,eaze nutrition,,,,Importer,SPRINGS,KOTRA_SNS_2025,화장품/뷰티
330499,DZ,Facebook,,,,Importer,SIDI BEL ABBS,KOTRA_SNS_2025,화장품/뷰티
330499,IN,Facebook,,,,Importer,INDORE,KOTRA_SNS_2025,화장품/뷰티
330499,PK,Ayesha's abaya,,,,Importer,ISLAMABAD,KOTRA_SNS_2025,화장품/뷰티
330499,IN,Aneo E com,,,,Importer,PUNE,KOTRA_SNS_2025,화장품/뷰티
330499,BD,FANCY LTD.,,,,Importer,DHAKA,KOTRA_SNS_2025,화장품/뷰티
330499,IN,Pristine,,,,Importer,GUJARAT,KOTRA_SNS_2025,화장품/뷰티
330499,BD,R. A. Technologies,,,,Importer,DHAKA,KOTRA_SNS_2025,화장품/뷰티
330499,PK,Islamabad Medical & Dental College,,,,Importer,ISLAMABAD,KOTRA_SNS_2025,화장품/뷰티
330499,US,Valentina Elizalde besuty,,,,Importer,SCOTTSDALE,KOTRA_SNS_2025,화장품/뷰티
330499,ZA,Li-In-Na General Trading,,,,Importer,FORT BEAUFORT,KOTRA_SNS_2025,화장품/뷰티
330499,PH,Marify,,,,Importer,MANILA,KOTRA_SNS_2025,화장품/뷰티
330499,PE,LumeX Group,,,,Importer,SANTIAGO DE SURCO,KOTRA_SNS_2025,화장품/뷰티
330499,ZA,Create Beauty,,,,Importer,PRETORIA,KOTRA_SNS_2025,화장품/뷰티
330499,PH,Eclipse Beauty production,,,,Importer,MANILA,KOTRA_SNS_2025,화장품/뷰티
330499,EG,cosmolab,,,,Importer,CAIRO,KOTRA_SNS_2025,화장품/뷰티
330499,AU,Self Employed,,,,Importer,PERTH,KOTRA_SNS_2025,화장품/뷰티
330499,MX,La Florida Market,,,,Importer,MEXICO CITY,KOTRA_SNS_2025,화장품/뷰티
330499,ID,ESKA,,,,Importer,JAKARTA,KOTRA_SNS_2025,화장품/뷰티
330499,PK,Facebook,,,,Importer,SINJAVI,KOTRA_SNS_2025,화장품/뷰티
330499,ZA,Girltogirl talk,,,,Importer,OAKDEN HILLS,KOTRA_SNS_2025,화장품/뷰티
330499,IN,Hoorberry pvt ltd,,,,Importer,KOLKATA,KOTRA_SNS_2025,화장품/뷰티
330499,KR,BD Online Korean Cosmetic SHOP,,,,Importer,SEOUL,KOTRA_SNS_2025,화장품/뷰티
330499,PH,,,,,Importer,QUEZON CITY,KOTRA_SNS_2025,화장품/뷰티
330499,PH,Make-up Revamp by Kate Aguilar,,,,Importer,MANILA,KOTRA_SNS_2025,화장품/뷰티
330499,SG,Fluid Enterprise Pte Ltd,,,,Importer,SINGAPORE,KOTRA_SNS_2025,화장품/뷰티
330499,PE,Not yet,,,,Importer,LIMA,KOTRA_SNS_2025,화장품/뷰티
330499,VN,EMG Education,,,,Importer,HO CHI MINH CITY,KOTRA_SNS_2025,화장품/뷰티
330499,IN,Gulf genuine,,,,Importer,MUSCAT,KOTRA_SNS_2025,화장품/뷰티
330499,ZA,zahra beauty,,,,Importer,CENTURION,KOTRA_SNS_2025,화장품/뷰티
330499,IN,Vlutus consumer pvt ltd,,,,Importer,DELHI,KOTRA_SNS_2025,화장품/뷰티
330499,PK,Ryzels Pvt. Ltd.,,,,Importer,ISLAMABAD,KOTRA_SNS_2025,화장품/뷰티
330499,IN,NIDA WELLNESS ( BEE & BEAUTY ),,,,Importer,PUNE,KOTRA_SNS_2025,화장품/뷰티
330499,PK,Safe Instruments,,,,Importer,SIALKOT,KOTRA_SNS_2025,화장품/뷰티
330499,DZ,Joher,,,,Importer,ALGIERS,KOTRA_SNS_2025,화장품/뷰티
330499,PH,Manja Spa & Salon,,,,Importer,BUTUAN CITY,KOTRA_SNS_2025,화장품/뷰티
330499,PE,"Commercial Office of Peru in Pretoria, South Africa",,,,Importer,LIMA,KOTRA_SNS_2025,화장품/뷰티
330499,IN,New,,,,Importer,MUMBAI,KOTRA_SNS_2025,화장품/뷰티
330499,IN,Bellaze,,,,Importer,CHURU,KOTRA_SNS_2025,화장품/뷰티
330499,IN,Vijaya Chemicals and toilet works,,,,Importer,CHENNAI,KOTRA_SNS_2025,화장품/뷰티
330499,IN,Eight trees ventures Pvt Ltd,,,,Importer,NEW DELHI,KOTRA_SNS_2025,화장품/뷰티
330499,EG,361 degrees,,,,Importer,CAIRO,KOTRA_SNS_2025,화장품/뷰티
330499,MX,Starmira Store,,,,Importer,LEN,KOTRA_SNS_2025,화장품/뷰티
330499,MX,Vera,,,,Importer,MEXICO CITY,KOTRA_SNS_2025,화장품/뷰티
330499,ZA,none,,,,Importer,JOHANNESBURG,KOTRA_SNS_2025,화장품/뷰티
330499,PK,kognifi,,,,Importer,FAISALABAD,KOTRA_SNS_2025,화장품/뷰티
330499,OM,Self,,,,Importer,MUSCAT,KOTRA_SNS_2025,화장품/뷰티
330499,PE,ARGANMIDAS_Per,,,,Importer,SAN ISIDRO,KOTRA_SNS_2025,화장품/뷰티
330499,PK,Glamdore Int,,,,Importer,ISLAMABAD,KOTRA_SNS_2025,화장품/뷰티
330499,US,Kiwik IT Company,,,,Importer,SYRACUSE,KOTRA_SNS_2025,화장품/뷰티
330499,PK,Zuni Aura,,,,Importer,KARANCHI,KOTRA_SNS_2025,화장품/뷰티
330499,ZA,Ara.&,,,,Importer,DURBAN,KOTRA_SNS_2025,화장품/뷰티
330499,PH,Automax Wheels Hub Inc. car dealership,,,,Importer,QUEZON CITY,KOTRA_SNS_2025,화장품/뷰티
330499,AF,Bkju,,,,Importer,DLLIKON,KOTRA_SNS_2025,화장품/뷰티
330499,IN,House of MYT,,,,Importer,JALANDHAR,KOTRA_SNS_2025,화장품/뷰티
330499,PK,hinner,,,,Importer,WAH CANTT,KOTRA_SNS_2025,화장품/뷰티
330499,TR,Self Employed,,,,Importer,ISTANBUL,KOTRA_SNS_2025,화장품/뷰티
330499,PK,MCI,,,,Importer,MULTAN,KOTRA_SNS_2025,화장품/뷰티
330499,IN,Rhine Biogenics P Ltd,,,,Importer,THRISSUR,KOTRA_SNS_2025,화장품/뷰티
330499,NZ,H&H beauty spa,,,,Importer,AUCKLAND,KOTRA_SNS_2025,화장품/뷰티
330499,EG,safe Hearts co,,,,Importer,CAIRO,KOTRA_SNS_2025,화장품/뷰티
330499,ZA,Wayward World Pty Ltd,,,,Importer,SOSHANGUVE,KOTRA_SNS_2025,화장품/뷰티
330499,IN,Marketing,,,,Importer,BHOPAL,KOTRA_SNS_2025,화장품/뷰티
330499,IN,XYZ,,,,Importer,THRISSUR,KOTRA_SNS_2025,화장품/뷰티
330499,ID,PT. SHEVADA BEAUTY KOSMETIKA,,,,Importer,JAKARTA,KOTRA_SNS_2025,화장품/뷰티
330499,IN,Sanket collection,,,,Importer,AGRA,KOTRA_SNS_2025,화장품/뷰티
330499,MX,Tzitzihua,,,,Importer,MONTERREY,KOTRA_SNS_2025,화장품/뷰티
330499,EG,Beela roma,,,,Importer,MANGATAREM,KOTRA_SNS_2025,화장품/뷰티
330499,BD,job,,,,Importer,COMILLA,KOTRA_SNS_2025,화장품/뷰티
330499,MX,Graftobian Mexico - Cosmticos Profesionales,,,,Importer,MEXICO CITY,KOTRA_SNS_2025,화장품/뷰티
330499,US,SWAT SOS 247,,,,Importer,EDENVALE,KOTRA_SNS_2025,화장품/뷰티
330499,PK,Not yet make,,,,Importer,GUJRANWALA,KOTRA_SNS_2025,화장품/뷰티
330499,PK,College of Physicians & Surgeons Pakistan,,,,Importer,ATTOCK,KOTRA_SNS_2025,화장품/뷰티
330499,IN,ABONY HEALTHCARE LTD,,,,Importer,PANIPAT,KOTRA_SNS_2025,화장품/뷰티
330499,IN,Ziu Wellness by Dr. Ashish Raja - Hair Transplant & Skin Clinic,,,,Importer,AHMEDABAD,KOTRA_SNS_2025,화장품/뷰티
330499,IN,R S,,,,Importer,DIMAPUR,KOTRA_SNS_2025,화장품/뷰티
330499,US,Maghasurya estore,,,,Importer,CHENNAI,KOTRA_SNS_2025,화장품/뷰티
330499,ZA,Brow architect,,,,Importer,JOHANNESBURG,KOTRA_SNS_2025,화장품/뷰티
330499,IN,Tanupam private limited,,,,Importer,JAIPUR,KOTRA_SNS_2025,화장품/뷰티
330499,IN,BarSana AyurVeda,,,,Importer,KAPURTHALA,KOTRA_SNS_2025,화장품/뷰티
330499,SG,JAS Living,,,,Importer,SINGAPORE,KOTRA_SNS_2025,화장품/뷰티
330499,PH,UBC,,,,Importer,MANILA,KOTRA_SNS_2025,화장품/뷰티
330499,IN,Radikem biotech,,,,Importer,BANGALORE,KOTRA_SNS_2025,화장품/뷰티
330499,IN,Nuoer chemical,,,,Importer,NAVI MUMBAI,KOTRA_SNS_2025,화장품/뷰티
330499,MA,Owner/CEO,,,,Importer,RABAT,KOTRA_SNS_2025,화장품/뷰티
330499,PK,,,,,Importer,SHAH FAISALABAD,KOTRA_SNS_2025,화장품/뷰티
330499,IN,S.Amit pvt. Ltd,,,,Importer,MUMBAI,KOTRA_SNS_2025,화장품/뷰티
330499,IN,Sclupt,,,,Importer,BANGALORE,KOTRA_SNS_2025,화장품/뷰티
330499,IN,Na,,,,Importer,KOLKATA,KOTRA_SNS_2025,화장품/뷰티
330499,SA,THE MIDDLE EAST AGENCIES,,,,Importer,ALEXANDRIA,KOTRA_SNS_2025,화장품/뷰티
330499,PK,Dental & Aesthetic clinic,,,,Importer,MIRPURKHAS,KOTRA_SNS_2025,화장품/뷰티
330499,US,DC COSMO CLINIC,,,,Importer,MIRA ROAD IN THANE,KOTRA_SNS_2025,화장품/뷰티
330499,IN,Bcauze,,,,Importer,GURUGRAM,KOTRA_SNS_2025,화장품/뷰티
330499,IN,Avue clinic,,,,Importer,KOLKATA,KOTRA_SNS_2025,화장품/뷰티
330499,IN,Best,,,,Importer,JAIPUR,KOTRA_SNS_2025,화장품/뷰티
330499,IN,CMC,,,,Importer,CHENNAI,KOTRA_SNS_2025,화장품/뷰티
330499,PK,Shobishop,,,,Importer,SANGHAR,KOTRA_SNS_2025,화장품/뷰티
330499,TH,cloud practice,,,,Importer,KRABI,KOTRA_SNS_2025,화장품/뷰티
330499,IN,Bs services,,,,Importer,INDORE,KOTRA_SNS_2025,화장품/뷰티
330499,PK,Skin rituals,,,,Importer,ISLAMABAD,KOTRA_SNS_2025,화장품/뷰티
330499,MA,Upwork,,,,Importer,AGADIR,KOTRA_SNS_2025,화장품/뷰티
330499,ZA,Department of Science and Technology,,,,Importer,JOHANNESBURG,KOTRA_SNS_2025,화장품/뷰티
330499,EG,CEO IT&M,,,,Importer,CAIRO,KOTRA_SNS_2025,화장품/뷰티
330499,IN,Uwr,,,,Importer,GURUGRAM,KOTRA_SNS_2025,화장품/뷰티
330499,PK,Chaudhry Mobile Shop.,,,,Importer,MUZAFFER GARH,KOTRA_SNS_2025,화장품/뷰티
330499,BR,De La Terre,,,,Importer,SO PAULO,KOTRA_SNS_2025,화장품/뷰티
330499,IN,ADP Private Limited,,,,Importer,MADEENAGUDA,KOTRA_SNS_2025,화장품/뷰티
330499,DZ,Tlemcen,,,,Importer,TLEMCEN,KOTRA_SNS_2025,화장품/뷰티
330499,PK,Mehr ali global pvt ltd,,,,Importer,ABBOTTABAD,KOTRA_SNS_2025,화장품/뷰티
330499,IN,Athence,,,,Importer,BANGALORE,KOTRA_SNS_2025,화장품/뷰티
330499,EG,E&Egypt,,,,Importer,GIZA,KOTRA_SNS_2025,화장품/뷰티
330499,US,smart medical,,,,Importer,KHAMIS MUSHAYT,KOTRA_SNS_2025,화장품/뷰티
330499,DZ,that's my secret,,,,Importer,BEAULIEU,KOTRA_SNS_2025,화장품/뷰티
330499,PH,Priesse Hub OPC,,,,Importer,QUEZON CITY,KOTRA_SNS_2025,화장품/뷰티
330499,MM,Shwe Kyun,,,,Importer,YANGON,KOTRA_SNS_2025,화장품/뷰티
330499,PK,The Glass skin store,,,,Importer,ISLAMABAD,KOTRA_SNS_2025,화장품/뷰티
330499,ID,Own,,,,Importer,SURABAYA,KOTRA_SNS_2025,화장품/뷰티
330499,MX,Jorge garcia,,,,Importer,GUADALAJARA,KOTRA_SNS_2025,화장품/뷰티
330499,ET,,,,,Importer,ADDIS ABABA,KOTRA_SNS_2025,화장품/뷰티
330499,PK,WiseWay Solutions Isb/Rwp,,,,Importer,RAWALPINDI,KOTRA_SNS_2025,화장품/뷰티
330499,PK,Glowia,,,,Importer,KAMOKE,KOTRA_SNS_2025,화장품/뷰티
330499,DZ,FabroZit,,,,Importer,TEBESSA,KOTRA_SNS_2025,화장품/뷰티
330499,EG,Tanta,,,,Importer,TANTA,KOTRA_SNS_2025,화장품/뷰티
330499,EG,Private Business,,,,Importer,CAIRO,KOTRA_SNS_2025,화장품/뷰티
330499,EG,Gorova,,,,Importer,NASR CITY,KOTRA_SNS_2025,화장품/뷰티
330499,PK,Allied Bank Limited,,,,Importer,SHEIKHUPURA,KOTRA_SNS_2025,화장품/뷰티
330499,OM,Achievement Pinnacle,,,,Importer,MUSCAT,KOTRA_SNS_2025,화장품/뷰티
330499,IN,Mixika,,,,Importer,HYD,KOTRA_SNS_2025,화장품/뷰티
330499,MA,New hope,,,,Importer,CASABLANCA,KOTRA_SNS_2025,화장품/뷰티
330499,IN,"Reet , yamuna vihar",,,,Importer,DELHI,KOTRA_SNS_2025,화장품/뷰티
330499,PK,msquare,,,,Importer,ISLAMABAD,KOTRA_SNS_2025,화장품/뷰티
330499,JO,Almunir,,,,Importer,AMMAN,KOTRA_SNS_2025,화장품/뷰티
330499,ZA,Connect Global,,,,Importer,PRETORIA,KOTRA_SNS_2025,화장품/뷰티
330499,IN,Goenkas Pharmaceuticals,,,,Importer,FARIDABAD,KOTRA_SNS_2025,화장품/뷰티
330499,ET,No,,,,Importer,ADDIS ABEBA,KOTRA_SNS_2025,화장품/뷰티
330499,IN,VILLAS Naturals,,,,Importer,FATEHABAD,KOTRA_SNS_2025,화장품/뷰티
330499,US,Tsa Group LLC,,,,Importer,DOVER,KOTRA_SNS_2025,화장품/뷰티
330499,IN,Diva's beauty,,,,Importer,BANGALORE,KOTRA_SNS_2025,화장품/뷰티
330499,IN,Not Yet Working,,,,Importer,BHATKAL,KOTRA_SNS_2025,화장품/뷰티
330499,ID,K3mart,,,,Importer,JAKARTA,KOTRA_SNS_2025,화장품/뷰티
330499,ZA,K's Shop,,,,Importer,PORT ELIZABETH,KOTRA_SNS_2025,화장품/뷰티
330499,IN,Onviy,,,,Importer,MUMBAI,KOTRA_SNS_2025,화장품/뷰티
330499,IN,Dr Pharma,,,,Importer,TRIVANDRUM,KOTRA_SNS_2025,화장품/뷰티
330499,IN,Opulent aesthetics,,,,Importer,BANGALORE,KOTRA_SNS_2025,화장품/뷰티
330499,IN,Neetha Bhoopalam,,,,Importer,BANGALORE,KOTRA_SNS_2025,화장품/뷰티
330499,IN,Aggarwal Foundry & Engineering Works,,,,Importer,FARIDABAD,KOTRA_SNS_2025,화장품/뷰티
330499,ID,valtama's,,,,Importer,JAKBAR,KOTRA_SNS_2025,화장품/뷰티
330499,IN,O3 Plus,,,,Importer,BARODA,KOTRA_SNS_2025,화장품/뷰티
330499,IN,Healthandblossom,,,,Importer,KOHIMA,KOTRA_SNS_2025,화장품/뷰티
330499,PK,Zarrar Tech Digital marketing Agency,,,,Importer,ISLAMABAD,KOTRA_SNS_2025,화장품/뷰티
330499,IN,Trupex,,,,Importer,JAIPUR,KOTRA_SNS_2025,화장품/뷰티
330499,PK,al ameen,,,,Importer,PUNJAB,KOTRA_SNS_2025,화장품/뷰티
330499,IN,Yash and Company,,,,Importer,VARANASI,KOTRA_SNS_2025,화장품/뷰티
330499,IN,Krishmadh healthcare,,,,Importer,MUMBAI,KOTRA_SNS_2025,화장품/뷰티
330499,EG,Vetrina,,,,Importer,CAIRO,KOTRA_SNS_2025,화장품/뷰티
330499,PK,New,,,,Importer,KHANEWAL,KOTRA_SNS_2025,화장품/뷰티
330499,PE,Pura,,,,Importer,ATE,KOTRA_SNS_2025,화장품/뷰티
330499,IN,London college of interior design,,,,Importer,PONNANI,KOTRA_SNS_2025,화장품/뷰티
330499,PK,NAS CO,,,,Importer,NAS CO,KOTRA_SNS_2025,화장품/뷰티
330499,US,Eminence Beauty,,,,Importer,PRETORIA,KOTRA_SNS_2025,화장품/뷰티
330499,IN,Mkg enterprise,,,,Importer,GHAZIABAD,KOTRA_SNS_2025,화장품/뷰티
330499,PK,Not Yet Working,,,,Importer,SHEIKHUPURA,KOTRA_SNS_2025,화장품/뷰티
330499,HK,Invoice header: *** Inc.,,,,Importer,MYANMAR,KOTRA_SNS_2025,화장품/뷰티
330499,TH,Organics Glow Lab,,,,Importer,BANGKOK,KOTRA_SNS_2025,화장품/뷰티
330499,OM,Zahoor Group,,,,Importer,MUSCAT,KOTRA_SNS_2025,화장품/뷰티
330499,IN,Magical elixir,,,,Importer,KURUMATHUR,KOTRA_SNS_2025,화장품/뷰티
330499,ZA,Eun k beauty,,,,Importer,SANDTON,KOTRA_SNS_2025,화장품/뷰티
330499,IN,Fortune International,,,,Importer,AHMEDABAD,KOTRA_SNS_2025,화장품/뷰티
330499,PE,Ebro Amaturen,,,,Importer,LIMA,KOTRA_SNS_2025,화장품/뷰티
330499,PH,WSG,,,,Importer,MANILA,KOTRA_SNS_2025,화장품/뷰티
330499,JO,Bella Life Style Establishment,,,,Importer,AMMAN,KOTRA_SNS_2025,화장품/뷰티
330499,DZ,Global Parfait Service Bureau D'affaire,,,,Importer,BLIDA,KOTRA_SNS_2025,화장품/뷰티
330499,IN,united agro chemicals,,,,Importer,HYDERABAD,KOTRA_SNS_2025,화장품/뷰티
330499,IN,Indian Globalstore,,,,Importer,MUMBAI,KOTRA_SNS_2025,화장품/뷰티
330499,EG,.,,,,Importer,CAIRO,KOTRA_SNS_2025,화장품/뷰티
330499,BD,ApplyGen,,,,Importer,DHAKA,KOTRA_SNS_2025,화장품/뷰티
330499,IN,Roovii trading,,,,Importer,PUNE,KOTRA_SNS_2025,화장품/뷰티
330499,US,Dr glow,,,,Importer,BAGALKOT,KOTRA_SNS_2025,화장품/뷰티
330499,IN,Timetraveler,,,,Importer,AHMEDABAD,KOTRA_SNS_2025,화장품/뷰티
330499,MA,foodstuff traiding,,,,Importer,TANGER BOUKHALEF,KOTRA_SNS_2025,화장품/뷰티
330499,DZ,Dermavie,,,,Importer,STIF,KOTRA_SNS_2025,화장품/뷰티
330499,EG,Skafe Oman,,,,Importer,ALEXANDRIA,KOTRA_SNS_2025,화장품/뷰티
330499,BR,Diebold Nixdorf,,,,Importer,SO PAULO,KOTRA_SNS_2025,화장품/뷰티
330499,IN,Sparc Studio,,,,Importer,BANGALORE,KOTRA_SNS_2025,화장품/뷰티
330499,IN,Paras Marketing,,,,Importer,RAJAHMUNDRY,KOTRA_SNS_2025,화장품/뷰티
330499,EG,Prince Romany Company,,,,Importer,CAIRO,KOTRA_SNS_2025,화장품/뷰티
330499,IN,Skin clinic,,,,Importer,MANCHERIAL,KOTRA_SNS_2025,화장품/뷰티
330499,IN,Weikfield,,,,Importer,PUNE,KOTRA_SNS_2025,화장품/뷰티
330499,EG,Iconic icon,,,,Importer,CAIRO,KOTRA_SNS_2025,화장품/뷰티
330499,IN,Bhandari Enterprises,,,,Importer,KARNAL,KOTRA_SNS_2025,화장품/뷰티
330499,PK,Bahauddin Zakariya University Multan,,,,Importer,MULTAN,KOTRA_SNS_2025,화장품/뷰티
330499,EG,DJ Perception Entertainment,,,,Importer,CAIRO,KOTRA_SNS_2025,화장품/뷰티
330499,PH,GoShop Trading,,,,Importer,VALENCIA,KOTRA_SNS_2025,화장품/뷰티
330499,KH,pinkflash,,,,Importer,PHNOM PENH,KOTRA_SNS_2025,화장품/뷰티
330499,IN,Nisarga Biodegradable Products,,,,Importer,HYDERABAD,KOTRA_SNS_2025,화장품/뷰티
330499,PE,Import California,,,,Importer,LIMA,KOTRA_SNS_2025,화장품/뷰티
330499,US,sarl costotal,,,,Importer,ALGER,KOTRA_SNS_2025,화장품/뷰티
330499,IN,Truecarehealths,,,,Importer,MUMBAI,KOTRA_SNS_2025,화장품/뷰티
330499,MA,Niya aesthetics center,,,,Importer,CASABLANCA,KOTRA_SNS_2025,화장품/뷰티
330499,US,oasis Grace llc,,,,Importer,MUSCAT,KOTRA_SNS_2025,화장품/뷰티
330499,IN,Eraise Glad Healthcare,,,,Importer,UDAIPUR,KOTRA_SNS_2025,화장품/뷰티
330499,IN,D9 skincare,,,,Importer,MUMBAI,KOTRA_SNS_2025,화장품/뷰티
330499,BD,Lumra,,,,Importer,DHAKA,KOTRA_SNS_2025,화장품/뷰티
330499,JO,Dumyah,,,,Importer,AMMAN,KOTRA_SNS_2025,화장품/뷰티
330499,EG,merna,,,,Importer,BENHA,KOTRA_SNS_2025,화장품/뷰티
330499,IN,Rejoice collection,,,,Importer,DELHI,KOTRA_SNS_2025,화장품/뷰티
330499,PK,Crescent school,,,,Importer,KHARIAN CANTT,KOTRA_SNS_2025,화장품/뷰티
330499,IN,Manav,,,,Importer,NEW DELHI,KOTRA_SNS_2025,화장품/뷰티
330499,IN,Self Employed,,,,Importer,KASHIPUR,KOTRA_SNS_2025,화장품/뷰티
330499,IN,Can not disclose,,,,Importer,CHANDIGARH,KOTRA_SNS_2025,화장품/뷰티
330499,PK,Student,,,,Importer,DARYA KHAN,KOTRA_SNS_2025,화장품/뷰티
330499,IN,Eklaviya Healthsphere,,,,Importer,NERUL,KOTRA_SNS_2025,화장품/뷰티
330499,IN,Clarica Life Style Private Limited,,,,Importer,KOLKATA,KOTRA_SNS_2025,화장품/뷰티
330499,VN,Thnh ph H Ni,,,,Importer,H NI,KOTRA_SNS_2025,화장품/뷰티
330499,ID,Karyn,,,,Importer,SURAKARTA,KOTRA_SNS_2025,화장품/뷰티
330499,MX,BC clinik,,,,Importer,METEPEC,KOTRA_SNS_2025,화장품/뷰티
330499,PE,Administracion de productos farmaceuticos,,,,Importer,LIMA,KOTRA_SNS_2025,화장품/뷰티
330499,EG,BRIDGEINVESTMENTCOMMERCIAL,,,,Importer,ALEXANDRIA,KOTRA_SNS_2025,화장품/뷰티
330499,TH,Kcc,,,,Importer,BANGKOK,KOTRA_SNS_2025,화장품/뷰티
330499,IN,Oberoi group,,,,Importer,PUNE,KOTRA_SNS_2025,화장품/뷰티
330499,EG,S.F.N Pharma,,,,Importer,CAIRO,KOTRA_SNS_2025,화장품/뷰티
330499,MA,Beauty concept,,,,Importer,CASABLANCA,KOTRA_SNS_2025,화장품/뷰티
330499,PK,Generation Trends,,,,Importer,ICHRA,KOTRA_SNS_2025,화장품/뷰티
330499,MA,Byfaiza -jewel,,,,Importer,AGADIR,KOTRA_SNS_2025,화장품/뷰티
330499,ZA,Franck Global,,,,Importer,JOHANNESBURG,KOTRA_SNS_2025,화장품/뷰티
330499,IN,VG MEDIA MIX,,,,Importer,COIMBATORE,KOTRA_SNS_2025,화장품/뷰티
330499,ZA,Loredom,,,,Importer,CAPE TOWN,KOTRA_SNS_2025,화장품/뷰티
330499,GB,Binary Media London,,,,Importer,LONDON,KOTRA_SNS_2025,화장품/뷰티
330499,PK,Any,,,,Importer,ISLAMABAD,KOTRA_SNS_2025,화장품/뷰티
330499,IN,Rani Group of Companies,,,,Importer,MUMBAI,KOTRA_SNS_2025,화장품/뷰티
330499,IN,Herbify cosmetics private limited,,,,Importer,BHOPAL,KOTRA_SNS_2025,화장품/뷰티
330499,IN,Y,,,,Importer,HYDERABAD,KOTRA_SNS_2025,화장품/뷰티
330499,BR,Atos Farmcia de Manipulao,,,,Importer,SO PAULO,KOTRA_SNS_2025,화장품/뷰티
330499,BR,Klassvough,,,,Importer,SO PAULO,KOTRA_SNS_2025,화장품/뷰티
330499,ZA,none,,,,Importer,PRETORIA,KOTRA_SNS_2025,화장품/뷰티
330499,IN,Self Employed,,,,Importer,NAGPUR,KOTRA_SNS_2025,화장품/뷰티
330499,IN,Lozara Life,,,,Importer,ALAPPUZHA,KOTRA_SNS_2025,화장품/뷰티
330499,IN,Livacom,,,,Importer,MUMBAI,KOTRA_SNS_2025,화장품/뷰티
330499,ZA,It's all yours Trading and projects pty Ltd,,,,Importer,PRETORIA,KOTRA_SNS_2025,화장품/뷰티
330499,PK,medicative,,,,Importer,MARDAN,KOTRA_SNS_2025,화장품/뷰티
330499,IN,Hi,,,,Importer,NANDED WAGHALA,KOTRA_SNS_2025,화장품/뷰티
330499,IN,Costhetic Lifescience Pvt LTD,,,,Importer,PUNE,KOTRA_SNS_2025,화장품/뷰티
330499,PK,Charisma cosmetic,,,,Importer,FAISALABAD,KOTRA_SNS_2025,화장품/뷰티
330499,MX,Dermik,,,,Importer,MEXICO CITY,KOTRA_SNS_2025,화장품/뷰티
330499,IN,Corev,,,,Importer,COCHIN,KOTRA_SNS_2025,화장품/뷰티
330499,PK,Website99,,,,Importer,ISLAMABAD,KOTRA_SNS_2025,화장품/뷰티
330499,PK,EzySupplise,,,,Importer,GUJRANWALA,KOTRA_SNS_2025,화장품/뷰티
330499,PK,TOOLTECTRA,,,,Importer,SIALKOT,KOTRA_SNS_2025,화장품/뷰티
330499,IN,LA VIBRA MONARK,,,,Importer,COIMBATORE,KOTRA_SNS_2025,화장품/뷰티
330499,EG,Mega Integrated Solutions FZCO UAE,,,,Importer,CAIRO,KOTRA_SNS_2025,화장품/뷰티
330499,OM,IAS Engineering consultancy,,,,Importer,MUSCAT,KOTRA_SNS_2025,화장품/뷰티
330499,MA,musky,,,,Importer,CASA,KOTRA_SNS_2025,화장품/뷰티
330499,BD,IPDC Finance Limited,,,,Importer,DHAKA,KOTRA_SNS_2025,화장품/뷰티
330499,CI,GlowStore,,,,Importer,ABIDJAN,KOTRA_SNS_2025,화장품/뷰티
330499,MA,Lanching soon,,,,Importer,MARRAKESH,KOTRA_SNS_2025,화장품/뷰티
330499,KH,Phimean,,,,Importer,PP,KOTRA_SNS_2025,화장품/뷰티
330499,BR,Florense,,,,Importer,SO PAULO,KOTRA_SNS_2025,화장품/뷰티
330499,ZA,Department of Health,,,,Importer,JOHANNESBURG,KOTRA_SNS_2025,화장품/뷰티
330499,SG,Symple Marketing,,,,Importer,SINGAPORE,KOTRA_SNS_2025,화장품/뷰티
330499,BR,Em construo,,,,Importer,CONTAGEM,KOTRA_SNS_2025,화장품/뷰티
330499,PH,Stay gorgeous,,,,Importer,MANILA,KOTRA_SNS_2025,화장품/뷰티
330499,IN,IshitaVeda,,,,Importer,HOWRAH,KOTRA_SNS_2025,화장품/뷰티
330499,US,Skin by dana,,,,Importer,EILAT,KOTRA_SNS_2025,화장품/뷰티
330499,US,Aspiration,,,,Importer,CAIRO,KOTRA_SNS_2025,화장품/뷰티
330499,PH,Aqbat trade and marketing,,,,Importer,TAGUIG,KOTRA_SNS_2025,화장품/뷰티
330499,PK,Traders,,,,Importer,ISLAMABAD,KOTRA_SNS_2025,화장품/뷰티
330499,BD,Arotex,,,,Importer,DHAKA,KOTRA_SNS_2025,화장품/뷰티
330499,PK,nafay khan group of companies,,,,Importer,QUETTA,KOTRA_SNS_2025,화장품/뷰티
330499,IN,Bioatoms inc,,,,Importer,"MOHALI,PUNJAB",KOTRA_SNS_2025,화장품/뷰티
330499,EG,Tag El Din,,,,Importer,CAIRO,KOTRA_SNS_2025,화장품/뷰티
330499,DZ,Pharmacie SUN STORE,,,,Importer,CONSTANTINE,KOTRA_SNS_2025,화장품/뷰티
330499,ZA,The agency,,,,Importer,CAPE TOWN,KOTRA_SNS_2025,화장품/뷰티
330499,MA,Yesskin,,,,Importer,CASABLANCA,KOTRA_SNS_2025,화장품/뷰티
330499,IN,Foresight Business Ventures LLP,,,,Importer,MUMBAI,KOTRA_SNS_2025,화장품/뷰티
330499,BD,Shoppy,,,,Importer,"KAHALOO, BOGURA",KOTRA_SNS_2025,화장품/뷰티
330499,MX,Cirudermmx,,,,Importer,MEXICO CITY,KOTRA_SNS_2025,화장품/뷰티
330499,MX,Salang Beauty,,,,Importer,MEXICO CITY,KOTRA_SNS_2025,화장품/뷰티
330499,IN,Business,,,,Importer,GURGAON,KOTRA_SNS_2025,화장품/뷰티
330499,AE,"Neopharma, United Arab Emirates",,,,Importer,DUBAI,KOTRA_SNS_2025,화장품/뷰티
330499,IN,Calistta healthcare,,,,Importer,AHMEDABAD,KOTRA_SNS_2025,화장품/뷰티
330499,IN,Prajwalit Infra Pvt Ltd,,,,Importer,PUNE,KOTRA_SNS_2025,화장품/뷰티
330499,MA,Acps,,,,Importer,CASABLANCA,KOTRA_SNS_2025,화장품/뷰티
330499,IN,Not yet,,,,Importer,NAGRAKATA,KOTRA_SNS_2025,화장품/뷰티
330499,US,Nutral Beauty Products Trading,,,,Importer,SAN LEANDRO,KOTRA_SNS_2025,화장품/뷰티
330499,IN,MULTITRADE,,,,Importer,MUMBAI,KOTRA_SNS_2025,화장품/뷰티
330499,BR,ABN8 Trading,,,,Importer,SO PAULO,KOTRA_SNS_2025,화장품/뷰티
330499,EG,New,,,,Importer,CAIRO,KOTRA_SNS_2025,화장품/뷰티
330499,ZA,Oxford fashion,,,,Importer,JOHANNESBURG,KOTRA_SNS_2025,화장품/뷰티
330499,IN,Paakhi enterprise,,,,Importer,MEHSANA,KOTRA_SNS_2025,화장품/뷰티
330499,IN,Sidisha Industries,,,,Importer,NAVI MUMBAI,KOTRA_SNS_2025,화장품/뷰티
330499,KH,Phnom Penh,,,,Importer,PHNOM PENH,KOTRA_SNS_2025,화장품/뷰티
330499,ET,Bahir Dar University,,,,Importer,ADDIS ABABA,KOTRA_SNS_2025,화장품/뷰티
330499,JO,SR partners,,,,Importer,AMMAN,KOTRA_SNS_2025,화장품/뷰티
330499,ID,MK Skin Clinic Bali,,,,Importer,UBUD,KOTRA_SNS_2025,화장품/뷰티
330499,IN,Cutibless health care pvt ltd,,,,Importer,DAVANGERE,KOTRA_SNS_2025,화장품/뷰티
330499,IN,Ark inc,,,,Importer,KOCHI,KOTRA_SNS_2025,화장품/뷰티
330499,ID,Stunica Sm Ikm Fkui,,,,Importer,JAKARTA,KOTRA_SNS_2025,화장품/뷰티
330499,US,FSF,,,,Importer,RAWALPINDI,KOTRA_SNS_2025,화장품/뷰티
330499,EG,Al Serafy Group of Pharmacies,,,,Importer,GIZA,KOTRA_SNS_2025,화장품/뷰티
330499,DZ,LABORATOIRE NOSSENCE,,,,Importer,BLIDA,KOTRA_SNS_2025,화장품/뷰티
330499,IN,Siyara beauty LLP,,,,Importer,AHMEDABAD,KOTRA_SNS_2025,화장품/뷰티
330499,MX,Natalia Castillo,,,,Importer,SAN LUIS POTOS,KOTRA_SNS_2025,화장품/뷰티
330499,IN,Samkhyaa,,,,Importer,HYDERABAD,KOTRA_SNS_2025,화장품/뷰티
330499,MA,Innov market,,,,Importer,RABAT,KOTRA_SNS_2025,화장품/뷰티
330499,QA,Dawaa pharmacy,,,,Importer,DOHA,KOTRA_SNS_2025,화장품/뷰티
330499,IN,Gold Aesthetics Care Pvt Ltd,,,,Importer,MUMBAI,KOTRA_SNS_2025,화장품/뷰티
330499,IN,Kuja care,,,,Importer,4933,KOTRA_SNS_2025,화장품/뷰티
330499,ZA,EQS EVENTS HOLDINGS,,,,Importer,JOHANNESBURG,KOTRA_SNS_2025,화장품/뷰티
330499,ET,Gold mining company,,,,Importer,ASOSA,KOTRA_SNS_2025,화장품/뷰티
330499,PK,natercan,,,,Importer,GUJRANWALA,KOTRA_SNS_2025,화장품/뷰티
330499,IN,Scions Business Solutions,,,,Importer,KOCHI,KOTRA_SNS_2025,화장품/뷰티
330499,AL,Rubgbmb,,,,Importer,SO FIDLIS,KOTRA_SNS_2025,화장품/뷰티
330499,IN,medimart,,,,Importer,CALICUT,KOTRA_SNS_2025,화장품/뷰티
330499,ZA,Beauty Worx,,,,Importer,JOHANNESBURG,KOTRA_SNS_2025,화장품/뷰티
330499,IN,Katalysst,,,,Importer,MUMBAI,KOTRA_SNS_2025,화장품/뷰티
340130,HK,Youtuber,,,,Importer,HONG KONG,KOTRA_SNS_2025,화장품/뷰티
330499,HK,Exquisite International Holding Co Ltd,,,,Importer,SHEUNG SHUI,KOTRA_SNS_2025,화장품/뷰티
330499,SG,NEORM,,,,Importer,SINGAPORE,KOTRA_SNS_2025,화장품/뷰티
330499,US,"Absolute Goals, Inc.",,,,Importer,BALTIMORE,KOTRA_SNS_2025,화장품/뷰티
340130,HK,reFOODlution Ltd,,,,Importer,HONGKONG,KOTRA_SNS_2025,화장품/뷰티
340130,CN,MedCareer Company,,,,Importer,BEIJING,KOTRA_SNS_2025,화장품/뷰티
330499,HK,Beauty Balance,,,,Importer,HK,KOTRA_SNS_2025,화장품/뷰티
330499,SG,Skinmedics Singapore,,,,Importer,THOMSON,KOTRA_SNS_2025,화장품/뷰티
340130,VN,TH hospitality Vietnam,,,,Importer,HANOI,KOTRA_SNS_2025,화장품/뷰티
340130,VN,KOJA MART,,,,Importer,HANOI,KOTRA_SNS_2025,화장품/뷰티
330499,ID,Pilar Terapan Indonesia,,,,Importer,JAKARTA,KOTRA_SNS_2025,화장품/뷰티
330499,TH,.,,,,Importer,NONTHABURI,KOTRA_SNS_2025,화장품/뷰티
330499,VN,gurukai vietnam,,,,Importer,THNH PH H CH MINH,KOTRA_SNS_2025,화장품/뷰티
330499,TH,Wood way print,,,,Importer,HAD YAI,KOTRA_SNS_2025,화장품/뷰티
340130,SG,Ayurveda wellness,,,,Importer,SINGAPORE,KOTRA_SNS_2025,화장품/뷰티
330499,ID,AsiaTrip,,,,Importer,BANDUNG,KOTRA_SNS_2025,화장품/뷰티
330499,SG,Arome Concepts,,,,Importer,SINGAPORE,KOTRA_SNS_2025,화장품/뷰티
330499,VN,"VIMC Co,.ltd",,,,Importer,HO CHI MINH CITY,KOTRA_SNS_2025,화장품/뷰티
340130,ES,Labeauty,,,,Importer,TORREVIEJA,KOTRA_SNS_2025,화장품/뷰티
340130,SG,Traders@Work Pte Ltd,,,,Importer,SINGAPORE,KOTRA_SNS_2025,화장품/뷰티
330499,SG,Fluid Enterprise Pte Ltd,,,,Importer,SINGAPORE,KOTRA_SNS_2025,화장품/뷰티
330499,ID,Oka,,,,Importer,JAKARTA,KOTRA_SNS_2025,화장품/뷰티
330499,HK,Mensa Marketing ltd,,,,Importer,KOWLOON,KOTRA_SNS_2025,화장품/뷰티
330499,HK,Dan Beauty,,,,Importer,HK,KOTRA_SNS_2025,화장품/뷰티
330499,TW,KDS company ltd,,,,Importer,TAOYUAN DISTRICT,KOTRA_SNS_2025,화장품/뷰티
330499,SG,Bud Communications,,,,Importer,SINGAPORE,KOTRA_SNS_2025,화장품/뷰티
330499,US,Studio86,,,,Importer,ASTORIA,KOTRA_SNS_2025,화장품/뷰티
330499,ID,PT Rawikara Mungkasi Nusantara,,,,Importer,JAKARTA,KOTRA_SNS_2025,화장품/뷰티
330499,TH,Junpundong Company,,,,Importer,BANGKOK,KOTRA_SNS_2025,화장품/뷰티
330499,US,The glow place,,,,Importer,MOUNT PROSPECT,KOTRA_SNS_2025,화장품/뷰티
330499,PT,Pginas Amarelas,,,,Importer,ANGRA DO HEROSMO,KOTRA_SNS_2025,화장품/뷰티
340130,ID,ENREACH,,,,Importer,TANGERANG,KOTRA_SNS_2025,화장품/뷰티
340130,US,Marketwoori,,,,Importer,EDGEWATER,KOTRA_SNS_2025,화장품/뷰티
330499,IN,Mufasaman,,,,Importer,DELHI,KOTRA_SNS_2025,화장품/뷰티
330499,MY,"Kuala Lumpur, Malaysia",,,,Importer,KUALA LUMPUR,KOTRA_SNS_2025,화장품/뷰티
330499,ID,PT RELINGTON TRELOG,,,,Importer,JAKARTA,KOTRA_SNS_2025,화장품/뷰티
340130,DE,Eventures Ltd,,,,Importer,HONG KONG,KOTRA_SNS_2025,화장품/뷰티
330499,US,SJ Start,,,,Importer,SUWANEE,KOTRA_SNS_2025,화장품/뷰티
330499,ID,PT. Lejel Shopping,,,,Importer,JAKARTA,KOTRA_SNS_2025,화장품/뷰티
330499,MY,star Brandasia,,,,Importer,PETALING JAYA,KOTRA_SNS_2025,화장품/뷰티
340130,ID,Ovy Health,,,,Importer,JAKARTA,KOTRA_SNS_2025,화장품/뷰티
330499,JP,"Florentia Co.,LTD",,,,Importer,OSAKA,KOTRA_SNS_2025,화장품/뷰티
330499,US,Amohas,,,,Importer,PALO ALTO,KOTRA_SNS_2025,화장품/뷰티
330499,TRKIYE,atauni1957,,,,Importer,ISTANBUL,KOTRA_SNS_2025,화장품/뷰티
330499,TW,"Beautyicon International Co., Ltd",,,,Importer,TAIPEI,KOTRA_SNS_2025,화장품/뷰티
330499,MOZAMBIQUE,Limitless,,,,Importer,MAPUTO,KOTRA_SNS_2025,화장품/뷰티
330499,MOZAMBIQUE,Sukoon Beauty,,,,Importer,MAPUTO,KOTRA_SNS_2025,화장품/뷰티
330499,MOZAMBIQUE,Gente Gira,,,,Importer,MAPUTO,KOTRA_SNS_2025,화장품/뷰티
330499,MOZAMBIQUE,FCC SHOP,,,,Importer,MAPUTO,KOTRA_SNS_2025,화장품/뷰티
330499,MOZAMBIQUE,Ruma Aesthetic,,,,Importer,MAPUTO,KOTRA_SNS_2025,화장품/뷰티
330499,MOZAMBIQUE,Rekinty beauty,,,,Importer,MAPUTO,KOTRA_SNS_2025,화장품/뷰티
330499,MOZAMBIQUE,KIARA,,,,Importer,MAPUTO,KOTRA_SNS_2025,화장품/뷰티
330499,MOZAMBIQUE,TRPS,,,,Importer,MAPUTO,KOTRA_SNS_2025,화장품/뷰티
330499,ANGOLA,COSLAB,,,,Importer,LUANDA,KOTRA_SNS_2025,화장품/뷰티
330499,MOZAMBIQUE,Farafina,,,,Importer,MAPUTO,KOTRA_SNS_2025,화장품/뷰티
330499,MOZAMBIQUE,Makeupmania,,,,Importer,MAPUTO,KOTRA_SNS_2025,화장품/뷰티
330499,MOZAMBIQUE,Mazi Clinica de esttica,,,,Importer,MAPUTO,KOTRA_SNS_2025,화장품/뷰티
330499,MOZAMBIQUE,CAL Boutique,,,,Importer,MAPUTO,KOTRA_SNS_2025,화장품/뷰티
330499,ANGOLA,SIVOP,,,,Importer,LUANDA,KOTRA_SNS_2025,화장품/뷰티
330499,ANGOLA,Bela Marina,,,,Importer,LUANDA,KOTRA_SNS_2025,화장품/뷰티
330499,ANGOLA,Perfumes & beleza,,,,Importer,LUANDA,KOTRA_SNS_2025,화장품/뷰티
330499,ANGOLA,IF Estetica e Fisioterapia,,,,Importer,LUANDA,KOTRA_SNS_2025,화장품/뷰티
330499,ANGOLA,Karisma do Corpo,,,,Importer,LUANDA,KOTRA_SNS_2025,화장품/뷰티
330499,MOZAMBIQUE,Qimari,,,,Importer,MAPUTO,KOTRA_SNS_2025,화장품/뷰티
330499,MOZAMBIQUE,Evolution Clinic Caresa,,,,Importer,MAPUTO,KOTRA_SNS_2025,화장품/뷰티
330499,MOZAMBIQUE,NAIL'sh,,,,Importer,MAPUTO,KOTRA_SNS_2025,화장품/뷰티
330499,MOZAMBIQUE,FIRMLINK,,,,Importer,MAPUTO,KOTRA_SNS_2025,화장품/뷰티
330499,ANGOLA,Soneca Medical,,,,Importer,LUANDA,KOTRA_SNS_2025,화장품/뷰티
330499,ANGOLA,Braytron Linghting Expert,,,,Importer,LUANDA,KOTRA_SNS_2025,화장품/뷰티
330499,ANGOLA,Ndeipanda Lda,,,,Importer,LUANDA,KOTRA_SNS_2025,화장품/뷰티
330499,ANGOLA,LUDAF,,,,Importer,LUANDA,KOTRA_SNS_2025,화장품/뷰티
330499,ANGOLA,Central Lab Lda,,,,Importer,LUANDA,KOTRA_SNS_2025,화장품/뷰티
330499,ANGOLA,Lady Pohamba -Private Hospital,,,,Importer,LUANDA,KOTRA_SNS_2025,화장품/뷰티
330499,CN,"SHANDONG LANHUA INTERNATIONAL TRADE CO.,LTD",,,,Importer,BEIJING,KOTRA_SNS_2025,화장품/뷰티
340130,VN,Gimedi pharma,,,,Importer,HANOI,KOTRA_SNS_2025,화장품/뷰티
340130,TH,Cosmedica,,,,Importer,BANGKOK,KOTRA_SNS_2025,화장품/뷰티
330499,TH,No,,,,Importer,BKK,KOTRA_SNS_2025,화장품/뷰티
340130,TW,ADAM elements 亞果元素,,,,Importer,KAOHSIUNG,KOTRA_SNS_2025,화장품/뷰티
330499,VN,Bespok Asia travel,,,,Importer,H CH MINH CITY,KOTRA_SNS_2025,화장품/뷰티
330499,VN,Bewon,,,,Importer,HANOI,KOTRA_SNS_2025,화장품/뷰티
340130,HK,LABELESS,,,,Importer,HONG KONG,KOTRA_SNS_2025,화장품/뷰티
330499,US,Milton,,,,Importer,ZBKI,KOTRA_SNS_2025,화장품/뷰티
340130,ID,THIESS,,,,Importer,PALANKARAYA,KOTRA_SNS_2025,화장품/뷰티
330499,VN,JP,,,,Importer,HO CHI MINH CITY,KOTRA_SNS_2025,화장품/뷰티
330499,HK,Labelle medical limited,,,,Importer,HONG KONG,KOTRA_SNS_2025,화장품/뷰티
330499,CN,"SHANDONG LANHUA INTERNATIONAL TRADE CO.,LTD",,,,Importer,BEIJING,KOTRA_SNS_2025,화장품/뷰티
330499,CN,"SHANDONG LANHUA INTERNATIONAL TRADE CO.,LTD",,,,Importer,BEIJING,KOTRA_SNS_2025,화장품/뷰티
330499,기존 페이스북 템플릿과 동일하게 두자리 국가코드 입력(EX. IN ),"SHANDONG LANHUA INTERNATIONAL TRADE CO.,LTD",,,,Importer,BEIJING,KOTRA_SNS_2025,화장품/뷰티
330499,CN,SUZHOU EXCELTECH ELECTRONICS CO LTD,,,,Importer,BEIJING,KOTRA_SNS_2025,화장품/뷰티
330499,CH,COPATECH TIANJIN INC,,,,Importer,BEIJING,KOTRA_SNS_2025,화장품/뷰티
330499,CH,"Shandong Fangzheng International Daily Chemicals Trading Co., Ltd.",,,,Importer,BEIJING,KOTRA_SNS_2025,화장품/뷰티
330499,CH,DALIAN XIBAO TRADING CO LTD,,,,Importer,BEIJING,KOTRA_SNS_2025,화장품/뷰티
330499,CH,"BEIJING ZHENYANLISHE COMMERCE TRADE CO., LTD",,,,Importer,BEIJING,KOTRA_SNS_2025,화장품/뷰티
330499,CH,BEIJING KEJIAAI TRADING CO LTD,,,,Importer,BEIJING,KOTRA_SNS_2025,화장품/뷰티
330499,CN,BEIJING JINQISHENG CO LTD,,,,Importer,BEIJING,KOTRA_SNS_2025,화장품/뷰티
330499,CH,"Qingdao Huixing Cosmetics Import & Export Co., Ltd.",,,,Importer,BEIJING,KOTRA_SNS_2025,화장품/뷰티
330499,CN,"HENAN UNIMART DIGITAL TECHNOLOGY CO., LTD",,,,Importer,HENAN,KOTRA_SNS_2025,화장품/뷰티
330499,GR,SADENT S.A.  AENA,,,,Importer,ATHENS,KOTRA_SNS_2025,화장품/뷰티
330499,TH,"FC Laboratories Co., Ltd.",,,,Importer,BANGKOK,KOTRA_SNS_2025,화장품/뷰티
330499,MN,Tul tush internatinal LLC,,,,Importer,ULAANBAATAR,KOTRA_SNS_2025,화장품/뷰티
340130,VN,Kay Vegan,,,,Importer,PHU QUOC,KOTRA_SNS_2025,화장품/뷰티
340130,VN,Dragon Inviestment Group,,,,Importer,HANOI,KOTRA_SNS_2025,화장품/뷰티
330499,VN,Cng ty TNHH Olivagoup,,,,Importer,HANOI,KOTRA_SNS_2025,화장품/뷰티
340130,TH,Private clinic,,,,Importer,BANGKOK,KOTRA_SNS_2025,화장품/뷰티
330499,TR,Likeweekend,,,,Importer,ISTANBUL,KOTRA_SNS_2025,화장품/뷰티
330499,ID,Alashi Wealth,,,,Importer,JAKARTA,KOTRA_SNS_2025,화장품/뷰티
340130,FR,Comfyglow,,,,Importer,JURA,KOTRA_SNS_2025,화장품/뷰티
330499,US,SeoulWholesales2u,,,,Importer,PETALING,KOTRA_SNS_2025,화장품/뷰티
330499,ID,PT Kavani Deio Augerah,,,,Importer,JAKARTA,KOTRA_SNS_2025,화장품/뷰티
330499,VN,Oiehoie,,,,Importer,HO CHI MINH CITY,KOTRA_SNS_2025,화장품/뷰티
330499,MN,Ganholding group,,,,Importer,ULAANBAATAR,KOTRA_SNS_2025,화장품/뷰티
340130,VN,Do useful things and what you love,,,,Importer,HO CHI MINH CITY,KOTRA_SNS_2025,화장품/뷰티
330499,GR,Orion healthcare sa,,,,Importer,ΧΑΛΝΔΡΙ,KOTRA_SNS_2025,화장품/뷰티
330499,SG,to be started,,,,Importer,SINGAPORE,KOTRA_SNS_2025,화장품/뷰티
330499,VN,ADS JSC,,,,Importer,HO CHI MINH CITY,KOTRA_SNS_2025,화장품/뷰티
340130,MY,CLK Distribution Sdn Bhd,,,,Importer,KUALA LUMPUR,KOTRA_SNS_2025,화장품/뷰티
330590,BD,M.H Enterprise,,,,Importer,MONTREAL,KOTRA_SNS_2025,화장품/뷰티
330590,BE,BAIA consult vof,,,,Importer,TILDONK,KOTRA_SNS_2025,화장품/뷰티
330590,CA,Elite Marketing,,,,Importer,MONTREAL,KOTRA_SNS_2025,화장품/뷰티
330590,CA,Selenite Spa,,,,Importer,VICTORIA,KOTRA_SNS_2025,화장품/뷰티
330590,CA,Naturalle,,,,Importer,EDMONTON,KOTRA_SNS_2025,화장품/뷰티
330590,CZ,Naturprodukt,,,,Importer,HAVOV,KOTRA_SNS_2025,화장품/뷰티
330749,CZ,Czech,,,,Importer,ESKO,KOTRA_SNS_2025,화장품/뷰티
330590,ES,bumbumfitbeach,,,,Importer,MADRID,KOTRA_SNS_2025,화장품/뷰티
330590,FR,Dalious,,,,Importer,PARIS,KOTRA_SNS_2025,화장품/뷰티
330590,FR,docteur bransten,,,,Importer,VINCENNES,KOTRA_SNS_2025,화장품/뷰티
330590,FR,Saida,,,,Importer,PARIS,KOTRA_SNS_2025,화장품/뷰티
330590,FR,Yeona,,,,Importer,MARSEILLE,KOTRA_SNS_2025,화장품/뷰티
330590,GB,IrelKGlow,,,,Importer,LONDON,KOTRA_SNS_2025,화장품/뷰티
330590,GB,Aesthetics by sahr,,,,Importer,BIRMINGHAM,KOTRA_SNS_2025,화장품/뷰티
330590,GB,U&I UK RETAIL LTD,,,,Importer,EAST HAM,KOTRA_SNS_2025,화장품/뷰티
330590,GB,Lau & tan pharmacy sdn bhd,,,,Importer,MALAYSIA,KOTRA_SNS_2025,화장품/뷰티
330590,KH,MGH,,,,Importer,PHNOM PENH,KOTRA_SNS_2025,화장품/뷰티
330590,KH,WB,,,,Importer,PHNOM PENH,KOTRA_SNS_2025,화장품/뷰티
330590,KH,"Le’Bee Beauty expertise trading Co.,ltd",,,,Importer,PHNOM PENH,KOTRA_SNS_2025,화장품/뷰티
330749,KH,kaka,,,,Importer,CAMBODIA,KOTRA_SNS_2025,화장품/뷰티
330590,KR,Esmee Closets,,,,Importer,SEOUL,KOTRA_SNS_2025,화장품/뷰티
330590,MY,Cellnique,,,,Importer,SUBANG JAYA,KOTRA_SNS_2025,화장품/뷰티
330590,MY,Fusion Cosmetics,,,,Importer,PETALING JAYA,KOTRA_SNS_2025,화장품/뷰티
330590,MY,RVentures,,,,Importer,KUALA LUMPUR,KOTRA_SNS_2025,화장품/뷰티
330590,NL,K beauty,,,,Importer,PURMEREND,KOTRA_SNS_2025,화장품/뷰티
330590,NL,Chammy Cosmetics B.V.,,,,Importer,HARMELEN,KOTRA_SNS_2025,화장품/뷰티
330590,PH,BCDI,,,,Importer,QUEZON CITY,KOTRA_SNS_2025,화장품/뷰티
330590,PH,Kokofashion skincare,,,,Importer,PASIG,KOTRA_SNS_2025,화장품/뷰티
330590,PH,Juno Prestige Marketing Inc,,,,Importer,MAKATI CITY,KOTRA_SNS_2025,화장품/뷰티
330590,PH,Infairnes,,,,Importer,CAINTA,KOTRA_SNS_2025,화장품/뷰티
330590,PH,Creyfern Rich Star Co,,,,Importer,LIPA CITY,KOTRA_SNS_2025,화장품/뷰티
330590,PH,Not applicable,,,,Importer,QUEZON CITY,KOTRA_SNS_2025,화장품/뷰티
330590,PH,AesthetiQ Wellness & Spa,,,,Importer,QUEZON CITY,KOTRA_SNS_2025,화장품/뷰티
330590,PH,Manja Spa & Salon,,,,Importer,BUTUAN CITY,KOTRA_SNS_2025,화장품/뷰티
330590,PH,The Glow Atelier,,,,Importer,QUEZON CITY,KOTRA_SNS_2025,화장품/뷰티
330590,PH,Hail Power PH,,,,Importer,QUEZON CITY,KOTRA_SNS_2025,화장품/뷰티
330590,PH,Rival Stars Ltd,,,,Importer,TAGUIG,KOTRA_SNS_2025,화장품/뷰티
330590,PH,FCLO Property Leasing,,,,Importer,QUEZON CITY,KOTRA_SNS_2025,화장품/뷰티
330590,PH,IYKYK,,,,Importer,QUEZON CITY,KOTRA_SNS_2025,화장품/뷰티
330590,US,Kasia Market,,,,Importer,MONTGOMERY,KOTRA_SNS_2025,화장품/뷰티
330590,US,Complexions Skincare and Body II,,,,Importer,SCHERTZ,KOTRA_SNS_2025,화장품/뷰티
330590,US,Hj,,,,Importer,ROSHARON,KOTRA_SNS_2025,화장품/뷰티
330590,US,Nwcosmetics.co,,,,Importer,KIRKLAND,KOTRA_SNS_2025,화장품/뷰티
330590,US,BelleTress,,,,Importer,WESTLAKE VILLAGE,KOTRA_SNS_2025,화장품/뷰티
330590,US,Luxestudio,,,,Importer,CONCORD,KOTRA_SNS_2025,화장품/뷰티
330590,US,naum acupuncture,,,,Importer,"HARRISON, NJ",KOTRA_SNS_2025,화장품/뷰티
330590,US,SJ Pretty,,,,Importer,SUWANEE,KOTRA_SNS_2025,화장품/뷰티
330590,US,Luxe Eyebrows,,,,Importer,CHARLESTON,KOTRA_SNS_2025,화장품/뷰티
330590,US,Laye beauty llc,,,,Importer,YPSILANTI,KOTRA_SNS_2025,화장품/뷰티
330590,US,Glow & Go Beauty Studio,,,,Importer,BETHEL,KOTRA_SNS_2025,화장품/뷰티
330590,US,Shabdan Brothers inc,,,,Importer,BIG ROCK,KOTRA_SNS_2025,화장품/뷰티
330590,US,in Poroces,,,,Importer,THERMAL,KOTRA_SNS_2025,화장품/뷰티
330590,US,Tevos,,,,Importer,PRIEVIDZA,KOTRA_SNS_2025,화장품/뷰티
330590,VN,IPG,,,,Importer,HO CHI MINH CITY,KOTRA_SNS_2025,화장품/뷰티
330590,VN,sunday morning,,,,Importer,HO CHI MINH,KOTRA_SNS_2025,화장품/뷰티
330590,VN,"Ho Chi Minh City, Vietnam",,,,Importer,HCM,KOTRA_SNS_2025,화장품/뷰티
330790,SOUTH AFRICA,African Sales Company,,,,Importer,JOHANNESBURG,KOTRA_SNS_2025,화장품/뷰티
330790,SOUTH AFRICA,Alchemy Business Development,,,,Importer,JOHANNESBURG,KOTRA_SNS_2025,화장품/뷰티
330499,SA,medical resources company,,,,Importer,RIYADH,KOTRA_SNS_2025,화장품/뷰티
330499,IN,Artpur,,,,Importer,SUNDARGARH,KOTRA_SNS_2025,화장품/뷰티
330499,KH,LT international co ltd,,,,Importer,PHNOM PENH,KOTRA_SNS_2025,화장품/뷰티
330499,KH,Phimean,,,,Importer,PP,KOTRA_SNS_2025,화장품/뷰티
330499,MA,Adh global,,,,Importer,CASABLANCA,KOTRA_SNS_2025,화장품/뷰티
330499,HK,SkinCure Asia,,,,Importer,KOWLOON,KOTRA_SNS_2025,화장품/뷰티
330499,MA,Glamnbeauty,,,,Importer,TANGIER,KOTRA_SNS_2025,화장품/뷰티
330499,MA,Gosu,,,,Importer,CASABLANCA,KOTRA_SNS_2025,화장품/뷰티
330499,KH,PAS Cambodia,,,,Importer,PHNOM PENH,KOTRA_SNS_2025,화장품/뷰티
330499,MA,Cosmoplanet,,,,Importer,AIN CHOK CASABLANCA,KOTRA_SNS_2025,화장품/뷰티
330499,MA,Malili_glow,,,,Importer,AGADIR,KOTRA_SNS_2025,화장품/뷰티
330499,MA,Marketing Consultant,,,,Importer,CASABLANCA,KOTRA_SNS_2025,화장품/뷰티
330499,IN,Malhotra Dental Clinic,,,,Importer,DELHI,KOTRA_SNS_2025,화장품/뷰티
330499,CZ,Dokdo K-beauty,,,,Importer,CHEB,KOTRA_SNS_2025,화장품/뷰티
330499,HK,Mensa Marketing Limited,,,,Importer,KOWLOON,KOTRA_SNS_2025,화장품/뷰티
330499,MA,Vejei,,,,Importer,CASABLANCA,KOTRA_SNS_2025,화장품/뷰티
330499,BH,Total Reliance for Trade,,,,Importer,MANAMA,KOTRA_SNS_2025,화장품/뷰티
330499,GB,ZINDY BEAUTY,,,,Importer,LONDON,KOTRA_SNS_2025,화장품/뷰티
330499,IN,Dermasaloons,,,,Importer,NANGAL,KOTRA_SNS_2025,화장품/뷰티
330499,IN,Bioatoms inc,,,,Importer,"MOHALI,PUNJAB",KOTRA_SNS_2025,화장품/뷰티
330499,MA,s elegance,,,,Importer,KENITRA,KOTRA_SNS_2025,화장품/뷰티
330499,IN,Global,,,,Importer,BAHRAIN,KOTRA_SNS_2025,화장품/뷰티
330499,KH,PAS Cambodia,,,,Importer,PHNOM PENH,KOTRA_SNS_2025,화장품/뷰티
330499,ES,Canari raza espagnol,,,,Importer,TORRE DEL ESPAOL,KOTRA_SNS_2025,화장품/뷰티
330499,CZ,Korise,,,,Importer,KOLN,KOTRA_SNS_2025,화장품/뷰티
330499,MA,yokasushi,,,,Importer,RABAT,KOTRA_SNS_2025,화장품/뷰티
330499,SA,Orbis-ht,,,,Importer,JEDDAH,KOTRA_SNS_2025,화장품/뷰티
330499,MA,Jumia,,,,Importer,MARRAKECH,KOTRA_SNS_2025,화장품/뷰티
330499,SA,Pharmacist,,,,Importer,JEDDAH,KOTRA_SNS_2025,화장품/뷰티
330499,MA,Berrechid,,,,Importer,BERRECHID,KOTRA_SNS_2025,화장품/뷰티
330499,US,Landmark Group KSA,,,,Importer,RIYADH,KOTRA_SNS_2025,화장품/뷰티
330499,SA,OSHaq ALHADEH CO,,,,Importer,JEDDAH,KOTRA_SNS_2025,화장품/뷰티
330499,MA,Malili glow,,,,Importer,AGADIR,KOTRA_SNS_2025,화장품/뷰티
330499,MA,Chic cosmetic,,,,Importer,AGADIR,KOTRA_SNS_2025,화장품/뷰티
330499,MA,Larmo - Digital creative agency,,,,Importer,CASABLANCA,KOTRA_SNS_2025,화장품/뷰티
330499,KH,AriVic Labs,,,,Importer,PHNOM PENH,KOTRA_SNS_2025,화장품/뷰티
330499,MA,Mannequinat,,,,Importer,CASABLANCA,KOTRA_SNS_2025,화장품/뷰티
330499,NL,UN SHOP,,,,Importer,MANAMA,KOTRA_SNS_2025,화장품/뷰티
330499,MA,Elcosysteme,,,,Importer,TANGIER,KOTRA_SNS_2025,화장품/뷰티
330499,SA,Elaf,,,,Importer,AR RASS,KOTRA_SNS_2025,화장품/뷰티
330499,MA,Lilas,,,,Importer,TTOUAN,KOTRA_SNS_2025,화장품/뷰티
330499,SA,Medical & Pharmaceutical Services Company,,,,Importer,JEDDAH,KOTRA_SNS_2025,화장품/뷰티
330499,MA,Royal Air Maroc,,,,Importer,CASABLANCA,KOTRA_SNS_2025,화장품/뷰티
330499,KH,Vissar Nursing Center and Home Care Services,,,,Importer,PHNOM PENH,KOTRA_SNS_2025,화장품/뷰티
330499,MA,The Transporter,,,,Importer,MEKNES,KOTRA_SNS_2025,화장품/뷰티
330499,MA,Tanger,,,,Importer,TANGIER,KOTRA_SNS_2025,화장품/뷰티
330499,SA,ideal life,,,,Importer,RIYADH,KOTRA_SNS_2025,화장품/뷰티
330499,MA,glowsana,,,,Importer,RABAT,KOTRA_SNS_2025,화장품/뷰티
330499,GB,Unique Concepts,,,,Importer,MANCHESTER,KOTRA_SNS_2025,화장품/뷰티
330499,BH,Vintechi,,,,Importer,COMILLA,KOTRA_SNS_2025,화장품/뷰티
330499,MA,Airfos sant,,,,Importer,CASABLANCA,KOTRA_SNS_2025,화장품/뷰티
330499,BH,deeko,,,,Importer,MANAMA,KOTRA_SNS_2025,화장품/뷰티
330499,SA,Pharmacist,,,,Importer,RIYADH,KOTRA_SNS_2025,화장품/뷰티
330499,BH,Benatur,,,,Importer,MANAMA,KOTRA_SNS_2025,화장품/뷰티
330499,BH,HB business,,,,Importer,RIFFA,KOTRA_SNS_2025,화장품/뷰티
330499,MA,Hygienic goods,,,,Importer,CASABLANCA,KOTRA_SNS_2025,화장품/뷰티
330499,MA,Agadir,,,,Importer,AGADIR,KOTRA_SNS_2025,화장품/뷰티
330499,MA,Dinsma,,,,Importer,MOHAMMEDIA,KOTRA_SNS_2025,화장품/뷰티
330499,SA,Common Sense,,,,Importer,RIYADH,KOTRA_SNS_2025,화장품/뷰티
330499,MA,Oumay store,,,,Importer,AGADIR,KOTRA_SNS_2025,화장품/뷰티
330499,HK,Labeless,,,,Importer,HONG KONG,KOTRA_SNS_2025,화장품/뷰티
330499,HK,SkinCure Asia,,,,Importer,KOWLOON,KOTRA_SNS_2025,화장품/뷰티
330499,MA,Kiral,,,,Importer,BOUSKOURA,KOTRA_SNS_2025,화장품/뷰티
330499,MA,king,,,,Importer,CASABLANCA,KOTRA_SNS_2025,화장품/뷰티
330499,MA,Maroc,,,,Importer,TAROUDANT,KOTRA_SNS_2025,화장품/뷰티
330499,MA,Paradoux,,,,Importer,RABAT,KOTRA_SNS_2025,화장품/뷰티
330499,MA,Adh global,,,,Importer,CASABLANCA,KOTRA_SNS_2025,화장품/뷰티
330499,US,Beauty,,,,Importer,KENITRA,KOTRA_SNS_2025,화장품/뷰티
330499,MA,Asfour Crystal Egypt,,,,Importer,TANGIER,KOTRA_SNS_2025,화장품/뷰티
330499,US,chihab,,,,Importer,MAROC,KOTRA_SNS_2025,화장품/뷰티
330499,MA,Lilia cosmetics,,,,Importer,AGADIR,KOTRA_SNS_2025,화장품/뷰티
330499,MA,Keads,,,,Importer,CASABLANCA,KOTRA_SNS_2025,화장품/뷰티
330499,MA,White House family,,,,Importer,CASABLANCA,KOTRA_SNS_2025,화장품/뷰티
330499,MA,cosmiko,,,,Importer,KENITRA,KOTRA_SNS_2025,화장품/뷰티
330499,MA,Malili glow,,,,Importer,AGADIR,KOTRA_SNS_2025,화장품/뷰티
330499,MA,Regal harmony,,,,Importer,CASABLANCA,KOTRA_SNS_2025,화장품/뷰티
330499,MA,Maroc Telecom,,,,Importer,CASABLANCA,KOTRA_SNS_2025,화장품/뷰티
330499,MA,Lamas,,,,Importer,FES,KOTRA_SNS_2025,화장품/뷰티
330499,SA,Platinum Arabia,,,,Importer,JEDDAH,KOTRA_SNS_2025,화장품/뷰티
330499,MA,Mega Studio Be Emotion,,,,Importer,CASABLANCA,KOTRA_SNS_2025,화장품/뷰티
330499,MOROCCO,Adlani.epure,,,,Importer,RABAT,KOTRA_SNS_2025,화장품/뷰티
330499,MA,com une vie,,,,Importer,CASABLANCA,KOTRA_SNS_2025,화장품/뷰티
330499,MA,Kawsara,,,,Importer,CASABLANCA,KOTRA_SNS_2025,화장품/뷰티
330499,IN,Deal Zone,,,,Importer,KOZHIKODE,KOTRA_SNS_2025,화장품/뷰티
330499,MA,Universidad de Sevilla,,,,Importer,KENITRA,KOTRA_SNS_2025,화장품/뷰티
330499,EG,NewBridge Pharmaceuticals,,,,Importer,TANTA,KOTRA_SNS_2025,화장품/뷰티
330499,MA,Hadiyamarket,,,,Importer,TANGER,KOTRA_SNS_2025,화장품/뷰티
330499,MA,Benzahra,,,,Importer,TTOUAN,KOTRA_SNS_2025,화장품/뷰티
330499,MA,KCosmetiques,,,,Importer,CASABLANCA,KOTRA_SNS_2025,화장품/뷰티
330499,SAUDI ARABIA,55,,,,Importer,JEDDAH,KOTRA_SNS_2025,화장품/뷰티
330499,MA,Tb disclosed,,,,Importer,RABAT,KOTRA_SNS_2025,화장품/뷰티
330499,HK,Beauty Balance,,,,Importer,HONG KONG,KOTRA_SNS_2025,화장품/뷰티
330499,MA,Malakshop,,,,Importer,MARRAKESH,KOTRA_SNS_2025,화장품/뷰티
330499,MA,Bali hani,,,,Importer,RABAT,KOTRA_SNS_2025,화장품/뷰티
330499,MA,Belle au nature,,,,Importer,CASABLANCA,KOTRA_SNS_2025,화장품/뷰티
330499,MA,Freelance,,,,Importer,TTOUAN,KOTRA_SNS_2025,화장품/뷰티
330499,US,Korean beauty,,,,Importer,CASABLANCA,KOTRA_SNS_2025,화장품/뷰티
330499,MA,DKH,,,,Importer,RABAT,KOTRA_SNS_2025,화장품/뷰티
330499,MA,BS NATURE,,,,Importer,CASA,KOTRA_SNS_2025,화장품/뷰티
330499,MA,Cosmoplanet,,,,Importer,AIN CHOK CASABLANCA,KOTRA_SNS_2025,화장품/뷰티
330499,KH,Lara beauty wholesale,,,,Importer,PHNOM PENH,KOTRA_SNS_2025,화장품/뷰티
330499,MA,Marrakech,,,,Importer,MARRAKECH,KOTRA_SNS_2025,화장품/뷰티
330499,MA,Abdou,,,,Importer,CASABLANCA,KOTRA_SNS_2025,화장품/뷰티
330499,FR,Vejei,,,,Importer,CASABLANCA,KOTRA_SNS_2025,화장품/뷰티
330499,SA,Silkbooth,,,,Importer,RIYADH,KOTRA_SNS_2025,화장품/뷰티
330499,MA,Promote and sell,,,,Importer,RABAT,KOTRA_SNS_2025,화장품/뷰티
330499,MA,Upinteractions,,,,Importer,RABAT,KOTRA_SNS_2025,화장품/뷰티
330499,MA,WOLIZ,,,,Importer,CASABLANCA,KOTRA_SNS_2025,화장품/뷰티
330499,MA,Raja Club Athletic,,,,Importer,CASABLANCA,KOTRA_SNS_2025,화장품/뷰티
330499,BH,Belleza Beauty And Cosmetics,,,,Importer,MANAMA,KOTRA_SNS_2025,화장품/뷰티
330499,BH,Lumen light,,,,Importer,BAHRAIN & KUWAIT,KOTRA_SNS_2025,화장품/뷰티
330499,HK,Dan Beauty,,,,Importer,HK,KOTRA_SNS_2025,화장품/뷰티
330499,IN,Bawa surgicals,,,,Importer,TIRUPPUR,KOTRA_SNS_2025,화장품/뷰티
330499,IN,Bhavangar,,,,Importer,SURAT,KOTRA_SNS_2025,화장품/뷰티
330499,IN,Neelkanth Builders & Devlopers.,,,,Importer,SURAT,KOTRA_SNS_2025,화장품/뷰티
330499,MA,Atelier,,,,Importer,CASABLANCA,KOTRA_SNS_2025,화장품/뷰티
330499,NZ,Miss New Zealand Organisation,,,,Importer,AUCKLAND,KOTRA_SNS_2025,화장품/뷰티
330499,AU,stacia naturals,,,,Importer,ST KILDA,KOTRA_SNS_2025,화장품/뷰티
330499,AU,Melbeauty Group,,,,Importer,MELBOURNE,KOTRA_SNS_2025,화장품/뷰티
330499,AU,Beloa,,,,Importer,MELBOURNE,KOTRA_SNS_2025,화장품/뷰티
330790,SOUTH AFRICA,Shefur Group,,,,Importer,JOHANNESBURG,KOTRA_SNS_2025,화장품/뷰티
330499,US,Concierge wellness center,,,,Importer,DALLAS,KOTRA_SNS_2025,화장품/뷰티
330499,US,Jasmine C Miller,,,,Importer,DALLAS,KOTRA_SNS_2025,화장품/뷰티
330499,US,Autnomo,,,,Importer,DALLAS,KOTRA_SNS_2025,화장품/뷰티
330499,US,216 cinci LLC,,,,Importer,DALLAS,KOTRA_SNS_2025,화장품/뷰티
330499,US,Palm Beach Pain Mgmt/Port St. LuciePain Mgmt,,,,Importer,DALLAS,KOTRA_SNS_2025,화장품/뷰티
330499,US,yunnikim,,,,Importer,DALLAS,KOTRA_SNS_2025,화장품/뷰티
330499,US,FemFitRX,,,,Importer,DALLAS,KOTRA_SNS_2025,화장품/뷰티
330499,US,Korea,,,,Importer,DALLAS,KOTRA_SNS_2025,화장품/뷰티
330499,US,Vitality Caregiving Solutions,,,,Importer,DALLAS,KOTRA_SNS_2025,화장품/뷰티
330499,US,YUZU SPA LLC,,,,Importer,DALLAS,KOTRA_SNS_2025,화장품/뷰티
330499,US,Vintage Books,,,,Importer,DALLAS,KOTRA_SNS_2025,화장품/뷰티
330499,US,Moona Moono,,,,Importer,DALLAS,KOTRA_SNS_2025,화장품/뷰티
330499,US,South Bend Community School Corporation,,,,Importer,DALLAS,KOTRA_SNS_2025,화장품/뷰티
330499,US,Island Toned Luxury Tanning,,,,Importer,DALLAS,KOTRA_SNS_2025,화장품/뷰티
330499,US,Soul Sisters,,,,Importer,DALLAS,KOTRA_SNS_2025,화장품/뷰티
330499,US,Real smell,,,,Importer,DALLAS,KOTRA_SNS_2025,화장품/뷰티
330499,US,Now kompani,,,,Importer,DALLAS,KOTRA_SNS_2025,화장품/뷰티
330499,US,Lindarella,,,,Importer,DALLAS,KOTRA_SNS_2025,화장품/뷰티
330499,US,Tae Marketing,,,,Importer,DALLAS,KOTRA_SNS_2025,화장품/뷰티
330499,US,Rentanaiagent Agency,,,,Importer,DALLAS,KOTRA_SNS_2025,화장품/뷰티
330499,US,Chlo’s spot,,,,Importer,DALLAS,KOTRA_SNS_2025,화장품/뷰티
330499,US,Erve,,,,Importer,DALLAS,KOTRA_SNS_2025,화장품/뷰티
330499,US,WAZA WAZA,,,,Importer,DALLAS,KOTRA_SNS_2025,화장품/뷰티
330499,US,Small Business Owner,,,,Importer,DALLAS,KOTRA_SNS_2025,화장품/뷰티
330499,US,,,,,Importer,DALLAS,KOTRA_SNS_2025,화장품/뷰티
330499,US,GiuliaBella Hair Studio,,,,Importer,DALLAS,KOTRA_SNS_2025,화장품/뷰티
330499,US,Caring profesional,,,,Importer,DALLAS,KOTRA_SNS_2025,화장품/뷰티
330499,US,Awesomebundleshall.shop,,,,Importer,DALLAS,KOTRA_SNS_2025,화장품/뷰티
330499,US,The Home Depot,,,,Importer,DALLAS,KOTRA_SNS_2025,화장품/뷰티
330499,US,24 Hour Fitness Glendale Super Sport,,,,Importer,DALLAS,KOTRA_SNS_2025,화장품/뷰티
330499,US,CHIBI COMICS,,,,Importer,DALLAS,KOTRA_SNS_2025,화장품/뷰티
330499,US,Bloom esthtique,,,,Importer,DALLAS,KOTRA_SNS_2025,화장품/뷰티
330499,US,Damazonshop,,,,Importer,DALLAS,KOTRA_SNS_2025,화장품/뷰티
330499,US,"The Cloister, Sea Island, Georgia",,,,Importer,DALLAS,KOTRA_SNS_2025,화장품/뷰티
330499,US,Roamia,,,,Importer,DALLAS,KOTRA_SNS_2025,화장품/뷰티
330499,US,JYP,,,,Importer,DALLAS,KOTRA_SNS_2025,화장품/뷰티
330499,US,SVV Group LLC,,,,Importer,DALLAS,KOTRA_SNS_2025,화장품/뷰티
330499,US,Achievers Consultants Int'l/ Achievers Ministries Int'l,,,,Importer,DALLAS,KOTRA_SNS_2025,화장품/뷰티
330499,US,Hope Community Resources,,,,Importer,DALLAS,KOTRA_SNS_2025,화장품/뷰티
330499,US,Life University,,,,Importer,DALLAS,KOTRA_SNS_2025,화장품/뷰티
330499,AS,Best,,,,Importer,DALLAS,KOTRA_SNS_2025,화장품/뷰티
330499,US,Adriana Greenberg,,,,Importer,DALLAS,KOTRA_SNS_2025,화장품/뷰티
330499,US,Green House Spa Salon,,,,Importer,DALLAS,KOTRA_SNS_2025,화장품/뷰티
330499,US,Soma Intimates,,,,Importer,DALLAS,KOTRA_SNS_2025,화장품/뷰티
330491,MY,Childrencancerassiciation malaysia,,,,Importer,KL,KOTRA_SNS_2025,화장품/뷰티
330499,MY,Eltitute Malaysia,,,,Importer,CYBERJAYA,KOTRA_SNS_2025,화장품/뷰티
330499,MY,Fjglow Hq,,,,Importer,JOHOR BAHRU,KOTRA_SNS_2025,화장품/뷰티
330499,MY,J Suites International Sdn Bhd,,,,Importer,KUALA LUMPUR,KOTRA_SNS_2025,화장품/뷰티
330499,MY,JProject management,,,,Importer,KUALA LUMPUR,KOTRA_SNS_2025,화장품/뷰티
340130,MY,Luxjaya Group,,,,Importer,SHAH ALAM,KOTRA_SNS_2025,화장품/뷰티
340130,MY,Whatzup connect sdn bhd,,,,Importer,KUALA LUMPUR,KOTRA_SNS_2025,화장품/뷰티
340130,MY,Johor Bahru,,,,Importer,SKUDAI,KOTRA_SNS_2025,화장품/뷰티
330590,MY,People & Global Sdn Bhd,,,,Importer,SELANGOR,KOTRA_SNS_2025,화장품/뷰티
330499,MY,OEW GROUP,,,,Importer,SHAH ALAM,KOTRA_SNS_2025,화장품/뷰티
340130,MY,Purethic Sdn Bhd,,,,Importer,PETALING JAYA,KOTRA_SNS_2025,화장품/뷰티
330499,MY,Selayang Hospital,,,,Importer,KURSK,KOTRA_SNS_2025,화장품/뷰티
330499,MY,Zoera Medispa & Aesthetic Sdn Bhd,,,,Importer,"CYBERJAYA, SELANGOR",KOTRA_SNS_2025,화장품/뷰티
330499,MY,Claire Organics,,,,Importer,KUALA LUMPUR,KOTRA_SNS_2025,화장품/뷰티
330590,MY,Fuzion Hair Care Sdn Bhd,,,,Importer,KUALA LUMPUR,KOTRA_SNS_2025,화장품/뷰티
330499,MY,BERNARD CASSIERE MALAYSIA,,,,Importer,KUALA LUMPUR,KOTRA_SNS_2025,화장품/뷰티
330499,MY,KEMENTERIAN KESIHATAN MALAYSIA,,,,Importer,KUALA LUMPUR,KOTRA_SNS_2025,화장품/뷰티
330499,MY,Sentuhan Wellness Spa,,,,Importer,TELUK PANGLIMA GARANG,KOTRA_SNS_2025,화장품/뷰티
330499,MY,EM INDUSTRIES SARAWAK SDN BHD,,,,Importer,KUCHING,KOTRA_SNS_2025,화장품/뷰티
330499,MY,Moha Biotech,,,,Importer,KAJANG,KOTRA_SNS_2025,화장품/뷰티
330499,MY,OnlyKorea Malaysia,,,,Importer,KUALA LUMPUR,KOTRA_SNS_2025,화장품/뷰티
330499,MY,Emerald Way S.B.,,,,Importer,PETALING JAYA,KOTRA_SNS_2025,화장품/뷰티
330730,MY,Myob,,,,Importer,KL,KOTRA_SNS_2025,화장품/뷰티
330499,MY,Puchong Worries  Cricket Club,,,,Importer,KUALA LUMPUR,KOTRA_SNS_2025,화장품/뷰티
330499,SG,Ditadot,,,,Importer,JOHOR BAHRU,KOTRA_SNS_2025,화장품/뷰티
330499,MY,NexTrend Sdn Bhd,,,,Importer,KUALA LUMPUR,KOTRA_SNS_2025,화장품/뷰티
330499,MY,Sirehemas Pharma Sdn Bhd,,,,Importer,SHAH ALAM,KOTRA_SNS_2025,화장품/뷰티
330499,MY,es beauty,,,,Importer,KUALA LUMPUR,KOTRA_SNS_2025,화장품/뷰티
330499,MY,My Global Creative Ventures Sdn Bhd,,,,Importer,KUALA LUMPUR,KOTRA_SNS_2025,화장품/뷰티
330499,MY,Luxe Spa,,,,Importer,BANTING,KOTRA_SNS_2025,화장품/뷰티
330499,MY,Lam beee,,,,Importer,Selangor Darul Ehsan,KOTRA_SNS_2025,화장품/뷰티
330590,MY,DrHairmo 生,,,,Importer,PETALING JAYA,KOTRA_SNS_2025,화장품/뷰티
330499,MY,U2 Planet,,,,Importer,KUALA LUMPUR,KOTRA_SNS_2025,화장품/뷰티
340130,MY,Tooltool,,,,Importer,MALAYSIA,KOTRA_SNS_2025,화장품/뷰티
330730,MY,Joyi wise empire,,,,Importer,KUALA LUMPUR,KOTRA_SNS_2025,화장품/뷰티
330499,MY,Soulheal Spa,,,,Importer,KUCHING,KOTRA_SNS_2025,화장품/뷰티
330590,MY,Klinik Keluarga i-SiHAT Johor,,,,Importer,JOHOR BAHRU,KOTRA_SNS_2025,화장품/뷰티
330499,IN,JNJ LIFE SCIENCES,,,,Importer,RAJKOT,KOTRA_SNS_2025,화장품/뷰티
330499,IN,Vaigai Agarbatti,,,,Importer,MADURAI,KOTRA_SNS_2025,화장품/뷰티
330499,IN,BookUrSalon Pvt Ltd,,,,Importer,HYDERABAD,KOTRA_SNS_2025,화장품/뷰티
330499,IN,ACE Engineering Academy,,,,Importer,HYDERABAD,KOTRA_SNS_2025,화장품/뷰티
330499,PE,Esmeralda Corp,,,,Importer,LIMA,KOTRA_SNS_2025,화장품/뷰티
330499,IN,Mark Solutions Pvt Ltd,,,,Importer,CALICUT,KOTRA_SNS_2025,화장품/뷰티
330499,EC,Visa Mastercard Banco Pichincha,,,,Importer,PASAJE,KOTRA_SNS_2025,화장품/뷰티
330499,IN,Citi,,,,Importer,CHENNAI,KOTRA_SNS_2025,화장품/뷰티
330499,PE,BellezaInnata,,,,Importer,LIMA,KOTRA_SNS_2025,화장품/뷰티
330499,US,Integra,,,,Importer,SUNNY ISLY BEACH,KOTRA_SNS_2025,화장품/뷰티
330499,IN,Aim Technologies,,,,Importer,SURAT,KOTRA_SNS_2025,화장품/뷰티
330499,IN,Rweb Global Inc,,,,Importer,HYDERABAD,KOTRA_SNS_2025,화장품/뷰티
330499,IN,Browntape-Ecommerce Management Software,,,,Importer,BANGALORE,KOTRA_SNS_2025,화장품/뷰티
330499,IN,Na,,,,Importer,GURGAON,KOTRA_SNS_2025,화장품/뷰티
330499,IN,Dab to fab wellness private limited,,,,Importer,HYDERABAD,KOTRA_SNS_2025,화장품/뷰티
330499,PE,Miramartin,,,,Importer,LIMA,KOTRA_SNS_2025,화장품/뷰티
330499,IN,Nisarga Biodegradable Products,,,,Importer,HYDERABAD,KOTRA_SNS_2025,화장품/뷰티
330499,IN,Ishwaryam goodness,,,,Importer,CHENNAI,KOTRA_SNS_2025,화장품/뷰티
330499,EG,Carelines,,,,Importer,ALEXANDRIA,KOTRA_SNS_2025,화장품/뷰티
330499,IN,KYFINDIA,,,,Importer,CHENNAI,KOTRA_SNS_2025,화장품/뷰티
330499,IN,Reevanax,,,,Importer,SURAT,KOTRA_SNS_2025,화장품/뷰티
330499,IN,apna dukan,,,,Importer,LUCKNOW,KOTRA_SNS_2025,화장품/뷰티
330499,PE,OSYLU Centro de Bienestar y Belleza,,,,Importer,LIMA,KOTRA_SNS_2025,화장품/뷰티
330499,US,,,,,Importer,NEW DELHI,KOTRA_SNS_2025,화장품/뷰티
330499,IN,Sinch India,,,,Importer,GREATER NOIDA,KOTRA_SNS_2025,화장품/뷰티
330499,IN,adamclick pvt ltd,,,,Importer,GURUGRAM,KOTRA_SNS_2025,화장품/뷰티
330499,IN,Indian Films,,,,Importer,HYDERABAD,KOTRA_SNS_2025,화장품/뷰티
330499,IN,Perceptron Software Labs,,,,Importer,KARWAR,KOTRA_SNS_2025,화장품/뷰티
330499,IN,M/S Giriraj Bakers & Snackers,,,,Importer,JAMMU,KOTRA_SNS_2025,화장품/뷰티
330499,IN,Ynotme,,,,Importer,AGRA,KOTRA_SNS_2025,화장품/뷰티
330499,IN,Punita,,,,Importer,GURUGRAM,KOTRA_SNS_2025,화장품/뷰티
330499,IN,Saundarya Goyal Hospital,,,,Importer,HISAR,KOTRA_SNS_2025,화장품/뷰티
330499,IN,Business,,,,Importer,DELHI,KOTRA_SNS_2025,화장품/뷰티
330499,IN,Glossimi,,,,Importer,DELHI,KOTRA_SNS_2025,화장품/뷰티
330499,IN,LEMOHIKO(The Glamm Room),,,,Importer,ARUNACHAL PRADESH,KOTRA_SNS_2025,화장품/뷰티
330499,US,Computer Sciences Corporation,,,,Importer,HYDERABAD,KOTRA_SNS_2025,화장품/뷰티
330499,IN,Rajiv Enterprises,,,,Importer,NEW DELHI,KOTRA_SNS_2025,화장품/뷰티
330499,IN,pravya enterprises,,,,Importer,CHANDIGARH,KOTRA_SNS_2025,화장품/뷰티
330499,IN,Student,,,,Importer,PUNE,KOTRA_SNS_2025,화장품/뷰티
330499,US,nj,,,,Importer,MANDYA,KOTRA_SNS_2025,화장품/뷰티
330499,IN,Renatus Wellness Pvt Ltd,,,,Importer,KOLKATA,KOTRA_SNS_2025,화장품/뷰티
330499,IN,Abc,,,,Importer,HYDERABAD,KOTRA_SNS_2025,화장품/뷰티
330499,IN,,,,,Importer,NASHIK,KOTRA_SNS_2025,화장품/뷰티
330499,IN,IGBC Chambers,,,,Importer,DELHI,KOTRA_SNS_2025,화장품/뷰티
330499,IN,"Pune, Maharashtra",,,,Importer,PUNE,KOTRA_SNS_2025,화장품/뷰티
330499,IN,Dot & key,,,,Importer,KOLKATA,KOTRA_SNS_2025,화장품/뷰티
330499,IN,Srinath Marketing private limited,,,,Importer,HYDERABAD,KOTRA_SNS_2025,화장품/뷰티
330499,IN,Fermentis life sciences,,,,Importer,GURUGRAM,KOTRA_SNS_2025,화장품/뷰티
330499,IN,Mayas Beauty palace,,,,Importer,RAJKOT,KOTRA_SNS_2025,화장품/뷰티
330499,PE,Belcorp,,,,Importer,LIMA,KOTRA_SNS_2025,화장품/뷰티
330499,MX,Make Soluciones,,,,Importer,MEXICO CITY,KOTRA_SNS_2025,화장품/뷰티
330499,US,avion consultancy,,,,Importer,HYDERABAD,KOTRA_SNS_2025,화장품/뷰티
330499,IN,,,,,Importer,NEW DELHI,KOTRA_SNS_2025,화장품/뷰티
330499,IN,R p traders,,,,Importer,HYDERABAD,KOTRA_SNS_2025,화장품/뷰티
330499,US,Teal & Turquoise,,,,Importer,MADURAI,KOTRA_SNS_2025,화장품/뷰티
330499,US,Skin world ckini,,,,Importer,BARWANI,KOTRA_SNS_2025,화장품/뷰티
330499,IN,Reliance Energy Ltd.,,,,Importer,NEW DELHI,KOTRA_SNS_2025,화장품/뷰티
330499,IN,Airson,,,,Importer,CHENNAI,KOTRA_SNS_2025,화장품/뷰티
330499,CA,Cananesco Inc.,,,,Importer,VANCOUVER,KOTRA_SNS_2025,화장품/뷰티
330499,IN,Rehaanaturals,,,,Importer,MUMBAI,KOTRA_SNS_2025,화장품/뷰티
330499,IN,JC cosmetics,,,,Importer,KOLKATA,KOTRA_SNS_2025,화장품/뷰티
330499,IN,eTeam Inc,,,,Importer,NOIDA,KOTRA_SNS_2025,화장품/뷰티
330499,IN,Inkorra Aesthetics and Permanent Makeup Studio,,,,Importer,GAUTAM BUDH NAGAR,KOTRA_SNS_2025,화장품/뷰티
330499,IN,Star Data Infotech,,,,Importer,KOLKATA,KOTRA_SNS_2025,화장품/뷰티
330499,IN,JMD,,,,Importer,FARIDABAD,KOTRA_SNS_2025,화장품/뷰티
330499,IN,A.R. Engineer & Allied Products,,,,Importer,MEERUT CITY,KOTRA_SNS_2025,화장품/뷰티
330499,US,Arman impex,,,,Importer,AMBUR,KOTRA_SNS_2025,화장품/뷰티
330499,IN,HSBC,,,,Importer,CHANDIGARH,KOTRA_SNS_2025,화장품/뷰티
330499,IN,Performics,,,,Importer,NEW DELHI,KOTRA_SNS_2025,화장품/뷰티
330499,PE,Sala de Parto,,,,Importer,LIMA,KOTRA_SNS_2025,화장품/뷰티
330499,EC,Baransu,,,,Importer,QUITO,KOTRA_SNS_2025,화장품/뷰티
330499,PE,Satora,,,,Importer,LIMA,KOTRA_SNS_2025,화장품/뷰티
330499,IN,Reelux,,,,Importer,CHITTAURGARH,KOTRA_SNS_2025,화장품/뷰티
330499,IN,Divas,,,,Importer,HYDERABAD,KOTRA_SNS_2025,화장품/뷰티
330499,IN,PRACTICISING CHARTERED ACCOUNTANT,,,,Importer,CHANDIGARH,KOTRA_SNS_2025,화장품/뷰티
330499,MX,The optimal lab,,,,Importer,MEXICO CITY,KOTRA_SNS_2025,화장품/뷰티
330499,US,Milton,,,,Importer,ZBKI,KOTRA_SNS_2025,화장품/뷰티
330499,EC,Emprendedor,,,,Importer,QUITO,KOTRA_SNS_2025,화장품/뷰티
330499,IN,Tejasavi,,,,Importer,INDIA,KOTRA_SNS_2025,화장품/뷰티
330499,IN,Alchemist,,,,Importer,NOIDA,KOTRA_SNS_2025,화장품/뷰티
330499,IN,Roma,,,,Importer,DHULE,KOTRA_SNS_2025,화장품/뷰티
330499,IN,Tamed native consumers pvt ltd,,,,Importer,SALEM,KOTRA_SNS_2025,화장품/뷰티
330499,IN,Kalyankar Clinic Aurangabad,,,,Importer,AURANGABAD,KOTRA_SNS_2025,화장품/뷰티
330499,IN,Calistta Healthcare Pvt Ltd,,,,Importer,AHMEDABAD,KOTRA_SNS_2025,화장품/뷰티
330499,IN,RS GLOBAL,,,,Importer,NOIDA,KOTRA_SNS_2025,화장품/뷰티
330499,IN,Squirrel Export Pvt .Ltd.,,,,Importer,MUMBAI,KOTRA_SNS_2025,화장품/뷰티
330499,IN,Namgyal pvt ltd,,,,Importer,GANGTOK,KOTRA_SNS_2025,화장품/뷰티
330499,EC,ZibSkins,,,,Importer,QUITO,KOTRA_SNS_2025,화장품/뷰티
330499,IN,SYNK Salons,,,,Importer,MUMBAI,KOTRA_SNS_2025,화장품/뷰티
330499,IN,Samta,,,,Importer,BHOPAL,KOTRA_SNS_2025,화장품/뷰티
330499,IN,batra,,,,Importer,YAMUNANAGAR,KOTRA_SNS_2025,화장품/뷰티
330499,EC,Transporte Pesado,,,,Importer,PORTOVIEJO,KOTRA_SNS_2025,화장품/뷰티
330499,EC,Meraki,,,,Importer,QUITO,KOTRA_SNS_2025,화장품/뷰티
330499,IN,Sheth Enterprises,,,,Importer,AHMEDABAD,KOTRA_SNS_2025,화장품/뷰티
330499,GR,Health Laser Clinic,,,,Importer,KIFISSIA,KOTRA_SNS_2025,화장품/뷰티
330499,IN,Nitya ent care hospital,,,,Importer,HYDERABAD,KOTRA_SNS_2025,화장품/뷰티
330499,HK,香港,,,,Importer,HONG KONG,KOTRA_SNS_2025,화장품/뷰티
330499,IN,One Up,,,,Importer,MUMBAI,KOTRA_SNS_2025,화장품/뷰티
330499,IN,Global Bliss Services,,,,Importer,HYDERABAD,KOTRA_SNS_2025,화장품/뷰티
330499,IN,Rare Jewellery,,,,Importer,NEW DELHI,KOTRA_SNS_2025,화장품/뷰티
330499,IN,SG INFINITY Export Pvt Ltd,,,,Importer,PUNE,KOTRA_SNS_2025,화장품/뷰티
330499,IN,Nan Originals,,,,Importer,NEW DELHI,KOTRA_SNS_2025,화장품/뷰티
330499,IN,Salon,,,,Importer,PUNE,KOTRA_SNS_2025,화장품/뷰티
330499,IN,Medical,,,,Importer,MUMBAI,KOTRA_SNS_2025,화장품/뷰티
330499,IN,Rlife,,,,Importer,MUMBAI,KOTRA_SNS_2025,화장품/뷰티
330499,PE,Topbeauty,,,,Importer,LIMA,KOTRA_SNS_2025,화장품/뷰티
330499,IN,Third I Technosoft Pvt. Ltd.,,,,Importer,AHMEDABAD,KOTRA_SNS_2025,화장품/뷰티
330499,IN,Curalene,,,,Importer,THANE,KOTRA_SNS_2025,화장품/뷰티
330499,IN,Agliss anti-aging solutions pvt ltd,,,,Importer,SURAT,KOTRA_SNS_2025,화장품/뷰티
330499,EC,keiz,,,,Importer,QUITO,KOTRA_SNS_2025,화장품/뷰티
330499,IN,Silkive Professional,,,,Importer,AHMEDABAD,KOTRA_SNS_2025,화장품/뷰티
330499,IN,INKAA Royal skin care,,,,Importer,CHENNAI,KOTRA_SNS_2025,화장품/뷰티
330499,IN,Face value aesthetics,,,,Importer,NASHIK,KOTRA_SNS_2025,화장품/뷰티
330499,IN,Mahaveer trading company,,,,Importer,BILASPUR,KOTRA_SNS_2025,화장품/뷰티
330499,US,Terra,,,,Importer,KOTTAYAM,KOTRA_SNS_2025,화장품/뷰티
330499,IN,Vanity Clique Enterprises,,,,Importer,YAMUNA NAGAR,KOTRA_SNS_2025,화장품/뷰티
330499,SN,Diallo MAMADOU,,,,Importer,DAKAR,KOTRA_SNS_2025,화장품/뷰티
330499,IN,Olive young,,,,Importer,RANCHI,KOTRA_SNS_2025,화장품/뷰티
330499,IN,Nil,,,,Importer,MUMBAI,KOTRA_SNS_2025,화장품/뷰티
330499,IN,TATA-AIG,,,,Importer,MUMBAI,KOTRA_SNS_2025,화장품/뷰티
330499,TR,Mekatherm ltd,,,,Importer,ISTANBUL,KOTRA_SNS_2025,화장품/뷰티
330499,IN,UnitedHealthcare,,,,Importer,KOLKATA,KOTRA_SNS_2025,화장품/뷰티
330499,GB,NURA Cosmetic,,,,Importer,PRESTON,KOTRA_SNS_2025,화장품/뷰티
330499,IN,Elite Hair Studio,,,,Importer,HYDERABAD,KOTRA_SNS_2025,화장품/뷰티
330499,IN,Blav,,,,Importer,DELHI,KOTRA_SNS_2025,화장품/뷰티
330499,IN,beaesthetic,,,,Importer,KUKARMUNDA,KOTRA_SNS_2025,화장품/뷰티
330499,IN,Dastoor Makeovers,,,,Importer,JAIPUR,KOTRA_SNS_2025,화장품/뷰티
330499,PH,JUNO PH,,,,Importer,QC,KOTRA_SNS_2025,화장품/뷰티
330499,IN,Rajiv Jindal & Associates,,,,Importer,DEHRA DUN,KOTRA_SNS_2025,화장품/뷰티
330499,PE,New company,,,,Importer,LIMA,KOTRA_SNS_2025,화장품/뷰티
330499,EC,Quick,,,,Importer,QUITO,KOTRA_SNS_2025,화장품/뷰티
330499,IN,shiv Enterprises,,,,Importer,PUNE,KOTRA_SNS_2025,화장품/뷰티
330499,PH,microlines,,,,Importer,MANILA,KOTRA_SNS_2025,화장품/뷰티
330499,IN,Buddham Global Export LLP,,,,Importer,GANDHINAGAR,KOTRA_SNS_2025,화장품/뷰티
330499,IN,Western,,,,Importer,MUMBAI,KOTRA_SNS_2025,화장품/뷰티
330499,IN,Postcard india,,,,Importer,PUNE,KOTRA_SNS_2025,화장품/뷰티
330499,IN,FIFTH ELEMENT,,,,Importer,MUMBAI,KOTRA_SNS_2025,화장품/뷰티
330499,IN,Keyos,,,,Importer,COIMBATORE,KOTRA_SNS_2025,화장품/뷰티
330499,IN,Angel beauty,,,,Importer,MANDI DABWALI,KOTRA_SNS_2025,화장품/뷰티
330499,IN,Beachwood,,,,Importer,THIRUVANANTHAPURAM,KOTRA_SNS_2025,화장품/뷰티
330499,IN,Innovate Beauty International LLP,,,,Importer,MUMBAI,KOTRA_SNS_2025,화장품/뷰티
330499,IN,Aquimaxxindia wealth private limited,,,,Importer,AHMEDABAD,KOTRA_SNS_2025,화장품/뷰티
330499,IN,Spectrum,,,,Importer,DELHI,KOTRA_SNS_2025,화장품/뷰티
330499,AZ,Onetouchbeauty,,,,Importer,BAKU,KOTRA_SNS_2025,화장품/뷰티
330499,PE,G6 group,,,,Importer,LIMA,KOTRA_SNS_2025,화장품/뷰티
330499,IN,Invoyen Skincare Pvt Ltd,,,,Importer,JAIPUR,KOTRA_SNS_2025,화장품/뷰티
330499,IN,K Beauty,,,,Importer,SOLAPUR,KOTRA_SNS_2025,화장품/뷰티
330499,IN,Dr sasi skin clinc,,,,Importer,TRICHY,KOTRA_SNS_2025,화장품/뷰티
330499,PE,Lalala Dance and Fitness,,,,Importer,LIMA,KOTRA_SNS_2025,화장품/뷰티
330499,IN,Studio slash,,,,Importer,COIMBATORE,KOTRA_SNS_2025,화장품/뷰티
330499,IN,Zia cosmetics,,,,Importer,MUMBAI,KOTRA_SNS_2025,화장품/뷰티
330499,EC,Chocolat Brand Studio,,,,Importer,GUAYAQUIL,KOTRA_SNS_2025,화장품/뷰티
330499,MX,WellGo S de RL de CV,,,,Importer,MEXICO CITY,KOTRA_SNS_2025,화장품/뷰티
330499,IN,Rehaa,,,,Importer,MUMBAI,KOTRA_SNS_2025,화장품/뷰티
330499,IN,Aviva Beauty,,,,Importer,DELHI,KOTRA_SNS_2025,화장품/뷰티
330499,IN,Megha Vohra,,,,Importer,KOLKATA,KOTRA_SNS_2025,화장품/뷰티
330499,IN,The Fat Cat,,,,Importer,MUMBAI,KOTRA_SNS_2025,화장품/뷰티
330499,EG,Canadian international college,,,,Importer,CAIRO,KOTRA_SNS_2025,화장품/뷰티
330499,IN,Skin & Body Care,,,,Importer,AHMEDABAD,KOTRA_SNS_2025,화장품/뷰티
330499,SA,https://rwasi-world.com/,,,,Importer,RIYADH,KOTRA_SNS_2025,화장품/뷰티
330499,IN,Lavina sippy,,,,Importer,MUMBAI,KOTRA_SNS_2025,화장품/뷰티
330499,IN,MerchStory,,,,Importer,DELHI,KOTRA_SNS_2025,화장품/뷰티
330499,IN,Wonder Products Group,,,,Importer,NORTH DELHI,KOTRA_SNS_2025,화장품/뷰티
330499,IN,Vanaura Organics,,,,Importer,THRISSUR,KOTRA_SNS_2025,화장품/뷰티
330499,IN,kirti healthcare pvt ltd,,,,Importer,SURAT,KOTRA_SNS_2025,화장품/뷰티
330499,IN,private company,,,,Importer,GURUGRAM,KOTRA_SNS_2025,화장품/뷰티
330499,IN,Ice Hospitality Pvt Ltd,,,,Importer,MUMBAI,KOTRA_SNS_2025,화장품/뷰티
330499,IN,Nayan sukh optical company,,,,Importer,SATNA,KOTRA_SNS_2025,화장품/뷰티
330499,IN,Enhance Aesthetic and Cosmetic Studio,,,,Importer,DELHI,KOTRA_SNS_2025,화장품/뷰티
330499,IN,Medicasa,,,,Importer,MUMBAI,KOTRA_SNS_2025,화장품/뷰티
330499,IN,I don't know,,,,Importer,BHILAI,KOTRA_SNS_2025,화장품/뷰티
330499,MA,1K,,,,Importer,TANGER,KOTRA_SNS_2025,화장품/뷰티
330499,IN,,,,,Importer,MUMBAI,KOTRA_SNS_2025,화장품/뷰티
330499,IN,Paradis luxury private limited,,,,Importer,SURAT,KOTRA_SNS_2025,화장품/뷰티
330499,IN,Satva Agro Farms,,,,Importer,PUNE,KOTRA_SNS_2025,화장품/뷰티
330499,IN,BookMyShow,,,,Importer,MUMBAI,KOTRA_SNS_2025,화장품/뷰티
330499,EC,Mercaethetic,,,,Importer,GUAYAQUIL,KOTRA_SNS_2025,화장품/뷰티
330499,IN,Y,,,,Importer,NANDED WAGHALA,KOTRA_SNS_2025,화장품/뷰티
330499,IN,Nirmala Agency,,,,Importer,AHMEDABAD,KOTRA_SNS_2025,화장품/뷰티
330499,IN,Radiant,,,,Importer,DELHI,KOTRA_SNS_2025,화장품/뷰티
330499,IN,The Simplicist,,,,Importer,CHANDIGARH,KOTRA_SNS_2025,화장품/뷰티
330499,OM,Xpress Investment Business,,,,Importer,MUSCAT,KOTRA_SNS_2025,화장품/뷰티
330499,IN,Got no time to work dealin' with my own shits,,,,Importer,NAGPUR,KOTRA_SNS_2025,화장품/뷰티
330499,IN,own business,,,,Importer,DELHI,KOTRA_SNS_2025,화장품/뷰티
330499,US,Heheheiid,,,,Importer,PATNA,KOTRA_SNS_2025,화장품/뷰티
330499,IN,Folkpride Lifestyles Private Limited,,,,Importer,DELHI,KOTRA_SNS_2025,화장품/뷰티
330499,IN,Pragna Vedant,,,,Importer,MUMBAI,KOTRA_SNS_2025,화장품/뷰티
330499,IN,SKIL GRAINS,,,,Importer,"CHUMOUKEDIMA, NAGALAND",KOTRA_SNS_2025,화장품/뷰티
330499,IN,PARAS HOLDINGS,,,,Importer,MUMBAI,KOTRA_SNS_2025,화장품/뷰티
330790,IN,Bombay School of Makeup & Hair,,,,Importer,MUMBAI,KOTRA_SNS_2025,화장품/뷰티
330499,IN,Turtle And snail vegan beaute.pvt.ltd.,,,,Importer,GOA,KOTRA_SNS_2025,화장품/뷰티
330499,IN,Slap Beauty India,,,,Importer,DELHI,KOTRA_SNS_2025,화장품/뷰티
330499,PH,Avon,,,,Importer,MANILA,KOTRA_SNS_2025,화장품/뷰티
330499,IN,son compte,,,,Importer,PONDY,KOTRA_SNS_2025,화장품/뷰티
330499,IN,Oahra,,,,Importer,LUCKNOW,KOTRA_SNS_2025,화장품/뷰티
330499,MA,Atelier radani stufio,,,,Importer,CASABLANCA,KOTRA_SNS_2025,화장품/뷰티
330499,IN,Gayatri healthcare products,,,,Importer,NAGPUR,KOTRA_SNS_2025,화장품/뷰티
330499,IN,Rysing Global Private Limited,,,,Importer,NAVI MUMBAI (NEW MUMBAI),KOTRA_SNS_2025,화장품/뷰티
330499,US,Zain innovation,,,,Importer,OKLAHOMA CITY,KOTRA_SNS_2025,화장품/뷰티
330499,IN,Skinside,,,,Importer,HYDERABAD,KOTRA_SNS_2025,화장품/뷰티
330499,AU,KPSS - KAO Professional Salon Services / GOLDWELL,,,,Importer,SYDNEY,KOTRA_SNS_2025,화장품/뷰티
330499,IN,The heaven,,,,Importer,JAMNAGAR,KOTRA_SNS_2025,화장품/뷰티
330499,US,Dropandclear,,,,Importer,NEW DELHI,KOTRA_SNS_2025,화장품/뷰티
330499,EG,Oxygen,,,,Importer,CAIRO,KOTRA_SNS_2025,화장품/뷰티
330499,MX,Minglow,,,,Importer,MEXICO CITY,KOTRA_SNS_2025,화장품/뷰티
330499,IN,Stage 32,,,,Importer,MUMBAI,KOTRA_SNS_2025,화장품/뷰티
330499,IN,Deeya impex,,,,Importer,MUMBAI,KOTRA_SNS_2025,화장품/뷰티
330499,IN,Extensions,,,,Importer,TIRUNELVELI,KOTRA_SNS_2025,화장품/뷰티
330499,US,BelleTress,,,,Importer,WESTLAKE VILLAGE,KOTRA_SNS_2025,화장품/뷰티
330499,IN,SiaBella Cosmetics Pvt ltd,,,,Importer,VADODARA,KOTRA_SNS_2025,화장품/뷰티
330499,IN,Tease beauty,,,,Importer,MUMBAI,KOTRA_SNS_2025,화장품/뷰티
330499,IN,sundar agrow products,,,,Importer,PUNE,KOTRA_SNS_2025,화장품/뷰티
330499,IN,Zayoma India Pvt ltd,,,,Importer,MUMBAI,KOTRA_SNS_2025,화장품/뷰티
330499,IN,Krivasa Gems,,,,Importer,SURAT,KOTRA_SNS_2025,화장품/뷰티
330499,EC,Universidad Catlica de Santiago de Guayaquil,,,,Importer,GUAYAQUIL,KOTRA_SNS_2025,화장품/뷰티
330499,IN,malay enterprise,,,,Importer,AHMEDABAD,KOTRA_SNS_2025,화장품/뷰티
330499,QA,Xenie,,,,Importer,BENGALURU,KOTRA_SNS_2025,화장품/뷰티
330499,IN,The Joon Shop,,,,Importer,GURUGRAM,KOTRA_SNS_2025,화장품/뷰티
330499,US,Hans group,,,,Importer,MUMBAI,KOTRA_SNS_2025,화장품/뷰티
330499,SA,medical resources company,,,,Importer,RIYADH,KOTRA_SNS_2025,화장품/뷰티
330499,IN,Parul University,,,,Importer,SURAT,KOTRA_SNS_2025,화장품/뷰티
330499,MA,abou Ghali commerce,,,,Importer,TANGIER,KOTRA_SNS_2025,화장품/뷰티
330499,IN,Glam korean skin studio,,,,Importer,MUMBAI,KOTRA_SNS_2025,화장품/뷰티
330499,IN,Sally's Soul Therapy,,,,Importer,MUMBAI,KOTRA_SNS_2025,화장품/뷰티
330499,IN,kb pharma agency,,,,Importer,JAMNAGAR,KOTRA_SNS_2025,화장품/뷰티
330499,PE,HIJACK,,,,Importer,LOS OLIVOS,KOTRA_SNS_2025,화장품/뷰티
330499,IN,Odell industries,,,,Importer,KOCHI,KOTRA_SNS_2025,화장품/뷰티
330499,IN,India,,,,Importer,HYDERABAD,KOTRA_SNS_2025,화장품/뷰티
330499,GB,LONOVE UK LIMITED,,,,Importer,LONDON,KOTRA_SNS_2025,화장품/뷰티
330499,IN,Red lifestyle Pvt ltd,,,,Importer,MUMBAI,KOTRA_SNS_2025,화장품/뷰티
330499,IN,Reliance Group,,,,Importer,DELHI,KOTRA_SNS_2025,화장품/뷰티
330499,IN,bmc,,,,Importer,JAIPUR,KOTRA_SNS_2025,화장품/뷰티
330499,IN,Grover Zampa Vineyards,,,,Importer,MUMBAI,KOTRA_SNS_2025,화장품/뷰티
330499,TR,Emirgan Creative,,,,Importer,ISTANBUL,KOTRA_SNS_2025,화장품/뷰티
330499,IN,Blueberry IT Solutions Pvt Ltd,,,,Importer,DELHI,KOTRA_SNS_2025,화장품/뷰티
330499,IN,Continuum Aesthetics,,,,Importer,DELHI,KOTRA_SNS_2025,화장품/뷰티
330499,IN,Esoteric,,,,Importer,NEW DELHI,KOTRA_SNS_2025,화장품/뷰티
330499,IN,Radhe Skin -The Cosmetic Hub,,,,Importer,SURAT,KOTRA_SNS_2025,화장품/뷰티
330499,IN,MULTITRADE,,,,Importer,MUMBAI,KOTRA_SNS_2025,화장품/뷰티
330499,IN,Astam sutra,,,,Importer,DELHI,KOTRA_SNS_2025,화장품/뷰티
330499,IN,Sri sp enterprises,,,,Importer,HYDERABAD,KOTRA_SNS_2025,화장품/뷰티
330499,IN,Hachi Skincare,,,,Importer,GHAZIABAD,KOTRA_SNS_2025,화장품/뷰티
330499,IN,Ankur Salon,,,,Importer,MUMBAI,KOTRA_SNS_2025,화장품/뷰티
330499,EG,At home,,,,Importer,ALEXANDRIA,KOTRA_SNS_2025,화장품/뷰티
330499,IN,S. Selvakumar,,,,Importer,CHENNAI,KOTRA_SNS_2025,화장품/뷰티
330499,IN,Aethicz,,,,Importer,LUCKNOW,KOTRA_SNS_2025,화장품/뷰티
330499,US,Managing Director,,,,Importer,CHEMMAD,KOTRA_SNS_2025,화장품/뷰티
330499,MA,Nouricor,,,,Importer,CASABLANCA,KOTRA_SNS_2025,화장품/뷰티
330499,MA,La villa des Arts,,,,Importer,MEKNES,KOTRA_SNS_2025,화장품/뷰티
330499,US,Cielle.com.br,,,,Importer,SO BERNARDO DO CAMPO,KOTRA_SNS_2025,화장품/뷰티
330499,IN,Sondaryam,,,,Importer,JAIPUR,KOTRA_SNS_2025,화장품/뷰티
330499,IN,own business,,,,Importer,NEW DELHI,KOTRA_SNS_2025,화장품/뷰티
330499,IN,infringe,,,,Importer,SONIPAT,KOTRA_SNS_2025,화장품/뷰티
330499,IN,Magalir Mattum Showroom fashion jewellery.,,,,Importer,CHENNAI,KOTRA_SNS_2025,화장품/뷰티
330499,IN,Aa impex,,,,Importer,LUCKNOW,KOTRA_SNS_2025,화장품/뷰티
330499,IN,KIEC,,,,Importer,ZIRAKPUR,KOTRA_SNS_2025,화장품/뷰티
330499,IN,Bright beginning,,,,Importer,ALLAHABAD,KOTRA_SNS_2025,화장품/뷰티
330499,IN,Afsha Inc,,,,Importer,CHENNAI,KOTRA_SNS_2025,화장품/뷰티
330499,IN,Global cosmetics,,,,Importer,BHATKAL,KOTRA_SNS_2025,화장품/뷰티
330499,PE,Dra. Ivette Soto - Dermatloga,,,,Importer,LIMA,KOTRA_SNS_2025,화장품/뷰티
330499,IN,Self,,,,Importer,HYDERABAD,KOTRA_SNS_2025,화장품/뷰티
330499,IN,DNA DADDY,,,,Importer,GURGAON,KOTRA_SNS_2025,화장품/뷰티
330499,IN,Anaha Multispecialities 2.0,,,,Importer,MUMBAI,KOTRA_SNS_2025,화장품/뷰티
330499,IN,T and V Beauty Indulgence pvt Ltd,,,,Importer,CHENNAI,KOTRA_SNS_2025,화장품/뷰티
330499,IN,TapGro,,,,Importer,NOIDA,KOTRA_SNS_2025,화장품/뷰티
330499,IN,Skin Affairs in India,,,,Importer,PUNE,KOTRA_SNS_2025,화장품/뷰티
330499,IT,Val inc,,,,Importer,DELHI,KOTRA_SNS_2025,화장품/뷰티
330499,EC,Kepro Wold,,,,Importer,QUITO,KOTRA_SNS_2025,화장품/뷰티
330499,IN,Kasmax Ventures Pvt Ltd,,,,Importer,PUNE,KOTRA_SNS_2025,화장품/뷰티
330499,MA,Royal Air Maroc,,,,Importer,MARRAKESH,KOTRA_SNS_2025,화장품/뷰티
330499,IN,MadamG,,,,Importer,CHENNAI,KOTRA_SNS_2025,화장품/뷰티
330499,IN,Unfiltered,,,,Importer,MUMBAI,KOTRA_SNS_2025,화장품/뷰티
330499,EG,Nuritanas,,,,Importer,CAIRO,KOTRA_SNS_2025,화장품/뷰티
330499,IN,Shilpshree,,,,Importer,VADODARA,KOTRA_SNS_2025,화장품/뷰티
330499,PE,Corporation g&a,,,,Importer,LIMA,KOTRA_SNS_2025,화장품/뷰티
330499,PH,AesthetiQ Wellness & Spa,,,,Importer,MALOLOS,KOTRA_SNS_2025,화장품/뷰티
330499,PH,FFD,,,,Importer,MANILA,KOTRA_SNS_2025,화장품/뷰티
330499,IN,The pony and peony co.,,,,Importer,DELHI,KOTRA_SNS_2025,화장품/뷰티
330499,PH,,,,,Importer,QUEZON CITY,KOTRA_SNS_2025,화장품/뷰티
330499,MA,ERINDAD,,,,Importer,CASABLANCA,KOTRA_SNS_2025,화장품/뷰티
330499,MT,SeoulSkin Aesthetic Lounge,,,,Importer,PASIG,KOTRA_SNS_2025,화장품/뷰티
330499,IN,fancy cosmetic,,,,Importer,SURAT,KOTRA_SNS_2025,화장품/뷰티
330499,IN,Adwaitpr,,,,Importer,DELHI,KOTRA_SNS_2025,화장품/뷰티
330499,OM,Beautopia,,,,Importer,BAWSHAR,KOTRA_SNS_2025,화장품/뷰티
330499,IN,Robocare Facilities pvt ltd,,,,Importer,DELHI,KOTRA_SNS_2025,화장품/뷰티
330499,JO,University Of Petra,,,,Importer,AMMAN,KOTRA_SNS_2025,화장품/뷰티
330499,IN,"Medanta hospital Lucknow,neurosurgery department",,,,Importer,LUCKNOW,KOTRA_SNS_2025,화장품/뷰티
330499,IN,Raag healthcare technologies pvt ltd,,,,Importer,PUNE,KOTRA_SNS_2025,화장품/뷰티
330499,IN,R Lift Elixirs Pvt Ltd,,,,Importer,MUMBAI,KOTRA_SNS_2025,화장품/뷰티
330499,IN,Singer,,,,Importer,DELHI,KOTRA_SNS_2025,화장품/뷰티
330499,SA,Jiddah,,,,Importer,JEDDAH,KOTRA_SNS_2025,화장품/뷰티
330499,IN,VinPro Naturals Pvt Ltd,,,,Importer,BIJAPUR KARNATAKA,KOTRA_SNS_2025,화장품/뷰티
330499,IN,TrulyDerma,,,,Importer,DELHI,KOTRA_SNS_2025,화장품/뷰티
330499,IN,Freelancer,,,,Importer,MUMBAI,KOTRA_SNS_2025,화장품/뷰티
330499,IN,Cutis Biotech,,,,Importer,NANDED,KOTRA_SNS_2025,화장품/뷰티
330499,IN,Eazyexim,,,,Importer,HYDERABAD,KOTRA_SNS_2025,화장품/뷰티
330499,IN,Floraadrops,,,,Importer,DELHI,KOTRA_SNS_2025,화장품/뷰티
330499,IN,Epson,,,,Importer,HYDERABAD,KOTRA_SNS_2025,화장품/뷰티
330499,IN,Reevanax,,,,Importer,JUNAGADH,KOTRA_SNS_2025,화장품/뷰티
330499,IN,MNG ENTERPRISES,,,,Importer,HISSAR,KOTRA_SNS_2025,화장품/뷰티
330499,IN,Sri Roop Overseas private limited,,,,Importer,DELHI,KOTRA_SNS_2025,화장품/뷰티
330499,IN,Enine Salon,,,,Importer,VADODARA,KOTRA_SNS_2025,화장품/뷰티
330499,PH,ProPod,,,,Importer,MUNTINLUPA,KOTRA_SNS_2025,화장품/뷰티
330499,IN,Hexaware Technologies,,,,Importer,NEW DELHI,KOTRA_SNS_2025,화장품/뷰티
330499,IN,,,,,Importer,PUNE,KOTRA_SNS_2025,화장품/뷰티
330499,IN,Fusion tints,,,,Importer,NEW DELHI,KOTRA_SNS_2025,화장품/뷰티
330499,IN,Aurangabad Food Industries,,,,Importer,PUNE,KOTRA_SNS_2025,화장품/뷰티
330499,EG,GSK,,,,Importer,CAIRO,KOTRA_SNS_2025,화장품/뷰티
330499,PH,GLGG International Beauty and Wellness Manufacturing Plant,,,,Importer,GENERAL TRIAS,KOTRA_SNS_2025,화장품/뷰티
330499,US,Novado.in,,,,Importer,HYDERABAD,KOTRA_SNS_2025,화장품/뷰티
330499,IN,Anika Hub,,,,Importer,DAMAN,KOTRA_SNS_2025,화장품/뷰티
330499,TR,Pinkar kimya,,,,Importer,ISTANBUL,KOTRA_SNS_2025,화장품/뷰티
330499,IN,Vimals,,,,Importer,KARUR,KOTRA_SNS_2025,화장품/뷰티
330499,IN,Kaira Skin Care Center,,,,Importer,NIJHAR,KOTRA_SNS_2025,화장품/뷰티
330499,IN,Yuri Woori,,,,Importer,MUMBAI,KOTRA_SNS_2025,화장품/뷰티
330499,IN,Gold Aesthetics Care Pvt Ltd,,,,Importer,MUMBAI,KOTRA_SNS_2025,화장품/뷰티
330499,IN,Kerawi,,,,Importer,NAVI MUMBAI (NEW MUMBAI),KOTRA_SNS_2025,화장품/뷰티
330499,IN,Neeta Education and consultancy,,,,Importer,MUMBAI,KOTRA_SNS_2025,화장품/뷰티
330499,IN,A2Z,,,,Importer,GURUGRAM,KOTRA_SNS_2025,화장품/뷰티
330499,IN,Growisto,,,,Importer,MUMBAI,KOTRA_SNS_2025,화장품/뷰티
330499,IN,Shree G overseas,,,,Importer,INDORE,KOTRA_SNS_2025,화장품/뷰티
330499,IN,Twinkle beauty shop,,,,Importer,MUMBAI,KOTRA_SNS_2025,화장품/뷰티
330499,IN,Angels Family Stop Pvt Ltd,,,,Importer,CHENNAI,KOTRA_SNS_2025,화장품/뷰티
330499,IN,Mufasaman,,,,Importer,NEW DELHI,KOTRA_SNS_2025,화장품/뷰티
330499,IN,Biomentors online,,,,Importer,BHOPAL,KOTRA_SNS_2025,화장품/뷰티
330499,IN,MUMUSO Retail Private Limited,,,,Importer,KOLKATA,KOTRA_SNS_2025,화장품/뷰티
330499,EC,Kasana,,,,Importer,CUENCA,KOTRA_SNS_2025,화장품/뷰티
330499,IN,Rehaa naturals,,,,Importer,MUMBAI,KOTRA_SNS_2025,화장품/뷰티
330499,GR,Beautygram,,,,Importer,THESSALONKI,KOTRA_SNS_2025,화장품/뷰티
330499,IN,S.sense Salon & Spa,,,,Importer,MUMBAI,KOTRA_SNS_2025,화장품/뷰티
330499,IN,New aatish distributor,,,,Importer,MUMBAI,KOTRA_SNS_2025,화장품/뷰티
330499,NP,"Ghimire International Co., Ltd.",,,,Importer,KARIYA,KOTRA_SNS_2025,화장품/뷰티
330499,FR,ND,,,,Importer,PARIS,KOTRA_SNS_2025,화장품/뷰티
330499,US,Nwcosmetics.co,,,,Importer,REDMOND,KOTRA_SNS_2025,화장품/뷰티
330499,IN,Malhotra Dental Clinic,,,,Importer,DELHI,KOTRA_SNS_2025,화장품/뷰티
330499,EC,Epn,,,,Importer,QUITO,KOTRA_SNS_2025,화장품/뷰티
330499,JP,marcino properties,,,,Importer,CHIBA,KOTRA_SNS_2025,화장품/뷰티
330499,IN,Skintech Aesthetic,,,,Importer,MUMBAI,KOTRA_SNS_2025,화장품/뷰티
330499,IN,Total Beauty,,,,Importer,MUMBAI,KOTRA_SNS_2025,화장품/뷰티
330499,IN,kwelyxir wellness,,,,Importer,GUJARAT,KOTRA_SNS_2025,화장품/뷰티
330499,US,Shino Bay Cosmetic Dermatology,,,,Importer,FORT LAUDERDALE,KOTRA_SNS_2025,화장품/뷰티
330499,IN,adinath health care,,,,Importer,SURAT,KOTRA_SNS_2025,화장품/뷰티
330499,IN,Yaxon Bio-Care pvt. Ltd.,,,,Importer,DELHI,KOTRA_SNS_2025,화장품/뷰티
330499,PH,Cut & fix salon,,,,Importer,GIFU,KOTRA_SNS_2025,화장품/뷰티
330499,IN,SnS,,,,Importer,BENGALURU,KOTRA_SNS_2025,화장품/뷰티
330499,IN,Skinzza.in,,,,Importer,DELHI,KOTRA_SNS_2025,화장품/뷰티
330499,AZ,Facebook,,,,Importer,BAKU,KOTRA_SNS_2025,화장품/뷰티
330499,IN,Skinska Pharmaceutica Ltd,,,,Importer,HYDERABAD,KOTRA_SNS_2025,화장품/뷰티
330499,IN,Vertical Concepts pvt ltd.,,,,Importer,MUMBAI,KOTRA_SNS_2025,화장품/뷰티
330499,US,Musk Enterprise,,,,Importer,CHHINDWARA,KOTRA_SNS_2025,화장품/뷰티
330499,US,Nines Group,,,,Importer,TORRANCE,KOTRA_SNS_2025,화장품/뷰티
330499,IN,YOBO KANGITEN private limited,,,,Importer,BARABANKI,KOTRA_SNS_2025,화장품/뷰티
330499,US,Solo skin,,,,Importer,GREAT NECK,KOTRA_SNS_2025,화장품/뷰티
330499,IN,Founder,,,,Importer,DELHI,KOTRA_SNS_2025,화장품/뷰티
330499,MA,Hygienic goods,,,,Importer,CASABLANCA,KOTRA_SNS_2025,화장품/뷰티
330499,IN,Srk fashion Accessories,,,,Importer,MUMBAI,KOTRA_SNS_2025,화장품/뷰티
330499,IN,Ranz saloon Salution pvt ltd,,,,Importer,MUMBAI,KOTRA_SNS_2025,화장품/뷰티
330499,IN,Self Employed,,,,Importer,DELHI,KOTRA_SNS_2025,화장품/뷰티
330499,IN,Guru Nanak International Travels,,,,Importer,PATIALA,KOTRA_SNS_2025,화장품/뷰티
330499,US,Sookskincare,,,,Importer,BADN,KOTRA_SNS_2025,화장품/뷰티
330499,MA,Tanger,,,,Importer,TANGIER,KOTRA_SNS_2025,화장품/뷰티
330499,FR,PwC,,,,Importer,LYON,KOTRA_SNS_2025,화장품/뷰티
330499,IN,Bio organic and Natural,,,,Importer,PONDICHRY,KOTRA_SNS_2025,화장품/뷰티
330499,CN,Erha,,,,Importer,INDOENSIA,KOTRA_SNS_2025,화장품/뷰티
330499,IN,Jyp.audition,,,,Importer,SOMNATH,KOTRA_SNS_2025,화장품/뷰티
330499,US,Mihikaarya,,,,Importer,JHANSI,KOTRA_SNS_2025,화장품/뷰티
330499,PT,4myunnie,,,,Importer,ANGRA DO HEROSMO,KOTRA_SNS_2025,화장품/뷰티
330499,FR,Dalious,,,,Importer,PARIS,KOTRA_SNS_2025,화장품/뷰티
330499,CN,"BEIJING SD GLOBAL CO., LTD",,,,Importer,BEIJING,KOTRA_SNS_2025,화장품/뷰티
330499,UZ,Soluxe,,,,Importer,TASHKENT,KOTRA_SNS_2025,화장품/뷰티
330510,CI,Ivoir karit plus,,,,Importer,ABIDJAN,KOTRA_SNS_2025,화장품/뷰티
330510,CI,cluses immigrarions,,,,Importer,ABIDJAN,KOTRA_SNS_2025,화장품/뷰티
330510,CI,NK LOGISTICS AND SOURCING,,,,Importer,ABIDJAN COCODY,KOTRA_SNS_2025,화장품/뷰티
330510,CI,kholbart services,,,,Importer,ABIDJAN,KOTRA_SNS_2025,화장품/뷰티
330499,CH,"BEIJING JINTU ADVERTISING CO., LTD",,,,Importer,BEIJING,KOTRA_SNS_2025,화장품/뷰티
330790,ID,DANI BAUW,,,,Importer,BINTUNI,KOTRA_SNS_2025,화장품/뷰티
340130,MM,"Myanmar Trust Plus Impex Co.,Ltd",,,,Importer,YANGON,KOTRA_SNS_2025,화장품/뷰티
340130,US,FHMoms - Filipina Homebased Moms,,,,Importer,LITTLE ELM,KOTRA_SNS_2025,화장품/뷰티
340130,US,total,,,,Importer,DSADSASADS,KOTRA_SNS_2025,화장품/뷰티
340130,PH,cszy,,,,Importer,QUEZON CITY,KOTRA_SNS_2025,화장품/뷰티
340130,PH,TriTrend Digital Marketing Services,,,,Importer,MANILA,KOTRA_SNS_2025,화장품/뷰티
340130,VN,No,,,,Importer,ORAN,KOTRA_SNS_2025,화장품/뷰티
340130,PH,Carmelites Consumer Goods Trading,,,,Importer,MAKATI,KOTRA_SNS_2025,화장품/뷰티
340130,PH,UNO Inc,,,,Importer,MANILA,KOTRA_SNS_2025,화장품/뷰티
340130,PH,Eunnah Radiance Spot Spa,,,,Importer,CAGAYAN DE ORO CITY,KOTRA_SNS_2025,화장품/뷰티
340130,US,total,,,,Importer,SOUTH LOS ANGELES,KOTRA_SNS_2025,화장품/뷰티
340130,KH,Phnom Penh,,,,Importer,PHNOM PENH,KOTRA_SNS_2025,화장품/뷰티
340130,SG,ScentOpia.Singapore,,,,Importer,SINGAPORE,KOTRA_SNS_2025,화장품/뷰티
340130,US,SYS,,,,Importer,PHNOM PENH,KOTRA_SNS_2025,화장품/뷰티
340130,VN,The Mirae,,,,Importer,HO CHI MINH CITY,KOTRA_SNS_2025,화장품/뷰티
340130,PH,joel electrician,,,,Importer,OZAMIS CITY,KOTRA_SNS_2025,화장품/뷰티
340130,PH,ssg,,,,Importer,CEBU,KOTRA_SNS_2025,화장품/뷰티
340130,VN,VGEC,,,,Importer,HANOI,KOTRA_SNS_2025,화장품/뷰티
340130,PH,Qualiglobal Group Inc,,,,Importer,MANILA,KOTRA_SNS_2025,화장품/뷰티
340130,PH,mandala wellness and beauty center,,,,Importer,BACOOR,KOTRA_SNS_2025,화장품/뷰티
330499,US,Maybelline New York,,,,Importer,YORK,KOTRA_SNS_2025,화장품/뷰티
330499,PH,Singapore Diagnostics,,,,Importer,MANILA,KOTRA_SNS_2025,화장품/뷰티
340130,ID,Samarinda,,,,Importer,SAMARINDA,KOTRA_SNS_2025,화장품/뷰티
340130,PH,ebb accounting office,,,,Importer,CAVITE,KOTRA_SNS_2025,화장품/뷰티
340130,VN,Moroccanoil,,,,Importer,HANOI,KOTRA_SNS_2025,화장품/뷰티
340130,PH,Young CEO Entrepreneurship,,,,Importer,BALAMBAN,KOTRA_SNS_2025,화장품/뷰티
340130,PH,Luxescape,,,,Importer,PASAY CITY,KOTRA_SNS_2025,화장품/뷰티
340130,ID,Rifky9702,,,,Importer,CIKARANG PUSAT,KOTRA_SNS_2025,화장품/뷰티
340130,PH,Delta Air Lines,,,,Importer,MANILA,KOTRA_SNS_2025,화장품/뷰티
340130,ID,Perorangan,,,,Importer,YOGYAKARTA,KOTRA_SNS_2025,화장품/뷰티
340130,PH,Eha's Fashion & Beauty Co.,,,,Importer,BUHANGIN,KOTRA_SNS_2025,화장품/뷰티
340130,KR,Radiant Sphere,,,,Importer,HOUSTON,KOTRA_SNS_2025,화장품/뷰티
340130,AU,Monash University,,,,Importer,BRISBANE,KOTRA_SNS_2025,화장품/뷰티
330790,US,none,,,,Importer,VALENZUELA CITY,KOTRA_SNS_2025,화장품/뷰티
340130,US,nothing,,,,Importer,JOLO SULU,KOTRA_SNS_2025,화장품/뷰티
340130,PH,UBC,,,,Importer,MANILA,KOTRA_SNS_2025,화장품/뷰티
340130,ID,Tiktok Affiliate,,,,Importer,PEMALANG JAWA TENGAH,KOTRA_SNS_2025,화장품/뷰티
340130,PH,RM's Apparel & Maherrex Sari-Sari Store,,,,Importer,SAN ANTONIO PRIMERO,KOTRA_SNS_2025,화장품/뷰티
340130,VN,Ed Beauty,,,,Importer,HO CHI MINH CITY,KOTRA_SNS_2025,화장품/뷰티
340130,US,Beaumetrics,,,,Importer,DIGOS CITY,KOTRA_SNS_2025,화장품/뷰티
340130,KR,Faith & Skylines Travel,,,,Importer,ANGELES CITY,KOTRA_SNS_2025,화장품/뷰티
340130,ID,palugadaspil,,,,Importer,"CIBINONG, BOGOR, WEST JAVA",KOTRA_SNS_2025,화장품/뷰티
340130,PH,FRIZMARC,,,,Importer,PORAC,KOTRA_SNS_2025,화장품/뷰티
340130,PH,Bella Chica Beauty Studio,,,,Importer,TAYTAY,KOTRA_SNS_2025,화장품/뷰티
340130,AU,Beauty and cosmetics,,,,Importer,SYDNEY,KOTRA_SNS_2025,화장품/뷰티
340130,ID,Novia Avriel,,,,Importer,"JALAN SYIAH KUALA, KUTA ALAM,KOTA BANDA ACEH , PROVINSI NANGGROE ACEH DARUSSALAM",KOTRA_SNS_2025,화장품/뷰티
340130,ID,Henna Art,,,,Importer,CILEDUG,KOTRA_SNS_2025,화장품/뷰티
340130,PH,na,,,,Importer,DASMARIAS,KOTRA_SNS_2025,화장품/뷰티
340130,ID,Zara,,,,Importer,WARU,KOTRA_SNS_2025,화장품/뷰티
340130,PH,Gu Barbie,,,,Importer,LIPA,KOTRA_SNS_2025,화장품/뷰티
340130,PH,Jollibee,,,,Importer,DASMARINAS,KOTRA_SNS_2025,화장품/뷰티
340130,PH,PJL Travel and Tours,,,,Importer,IMUS,KOTRA_SNS_2025,화장품/뷰티
340130,PH,zaura beauty and wellness hun,,,,Importer,MANILA,KOTRA_SNS_2025,화장품/뷰티
340130,PH,SKINCR8,,,,Importer,MANILA,KOTRA_SNS_2025,화장품/뷰티
340130,VN,Lava Digital,,,,Importer,HO CHI MINH CITY,KOTRA_SNS_2025,화장품/뷰티
340130,PH,Confident With Ellen's,,,,Importer,QUEZON CITY,KOTRA_SNS_2025,화장품/뷰티
340130,PH,JEREMIAH DRUG INC.,,,,Importer,MAKATI,KOTRA_SNS_2025,화장품/뷰티
340130,AU,La Alegreya Organica,,,,Importer,SYDNEY,KOTRA_SNS_2025,화장품/뷰티
340130,KH,EVA cosmectics,,,,Importer,PHNOM PENH,KOTRA_SNS_2025,화장품/뷰티
340130,KH,"CN Sok Cambodia Co.,Ltd.",,,,Importer,PHNOM PENH,KOTRA_SNS_2025,화장품/뷰티
340130,KH,online shop,,,,Importer,PHNOM PENH,KOTRA_SNS_2025,화장품/뷰티
340130,MM,Men Hair Design & Beauty Point,,,,Importer,YANGON,KOTRA_SNS_2025,화장품/뷰티
340130,PH,Dermagictouch wellness center,,,,Importer,URDANETA,KOTRA_SNS_2025,화장품/뷰티
340130,PH,Apl medical group opc,,,,Importer,BACOLOD CITY,KOTRA_SNS_2025,화장품/뷰티
340130,PH,Dear Self Beauty,,,,Importer,PARAAQUE,KOTRA_SNS_2025,화장품/뷰티
340130,PH,Avail Member/User,,,,Importer,NAGA CITY,KOTRA_SNS_2025,화장품/뷰티
340130,KH,Dr. J Skin Revive,,,,Importer,KANDAL,KOTRA_SNS_2025,화장품/뷰티
340130,KH,Stranded,,,,Importer,SIEM REAP,KOTRA_SNS_2025,화장품/뷰티
340130,KH,Rene-Cell Beauty Clinic,,,,Importer,PHNOM PENH,KOTRA_SNS_2025,화장품/뷰티
340130,AU,Central coast Aesthetics,,,,Importer,WAMBERAL,KOTRA_SNS_2025,화장품/뷰티
340130,US,Virrco,,,,Importer,AMADEO,KOTRA_SNS_2025,화장품/뷰티
340130,KH,Icare Beauty Center,,,,Importer,CAMBODIA,KOTRA_SNS_2025,화장품/뷰티
340130,AU,ShaRoma,,,,Importer,GOLD COAST,KOTRA_SNS_2025,화장품/뷰티
340130,KH,serei,,,,Importer,PHNOM PENH,KOTRA_SNS_2025,화장품/뷰티
340130,AU,Visible Changes,,,,Importer,ADELAIDE,KOTRA_SNS_2025,화장품/뷰티
340130,MM,Shwe Hintha Foundation,,,,Importer,YANGON,KOTRA_SNS_2025,화장품/뷰티
340130,PH,Vidanes Artist Management,,,,Importer,QUEZON CITY,KOTRA_SNS_2025,화장품/뷰티
340130,KH,Phimean,,,,Importer,PP,KOTRA_SNS_2025,화장품/뷰티
340130,VN,Utrend,,,,Importer,HO CHI MINH CITY,KOTRA_SNS_2025,화장품/뷰티
340130,PH,RS LOPEZ Printing,,,,Importer,DAVAO CITY,KOTRA_SNS_2025,화장품/뷰티
340130,SG,ST pte ltd,,,,Importer,SINGAPORE,KOTRA_SNS_2025,화장품/뷰티
340130,KH,FamilyThingss Co.,,,,Importer,PHNOM PENH,KOTRA_SNS_2025,화장품/뷰티
340130,PH,Fortis Magna Vita Trading Corporation,,,,Importer,QUEZON CITY,KOTRA_SNS_2025,화장품/뷰티
340130,PH,self employed,,,,Importer,DAVAO CITY,KOTRA_SNS_2025,화장품/뷰티
340130,PH,na,,,,Importer,QUEZON CITY,KOTRA_SNS_2025,화장품/뷰티
330499,GREECE,Pibu,,,,Importer,ATHENS,KOTRA_SNS_2025,화장품/뷰티
330499,GREECE,Pibu,,,,Importer,ATHENS,KOTRA_SNS_2025,화장품/뷰티
330410,GREECE,Pibu,,,,Importer,ATHENS,KOTRA_SNS_2025,화장품/뷰티
330410,GREECE,Pibu,,,,Importer,ATHENS,KOTRA_SNS_2025,화장품/뷰티
330410,GREECE,Pibu,,,,Importer,ATHENS,KOTRA_SNS_2025,화장품/뷰티
330499,GREECE,Pibu,,,,Importer,ATHENS,KOTRA_SNS_2025,화장품/뷰티
330499,GREECE,Pibu,,,,Importer,ATHENS,KOTRA_SNS_2025,화장품/뷰티
330499,GREECE,Pibu,,,,Importer,ATHENS,KOTRA_SNS_2025,화장품/뷰티
330499,GREECE,BPCO,,,,Importer,ATHENS,KOTRA_SNS_2025,화장품/뷰티
330499,GREECE,BPCO,,,,Importer,ATHENS,KOTRA_SNS_2025,화장품/뷰티
330499,GREECE,BPCO,,,,Importer,ATHENS,KOTRA_SNS_2025,화장품/뷰티
330499,GREECE,Lyritis Bioline,,,,Importer,ATHENS,KOTRA_SNS_2025,화장품/뷰티
330499,US,.,,,,Importer,SANTANDER DE QUILICHAO,KOTRA_SNS_2025,화장품/뷰티
330790,CI,Pure Bio,,,,Importer,ABIDJAN,KOTRA_SNS_2025,화장품/뷰티
330790,CI,Particulier,,,,Importer,ABIDJAN,KOTRA_SNS_2025,화장품/뷰티
330790,CI,Mathieu Miessan,,,,Importer,ABIDJAN,KOTRA_SNS_2025,화장품/뷰티
330499,CI,Particulier,,,,Importer,ABIDJAN,KOTRA_SNS_2025,화장품/뷰티
330499,CI,Mathieu Miessan,,,,Importer,ABIDJAN,KOTRA_SNS_2025,화장품/뷰티
330499,CI,Seconde image,,,,Importer,ABIDJAN YOPOUGON,KOTRA_SNS_2025,화장품/뷰티
330499,US,i don't know,,,,Importer,CAYCE,KOTRA_SNS_2025,화장품/뷰티
330790,US,True U health,,,,Importer,WEST PALM BCH,KOTRA_SNS_2025,화장품/뷰티
330790,US,Florida imports experts inc,,,,Importer,HALLANDALE,KOTRA_SNS_2025,화장품/뷰티
330790,US,Rico skincare,,,,Importer,ALLENTOWN,KOTRA_SNS_2025,화장품/뷰티
330510,US,9147474247,,,,Importer,PLEASANTVILLE,KOTRA_SNS_2025,화장품/뷰티
330590,US,BeautyBylex.,,,,Importer,NICHOLS HILLS,KOTRA_SNS_2025,화장품/뷰티
