hs_code,country,buyer_name,annual_usd,shipments,last_date,buyer_type,city,source,product_category
851761,PH,dawns cafe,,,,Importer,Davao City,KOTRA_SNS_2025,전자/반도체
852580,IN,Hebe skin hair laser clinic,,,,Importer,Delhi,KOTRA_SNS_2025,전자/반도체
851770,UZ,Banu.com,,,,Importer,Tashkent,KOTRA_SNS_2025,전자/반도체
851769,PK,logic system Academy,,,,Importer,Peshawar,KOTRA_SNS_2025,전자/반도체
851769,IN,ROHAN,,,,Importer,pune,KOTRA_SNS_2025,전자/반도체
851762,PH,Sutherland Global Services,,,,Importer,Davao City,KOTRA_SNS_2025,전자/반도체
851770,BR,English Teacher,,,,Importer,So Paulo,KOTRA_SNS_2025,전자/반도체
851770,AE,Mohamed Hilal Group,,,,Importer,Dubai,KOTRA_SNS_2025,전자/반도체
851712,TR,Wapras,,,,Importer,Istanbul,KOTRA_SNS_2025,전자/반도체
851770,TZ,TIC,,,,Importer,Dar es salaam,KOTRA_SNS_2025,전자/반도체
851770,ZA,SolPower Company Limited,,,,Importer,Dar es Salaam,KOTRA_SNS_2025,전자/반도체
851770,NG,Work at Bitcoins trader/ Forex / Binary option,,,,Importer,maiduguri,KOTRA_SNS_2025,전자/반도체
847150,MZ,Miolo Consultoria E.I.,,,,Importer,Matola,KOTRA_SNS_2025,전자/반도체
847160,IN,United Brothers,,,,Importer,Thrissur,KOTRA_SNS_2025,전자/반도체
847160,IN,Sepl,,,,Importer,Delhi,KOTRA_SNS_2025,전자/반도체
847160,IN,Government of Meghalaya,,,,Importer,Nongpoh,KOTRA_SNS_2025,전자/반도체
847160,IN,Kbeautyindessentials,,,,Importer,Mumbai,KOTRA_SNS_2025,전자/반도체
847160,GH,GE Healthcare,,,,Importer,accra,KOTRA_SNS_2025,전자/반도체
854470,EC,Telecomunicaciones Equinocciales,,,,Importer,Quito,KOTRA_SNS_2025,전자/반도체
847160,NG,@glitzzapparell,,,,Importer,Abuja,KOTRA_SNS_2025,전자/반도체
847160,NG,The Royal house,,,,Importer,Ijebu Ode,KOTRA_SNS_2025,전자/반도체
847160,NG,Canarycreeks,,,,Importer,Lagos,KOTRA_SNS_2025,전자/반도체
851762,MN,"IMotors MN Автомашин худалдаа, лизинг",,,,Importer,Ulaanbaatar,KOTRA_SNS_2025,전자/반도체
847160,IN,solution desk,,,,Importer,Aurangabad,KOTRA_SNS_2025,전자/반도체
847160,SG,NOVO CONCEPTS,,,,Importer,Cuddalore,KOTRA_SNS_2025,전자/반도체
847160,NG,Madina.Africa,,,,Importer,Lagos,KOTRA_SNS_2025,전자/반도체
847160,NG,Civil servants,,,,Importer,Abeokuta,KOTRA_SNS_2025,전자/반도체
847160,US,venky oil trading company,,,,Importer,proddatur,KOTRA_SNS_2025,전자/반도체
847160,MY,.,,,,Importer,Seremban,KOTRA_SNS_2025,전자/반도체
847160,IN,Makeup and jewellery,,,,Importer,Amravati,KOTRA_SNS_2025,전자/반도체
853630,BD,Unique electric,,,,Importer,Dhaka,KOTRA_SNS_2025,전자/반도체
847160,LK,Kingfisher Airlines Employees,,,,Importer,puttalam,KOTRA_SNS_2025,전자/반도체
854140,BD,Green Bangladesh,,,,Importer,Dhaka,KOTRA_SNS_2025,전자/반도체
853690,BD,inara plastics,,,,Importer,mymensingh,KOTRA_SNS_2025,전자/반도체
851770,US,New Princeton Inc,,,,Importer,Dallas,KOTRA_SNS_2025,전자/반도체
851762,US,Shift one,,,,Importer,New York,KOTRA_SNS_2025,전자/반도체
854140,TZ,ICT,,,,Importer,Dar es s,KOTRA_SNS_2025,전자/반도체
851770,US,Consumer Goods,,,,Importer,Gulfport,KOTRA_SNS_2025,전자/반도체
847160,NG,Tredyl Schools,,,,Importer,Kaduna,KOTRA_SNS_2025,전자/반도체
847160,US,Ologe industries inc,,,,Importer,Bronx,KOTRA_SNS_2025,전자/반도체
854442,NG,CT SCL,,,,Importer,Abuja,KOTRA_SNS_2025,전자/반도체
851762,NG,Federal Inland Revenue Service,,,,Importer,Kaduna,KOTRA_SNS_2025,전자/반도체
854140,PT,"Leiripainel , Lda",,,,Importer,Leiria,KOTRA_SNS_2025,전자/반도체
851712,GH,Self Employed,,,,Importer,Sunyani,KOTRA_SNS_2025,전자/반도체
852580,DO,RG COMUNICACIONES Y SERVICIOS S.R.L.,,,,Importer,Santo Domingo,KOTRA_SNS_2025,전자/반도체
853690,PH,Maharican Innovations and Technology Applications Corp,,,,Importer,Philippines,KOTRA_SNS_2025,전자/반도체
847170,NO,vso,,,,Importer,Oslo,KOTRA_SNS_2025,전자/반도체
8517,IN,Greencon1,,,,Importer,Hyderabad india,KOTRA_SNS_2025,전자/반도체
851770,DZ,SCAA,,,,Importer,Algiers,KOTRA_SNS_2025,전자/반도체
847130,FR,Lebonbroker,,,,Importer,"Esmans, France",KOTRA_SNS_2025,전자/반도체
853690,LK,Dewy Management Consortium,,,,Importer,sri lanka,KOTRA_SNS_2025,전자/반도체
854140,NG,RedDove Nigeria Ltd,,,,Importer,Lagos Nigeria,KOTRA_SNS_2025,전자/반도체
851770,NG,BLESSED ADEWALE OLADIPO TECHNOLOGY BAOTEC INTEGRATED SERVICES,,,,Importer,LAGOS NIGERIA,KOTRA_SNS_2025,전자/반도체
854140,IN,Tatvamasi automation pvt ltd,,,,Importer,"Surat, india",KOTRA_SNS_2025,전자/반도체
851762,EG,1200444130,,,,Importer,(),KOTRA_SNS_2025,전자/반도체
851762,EG,Green sight,,,,Importer,6 October City,KOTRA_SNS_2025,전자/반도체
851762,MA,Achieve,,,,Importer,Marrakech,KOTRA_SNS_2025,전자/반도체
852869,TH,616903570,,,,Importer,Phuket,KOTRA_SNS_2025,전자/반도체
852869,TH,bb.@gmail.com,,,,Importer,Chiang Rai,KOTRA_SNS_2025,전자/반도체
851762,PH,"Edi sa puso mo :"">",,,,Importer,jhg,KOTRA_SNS_2025,전자/반도체
851762,PH,Templora Dermatologica,,,,Importer,Malabon City,KOTRA_SNS_2025,전자/반도체
850760,PH,Customs Pro Corporation,,,,Importer,cavite,KOTRA_SNS_2025,전자/반도체
850760,PH,,,,,Importer,Taguig,KOTRA_SNS_2025,전자/반도체
850760,MM,Dr.K Aesthetic & Age Management Clinic,,,,Importer,Mandalay,KOTRA_SNS_2025,전자/반도체
850760,PH,Phinay.store,,,,Importer,Quezon City,KOTRA_SNS_2025,전자/반도체
850760,KH,MENG RAKSMEY COSMETICS,,,,Importer,Phanompenh,KOTRA_SNS_2025,전자/반도체
850760,PH,yamaha,,,,Importer,bh,KOTRA_SNS_2025,전자/반도체
851762,PH,BBCP SKIN CARE PRODUCTS,,,,Importer,Valenzuela City,KOTRA_SNS_2025,전자/반도체
851762,PH,The Bored Cat PH,,,,Importer,Paraaque,KOTRA_SNS_2025,전자/반도체
850760,PH,Bilisbenta,,,,Importer,Manila,KOTRA_SNS_2025,전자/반도체
854470,DO,Unified communications,,,,Importer,Dominican Republic,KOTRA_SNS_2025,전자/반도체
851762,PE,Alistar Importaciones,,,,Importer,"Lima, Peru",KOTRA_SNS_2025,전자/반도체
851770,CL,NowPlayNoGames,,,,Importer,Chile santiago,KOTRA_SNS_2025,전자/반도체
852580,EC,Linked Parts,,,,Importer,Quito Ecuador,KOTRA_SNS_2025,전자/반도체
854140,EC,Inbanda,,,,Importer,Guayaquil Ecuador,KOTRA_SNS_2025,전자/반도체
852580,MU,Gemini Pearl Co Ltd,,,,Importer,Rose Hill Mauritius,KOTRA_SNS_2025,전자/반도체
851762,MU,MCB,,,,Importer,Mauritius,KOTRA_SNS_2025,전자/반도체
854442,MA,MIC,,,,Importer,morocco,KOTRA_SNS_2025,전자/반도체
854140,AT,New Real Estate Generation GmbH,,,,Importer,"Innsbruck, Austria",KOTRA_SNS_2025,전자/반도체
851770,NG,HQ Nigerian Army,,,,Importer,Nigeria,KOTRA_SNS_2025,전자/반도체
851761,KE,43 venture capital,,,,Importer,"Nairobi, kenya",KOTRA_SNS_2025,전자/반도체
854140,IN,Spark Renewables LLP,,,,Importer,Rajkot India,KOTRA_SNS_2025,전자/반도체
850760,PH,Computer Repair,,,,Importer,Calamba,KOTRA_SNS_2025,전자/반도체
850760,PH,"Edi sa puso mo :"">",,,,Importer,general trias,KOTRA_SNS_2025,전자/반도체
851762,PH,AgReach Products,,,,Importer,Baguio City,KOTRA_SNS_2025,전자/반도체
850760,ID,Allegra Official,,,,Importer,Jakarta,KOTRA_SNS_2025,전자/반도체
851762,ID,Hangout Cafe,,,,Importer,Jakarta,KOTRA_SNS_2025,전자/반도체
851762,PH,nadine chemworld,,,,Importer,Marikina City,KOTRA_SNS_2025,전자/반도체
854460,PK,UMER TRADERS,,,,Importer,Lahore,KOTRA_SNS_2025,전자/반도체
854460,PK,fitz engineering,,,,Importer,Islamabad,KOTRA_SNS_2025,전자/반도체
854460,IN,Sarvodaya Infotech Pvt Ltd,,,,Importer,Chandigarh,KOTRA_SNS_2025,전자/반도체
854460,LK,Sri Lanka Telecom PLC. Head Quarters,,,,Importer,Colombo,KOTRA_SNS_2025,전자/반도체
854460,LK,Pls respond,,,,Importer,Colombo,KOTRA_SNS_2025,전자/반도체
854460,India,Novateur Electrical & Digital Systems Pvt Ltd,,,,Importer,Ahmedabad,KOTRA_SNS_2025,전자/반도체
854460,PK,Rice Trade Pakistan,,,,Importer,Karachi,KOTRA_SNS_2025,전자/반도체
854460,PK,traf international Pvt Ltd,,,,Importer,karachi,KOTRA_SNS_2025,전자/반도체
854460,PK,Work From Home,,,,Importer,Sohawa,KOTRA_SNS_2025,전자/반도체
854460,IN,ECOINDIA electromech pvt ltd,,,,Importer,Vapi,KOTRA_SNS_2025,전자/반도체
854460,BD,Dynamic engineering,,,,Importer,Dhaka,KOTRA_SNS_2025,전자/반도체
854460,BD,Genuine engineering parts,,,,Importer,Dhaka,KOTRA_SNS_2025,전자/반도체
854460,PK,WEBXZONE,,,,Importer,karachi,KOTRA_SNS_2025,전자/반도체
854460,BD,sunbeam corporation,,,,Importer,Dhaka,KOTRA_SNS_2025,전자/반도체
854460,PK,Jamil & sons trading co,,,,Importer,Peshawar,KOTRA_SNS_2025,전자/반도체
854460,IN,SOLS LEGAL LLP,,,,Importer,Mumbai,KOTRA_SNS_2025,전자/반도체
854460,PK,sohailgrinding,,,,Importer,Peshawar,KOTRA_SNS_2025,전자/반도체
854460,BD,History & Heritage Tourism,,,,Importer,Rajshahi,KOTRA_SNS_2025,전자/반도체
854460,BD,Tecno Trade Internet,,,,Importer,Mymensingh,KOTRA_SNS_2025,전자/반도체
854460,BD,Touch And Solve,,,,Importer,Dhaka,KOTRA_SNS_2025,전자/반도체
854460,PK,MOOSA TRADER'S PVT LTD,,,,Importer,Multan,KOTRA_SNS_2025,전자/반도체
854460,PK,Bismillah flour mill brewary quetta,,,,Importer,Qta,KOTRA_SNS_2025,전자/반도체
854460,PK,pnc solar,,,,Importer,Islamabad,KOTRA_SNS_2025,전자/반도체
854460,BD,Bangladesh Breast Cancer Awareness Society,,,,Importer,Dhaka,KOTRA_SNS_2025,전자/반도체
854460,BD,new maa enterprise,,,,Importer,Dhaka,KOTRA_SNS_2025,전자/반도체
854460,BD,M/s BB Textile,,,,Importer,Narsingdi,KOTRA_SNS_2025,전자/반도체
854140,AR,kace,,,,Importer,bsas,KOTRA_SNS_2025,전자/반도체
854140,AR,leerte,,,,Importer,San Martn,KOTRA_SNS_2025,전자/반도체
854140,AR,chis,,,,Importer,Buenos Aires,KOTRA_SNS_2025,전자/반도체
854140,MX,void,,,,Importer,Mxico City,KOTRA_SNS_2025,전자/반도체
854140,AR,empleado,,,,Importer,caba,KOTRA_SNS_2025,전자/반도체
854140,AR,loft,,,,Importer,caba,KOTRA_SNS_2025,전자/반도체
854140,AR,forxr,,,,Importer,juarez,KOTRA_SNS_2025,전자/반도체
854140,MX,Mioner,,,,Importer,Ciudad de Mxico,KOTRA_SNS_2025,전자/반도체
854140,MX,Financiera independencia,,,,Importer,Celaya,KOTRA_SNS_2025,전자/반도체
854140,OM,I'm An Engineer,,,,Importer,Muscat,KOTRA_SNS_2025,전자/반도체
854140,TR,PAGO TRADING LTD,,,,Importer,Istanbul,KOTRA_SNS_2025,전자/반도체
854140,MA,Summit,,,,Importer,Casablanca,KOTRA_SNS_2025,전자/반도체
854140,US,FES,,,,Importer,Santa Ana,KOTRA_SNS_2025,전자/반도체
854460,BD,SSG,,,,Importer,Dhaka,KOTRA_SNS_2025,전자/반도체
854460,PK,Empolay,,,,Importer,Karachi,KOTRA_SNS_2025,전자/반도체
854460,PK,Faisalabad,,,,Importer,Shah Faisalabad,KOTRA_SNS_2025,전자/반도체
854460,PK,call me,,,,Importer,Karachi,KOTRA_SNS_2025,전자/반도체
854460,PK,Ramay agro,,,,Importer,Gaggoo mandi,KOTRA_SNS_2025,전자/반도체
854460,PK,Ali trades,,,,Importer,Swat,KOTRA_SNS_2025,전자/반도체
854460,PK,Marking Services Inc,,,,Importer,Rawalpindi,KOTRA_SNS_2025,전자/반도체
854460,PK,Munir International,,,,Importer,Karachi,KOTRA_SNS_2025,전자/반도체
854460,PK,Awais Traders,,,,Importer,Lahore,KOTRA_SNS_2025,전자/반도체
854460,PK,Hoor Jewellery House,,,,Importer,Peshawar,KOTRA_SNS_2025,전자/반도체
854460,IN,mr enterprise,,,,Importer,Chennai,KOTRA_SNS_2025,전자/반도체
854460,NG,Olix Wire Technology Ltd,,,,Importer,Port Harcourt,KOTRA_SNS_2025,전자/반도체
854460,NG,Murphy Ben International limited,,,,Importer,Lagos,KOTRA_SNS_2025,전자/반도체
854460,NG,Bynoelogistics and travels,,,,Importer,Lagos,KOTRA_SNS_2025,전자/반도체
854460,ET,Electropia general trading,,,,Importer,Addis Ababa,KOTRA_SNS_2025,전자/반도체
854460,GH,Oases Thai Ghana Company Limited,,,,Importer,Accra,KOTRA_SNS_2025,전자/반도체
854460,GB,Student,,,,Importer,London,KOTRA_SNS_2025,전자/반도체
854460,ES,Luigis,,,,Importer,Barcelona,KOTRA_SNS_2025,전자/반도체
854460,DK,Creative FBS Sp . Z . O O,,,,Importer,Copenhagen,KOTRA_SNS_2025,전자/반도체
854460,CZ,Realex international sro,,,,Importer,Karany 25075,KOTRA_SNS_2025,전자/반도체
854460,GH,Trader,,,,Importer,Accra,KOTRA_SNS_2025,전자/반도체
854460,NG,Sedubabo nigeria limited,,,,Importer,Lagos,KOTRA_SNS_2025,전자/반도체
854460,GH,Lordest Company Limited,,,,Importer,Kumasi,KOTRA_SNS_2025,전자/반도체
854460,GH,Ourfarms Enterprise,,,,Importer,Agona Swedru,KOTRA_SNS_2025,전자/반도체
854460,CI,itengtel group,,,,Importer,Abidjan,KOTRA_SNS_2025,전자/반도체
854460,PL,APEREM,,,,Importer,Babiak,KOTRA_SNS_2025,전자/반도체
854460,PA,PECSCO,,,,Importer,Panam,KOTRA_SNS_2025,전자/반도체
854460,CL,EPS WORLD,,,,Importer,Stgo,KOTRA_SNS_2025,전자/반도체
854460,PA,Maximum Outreach,,,,Importer,Panama City,KOTRA_SNS_2025,전자/반도체
854460,DO,A.while.diesel,,,,Importer,Santo Domingo,KOTRA_SNS_2025,전자/반도체
854460,PE,Inversiones D&C Peru SAC,,,,Importer,Lima,KOTRA_SNS_2025,전자/반도체
854460,EC,Sumeltronic,,,,Importer,Guayaquil,KOTRA_SNS_2025,전자/반도체
854460,GT,Orcorp Energy,,,,Importer,Guatemala City,KOTRA_SNS_2025,전자/반도체
854460,DO,The Learning Community,,,,Importer,Santo Domingo,KOTRA_SNS_2025,전자/반도체
854460,PE,Abaku SAC,,,,Importer,Lima,KOTRA_SNS_2025,전자/반도체
854460,AR,foxjvjvjvjvjv,,,,Importer,Bovril,KOTRA_SNS_2025,전자/반도체
854460,SA,Abdullah M Alshihab Co. Ltd.,,,,Importer,Dammam,KOTRA_SNS_2025,전자/반도체
854460,MA,LABBAR & CO,,,,Importer,Casablanca,KOTRA_SNS_2025,전자/반도체
854460,MA,Company d'assurances mondoro bongardi asalam Alaoui ltd gnrales AMG,,,,Importer,Sidi Bouqnadel,KOTRA_SNS_2025,전자/반도체
854460,MA,Mustapha Ben Driss,,,,Importer,At Saadane,KOTRA_SNS_2025,전자/반도체
854460,MA,STELEC,,,,Importer,Agadir,KOTRA_SNS_2025,전자/반도체
854460,SA,Al Ajmi,,,,Importer,Dammam,KOTRA_SNS_2025,전자/반도체
854460,QA,Olive oil,,,,Importer,Doha,KOTRA_SNS_2025,전자/반도체
854460,DZ,Sarl chouli industrie,,,,Importer,An Oulmene,KOTRA_SNS_2025,전자/반도체
854460,LY,crystal int trading,,,,Importer,Benghazi,KOTRA_SNS_2025,전자/반도체
854460,DZ,ArabmtalSpa,,,,Importer,Mda,KOTRA_SNS_2025,전자/반도체
854460,MA,OrchIDEE d'Afrique,,,,Importer,Knitra,KOTRA_SNS_2025,전자/반도체
854460,LY,aljeel aljdeed,,,,Importer,Tripoli,KOTRA_SNS_2025,전자/반도체
854460,DZ,Adama,,,,Importer,Algiers,KOTRA_SNS_2025,전자/반도체
854460,JO,Ministry of energy and minerals resources,,,,Importer,Amman,KOTRA_SNS_2025,전자/반도체
854140,PK,Enlyst Smart Recruiting,,,,Importer,Islamabad,KOTRA_SNS_2025,전자/반도체
854140,IQ,https://riyada.iq/,,,,Importer,Karbala,KOTRA_SNS_2025,전자/반도체
854140,ET,European Food and Cattle PLC,,,,Importer,Addis Ababa,KOTRA_SNS_2025,전자/반도체
854140,PK,Sindh Rural Support Organization,,,,Importer,Sukkur,KOTRA_SNS_2025,전자/반도체
854140,UA,Vintech,,,,Importer,Tarutyne,KOTRA_SNS_2025,전자/반도체
854140,MN,Evergreenland LLC,,,,Importer,Ulaanbaatar,KOTRA_SNS_2025,전자/반도체
854140,MN,Building Technology LLC,,,,Importer,Ulaanbaatar,KOTRA_SNS_2025,전자/반도체
854140,AZ,NTC,,,,Importer,Baku,KOTRA_SNS_2025,전자/반도체
854140,UA,cppa new energies,,,,Importer,Lviv,KOTRA_SNS_2025,전자/반도체
854140,UZ,Arzon Sifat,,,,Importer,Tashkent,KOTRA_SNS_2025,전자/반도체
854140,KH,Student,,,,Importer,pp,KOTRA_SNS_2025,전자/반도체
854140,PH,MSY Industrial Supplies & Services,,,,Importer,Cebu,KOTRA_SNS_2025,전자/반도체
854140,KH,ZA,,,,Importer,Khum Chbar Ampou,KOTRA_SNS_2025,전자/반도체
854140,PH,none,,,,Importer,Lipa,KOTRA_SNS_2025,전자/반도체
854140,ID,alay grup,,,,Importer,Tuban,KOTRA_SNS_2025,전자/반도체
854140,KH,vuvuvycy,,,,Importer,Kampong Cham,KOTRA_SNS_2025,전자/반도체
854140,GB,GT,,,,Importer,New York,KOTRA_SNS_2025,전자/반도체
854140,US,Tecom LLC,,,,Importer,Jacksonville,KOTRA_SNS_2025,전자/반도체
854140,CA,Brilliant,,,,Importer,Simcoe,KOTRA_SNS_2025,전자/반도체
854140,IN,Sangi,,,,Importer,Hyderabad,KOTRA_SNS_2025,전자/반도체
854140,LK,Wild Quest,,,,Importer,Ratmalana,KOTRA_SNS_2025,전자/반도체
854140,IN,Gorakhnath Yoga Foundation Inc,,,,Importer,Bhopal,KOTRA_SNS_2025,전자/반도체
854140,IN,Intconet,,,,Importer,Chennai,KOTRA_SNS_2025,전자/반도체
854140,IN,Bright Future Renewables energy and engineering pvt ltd,,,,Importer,Indore,KOTRA_SNS_2025,전자/반도체
854140,PK,Self,,,,Importer,karachi,KOTRA_SNS_2025,전자/반도체
854140,IN,Techline Green Pvt Ltd,,,,Importer,Bangalore,KOTRA_SNS_2025,전자/반도체
854140,IN,Emusa,,,,Importer,Hyderabad,KOTRA_SNS_2025,전자/반도체
854140,IN,JB Group,,,,Importer,Ernakulam,KOTRA_SNS_2025,전자/반도체
854140,IN,self employed,,,,Importer,bangalore,KOTRA_SNS_2025,전자/반도체
854140,IN,Indian Engineering Services,,,,Importer,Mumbai,KOTRA_SNS_2025,전자/반도체
854140,IN,Reborn INC,,,,Importer,Surat,KOTRA_SNS_2025,전자/반도체
854140,IN,Self Employed,,,,Importer,Ranchi,KOTRA_SNS_2025,전자/반도체
854140,IN,ZUYAS GLOBAL,,,,Importer,Bangalore,KOTRA_SNS_2025,전자/반도체
854140,BD,Jannat interior,,,,Importer,Dhaka,KOTRA_SNS_2025,전자/반도체
854140,PK,BUILDISTAN,,,,Importer,Karachi,KOTRA_SNS_2025,전자/반도체
854140,BD,computer Archive's  centre,,,,Importer,Dhaka,KOTRA_SNS_2025,전자/반도체
854140,NG,CLASSIFIED INVESTMENT COMPANY NIGERIA LIMITED WE ARE IN TO LANDS HOUSING PROPERTIES.....OF FACEBOOK.,,,,Importer,Lagos,KOTRA_SNS_2025,전자/반도체
854140,NG,bulberrys Contractors LTD,,,,Importer,ibadan,KOTRA_SNS_2025,전자/반도체
854140,NG,Williams DABO Group,,,,Importer,Lagos,KOTRA_SNS_2025,전자/반도체
854140,ZA,isizo trading and projects pty ltd,,,,Importer,Johannesburg,KOTRA_SNS_2025,전자/반도체
854140,NG,Contemporary Ventures & Resources Ltd,,,,Importer,Lagos,KOTRA_SNS_2025,전자/반도체
854140,NG,Britannia Polychem LTD,,,,Importer,Lagos,KOTRA_SNS_2025,전자/반도체
854140,GH,COMMUNITY LIBRARIES FOUNDATION,,,,Importer,"Larteh,",KOTRA_SNS_2025,전자/반도체
854140,NG,Capegate investment,,,,Importer,Abuja,KOTRA_SNS_2025,전자/반도체
854140,MZ,PETALAS LDA,,,,Importer,Maputo,KOTRA_SNS_2025,전자/반도체
854140,NG,Regional Sustainable Energy Center of Excellence for Sub Saharan Africa,,,,Importer,Katsina,KOTRA_SNS_2025,전자/반도체
854140,MZ,TS&L,,,,Importer,Maputo,KOTRA_SNS_2025,전자/반도체
854140,ET,Tibebu,,,,Importer,Addis Ababa,KOTRA_SNS_2025,전자/반도체
854140,CZ,Kolin,,,,Importer,Kolin,KOTRA_SNS_2025,전자/반도체
854140,IT,Crafty Energy srl,,,,Importer,Rome,KOTRA_SNS_2025,전자/반도체
854140,RS,Sea Navigator llc,,,,Importer,Kovin,KOTRA_SNS_2025,전자/반도체
854140,BG,EVROPEAN PARLIAMENT,,,,Importer,Sofia,KOTRA_SNS_2025,전자/반도체
854140,JP,OOYOO,,,,Importer,Kyoto,KOTRA_SNS_2025,전자/반도체
854140,BR,Amor de jardim,,,,Importer,Guarapari,KOTRA_SNS_2025,전자/반도체
854140,PE,AMEDARTE,,,,Importer,lima,KOTRA_SNS_2025,전자/반도체
854140,AR,poler,,,,Importer,Bovril,KOTRA_SNS_2025,전자/반도체
854140,AR,rmv,,,,Importer,bs as,KOTRA_SNS_2025,전자/반도체
854140,AR,.,,,,Importer,Crdoba,KOTRA_SNS_2025,전자/반도체
854140,AR,cuspir,,,,Importer,Buenos Aires,KOTRA_SNS_2025,전자/반도체
854140,AR,poler6,,,,Importer,Bovrilu,KOTRA_SNS_2025,전자/반도체
854140,AR,TKM,,,,Importer,CABA,KOTRA_SNS_2025,전자/반도체
854140,AR,byc,,,,Importer,bs as,KOTRA_SNS_2025,전자/반도체
851762,CA,Mardini Business Co.,,,,Importer,Vancouver,KOTRA_SNS_2025,전자/반도체
851762,US,XS applied technologies,,,,Importer,Neptune,KOTRA_SNS_2025,전자/반도체
853650,MN,БЗ,,,,Importer,Ulaanbaatar,KOTRA_SNS_2025,전자/반도체
853650,MN,TS Restaurants & Lounge,,,,Importer,Ulaanbaatar,KOTRA_SNS_2025,전자/반도체
853650,MN,"Нийслэлийн дагуул хот, эдийн засгийн тусгай бсийн хгжлийн газар",,,,Importer,Ulaanbaatar,KOTRA_SNS_2025,전자/반도체
853650,MN,caterer llc,,,,Importer,Ulaanbaatar,KOTRA_SNS_2025,전자/반도체
853650,MN,"Ulaanbaatar, Mongolia",,,,Importer,Ulaanbaatar,KOTRA_SNS_2025,전자/반도체
853650,MN,MEDS LLC,,,,Importer,Ulaanbaatar,KOTRA_SNS_2025,전자/반도체
853650,MN,"Ulaanbaatar, Mongolia",,,,Importer,Ulaanbaatar,KOTRA_SNS_2025,전자/반도체
853650,MN,Glocom inc,,,,Importer,Ulaanbaatar,KOTRA_SNS_2025,전자/반도체
853650,MN,Ivy Beauty Shop,,,,Importer,Ulaanbaatar,KOTRA_SNS_2025,전자/반도체
853650,MN,plastic,,,,Importer,Ulaanbaatar,KOTRA_SNS_2025,전자/반도체
853650,MN,KUIS,,,,Importer,Ulaanbaatar,KOTRA_SNS_2025,전자/반도체
853650,MN,Mongolian University of Science and Technology,,,,Importer,Ulaanbaatar,KOTRA_SNS_2025,전자/반도체
853650,MN,"Ulaanbaatar, Mongolia",,,,Importer,Zuunkharaa,KOTRA_SNS_2025,전자/반도체
853650,MN,Civil construction LLC.td,,,,Importer,Ulaanbaatar,KOTRA_SNS_2025,전자/반도체
853650,MN,Tukhum Globalpharma,,,,Importer,Ulaanbaatar,KOTRA_SNS_2025,전자/반도체
853650,MN,Torgon Hurd LLC,,,,Importer,Ulaanbaatar,KOTRA_SNS_2025,전자/반도체
853650,MN,Daily Harvest LLC,,,,Importer,Ulaanbaatar,KOTRA_SNS_2025,전자/반도체
853650,MN,Misheel orshikh,,,,Importer,Ulaanbaatar,KOTRA_SNS_2025,전자/반도체
854460,JO,AlRawasi Holding Company,,,,Importer,irbid,KOTRA_SNS_2025,전자/반도체
854460,ID,Tri agung jaya abadi,,,,Importer,Bekasi,KOTRA_SNS_2025,전자/반도체
854460,KE,Dominion Energy,,,,Importer,Nairobi County,KOTRA_SNS_2025,전자/반도체
854460,MN,Taliin Yazguurtan Mongol LLC,,,,Importer,Ulaanbaatar,KOTRA_SNS_2025,전자/반도체
854460,UZ,Korea,,,,Importer,Shahrisabz,KOTRA_SNS_2025,전자/반도체
854460,UZ,SamSolar Energy,,,,Importer,Samarkand,KOTRA_SNS_2025,전자/반도체
854460,UZ,VOLTAUTO,,,,Importer,Tashkent,KOTRA_SNS_2025,전자/반도체
854460,MN,Macross llc,,,,Importer,Ulaanbaatar,KOTRA_SNS_2025,전자/반도체
854460,MN,"Ulaanbaatar, Mongolia",,,,Importer,Ulaanbaatar,KOTRA_SNS_2025,전자/반도체
854460,ID,Milenial Art property,,,,Importer,Yogyakarta City,KOTRA_SNS_2025,전자/반도체
854460,LA,Rasita power Co;ltd,,,,Importer,Vientiane,KOTRA_SNS_2025,전자/반도체
854460,PH,Master's degree,,,,Importer,Manila,KOTRA_SNS_2025,전자/반도체
854460,PH,Mindanao Daily News Network,,,,Importer,Cagayan de Oro,KOTRA_SNS_2025,전자/반도체
854460,US,Blanchard Cleaning LLC,,,,Importer,Portland,KOTRA_SNS_2025,전자/반도체
854460,US,Amana Health,,,,Importer,Minneapolis,KOTRA_SNS_2025,전자/반도체
854460,PK,M D H Trading,,,,Importer,Gujranwali,KOTRA_SNS_2025,전자/반도체
854460,PK,Pumpkin studios,,,,Importer,Islamabad,KOTRA_SNS_2025,전자/반도체
854460,BD,endo touch trade international,,,,Importer,Dhaka,KOTRA_SNS_2025,전자/반도체
854460,IN,brainx India,,,,Importer,Bangalore,KOTRA_SNS_2025,전자/반도체
851762,DE,Neves Fashion,,,,Importer,Dsseldorf,KOTRA_SNS_2025,전자/반도체
851762,DK,Amana group,,,,Importer,Copenhagen,KOTRA_SNS_2025,전자/반도체
851762,BE,ND,,,,Importer,1000,KOTRA_SNS_2025,전자/반도체
851762,AT,Sugar Hut,,,,Importer,Vienna,KOTRA_SNS_2025,전자/반도체
851762,ID,Datavision,,,,Importer,Jakarta,KOTRA_SNS_2025,전자/반도체
851762,PH,mjvb global.,,,,Importer,Quezon City,KOTRA_SNS_2025,전자/반도체
851762,ID,Megatricon,,,,Importer,Jakarta,KOTRA_SNS_2025,전자/반도체
851762,ID,Hendri,,,,Importer,Jakarta,KOTRA_SNS_2025,전자/반도체
851762,PH,Tawoquest,,,,Importer,Las Pias,KOTRA_SNS_2025,전자/반도체
851762,MM,"K.Sydicate,Hilarious Home Trading Company Limited.",,,,Importer,"Bago,Myanmar.",KOTRA_SNS_2025,전자/반도체
851762,US,Black Renaissance technology,,,,Importer,Brooklyn,KOTRA_SNS_2025,전자/반도체
851762,CA,Dayse Eenterprises,,,,Importer,Saint Catharines,KOTRA_SNS_2025,전자/반도체
851762,GR,Delphis Digital,,,,Importer,Athens,KOTRA_SNS_2025,전자/반도체
851762,ID,Rasta.id,,,,Importer,Jakarta,KOTRA_SNS_2025,전자/반도체
851762,PH,JRJ Solution Enterprise,,,,Importer,cebu,KOTRA_SNS_2025,전자/반도체
851762,PH,Online Crib,,,,Importer,Cabuyao,KOTRA_SNS_2025,전자/반도체
851762,PH,"Cebu General Services, Inc.",,,,Importer,cebu City,KOTRA_SNS_2025,전자/반도체
854449,MY,kaya shipyard,,,,Importer,Bayan Lepas,KOTRA_SNS_2025,전자/반도체
854449,MY,Nirex Group,,,,Importer,Melaka,KOTRA_SNS_2025,전자/반도체
854449,SG,ICMG,,,,Importer,Singapore,KOTRA_SNS_2025,전자/반도체
854449,SG,HAZTRONEX TELECOM,,,,Importer,Singapore,KOTRA_SNS_2025,전자/반도체
854449,MY,Afri Council,,,,Importer,Kuala Lumpur,KOTRA_SNS_2025,전자/반도체
854449,MY,.,,,,Importer,KL,KOTRA_SNS_2025,전자/반도체
854449,MY,kejuruteraan budi sakti corporation (m) sdn nhd,,,,Importer,seri kembangan,KOTRA_SNS_2025,전자/반도체
854449,SG,The dream academy,,,,Importer,Singapore,KOTRA_SNS_2025,전자/반도체
850710,AR,poler,,,,Importer,Bovril,KOTRA_SNS_2025,전자/반도체
850710,US,d2,,,,Importer,Clifton,KOTRA_SNS_2025,전자/반도체
850710,AR,Cantante,,,,Importer,Paran,KOTRA_SNS_2025,전자/반도체
850710,AR,cuspir,,,,Importer,Buenos Aires,KOTRA_SNS_2025,전자/반도체
850710,AR,dyv,,,,Importer,Buenos aires,KOTRA_SNS_2025,전자/반도체
850710,AR,bercot,,,,Importer,buenos aires,KOTRA_SNS_2025,전자/반도체
850710,BR,jdr,,,,Importer,san nicolas,KOTRA_SNS_2025,전자/반도체
850710,AR,llama,,,,Importer,bs as,KOTRA_SNS_2025,전자/반도체
850710,AR,TKM,,,,Importer,CABA,KOTRA_SNS_2025,전자/반도체
850710,US,lope,,,,Importer,Los Angeles,KOTRA_SNS_2025,전자/반도체
850710,AR,mse,,,,Importer,caba,KOTRA_SNS_2025,전자/반도체
850710,AR,pop,,,,Importer,Buenos Aires,KOTRA_SNS_2025,전자/반도체
850710,AR,face,,,,Importer,buenos aires,KOTRA_SNS_2025,전자/반도체
850710,AR,poler,,,,Importer,Parana,KOTRA_SNS_2025,전자/반도체
850710,US,dac,,,,Importer,Miami,KOTRA_SNS_2025,전자/반도체
850710,BR,red,,,,Importer,cba,KOTRA_SNS_2025,전자/반도체
850710,AR,torresalajas,,,,Importer,Bovril,KOTRA_SNS_2025,전자/반도체
850710,KH,IT UT,,,,Importer,pp,KOTRA_SNS_2025,전자/반도체
850710,KH,"Assistant of GM at CRAIG HU Cambodia Enterprises CO.,LTD",,,,Importer,preyveng,KOTRA_SNS_2025,전자/반도체
850710,ID,ye,,,,Importer,Bogor,KOTRA_SNS_2025,전자/반도체
850710,AR,poler,,,,Importer,cascada,KOTRA_SNS_2025,전자/반도체
850710,AR,kdk,,,,Importer,bs as,KOTRA_SNS_2025,전자/반도체
850710,AR,chis,,,,Importer,Buenos Aires,KOTRA_SNS_2025,전자/반도체
850710,AR,.,,,,Importer,Buenos Aires,KOTRA_SNS_2025,전자/반도체
850710,AR,biolabs,,,,Importer,pilar,KOTRA_SNS_2025,전자/반도체
850710,AR,ppk,,,,Importer,capital federal,KOTRA_SNS_2025,전자/반도체
850710,AR,loft,,,,Importer,caba,KOTRA_SNS_2025,전자/반도체
850710,AR,kochenko,,,,Importer,Bovril,KOTRA_SNS_2025,전자/반도체
850710,TR,Avon,,,,Importer,Denizli,KOTRA_SNS_2025,전자/반도체
850710,MA,souad benhawch,,,,Importer,tawnat,KOTRA_SNS_2025,전자/반도체
850710,PK,Total Parco Pakistan Limited,,,,Importer,Karchi,KOTRA_SNS_2025,전자/반도체
850710,KZ,Ford Motor Company,,,,Importer,Almaty,KOTRA_SNS_2025,전자/반도체
850710,UA,Vintech,,,,Importer,Tarutyne,KOTRA_SNS_2025,전자/반도체
850710,KH,SA,,,,Importer,Khum Chbar Ampou,KOTRA_SNS_2025,전자/반도체
850710,KH,Student Of The Year,,,,Importer,pp,KOTRA_SNS_2025,전자/반도체
850710,KH,vuvuvycy,,,,Importer,Kampong Cham,KOTRA_SNS_2025,전자/반도체
850710,ID,kompas group,,,,Importer,Malang,KOTRA_SNS_2025,전자/반도체
850710,PH,none,,,,Importer,"ALangalang,Leyte",KOTRA_SNS_2025,전자/반도체
850710,ID,Wiraswasta,,,,Importer,Malang,KOTRA_SNS_2025,전자/반도체
850710,IN,Gay boy,,,,Importer,Ahmedabad,KOTRA_SNS_2025,전자/반도체
853650,MN,Gobi cashmere,,,,Importer,Ulaanbaatar,KOTRA_SNS_2025,전자/반도체
853650,MN,Эв Ухат ХХК,,,,Importer,Muren,KOTRA_SNS_2025,전자/반도체
853650,MN,State Bank of Mongolia,,,,Importer,Ulaanbaatar,KOTRA_SNS_2025,전자/반도체
853650,MN,Орчин е тавилгын дэлгр,,,,Importer,Ulaanbaatar,KOTRA_SNS_2025,전자/반도체
853650,MN,huviaraa,,,,Importer,ulaanbaatar,KOTRA_SNS_2025,전자/반도체
853650,MN,Engineering geodesy LLC,,,,Importer,Ulaanbaatar,KOTRA_SNS_2025,전자/반도체
853650,UZ,Fishprom Agro Cluster,,,,Importer,UZ,KOTRA_SNS_2025,전자/반도체
853650,UZ,Ургенч,,,,Importer,Urgench,KOTRA_SNS_2025,전자/반도체
853650,UZ,Allinsan LLC,,,,Importer,Tashkent,KOTRA_SNS_2025,전자/반도체
853650,UZ,Digo,,,,Importer,Djizakh,KOTRA_SNS_2025,전자/반도체
853650,UZ,SKELETON,,,,Importer,Fergana,KOTRA_SNS_2025,전자/반도체
853650,UZ,Worldmed Dnya Salık rnleri th ihr A,,,,Importer,Tashkent,KOTRA_SNS_2025,전자/반도체
853650,UZ,Net kampanie,,,,Importer,Samarqand,KOTRA_SNS_2025,전자/반도체
853650,UZ,GOLD DRIED FRUITS EXPORT,,,,Importer,Tashkent,KOTRA_SNS_2025,전자/반도체
853650,UZ,OOO Ullubog Agro,,,,Importer,Turtkul,KOTRA_SNS_2025,전자/반도체
853650,UZ,exim,,,,Importer,Tashkent,KOTRA_SNS_2025,전자/반도체
853650,UZ,Abu mebel,,,,Importer,Toshkent,KOTRA_SNS_2025,전자/반도체
853650,UZ,"Halal Machinery LLC.,",,,,Importer,Tashkent,KOTRA_SNS_2025,전자/반도체
853650,UZ,IDASBK,,,,Importer,Fergana,KOTRA_SNS_2025,전자/반도체
853650,UZ,Besco LTD,,,,Importer,Tashkend,KOTRA_SNS_2025,전자/반도체
853650,KZ,Dr,,,,Importer,Alm,KOTRA_SNS_2025,전자/반도체
853650,KZ,Sinocom llp,,,,Importer,Almaty,KOTRA_SNS_2025,전자/반도체
853650,KZ,Мир тендеров,,,,Importer,Астана,KOTRA_SNS_2025,전자/반도체
853650,KZ,Работа не по найму,,,,Importer,Almaty,KOTRA_SNS_2025,전자/반도체
853650,KZ,Nomad Autotechnologies,,,,Importer,Aktobe,KOTRA_SNS_2025,전자/반도체
853650,KZ,"ТОО ""Zamanarewe Trade""",,,,Importer,Shymkent,KOTRA_SNS_2025,전자/반도체
853650,KZ,Gmp,,,,Importer,Astana,KOTRA_SNS_2025,전자/반도체
853650,KZ,Galamtor,,,,Importer,Almaty,KOTRA_SNS_2025,전자/반도체
847150,ID,k,,,,Importer,Tangerang,KOTRA_SNS_2025,전자/반도체
847150,PH,Self employed/stay at home mom,,,,Importer,Dipolog City,KOTRA_SNS_2025,전자/반도체
847150,PH,honda,,,,Importer,angeles,KOTRA_SNS_2025,전자/반도체
847150,PH,Deloso Corp.,,,,Importer,Cebu City,KOTRA_SNS_2025,전자/반도체
847150,QA,Gdhejs,,,,Importer,Kampot,KOTRA_SNS_2025,전자/반도체
847150,ID,hxjco,,,,Importer,Manggarai,KOTRA_SNS_2025,전자/반도체
853670,QA,Invest Qatar,,,,Importer,Doha,KOTRA_SNS_2025,전자/반도체
853670,QA,MWC LLC,,,,Importer,Doha,KOTRA_SNS_2025,전자/반도체
853670,AE,UAE,,,,Importer,Abu Dhabi,KOTRA_SNS_2025,전자/반도체
851770,AE,LifeCore,,,,Importer,Abu Dhabi,KOTRA_SNS_2025,전자/반도체
853670,QA,Zims consultant,,,,Importer,Hyderabad,KOTRA_SNS_2025,전자/반도체
853670,QA,Al aqsa neon,,,,Importer,Doha,KOTRA_SNS_2025,전자/반도체
853670,QA,Boomax parts,,,,Importer,Doha,KOTRA_SNS_2025,전자/반도체
853670,QA,Various,,,,Importer,Doha,KOTRA_SNS_2025,전자/반도체
851770,QA,WISE Consultancy Qatar,,,,Importer,Doha,KOTRA_SNS_2025,전자/반도체
851770,QA,Kascanga LDA,,,,Importer,Doha,KOTRA_SNS_2025,전자/반도체
847150,PH,Reynaldo Financing Services Corp.,,,,Importer,San Carlos City,KOTRA_SNS_2025,전자/반도체
847150,ID,PT. Cinta Abadi,,,,Importer,Martapura,KOTRA_SNS_2025,전자/반도체
847150,PH,Presidential communication office,,,,Importer,Las Pias,KOTRA_SNS_2025,전자/반도체
847150,US,rr furniture,,,,Importer,tuguegarao,KOTRA_SNS_2025,전자/반도체
847150,US,pt asam kana,,,,Importer,jakarta,KOTRA_SNS_2025,전자/반도체
854442,FR,Waterrock INC,,,,Importer,Paris,KOTRA_SNS_2025,전자/반도체
854442,GB,Your Needs Uk Ltd,,,,Importer,Essex,KOTRA_SNS_2025,전자/반도체
854442,BG,Софтуер ЕАД,,,,Importer,Sofia,KOTRA_SNS_2025,전자/반도체
851762,Vietnam,Green Rise Energy Inc.,,,,Importer,Scottsdale,KOTRA_SNS_2025,전자/반도체
851762,Kenya,Roam,,,,Importer,Nairobi,KOTRA_SNS_2025,전자/반도체
851762,Nigeria,Vision & Focus International,,,,Importer,Abuja,KOTRA_SNS_2025,전자/반도체
851762,Nigeria,Al Jazeera Media Network,,,,Importer,"Lagos, Nigeria",KOTRA_SNS_2025,전자/반도체
851762,MN,"Ulaanbaatar, Mongolia",,,,Importer,Ulaanbaatar,KOTRA_SNS_2025,전자/반도체
851762,AZ,ARGE LLC,,,,Importer,Baku,KOTRA_SNS_2025,전자/반도체
851762,MN,MQS,,,,Importer,Ulan Bator,KOTRA_SNS_2025,전자/반도체
851762,MN,Oyu Tolgoi,,,,Importer,Ulaanbaatar,KOTRA_SNS_2025,전자/반도체
851762,MN,Perfect Solution and Engineering LLC,,,,Importer,Ulaanbaatar,KOTRA_SNS_2025,전자/반도체
851762,AZ,ARGE LLC,,,,Importer,Baku,KOTRA_SNS_2025,전자/반도체
851762,PH,Jessa Farms,,,,Importer,Manila,KOTRA_SNS_2025,전자/반도체
851762,PH,MCRUZ Electrical Supply & Services,,,,Importer,Angeles City,KOTRA_SNS_2025,전자/반도체
851762,MY,GRAZ Trading,,,,Importer,Kuala Terengganu,KOTRA_SNS_2025,전자/반도체
851762,PH,none,,,,Importer,city of Naga Cebu,KOTRA_SNS_2025,전자/반도체
851762,AD,Anime corner,,,,Importer,New elves city,KOTRA_SNS_2025,전자/반도체
851762,US,Solarbox,,,,Importer,Irvine,KOTRA_SNS_2025,전자/반도체
851762,IN,Shrao Engineering,,,,Importer,Bhopal,KOTRA_SNS_2025,전자/반도체
851762,IN,3square fabrication,,,,Importer,Chennai,KOTRA_SNS_2025,전자/반도체
851762,IN,Om Energy Solution,,,,Importer,Gwalior,KOTRA_SNS_2025,전자/반도체
851762,IN,Sree LPG Private Limited,,,,Importer,Bengaluru,KOTRA_SNS_2025,전자/반도체
851762,IN,C.D.INTEGRATED,,,,Importer,Visakhapatnam,KOTRA_SNS_2025,전자/반도체
851762,IN,Nilu laminates,,,,Importer,Pune,KOTRA_SNS_2025,전자/반도체
851762,IN,Qualdow,,,,Importer,Mumbai,KOTRA_SNS_2025,전자/반도체
851762,IN,Pratap Overseas,,,,Importer,Delhi,KOTRA_SNS_2025,전자/반도체
851762,US,Firelink,,,,Importer,rawalpindi,KOTRA_SNS_2025,전자/반도체
851762,PK,Elaf Innovations,,,,Importer,Islamabad,KOTRA_SNS_2025,전자/반도체
851762,US,Hughes & Hughes Chem Ltd,,,,Importer,Delhi,KOTRA_SNS_2025,전자/반도체
851762,PK,Mohsin enterprises,,,,Importer,Lahore,KOTRA_SNS_2025,전자/반도체
851762,IN,Revolution Consulting,,,,Importer,Bangalore,KOTRA_SNS_2025,전자/반도체
851762,IN,ECOINDIA electromech pvt ltd,,,,Importer,Vapi,KOTRA_SNS_2025,전자/반도체
851762,IN,Seasover Impex pvt ltd,,,,Importer,New Delhi,KOTRA_SNS_2025,전자/반도체
851762,IN,JBG Organisation Pvt Ltd,,,,Importer,Surat,KOTRA_SNS_2025,전자/반도체
851762,IN,Kirmson Electric,,,,Importer,Delhi,KOTRA_SNS_2025,전자/반도체
851762,IN,ECOINDIA electromech pvt ltd,,,,Importer,Vapi,KOTRA_SNS_2025,전자/반도체
851762,IN,kartik contracts,,,,Importer,Delhi,KOTRA_SNS_2025,전자/반도체
851762,IN,Thygfer,,,,Importer,Other,KOTRA_SNS_2025,전자/반도체
851762,IN,Rarovah engineering private limited,,,,Importer,Rajapalayam,KOTRA_SNS_2025,전자/반도체
851762,IN,J.c.i. cables India,,,,Importer,New Delhi,KOTRA_SNS_2025,전자/반도체
851762,ZA,ebone power,,,,Importer,pietermaritzburg,KOTRA_SNS_2025,전자/반도체
851762,GH,Green Drive Africa,,,,Importer,Accra,KOTRA_SNS_2025,전자/반도체
851762,CI,Azyr collation,,,,Importer,Treichville,KOTRA_SNS_2025,전자/반도체
851762,NG,Capegate investment,,,,Importer,Abuja,KOTRA_SNS_2025,전자/반도체
851762,NG,Techbrandex Systems,,,,Importer,Lagos,KOTRA_SNS_2025,전자/반도체
851762,NG,Dobi Farms Ltd,,,,Importer,Kaduna,KOTRA_SNS_2025,전자/반도체
851762,GH,Paintsil Diagnostic Services and Medical supplies want,,,,Importer,Kumasi,KOTRA_SNS_2025,전자/반도체
851762,NG,Deregency energy resourcery ltd,,,,Importer,Lagos,KOTRA_SNS_2025,전자/반도체
851762,TZ,Mwanza City Council,,,,Importer,Mwanza,KOTRA_SNS_2025,전자/반도체
851762,NG,Kiz Petro Global Ltd,,,,Importer,Abuja,KOTRA_SNS_2025,전자/반도체
851762,KE,imperial wool,,,,Importer,Nairobi,KOTRA_SNS_2025,전자/반도체
851762,KE,Aria Universal Inc.,,,,Importer,Nairobi,KOTRA_SNS_2025,전자/반도체
851762,ET,Aticom Group,,,,Importer,Addis Ababa,KOTRA_SNS_2025,전자/반도체
851762,US,I Tech African,,,,Importer,Abidjan,KOTRA_SNS_2025,전자/반도체
851762,NG,Serial entrepreneur,,,,Importer,Abuja,KOTRA_SNS_2025,전자/반도체
851762,KE,VET LTD,,,,Importer,Eldoret,KOTRA_SNS_2025,전자/반도체
851762,NG,Essencepoint Elevators and Allied Services Limited,,,,Importer,Lagos,KOTRA_SNS_2025,전자/반도체
851762,NG,Sbicon LTD,,,,Importer,Abuja,KOTRA_SNS_2025,전자/반도체
851762,IN,Sinsha,,,,Importer,Thane,KOTRA_SNS_2025,전자/반도체
851762,NG,African Association for Small and Medium Enterprises AASME Energy Development Agency LLC (AfricanMSM,,,,Importer,Aba,KOTRA_SNS_2025,전자/반도체
851762,NG,CHOICE GLOBAL,,,,Importer,Osogbo,KOTRA_SNS_2025,전자/반도체
851762,ZA,Ninerock Energy,,,,Importer,Johannesburg,KOTRA_SNS_2025,전자/반도체
851762,NG,Phlouriche Nigeria Limited,,,,Importer,Lagos,KOTRA_SNS_2025,전자/반도체
851762,HR,CEG Development doo,,,,Importer,Zagreb,KOTRA_SNS_2025,전자/반도체
851762,BR,Dax.energy,,,,Importer,Mandirituba,KOTRA_SNS_2025,전자/반도체
851762,US,Smarthub US LLC,,,,Importer,Miami,KOTRA_SNS_2025,전자/반도체
851762,PE,SIPO COMPANY SAC,,,,Importer,Lima,KOTRA_SNS_2025,전자/반도체
851762,CO,Merlinux DIG,,,,Importer,BOGOTA NORTE,KOTRA_SNS_2025,전자/반도체
851762,GT,Inelectric,,,,Importer,Guatemala,KOTRA_SNS_2025,전자/반도체
851762,CL,Universidad Tcnica Federico Santa Mara,,,,Importer,Santiago,KOTRA_SNS_2025,전자/반도체
851762,BR,pf sportes,,,,Importer,Belo Horizonte,KOTRA_SNS_2025,전자/반도체
851762,TR,Trkolim novatif rnler thalat ve hracat Lt.ti.,,,,Importer,Istanbul,KOTRA_SNS_2025,전자/반도체
851762,OM,Gulf genuine power projects LLc,,,,Importer,Muscat,KOTRA_SNS_2025,전자/반도체
854442,ES,Shams Mundo sl,,,,Importer,Barber del Valls,KOTRA_SNS_2025,전자/반도체
854442,ES,Dircompartners,,,,Importer,Barcelona,KOTRA_SNS_2025,전자/반도체
851762,ES,alvarium,,,,Importer,barcelona,KOTRA_SNS_2025,전자/반도체
851762,ES,Cricmatt,,,,Importer,Barcelona,KOTRA_SNS_2025,전자/반도체
854442,ES,Recepcionista,,,,Importer,Barcelona,KOTRA_SNS_2025,전자/반도체
854442,ES,Kimex & Industrias Oriol,,,,Importer,Barcelona,KOTRA_SNS_2025,전자/반도체
851762,ES,Dakar,,,,Importer,Barcelona,KOTRA_SNS_2025,전자/반도체
851762,ES,Sapiens Travel,,,,Importer,Barcelona,KOTRA_SNS_2025,전자/반도체
854442,ES,Infinite solution,,,,Importer,Girona,KOTRA_SNS_2025,전자/반도체
847149,ES,AlexandraDN,,,,Importer,Barcelona,KOTRA_SNS_2025,전자/반도체
851762,PA,Vero,,,,Importer,Panama City,KOTRA_SNS_2025,전자/반도체
847149,ES,KU Leuven,,,,Importer,Barcelona,KOTRA_SNS_2025,전자/반도체
851762,CO,Idrd,,,,Importer,Barcelona,KOTRA_SNS_2025,전자/반도체
851762,GB,CASA DE SAO TOME E PRINCIPE LT,,,,Importer,London,KOTRA_SNS_2025,전자/반도체
851762,PT,elkebir allam unipersonal lda,,,,Importer,porto,KOTRA_SNS_2025,전자/반도체
851762,IT,Si,,,,Importer,Milan,KOTRA_SNS_2025,전자/반도체
851762,ES,Accin Global,,,,Importer,Madrid,KOTRA_SNS_2025,전자/반도체
851762,ES,PIM Marketprovider,,,,Importer,Barcelona,KOTRA_SNS_2025,전자/반도체
851762,AT,erika,,,,Importer,Berlin,KOTRA_SNS_2025,전자/반도체
851762,ES,Semente,,,,Importer,Barcelona,KOTRA_SNS_2025,전자/반도체
854442,GR,Δσ,,,,Importer,ξχοχοχοχ,KOTRA_SNS_2025,전자/반도체
851762,ES,Attract Group,,,,Importer,Valencia,KOTRA_SNS_2025,전자/반도체
851762,ES,Atlas News,,,,Importer,Barcelona,KOTRA_SNS_2025,전자/반도체
847149,ES,Europe Sanity,,,,Importer,Barcelona,KOTRA_SNS_2025,전자/반도체
854442,ES,Manuel Pereiro Perez,,,,Importer,Vigo,KOTRA_SNS_2025,전자/반도체
851762,PL,Peleton ventures,,,,Importer,Warsaw,KOTRA_SNS_2025,전자/반도체
851762,ES,FIBVisiona,,,,Importer,Blanes,KOTRA_SNS_2025,전자/반도체
854442,DE,IT programming,,,,Importer,Paris,KOTRA_SNS_2025,전자/반도체
851762,RO,Bioten,,,,Importer,Comanesti,KOTRA_SNS_2025,전자/반도체
850790,US,tdfhusfyujsyuj,,,,Importer,hftsujftuj,KOTRA_SNS_2025,전자/반도체
850790,PH,none,,,,Importer,Quezon City,KOTRA_SNS_2025,전자/반도체
850790,PH,Limitless Konstraq Inc.,,,,Importer,taguig,KOTRA_SNS_2025,전자/반도체
850790,US,seddg@edrfr dtcfff.efsdd,,,,Importer,dscfgh,KOTRA_SNS_2025,전자/반도체
850790,US,upgup7,,,,Importer,oyvyuo70,KOTRA_SNS_2025,전자/반도체
850790,PH,z,,,,Importer,w,KOTRA_SNS_2025,전자/반도체
850790,US,https://www.facebook.com/profile.phpid=61550353649172&mibextid=LQQJ4d,,,,Importer,vdvdvsengmanss11@gmail.comdvd,KOTRA_SNS_2025,전자/반도체
850790,PH,ok,,,,Importer,Porac,KOTRA_SNS_2025,전자/반도체
850790,TH,ccccvvhh,,,,Importer,Bangkok,KOTRA_SNS_2025,전자/반도체
850790,PH,xf,,,,Importer,makati,KOTRA_SNS_2025,전자/반도체
850790,US,cloud stafe,,,,Importer,san fernando,KOTRA_SNS_2025,전자/반도체
850790,US,vcgn,,,,Importer,DFHADFH,KOTRA_SNS_2025,전자/반도체
850790,US,bnnn,,,,Importer,ala,KOTRA_SNS_2025,전자/반도체
850790,BA,bnno,,,,Importer,Gresik,KOTRA_SNS_2025,전자/반도체
850790,LK,Bonamis important and  treading Pvt ltd,,,,Importer,Welikanda,KOTRA_SNS_2025,전자/반도체
850790,IN,Gupta Enterprises,,,,Importer,kolkata,KOTRA_SNS_2025,전자/반도체
850790,BD,General bags,,,,Importer,Dhaka,KOTRA_SNS_2025,전자/반도체
850790,IN,Halwasiya Technologies,,,,Importer,Lucknow,KOTRA_SNS_2025,전자/반도체
850790,IN,Alpha Digi Corp,,,,Importer,Mumbai,KOTRA_SNS_2025,전자/반도체
850790,PK,Mohsin enterprises lahore,,,,Importer,Lahore,KOTRA_SNS_2025,전자/반도체
850790,IN,nib,,,,Importer,km,KOTRA_SNS_2025,전자/반도체
850790,GT,Greensboro,,,,Importer,jjdjrjddygfhj hech 4,KOTRA_SNS_2025,전자/반도체
850790,US,hdhxj,,,,Importer,uccucu,KOTRA_SNS_2025,전자/반도체
850790,AL,Hhffv,,,,Importer,Cupertino,KOTRA_SNS_2025,전자/반도체
850790,US,vgf,,,,Importer,b..,KOTRA_SNS_2025,전자/반도체
850790,PK,deosai international traders,,,,Importer,Rawalpindi,KOTRA_SNS_2025,전자/반도체
852862,OM,santa coloma viajes,,,,Importer,Muscat,KOTRA_SNS_2025,전자/반도체
852862,India,Gebauer & Griller,,,,Importer,Hoshiarpur,KOTRA_SNS_2025,전자/반도체
852862,ES,"Digital Deva , 3C electronic products",,,,Importer,Barcelona,KOTRA_SNS_2025,전자/반도체
852862,ES,kimatilogix.com,,,,Importer,Barcelona,KOTRA_SNS_2025,전자/반도체
852862,SPAIN,Carbo Business Consulting,,,,Importer,Sabadell,KOTRA_SNS_2025,전자/반도체
852862,Espaa,Tax legal,,,,Importer,Barcelona,KOTRA_SNS_2025,전자/반도체
851762,ES,alvarium,,,,Importer,barcelona,KOTRA_SNS_2025,전자/반도체
852862,PT,Epga,,,,Importer,Braga,KOTRA_SNS_2025,전자/반도체
851762,ES,Cricmatt,,,,Importer,Barcelona,KOTRA_SNS_2025,전자/반도체
852862,FR,Air France,,,,Importer,Paris,KOTRA_SNS_2025,전자/반도체
851762,ES,Dakar,,,,Importer,Barcelona,KOTRA_SNS_2025,전자/반도체
851762,ES,Sapiens Travel,,,,Importer,Barcelona,KOTRA_SNS_2025,전자/반도체
852862,US,Alter Producciones,,,,Importer,Barcelona,KOTRA_SNS_2025,전자/반도체
852862,RO,Axel Core,,,,Importer,Bucharest,KOTRA_SNS_2025,전자/반도체
852862,ES,RACC Mobility Club,,,,Importer,Barcelona,KOTRA_SNS_2025,전자/반도체
852862,ES,Brandzcollage.com,,,,Importer,Barcelona,KOTRA_SNS_2025,전자/반도체
851762,PA,Vero,,,,Importer,Panama City,KOTRA_SNS_2025,전자/반도체
851762,CO,Idrd,,,,Importer,Barcelona,KOTRA_SNS_2025,전자/반도체
851762,GB,CASA DE SAO TOME E PRINCIPE LT,,,,Importer,London,KOTRA_SNS_2025,전자/반도체
851762,PT,elkebir allam unipersonal lda,,,,Importer,porto,KOTRA_SNS_2025,전자/반도체
852862,US,Freelancer,,,,Importer,Barcelona,KOTRA_SNS_2025,전자/반도체
852862,ES,Netflix and la Vbria,,,,Importer,Barcelona,KOTRA_SNS_2025,전자/반도체
851762,IT,Si,,,,Importer,Milan,KOTRA_SNS_2025,전자/반도체
851762,ES,Accin Global,,,,Importer,Madrid,KOTRA_SNS_2025,전자/반도체
851762,ES,PIM Marketprovider,,,,Importer,Barcelona,KOTRA_SNS_2025,전자/반도체
852862,IT,Societ Agricola euro bangla Srl,,,,Importer,Rome,KOTRA_SNS_2025,전자/반도체
851762,ES,Semente,,,,Importer,Barcelona,KOTRA_SNS_2025,전자/반도체
852862,IT,Telefonica Italiana Srls,,,,Importer,Milano,KOTRA_SNS_2025,전자/반도체
852862,US,.,,,,Importer,Paris,KOTRA_SNS_2025,전자/반도체
851762,ES,Attract Group,,,,Importer,Valencia,KOTRA_SNS_2025,전자/반도체
852862,ES,Tcnico en informtica,,,,Importer,Barcelona,KOTRA_SNS_2025,전자/반도체
852862,ES,969 Capital,,,,Importer,Barcelona,KOTRA_SNS_2025,전자/반도체
852862,ES,HP Training Center,,,,Importer,Barcelona,KOTRA_SNS_2025,전자/반도체
852862,GQ,L'honor Group,,,,Importer,Barcelona,KOTRA_SNS_2025,전자/반도체
852862,BG,krithania@gmail.com,,,,Importer,Sofia,KOTRA_SNS_2025,전자/반도체
851762,ES,Atlas News,,,,Importer,Barcelona,KOTRA_SNS_2025,전자/반도체
852862,US,.,,,,Importer,Buffalo,KOTRA_SNS_2025,전자/반도체
851762,PL,Peleton ventures,,,,Importer,Warsaw,KOTRA_SNS_2025,전자/반도체
852862,US,.,,,,Importer,"Oui,",KOTRA_SNS_2025,전자/반도체
851762,ES,FIBVisiona,,,,Importer,Blanes,KOTRA_SNS_2025,전자/반도체
851762,RO,Bioten,,,,Importer,Comanesti,KOTRA_SNS_2025,전자/반도체
852862,GR,Deaf Greece  Heroes Leader World,,,,Importer,Naxos Greece,KOTRA_SNS_2025,전자/반도체
850790,US,seddg@edrfr dtcfff.efsdd,,,,Importer,dscfgh,KOTRA_SNS_2025,전자/반도체
850790,US,upgup7,,,,Importer,oyvyuo70,KOTRA_SNS_2025,전자/반도체
850790,US,https://www.facebook.com/profile.phpid=61550353649172&mibextid=LQQJ4d,,,,Importer,vdvdvsengmanss11@gmail.comdvd,KOTRA_SNS_2025,전자/반도체
850790,US,cloud stafe,,,,Importer,san fernando,KOTRA_SNS_2025,전자/반도체
850790,US,vcgn,,,,Importer,DFHADFH,KOTRA_SNS_2025,전자/반도체
850790,US,bnnn,,,,Importer,ala,KOTRA_SNS_2025,전자/반도체
850790,BA,bnno,,,,Importer,Gresik,KOTRA_SNS_2025,전자/반도체
850790,LK,Bonamis important and  treading Pvt ltd,,,,Importer,Welikanda,KOTRA_SNS_2025,전자/반도체
850790,BD,General bags,,,,Importer,Dhaka,KOTRA_SNS_2025,전자/반도체
850790,IN,Alpha Digi Corp,,,,Importer,Mumbai,KOTRA_SNS_2025,전자/반도체
850790,PK,Mohsin enterprises lahore,,,,Importer,Lahore,KOTRA_SNS_2025,전자/반도체
850790,US,hdhxj,,,,Importer,uccucu,KOTRA_SNS_2025,전자/반도체
850790,AL,Hhffv,,,,Importer,Cupertino,KOTRA_SNS_2025,전자/반도체
850790,US,vgf,,,,Importer,b..,KOTRA_SNS_2025,전자/반도체
850790,PK,deosai international traders,,,,Importer,Rawalpindi,KOTRA_SNS_2025,전자/반도체
850790,US,tdfhusfyujsyuj,,,,Importer,hftsujftuj,KOTRA_SNS_2025,전자/반도체
851770,GR,2K RENOVART,,,,Importer,Thessalonki,KOTRA_SNS_2025,전자/반도체
854442,ES,Shams Mundo sl,,,,Importer,Barber del Valls,KOTRA_SNS_2025,전자/반도체
854442,ES,Dircompartners,,,,Importer,Barcelona,KOTRA_SNS_2025,전자/반도체
854442,ES,Recepcionista,,,,Importer,Barcelona,KOTRA_SNS_2025,전자/반도체
854442,ES,Kimex & Industrias Oriol,,,,Importer,Barcelona,KOTRA_SNS_2025,전자/반도체
854442,ES,Infinite solution,,,,Importer,Girona,KOTRA_SNS_2025,전자/반도체
847149,ES,AlexandraDN,,,,Importer,Barcelona,KOTRA_SNS_2025,전자/반도체
847149,ES,KU Leuven,,,,Importer,Barcelona,KOTRA_SNS_2025,전자/반도체
854442,GR,Δσ,,,,Importer,ξχοχοχοχ,KOTRA_SNS_2025,전자/반도체
847149,ES,Europe Sanity,,,,Importer,Barcelona,KOTRA_SNS_2025,전자/반도체
854442,ES,Manuel Pereiro Perez,,,,Importer,Vigo,KOTRA_SNS_2025,전자/반도체
854442,DE,IT programming,,,,Importer,Paris,KOTRA_SNS_2025,전자/반도체
851762,AZ,Individual entrepreneur,,,,Importer,Baku,KOTRA_SNS_2025,전자/반도체
851762,MN,Haraasumber co.td,,,,Importer,Ulaanbaatar,KOTRA_SNS_2025,전자/반도체
851762,ID,PT.Nusantara Oriental Permai,,,,Importer,Jakarta,KOTRA_SNS_2025,전자/반도체
851762,BD,Green Bangladesh,,,,Importer,Dhaka,KOTRA_SNS_2025,전자/반도체
851762,IN,MARAV CONSTRUCTION AND TRADE,,,,Importer,Nellore,KOTRA_SNS_2025,전자/반도체
851762,IN,Chennai Trekking Club,,,,Importer,Chennai,KOTRA_SNS_2025,전자/반도체
851762,BD,Bongo technology Ltd,,,,Importer,Dhaka,KOTRA_SNS_2025,전자/반도체
851762,PK,Qazi battery solar energy traders,,,,Importer,Lahore,KOTRA_SNS_2025,전자/반도체
851762,PK,FasTech Engineering Services,,,,Importer,Lahore,KOTRA_SNS_2025,전자/반도체
851762,PK,System Engineering Services,,,,Importer,Karachi,KOTRA_SNS_2025,전자/반도체
851762,IN,Triumph Realtors India Pvt. Ltd,,,,Importer,Coimbatore,KOTRA_SNS_2025,전자/반도체
851762,IN,VDGIE,,,,Importer,Railway Kodur,KOTRA_SNS_2025,전자/반도체
851762,IN,na,,,,Importer,Hanamkonda,KOTRA_SNS_2025,전자/반도체
851762,IN,SunEmison Solar Energy Private Limited,,,,Importer,Durg,KOTRA_SNS_2025,전자/반도체
851762,IN,Vexdata,,,,Importer,Delhi,KOTRA_SNS_2025,전자/반도체
851762,IN,Pixella pvt ltd,,,,Importer,Delhi,KOTRA_SNS_2025,전자/반도체
851762,PK,GLOBAL TRADING COMPANY,,,,Importer,LAHORE,KOTRA_SNS_2025,전자/반도체
851762,BD,Jannat Interior.,,,,Importer,Dhaka,KOTRA_SNS_2025,전자/반도체
851762,IN,Wellcoat Tecg,,,,Importer,Pune,KOTRA_SNS_2025,전자/반도체
851762,NG,Chislev Energy and Communication,,,,Importer,Abuja,KOTRA_SNS_2025,전자/반도체
851762,NG,dream glare innovations,,,,Importer,Kano,KOTRA_SNS_2025,전자/반도체
851762,ET,WARKA engineering,,,,Importer,Addis Ababa,KOTRA_SNS_2025,전자/반도체
851762,GH,iss Trading Enterprise,,,,Importer,Kumasi,KOTRA_SNS_2025,전자/반도체
851762,MZ,Malay Investimentos,,,,Importer,Maputo,KOTRA_SNS_2025,전자/반도체
851762,TZ,ADN hardware solutions,,,,Importer,Arusha,KOTRA_SNS_2025,전자/반도체
851762,AR,Playfish,,,,Importer,Paran,KOTRA_SNS_2025,전자/반도체
851762,AE,Al Mubarak Tools,,,,Importer,Dubai,KOTRA_SNS_2025,전자/반도체
851762,TM,Burc Group,,,,Importer,Ashgabat,KOTRA_SNS_2025,전자/반도체
851762,QA,Xyz,,,,Importer,Doha & Hyderabad,KOTRA_SNS_2025,전자/반도체
847180,India,Gravity Infinity LLC,,,,Importer,Jalandhar,KOTRA_SNS_2025,전자/반도체
847170,India,Appadurai Hitech Industries,,,,Importer,Mettur,KOTRA_SNS_2025,전자/반도체
850760,India,Gravity Infinity LLC,,,,Importer,New Delhi,KOTRA_SNS_2025,전자/반도체
850760,India,Nidec Control Techniques,,,,Importer,Chennai,KOTRA_SNS_2025,전자/반도체
851762,India,YAMUNA POWER AND INFRASTRUCTURE LIMITED,,,,Importer,New Delhi,KOTRA_SNS_2025,전자/반도체
851762,India,Universal Engineering & Fabricators - India,,,,Importer,Mumbai,KOTRA_SNS_2025,전자/반도체
850760,India,Ztek Control Systems Private Limited,,,,Importer,Mumbai,KOTRA_SNS_2025,전자/반도체
854449,UZ,OLX Uzbekistan,,,,Importer,Tashkent,KOTRA_SNS_2025,전자/반도체
854449,UZ,,,,,Importer,Tashkent,KOTRA_SNS_2025,전자/반도체
854449,UZ,"ООО ""Кушон-Каснет""",,,,Importer,Tashkent,KOTRA_SNS_2025,전자/반도체
854449,UZ,Triangular Technology,,,,Importer,Tashkent,KOTRA_SNS_2025,전자/반도체
854449,UZ,we need a list of the company,,,,Importer,Tashkent,KOTRA_SNS_2025,전자/반도체
854449,UZ,Iwlab ciqariw,,,,Importer,Tashkent,KOTRA_SNS_2025,전자/반도체
854449,UZ,Doniyorbek,,,,Importer,Tashkent,KOTRA_SNS_2025,전자/반도체
854449,UZ,Avtomobillar DVIGITELLari,,,,Importer,Tashkent,KOTRA_SNS_2025,전자/반도체
854449,UZ,36-sonli maktab,,,,Importer,Tashkent,KOTRA_SNS_2025,전자/반도체
854449,UZ,,,,,Importer,Tashkent,KOTRA_SNS_2025,전자/반도체
854449,UZ,Invite your friends and get bonuses for each invited friend!     Your referral link:,,,,Importer,Tashkent,KOTRA_SNS_2025,전자/반도체
854449,UZ,Navoiy mega trade,,,,Importer,Tashkent,KOTRA_SNS_2025,전자/반도체
854449,UZ,Onlain marketing,,,,Importer,Tashkent,KOTRA_SNS_2025,전자/반도체
854449,UZ,UzStandart Agency,,,,Importer,Tashkent,KOTRA_SNS_2025,전자/반도체
854449,UZ,firma Smartbek,,,,Importer,Tashkent,KOTRA_SNS_2025,전자/반도체
854449,UZ,посетитель,,,,Importer,Tashkent,KOTRA_SNS_2025,전자/반도체
854449,UZ,Absolut partner llc,,,,Importer,Tashkent,KOTRA_SNS_2025,전자/반도체
854140,PH,ACA Construction Services,,,,Importer,Gen Tinio,KOTRA_SNS_2025,전자/반도체
854140,ID,Inoenso,,,,Importer,Jakarta,KOTRA_SNS_2025,전자/반도체
854140,NG,Saeda Agro Allied Invest LTD,,,,Importer,Bauchi,KOTRA_SNS_2025,전자/반도체
854140,ET,tesfaye Kebede,,,,Importer,Dire Dawa,KOTRA_SNS_2025,전자/반도체
854140,NG,zatcocentury Ltd,,,,Importer,Makurdi,KOTRA_SNS_2025,전자/반도체
854140,GH,Business Owner,,,,Importer,Ghana,KOTRA_SNS_2025,전자/반도체
854140,CI,Azyr collation,,,,Importer,Treichville,KOTRA_SNS_2025,전자/반도체
854140,ET,Weleymun Trading business PLC,,,,Importer,Addis Ababa,KOTRA_SNS_2025,전자/반도체
854140,NG,"Nigerian Electricity Management Services Agency , NEMSA",,,,Importer,Twickenham TW1 4SX  London,KOTRA_SNS_2025,전자/반도체
854140,NG,Phlouriche Nigeria Limited,,,,Importer,Lagos,KOTRA_SNS_2025,전자/반도체
854140,GH,See West Consult,,,,Importer,Accra,KOTRA_SNS_2025,전자/반도체
854140,CA,TALENTZ INTEGRATED SERVICES LLC,,,,Importer,Abuja,KOTRA_SNS_2025,전자/반도체
854140,GH,Overcomers Ventures,,,,Importer,Accra,KOTRA_SNS_2025,전자/반도체
854140,NG,Salsa Afrique Global Resources,,,,Importer,Lagos,KOTRA_SNS_2025,전자/반도체
854140,ET,Green Thinkers Integrated Community Development Organization,,,,Importer,Addis Ababa,KOTRA_SNS_2025,전자/반도체
854140,NG,BR,,,,Importer,Lagos,KOTRA_SNS_2025,전자/반도체
854140,NG,ULTIMUMNET INTEGRATOR LIMITED,,,,Importer,Lagos,KOTRA_SNS_2025,전자/반도체
854140,NG,Danso investment Resources ltd,,,,Importer,Sokoto,KOTRA_SNS_2025,전자/반도체
854140,NG,Tours And Travel And Own Business./Self Employed,,,,Importer,Abuja,KOTRA_SNS_2025,전자/반도체
854140,NG,Nationwide Mongolia Consultancy Services,,,,Importer,Abuja,KOTRA_SNS_2025,전자/반도체
854140,NG,SEGBOL Petroleum Limited,,,,Importer,Abuja,KOTRA_SNS_2025,전자/반도체
854140,NG,Tecaut Systems Limited,,,,Importer,Lagos,KOTRA_SNS_2025,전자/반도체
854140,NG,Stepris Nig Ltd,,,,Importer,Lagos,KOTRA_SNS_2025,전자/반도체
854140,NG,AJ contracting,,,,Importer,Abuja,KOTRA_SNS_2025,전자/반도체
854140,NG,Masy Nigeria limited,,,,Importer,"Kano, Nigeria",KOTRA_SNS_2025,전자/반도체
854140,NG,newedge-project & mgt co w a limited,,,,Importer,Abuja,KOTRA_SNS_2025,전자/반도체
854140,TZ,Freedom Computers Limited,,,,Importer,Dar es Salam,KOTRA_SNS_2025,전자/반도체
854140,NG,Zedex Royal Emporium Ltd,,,,Importer,Anambra State,KOTRA_SNS_2025,전자/반도체
854140,KE,ONLINE NETWORK MARKETING,,,,Importer,Nairobi,KOTRA_SNS_2025,전자/반도체
854140,FR,CIAT3E,,,,Importer,Strasbourg,KOTRA_SNS_2025,전자/반도체
854140,ES,AI4S,,,,Importer,Madrid,KOTRA_SNS_2025,전자/반도체
854140,CZ,CESKA REPUBLIKA,,,,Importer,esk Republika,KOTRA_SNS_2025,전자/반도체
854140,US,Wseit,,,,Importer,Pozna,KOTRA_SNS_2025,전자/반도체
854140,RO,Gabriela,,,,Importer,uite,KOTRA_SNS_2025,전자/반도체
854140,RS,Sea Navigator llc,,,,Importer,Belgrad,KOTRA_SNS_2025,전자/반도체
854140,MA,Codalec MAROC,,,,Importer,Libreville,KOTRA_SNS_2025,전자/반도체
854140,QA,Tamim trading and contracting group,,,,Importer,Doha,KOTRA_SNS_2025,전자/반도체
854140,AE,wabelirrigation,,,,Importer,Ajman,KOTRA_SNS_2025,전자/반도체
854140,MA,IEMS Maroc,,,,Importer,Casablanca,KOTRA_SNS_2025,전자/반도체
854140,MN,Matrits,,,,Importer,Ulaanbaatar,KOTRA_SNS_2025,전자/반도체
854140,UZ,АО НГМК,,,,Importer,Zarafshon,KOTRA_SNS_2025,전자/반도체
854140,KZ,GreenDem,,,,Importer,Almaty,KOTRA_SNS_2025,전자/반도체
854140,US,BA,,,,Importer,Alicante,KOTRA_SNS_2025,전자/반도체
854140,MN,T&G LLC,,,,Importer,Ulaanbaatar,KOTRA_SNS_2025,전자/반도체
854140,PH,minergy power corp,,,,Importer,Santa Rosa,KOTRA_SNS_2025,전자/반도체
854140,PH,Eaglevision,,,,Importer,Bantay,KOTRA_SNS_2025,전자/반도체
854140,VN,Sigma Vietnam,,,,Importer,Hanoi,KOTRA_SNS_2025,전자/반도체
854140,US,Facebook,,,,Importer,Katy,KOTRA_SNS_2025,전자/반도체
854140,BD,Nandanick Bangladesh ltd,,,,Importer,Dhaka,KOTRA_SNS_2025,전자/반도체
854140,IN,Oceansky Enterprises,,,,Importer,Jabalpur,KOTRA_SNS_2025,전자/반도체
854140,IN,Shristi,,,,Importer,Guwhati,KOTRA_SNS_2025,전자/반도체
854140,IN,Yuktha Enterprises,,,,Importer,Bangalore,KOTRA_SNS_2025,전자/반도체
854140,PK,Coating City,,,,Importer,Karachi,KOTRA_SNS_2025,전자/반도체
854140,PK,Kkf kamran khan fabrics,,,,Importer,Nowshera Cantonment,KOTRA_SNS_2025,전자/반도체
854140,IN,Kaival Enterprise,,,,Importer,Vadodara,KOTRA_SNS_2025,전자/반도체
854140,IN,Blazing,,,,Importer,Navi Mumbai,KOTRA_SNS_2025,전자/반도체
851761,IN,medicurry.com,,,,Importer,Patna,KOTRA_SNS_2025,전자/반도체
854140,IN,Shroff Farms,,,,Importer,Vangoan,KOTRA_SNS_2025,전자/반도체
854140,IN,Sunshine Renewables,,,,Importer,Mumbai,KOTRA_SNS_2025,전자/반도체
854140,IN,Rctcpl,,,,Importer,BHubaneswar,KOTRA_SNS_2025,전자/반도체
854140,IN,Kkkk,,,,Importer,Bangalore,KOTRA_SNS_2025,전자/반도체
854140,IN,United,,,,Importer,nashik,KOTRA_SNS_2025,전자/반도체
851761,BD,Travel Track Tourism,,,,Importer,Dhaka,KOTRA_SNS_2025,전자/반도체
854140,PK,Hassan Traders,,,,Importer,Sargodha,KOTRA_SNS_2025,전자/반도체
854140,BD,Australia Bangladesh Solar power ltd,,,,Importer,Dhaka,KOTRA_SNS_2025,전자/반도체
854140,IN,Excel Group of Companies,,,,Importer,Trichy,KOTRA_SNS_2025,전자/반도체
854140,IN,Farming,,,,Importer,Godhra,KOTRA_SNS_2025,전자/반도체
854140,IN,Swans enterprises,,,,Importer,Chennai,KOTRA_SNS_2025,전자/반도체
854140,IN,Celera I,,,,Importer,Silchar,KOTRA_SNS_2025,전자/반도체
854140,IN,Magpie concrete solutions pvt Ltd,,,,Importer,Jamnagar,KOTRA_SNS_2025,전자/반도체
854140,BD,PREXIMCO,,,,Importer,Chapainawabganj,KOTRA_SNS_2025,전자/반도체
854140,BD,Best power Electric & Electronics co,,,,Importer,Dhaka,KOTRA_SNS_2025,전자/반도체
854140,IN,Nanak Delight,,,,Importer,Mumbai,KOTRA_SNS_2025,전자/반도체
854140,BD,SHAHRIAR TRADERS,,,,Importer,Dhaka,KOTRA_SNS_2025,전자/반도체
854140,BD,Biozid Climate Institute,,,,Importer,Khulna,KOTRA_SNS_2025,전자/반도체
854140,IN,VK GROUPS,,,,Importer,Hyderabad,KOTRA_SNS_2025,전자/반도체
854140,PK,State Bank of Pakistan,,,,Importer,bara kahu islamabad,KOTRA_SNS_2025,전자/반도체
854140,BD,M.S.international,,,,Importer,Dhaka,KOTRA_SNS_2025,전자/반도체
854140,PK,Facebook,,,,Importer,Karachi,KOTRA_SNS_2025,전자/반도체
854140,PK,My Own Business Institute,,,,Importer,Karachi,KOTRA_SNS_2025,전자/반도체
854140,AR,Ramirez construcciones,,,,Importer,Santa fe,KOTRA_SNS_2025,전자/반도체
854140,GT,Lunax,,,,Importer,Guatemala City,KOTRA_SNS_2025,전자/반도체
854140,BR,Global Energy C L,,,,Importer,Rio de Janeiro,KOTRA_SNS_2025,전자/반도체
854140,AR,hunters,,,,Importer,Crdoba,KOTRA_SNS_2025,전자/반도체
854140,AR,yyyyy,,,,Importer,Aguilares,KOTRA_SNS_2025,전자/반도체
854140,CO,Energy 8 Network SAS,,,,Importer,Bogot,KOTRA_SNS_2025,전자/반도체
854140,US,lujanser,,,,Importer,Crdoba,KOTRA_SNS_2025,전자/반도체
854140,AR,fox,,,,Importer,Miami,KOTRA_SNS_2025,전자/반도체
854140,AR,fox,,,,Importer,santa fe,KOTRA_SNS_2025,전자/반도체
854140,PY,Gotze sa.,,,,Importer,Asuncin,KOTRA_SNS_2025,전자/반도체
854140,PE,Fundiciones Especiales SA,,,,Importer,Lima,KOTRA_SNS_2025,전자/반도체
854140,DO,"Agroban MT, SRL",,,,Importer,DO,KOTRA_SNS_2025,전자/반도체
854140,AR,j&h,,,,Importer,santa fe,KOTRA_SNS_2025,전자/반도체
854140,AR,Ramrez construcciones,,,,Importer,Aguilares,KOTRA_SNS_2025,전자/반도체
854140,AR,trend max,,,,Importer,bsas,KOTRA_SNS_2025,전자/반도체
854140,US,j&g,,,,Importer,santa fe,KOTRA_SNS_2025,전자/반도체
854140,VI,Farrux,,,,Importer,Toshkent shahar,KOTRA_SNS_2025,전자/반도체
854140,UZ,Ассалому алейкум,,,,Importer,Tashkent,KOTRA_SNS_2025,전자/반도체
854140,MN,RZA LLC,,,,Importer,Ulaanbaatar,KOTRA_SNS_2025,전자/반도체
854140,US,Northeast Estates,,,,Importer,Burrillville,KOTRA_SNS_2025,전자/반도체
854140,CA,Camo Solar Inc,,,,Importer,Alberta Canada,KOTRA_SNS_2025,전자/반도체
854140,IN,Bionic Naturals Pvt. Ltd,,,,Importer,Gurgaon,KOTRA_SNS_2025,전자/반도체
854140,IN,Om enterprise,,,,Importer,Jamnagar,KOTRA_SNS_2025,전자/반도체
854140,IN,Solar spectrum,,,,Importer,Hassan,KOTRA_SNS_2025,전자/반도체
854140,IN,Sanjay,,,,Importer,Pune,KOTRA_SNS_2025,전자/반도체
854140,IN,Bijansh,,,,Importer,Barnagar,KOTRA_SNS_2025,전자/반도체
854140,IN,"Patan, Gujarat",,,,Importer,Ahmedabad,KOTRA_SNS_2025,전자/반도체
854140,IN,Girdhar motar gerej,,,,Importer,Bhuj,KOTRA_SNS_2025,전자/반도체
854140,IN,En Karuvi,,,,Importer,Arani,KOTRA_SNS_2025,전자/반도체
854140,IN,Research Scholar,,,,Importer,Ludhiana,KOTRA_SNS_2025,전자/반도체
854140,IN,Akshar international Private Limited,,,,Importer,Rajkot,KOTRA_SNS_2025,전자/반도체
854140,IN,Rahamaniya bicycles,,,,Importer,moodbidri,KOTRA_SNS_2025,전자/반도체
854140,IN,"Udaipur, Rajasthan",,,,Importer,Jaipur,KOTRA_SNS_2025,전자/반도체
854140,IN,Aam Aadmi Party Rajasthan,,,,Importer,sri ganganagar,KOTRA_SNS_2025,전자/반도체
854140,IN,Sunrise,,,,Importer,Thane,KOTRA_SNS_2025,전자/반도체
854140,IN,Nakshatra residency,,,,Importer,Neemuch,KOTRA_SNS_2025,전자/반도체
854140,IN,...,,,,Importer,Daman,KOTRA_SNS_2025,전자/반도체
854140,IN,Mahadhan Phosphate Pvt Ltd,,,,Importer,Indore,KOTRA_SNS_2025,전자/반도체
854140,IN,Subham,,,,Importer,Tharad,KOTRA_SNS_2025,전자/반도체
854140,US,Shree,,,,Importer,Latur,KOTRA_SNS_2025,전자/반도체
854140,IN,SmartBuckett,,,,Importer,PANG CHENDI,KOTRA_SNS_2025,전자/반도체
854140,IN,Shree jai mahakal dhaba &restaurant,,,,Importer,Amethi,KOTRA_SNS_2025,전자/반도체
854140,IN,Kirar vidhyut seva kendra,,,,Importer,Guna,KOTRA_SNS_2025,전자/반도체
854140,IN,Sbi,,,,Importer,Ludhiana,KOTRA_SNS_2025,전자/반도체
854140,IN,M/s Prana Agro foods,,,,Importer,Secunderabad,KOTRA_SNS_2025,전자/반도체
854140,IN,All product based companies.,,,,Importer,Varanasi,KOTRA_SNS_2025,전자/반도체
854140,IN,ENMAX GLOBAL TECHNOLOGIES PVT LTD,,,,Importer,Chennai,KOTRA_SNS_2025,전자/반도체
854140,IN,BT TECH,,,,Importer,Pungro Town,KOTRA_SNS_2025,전자/반도체
854140,US,Aasheervadengineers &Home solar,,,,Importer,"Kollam, kerala",KOTRA_SNS_2025,전자/반도체
854140,IN,SBI Bank,,,,Importer,beed,KOTRA_SNS_2025,전자/반도체
854140,IN,"Dodsal Engineering & Construction Pte Ltd, Kuwait",,,,Importer,Ghazipur,KOTRA_SNS_2025,전자/반도체
854140,IN,Arihant,,,,Importer,Indore,KOTRA_SNS_2025,전자/반도체
854140,IN,Shehnaj salt works,,,,Importer,Bharuch,KOTRA_SNS_2025,전자/반도체
854140,IN,,,,,Importer,Ara,KOTRA_SNS_2025,전자/반도체
854140,IN,fresh N Chill,,,,Importer,modasa,KOTRA_SNS_2025,전자/반도체
854140,PK,MIRAJ Traders,,,,Importer,mardan,KOTRA_SNS_2025,전자/반도체
854140,IN,,,,,Importer,Nashik,KOTRA_SNS_2025,전자/반도체
854140,PK,www.malikjahanzinstruments.com/webmail,,,,Importer,Sialkot,KOTRA_SNS_2025,전자/반도체
854140,IN,"Udaipur, Rajasthan",,,,Importer,Udaipur,KOTRA_SNS_2025,전자/반도체
854140,IN,Sri Power Solutions,,,,Importer,Vijayawada,KOTRA_SNS_2025,전자/반도체
854140,IN,Shashidhar,,,,Importer,Bangalore,KOTRA_SNS_2025,전자/반도체
854140,PK,M/s Muzammil engineering services,,,,Importer,Hyderabad,KOTRA_SNS_2025,전자/반도체
854140,IN,Mahadev,,,,Importer,Rajkot,KOTRA_SNS_2025,전자/반도체
854140,IN,Westley,,,,Importer,Vijayawada,KOTRA_SNS_2025,전자/반도체
854140,IN,own,,,,Importer,madurai,KOTRA_SNS_2025,전자/반도체
854140,IN,Solarium Green Energy Private Limited,,,,Importer,Vadodara & Ahmedabad,KOTRA_SNS_2025,전자/반도체
854140,IN,Tejashree enterprise,,,,Importer,Bhavnagar,KOTRA_SNS_2025,전자/반도체
854140,IN,Tata Power Strategic Electronics Division,,,,Importer,SHIVAMOGGA,KOTRA_SNS_2025,전자/반도체
854140,IN,NGN Enterprises & Automation,,,,Importer,Dhar,KOTRA_SNS_2025,전자/반도체
854140,IN,Giriraj screen printery,,,,Importer,Jetpur,KOTRA_SNS_2025,전자/반도체
854140,CI,LUCRINTER,,,,Importer,Grand Bassam,KOTRA_SNS_2025,전자/반도체
854140,NG,AHR-JALIL pet & energy co ltd.,,,,Importer,"jalingo, Taraba State.",KOTRA_SNS_2025,전자/반도체
854140,NG,Next And Belgas Concept,,,,Importer,Lagos,KOTRA_SNS_2025,전자/반도체
854140,NG,morendubs Nigeria limited,,,,Importer,Lagos,KOTRA_SNS_2025,전자/반도체
854140,NG,MELCURT LTD,,,,Importer,Warri,KOTRA_SNS_2025,전자/반도체
854140,NG,Siman Engineering Limited,,,,Importer,Lagos,KOTRA_SNS_2025,전자/반도체
854140,ZA,Ouro Mulamuli limitada,,,,Importer,Tete Moambique,KOTRA_SNS_2025,전자/반도체
854140,NG,ekxpliot konsult,,,,Importer,ibadan,KOTRA_SNS_2025,전자/반도체
854140,NG,Self Employed,,,,Importer,Sokoto,KOTRA_SNS_2025,전자/반도체
854140,NG,Essense Integrated Solutions Providers,,,,Importer,Nigeria,KOTRA_SNS_2025,전자/반도체
854140,NG,African Association for Small and Medium Enterprises AASME Energy Development Agency LLC,,,,Importer,Aba,KOTRA_SNS_2025,전자/반도체
854140,NG,International vocational centre,,,,Importer,Enugu,KOTRA_SNS_2025,전자/반도체
854140,US,MAXON ROYAL INTERNATIONAL LTD,,,,Importer,festac,KOTRA_SNS_2025,전자/반도체
854140,GH,Ghana Red Cross Society,,,,Importer,Tamale,KOTRA_SNS_2025,전자/반도체
854140,NG,Hukpoly katsina,,,,Importer,KATSINA,KOTRA_SNS_2025,전자/반도체
854140,ET,Asege Engineering,,,,Importer,Addis Ababa,KOTRA_SNS_2025,전자/반도체
854140,NG,Icleanfix,,,,Importer,Abuja,KOTRA_SNS_2025,전자/반도체
854140,GH,TROTRO Tractor Ltd,,,,Importer,Accra,KOTRA_SNS_2025,전자/반도체
854140,NG,Hundred Consult,,,,Importer,Abuja,KOTRA_SNS_2025,전자/반도체
854140,ET,Addisu Nurbeza,,,,Importer,Addis Ababa,KOTRA_SNS_2025,전자/반도체
854140,ET,"Addis Ababa, Ethiopia",,,,Importer,Addis Ababa,KOTRA_SNS_2025,전자/반도체
854140,NG,Orlagyde Enterprises Ltd,,,,Importer,Ibadan,KOTRA_SNS_2025,전자/반도체
854140,NG,Softart Services,,,,Importer,Surulere,KOTRA_SNS_2025,전자/반도체
854140,NG,FCDA Abuja,,,,Importer,Abuja,KOTRA_SNS_2025,전자/반도체
854140,NG,Fencas Real estate Dev Comp ltd,,,,Importer,Lagos,KOTRA_SNS_2025,전자/반도체
854140,NG,Sky Packing Material Trd: LLC,,,,Importer,IKEJA,KOTRA_SNS_2025,전자/반도체
854140,NG,Tu e capital  Investment Nigeria  ltd,,,,Importer,Uyo,KOTRA_SNS_2025,전자/반도체
854140,AT,Sugar Hut,,,,Importer,Vienna,KOTRA_SNS_2025,전자/반도체
854140,GR,National Technical University of Athens,,,,Importer,Melssia,KOTRA_SNS_2025,전자/반도체
854140,RS,BitLab,,,,Importer,Belgrade,KOTRA_SNS_2025,전자/반도체
854140,IT,S.SORRENTI CONSULTING,,,,Importer,Noicattaro,KOTRA_SNS_2025,전자/반도체
854140,AR,loft,,,,Importer,caba,KOTRA_SNS_2025,전자/반도체
854140,AR,kaom,,,,Importer,bsas,KOTRA_SNS_2025,전자/반도체
854140,GT,DONEBYDRONEGT,,,,Importer,Guatemala,KOTRA_SNS_2025,전자/반도체
854140,AR,fox,,,,Importer,Concordia,KOTRA_SNS_2025,전자/반도체
854140,PE,Roberto De La Torre,,,,Importer,Lima,KOTRA_SNS_2025,전자/반도체
854140,US,teem,,,,Importer,santa fe,KOTRA_SNS_2025,전자/반도체
854140,AR,ruizzz,,,,Importer,Crdoba,KOTRA_SNS_2025,전자/반도체
854140,CO,LaCharme SAS,,,,Importer,Villavicencio,KOTRA_SNS_2025,전자/반도체
854140,AR,Los Cocos,,,,Importer,igcgoc,KOTRA_SNS_2025,전자/반도체
854140,US,Ramrez Contrucciones,,,,Importer,santa fe,KOTRA_SNS_2025,전자/반도체
854140,PA,Tribisa,,,,Importer,Sucursal Costa del Este,KOTRA_SNS_2025,전자/반도체
854140,BR,pedrin,,,,Importer,Argentina,KOTRA_SNS_2025,전자/반도체
854140,AR,Cordis s. A,,,,Importer,GBA Oeste,KOTRA_SNS_2025,전자/반도체
854140,AR,jxjzjzjz,,,,Importer,Mar del plata,KOTRA_SNS_2025,전자/반도체
854140,US,fox,,,,Importer,santa fe,KOTRA_SNS_2025,전자/반도체
854140,MX,SIERRA DEL MAR CAF,,,,Importer,Veracruz,KOTRA_SNS_2025,전자/반도체
854140,GT,GEPOR,,,,Importer,Guatemala City,KOTRA_SNS_2025,전자/반도체
854140,AR,fox,,,,Importer,santa fe,KOTRA_SNS_2025,전자/반도체
854140,AR,hinks,,,,Importer,buenos aires,KOTRA_SNS_2025,전자/반도체
854140,PA,Promotora Nitelsal,,,,Importer,Panama City,KOTRA_SNS_2025,전자/반도체
854140,DZ,Entreprise d'tude et ralisation en gnie civil TCE,,,,Importer,Skikda Algerie,KOTRA_SNS_2025,전자/반도체
854140,MA,Moh,,,,Importer,Casablanca,KOTRA_SNS_2025,전자/반도체
854140,DZ,Expert International,,,,Importer,Algiers,KOTRA_SNS_2025,전자/반도체
854140,JO,Chicago Carpenters,,,,Importer,Husn,KOTRA_SNS_2025,전자/반도체
854140,MA,Smail,,,,Importer,Agadir,KOTRA_SNS_2025,전자/반도체
854140,IQ,Ras Al-Ain Sky,,,,Importer,Irbil,KOTRA_SNS_2025,전자/반도체
854140,MA,Dalil Asri,,,,Importer,Casablanca,KOTRA_SNS_2025,전자/반도체
854140,TH,"Ziec Engineering co., ltd.",,,,Importer,Bangkok,KOTRA_SNS_2025,전자/반도체
854140,ID,Tijar Maram,,,,Importer,Surakarta,KOTRA_SNS_2025,전자/반도체
854140,MY,Synergy Generated Sdn Bhd,,,,Importer,Petaling Jaya,KOTRA_SNS_2025,전자/반도체
854140,IN,Bk,,,,Importer,Sutrapada,KOTRA_SNS_2025,전자/반도체
854140,IN,Oraclesnap,,,,Importer,Rajkot,KOTRA_SNS_2025,전자/반도체
854140,IN,MeTag,,,,Importer,Delhi,KOTRA_SNS_2025,전자/반도체
854140,BD,Earth Tek,,,,Importer,Dhaka,KOTRA_SNS_2025,전자/반도체
854140,IN,Brother Association,,,,Importer,Jamtada,KOTRA_SNS_2025,전자/반도체
854140,IN,LG Global,,,,Importer,Rajkot,KOTRA_SNS_2025,전자/반도체
854140,US,RoviaMongolia,,,,Importer,ulaanbaatar,KOTRA_SNS_2025,전자/반도체
854140,UZ,Almeks Technics,,,,Importer,Tashkent,KOTRA_SNS_2025,전자/반도체
854140,UZ,Iskandar,,,,Importer,Tashkent,KOTRA_SNS_2025,전자/반도체
854140,NG,Rotamedics Pharmacy,,,,Importer,ilorin,KOTRA_SNS_2025,전자/반도체
854140,NG,NOOA VENTURES,,,,Importer,Ibadan,KOTRA_SNS_2025,전자/반도체
854140,AR,Ramrez construcciones,,,,Importer,Santa fe,KOTRA_SNS_2025,전자/반도체
854140,PH,Fiji National University,,,,Importer,San Pablo City,KOTRA_SNS_2025,전자/반도체
854140,PH,Maay Indoor Outdoor Living Construction,,,,Importer,Bacolod CIty,KOTRA_SNS_2025,전자/반도체
854140,LA,Green Community Alliance,,,,Importer,Luang Prabang,KOTRA_SNS_2025,전자/반도체
854140,UA,KUT,,,,Importer,Odessa,KOTRA_SNS_2025,전자/반도체
854140,UZ,Namangan Sement,,,,Importer,Dubai,KOTRA_SNS_2025,전자/반도체
854140,UA,Business,,,,Importer,Odessa,KOTRA_SNS_2025,전자/반도체
854140,KZ,Sheshenamy,,,,Importer,KZ,KOTRA_SNS_2025,전자/반도체
854140,MN,Mongolian National University,,,,Importer,Ulaanbaatar,KOTRA_SNS_2025,전자/반도체
854140,PH,Goodday Coffee,,,,Importer,Cotabato City,KOTRA_SNS_2025,전자/반도체
854140,PH,WRPI,,,,Importer,manila,KOTRA_SNS_2025,전자/반도체
854140,PH,Mk3 trading and Const Svcs,,,,Importer,Batangas City,KOTRA_SNS_2025,전자/반도체
854140,PH,Olarte Engineering,,,,Importer,calasiao,KOTRA_SNS_2025,전자/반도체
854140,WF,Parihar Traders,,,,Importer,Jodhpur rajasthan,KOTRA_SNS_2025,전자/반도체
854140,IN,Gurudev industries,,,,Importer,Amreli,KOTRA_SNS_2025,전자/반도체
854140,IN,Ichalkaranji,,,,Importer,Karnataka,KOTRA_SNS_2025,전자/반도체
854140,IN,Keenara industries,,,,Importer,Surat,KOTRA_SNS_2025,전자/반도체
854140,US,Business,,,,Importer,Rajkot,KOTRA_SNS_2025,전자/반도체
854140,IN,Sun energy,,,,Importer,Noida,KOTRA_SNS_2025,전자/반도체
854140,IN,Bharat industrial supplier,,,,Importer,Chennai,KOTRA_SNS_2025,전자/반도체
854140,IN,New,,,,Importer,chennai,KOTRA_SNS_2025,전자/반도체
854140,IN,food prosising,,,,Importer,Nashik,KOTRA_SNS_2025,전자/반도체
854140,IN,Pravara Electrodes,,,,Importer,Loni Bk,KOTRA_SNS_2025,전자/반도체
854140,IN,Alto Precision,,,,Importer,Bengaluru,KOTRA_SNS_2025,전자/반도체
854140,IN,Private,,,,Importer,Bareilly,KOTRA_SNS_2025,전자/반도체
854140,IN,BHANSALI CORPORATION,,,,Importer,Gadag,KOTRA_SNS_2025,전자/반도체
854140,IN,Gargeya Entrrprises,,,,Importer,Nalgonda,KOTRA_SNS_2025,전자/반도체
854140,IN,"Inservia , Star , Kotak, Various , Group , Etc. ......",,,,Importer,Kolkata,KOTRA_SNS_2025,전자/반도체
854140,IN,Earthwave Technology pvt Ltd,,,,Importer,Surat,KOTRA_SNS_2025,전자/반도체
854140,IN,SkyGardenOnlineGoodsStoreByPuroo,,,,Importer,Mainpat,KOTRA_SNS_2025,전자/반도체
854140,PK,GaniTex Industries,,,,Importer,Karachi,KOTRA_SNS_2025,전자/반도체
854140,IN,Business,,,,Importer,Bhiwandi,KOTRA_SNS_2025,전자/반도체
854140,IN,Shripad Traders and Akkshay Solar Power,,,,Importer,Ahmednagar,KOTRA_SNS_2025,전자/반도체
854140,IN,Universe solar,,,,Importer,Jamnagar,KOTRA_SNS_2025,전자/반도체
854140,IN,Madhav solar,,,,Importer,Surat,KOTRA_SNS_2025,전자/반도체
854140,IN,,,,,Importer,Jamnagar,KOTRA_SNS_2025,전자/반도체
854140,IN,Mphasis,,,,Importer,Chennai,KOTRA_SNS_2025,전자/반도체
854140,IN,Bharath exim,,,,Importer,Marthandam,KOTRA_SNS_2025,전자/반도체
854140,IN,Umesh trending,,,,Importer,Tuljapur,KOTRA_SNS_2025,전자/반도체
854140,IN,Heecotech Electricals Pvt Ltd,,,,Importer,Patna,KOTRA_SNS_2025,전자/반도체
854140,IN,New startup,,,,Importer,As,KOTRA_SNS_2025,전자/반도체
854140,IN,Balkrushna Infrastructure Pvt Ltd,,,,Importer,Vadodara,KOTRA_SNS_2025,전자/반도체
854140,US,Pragati gramin vikash seva Sansthan tamatiya Ada banswara,,,,Importer,banswara,KOTRA_SNS_2025,전자/반도체
854140,PK,Raza Brothers Trader,,,,Importer,Lahore,KOTRA_SNS_2025,전자/반도체
854140,IN,Powertrac Industries Limited,,,,Importer,Ahmedabad,KOTRA_SNS_2025,전자/반도체
854140,IN,Green ship services,,,,Importer,Bhavnagar,KOTRA_SNS_2025,전자/반도체
854140,IN,action showroom,,,,Importer,Cuttack Odisha,KOTRA_SNS_2025,전자/반도체
854140,IN,Siemens ltd,,,,Importer,Bellary karnataka,KOTRA_SNS_2025,전자/반도체
854140,IN,Pandhari Agro,,,,Importer,Pandharpur,KOTRA_SNS_2025,전자/반도체
854140,IN,Pddetha group,,,,Importer,Jaisalmer,KOTRA_SNS_2025,전자/반도체
854140,IN,Mahek solar power,,,,Importer,Vadodara,KOTRA_SNS_2025,전자/반도체
854140,IN,Bhaskar Agencies,,,,Importer,Chhindwara,KOTRA_SNS_2025,전자/반도체
854140,IN,Home,,,,Importer,Jodhpur,KOTRA_SNS_2025,전자/반도체
854140,LK,siegnt Lanka Consultants (pvt) Ltd,,,,Importer,sri lanka,KOTRA_SNS_2025,전자/반도체
854140,US,Emita,,,,Importer,Jaipur,KOTRA_SNS_2025,전자/반도체
854140,IN,"Vijayawada, India",,,,Importer,Suryapet,KOTRA_SNS_2025,전자/반도체
854140,US,Ghareeb Nawaz Enterprises,,,,Importer,blue area,KOTRA_SNS_2025,전자/반도체
854140,IN,Not Yet Working,,,,Importer,Kanpur,KOTRA_SNS_2025,전자/반도체
854140,IN,"Amrapali Group of Institute, lamachaur haldwani",,,,Importer,Nainital,KOTRA_SNS_2025,전자/반도체
854140,IN,....,,,,Importer,Rajkot,KOTRA_SNS_2025,전자/반도체
854140,NG,Chief Executive at NewsTunnel,,,,Importer,Kano,KOTRA_SNS_2025,전자/반도체
854140,NG,Ogun state Teaching Service Commission,,,,Importer,Ijebu Ode,KOTRA_SNS_2025,전자/반도체
854140,NG,Intersystems Nigeria Ltd,,,,Importer,Kano,KOTRA_SNS_2025,전자/반도체
854140,US,Senan Group LLC,,,,Importer,Baltimore,KOTRA_SNS_2025,전자/반도체
854140,ET,Brhanu gidey,,,,Importer,Adis Abeba,KOTRA_SNS_2025,전자/반도체
854140,NG,Cribz Apartment Nigeria limited,,,,Importer,Port Harcourt,KOTRA_SNS_2025,전자/반도체
854140,GH,Afadzato South District Assembly,,,,Importer,Accra,KOTRA_SNS_2025,전자/반도체
854140,NG,Mike Benz electric parts and accessories,,,,Importer,Ikeja,KOTRA_SNS_2025,전자/반도체
854140,ZA,Max Luzuko Cleaning Services,,,,Importer,Cape Town,KOTRA_SNS_2025,전자/반도체
854140,NG,Tiger Energy,,,,Importer,Kano,KOTRA_SNS_2025,전자/반도체
854140,NG,Sanusi Medical stores,,,,Importer,Enugu,KOTRA_SNS_2025,전자/반도체
854140,NG,Emzik Intercontinental Resources Ltd,,,,Importer,Makurdi,KOTRA_SNS_2025,전자/반도체
854140,NL,Vecht,,,,Importer,Zegveld,KOTRA_SNS_2025,전자/반도체
854140,BE,NRG MAN,,,,Importer,Beveren,KOTRA_SNS_2025,전자/반도체
854140,CZ,Kabel 1 it s.r.o.,,,,Importer,Klasterec nad Ohri,KOTRA_SNS_2025,전자/반도체
851761,JP,Asiri Associates,,,,Importer,Yokohama,KOTRA_SNS_2025,전자/반도체
854140,AR,fox,,,,Importer,santa fe,KOTRA_SNS_2025,전자/반도체
854140,AR,fox,,,,Importer,santa fe,KOTRA_SNS_2025,전자/반도체
854140,PE,coc control sac,,,,Importer,Urb Barrio Chorrillos,KOTRA_SNS_2025,전자/반도체
854140,AR,a,,,,Importer,Paran,KOTRA_SNS_2025,전자/반도체
854140,AR,Simtez,,,,Importer,entre rios,KOTRA_SNS_2025,전자/반도체
854140,AR,huntolc hxbh,,,,Importer,Miami,KOTRA_SNS_2025,전자/반도체
854140,CO,Alejandria,,,,Importer,Santiago de Cali,KOTRA_SNS_2025,전자/반도체
854140,AR,Famiq,,,,Importer,Buenos Aires,KOTRA_SNS_2025,전자/반도체
854140,AR,bu,,,,Importer,cordoba,KOTRA_SNS_2025,전자/반도체
854140,US,Cesar,,,,Importer,Mar del plata,KOTRA_SNS_2025,전자/반도체
854140,BR,Plg,,,,Importer,Jaboatao dos Guararapes,KOTRA_SNS_2025,전자/반도체
854140,AR,Aegis,,,,Importer,Bovril,KOTRA_SNS_2025,전자/반도체
854140,PE,4G CONSULTING TRADING & INVESTMENTS,,,,Importer,Lima,KOTRA_SNS_2025,전자/반도체
854140,PA,Ocala Arts,,,,Importer,Ciudad de David,KOTRA_SNS_2025,전자/반도체
854140,BR,Eucaliptol,,,,Importer,Cuiaba,KOTRA_SNS_2025,전자/반도체
854140,IQ,Bibars company,,,,Importer,Erbil,KOTRA_SNS_2025,전자/반도체
854140,LY,OEA Green Energy Innovations,,,,Importer,"ajdabiya, Libya",KOTRA_SNS_2025,전자/반도체
854140,US,walo,,,,Importer,sale,KOTRA_SNS_2025,전자/반도체
854140,MA,Casablanca,,,,Importer,Berrechid,KOTRA_SNS_2025,전자/반도체
854140,KZ,"ТОО ""SENERGY""",,,,Importer,Shymkent,KOTRA_SNS_2025,전자/반도체
854140,MN,Илдэнгн Хошуу ХХК,,,,Importer,Ulaanbaatar,KOTRA_SNS_2025,전자/반도체
854140,MN,Bideryaa llc,,,,Importer,Ulaanbaatar,KOTRA_SNS_2025,전자/반도체
854140,KZ,"Группа компаний ""Arman construction""",,,,Importer,Атбе,KOTRA_SNS_2025,전자/반도체
854140,US,47,,,,Importer,bone,KOTRA_SNS_2025,전자/반도체
854140,PH,Trinitarian Energy Development Corporation,,,,Importer,Davao City,KOTRA_SNS_2025,전자/반도체
854140,ID,PT. Xolare RCR Energy,,,,Importer,Jakarta,KOTRA_SNS_2025,전자/반도체
854140,PH,CJiGreen Power Corp.,,,,Importer,Ozamiz,KOTRA_SNS_2025,전자/반도체
854140,US,Global Walls LLC,,,,Importer,Brooklyn,KOTRA_SNS_2025,전자/반도체
854140,US,Everon Green Energy Resources LLC,,,,Importer,Weslaco,KOTRA_SNS_2025,전자/반도체
851761,PK,Hashmat Traders,,,,Importer,Peshawar,KOTRA_SNS_2025,전자/반도체
854140,IN,Photography Craft,,,,Importer,Bhanduri,KOTRA_SNS_2025,전자/반도체
854140,IN,Self use,,,,Importer,Ayodhya,KOTRA_SNS_2025,전자/반도체
854140,IN,Bs paper kasain,,,,Importer,Kakinda,KOTRA_SNS_2025,전자/반도체
854140,IN,Mulberry,,,,Importer,Satara,KOTRA_SNS_2025,전자/반도체
854140,IN,Infinity solar,,,,Importer,Himmatnagar,KOTRA_SNS_2025,전자/반도체
851761,BD,Geotek,,,,Importer,Dinajpur,KOTRA_SNS_2025,전자/반도체
854140,IN,Business,,,,Importer,Jalgaon,KOTRA_SNS_2025,전자/반도체
854140,IN,MBBS,,,,Importer,Talaja,KOTRA_SNS_2025,전자/반도체
854140,IN,Rajmohini group,,,,Importer,Amravati,KOTRA_SNS_2025,전자/반도체
854140,IN,Guru Ashish Pharma chem pvt ltd,,,,Importer,Ankleshwar,KOTRA_SNS_2025,전자/반도체
854140,US,Yok,,,,Importer,Dewas,KOTRA_SNS_2025,전자/반도체
854140,IN,Xeratech,,,,Importer,Thiruvananthapuram,KOTRA_SNS_2025,전자/반도체
854140,PK,Sindh Pacific Seeds,,,,Importer,Tando Alla yar,KOTRA_SNS_2025,전자/반도체
854140,IN,Ramchandi seva sadan,,,,Importer,Sambalpur,KOTRA_SNS_2025,전자/반도체
854140,IN,Jpmedicals,,,,Importer,Chennai.600088,KOTRA_SNS_2025,전자/반도체
854140,IN,Hi,,,,Importer,Bhavnagar,KOTRA_SNS_2025,전자/반도체
854140,IN,Dalia Institute Of Diploma Studies,,,,Importer,Ahmedabad,KOTRA_SNS_2025,전자/반도체
854140,PK,Falcon Craft International.,,,,Importer,gujranwala,KOTRA_SNS_2025,전자/반도체
854140,IN,GS Powertech energy company,,,,Importer,Surat,KOTRA_SNS_2025,전자/반도체
854140,IN,Lucky Exports,,,,Importer,Delhi,KOTRA_SNS_2025,전자/반도체
854140,PK,ALI CARGO Services,,,,Importer,Sialkot,KOTRA_SNS_2025,전자/반도체
854140,IN,Shubhamudyog,,,,Importer,Akola,KOTRA_SNS_2025,전자/반도체
854140,IN,SHYONA,,,,Importer,Surat,KOTRA_SNS_2025,전자/반도체
854140,IN,Parth Enterprises,,,,Importer,Pune,KOTRA_SNS_2025,전자/반도체
854140,PK,Excellent Services,,,,Importer,Karachi,KOTRA_SNS_2025,전자/반도체
854140,IN,'' shree Basaveshwara Electricals & Engineers'',,,,Importer,Bengaluru,KOTRA_SNS_2025,전자/반도체
854140,IN,Unity,,,,Importer,Botad,KOTRA_SNS_2025,전자/반도체
854140,IN,Freshpinch food and beverages pvt ltd,,,,Importer,Indore,KOTRA_SNS_2025,전자/반도체
854140,IN,Ajanta  Industries,,,,Importer,Rajkot,KOTRA_SNS_2025,전자/반도체
854140,IN,"Rajkot, Gujarat",,,,Importer,Rajkot,KOTRA_SNS_2025,전자/반도체
854140,IN,M/s Ami Impex regd.,,,,Importer,Delhi NCR,KOTRA_SNS_2025,전자/반도체
854140,PK,Mardan Its All About Mardan,,,,Importer,Mardan,KOTRA_SNS_2025,전자/반도체
854140,PK,Abbas,,,,Importer,Khi,KOTRA_SNS_2025,전자/반도체
854140,IN,Indian,,,,Importer,Hyderabad,KOTRA_SNS_2025,전자/반도체
854140,IN,Vasudev Water Solution,,,,Importer,Vapi,KOTRA_SNS_2025,전자/반도체
854140,IN,Mr. Bhavik Bhai,,,,Importer,Amreli,KOTRA_SNS_2025,전자/반도체
854140,IN,Selling com,,,,Importer,Jhajjar,KOTRA_SNS_2025,전자/반도체
854140,TR,Dhanvi Enterprise,,,,Importer,surat gujrat,KOTRA_SNS_2025,전자/반도체
854140,IN,Patel,,,,Importer,Vadodara,KOTRA_SNS_2025,전자/반도체
854140,IN,"Vadodara, Gujarat, India",,,,Importer,Vadodara,KOTRA_SNS_2025,전자/반도체
854140,US,Business,,,,Importer,Ghaziabad,KOTRA_SNS_2025,전자/반도체
854140,IN,Mkkd,,,,Importer,Surendranagar,KOTRA_SNS_2025,전자/반도체
854140,IN,Rungta Hospital Jaipur,,,,Importer,Chirawa,KOTRA_SNS_2025,전자/반도체
854140,PK,No compnay,,,,Importer,Karachi,KOTRA_SNS_2025,전자/반도체
854140,US,123,,,,Importer,Bhilai,KOTRA_SNS_2025,전자/반도체
854140,IN,Dimond,,,,Importer,Bhavnagar,KOTRA_SNS_2025,전자/반도체
854140,IN,Devi Engineering,,,,Importer,Navsari,KOTRA_SNS_2025,전자/반도체
854140,IN,Shruti stone crusher,,,,Importer,Nanded,KOTRA_SNS_2025,전자/반도체
854140,IN,sugatu infra pvt ltd,,,,Importer,mumbai,KOTRA_SNS_2025,전자/반도체
854140,IN,"S.P. Limbole Earthmovers & Supplier Solapur, Maharashtra.",,,,Importer,Solapur,KOTRA_SNS_2025,전자/반도체
854140,IN,Aspire solutions,,,,Importer,Kanpur,KOTRA_SNS_2025,전자/반도체
854140,IN,BPG FARMERS PRODUCER CO. LTD,,,,Importer,Jalna,KOTRA_SNS_2025,전자/반도체
854140,IN,Maheazar,,,,Importer,Naabfdcdgud,KOTRA_SNS_2025,전자/반도체
854140,IN,Manthan Enterprise,,,,Importer,Vadodara,KOTRA_SNS_2025,전자/반도체
854140,IN,www.evurjaa.com,,,,Importer,Indore,KOTRA_SNS_2025,전자/반도체
854140,NG,JuNeng Nigeria Limited,,,,Importer,Lagos,KOTRA_SNS_2025,전자/반도체
854140,US,Veraph Engineering Services,,,,Importer,Accra,KOTRA_SNS_2025,전자/반도체
854140,GH,Frankfaus Hotel and Glikwood Gh Ltd,,,,Importer,Axim,KOTRA_SNS_2025,전자/반도체
854140,GH,NEDCo,,,,Importer,Tamale,KOTRA_SNS_2025,전자/반도체
854140,NG,"Associated Cost Consultants,Kaduna",,,,Importer,Abuja,KOTRA_SNS_2025,전자/반도체
854140,NG,Gbola-trac Nigeria Limited,,,,Importer,Lagos State nd Port Harcourt,KOTRA_SNS_2025,전자/반도체
854140,GH,AFTa Energy & Engineering,,,,Importer,Tema,KOTRA_SNS_2025,전자/반도체
854140,NG,Ekundu Nigeria Limited,,,,Importer,Lagos,KOTRA_SNS_2025,전자/반도체
854140,NG,Justina Lawrenzo FOUNDATION,,,,Importer,Abuja,KOTRA_SNS_2025,전자/반도체
854140,NG,Agriun Ltd,,,,Importer,Kaduna,KOTRA_SNS_2025,전자/반도체
851761,GH,FDC,,,,Importer,Accra,KOTRA_SNS_2025,전자/반도체
854140,NG,abeltech,,,,Importer,owerri,KOTRA_SNS_2025,전자/반도체
854140,NG,Aratagwa Enterprises,,,,Importer,Kano,KOTRA_SNS_2025,전자/반도체
854140,US,World Commerce Developing Company Limited,,,,Importer,Lagos,KOTRA_SNS_2025,전자/반도체
854140,NG,lantai Construction Company,,,,Importer,Maiduguri,KOTRA_SNS_2025,전자/반도체
854140,NG,MONARCHS ASSOCIATES,,,,Importer,Aba,KOTRA_SNS_2025,전자/반도체
854140,NG,De Appeal Mega Integrated Ltd,,,,Importer,Lagos,KOTRA_SNS_2025,전자/반도체
854140,NG,MORTC Limited,,,,Importer,Nigeria,KOTRA_SNS_2025,전자/반도체
854140,RO,Power,,,,Importer,Campina,KOTRA_SNS_2025,전자/반도체
854140,AT,Energietechnik-Seitz,,,,Importer,Grossgmain,KOTRA_SNS_2025,전자/반도체
854140,TW,gy,,,,Importer,Tainan,KOTRA_SNS_2025,전자/반도체
854140,SG,BOSE AI TECHNOLOGY,,,,Importer,Singapore,KOTRA_SNS_2025,전자/반도체
854140,PE,ENERGO PER EIRL,,,,Importer,Lima,KOTRA_SNS_2025,전자/반도체
854140,CL,Aureainversiones SP A,,,,Importer,Antofagasta,KOTRA_SNS_2025,전자/반도체
854140,AR,Pasion,,,,Importer,santa fe,KOTRA_SNS_2025,전자/반도체
854140,AR,fox,,,,Importer,Buenos aires,KOTRA_SNS_2025,전자/반도체
854140,AR,serranos,,,,Importer,buenos aires,KOTRA_SNS_2025,전자/반도체
854140,AR,fox,,,,Importer,santa fe,KOTRA_SNS_2025,전자/반도체
854140,BR,Ronaldo,,,,Importer,"Volta Redonda, RJ",KOTRA_SNS_2025,전자/반도체
854140,AR,skdjdf,,,,Importer,La Plata,KOTRA_SNS_2025,전자/반도체
854140,AR,Los Cocos,,,,Importer,Mar del plata,KOTRA_SNS_2025,전자/반도체
854140,MA,Valiansgoup,,,,Importer,Casablanca,KOTRA_SNS_2025,전자/반도체
854140,DZ,son compte,,,,Importer,Stif,KOTRA_SNS_2025,전자/반도체
854140,JO,Nitrogen Contracting,,,,Importer,Amman,KOTRA_SNS_2025,전자/반도체
854140,IQ,Balad  Company,,,,Importer,Baghdad,KOTRA_SNS_2025,전자/반도체
854140,AE,shams alyarmouk general trading,,,,Importer,Dubai,KOTRA_SNS_2025,전자/반도체
854140,IQ,Middle East Research Institute MERI,,,,Importer,Irbil,KOTRA_SNS_2025,전자/반도체
851769,KZ,Hansun,,,,Importer,Алматы,KOTRA_SNS_2025,전자/반도체
851769,MN,"ISO 9001:2015 consultant, tutor & auditor",,,,Importer,Ulaanbaatar,KOTRA_SNS_2025,전자/반도체
851769,MN,BDI,,,,Importer,Ulan Bator,KOTRA_SNS_2025,전자/반도체
851769,ID,Sant Property,,,,Importer,Tulungagung,KOTRA_SNS_2025,전자/반도체
851769,ID,Pinang Mas,,,,Importer,Medan,KOTRA_SNS_2025,전자/반도체
851769,PH,Beacon edge,,,,Importer,Taguig,KOTRA_SNS_2025,전자/반도체
851769,PH,Regiontech,,,,Importer,Mandaluyong,KOTRA_SNS_2025,전자/반도체
851769,PK,Al-kashif Enterprises,,,,Importer,Hyderabad,KOTRA_SNS_2025,전자/반도체
851769,PK,universal pharmaceutical private limited,,,,Importer,peshawar,KOTRA_SNS_2025,전자/반도체
851769,IN,Heera overseas services,,,,Importer,Kurukshetra,KOTRA_SNS_2025,전자/반도체
851769,IN,Abhilekh Verma Consultancy (OPC) Private Limited,,,,Importer,Hyderabad,KOTRA_SNS_2025,전자/반도체
851769,PK,HARMAIN,,,,Importer,Karachi,KOTRA_SNS_2025,전자/반도체
851769,IN,Ajai vir,,,,Importer,Muzaffarnagar,KOTRA_SNS_2025,전자/반도체
851769,IN,GBH,,,,Importer,Mumbai,KOTRA_SNS_2025,전자/반도체
851769,MY,RoseIndia Multiservices,,,,Importer,Nashik Road,KOTRA_SNS_2025,전자/반도체
851769,PK,pk,,,,Importer,Lahore,KOTRA_SNS_2025,전자/반도체
851769,CA,World Trade Developers Inc,,,,Importer,Toronto,KOTRA_SNS_2025,전자/반도체
851769,OM,RewaZ Enterprises Private Limited,,,,Importer,Karachi,KOTRA_SNS_2025,전자/반도체
851769,LK,VISIJA Projects Pvt LTD,,,,Importer,Colombo,KOTRA_SNS_2025,전자/반도체
851769,NG,LAWKAZ COFFEE WORLD LTD,,,,Importer,Abuja Nigeria,KOTRA_SNS_2025,전자/반도체
851769,GH,Express Group,,,,Importer,kumasi,KOTRA_SNS_2025,전자/반도체
851769,NG,CeeJek International Ltd,,,,Importer,Enugu,KOTRA_SNS_2025,전자/반도체
851769,NG,Huss N Toks Ltd,,,,Importer,Abuja,KOTRA_SNS_2025,전자/반도체
851769,NG,Omoalawe estate manager,,,,Importer,Benin,KOTRA_SNS_2025,전자/반도체
851769,NG,vamdiok ventures ltd,,,,Importer,Lagos,KOTRA_SNS_2025,전자/반도체
851769,NG,Fencas Real estate Dev Comp ltd,,,,Importer,Lagos,KOTRA_SNS_2025,전자/반도체
851769,US,biotech,,,,Importer,paris,KOTRA_SNS_2025,전자/반도체
851769,DZ,zentrum,,,,Importer,Annaba,KOTRA_SNS_2025,전자/반도체
851769,UZ,Electromotor z,,,,Importer,Tashkent,KOTRA_SNS_2025,전자/반도체
851769,PK,"Owner ""J Plus consultancy pvt limited "" Company",,,,Importer,Karachi,KOTRA_SNS_2025,전자/반도체
851769,US,Mahmood steel traders,,,,Importer,lahore cantt pakistan,KOTRA_SNS_2025,전자/반도체
851769,PK,Al-kashif Enterprises,,,,Importer,Hyderabad,KOTRA_SNS_2025,전자/반도체
851769,IN,Heera overseas services,,,,Importer,Kurukshetra,KOTRA_SNS_2025,전자/반도체
851769,IN,Abhilekh Verma Consultancy (OPC) Private Limited,,,,Importer,Hyderabad,KOTRA_SNS_2025,전자/반도체
851769,PK,HARMAIN,,,,Importer,Karachi,KOTRA_SNS_2025,전자/반도체
851769,MY,RoseIndia Multiservices,,,,Importer,Nashik Road,KOTRA_SNS_2025,전자/반도체
851769,OM,RewaZ Enterprises Private Limited,,,,Importer,Karachi,KOTRA_SNS_2025,전자/반도체
851769,NG,StrongHold Trading Co. Ltd,,,,Importer,Lagos,KOTRA_SNS_2025,전자/반도체
851769,GH,Express Group,,,,Importer,kumasi,KOTRA_SNS_2025,전자/반도체
851769,NG,Fencas Real estate Dev Comp ltd,,,,Importer,Lagos,KOTRA_SNS_2025,전자/반도체
851769,GB,Voss Treatment,,,,Importer,Romford,KOTRA_SNS_2025,전자/반도체
851769,MN,"ISO 9001:2015 consultant, tutor & auditor",,,,Importer,Ulaanbaatar,KOTRA_SNS_2025,전자/반도체
851769,PK,RH Visa Advisor Private Limited,,,,Importer,hafizabad,KOTRA_SNS_2025,전자/반도체
851769,IN,Arshiya limited,,,,Importer,Delhi,KOTRA_SNS_2025,전자/반도체
851769,GB,property,,,,Importer,Gujranwala,KOTRA_SNS_2025,전자/반도체
851769,NG,Nigeria Info FM,,,,Importer,Lagos,KOTRA_SNS_2025,전자/반도체
851769,NG,Green Axis,,,,Importer,Enugu,KOTRA_SNS_2025,전자/반도체
851769,NG,Adsung Solutions Ltd,,,,Importer,Lagos state,KOTRA_SNS_2025,전자/반도체
851769,TZ,Haszai Commercial Agent Limited,,,,Importer,Zanzibar,KOTRA_SNS_2025,전자/반도체
851769,AU,Senior Consultant/ vision cyber and Training,,,,Importer,Hanoi,KOTRA_SNS_2025,전자/반도체
851769,UZ,Training Center under Ministry of Finance of Uzbekistan,,,,Importer,Tashkent,KOTRA_SNS_2025,전자/반도체
851769,PH,Pm Enterprises,,,,Importer,Metro Manila,KOTRA_SNS_2025,전자/반도체
851769,PK,Siddiqui enterprise,,,,Importer,karachi,KOTRA_SNS_2025,전자/반도체
851769,IN,Arshiya limited.,,,,Importer,Delhi,KOTRA_SNS_2025,전자/반도체
851769,TN,Carta Gosport,,,,Importer,Tunis,KOTRA_SNS_2025,전자/반도체
851769,BD,Global Business,,,,Importer,Dhaka,KOTRA_SNS_2025,전자/반도체
851769,PK,Ailaan International Travel & Tours,,,,Importer,Gujrat,KOTRA_SNS_2025,전자/반도체
851769,PK,www.malikjahanzinstruments.com/webmail,,,,Importer,Sialkot,KOTRA_SNS_2025,전자/반도체
850760,Jp,TOMEN DEVICES CORPORATION,,,,Importer,TOKYO,KOTRA_SNS_2025,전자/반도체
853690,JP,TMEIC Coporation,,,,Importer,Tokyo,KOTRA_SNS_2025,전자/반도체
853649,PH,Adefuin property,,,,Importer,Las Pinas,KOTRA_SNS_2025,전자/반도체
853649,US,"skyhub co.,ltd",,,,Importer,ok,KOTRA_SNS_2025,전자/반도체
851769,PH,apaeti,,,,Importer,philippines,KOTRA_SNS_2025,전자/반도체
851769,CA,Bhavya Import Export Inc.,,,,Importer,Toronto,KOTRA_SNS_2025,전자/반도체
851769,MY,pak Malysia Business Associates sdn bhd,,,,Importer,Kuala Lumpur,KOTRA_SNS_2025,전자/반도체
853649,PK,broza commincation,,,,Importer,Islamabad,KOTRA_SNS_2025,전자/반도체
851769,LK,iGates International Campus,,,,Importer,Akkaraipattu,KOTRA_SNS_2025,전자/반도체
853649,PK,Al Imran Trading Co.,,,,Importer,Multan,KOTRA_SNS_2025,전자/반도체
853649,US,Sundrail Transportation,,,,Importer,islamabad,KOTRA_SNS_2025,전자/반도체
853649,LK,Bright Motors Sammanthurai,,,,Importer,Sammanthurai,KOTRA_SNS_2025,전자/반도체
853649,US,FURQAN TOURS & TRAVELS,,,,Importer,chennai,KOTRA_SNS_2025,전자/반도체
853649,BD,Time Group,,,,Importer,dhaka,KOTRA_SNS_2025,전자/반도체
853649,PK,Zahid Ali & Company,,,,Importer,Karachi,KOTRA_SNS_2025,전자/반도체
851769,IN,Travel Star,,,,Importer,Ranchi,KOTRA_SNS_2025,전자/반도체
853649,GB,Dutta propeties,,,,Importer,Khanna,KOTRA_SNS_2025,전자/반도체
854140,IN,Shiv Pack,,,,Importer,Surat,KOTRA_SNS_2025,전자/반도체
853649,BD,Unique Corporation,,,,Importer,Dhaka,KOTRA_SNS_2025,전자/반도체
851769,PK,Alfa Consultant,,,,Importer,Lahore,KOTRA_SNS_2025,전자/반도체
854140,US,faisal trsders,,,,Importer,lahore,KOTRA_SNS_2025,전자/반도체
853649,PK,Facebook,,,,Importer,Peshawar,KOTRA_SNS_2025,전자/반도체
851769,PK,al Barkat Fabrics,,,,Importer,Faisalabad,KOTRA_SNS_2025,전자/반도체
851769,PK,RH Visa Advisor Private Limited,,,,Importer,hafizabad,KOTRA_SNS_2025,전자/반도체
851769,PK,Al-Rija,,,,Importer,Karachi,KOTRA_SNS_2025,전자/반도체
853649,IN,Expo Art Overseas,,,,Importer,Delh,KOTRA_SNS_2025,전자/반도체
853649,PK,LONG Life,,,,Importer,Lahore,KOTRA_SNS_2025,전자/반도체
853649,IN,Business,,,,Importer,Chennai,KOTRA_SNS_2025,전자/반도체
853649,PK,Mehran Autos,,,,Importer,Hyderabad,KOTRA_SNS_2025,전자/반도체
853649,US,Japan cars,,,,Importer,Dhaka,KOTRA_SNS_2025,전자/반도체
851769,PK,HARMAIN,,,,Importer,Karachi,KOTRA_SNS_2025,전자/반도체
853649,PK,S B Enterprises,,,,Importer,Lahore,KOTRA_SNS_2025,전자/반도체
854140,NG,EBIGOD,,,,Importer,Lagos,KOTRA_SNS_2025,전자/반도체
851769,NG,Cedar,,,,Importer,Lagos,KOTRA_SNS_2025,전자/반도체
851769,NG,Etravels and tour,,,,Importer,Lagos,KOTRA_SNS_2025,전자/반도체
853649,NG,Solpet Technologies,,,,Importer,Abuja,KOTRA_SNS_2025,전자/반도체
853649,KE,KINGSWAY TYRES LTD,,,,Importer,Nairobi,KOTRA_SNS_2025,전자/반도체
853649,NG,COMTECHNOLOGIES SYSYTEM LTD,,,,Importer,Abuja,KOTRA_SNS_2025,전자/반도체
853649,NG,Phlink Global Innovations,,,,Importer,Sango Otta,KOTRA_SNS_2025,전자/반도체
853649,KE,Slipway Enterprises Ltd,,,,Importer,Nairobi,KOTRA_SNS_2025,전자/반도체
854140,NG,CAVOS INNOVATIONS COMPANY,,,,Importer,Port Harcourt,KOTRA_SNS_2025,전자/반도체
851769,NG,Yes,,,,Importer,Port Harcourt,KOTRA_SNS_2025,전자/반도체
853649,TZ,Asafaru Enterprises Limited,,,,Importer,Dar es Salaam,KOTRA_SNS_2025,전자/반도체
853649,ET,maintainance,,,,Importer,Addis Ababa,KOTRA_SNS_2025,전자/반도체
853649,GH,New Hope Education Development,,,,Importer,Accra,KOTRA_SNS_2025,전자/반도체
853649,GH,Carxtra Auto Electrionics,,,,Importer,Accra,KOTRA_SNS_2025,전자/반도체
853649,DZ,David,,,,Importer,VCU I need,KOTRA_SNS_2025,전자/반도체
854140,NG,VIT GLOBAL INVESTMENT and Agro Allied limited,,,,Importer,port Harcourt,KOTRA_SNS_2025,전자/반도체
853649,HK,Imran,,,,Importer,Hong Kong,KOTRA_SNS_2025,전자/반도체
853649,AR,sgj,,,,Importer,bsas,KOTRA_SNS_2025,전자/반도체
854140,DO,Echeveriard,,,,Importer,Santo Domingo,KOTRA_SNS_2025,전자/반도체
853649,CL,Titanium Cars,,,,Importer,Iquique,KOTRA_SNS_2025,전자/반도체
853649,AR,borgello&asociados,,,,Importer,santa fe,KOTRA_SNS_2025,전자/반도체
853649,AR,sierra,,,,Importer,caba,KOTRA_SNS_2025,전자/반도체
853649,PT,Anchi Group SA,,,,Importer,Asuncion,KOTRA_SNS_2025,전자/반도체
853649,AR,fox,,,,Importer,santa fe,KOTRA_SNS_2025,전자/반도체
853649,TN,Tunisia holiday travel,,,,Importer,Tunisia,KOTRA_SNS_2025,전자/반도체
853649,QA,arabilla trading & contracting co.WLL,,,,Importer,Doha,KOTRA_SNS_2025,전자/반도체
853649,MA,GPS Oued Zem Maroc mobile.com said kannouz,,,,Importer,Casablanca,KOTRA_SNS_2025,전자/반도체
853649,MA,moroco,,,,Importer,Taroudannt,KOTRA_SNS_2025,전자/반도체
853649,DZ,salhiomar03@gmail.com,,,,Importer,baraki,KOTRA_SNS_2025,전자/반도체
851769,DZ,vents change plus,,,,Importer,Algiers,KOTRA_SNS_2025,전자/반도체
854140,NG,Ugocity International Ventures limited,,,,Importer,"Utako, Abuja",KOTRA_SNS_2025,전자/반도체
854140,US,Veraph Engineering Services,,,,Importer,Accra,KOTRA_SNS_2025,전자/반도체
851769,GB,Advanced HE,,,,Importer,Leeds,KOTRA_SNS_2025,전자/반도체
854140,GB,blueview global,,,,Importer,London,KOTRA_SNS_2025,전자/반도체
853649,RO,Itotem Digital Signage SRL,,,,Importer,Bucharest,KOTRA_SNS_2025,전자/반도체
853649,AR,unix,,,,Importer,buenos aires,KOTRA_SNS_2025,전자/반도체
853649,AR,peph,,,,Importer,Cordoba,KOTRA_SNS_2025,전자/반도체
854140,US,Fiba,,,,Importer,Cordoba,KOTRA_SNS_2025,전자/반도체
853649,US,masty,,,,Importer,Buenos Aires,KOTRA_SNS_2025,전자/반도체
853649,AR,Suites,,,,Importer,El Colmena,KOTRA_SNS_2025,전자/반도체
853649,US,fox,,,,Importer,santa fe,KOTRA_SNS_2025,전자/반도체
853649,US,Los Cocos,,,,Importer,Cordoba,KOTRA_SNS_2025,전자/반도체
853649,AR,carpedoem,,,,Importer,bsas,KOTRA_SNS_2025,전자/반도체
853649,AR,Playfish,,,,Importer,Ro Cuarto,KOTRA_SNS_2025,전자/반도체
853649,US,fox,,,,Importer,Rio Cuarto,KOTRA_SNS_2025,전자/반도체
853649,US,peliaman,,,,Importer,bsas,KOTRA_SNS_2025,전자/반도체
853649,US,Lopez & asoc.,,,,Importer,Lopez,KOTRA_SNS_2025,전자/반도체
851769,AR,Black Forest Holdings,,,,Importer,caba,KOTRA_SNS_2025,전자/반도체
853649,AR,Millanel cCosmtica Oficialy,,,,Importer,Gualeguaychu,KOTRA_SNS_2025,전자/반도체
853649,AR,poler6,,,,Importer,Bovgd,KOTRA_SNS_2025,전자/반도체
853649,MX,Kjujj,,,,Importer,Ciudad de Mexico,KOTRA_SNS_2025,전자/반도체
853649,AR,rebel,,,,Importer,Cordoba,KOTRA_SNS_2025,전자/반도체
853649,AR,Doa Irma delivery,,,,Importer,Rincon de Los Sauces,KOTRA_SNS_2025,전자/반도체
853649,AR,fox,,,,Importer,santa fe,KOTRA_SNS_2025,전자/반도체
853649,AR,jd,,,,Importer,pilar,KOTRA_SNS_2025,전자/반도체
853649,AR,vermam,,,,Importer,bsas,KOTRA_SNS_2025,전자/반도체
853649,US,Lostin,,,,Importer,CABA,KOTRA_SNS_2025,전자/반도체
853649,AR,Disco,,,,Importer,Aguilare,KOTRA_SNS_2025,전자/반도체
853649,TZ,DICD,,,,Importer,Dar es salaam,KOTRA_SNS_2025,전자/반도체
853649,GH,Ignis technologies ltd,,,,Importer,Accra,KOTRA_SNS_2025,전자/반도체
853649,NG,self employed,,,,Importer,Lagos,KOTRA_SNS_2025,전자/반도체
853649,NG,Excellent mechandise Ltd,,,,Importer,Awka,KOTRA_SNS_2025,전자/반도체
853649,NG,NYSC,,,,Importer,Port Harcourt,KOTRA_SNS_2025,전자/반도체
853649,NG,Anjibright Nigeria limited,,,,Importer,Lagos,KOTRA_SNS_2025,전자/반도체
854140,NG,SABBAH COMPANY,,,,Importer,Zaria,KOTRA_SNS_2025,전자/반도체
853649,NG,EJECE GLOBAL ENERGY AND TRAVELS LTD,,,,Importer,Abuja,KOTRA_SNS_2025,전자/반도체
854140,NG,Sean Electromec & Co. Limited,,,,Importer,Lagos,KOTRA_SNS_2025,전자/반도체
853649,NG,LARRY _SONIK GLOBAL RESOURCES LTD,,,,Importer,lagos,KOTRA_SNS_2025,전자/반도체
853649,ET,self employed,,,,Importer,Addis Ababa,KOTRA_SNS_2025,전자/반도체
853649,NG,Fexland international,,,,Importer,Onitsha,KOTRA_SNS_2025,전자/반도체
853649,CI,nado shop,,,,Importer,Abidjan,KOTRA_SNS_2025,전자/반도체
853649,NG,POLO INTERIOR DESIGN,,,,Importer,Abuja,KOTRA_SNS_2025,전자/반도체
851769,US,dhl,,,,Importer,lagos island,KOTRA_SNS_2025,전자/반도체
853649,GH,Heroes world int.ltd,,,,Importer,Accra,KOTRA_SNS_2025,전자/반도체
853649,NG,Micsteelum technical company,,,,Importer,Ibafo,KOTRA_SNS_2025,전자/반도체
853649,GH,Yanisu ventures,,,,Importer,Madina,KOTRA_SNS_2025,전자/반도체
853649,NG,fortnorth integration Nigeria,,,,Importer,Asaba,KOTRA_SNS_2025,전자/반도체
853649,NG,ZINADERIA GLOBAL LTD,,,,Importer,Port Harcourt,KOTRA_SNS_2025,전자/반도체
854140,ET,abusun Event and Trading,,,,Importer,Addis Ababa,KOTRA_SNS_2025,전자/반도체
851769,TN,.,,,,Importer,Tunisie,KOTRA_SNS_2025,전자/반도체
853649,TN,Ste S.A.G,,,,Importer,Tunis,KOTRA_SNS_2025,전자/반도체
853649,DZ,Luxury cars rental,,,,Importer,Venice,KOTRA_SNS_2025,전자/반도체
853649,MA,Renault Group,,,,Importer,Fes,KOTRA_SNS_2025,전자/반도체
853649,MA,GBM,,,,Importer,Casablanca,KOTRA_SNS_2025,전자/반도체
853649,KZ,Matrix,,,,Importer,Алматы,KOTRA_SNS_2025,전자/반도체
853649,AR,Azerishiq,,,,Importer,Baku,KOTRA_SNS_2025,전자/반도체
853649,TH,Ensure,,,,Importer,Bangkok,KOTRA_SNS_2025,전자/반도체
853649,VN,Cng ty TNHH Great Auto,,,,Importer,HCMC,KOTRA_SNS_2025,전자/반도체
853649,VN,MADO ID Ltd,,,,Importer,Hanoi,KOTRA_SNS_2025,전자/반도체
853649,PH,Greentech Electrical and Electronics Corporation,,,,Importer,Davao City,KOTRA_SNS_2025,전자/반도체
853649,KH,"SOBIZCO CO., LTD.",,,,Importer,Phnom Penh,KOTRA_SNS_2025,전자/반도체
853649,CA,BMO,,,,Importer,Ottawa,KOTRA_SNS_2025,전자/반도체
853649,PK,nepl,,,,Importer,Karachi,KOTRA_SNS_2025,전자/반도체
853649,BD,"Managing Director at ""Smart Power Company""",,,,Importer,Dhaka,KOTRA_SNS_2025,전자/반도체
853649,IN,Gcj enterprises,,,,Importer,Kuppam,KOTRA_SNS_2025,전자/반도체
853649,PK,South Korea,,,,Importer,Abbottabad,KOTRA_SNS_2025,전자/반도체
853649,PK,premier,,,,Importer,Peshawar,KOTRA_SNS_2025,전자/반도체
853649,PK,jo b ho,,,,Importer,Takht bhai Mardan,KOTRA_SNS_2025,전자/반도체
853649,IN,Nathurmal Marketing Pvt Ltd,,,,Importer,Moira,KOTRA_SNS_2025,전자/반도체
853649,LK,Sagarika Rice Mills Pvt Ltd,,,,Importer,Colombo,KOTRA_SNS_2025,전자/반도체
851769,PK,leather modes apgerbs,,,,Importer,Lahore,KOTRA_SNS_2025,전자/반도체
854140,US,Y,,,,Importer,Surat,KOTRA_SNS_2025,전자/반도체
853649,PK,SHEERAZ TRADERS,,,,Importer,Faisalabad,KOTRA_SNS_2025,전자/반도체
851769,PK,Noor Enterprises,,,,Importer,Lahore,KOTRA_SNS_2025,전자/반도체
853649,BD,Expert Management Solution,,,,Importer,Dhaka,KOTRA_SNS_2025,전자/반도체
851769,PK,Taximm Consultants,,,,Importer,Lahore,KOTRA_SNS_2025,전자/반도체
854140,PK,Vital Power,,,,Importer,Karachi,KOTRA_SNS_2025,전자/반도체
851769,AE,The Friends International Group,,,,Importer,Abu Dhabi,KOTRA_SNS_2025,전자/반도체
853649,AE,crystal auto used spare parts,,,,Importer,Sharjah,KOTRA_SNS_2025,전자/반도체
853649,IN,Karishma Global Ventures LL,,,,Importer,Delhi,KOTRA_SNS_2025,전자/반도체
851769,LK,buessines,,,,Importer,MATALE,KOTRA_SNS_2025,전자/반도체
853649,IN,Sycamore Technocraft,,,,Importer,Mumbai,KOTRA_SNS_2025,전자/반도체
853649,IN,Jitendra Motors / Jitendra EV/Kamal Carline Pvt Ltd,,,,Importer,Nashik,KOTRA_SNS_2025,전자/반도체
853649,IN,Imperative Business ventures Ltd,,,,Importer,Mumbai,KOTRA_SNS_2025,전자/반도체
853649,BD,Mehreen's International,,,,Importer,Dhaka,KOTRA_SNS_2025,전자/반도체
853649,BD,Tanisha Enterprise,,,,Importer,Dhaka,KOTRA_SNS_2025,전자/반도체
853649,PK,Jamil Akhtar enterprises,,,,Importer,Lahore,KOTRA_SNS_2025,전자/반도체
853649,BD,Alphaeshop Ltd,,,,Importer,Dhaka,KOTRA_SNS_2025,전자/반도체
853649,PK,ANWAR SONS,,,,Importer,Karachi,KOTRA_SNS_2025,전자/반도체
853649,BD,Geardawn,,,,Importer,Dhaka,KOTRA_SNS_2025,전자/반도체
853649,BD,LEEDS MOTORS LIMITED,,,,Importer,Dhaka,KOTRA_SNS_2025,전자/반도체
853649,BD,Vehicles Lab,,,,Importer,Dhaka,KOTRA_SNS_2025,전자/반도체
853649,CN,"Tianjin Only-Best Automatic Technology Co., Ltd.",,,,Importer,Tianjin,KOTRA_SNS_2025,전자/반도체
853649,CN,"Tianjin Aolinbaisite Automatic Technology Co., Ltd.",,,,Importer,Tianjin,KOTRA_SNS_2025,전자/반도체
853649,CN,"TIAN JIN Tianshengtong Machinery Co., Ltd.",,,,Importer,Tianjin,KOTRA_SNS_2025,전자/반도체
853649,CN,"Tianjin Tianshengtong Machinery and Electric Equipment Co., Ltd.",,,,Importer,Tianjin,KOTRA_SNS_2025,전자/반도체
853649,CN,"Tianjin Binhai Yusheng Electronics Co., Ltd.",,,,Importer,Tianjin,KOTRA_SNS_2025,전자/반도체
853649,CN,"Tianjin Qiaofeng Electronics Co., Ltd.",,,,Importer,Tianjin,KOTRA_SNS_2025,전자/반도체
853649,CN,"Tianjin Only-Best Automatic Technology Co., Ltd.",,,,Importer,Tianjin,KOTRA_SNS_2025,전자/반도체
853649,CN,"Tianjin Aolinbaisite Automatic Technology Co., Ltd.",,,,Importer,Tianjin,KOTRA_SNS_2025,전자/반도체
852869,RO,Offix.SRL,,,,Importer,Chiajna,KOTRA_SNS_2025,전자/반도체
852869,RO,Black Butter Group SRL,,,,Importer,Bucharest,KOTRA_SNS_2025,전자/반도체
852869,RO,JIM SMART SOLUTIONS,,,,Importer,Cluj,KOTRA_SNS_2025,전자/반도체
852869,RO,QUARK SRL,,,,Importer,Bucharest,KOTRA_SNS_2025,전자/반도체
852869,RO,Alexgsm srl,,,,Importer,Bucureti,KOTRA_SNS_2025,전자/반도체
852869,RO,Vikingterra,,,,Importer,Oradea,KOTRA_SNS_2025,전자/반도체
852869,RO,7P MARKETING SRL,,,,Importer,cluj napoca,KOTRA_SNS_2025,전자/반도체
852869,RO,Global View,,,,Importer,Bucuresti,KOTRA_SNS_2025,전자/반도체
852869,RO,BT Public Relations,,,,Importer,Bucuresti,KOTRA_SNS_2025,전자/반도체
852869,RO,Avatto Srl,,,,Importer,Bucureti,KOTRA_SNS_2025,전자/반도체
853649,KE,Concept Holdings Limited,,,,Importer,Nairobi,KOTRA_SNS_2025,전자/반도체
854140,KE,Car and General(trading) ltd,,,,Importer,Nairobi,KOTRA_SNS_2025,전자/반도체
853649,KE,Chloride Exide (K) Ltd,,,,Importer,Nairobi,KOTRA_SNS_2025,전자/반도체
854140,KE,Ganatra Plant & Equipment LTD,,,,Importer,Nairobi,KOTRA_SNS_2025,전자/반도체
853649,KE,DL Group,,,,Importer,Nairobi,KOTRA_SNS_2025,전자/반도체
853649,CN,Midea Group Co. Ltd.,,,,Importer,GUANGZHOU,KOTRA_SNS_2025,전자/반도체
853649,CN,"Hefei Midea Refrigerator Manufacturing Co.,Ltd",,,,Importer,GUANGZHOU,KOTRA_SNS_2025,전자/반도체
853649,CN,"Guangdong Midea Kitchen Electric Manufacturing Co., Ltd",,,,Importer,GUANGZHOU,KOTRA_SNS_2025,전자/반도체
854140,Nigeria,federal University Dutsin-ma,,,,Importer,Abuja,KOTRA_SNS_2025,전자/반도체
854140,Pakistan,National Skills University,,,,Importer,Islamabad,KOTRA_SNS_2025,전자/반도체
853649,India,Yazaki India Private Limited,,,,Importer,Pune,KOTRA_SNS_2025,전자/반도체
854140,Pakistan,Shandong Tiejun Electrical Power Company Limited,,,,Importer,Multan,KOTRA_SNS_2025,전자/반도체
851769,United Kingdom,Tex House (Uk) Limited,,,,Importer,Cardiff,KOTRA_SNS_2025,전자/반도체
853649,India,Business Development ConsultantAutomotiveDivision,,,,Importer,New Delhi,KOTRA_SNS_2025,전자/반도체
853649,Pakistan,Nabiqasim  Group,,,,Importer,Karachi,KOTRA_SNS_2025,전자/반도체
853649,Mongolia,Sky Hypermarket LLC (Emart Mongolia),,,,Importer,seoul,KOTRA_SNS_2025,전자/반도체
854140,Azerbaijan,SOCAR Polymer,,,,Importer,Baku,KOTRA_SNS_2025,전자/반도체
854140,Oman,Petrofac,,,,Importer,Muscat,KOTRA_SNS_2025,전자/반도체
851769,Kuwait,Asfar Shop,,,,Importer,Al Asimah,KOTRA_SNS_2025,전자/반도체
854140,Oman,Fast Line Technical Services LLC,,,,Importer,Muscat,KOTRA_SNS_2025,전자/반도체
853649,Peru,CURSASI ZADAN,,,,Importer,Lima Metropolitan Area,KOTRA_SNS_2025,전자/반도체
851769,Saudi Arabia,Silky Systems,,,,Importer,Riyadh,KOTRA_SNS_2025,전자/반도체
853649,United Arab Emirates,Juma Al Majid Holding Group L.L.C,,,,Importer,Dubai,KOTRA_SNS_2025,전자/반도체
851769,Nigeria,Matrix Energy,,,,Importer,Lagos,KOTRA_SNS_2025,전자/반도체
853649,UZ,VOLTAUTO,,,,Importer,Tashkent,KOTRA_SNS_2025,전자/반도체
853649,UZ,Uy,,,,Importer,Namangan,KOTRA_SNS_2025,전자/반도체
851769,KZ,Global education,,,,Importer,Oskemen,KOTRA_SNS_2025,전자/반도체
853649,UZ,Biznis,,,,Importer,Tashkent,KOTRA_SNS_2025,전자/반도체
853649,CA,Revelation Security Services Inc.,,,,Importer,New Westminster,KOTRA_SNS_2025,전자/반도체
853649,US,SSS Southern Sourcing Supply,,,,Importer,biloxi,KOTRA_SNS_2025,전자/반도체
853649,CO,ICOALAM,,,,Importer,Bogota,KOTRA_SNS_2025,전자/반도체
853649,AR,unix,,,,Importer,buenos aires,KOTRA_SNS_2025,전자/반도체
853649,US,almajr,,,,Importer,corrientes,KOTRA_SNS_2025,전자/반도체
853649,AR,long ftrut,,,,Importer,junin,KOTRA_SNS_2025,전자/반도체
853649,AR,PlayStation,,,,Importer,bs as,KOTRA_SNS_2025,전자/반도체
853649,US,melica,,,,Importer,cordoba,KOTRA_SNS_2025,전자/반도체
853649,AR,politech,,,,Importer,cordoba,KOTRA_SNS_2025,전자/반도체
853649,AR,Administracion de Empresas,,,,Importer,pergamino,KOTRA_SNS_2025,전자/반도체
853649,AR,uex,,,,Importer,buenos aires,KOTRA_SNS_2025,전자/반도체
853649,AR,empleado,,,,Importer,Miami,KOTRA_SNS_2025,전자/반도체
851769,US,refer,,,,Importer,buenos aires,KOTRA_SNS_2025,전자/반도체
853649,US,yoel vitta,,,,Importer,cbaa,KOTRA_SNS_2025,전자/반도체
853649,AR,fox,,,,Importer,buenos aires,KOTRA_SNS_2025,전자/반도체
853649,US,fgj,,,,Importer,Mar del Plata,KOTRA_SNS_2025,전자/반도체
853649,AR,trio,,,,Importer,buenos aires,KOTRA_SNS_2025,전자/반도체
853649,AR,Mintrar,,,,Importer,Caba,KOTRA_SNS_2025,전자/반도체
853649,AR,blew,,,,Importer,buenos aires,KOTRA_SNS_2025,전자/반도체
853649,US,farmacity,,,,Importer,paramas,KOTRA_SNS_2025,전자/반도체
853649,AR,poler,,,,Importer,buenos aires,KOTRA_SNS_2025,전자/반도체
853649,AR,"Hacer nada, tambien cansa...",,,,Importer,Santa Fe,KOTRA_SNS_2025,전자/반도체
853649,AR,fox,,,,Importer,buenos aires,KOTRA_SNS_2025,전자/반도체
853649,AR,fredos,,,,Importer,mar del plata,KOTRA_SNS_2025,전자/반도체
853649,AR,kebrlein,,,,Importer,buenos aires,KOTRA_SNS_2025,전자/반도체
853649,AR,fox,,,,Importer,santa fe,KOTRA_SNS_2025,전자/반도체
853649,AR,Gomez,,,,Importer,Miami,KOTRA_SNS_2025,전자/반도체
853649,US,fox,,,,Importer,Caba,KOTRA_SNS_2025,전자/반도체
853649,CL,TODO  HOGAR,,,,Importer,Iquique,KOTRA_SNS_2025,전자/반도체
853649,AR,fox,,,,Importer,santa fe,KOTRA_SNS_2025,전자/반도체
853649,AR,melica,,,,Importer,Cordoba,KOTRA_SNS_2025,전자/반도체
853649,AR,no tiene,,,,Importer,Posadas,KOTRA_SNS_2025,전자/반도체
853649,US,fox,,,,Importer,santa fe,KOTRA_SNS_2025,전자/반도체
853649,CL,NA TRADING IMPORT EXPORT LTDA,,,,Importer,Iquique,KOTRA_SNS_2025,전자/반도체
853649,AR,trovic,,,,Importer,rio negro,KOTRA_SNS_2025,전자/반도체
853649,AR,stj,,,,Importer,buenos aires,KOTRA_SNS_2025,전자/반도체
853649,NG,Filho de deus resourse limited,,,,Importer,osogbo,KOTRA_SNS_2025,전자/반도체
853649,AR,politech,,,,Importer,Bovril,KOTRA_SNS_2025,전자/반도체
853649,AR,Electromecanica UNO,,,,Importer,Las Heras,KOTRA_SNS_2025,전자/반도체
853649,US,Toyo Bros,,,,Importer,Los Angeles,KOTRA_SNS_2025,전자/반도체
854140,US,Riman,,,,Importer,Los Angeles,KOTRA_SNS_2025,전자/반도체
851769,CA,Probus,,,,Importer,Maple,KOTRA_SNS_2025,전자/반도체
854140,US,Koqia Inv,,,,Importer,Kansas city,KOTRA_SNS_2025,전자/반도체
853649,AE,Student,,,,Importer,Dubai deira,KOTRA_SNS_2025,전자/반도체
851769,NG,Kelvin,,,,Importer,Ibafo,KOTRA_SNS_2025,전자/반도체
851769,NG,NIKKYTON AFFAIRS Global Venture,,,,Importer,Ifo,KOTRA_SNS_2025,전자/반도체
853649,MZ,SIM Sistemas Integrados de Mocambique,,,,Importer,Maputo,KOTRA_SNS_2025,전자/반도체
853649,NG,Truth Teaching Inc,,,,Importer,Lagos,KOTRA_SNS_2025,전자/반도체
853649,NG,LUPO Corporation,,,,Importer,Ikeja,KOTRA_SNS_2025,전자/반도체
853649,NG,OLOYEDE MUTIU.A.GLOBAL INVESTMENT NIGERIA LIMITED,,,,Importer,Osogbo,KOTRA_SNS_2025,전자/반도체
853649,US,mary sweet,,,,Importer,Abakaliki,KOTRA_SNS_2025,전자/반도체
854140,GH,G-nam Ent,,,,Importer,Tamale,KOTRA_SNS_2025,전자/반도체
851769,GH,Musician,,,,Importer,Kumasi,KOTRA_SNS_2025,전자/반도체
853649,ET,T A Motors PLC /Tamiru Andualem General Trading PLC,,,,Importer,Addis Ababa,KOTRA_SNS_2025,전자/반도체
853649,KE,Litudian,,,,Importer,Nairobi,KOTRA_SNS_2025,전자/반도체
853649,KE,Wace holdings limited,,,,Importer,Nairobi,KOTRA_SNS_2025,전자/반도체
851769,GB,"Amerint Africa, Bluewater Ship Building and Engineering",,,,Importer,London and Dar es Salaam,KOTRA_SNS_2025,전자/반도체
853649,NG,NDUBE ohia Global services Limited,,,,Importer,port Harcourt,KOTRA_SNS_2025,전자/반도체
853649,GH,MA Africa Limited,,,,Importer,Kumasi,KOTRA_SNS_2025,전자/반도체
853649,NG,customize deal global investment limited,,,,Importer,Aba,KOTRA_SNS_2025,전자/반도체
853649,NG,Waimo Enterprises Nigeria,,,,Importer,Abuja,KOTRA_SNS_2025,전자/반도체
853649,ET,"Addis Ababa, Ethiopia",,,,Importer,Addis Ababa,KOTRA_SNS_2025,전자/반도체
853649,NG,Mozart global concept,,,,Importer,Lagos,KOTRA_SNS_2025,전자/반도체
853649,NG,Sunrise Automobile Limited,,,,Importer,Lagos,KOTRA_SNS_2025,전자/반도체
853649,NG,Business and You,,,,Importer,Ilorin,KOTRA_SNS_2025,전자/반도체
853649,NG,Medaturist Limited,,,,Importer,FCT,KOTRA_SNS_2025,전자/반도체
853649,NG,Global Network Integrated Ltd,,,,Importer,Asokoro,KOTRA_SNS_2025,전자/반도체
853649,NG,c.e.o unique1 travel and tours bangkok thailand,,,,Importer,shomolu,KOTRA_SNS_2025,전자/반도체
853649,GH,David k Asare Enterprise,,,,Importer,Accra,KOTRA_SNS_2025,전자/반도체
851769,NG,FAD 360TV TV,,,,Importer,Lagos,KOTRA_SNS_2025,전자/반도체
853649,ET,Asmaco General Trading,,,,Importer,Addis Ababa,KOTRA_SNS_2025,전자/반도체
853649,DZ,SARL THERMO PARTS,,,,Importer,Algiers,KOTRA_SNS_2025,전자/반도체
853649,JO,Anas Mohammed & Partner Co.,,,,Importer,Amman,KOTRA_SNS_2025,전자/반도체
853649,TR,Hasan,,,,Importer,Eskiehir,KOTRA_SNS_2025,전자/반도체
853649,TN,Formatrice Experte et conferencire,,,,Importer,tunis,KOTRA_SNS_2025,전자/반도체
853649,AE,Nestl,,,,Importer,Dubai,KOTRA_SNS_2025,전자/반도체
853649,DZ,Bisma,,,,Importer,Annaba,KOTRA_SNS_2025,전자/반도체
853649,TR,Lokomotiv MMC,,,,Importer,Ankara,KOTRA_SNS_2025,전자/반도체
851769,LK,siegnt Lanka Consultants (pvt) Ltd,,,,Importer,sri lanka,KOTRA_SNS_2025,전자/반도체
851769,IN,Is bub,,,,Importer,Hdhhdh,KOTRA_SNS_2025,전자/반도체
853649,PK,FARMAH A NAME OF TRUST,,,,Importer,KARACHI,KOTRA_SNS_2025,전자/반도체
853649,LK,Thaiinternationl,,,,Importer,Colombo,KOTRA_SNS_2025,전자/반도체
853649,PK,Chaudhary motors,,,,Importer,Haroonabad,KOTRA_SNS_2025,전자/반도체
851769,PK,Spectrum yarn & textile,,,,Importer,FAISALABAD,KOTRA_SNS_2025,전자/반도체
853649,PK,Al Ghurair Giga,,,,Importer,Karachi,KOTRA_SNS_2025,전자/반도체
853649,US,zee computer,,,,Importer,Gujranwala,KOTRA_SNS_2025,전자/반도체
853649,PK,Junaid,,,,Importer,Lahore,KOTRA_SNS_2025,전자/반도체
851769,PK,bashirsons,,,,Importer,Karachi,KOTRA_SNS_2025,전자/반도체
853649,BD,Advanced Automobiles & Advanced Electromechanicals,,,,Importer,Dhaka,KOTRA_SNS_2025,전자/반도체
851769,MY,Self,,,,Importer,Delhi,KOTRA_SNS_2025,전자/반도체
853649,PK,Shan home appliances,,,,Importer,Peshawar,KOTRA_SNS_2025,전자/반도체
853649,BD,Businessman,,,,Importer,Dhaka,KOTRA_SNS_2025,전자/반도체
853649,PK,AL-KHAIR TRADERS,,,,Importer,Lahore,KOTRA_SNS_2025,전자/반도체
853649,AW,Abc,,,,Importer,Ludhiana,KOTRA_SNS_2025,전자/반도체
853649,PK,Wattan autos,,,,Importer,Lahore,KOTRA_SNS_2025,전자/반도체
854140,PK,asconcom,,,,Importer,Chakwal,KOTRA_SNS_2025,전자/반도체
853649,PK,quality engineering and contractor's,,,,Importer,Islamabad,KOTRA_SNS_2025,전자/반도체
853649,PK,H&S trader's,,,,Importer,Rawalpindi,KOTRA_SNS_2025,전자/반도체
853649,IN,Business,,,,Importer,Baroda,KOTRA_SNS_2025,전자/반도체
853649,LK,i mobile,,,,Importer,Mahiyangana,KOTRA_SNS_2025,전자/반도체
853649,PK,Gulshad hardware and cutting tools,,,,Importer,Peshawar,KOTRA_SNS_2025,전자/반도체
853649,PK,Ali Enterprises,,,,Importer,Faisalabad,KOTRA_SNS_2025,전자/반도체
853649,PK,proskit Trading Company,,,,Importer,Lahore,KOTRA_SNS_2025,전자/반도체
853649,PK,MB Engineering,,,,Importer,Lahore,KOTRA_SNS_2025,전자/반도체
851769,PK,Asian Business Forum,,,,Importer,Islamabad,KOTRA_SNS_2025,전자/반도체
853649,PK,BRAVO URBAN Trades Pvt Ltd,,,,Importer,Sargodha,KOTRA_SNS_2025,전자/반도체
851769,BD,GMW DMDM NSSHIPON,,,,Importer,BD,KOTRA_SNS_2025,전자/반도체
851769,PK,Facebook,,,,Importer,Karachi,KOTRA_SNS_2025,전자/반도체
853649,PK,Entire printing Gallery,,,,Importer,Peshawar,KOTRA_SNS_2025,전자/반도체
853649,PK,Zahid  rahman,,,,Importer,Karachi,KOTRA_SNS_2025,전자/반도체
853649,PK,HGavsussvsviwnshsbsvs,,,,Importer,Shakargarr,KOTRA_SNS_2025,전자/반도체
853649,IN,Buisness,,,,Importer,Khanna,KOTRA_SNS_2025,전자/반도체
853649,PK,Self employed Enterprenur at import business,,,,Importer,Gujranwala,KOTRA_SNS_2025,전자/반도체
851769,US,Softhult,,,,Importer,Lahore,KOTRA_SNS_2025,전자/반도체
851769,PK,any,,,,Importer,peshawar,KOTRA_SNS_2025,전자/반도체
853649,KR,Bisness are Bisness,,,,Importer,lahore,KOTRA_SNS_2025,전자/반도체
853649,GB,bonny pack scotland,,,,Importer,Lahore,KOTRA_SNS_2025,전자/반도체
851769,PK,Pyramid Pakistan,,,,Importer,Karachi,KOTRA_SNS_2025,전자/반도체
853649,CN,al-Khalil Noor Ahmed Int'l Trading Company,,,,Importer,Yiwu,KOTRA_SNS_2025,전자/반도체
851769,CN,Extensive Education Consultant,,,,Importer,Beijing,KOTRA_SNS_2025,전자/반도체
853649,BD,Dubai Motors,,,,Importer,Dhaka,KOTRA_SNS_2025,전자/반도체
853649,IN,Manumonarch Solomon Ltd,,,,Importer,"Kottayam ,Kerala",KOTRA_SNS_2025,전자/반도체
853649,PK,Jamaltraders,,,,Importer,Peshawar,KOTRA_SNS_2025,전자/반도체
853649,US,Al fayrouz Bright united LLC,,,,Importer,muscat,KOTRA_SNS_2025,전자/반도체
854140,US,alkaram Karachi,,,,Importer,Karachi,KOTRA_SNS_2025,전자/반도체
853649,IN,Singh laptops,,,,Importer,Chandigarh,KOTRA_SNS_2025,전자/반도체
853649,PK,Sky Trending,,,,Importer,Lahore,KOTRA_SNS_2025,전자/반도체
853649,PK,Multitek Group of Companies,,,,Importer,Islamabad,KOTRA_SNS_2025,전자/반도체
854140,NG,African Mineral Perspective,,,,Importer,Abuja,KOTRA_SNS_2025,전자/반도체
853649,TZ,Real Estate and modern commercial apartment agency,,,,Importer,Dar es Salam,KOTRA_SNS_2025,전자/반도체
853649,NG,Optimo Biz Link,,,,Importer,Ibadan,KOTRA_SNS_2025,전자/반도체
853649,GH,Primus Group of companies,,,,Importer,Accra,KOTRA_SNS_2025,전자/반도체
853649,NG,Shine integrated services,,,,Importer,Port Harcourt,KOTRA_SNS_2025,전자/반도체
853649,GH,Emmamonfred,,,,Importer,Kumasi,KOTRA_SNS_2025,전자/반도체
853649,GH,RIDDI VENTURES,,,,Importer,Tamale,KOTRA_SNS_2025,전자/반도체
853649,NG,Qsources Company,,,,Importer,Lagos,KOTRA_SNS_2025,전자/반도체
853649,GH,El Roi motors ltd,,,,Importer,Accra,KOTRA_SNS_2025,전자/반도체
853649,NG,"Mezen Associates ltd, Hornets intl. ltd",,,,Importer,Abuja,KOTRA_SNS_2025,전자/반도체
853649,NG,Onimama and sons,,,,Importer,Ibadan,KOTRA_SNS_2025,전자/반도체
853649,ZA,SBK Auto spares,,,,Importer,Pretoria,KOTRA_SNS_2025,전자/반도체
853649,NG,fullmoon hotels,,,,Importer,Owerri,KOTRA_SNS_2025,전자/반도체
853649,NG,BMF solar and Electtical Energy Concept,,,,Importer,Lagos,KOTRA_SNS_2025,전자/반도체
853649,GH,justiceOne int',,,,Importer,Accra,KOTRA_SNS_2025,전자/반도체
853649,ET,i donot have company plan a new proposal,,,,Importer,Addis Ababa,KOTRA_SNS_2025,전자/반도체
851769,NG,Ennovationz,,,,Importer,Lagos,KOTRA_SNS_2025,전자/반도체
853649,NG,Olix Wire Technology Ltd,,,,Importer,Port Harcourt,KOTRA_SNS_2025,전자/반도체
853649,NG,NIGERIAN RURAL ELECTRIFICATION AGENCY,,,,Importer,Galadimawa,KOTRA_SNS_2025,전자/반도체
853649,NG,NAFDAC,,,,Importer,Lagos,KOTRA_SNS_2025,전자/반도체
853649,NG,moskaz energy limited,,,,Importer,Lagos,KOTRA_SNS_2025,전자/반도체
853649,ZA,Somala Nig Ltd,,,,Importer,fct,KOTRA_SNS_2025,전자/반도체
853649,NG,potter's media,,,,Importer,Lagos State,KOTRA_SNS_2025,전자/반도체
853649,US,Technology and construction,,,,Importer,dubai,KOTRA_SNS_2025,전자/반도체
853649,US,Firsthand Investment Limited,,,,Importer,Uyo,KOTRA_SNS_2025,전자/반도체
851769,NG,Chief Executive Officer & Founder,,,,Importer,Lagos,KOTRA_SNS_2025,전자/반도체
853649,NG,Travengo,,,,Importer,Lagos,KOTRA_SNS_2025,전자/반도체
853649,ZA,olympus enterprises,,,,Importer,Johannesburg,KOTRA_SNS_2025,전자/반도체
853649,ET,amet importer,,,,Importer,Mekelle,KOTRA_SNS_2025,전자/반도체
853649,NG,Orion and Leon Enterprises,,,,Importer,Lagos,KOTRA_SNS_2025,전자/반도체
853649,NG,Successguide Enterprises,,,,Importer,Lagos,KOTRA_SNS_2025,전자/반도체
853649,NG,Tenda.,,,,Importer,Lagos,KOTRA_SNS_2025,전자/반도체
853649,CI,NFT,,,,Importer,Abidjan,KOTRA_SNS_2025,전자/반도체
853649,NG,Lagos State government,,,,Importer,Lagos State,KOTRA_SNS_2025,전자/반도체
853649,NG,Self employment,,,,Importer,Ibadan,KOTRA_SNS_2025,전자/반도체
851769,ET,Alenase construction surveying Engineering,,,,Importer,Addis Ababa,KOTRA_SNS_2025,전자/반도체
853649,NG,Sole proprietor,,,,Importer,Abuja,KOTRA_SNS_2025,전자/반도체
853649,GH,Sow Property Consult Limited,,,,Importer,Accra,KOTRA_SNS_2025,전자/반도체
853649,NG,Mavicon Global Services LTD,,,,Importer,Port Harcourt,KOTRA_SNS_2025,전자/반도체
853649,NG,P & P COMM NIG LTD,,,,Importer,lagos,KOTRA_SNS_2025,전자/반도체
853649,NG,Bonote global resources,,,,Importer,Benin city,KOTRA_SNS_2025,전자/반도체
853649,NG,African Association for Small and Medium Enterprises AASME Energy Development Agency LLC,,,,Importer,ABUJA,KOTRA_SNS_2025,전자/반도체
853649,NG,Biz excel consultant limited,,,,Importer,Lagos,KOTRA_SNS_2025,전자/반도체
853649,NG,marc brown intl Resources Limited,,,,Importer,Lagos,KOTRA_SNS_2025,전자/반도체
853649,US,Limonta llc,,,,Importer,United state,KOTRA_SNS_2025,전자/반도체
853649,DZ,Sas Enertie,,,,Importer,Lyon,KOTRA_SNS_2025,전자/반도체
851769,MA,OrchIDEE d'Afrique,,,,Importer,Knitra,KOTRA_SNS_2025,전자/반도체
853649,OM,Facebook,,,,Importer,Muscat,KOTRA_SNS_2025,전자/반도체
853649,DZ,kabri motor,,,,Importer,Sharjah,KOTRA_SNS_2025,전자/반도체
853649,DZ,sarleuromoteur,,,,Importer,Stif,KOTRA_SNS_2025,전자/반도체
853649,DZ,My Own Business Institute,,,,Importer,Algeria,KOTRA_SNS_2025,전자/반도체
853649,AE,Jsp electronics trading llc,,,,Importer,Dubai,KOTRA_SNS_2025,전자/반도체
851769,KW,Kuwaiti products Contracting Corp,,,,Importer,Kuwait,KOTRA_SNS_2025,전자/반도체
853649,DZ,Comptoir Du Consommable De L'est,,,,Importer,ALGIERS,KOTRA_SNS_2025,전자/반도체
853649,CA,Raja Club Athletic,,,,Importer,Maroco,KOTRA_SNS_2025,전자/반도체
853649,TN,KRID Import  KTC,,,,Importer,SFAX,KOTRA_SNS_2025,전자/반도체
851769,UZ,Самарканд,,,,Importer,Samarinda,KOTRA_SNS_2025,전자/반도체
851769,UZ,Uy,,,,Importer,Namangan,KOTRA_SNS_2025,전자/반도체
853649,UZ,Milliy kredit,,,,Importer,Samarkand,KOTRA_SNS_2025,전자/반도체
853649,UZ,Ansor,,,,Importer,Tashkent,KOTRA_SNS_2025,전자/반도체
853649,KZ,Artorius-Corp,,,,Importer,Almaty,KOTRA_SNS_2025,전자/반도체
854140,MN,Orgil power,,,,Importer,Ulaanbaatar,KOTRA_SNS_2025,전자/반도체
851769,MM,UDOM,,,,Importer,Yangon,KOTRA_SNS_2025,전자/반도체
854140,PH,AMC Chemical Zone,,,,Importer,Marikina City,KOTRA_SNS_2025,전자/반도체
853649,ID,Pt.esa daya perkasa,,,,Importer,Medan,KOTRA_SNS_2025,전자/반도체
853649,PH,volksline commercial inc,,,,Importer,Quezon City,KOTRA_SNS_2025,전자/반도체
851769,ID,One Station,,,,Importer,Kota Kediri,KOTRA_SNS_2025,전자/반도체
851769,MY,SAAG Travel & Tours Sdn Bhd,,,,Importer,Petaling Jaya,KOTRA_SNS_2025,전자/반도체
854140,PH,FAEV Ventures,,,,Importer,Taguig,KOTRA_SNS_2025,전자/반도체
854140,PH,MetPower Venture Partners,,,,Importer,Manila,KOTRA_SNS_2025,전자/반도체
853649,ID,Nil,,,,Importer,Jakarta,KOTRA_SNS_2025,전자/반도체
853649,AR,Docente,,,,Importer,santa fe,KOTRA_SNS_2025,전자/반도체
853649,EC,Korea,,,,Importer,Gyql,KOTRA_SNS_2025,전자/반도체
853649,BR,All Commodities China Limited,,,,Importer,Sao Paulo,KOTRA_SNS_2025,전자/반도체
853649,BR,asia,,,,Importer,Sao Paulo,KOTRA_SNS_2025,전자/반도체
853649,AR,sentosa,,,,Importer,buenos aires,KOTRA_SNS_2025,전자/반도체
853649,PA,Cool motor pty,,,,Importer,Panama,KOTRA_SNS_2025,전자/반도체
853649,CO,Energa Vectorial,,,,Importer,Medelln,KOTRA_SNS_2025,전자/반도체
854140,BR,Portwell Tecnologia,,,,Importer,Curitiba,KOTRA_SNS_2025,전자/반도체
853649,AR,mykini,,,,Importer,cordoba,KOTRA_SNS_2025,전자/반도체
853649,GT,"GP productos digitales, S.A.",,,,Importer,Guatemala City,KOTRA_SNS_2025,전자/반도체
854140,GT,Proindesa,,,,Importer,Guatemala City,KOTRA_SNS_2025,전자/반도체
853649,PY,Compass,,,,Importer,Asuncin,KOTRA_SNS_2025,전자/반도체
854140,DO,De Camps Vasquez & Valera,,,,Importer,Santo Domingo,KOTRA_SNS_2025,전자/반도체
851769,PK,Owner,,,,Importer,Lahore,KOTRA_SNS_2025,전자/반도체
854140,IN,WS Insulators,,,,Importer,Atchutapuram APSEZ,KOTRA_SNS_2025,전자/반도체
851769,PK,bright way welfare organization,,,,Importer,Karachi,KOTRA_SNS_2025,전자/반도체
854140,PK,emtek,,,,Importer,Lahore,KOTRA_SNS_2025,전자/반도체
853649,IN,Prasham Greens,,,,Importer,Ahmedabad,KOTRA_SNS_2025,전자/반도체
853649,PK,SUPER TYRE BROKER,,,,Importer,sialkot,KOTRA_SNS_2025,전자/반도체
853649,PK,Askari bank,,,,Importer,Islamabad,KOTRA_SNS_2025,전자/반도체
851769,PK,Designs California,,,,Importer,Karachi,KOTRA_SNS_2025,전자/반도체
853649,IN,vhilv technology pvt ltd,,,,Importer,thanjavur,KOTRA_SNS_2025,전자/반도체
853649,BD,Private,,,,Importer,Chittagong,KOTRA_SNS_2025,전자/반도체
853649,LK,Z Max Enterprises Ltd,,,,Importer,Biyagama,KOTRA_SNS_2025,전자/반도체
853649,PK,rehmat marketing,,,,Importer,Chaman,KOTRA_SNS_2025,전자/반도체
853649,PK,alkarimgeneral order supplier,,,,Importer,Karachi,KOTRA_SNS_2025,전자/반도체
853649,PK,Green Cables Pakistan,,,,Importer,Lahore,KOTRA_SNS_2025,전자/반도체
853649,IN,Sakthi Diesel Service Private Limited,,,,Importer,Chennai,KOTRA_SNS_2025,전자/반도체
853649,IN,Global Traders,,,,Importer,Coimbatore,KOTRA_SNS_2025,전자/반도체
853649,BD,Santacruz,,,,Importer,Dhaka,KOTRA_SNS_2025,전자/반도체
853649,JP,Act,,,,Importer,Shizuoka,KOTRA_SNS_2025,전자/반도체
853649,IQ,Aljazeera Cars,,,,Importer,Erbil,KOTRA_SNS_2025,전자/반도체
853649,JP,"Championfils Co., LTd",,,,Importer,Kawasaki,KOTRA_SNS_2025,전자/반도체
854140,JP,AROUSH Khan & brother,,,,Importer,chiryu shi,KOTRA_SNS_2025,전자/반도체
853649,IN,multimost India private limited,,,,Importer,ludhiana,KOTRA_SNS_2025,전자/반도체
854140,CN,"NANJING SFJ SOFTWARE TECHNOLOGY CO., LTD.",,,,Importer,NANJING,KOTRA_SNS_2025,전자/반도체
854140,CN,"Welconn International Trading(Shanghai)Co.,LTD.",,,,Importer,NANJING,KOTRA_SNS_2025,전자/반도체
853649,CN,"D.R. (Zhejiang) Powertrain Technology Co., Ltd.",,,,Importer,NANJING,KOTRA_SNS_2025,전자/반도체
851769,CN,"Jiangsu Taishengyuan Business Management Co., Ltd.",,,,Importer,NANJING,KOTRA_SNS_2025,전자/반도체
853649,CN,"Suzhou HZL Photoelectricity Co.,Ltd.",,,,Importer,NANJING,KOTRA_SNS_2025,전자/반도체
853649,CN,"Shanghai minibaygolf Sports Culture Development Co., Ltd.",,,,Importer,NANJING,KOTRA_SNS_2025,전자/반도체
853649,TZ,Gosheni,,,,Importer,Arusha,KOTRA_SNS_2025,전자/반도체
851769,PH,Self Employed,,,,Importer,Quezon City,KOTRA_SNS_2025,전자/반도체
853649,ID,asia concept,,,,Importer,Bandung,KOTRA_SNS_2025,전자/반도체
854140,FR,Aroport de Bordeaux-Mrignac,,,,Importer,Listrac,KOTRA_SNS_2025,전자/반도체
853649,CZ,chada solar light,,,,Importer,Prague,KOTRA_SNS_2025,전자/반도체
853649,IT,xoxkgxgkxkgogx.,,,,Importer,Napoli,KOTRA_SNS_2025,전자/반도체
853649,CN,"Tianjin Tianshengtong（Binhai Yusheng） Machinery and Electric Equipment Co., Ltd.",,,,Importer,tianjin,KOTRA_SNS_2025,전자/반도체
853649,AE,Gsrb infraconpvtltd ltd,,,,Importer,Lucknow,KOTRA_SNS_2025,전자/반도체
853649,IN,Unbox Gadgets,,,,Importer,Hyderabad,KOTRA_SNS_2025,전자/반도체
853649,IN,Arhat Enterprises,,,,Importer,Pune,KOTRA_SNS_2025,전자/반도체
853649,IN,Alex  electronics,,,,Importer,Ahmedabad,KOTRA_SNS_2025,전자/반도체
853649,PK,for home use,,,,Importer,Lahore,KOTRA_SNS_2025,전자/반도체
854140,PK,multiple equipments,,,,Importer,Karachi,KOTRA_SNS_2025,전자/반도체
853649,IN,PERFECT NUMBER PLATES,,,,Importer,Kozhikode,KOTRA_SNS_2025,전자/반도체
853649,PK,Auto Spare Parts and Accessories supplier,,,,Importer,Talagang,KOTRA_SNS_2025,전자/반도체
853649,FR,Delta construction,,,,Importer,Valmont,KOTRA_SNS_2025,전자/반도체
853649,AZ,New World,,,,Importer,Sydney,KOTRA_SNS_2025,전자/반도체
854140,IN,Aircorn India,,,,Importer,Kolkata,KOTRA_SNS_2025,전자/반도체
853649,IN,Dubblin,,,,Importer,Delhi,KOTRA_SNS_2025,전자/반도체
851769,IN,StartanIdea,,,,Importer,Delhi,KOTRA_SNS_2025,전자/반도체
853649,BE,MTC,,,,Importer,Antwerpen,KOTRA_SNS_2025,전자/반도체
853649,BD,Electra,,,,Importer,Dhaka,KOTRA_SNS_2025,전자/반도체
853649,IN,World Goods Marketplace P ltd,,,,Importer,Mumbai,KOTRA_SNS_2025,전자/반도체
853649,PK,hussain ibrar,,,,Importer,Pakistan,KOTRA_SNS_2025,전자/반도체
853649,IN,Maruti Auto Spares Parts Pvt Ltd,,,,Importer,Mumbai,KOTRA_SNS_2025,전자/반도체
851769,BD,The Business Standard,,,,Importer,Dhaka,KOTRA_SNS_2025,전자/반도체
853649,IN,Septem digisolutions pvt. ltd.,,,,Importer,Lucknow,KOTRA_SNS_2025,전자/반도체
853649,IN,ShriMaruti Precision engineering pvt ltd,,,,Importer,Ahmedabad,KOTRA_SNS_2025,전자/반도체
854140,Argentina,seaboard-argentina,,,,Importer,salta,KOTRA_SNS_2025,전자/반도체
853649,Philippines,Lighthouse Community Church,,,,Importer,Koronadal,KOTRA_SNS_2025,전자/반도체
851769,Morocco,authentique nomade,,,,Importer,Beni Mellal,KOTRA_SNS_2025,전자/반도체
853649,IN,HAVELLS INDIA LIMITED,,,,Importer,Delhi,KOTRA_SNS_2025,전자/반도체
854140,IN,Emmppe Associates,,,,Importer,Delhi,KOTRA_SNS_2025,전자/반도체
854140,IN,NxTek Yantra Pvt Ltd,,,,Importer,Delhi,KOTRA_SNS_2025,전자/반도체
853649,IN,ELEKTRONIKA SALES PVT.LTD,,,,Importer,Delhi,KOTRA_SNS_2025,전자/반도체
853649,Bangladesh,Gildan Activewear Bangladesh,,,,Importer,Dhaka,KOTRA_SNS_2025,전자/반도체
853649,Pakistan,Waleed Chemical Private Limited,,,,Importer,Lahore,KOTRA_SNS_2025,전자/반도체
853649,Mozambique,Gear Rail,,,,Importer,Libreville,KOTRA_SNS_2025,전자/반도체
853649,Morocco,Alkaficars franchisee from wheego,,,,Importer,Medina,KOTRA_SNS_2025,전자/반도체
854140,Nigeria,ALPHONIA Limited,,,,Importer,Abuja,KOTRA_SNS_2025,전자/반도체
853649,Uzbekistan,Sarmo Labs,,,,Importer,Incheon,KOTRA_SNS_2025,전자/반도체
853649,Kenya,Metro Concepts,,,,Importer,Nairobi County,KOTRA_SNS_2025,전자/반도체
854140,Morocco,sgtm,,,,Importer,Casablanca,KOTRA_SNS_2025,전자/반도체
851769,UZ,"Tashkend, Toshkent, Uzbekistan",,,,Importer,Pakhtaabad,KOTRA_SNS_2025,전자/반도체
851769,AZ,Garanty,,,,Importer,Baku,KOTRA_SNS_2025,전자/반도체
854140,KZ,eSales,,,,Importer,Almaty,KOTRA_SNS_2025,전자/반도체
853649,US,gsgesdgsedg,,,,Importer,gsedgsdegdg,KOTRA_SNS_2025,전자/반도체
854140,ID,Ilham Jaya Internasional,,,,Importer,Surabaya,KOTRA_SNS_2025,전자/반도체
853649,AE,My Own Business Institute,,,,Importer,Dubiecko,KOTRA_SNS_2025,전자/반도체
853649,US,sdegsdegsdegsdegsde,,,,Importer,sedgsedgsedg,KOTRA_SNS_2025,전자/반도체
851769,US,Treebird,,,,Importer,Sacramento,KOTRA_SNS_2025,전자/반도체
851769,CA,VK Communications,,,,Importer,Etobicoke,KOTRA_SNS_2025,전자/반도체
853649,US,Green star investment LLC,,,,Importer,Irvine California,KOTRA_SNS_2025,전자/반도체
853649,US,matam home decor,,,,Importer,Boston,KOTRA_SNS_2025,전자/반도체
853649,US,Top sellers 786 llc,,,,Importer,Miami,KOTRA_SNS_2025,전자/반도체
853649,PK,Talha traded,,,,Importer,Lahore,KOTRA_SNS_2025,전자/반도체
853649,PK,Falcon travels,,,,Importer,Lahore,KOTRA_SNS_2025,전자/반도체
853649,PK,Sarfraz autos,,,,Importer,Lahore,KOTRA_SNS_2025,전자/반도체
853649,PK,teacher,,,,Importer,Gujranwala,KOTRA_SNS_2025,전자/반도체
853649,AE,Meraas,,,,Importer,RAWALPINDI,KOTRA_SNS_2025,전자/반도체
851769,LK,Alphatel (Pvt) Ltd,,,,Importer,Matuguma,KOTRA_SNS_2025,전자/반도체
853649,IN,Aurangabad Food Industries,,,,Importer,Aurangabad,KOTRA_SNS_2025,전자/반도체
853649,PK,Saudi Arabia,,,,Importer,Peshawar,KOTRA_SNS_2025,전자/반도체
853649,BD,World of bina,,,,Importer,Dinajpur,KOTRA_SNS_2025,전자/반도체
853649,PK,Heaven Motors,,,,Importer,Lahore,KOTRA_SNS_2025,전자/반도체
853649,PK,World Wide Electronics,,,,Importer,Karachi,KOTRA_SNS_2025,전자/반도체
854140,PK,Sameer and Sons Enterprises,,,,Importer,Karachi,KOTRA_SNS_2025,전자/반도체
853649,PK,Islam electric company,,,,Importer,Mansehra,KOTRA_SNS_2025,전자/반도체
853649,PK,Dymax private limited,,,,Importer,Sheikhupura,KOTRA_SNS_2025,전자/반도체
853649,PK,"Aisha Trading, LLC",,,,Importer,Karachi,KOTRA_SNS_2025,전자/반도체
853649,NG,ik Chris international,,,,Importer,Lagos,KOTRA_SNS_2025,전자/반도체
854140,NG,Self Employed,,,,Importer,Potiskum,KOTRA_SNS_2025,전자/반도체
853649,ET,Electronic,,,,Importer,Addis Ababa,KOTRA_SNS_2025,전자/반도체
853649,ET,Olkai Coffee Export,,,,Importer,Addis Ababa,KOTRA_SNS_2025,전자/반도체
853649,ET,"Addis Ababa, Ethiopia",,,,Importer,Addis Ababa,KOTRA_SNS_2025,전자/반도체
853649,CI,global,,,,Importer,Abidjan,KOTRA_SNS_2025,전자/반도체
853649,CI,GODWIN DEYIM JAMES,,,,Importer,Abidjan,KOTRA_SNS_2025,전자/반도체
853649,NG,Whitehill International Trade & Investment Ltd,,,,Importer,Lagos,KOTRA_SNS_2025,전자/반도체
853649,NG,Damix,,,,Importer,Lagos Island,KOTRA_SNS_2025,전자/반도체
853649,GH,Dream Hub Company limited,,,,Importer,Tema,KOTRA_SNS_2025,전자/반도체
853649,GH,mubash imperial limited.,,,,Importer,Accra,KOTRA_SNS_2025,전자/반도체
853649,TZ,,,,,Importer,Seoul,KOTRA_SNS_2025,전자/반도체
853649,NG,Urban Technology and Home Automation Ltd,,,,Importer,"Lagos, Abuja",KOTRA_SNS_2025,전자/반도체
853649,GH,Ever green motors,,,,Importer,Accra,KOTRA_SNS_2025,전자/반도체
854140,NG,SELF EMPLOYED CONTRACTOR,,,,Importer,Ondo state,KOTRA_SNS_2025,전자/반도체
853649,NG,Awo Auto Services,,,,Importer,Lagos,KOTRA_SNS_2025,전자/반도체
853649,NG,Musaddik Electronic,,,,Importer,Itass,KOTRA_SNS_2025,전자/반도체
853649,NG,FCT Abuja,,,,Importer,Nigeria,KOTRA_SNS_2025,전자/반도체
853649,FR,Dany transport,,,,Importer,France,KOTRA_SNS_2025,전자/반도체
851769,GB,Ebecos,,,,Importer,West Bromwich,KOTRA_SNS_2025,전자/반도체
853649,BG,Offersify,,,,Importer,Sofia,KOTRA_SNS_2025,전자/반도체
853649,JP,I R B motors,,,,Importer,tochiki,KOTRA_SNS_2025,전자/반도체
853649,SN,Kkmtech-motors,,,,Importer,Dakar,KOTRA_SNS_2025,전자/반도체
853649,HK,Glotradex System Company,,,,Importer,Hong Kong,KOTRA_SNS_2025,전자/반도체
853649,AR,fox,,,,Importer,santa fe,KOTRA_SNS_2025,전자/반도체
853649,AR,Fiba,,,,Importer,santa fe,KOTRA_SNS_2025,전자/반도체
853649,CO,REDKIA SAS,,,,Importer,Bogot,KOTRA_SNS_2025,전자/반도체
853649,EC,Fullembrague,,,,Importer,Guayaquil,KOTRA_SNS_2025,전자/반도체
853649,AR,poler,,,,Importer,santa fe,KOTRA_SNS_2025,전자/반도체
853649,GT,Comercializadora Jireh,,,,Importer,Guatemala City,KOTRA_SNS_2025,전자/반도체
853649,DO,Acosta Adames copiers SRL,,,,Importer,Santo Domingo,KOTRA_SNS_2025,전자/반도체
853649,PE,ABC Turbo Systems,,,,Importer,Lima,KOTRA_SNS_2025,전자/반도체
853649,PE,Top concret,,,,Importer,Lima,KOTRA_SNS_2025,전자/반도체
853649,US,oma.com,,,,Importer,pilar,KOTRA_SNS_2025,전자/반도체
853649,AR,folder,,,,Importer,caba,KOTRA_SNS_2025,전자/반도체
853649,AR,fox,,,,Importer,santa fe,KOTRA_SNS_2025,전자/반도체
853649,AR,melica's,,,,Importer,Crdoba,KOTRA_SNS_2025,전자/반도체
853649,AR,sasha lux,,,,Importer,caba,KOTRA_SNS_2025,전자/반도체
853649,AR,folmer sa,,,,Importer,Miami,KOTRA_SNS_2025,전자/반도체
853649,AR,tody,,,,Importer,bsas,KOTRA_SNS_2025,전자/반도체
853649,AR,Los Cocos,,,,Importer,Santa Fe,KOTRA_SNS_2025,전자/반도체
853649,SA,Fujistar Electronics,,,,Importer,Jeddah,KOTRA_SNS_2025,전자/반도체
853649,AE,Kaizen Ltd,,,,Importer,Dubai,KOTRA_SNS_2025,전자/반도체
853649,OM,Al Mubarak Al jadid LLC,,,,Importer,Muscat,KOTRA_SNS_2025,전자/반도체
853649,DZ,Tracks/Quantum Laboratoires,,,,Importer,Algiers,KOTRA_SNS_2025,전자/반도체
853649,US,samir,,,,Importer,algerie,KOTRA_SNS_2025,전자/반도체
853649,MN,Minimally,,,,Importer,Ulaanbaatar,KOTRA_SNS_2025,전자/반도체
853649,VN,Asian Distributing group jsc,,,,Importer,Hanoi,KOTRA_SNS_2025,전자/반도체
853649,SG,STANNS SERVICE PTE LTD,,,,Importer,Singapore,KOTRA_SNS_2025,전자/반도체
853649,PH,Rafols Food Services,,,,Importer,Manila,KOTRA_SNS_2025,전자/반도체
851769,US,Tristan smith mental benefit an health essentials,,,,Importer,Na,KOTRA_SNS_2025,전자/반도체
851769,CA,True and Infinite education ltd.,,,,Importer,Vancouver,KOTRA_SNS_2025,전자/반도체
853649,CA,Invest WindsorEssex,,,,Importer,Windsor,KOTRA_SNS_2025,전자/반도체
853649,IN,Haran Autos Pvt Ltd,,,,Importer,Mumbai,KOTRA_SNS_2025,전자/반도체
853649,PK,the Academy Inn,,,,Importer,Islamabad,KOTRA_SNS_2025,전자/반도체
853649,IN,New Digital Solutions,,,,Importer,Delhi,KOTRA_SNS_2025,전자/반도체
851769,US,M,,,,Importer,Jalandhar,KOTRA_SNS_2025,전자/반도체
853649,IN,Chetumax Sales,,,,Importer,Ahmedabad,KOTRA_SNS_2025,전자/반도체
853649,IN,Protonshub technologies,,,,Importer,Indore,KOTRA_SNS_2025,전자/반도체
853649,IN,Asquare Retail LLP,,,,Importer,Pune,KOTRA_SNS_2025,전자/반도체
853649,PK,Sacaplus,,,,Importer,Karachi,KOTRA_SNS_2025,전자/반도체
853649,PK,Facebook,,,,Importer,Karachi,KOTRA_SNS_2025,전자/반도체
853649,IN,Silver star enterprises,,,,Importer,Hyderabad,KOTRA_SNS_2025,전자/반도체
853649,IN,Indport International,,,,Importer,Sambhal,KOTRA_SNS_2025,전자/반도체
853649,IN,Hackersera,,,,Importer,Pune,KOTRA_SNS_2025,전자/반도체
853649,IN,Ledlum Lighting Projects LLP,,,,Importer,Mumbai,KOTRA_SNS_2025,전자/반도체
853649,IN,Lisva Proacoustics Private Limited,,,,Importer,Hyd,KOTRA_SNS_2025,전자/반도체
853649,LK,EMS Property Sri Lanka,,,,Importer,malabe,KOTRA_SNS_2025,전자/반도체
853649,ET,Broadwing Technologies Plc,,,,Importer,Addis Ababa,KOTRA_SNS_2025,전자/반도체
853649,TZ,agromine Africa limited,,,,Importer,daresalam,KOTRA_SNS_2025,전자/반도체
853649,NG,Alloyce,,,,Importer,Ibadan,KOTRA_SNS_2025,전자/반도체
851769,TZ,Mkinga special economical zone,,,,Importer,Dar es Salaam,KOTRA_SNS_2025,전자/반도체
853649,ET,Electro mos,,,,Importer,Adiss abeba,KOTRA_SNS_2025,전자/반도체
853649,NG,Lekki concession company limited,,,,Importer,Lagos,KOTRA_SNS_2025,전자/반도체
853649,GH,Gordon inn,,,,Importer,Accra,KOTRA_SNS_2025,전자/반도체
851769,NG,swecherish Events limited,,,,Importer,abuja,KOTRA_SNS_2025,전자/반도체
853649,GH,Multi Spares Ventures,,,,Importer,Accra,KOTRA_SNS_2025,전자/반도체
853649,ET,Information Network Security Administration,,,,Importer,Addis Ababa,KOTRA_SNS_2025,전자/반도체
853649,TZ,LEK GROUP LIMITED,,,,Importer,Dar es Salaam,KOTRA_SNS_2025,전자/반도체
851769,KE,Batra,,,,Importer,Nairobi,KOTRA_SNS_2025,전자/반도체
853649,NG,DAFINA,,,,Importer,Effurun/Warri,KOTRA_SNS_2025,전자/반도체
851769,ET,Nams Educational Consultancy,,,,Importer,Addis Ababa,KOTRA_SNS_2025,전자/반도체
851769,AE,Coppola,,,,Importer,Dubai,KOTRA_SNS_2025,전자/반도체
853649,CO,Grupo La Roche SAS,,,,Importer,Mosquera,KOTRA_SNS_2025,전자/반도체
853649,PE,Colper Group SAC,,,,Importer,Lima,KOTRA_SNS_2025,전자/반도체
853649,US,ENDE Cafe,,,,Importer,Cdmx,KOTRA_SNS_2025,전자/반도체
851769,MX,,,,,Importer,Mxico,KOTRA_SNS_2025,전자/반도체
853649,US,ramu srl,,,,Importer,santo tome sta fe,KOTRA_SNS_2025,전자/반도체
853649,PK,majria trading company,,,,Importer,Gujrat,KOTRA_SNS_2025,전자/반도체
853649,MA,Soosan company,,,,Importer,Casablanca,KOTRA_SNS_2025,전자/반도체
853649,SA,Al Bo Saad Trading Company,,,,Importer,Hofuf,KOTRA_SNS_2025,전자/반도체
854140,US,d,,,,Importer,cl,KOTRA_SNS_2025,전자/반도체
854140,ID,INGIN PUNYA PACAR YANG JUJUR DAN SETIA YANG PALING PENTING BUKAN PENIPU,,,,Importer,Indonesian,KOTRA_SNS_2025,전자/반도체
854140,ID,mekanik otomotif,,,,Importer,Sanggau,KOTRA_SNS_2025,전자/반도체
854140,ID,WASH,,,,Importer,pontianak,KOTRA_SNS_2025,전자/반도체
854140,ID,Pando,,,,Importer,Jakarta,KOTRA_SNS_2025,전자/반도체
854140,ID,wirausaha,,,,Importer,Dumai,KOTRA_SNS_2025,전자/반도체
854140,ID,PT.CHINGLUH INDONESIA,,,,Importer,Cikupa,KOTRA_SNS_2025,전자/반도체
854140,VN,RMMTT CO LTD,,,,Importer,"HCMC, Vietnam",KOTRA_SNS_2025,전자/반도체
854140,ID,Konten kreator,,,,Importer,Caringin,KOTRA_SNS_2025,전자/반도체
854140,ID,5,,,,Importer,Meureudu,KOTRA_SNS_2025,전자/반도체
854140,ID,Depot Air Minum IRFAN,,,,Importer,SURABAYA SURABAYA SURABAYA SURABAYA,KOTRA_SNS_2025,전자/반도체
854140,US,Warteg Mekar Jaya Karawang,,,,Importer,Tegal,KOTRA_SNS_2025,전자/반도체
854140,ID,Real Madrid C.F.,,,,Importer,Pekanbaru,KOTRA_SNS_2025,전자/반도체
854140,US,semua sudah cukup,,,,Importer,cianjur selatan jawa Barat dsa Ciburial,KOTRA_SNS_2025,전자/반도체
854140,VN,Lahanka Company Limited,,,,Importer,Ho Chi Minh City,KOTRA_SNS_2025,전자/반도체
854140,ID,PT.Mencari cinta sejati,,,,Importer,Kejayan,KOTRA_SNS_2025,전자/반도체
854140,ID,PB Jaya Raya Jakarta,,,,Importer,Manado,KOTRA_SNS_2025,전자/반도체
854140,US,NGUYEN THI KIM LOAN,,,,Importer,TPHCM,KOTRA_SNS_2025,전자/반도체
854140,ID,Bekerja Di Madinah,,,,Importer,Tanjung,KOTRA_SNS_2025,전자/반도체
854140,US,i don't know,,,,Importer,US,KOTRA_SNS_2025,전자/반도체
854140,VN,hkk,,,,Importer,Thach Binh,KOTRA_SNS_2025,전자/반도체
854140,ID,Universitas Muhammadiyah Purwokerto,,,,Importer,Wonosobo,KOTRA_SNS_2025,전자/반도체
854140,US,Cinta itu buta warna cat rumah  yang dimaksud untuk mendapatkan penawaran ini kami ucapkan selamat,,,,Importer,manusia vs harimau,KOTRA_SNS_2025,전자/반도체
854140,VN,Cong ty CP kien truc v xay dung Hoang Anh TST,,,,Importer,Ha Noi Viet Nam,KOTRA_SNS_2025,전자/반도체
854140,ID,Trade powder,,,,Importer,"India, Australia",KOTRA_SNS_2025,전자/반도체
854140,US,Ya,,,,Importer,Jakarta,KOTRA_SNS_2025,전자/반도체
854140,ID,PT. Multi Prima Inovasi,,,,Importer,Bogor,KOTRA_SNS_2025,전자/반도체
854140,ID,tygyyy,,,,Importer,Tebing Tinggi,KOTRA_SNS_2025,전자/반도체
854140,ID,Smp Negeri 7 Mataram,,,,Importer,AMPENAN,KOTRA_SNS_2025,전자/반도체
854140,VN,Nogatech,,,,Importer,Hanoi,KOTRA_SNS_2025,전자/반도체
854140,VN,Cng ty_TNHH lena beauty,,,,Importer,Ho Chi Minh City,KOTRA_SNS_2025,전자/반도체
854140,ID,Elvaro Packaging Machinery dan Mesin Teknologi Tepat Guna Pangan dan Pertanian,,,,Importer,Sidoarjo,KOTRA_SNS_2025,전자/반도체
854140,CN,"Dechuang Future (Shanghai) Automotive Technology Co., Ltd",,,,Importer,NANJING,KOTRA_SNS_2025,전자/반도체
854140,CN,"Ametek Industrial Technology(Shanghai)Co.,Ltd.",,,,Importer,NANJING,KOTRA_SNS_2025,전자/반도체
854140,CN,"Shanghai Honghu Electromechanical Technology Co.,Ltd.",,,,Importer,NANJING,KOTRA_SNS_2025,전자/반도체
854140,CN,"HEF(Shanghai) Co.,Ltd",,,,Importer,NANJING,KOTRA_SNS_2025,전자/반도체
854140,CN,AGC Chemicals Trading(Shanghai) Inc.,,,,Importer,NANJING,KOTRA_SNS_2025,전자/반도체
854140,CN,"ELTEK Electromechanical Products(Yantai)Co.,Ltd",,,,Importer,NANJING,KOTRA_SNS_2025,전자/반도체
854140,CN,"Anhui Daxin Vacuum Technology Co., Ltd.",,,,Importer,NANJING,KOTRA_SNS_2025,전자/반도체
854140,CN,"Anhui Contango New Energy Technology Co., Ltd.",,,,Importer,NANJING,KOTRA_SNS_2025,전자/반도체
854140,CN,"WAL Low Carbon Technology (Anhui) Co., Ltd.",,,,Importer,NANJING,KOTRA_SNS_2025,전자/반도체
854140,CN,"Burkert Fluid Control System(Shanghai)Co.,Ltd.",,,,Importer,NANJING,KOTRA_SNS_2025,전자/반도체
854140,CN,"PowerCell Fuel Cell(Shanghai)Co.,Ltd.",,,,Importer,NANJING,KOTRA_SNS_2025,전자/반도체
854140,CN,"Beijing Aier Aviation Tech Co., Ltd.",,,,Importer,NANJING,KOTRA_SNS_2025,전자/반도체
854140,CN,"To High Hydrogen Testing(Baoding)Co.,Ltd.",,,,Importer,NANJING,KOTRA_SNS_2025,전자/반도체
854140,CN,Beijing Bolken Energy Technology Inc.,,,,Importer,NANJING,KOTRA_SNS_2025,전자/반도체
853649,CN,"GUANGZHOU LITTLE RED HOOD COKO INTERNATIONAL TRADE CO.,LTD",,,,Importer,GUANGZHOU,KOTRA_SNS_2025,전자/반도체
853649,CN,"SHENZHEN SHUNDAXUAN TRADE AND BUSINESS CO., LTD.",,,,Importer,GUANGZHOU,KOTRA_SNS_2025,전자/반도체
853649,CN,"ZHONGSHAN OKES LIGHTING APPLIANCE CO., LTD.",,,,Importer,GUANGZHOU,KOTRA_SNS_2025,전자/반도체
853649,CN,"JIEYANG QIATAILI ELECTRONICAL APPLIANCE CO., LTD.",,,,Importer,GUANGZHOU,KOTRA_SNS_2025,전자/반도체
853649,CN,"FOSHAN CITY SANSHUI JINMEI ELECTRIC LIGHTING ILLUMINAION CO., LTD.",,,,Importer,GUANGZHOU,KOTRA_SNS_2025,전자/반도체
853649,CN,"FOSHAN SHUNDE OUYASHI ILLUMINATION ELECTRIC APPARATUS CO., LTD.",,,,Importer,GUANGZHOU,KOTRA_SNS_2025,전자/반도체
853649,CN,"GUANGDONG JUNON SONGTIAN ELECTRICAL APPLIANCE CO., LTD.",,,,Importer,GUANGZHOU,KOTRA_SNS_2025,전자/반도체
853649,CN,"SUNLI ELECTRIC APPLIANCES INDUSTRIAL CO., LTD.",,,,Importer,GUANGZHOU,KOTRA_SNS_2025,전자/반도체
853649,CN,"JIN YING ECONOMY, TRADING IMP. & EXP. LTD.",,,,Importer,GUANGZHOU,KOTRA_SNS_2025,전자/반도체
853649,CN,"DONGGUAN MACHINERY IMPORT & EXPORT CO., LTD.",,,,Importer,GUANGZHOU,KOTRA_SNS_2025,전자/반도체
853649,CN,"YANGJIANG MICO ELECTRIC APPLIANCE CO., LTD.",,,,Importer,GUANGZHOU,KOTRA_SNS_2025,전자/반도체
853649,CN,"FOSHAN CITY TOP DEAL IMPORT AND EXPORT CO., LTD.",,,,Importer,GUANGZHOU,KOTRA_SNS_2025,전자/반도체
853649,CN,"AONENG ELECTRICAL APPLIANCES CO., LTD.",,,,Importer,GUANGZHOU,KOTRA_SNS_2025,전자/반도체
853649,CN,OCEAN PACIFIC (K&G)GLASS AND LIGHTING MANUFACTORY,,,,Importer,GUANGZHOU,KOTRA_SNS_2025,전자/반도체
853649,CN,"SHENZHEN JIFFA ELECTRICAL CO., LTD.",,,,Importer,GUANGZHOU,KOTRA_SNS_2025,전자/반도체
853649,CN,"SHENZHEN KINGLAND LIGHTING CO., LTD.",,,,Importer,GUANGZHOU,KOTRA_SNS_2025,전자/반도체
853649,CN,"HAINAN LUXLIGHT TRADING CO., LTD.",,,,Importer,GUANGZHOU,KOTRA_SNS_2025,전자/반도체
853649,CN,"HUIFENGLLIGHTING CO., LTD.",,,,Importer,GUANGZHOU,KOTRA_SNS_2025,전자/반도체
853649,CN,"ZHONGSHAN LIANHUA LIGHTING CO., LTD.",,,,Importer,GUANGZHOU,KOTRA_SNS_2025,전자/반도체
853649,CN,"GUANGZHOU LEDIA LIGHTING CO., LTD.",,,,Importer,GUANGZHOU,KOTRA_SNS_2025,전자/반도체
853649,CN,"GUANGZHOU LINONG LIGHTING TECHNOLOGY CO., LTD.",,,,Importer,GUANGZHOU,KOTRA_SNS_2025,전자/반도체
853649,CN,"GUANGDONG LIVI ELECTRICAL CO., LTD.",,,,Importer,GUANGZHOU,KOTRA_SNS_2025,전자/반도체
853649,CN,"GMY LIGHTING TECHNOLOGY CO., LTD.",,,,Importer,GUANGZHOU,KOTRA_SNS_2025,전자/반도체
853649,CN,"ZHONGSHAN WINSTAR ELECTRICAL CO., LTD.",,,,Importer,GUANGZHOU,KOTRA_SNS_2025,전자/반도체
853649,CN,"FOSHAN GAOMING KOMFORT IMPORT AND EXPORT CO., LTD.",,,,Importer,GUANGZHOU,KOTRA_SNS_2025,전자/반도체
853649,Kuwait,Al Bahar Group,,,,Importer,Al Asimah,KOTRA_SNS_2025,전자/반도체
853649,Pakistan,MIA Corporation (Pvt) Ltd,,,,Importer,Islamabad,KOTRA_SNS_2025,전자/반도체
853649,Vietnam,Tecomen,,,,Importer,Hanoi,KOTRA_SNS_2025,전자/반도체
853649,Kenya,Laboratory & Allied Ltd.,,,,Importer,Nairobi County,KOTRA_SNS_2025,전자/반도체
853649,PH,Mitsui OSK Lines,,,,Importer,digos city,KOTRA_SNS_2025,전자/반도체
854140,PH,Advance Solution Enterprises,,,,Importer,quezon city,KOTRA_SNS_2025,전자/반도체
853649,CA,VK Communications,,,,Importer,Toronto,KOTRA_SNS_2025,전자/반도체
853649,LK,Kishor.k Enterprises,,,,Importer,Colombo,KOTRA_SNS_2025,전자/반도체
853649,PK,Perfect Solutions Entersprises GRW,,,,Importer,GUJRANWALA,KOTRA_SNS_2025,전자/반도체
853649,BD,General bags,,,,Importer,Dhaka,KOTRA_SNS_2025,전자/반도체
854140,IN,"""Sethi Group""",,,,Importer,Jagadhri,KOTRA_SNS_2025,전자/반도체
853649,IN,Speedo india,,,,Importer,Delhi,KOTRA_SNS_2025,전자/반도체
853649,BD,Camera Bazar,,,,Importer,Dhaka,KOTRA_SNS_2025,전자/반도체
853649,PK,malik arif tareen tredar,,,,Importer,karachi,KOTRA_SNS_2025,전자/반도체
853649,PK,Business,,,,Importer,Wah,KOTRA_SNS_2025,전자/반도체
854140,BD,Square Electric Co.,,,,Importer,Dhaka,KOTRA_SNS_2025,전자/반도체
854140,BD,www.tradesolbd.com,,,,Importer,Dhaka,KOTRA_SNS_2025,전자/반도체
853649,PK,South Korea,,,,Importer,Abbottabad,KOTRA_SNS_2025,전자/반도체
853649,PK,Jamil Akhtar enterprises,,,,Importer,Lahore,KOTRA_SNS_2025,전자/반도체
853649,BD,M/S MAA ENTERPRISE,,,,Importer,Dhaka,KOTRA_SNS_2025,전자/반도체
853649,PK,FALCON CRAFT INTERNATIONAL,,,,Importer,gujranwala,KOTRA_SNS_2025,전자/반도체
853649,PK,Asif ZAHEER trading company,,,,Importer,Lahore,KOTRA_SNS_2025,전자/반도체
853649,GH,shabusco777ventures,,,,Importer,Accra,KOTRA_SNS_2025,전자/반도체
853649,NG,Shine integrated services,,,,Importer,Port Harcourt,KOTRA_SNS_2025,전자/반도체
853649,US,LARRY _SONIK GLOBAL RESOURCES LTD,,,,Importer,lagos,KOTRA_SNS_2025,전자/반도체
853649,NG,Tenda.,,,,Importer,Lagos,KOTRA_SNS_2025,전자/반도체
853649,NG,saco ent,,,,Importer,Lagos,KOTRA_SNS_2025,전자/반도체
854140,CI,AVIS AFRIQUE,,,,Importer,Abidjan,KOTRA_SNS_2025,전자/반도체
854140,ET,Ethiopia,,,,Importer,Debre tabor,KOTRA_SNS_2025,전자/반도체
853649,NG,Self Employed,,,,Importer,Asaba,KOTRA_SNS_2025,전자/반도체
853649,GH,SM MOBILE MART,,,,Importer,Accra,KOTRA_SNS_2025,전자/반도체
853649,GH,ALLIANCE IN MOTION GLOBAL,,,,Importer,ACCRA,KOTRA_SNS_2025,전자/반도체
853649,NG,EQUITONI INTERNATIONAL LTD,,,,Importer,Lagos,KOTRA_SNS_2025,전자/반도체
853649,GH,SOLID steel limited,,,,Importer,Ibadan,KOTRA_SNS_2025,전자/반도체
853649,NG,Olix Wire Technology Ltd,,,,Importer,Port Harcourt,KOTRA_SNS_2025,전자/반도체
853649,NG,fullmoon hotels,,,,Importer,Owerri,KOTRA_SNS_2025,전자/반도체
853649,TZ,DICD,,,,Importer,Dar es salaam,KOTRA_SNS_2025,전자/반도체
854140,NG,PPH Agreko,,,,Importer,Nyanya Abuja,KOTRA_SNS_2025,전자/반도체
854140,KE,Super Automotive Tools,,,,Importer,Nairobi,KOTRA_SNS_2025,전자/반도체
854140,US,g34 internment,,,,Importer,Kaohsiung,KOTRA_SNS_2025,전자/반도체
853649,HK,ag express hk,,,,Importer,Hong Kong,KOTRA_SNS_2025,전자/반도체
853649,HK,Nile International,,,,Importer,Hongkong,KOTRA_SNS_2025,전자/반도체
853649,AR,unl,,,,Importer,Buenos aires,KOTRA_SNS_2025,전자/반도체
853649,AR,fox,,,,Importer,Crdoba,KOTRA_SNS_2025,전자/반도체
853649,AR,trio,,,,Importer,la plata,KOTRA_SNS_2025,전자/반도체
853649,US,madax quek.,,,,Importer,Aguilares,KOTRA_SNS_2025,전자/반도체
853649,US,Los Cocos,,,,Importer,Crdoba,KOTRA_SNS_2025,전자/반도체
853649,AR,banes,,,,Importer,Crdoba,KOTRA_SNS_2025,전자/반도체
853649,US,Fibatech,,,,Importer,Mar del plata,KOTRA_SNS_2025,전자/반도체
853649,AR,fox,,,,Importer,santa fe,KOTRA_SNS_2025,전자/반도체
853649,US,fox,,,,Importer,Mar del plata,KOTRA_SNS_2025,전자/반도체
853649,AR,laser,,,,Importer,Caba,KOTRA_SNS_2025,전자/반도체
853649,AR,micteram,,,,Importer,pilar,KOTRA_SNS_2025,전자/반도체
853649,AR,mostaza,,,,Importer,bsas,KOTRA_SNS_2025,전자/반도체
853649,AR,SAS,,,,Importer,Corrientes,KOTRA_SNS_2025,전자/반도체
853649,US,fox,,,,Importer,santa fe,KOTRA_SNS_2025,전자/반도체
853649,AR,ProGamers,,,,Importer,Concepcin del Uruguay,KOTRA_SNS_2025,전자/반도체
853649,AR,loker,,,,Importer,Buenos aires,KOTRA_SNS_2025,전자/반도체
853649,AR,itv,,,,Importer,buenos aires,KOTRA_SNS_2025,전자/반도체
853649,US,peliaman,,,,Importer,CABA,KOTRA_SNS_2025,전자/반도체
853649,TN,Sidi Bouzid,,,,Importer,Sidi Bouzid,KOTRA_SNS_2025,전자/반도체
854140,JO,jya,,,,Importer,Amman,KOTRA_SNS_2025,전자/반도체
854140,US,Cortex,,,,Importer,algiers,KOTRA_SNS_2025,전자/반도체
853649,OM,Gulf frequency trading,,,,Importer,Dubai,KOTRA_SNS_2025,전자/반도체
853649,DZ,Dj-plast,,,,Importer,Batna,KOTRA_SNS_2025,전자/반도체
853649,MA,Grants,,,,Importer,Casablanca,KOTRA_SNS_2025,전자/반도체
853649,DZ,Icon technology,,,,Importer,Blida,KOTRA_SNS_2025,전자/반도체
854140,IQ,Majed mozan genral trading company,,,,Importer,Irbil,KOTRA_SNS_2025,전자/반도체
853649,IQ,chaloos company,,,,Importer,Irbil,KOTRA_SNS_2025,전자/반도체
853649,MY,Wishtree PLT,,,,Importer,Petaling Jaya,KOTRA_SNS_2025,전자/반도체
853649,US,Autotrans,,,,Importer,Dublin CA,KOTRA_SNS_2025,전자/반도체
853649,IN,StudioCarbon,,,,Importer,Gandhinagar,KOTRA_SNS_2025,전자/반도체
853649,BD,F.A.M TRADING INTERNATIONAL,,,,Importer,Dhaka,KOTRA_SNS_2025,전자/반도체
853649,PK,See Tec,,,,Importer,Peshawar,KOTRA_SNS_2025,전자/반도체
853649,BD,Semaisi Express,,,,Importer,Dhaka,KOTRA_SNS_2025,전자/반도체
854140,BD,Technomax Engineering,,,,Importer,Dhaka,KOTRA_SNS_2025,전자/반도체
853649,IN,Singh laptops,,,,Importer,Chandigarh,KOTRA_SNS_2025,전자/반도체
853649,BD,Journalist  + business,,,,Importer,Dhaka,KOTRA_SNS_2025,전자/반도체
853649,BD,Unitech electric electronics co ptv ltd,,,,Importer,Chittagong,KOTRA_SNS_2025,전자/반도체
853649,LK,RUBY GLOBAL INTERNATIONAL PVT LTD,,,,Importer,eheliyagoda,KOTRA_SNS_2025,전자/반도체
853649,PK,proskit Trading Company,,,,Importer,Lahore,KOTRA_SNS_2025,전자/반도체
853649,BD,hinique Imports Inc,,,,Importer,Dhaka,KOTRA_SNS_2025,전자/반도체
853649,LK,AWAD HOLDINGS (PVT)LTD,,,,Importer,Colombo,KOTRA_SNS_2025,전자/반도체
853649,BD,Best power Electric & Electronics co,,,,Importer,Dhaka,KOTRA_SNS_2025,전자/반도체
854140,PK,ROYAL TECHNOLOGY,,,,Importer,Lahore,KOTRA_SNS_2025,전자/반도체
854140,IN,Kannaiyan enterprises,,,,Importer,Thanjavur,KOTRA_SNS_2025,전자/반도체
853649,IN,Shrija International,,,,Importer,Kheda,KOTRA_SNS_2025,전자/반도체
853649,US,chishti mobile trader,,,,Importer,Faisalabad,KOTRA_SNS_2025,전자/반도체
853649,ZA,new age General Dealer,,,,Importer,Greytown,KOTRA_SNS_2025,전자/반도체
853649,CZ,Czech,,,,Importer,esk Republika,KOTRA_SNS_2025,전자/반도체
854140,HK,"Natural Woodwork, Inc",,,,Importer,Hong Kong,KOTRA_SNS_2025,전자/반도체
853649,AR,sierra,,,,Importer,caba.,KOTRA_SNS_2025,전자/반도체
853649,PE,Euro Technik Peru SAC,,,,Importer,lima,KOTRA_SNS_2025,전자/반도체
853649,AR,fox,,,,Importer,Caba,KOTRA_SNS_2025,전자/반도체
853649,AR,fox,,,,Importer,santa fe,KOTRA_SNS_2025,전자/반도체
853649,US,Fiba,,,,Importer,caba,KOTRA_SNS_2025,전자/반도체
853649,AR,Aloise y cia,,,,Importer,Buenos Aires,KOTRA_SNS_2025,전자/반도체
853649,DZ,TECHNO flamme,,,,Importer,Algiers,KOTRA_SNS_2025,전자/반도체
853649,DZ,My Own Business Institute,,,,Importer,Algeria,KOTRA_SNS_2025,전자/반도체
854140,PH,welkin Oilfield,,,,Importer,manila,KOTRA_SNS_2025,전자/반도체
853649,IT,xoxkgxgkxkgogx.,,,,Importer,Napoli,KOTRA_SNS_2025,전자/반도체
853649,US,helio Industries LLC,,,,Importer,san jose,KOTRA_SNS_2025,전자/반도체
853649,AR,super,,,,Importer,Santa Fegjugggy,KOTRA_SNS_2025,전자/반도체
853649,LK,Metro international,,,,Importer,Colombo,KOTRA_SNS_2025,전자/반도체
853649,IN,aiva floorings,,,,Importer,Kolkata,KOTRA_SNS_2025,전자/반도체
854140,PK,Gate way marketing,,,,Importer,Faisala Abad Pakistan,KOTRA_SNS_2025,전자/반도체
853649,BD,"Managing Director at ""Smart Power Company""",,,,Importer,Dhaka,KOTRA_SNS_2025,전자/반도체
853649,CA,Ali Enterprises,,,,Importer,Faisalabad,KOTRA_SNS_2025,전자/반도체
853649,IN,9495307030,,,,Importer,9495307030,KOTRA_SNS_2025,전자/반도체
853649,DZ,oui,,,,Importer,791692680,KOTRA_SNS_2025,전자/반도체
853649,JO,Ocean for electrical & lighting,,,,Importer,Amman,KOTRA_SNS_2025,전자/반도체
853649,NG,APPLEFLY GLOBAL RESOURCE,,,,Importer,IBADAN,KOTRA_SNS_2025,전자/반도체
853649,TZ,Amy's House Of Perfumes,,,,Importer,Dar es salaam,KOTRA_SNS_2025,전자/반도체
853649,KZ,ADK DEVELOPMENT,,,,Importer,Astana,KOTRA_SNS_2025,전자/반도체
853649,MN,Thermo Vent LLC,,,,Importer,Ulaanbaatar,KOTRA_SNS_2025,전자/반도체
853649,VN,"DAI HOA PHU ELECTRIC CO.,LTD",,,,Importer,Ho Chi Minh City,KOTRA_SNS_2025,전자/반도체
852589,JP,INFIX Inc,,,,Importer,Tokyo,KOTRA_SNS_2025,전자/반도체
852869,RO,MX GLOBAL SRL,,,,Importer,Bucuresti,KOTRA_SNS_2025,전자/반도체
852869,RO,Logiq,,,,Importer,Craiova,KOTRA_SNS_2025,전자/반도체
852869,RO,Special Expres Cargo SRL,,,,Importer,Bucuresti,KOTRA_SNS_2025,전자/반도체
852869,RO,sc meryland shop srl,,,,Importer,arad,KOTRA_SNS_2025,전자/반도체
852869,RO,Extream Shop,,,,Importer,Mizil,KOTRA_SNS_2025,전자/반도체
852869,RO,Straja hojam,,,,Importer,Pitesti,KOTRA_SNS_2025,전자/반도체
852869,RO,Grandpharma,,,,Importer,Bucureti,KOTRA_SNS_2025,전자/반도체
852869,RO,maxrom srl,,,,Importer,radauti,KOTRA_SNS_2025,전자/반도체
852869,RO,EURO MASTER PREST,,,,Importer,Bucureti,KOTRA_SNS_2025,전자/반도체
852869,RO,Starnet Playground,,,,Importer,Iai,KOTRA_SNS_2025,전자/반도체
852869,RO,CIHAN ENTERPRISE SRL,,,,Importer,baia mare,KOTRA_SNS_2025,전자/반도체
854140,VN,LAP NGUYEN CORPORATION,,,,Importer,Ho Chi Minh,KOTRA_SNS_2025,전자/반도체
853649,VN,REWA VIETNAM EXPORT IMPORT BUSINESS PRODUCTION CO. LTD.,,,,Importer,Thanh Pho Ho Chi Minh,KOTRA_SNS_2025,전자/반도체
853649,CO,APRITZO,,,,Importer,Bogot,KOTRA_SNS_2025,전자/반도체
853649,US,HBYS Image,,,,Importer,Walnut Creek,KOTRA_SNS_2025,전자/반도체
853649,JP,FINE STEEL,,,,Importer,Osaka,KOTRA_SNS_2025,전자/반도체
853649,Pakistan,Syed Traders,,,,Importer,Karachi Division,KOTRA_SNS_2025,전자/반도체
854140,Kuwait,Global International General Trading Contracting Co,,,,Importer,Al Asimah,KOTRA_SNS_2025,전자/반도체
853649,CN,"GUANGZHOU SANTOULV ELECTRONIC COMMERCE CO. , LTD.",,,,Importer,GUANGZHOU,KOTRA_SNS_2025,전자/반도체
853649,IN,EIIL AUTOMATIONS PRIVATE LIMITED,,,,Importer,NEW DELHI,KOTRA_SNS_2025,전자/반도체
853649,IN,Puronize Purifiers Pvt LTD,,,,Importer,New Delhi,KOTRA_SNS_2025,전자/반도체
847160,Japan,"Jabez Japan Co., Ltd.",,,,Importer,Osaka,KOTRA_SNS_2025,전자/반도체
852869,Romnia,5A Trading Grup srl,,,,Importer,Bucureti,KOTRA_SNS_2025,전자/반도체
852869,romania,rhea home light,,,,Importer,bucuresti,KOTRA_SNS_2025,전자/반도체
852869,Romania,Ralmaco Grup SRL,,,,Importer,Bucharest,KOTRA_SNS_2025,전자/반도체
852869,romania,pmc group distributie,,,,Importer,bucharest,KOTRA_SNS_2025,전자/반도체
852869,Romania,Motta provider srl,,,,Importer,Bucuresti,KOTRA_SNS_2025,전자/반도체
852869,Romnia,Flyng Impex SRL,,,,Importer,Baia Mare,KOTRA_SNS_2025,전자/반도체
852869,Romania,Dalistic Team SRL,,,,Importer,Brasov,KOTRA_SNS_2025,전자/반도체
852869,Romania,Webtech Retail,,,,Importer,Bucharest,KOTRA_SNS_2025,전자/반도체
852869,.,.,,,,Importer,.,KOTRA_SNS_2025,전자/반도체
853649,IN,EnergyDesk Pvt Ltd.,,,,Importer,New Delhi,KOTRA_SNS_2025,전자/반도체
853649,IN,MAAXLUBRICATION PVT LTD,,,,Importer,New Delhi,KOTRA_SNS_2025,전자/반도체
847149,United Arab Emirates,Huture Technologies,,,,Importer,Dubai,KOTRA_SNS_2025,전자/반도체
847149,Canada,Yeah inc,,,,Importer,Dubai,KOTRA_SNS_2025,전자/반도체
847149,NG,Oceaniqe Trading Limited,,,,Importer,Lagos,KOTRA_SNS_2025,전자/반도체
853649,CN,HONG KONG SARK TRADING LIMITED,,,,Importer,NANJING,KOTRA_SNS_2025,전자/반도체
853649,CN,CHONGQING DUOMAIDUO TRADE CO LTD,,,,Importer,NANJING,KOTRA_SNS_2025,전자/반도체
853649,CN,"NANJING LAI YAN YOU NETWORK TECHNOLOGY CO.,LTD",,,,Importer,NANJING,KOTRA_SNS_2025,전자/반도체
853649,CN,HONG KONG CROSS BORDER TRADE INDUSTRY SERVICE CO LTD,,,,Importer,NANJING,KOTRA_SNS_2025,전자/반도체
853649,CN,"LIANYUNGANG JULIET INTERNATIONAL TRADING CO., LTD.",,,,Importer,NANJING,KOTRA_SNS_2025,전자/반도체
853649,CN,"LIANYUNGANG JDY CROSS-BORDER E-COMMERCE CO., LTD.",,,,Importer,NANJING,KOTRA_SNS_2025,전자/반도체
854140,CN,"Nanjing SFJ Software Technology Co., Ltd.",,,,Importer,NANJING,KOTRA_SNS_2025,전자/반도체
851769,CN,"Nanjing SFJ Software Technology Co., Ltd.",,,,Importer,NANJING,KOTRA_SNS_2025,전자/반도체
853649,CN,"Nanjing SFJ Software Technology Co., Ltd.",,,,Importer,NANJING,KOTRA_SNS_2025,전자/반도체
853649,CN,"SHANGHAI JOEN INT'L TRADE CO.,LTD.",,,,Importer,NANJING,KOTRA_SNS_2025,전자/반도체
853649,CN,WELCONN INTERNATIONAL TRADING SHANGHAI CO LTD,,,,Importer,NANJING,KOTRA_SNS_2025,전자/반도체
853649,CN,NANJING NEXCON ELECTRONICS CO LTD,,,,Importer,NANJING,KOTRA_SNS_2025,전자/반도체
853649,CN,"Achates (Shanghai) International Trade Co.,Ltd.",,,,Importer,NANJING,KOTRA_SNS_2025,전자/반도체
853649,CN,"Nanjing SFJ Software Technology Co., Ltd.",,,,Importer,NANJING,KOTRA_SNS_2025,전자/반도체
852869,RO,Robotsnet Consulting SRL,,,,Importer,BUCURETI,KOTRA_SNS_2025,전자/반도체
852869,RO,Bagwvegw,,,,Importer,HEHEHE,KOTRA_SNS_2025,전자/반도체
852869,RO,Homes Special Cleaning,,,,Importer,BAIA MARE,KOTRA_SNS_2025,전자/반도체
852869,RO,SC RBONU TEXTILE SRL,,,,Importer,MOTRU,KOTRA_SNS_2025,전자/반도체
852869,RO,Alcalinia Distribution SRL,,,,Importer,ODORHEIU SECUIESC,KOTRA_SNS_2025,전자/반도체
852869,RO,Sc Matache &co srl,,,,Importer,URZICENI,KOTRA_SNS_2025,전자/반도체
852869,RO,eurolia romtehnic srl,,,,Importer,BUZAU,KOTRA_SNS_2025,전자/반도체
852869,RO,pronto august,,,,Importer,BUCURESTI,KOTRA_SNS_2025,전자/반도체
852869,RO,OK DRAGASANI,,,,Importer,DRAGASANI,KOTRA_SNS_2025,전자/반도체
852869,RO,Ion,,,,Importer,BUC,KOTRA_SNS_2025,전자/반도체
852869,RO,Cigu,,,,Importer,SIBIU,KOTRA_SNS_2025,전자/반도체
852869,RO,General Services SRL,,,,Importer,GURA HUMORULUI,KOTRA_SNS_2025,전자/반도체
852869,RO,IS Sales&Tech,,,,Importer,IASI,KOTRA_SNS_2025,전자/반도체
852869,RO,Gerer Asociatii Proprietari SRL,,,,Importer,PITETI,KOTRA_SNS_2025,전자/반도체
852869,RO,A,,,,Importer,BUCURESTI,KOTRA_SNS_2025,전자/반도체
852869,RO,AgrarTom,,,,Importer,BUCURESTI,KOTRA_SNS_2025,전자/반도체
852869,RO,Endress Zenessis group,,,,Importer,TIMISOARA,KOTRA_SNS_2025,전자/반도체
852869,RO,SC Simbay Impex SRL,,,,Importer,BUCURESTI,KOTRA_SNS_2025,전자/반도체
852869,RO,Denis DTH TV S.R.L,,,,Importer,PITETI,KOTRA_SNS_2025,전자/반도체
851779,ES,Business Administration,,,,Importer,BILBAO,KOTRA_SNS_2025,전자/반도체
852862,ES,Etv,,,,Importer,SANT JOAN DESP,KOTRA_SNS_2025,전자/반도체
851779,ES,DigitalDeva,,,,Importer,BARCELONA,KOTRA_SNS_2025,전자/반도체
852862,SPAIN,Zero 2 Infinity,,,,Importer,BARCELONA,KOTRA_SNS_2025,전자/반도체
852862,ES,Dominion,,,,Importer,BARCELONA,KOTRA_SNS_2025,전자/반도체
851779,SPAIN,Celta,,,,Importer,"MADRID, SPAIN",KOTRA_SNS_2025,전자/반도체
851779,GB,Gleesim.com,,,,Importer,LIVINGSTON,KOTRA_SNS_2025,전자/반도체
851779,GR,NakosNet distribution,,,,Importer,ALMIROS,KOTRA_SNS_2025,전자/반도체
852862,SE,Elegatrend,,,,Importer,BORS,KOTRA_SNS_2025,전자/반도체
851779,ES,Microsoft,,,,Importer,MOLNS DE REY,KOTRA_SNS_2025,전자/반도체
851779,ROMANIA,"Bucharest, Romania",,,,Importer,BUCHAREST,KOTRA_SNS_2025,전자/반도체
852589,MXICO,Ventek Solutions,,,,Importer,PUEBLA,KOTRA_SNS_2025,전자/반도체
851762,MXICO,EPTA GROUP,,,,Importer,CIUDAD DE MXICO,KOTRA_SNS_2025,전자/반도체
851762,MXICO,WEG,,,,Importer,REA METROPOLITANA DE CIUDAD DE MXICO,KOTRA_SNS_2025,전자/반도체
851762,MXICO,Nissan Motor Corporation,,,,Importer,TOLUCA,KOTRA_SNS_2025,전자/반도체
852589,MXICO,Diehl Controls,,,,Importer,QUERTARO,KOTRA_SNS_2025,전자/반도체
851762,MXICO,Geoteco,,,,Importer,MONTERREY,KOTRA_SNS_2025,전자/반도체
852589,MXICO,Unilever,,,,Importer,PUEBLA DE ZARAGOZA,KOTRA_SNS_2025,전자/반도체
852589,MXICO,World Port Industrial Park,,,,Importer,SAN LUIS POTOSI,KOTRA_SNS_2025,전자/반도체
852589,MXICO,Road and Industry Solution Group,,,,Importer,TOLUCA,KOTRA_SNS_2025,전자/반도체
851762,FJ,Rettok Trading,,,,Importer,SUVA,KOTRA_SNS_2025,전자/반도체
851762,BD,Kazi Shamsuddin and Associates,,,,Importer,DHAKA,KOTRA_SNS_2025,전자/반도체
851762,BD,Max Hr Group,,,,Importer,DHAKA,KOTRA_SNS_2025,전자/반도체
851762,LK,Ocean World (Pvt) Ltd,,,,Importer,NUGEGODA,KOTRA_SNS_2025,전자/반도체
851762,IN,Alpha Partners,,,,Importer,NOIDA,KOTRA_SNS_2025,전자/반도체
851762,IN,BroadLink Enterprises LLP,,,,Importer,ANJAR,KOTRA_SNS_2025,전자/반도체
851762,HK,MingQ Technology Limited,,,,Importer,葵涌,KOTRA_SNS_2025,전자/반도체
851762,ID,PT Pedia Teknologi Indonesia,,,,Importer,BEKASI,KOTRA_SNS_2025,전자/반도체
851762,US,Ny,,,,Importer,HUNG YEN,KOTRA_SNS_2025,전자/반도체
851762,GE,Health-Hub,,,,Importer,TBILISI,KOTRA_SNS_2025,전자/반도체
851762,CA,personal,,,,Importer,WIESBADEN FRANKFURT,KOTRA_SNS_2025,전자/반도체
851762,PK,National Idea Bank - NIB,,,,Importer,ISLAMABAD,KOTRA_SNS_2025,전자/반도체
851762,VN,Sphinx JSC,,,,Importer,HANOI,KOTRA_SNS_2025,전자/반도체
851762,PK,Advance Publications,,,,Importer,ISLAMABAD,KOTRA_SNS_2025,전자/반도체
851762,PH,DATCHE Philippines,,,,Importer,CEBU CITY,KOTRA_SNS_2025,전자/반도체
851762,IN,Magnateq Solutions,,,,Importer,RAJKOT,KOTRA_SNS_2025,전자/반도체
851762,US,SmartBiz srl,,,,Importer,LA PAZ,KOTRA_SNS_2025,전자/반도체
851762,IN,NEOTECH,,,,Importer,INDIA,KOTRA_SNS_2025,전자/반도체
851762,PH,ilekn renewable and information services,,,,Importer,CEBU CITY,KOTRA_SNS_2025,전자/반도체
851762,ID,Plus Group,,,,Importer,BANDUNG,KOTRA_SNS_2025,전자/반도체
851762,SG,Geesler Network,,,,Importer,SINGAPORE,KOTRA_SNS_2025,전자/반도체
851762,CO,Alifor Corp,,,,Importer,ITAG,KOTRA_SNS_2025,전자/반도체
851762,PK,SymCloud,,,,Importer,ISLAMABAD,KOTRA_SNS_2025,전자/반도체
851762,ET,DEBI Engineering Plc,,,,Importer,ADDIS ABABA,KOTRA_SNS_2025,전자/반도체
851762,VN,amproc,,,,Importer,HANOI,KOTRA_SNS_2025,전자/반도체
851762,AU,I Search Marketing,,,,Importer,SYDNEY,KOTRA_SNS_2025,전자/반도체
851762,ET,Rcndc consultancy,,,,Importer,ADDIS ABABA,KOTRA_SNS_2025,전자/반도체
851762,BD,Deeh Cotton,,,,Importer,DHAKA,KOTRA_SNS_2025,전자/반도체
851762,AU,Docufix,,,,Importer,SYDNEY,KOTRA_SNS_2025,전자/반도체
851762,IT,Cybessure,,,,Importer,ROME,KOTRA_SNS_2025,전자/반도체
851762,LK,Siyol International Pvt Ltd.,,,,Importer,COLOMBO,KOTRA_SNS_2025,전자/반도체
851762,PH,WCube Solutions,,,,Importer,QUEZON CITY,KOTRA_SNS_2025,전자/반도체
851762,ID,PT Pelopor Ide Kreatif,,,,Importer,JAKARTA,KOTRA_SNS_2025,전자/반도체
851762,ID,Roketin,,,,Importer,BANDUNG,KOTRA_SNS_2025,전자/반도체
851762,IN,SIX 4 COMPANY,,,,Importer,COIMBATORE,KOTRA_SNS_2025,전자/반도체
851762,TH,Dwv tech,,,,Importer,BANGKOK,KOTRA_SNS_2025,전자/반도체
851762,MY,AVS Integrators Sdn Bhd,,,,Importer,PETALING JAYA,KOTRA_SNS_2025,전자/반도체
851762,MALAYSIA,RM Applications Sdn Bhd (RMA),,,,Importer,WP. KUALA LUMPUR,KOTRA_SNS_2025,전자/반도체
851762,INDIA,PHD Chamber of Commerce and Industry,,,,Importer,NEW DELHI,KOTRA_SNS_2025,전자/반도체
851762,PHILIPPINES,One Commerce (Int'l) Corporation,,,,Importer,MAKATI,KOTRA_SNS_2025,전자/반도체
851762,THAILAND,Poseidon Network Systems,,,,Importer,BANGKOK METROPOLITAN AREA,KOTRA_SNS_2025,전자/반도체
853620,JP,"Yashima Bussan Co., Ltd.",,,,Importer,OSAKA,KOTRA_SNS_2025,전자/반도체
853620,JP,KAWAMURA ELECTRIC INC.,,,,Importer,OSAKA,KOTRA_SNS_2025,전자/반도체
853620,JP,"FUJI ELECTRIC FA COMPONENTS & SYSTEMS CO., LTD.",,,,Importer,OSAKA,KOTRA_SNS_2025,전자/반도체
853620,JP,DAIHEN CORPORATION,,,,Importer,OSAKA,KOTRA_SNS_2025,전자/반도체
853620,JP,"SANSHA ELECTRIC MANUFACTURING CO., LTD.",,,,Importer,OSAKA,KOTRA_SNS_2025,전자/반도체
852852,NIGERIA,IOM - UN Migration,,,,Importer,MAIDUGURI,KOTRA_SNS_2025,전자/반도체
852852,ETHIOPIA,AddisJobs,,,,Importer,ADDIS ABABA,KOTRA_SNS_2025,전자/반도체
852852,ETHIOPIA,Oromia education bureau,,,,Importer,JIMMAA,KOTRA_SNS_2025,전자/반도체
852852,ETHIOPIA,WALTAR Systems,,,,Importer,ADDIS ABABA,KOTRA_SNS_2025,전자/반도체
852852,EGYPT,Sudani,,,,Importer,CAIRO,KOTRA_SNS_2025,전자/반도체
852852,PH,Smdc,,,,Importer,MANDALUYONG,KOTRA_SNS_2025,전자/반도체
852852,US,Official All Star Caf,,,,Importer,OREGON,KOTRA_SNS_2025,전자/반도체
852852,BD,CEMS Bangladesh,,,,Importer,DHAKA,KOTRA_SNS_2025,전자/반도체
852852,ET,Student,,,,Importer,AWEDAY,KOTRA_SNS_2025,전자/반도체
852852,ET,Ethiopia,,,,Importer,SHASHAMANEE,KOTRA_SNS_2025,전자/반도체
852852,ET,Newport,,,,Importer,ADDIS ABABA,KOTRA_SNS_2025,전자/반도체
852852,IN,Loadncode,,,,Importer,PUNE,KOTRA_SNS_2025,전자/반도체
852852,ID,PT Indonesia Identity Asia,,,,Importer,JAKARTA,KOTRA_SNS_2025,전자/반도체
852852,ZA,Perigon Verto,,,,Importer,JOHANNESBURG,KOTRA_SNS_2025,전자/반도체
852852,ZA,OnetimeDigital,,,,Importer,MIDRAND,KOTRA_SNS_2025,전자/반도체
852852,ET,ETB,,,,Importer,ANKARA,KOTRA_SNS_2025,전자/반도체
852852,TH,samurai& ninja,,,,Importer,BBK,KOTRA_SNS_2025,전자/반도체
852852,BD,ASCEND International Limited,,,,Importer,DHAKA,KOTRA_SNS_2025,전자/반도체
852852,ID,industrial consultant,,,,Importer,JAKARTA,KOTRA_SNS_2025,전자/반도체
852852,IN,"Keetronics Pvt. Ltd. ,Pune",,,,Importer,PUNE,KOTRA_SNS_2025,전자/반도체
852852,KR,Seoul National University,,,,Importer,SEOUL,KOTRA_SNS_2025,전자/반도체
852852,PK,SYGN Media,,,,Importer,ISLAMABAD,KOTRA_SNS_2025,전자/반도체
852852,IN,Global Classrooms,,,,Importer,HYDERABAD,KOTRA_SNS_2025,전자/반도체
852852,ID,BPPT,,,,Importer,JAKARTA,KOTRA_SNS_2025,전자/반도체
852852,MA,Emo,,,,Importer,AZROU,KOTRA_SNS_2025,전자/반도체
852852,TZ,Mwanza City Council,,,,Importer,MWANZA,KOTRA_SNS_2025,전자/반도체
852589,PH,Medspecs Solutions Inc,,,,Importer,MANILA,KOTRA_SNS_2025,전자/반도체
852589,PH,"Pharmagem, Inc.",,,,Importer,MANILA,KOTRA_SNS_2025,전자/반도체
852580,PH,lubritek,,,,Importer,BACOLOD CITY,KOTRA_SNS_2025,전자/반도체
854449,SAUDI ARABIA,Al-Asasyah Basic Electronic Company,,,,Importer,RIYADH,KOTRA_SNS_2025,전자/반도체
854110,IN,RS Projects,,,,Importer,KOLKATA,KOTRA_SNS_2025,전자/반도체
854110,IN,Mukhi Trading,,,,Importer,UNJHA,KOTRA_SNS_2025,전자/반도체
854110,US,Llc,,,,Importer,PUNE,KOTRA_SNS_2025,전자/반도체
854110,US,Rudra Enterprises,,,,Importer,RANCHI JHARKHAND,KOTRA_SNS_2025,전자/반도체
854110,IN,Self,,,,Importer,SURAT,KOTRA_SNS_2025,전자/반도체
854110,IN,HCLTech,,,,Importer,CHENNAI,KOTRA_SNS_2025,전자/반도체
854110,IN,Lead Embedded Systems,,,,Importer,HYDERABAD,KOTRA_SNS_2025,전자/반도체
854110,IN,Embright Infotech private limited,,,,Importer,BANGALORE,KOTRA_SNS_2025,전자/반도체
854110,MA,Ifmia,,,,Importer,CASABLANCA,KOTRA_SNS_2025,전자/반도체
854110,IN,"Surat, Gujarat",,,,Importer,SURAT,KOTRA_SNS_2025,전자/반도체
854110,IN,Rollz India,,,,Importer,DELHI,KOTRA_SNS_2025,전자/반도체
854110,PE,Telecom,,,,Importer,LIMA,KOTRA_SNS_2025,전자/반도체
854110,IN,Mukesh,,,,Importer,HYDERABAD,KOTRA_SNS_2025,전자/반도체
854110,IN,The TK 5,,,,Importer,MADURAI,KOTRA_SNS_2025,전자/반도체
854110,IN,Rinkoo Processors Pvt. Ltd.,,,,Importer,AHMEDABAD,KOTRA_SNS_2025,전자/반도체
854110,VN,Dragon Inviestment Group,,,,Importer,HANOI,KOTRA_SNS_2025,전자/반도체
854110,IN,FleaFetch,,,,Importer,MUMBAI,KOTRA_SNS_2025,전자/반도체
854110,IN,manufacturing electronics components,,,,Importer,MUMBAI,KOTRA_SNS_2025,전자/반도체
854110,IN,ICRI,,,,Importer,NEW DELHI,KOTRA_SNS_2025,전자/반도체
854110,US,Metalcraft,,,,Importer,DELHI,KOTRA_SNS_2025,전자/반도체
854110,IN,Give,,,,Importer,MUMBAI,KOTRA_SNS_2025,전자/반도체
854110,IN,Skybridge Infotech,,,,Importer,COIMBATORE,KOTRA_SNS_2025,전자/반도체
854110,IN,BTC WORLD,,,,Importer,MUMBAI,KOTRA_SNS_2025,전자/반도체
854110,IN,Mantreza Technologies Private Limited,,,,Importer,JALANDHAR,KOTRA_SNS_2025,전자/반도체
854110,IN,AccelRise,,,,Importer,CHENNAI,KOTRA_SNS_2025,전자/반도체
854110,IN,Veepee electronics,,,,Importer,MUMBAI,KOTRA_SNS_2025,전자/반도체
854110,IN,Dr Hemang's Laboratory,,,,Importer,SILVASSA,KOTRA_SNS_2025,전자/반도체
854110,IN,"Ministry of External Affairs, Government of India",,,,Importer,DELHI,KOTRA_SNS_2025,전자/반도체
854110,VN,Kami Group,,,,Importer,HANOI,KOTRA_SNS_2025,전자/반도체
