hs_code,country,buyer_name,annual_usd,shipments,last_date,buyer_type,city,source,product_category
854370,US,"Subaru of America, Inc.",,,,Importer,Madison,KOTRA_SNS_2025,기계/산업장비
850110,US,30 Records LLC,,,,Importer,The Bronx,KOTRA_SNS_2025,기계/산업장비
854370,UZ,Tashkent Pediatric Medical Institute,,,,Importer,Tashkent,KOTRA_SNS_2025,기계/산업장비
850440,MN,Facebook,,,,Importer,Ulan Bator,KOTRA_SNS_2025,기계/산업장비
854370,MN,"Ulaanbaatar, Mongolia",,,,Importer,Ulaanbaatar,KOTRA_SNS_2025,기계/산업장비
854370,IN,HomeSense Kolkata,,,,Importer,Kolkata,KOTRA_SNS_2025,기계/산업장비
854370,US,skinn4u,,,,Importer,Hyderabad,KOTRA_SNS_2025,기계/산업장비
854370,PH,Kusina Korner,,,,Importer,Manila,KOTRA_SNS_2025,기계/산업장비
841330,IN,Neptune Engineering,,,,Importer,Ahmedabad,KOTRA_SNS_2025,기계/산업장비
850440,GB,Innovate Republic ltd,,,,Importer,London,KOTRA_SNS_2025,기계/산업장비
854370,IN,Neoceutics,,,,Importer,Mumbai,KOTRA_SNS_2025,기계/산업장비
854370,PK,ATM events,,,,Importer,Karachi,KOTRA_SNS_2025,기계/산업장비
854370,IN,Techmahindra,,,,Importer,Bangalore,KOTRA_SNS_2025,기계/산업장비
850440,NP,"Ghimire International Co., Ltd.",,,,Importer,Kathmandu,KOTRA_SNS_2025,기계/산업장비
854370,JP,Braun or samsung,,,,Importer,Yokohama,KOTRA_SNS_2025,기계/산업장비
854370,EC,Epn,,,,Importer,Quito,KOTRA_SNS_2025,기계/산업장비
854370,US,ibs labs,,,,Importer,monterrey,KOTRA_SNS_2025,기계/산업장비
854370,PK,"Islamabad, Pakistan",,,,Importer,"Sakhakot, Distt Malakand",KOTRA_SNS_2025,기계/산업장비
854370,PK,HAFIZ MUHAMMAD YOUSAF SHABISTAN CINEMA ROAD STREET HAFIZ MUHAMMAD YOUSAF WALI DISTRICT SHEIKHUPURA P,,,,Importer,Sheikhupura,KOTRA_SNS_2025,기계/산업장비
854370,JO,Aqaba city center mall,,,,Importer,AQABA,KOTRA_SNS_2025,기계/산업장비
854370,KE,Wantrice Enterprises,,,,Importer,NAIROBI,KOTRA_SNS_2025,기계/산업장비
850110,CI,N'DANHAN GREEN,,,,Importer,Abidjan,KOTRA_SNS_2025,기계/산업장비
841330,HR,vestas,,,,Importer,zagreb,KOTRA_SNS_2025,기계/산업장비
854370,PE,UNSAAC,,,,Importer,Cusco,KOTRA_SNS_2025,기계/산업장비
841330,JP,自業,,,,Importer,Tokyo,KOTRA_SNS_2025,기계/산업장비
847989,CI,MTN Cote d'Ivoire,,,,Importer,Le Plateau,KOTRA_SNS_2025,기계/산업장비
841330,GH,Seidu Mohammed Abubakar ent,,,,Importer,Accra,KOTRA_SNS_2025,기계/산업장비
854370,ET,Louis Dreyfus Company,,,,Importer,Addis Ababa,KOTRA_SNS_2025,기계/산업장비
847989,TH,Music Extreme,,,,Importer,Bangkok,KOTRA_SNS_2025,기계/산업장비
854370,IN,Vaximum,,,,Importer,Bengaluru,KOTRA_SNS_2025,기계/산업장비
854370,ZA,725 Holdings,,,,Importer,Johannesburg,KOTRA_SNS_2025,기계/산업장비
847989,PA,Robotics Institute,,,,Importer,Sucursal Coco del Mar,KOTRA_SNS_2025,기계/산업장비
850440,ZA,Consumer Goods,,,,Importer,Johannesburg Metropolitan Area,KOTRA_SNS_2025,기계/산업장비
847989,IN,Maharana pratap school Bagidora,,,,Importer,Dungarpur,KOTRA_SNS_2025,기계/산업장비
847989,IN,Queenbots,,,,Importer,Bhubaneswar,KOTRA_SNS_2025,기계/산업장비
847989,MY,.,,,,Importer,Seremban,KOTRA_SNS_2025,기계/산업장비
847989,IL,Moonmed,,,,Importer,Ashkelon,KOTRA_SNS_2025,기계/산업장비
847989,VN,ALPHA TECHNOLOGY SOLUTIONS LLC,,,,Importer,Hanoi,KOTRA_SNS_2025,기계/산업장비
847989,VN,ASEA GLOBAL CO LTD,,,,Importer,Hanoi,KOTRA_SNS_2025,기계/산업장비
850152,PK,Advocate,,,,Importer,Dokri,KOTRA_SNS_2025,기계/산업장비
847989,PK,Eastern Wood,,,,Importer,Islamabad,KOTRA_SNS_2025,기계/산업장비
841459,PK,Falcon Enterprises,,,,Importer,karachi,KOTRA_SNS_2025,기계/산업장비
847989,PK,"RABBANI TRADING COMPANY, SOST,",,,,Importer,Gilgit,KOTRA_SNS_2025,기계/산업장비
847989,ID,Jawara,,,,Importer,Jakarta,KOTRA_SNS_2025,기계/산업장비
854370,ID,COURSENET P.T.,,,,Importer,Jakarta,KOTRA_SNS_2025,기계/산업장비
847989,BD,banglamark,,,,Importer,dhaka,KOTRA_SNS_2025,기계/산업장비
854370,PK,js International,,,,Importer,Mandi bahaudin,KOTRA_SNS_2025,기계/산업장비
854370,SA,Shajan Traders,,,,Importer,lahore,KOTRA_SNS_2025,기계/산업장비
854370,PH,Magnifleek Beauty Center,,,,Importer,Makati,KOTRA_SNS_2025,기계/산업장비
854370,US,Aria MedSpa & Wellness,,,,Importer,Katy,KOTRA_SNS_2025,기계/산업장비
850410,PH,"MEGA POWER Construction & Communications, Inc",,,,Importer,Davao City,KOTRA_SNS_2025,기계/산업장비
847982,PH,PharmaTechnica Laboratory Inc,,,,Importer,Quezon City,KOTRA_SNS_2025,기계/산업장비
850440,NG,Arichkay Multiventure.,,,,Importer,Ibadan,KOTRA_SNS_2025,기계/산업장비
847981,GH,HOL investment,,,,Importer,Tarkwa,KOTRA_SNS_2025,기계/산업장비
841330,GH,KHERSTIES GENERAL BUREAU,,,,Importer,Accra,KOTRA_SNS_2025,기계/산업장비
847989,KE,Sunny Fields Limited,,,,Importer,Nairobi,KOTRA_SNS_2025,기계/산업장비
8504,PE,Sudaener,,,,Importer,Cusco,KOTRA_SNS_2025,기계/산업장비
854370,CL,GENETIC CORE,,,,Importer,Santiago,KOTRA_SNS_2025,기계/산업장비
854370,DO,ITP Group,,,,Importer,Distrito Nacional,KOTRA_SNS_2025,기계/산업장비
854370,PE,Corporacin industrial SherWen'Z,,,,Importer,Lima,KOTRA_SNS_2025,기계/산업장비
854340,PY,Anime & kpop,,,,Importer,Mariano Roque Alonso,KOTRA_SNS_2025,기계/산업장비
850440,TR,Betim Buroteknik Limited ve Turkevi Restaurant Yemen,,,,Importer,Krfez,KOTRA_SNS_2025,기계/산업장비
841459,NG,Barnmarie Petrochemical Ltd,,,,Importer,Abuja,KOTRA_SNS_2025,기계/산업장비
854370,ET,mayelomen beverages .Ltd,,,,Importer,Addis Ababa,KOTRA_SNS_2025,기계/산업장비
841459,UZ,Asia TAREN Poultry,,,,Importer,Samarkand,KOTRA_SNS_2025,기계/산업장비
847989,PK,Systems Limited,,,,Importer,"Karchi, Pakistan",KOTRA_SNS_2025,기계/산업장비
841391,GH,Power Fuels Distribution Company Limited,,,,Importer,"Accra, Ghana",KOTRA_SNS_2025,기계/산업장비
854370,MN,Maggies Skin Care&Make up,,,,Importer,Mongolia,KOTRA_SNS_2025,기계/산업장비
847950,MN,Ulemj delger trade llc,,,,Importer,Mongolia,KOTRA_SNS_2025,기계/산업장비
854370,MN,asiapharma,,,,Importer,Mongolia,KOTRA_SNS_2025,기계/산업장비
854370,SG,IRZL Pte Ltd,,,,Importer,Singapors,KOTRA_SNS_2025,기계/산업장비
854370,ID,Sanne Studio,,,,Importer,Jakarta,KOTRA_SNS_2025,기계/산업장비
854370,PH,Confetti Party Ventures,,,,Importer,"Manila, Philippines",KOTRA_SNS_2025,기계/산업장비
854370,PH,Plant Culture Agri Trading,,,,Importer,"Manila, Philippines",KOTRA_SNS_2025,기계/산업장비
854370,IN,Carrier Midea India,,,,Importer,"Mumbai, India",KOTRA_SNS_2025,기계/산업장비
847979,PK,Falcon Craft International.,,,,Importer,gujranwala,KOTRA_SNS_2025,기계/산업장비
847990,BD,TARGET BIZ BANGLADESH (TBB),,,,Importer,Dhaka,KOTRA_SNS_2025,기계/산업장비
850110,BD,Muktobangla Electric,,,,Importer,Dhaka,KOTRA_SNS_2025,기계/산업장비
841350,MA,Anaran travaux,,,,Importer,Mohammadia,KOTRA_SNS_2025,기계/산업장비
847990,CM,Ets Hizmetler,,,,Importer,Garoua,KOTRA_SNS_2025,기계/산업장비
854370,US,Care America Homecare Services,,,,Importer,"San Francisco, Califonia",KOTRA_SNS_2025,기계/산업장비
854370,IN,Sandy Berger & Co.,,,,Importer,Mumbai India,KOTRA_SNS_2025,기계/산업장비
847990,PK,MASAF IMPEX PVT LTD,,,,Importer,Karachi Pakistan,KOTRA_SNS_2025,기계/산업장비
854330,IN,Outshiny India Pvt Ltd,,,,Importer,Bangalore,KOTRA_SNS_2025,기계/산업장비
850440,DZ,I need. commodities.,,,,Importer,Algiers,KOTRA_SNS_2025,기계/산업장비
854370,CA,Peak Life,,,,Importer,"Toronto,  canada",KOTRA_SNS_2025,기계/산업장비
854370,CA,Hiskiel Group Canada Inc,,,,Importer,Moncton canada,KOTRA_SNS_2025,기계/산업장비
847950,PK,Meraki Technologies,,,,Importer,"Islamabad, Pakistan",KOTRA_SNS_2025,기계/산업장비
854370,KZ,AGSA,,,,Importer,Aktau,KOTRA_SNS_2025,기계/산업장비
854370,PH,LIVEHEALTHY INC.,,,,Importer,Metro Manila Philippines,KOTRA_SNS_2025,기계/산업장비
854370,IN,LAKSHMI ENTERPRISES,,,,Importer,INDIA,KOTRA_SNS_2025,기계/산업장비
854370,GH,Rohi Deo Enterprise,,,,Importer,GHANA,KOTRA_SNS_2025,기계/산업장비
854370,PH,koriano,,,,Importer,Paranaque City Philippine,KOTRA_SNS_2025,기계/산업장비
854370,PH,CCDI,,,,Importer,"Naga City, Philippines",KOTRA_SNS_2025,기계/산업장비
854370,PH,Vielli's Beauty Lounge,,,,Importer,"cavite, Philippines",KOTRA_SNS_2025,기계/산업장비
854370,GH,"Fetal Medicine Diagnostic center,Asamamkese",,,,Importer,Accra,KOTRA_SNS_2025,기계/산업장비
847982,GR,Maria Lahanoudi,,,,Importer,Greece,KOTRA_SNS_2025,기계/산업장비
847950,GR,Dimitriadis George,,,,Importer,Pireas Greece,KOTRA_SNS_2025,기계/산업장비
847990,EG,Smart Tech Kits company,,,,Importer,Cairo,KOTRA_SNS_2025,기계/산업장비
854370,QA,KATARA & ACCOR  (QATAR FIFA WORLD CUP 2022),,,,Importer,Doha,KOTRA_SNS_2025,기계/산업장비
854370,QA,elegancia healthcare,,,,Importer,Doha,KOTRA_SNS_2025,기계/산업장비
854370,QA,The centre WLL,,,,Importer,Doha,KOTRA_SNS_2025,기계/산업장비
854370,KZ,KIMEP University,,,,Importer,Almaty,KOTRA_SNS_2025,기계/산업장비
854370,KZ,PETROTAS LLP,,,,Importer,Aktau,KOTRA_SNS_2025,기계/산업장비
854370,AZ,British Chamber of Commerce Azerbaijan,,,,Importer,baku,KOTRA_SNS_2025,기계/산업장비
854370,AZ,Azerpost,,,,Importer,Baku,KOTRA_SNS_2025,기계/산업장비
854370,KZ,Tengizchevroil,,,,Importer,Shymkent,KOTRA_SNS_2025,기계/산업장비
854370,AZ,A..C.Engineering,,,,Importer,BAKU AZERBAJAN,KOTRA_SNS_2025,기계/산업장비
854370,KZ,Cosmomed,,,,Importer,Aktau,KOTRA_SNS_2025,기계/산업장비
854370,MN,vetimpex,,,,Importer,Ulaanbaatar,KOTRA_SNS_2025,기계/산업장비
854370,KZ,Best crop,,,,Importer,Aktau,KOTRA_SNS_2025,기계/산업장비
854370,UZ,Коканд,,,,Importer,Коканд,KOTRA_SNS_2025,기계/산업장비
854370,KZ,RQ TECHNOLOGIES,,,,Importer,Almaty,KOTRA_SNS_2025,기계/산업장비
854370,UZ,UZBEKISTAN GTL LLC,,,,Importer,Guzar,KOTRA_SNS_2025,기계/산업장비
854370,KZ,Kent,,,,Importer,Shymkent,KOTRA_SNS_2025,기계/산업장비
854370,KZ,EM Drilling,,,,Importer,Астана,KOTRA_SNS_2025,기계/산업장비
854370,AZ,Baku Metropolitan CJSC,,,,Importer,Baku,KOTRA_SNS_2025,기계/산업장비
854370,MN,Medical representative,,,,Importer,Ulaanbaatar,KOTRA_SNS_2025,기계/산업장비
854370,MN,"Ulaanbaatar, Mongolia",,,,Importer,Ulaanbaatar,KOTRA_SNS_2025,기계/산업장비
854370,KZ,Ergali_auto,,,,Importer,Актау,KOTRA_SNS_2025,기계/산업장비
854370,KZ,JON,,,,Importer,ИЛИСКИЙ РАЙОН,KOTRA_SNS_2025,기계/산업장비
854370,MN,Lead Link LLC,,,,Importer,Ulaanbaatar,KOTRA_SNS_2025,기계/산업장비
850440,PH,sekretoparabibo,,,,Importer,bolokan,KOTRA_SNS_2025,기계/산업장비
847989,ID,PT Maheswari,,,,Importer,Jakarta,KOTRA_SNS_2025,기계/산업장비
841459,PH,Cayeco Cafe,,,,Importer,Las Pias,KOTRA_SNS_2025,기계/산업장비
841459,PH,Mayflower group,,,,Importer,Dubai,KOTRA_SNS_2025,기계/산업장비
847989,PH,Facebook,,,,Importer,hinubaan,KOTRA_SNS_2025,기계/산업장비
850440,PH,Gotfoods,,,,Importer,San Juan,KOTRA_SNS_2025,기계/산업장비
854370,PH,none,,,,Importer,pangasinan,KOTRA_SNS_2025,기계/산업장비
841360,PH,none,,,,Importer,Caloocan,KOTRA_SNS_2025,기계/산업장비
847989,PH,House wife,,,,Importer,calbayog city,KOTRA_SNS_2025,기계/산업장비
847989,ID,Timora,,,,Importer,Jakarta Utara,KOTRA_SNS_2025,기계/산업장비
841360,ID,Lavande,,,,Importer,Jakarta,KOTRA_SNS_2025,기계/산업장비
850440,PH,none,,,,Importer,cebu,KOTRA_SNS_2025,기계/산업장비
850440,PH,none,,,,Importer,angono,KOTRA_SNS_2025,기계/산업장비
847989,ID,SMPIT RAUDHATUL MUTTAQIN,,,,Importer,Jakarta Timur,KOTRA_SNS_2025,기계/산업장비
841360,PH,CBS China Bank Savings,,,,Importer,Manila,KOTRA_SNS_2025,기계/산업장비
841459,PH,golden vr,,,,Importer,Cabatuan,KOTRA_SNS_2025,기계/산업장비
841360,PH,Shopwise,,,,Importer,Leyte,KOTRA_SNS_2025,기계/산업장비
850440,PH,Lala cafe,,,,Importer,Manila,KOTRA_SNS_2025,기계/산업장비
854370,PH,f,,,,Importer,Talisay,KOTRA_SNS_2025,기계/산업장비
850440,PH,none,,,,Importer,minduro,KOTRA_SNS_2025,기계/산업장비
850440,PH,fivaw,,,,Importer,Lala,KOTRA_SNS_2025,기계/산업장비
854370,PH,nsl,,,,Importer,bacoor,KOTRA_SNS_2025,기계/산업장비
850120,DO,Electrom,,,,Importer,Santo Domingo dominican repblica,KOTRA_SNS_2025,기계/산업장비
847981,PE,SANIMAX SOLUCIONES SAC,,,,Importer,Lima Per,KOTRA_SNS_2025,기계/산업장비
847981,MA,Upm,,,,Importer,Casablanca Morocco,KOTRA_SNS_2025,기계/산업장비
854370,IN,Star international,,,,Importer,Mumbai india,KOTRA_SNS_2025,기계/산업장비
854370,MA,Clevaa,,,,Importer,"Rabat, Morocco",KOTRA_SNS_2025,기계/산업장비
847989,PY,Grupo Proserco,,,,Importer,Asuncin del Paraguay,KOTRA_SNS_2025,기계/산업장비
847989,DZ,ACMEC SARL,,,,Importer,"Algiers, Algeria",KOTRA_SNS_2025,기계/산업장비
847989,ID,Caseon,,,,Importer,Jakarta,KOTRA_SNS_2025,기계/산업장비
847989,ID,Bali,,,,Importer,Denpasar,KOTRA_SNS_2025,기계/산업장비
847989,VN,Hnk vn,,,,Importer,Kim Bang,KOTRA_SNS_2025,기계/산업장비
847989,VN,Solution Digital Technology,,,,Importer,Hanoi,KOTRA_SNS_2025,기계/산업장비
847989,TH,Eminent Air,,,,Importer,Bangkok,KOTRA_SNS_2025,기계/산업장비
847989,HU,Shoptogo.hu,,,,Importer,Budapest,KOTRA_SNS_2025,기계/산업장비
854370,ZA,Breakout comms,,,,Importer,Johannesburg South Africa,KOTRA_SNS_2025,기계/산업장비
847982,NG,Areli Nig limited,,,,Importer,Lagos Nigeria,KOTRA_SNS_2025,기계/산업장비
850120,NG,LOPEZ EQUIPMENT,,,,Importer,"PortHarcourt, Nigeria.",KOTRA_SNS_2025,기계/산업장비
841391,IN,Jalaram Group of Companies,,,,Importer,"Rajkot, India",KOTRA_SNS_2025,기계/산업장비
850440,PH,Novare Technologies,,,,Importer,Bulacan,KOTRA_SNS_2025,기계/산업장비
854370,ID,AECOM,,,,Importer,Bogor,KOTRA_SNS_2025,기계/산업장비
841360,ID,SMPN 3 SUNGAI DURIAN,,,,Importer,Kotabaru,KOTRA_SNS_2025,기계/산업장비
850440,ID,Tsuraya Beauty Care,,,,Importer,Jombang,KOTRA_SNS_2025,기계/산업장비
841459,PH,The Krusty Krab,,,,Importer,Tuguegarao City,KOTRA_SNS_2025,기계/산업장비
841360,ID,S13,,,,Importer,Batam,KOTRA_SNS_2025,기계/산업장비
854370,PH,Proaesthetics,,,,Importer,Davao,KOTRA_SNS_2025,기계/산업장비
841459,PH,,,,,Importer,Tagum,KOTRA_SNS_2025,기계/산업장비
841360,PH,Sophies Sausage Hauz,,,,Importer,Manila,KOTRA_SNS_2025,기계/산업장비
850440,MY,EM INDUSTRIES SDN BHD,,,,Importer,Bintulu,KOTRA_SNS_2025,기계/산업장비
854370,PH,League of Legends,,,,Importer,Dasmarias,KOTRA_SNS_2025,기계/산업장비
841360,ID,CV. Indo Makmur Trading,,,,Importer,Pekanbaru,KOTRA_SNS_2025,기계/산업장비
841360,MM,"OSR International Co., Ltd",,,,Importer,Yangon,KOTRA_SNS_2025,기계/산업장비
841360,PH,Nosora Real Estate,,,,Importer,Muntinlupa City,KOTRA_SNS_2025,기계/산업장비
841459,PH,WorkAbroad.ph,,,,Importer,Manaoag,KOTRA_SNS_2025,기계/산업장비
847989,PH,Formalum Industries Inc,,,,Importer,Quezon City,KOTRA_SNS_2025,기계/산업장비
841360,PH,,,,,Importer,tacloban,KOTRA_SNS_2025,기계/산업장비
847989,PH,Banco De Oro,,,,Importer,Pasay City,KOTRA_SNS_2025,기계/산업장비
850440,PH,Sarner Realty,,,,Importer,Manila,KOTRA_SNS_2025,기계/산업장비
854370,PH,BUILDWIDE Glass and Aluminum,,,,Importer,Quezon City,KOTRA_SNS_2025,기계/산업장비
841459,PH,na,,,,Importer,Urbiztondo,KOTRA_SNS_2025,기계/산업장비
850440,PH,D Art Salon Kuala Lumpur,,,,Importer,Manila,KOTRA_SNS_2025,기계/산업장비
850440,VN,Cng ty TNHH Giga Electronics Vit Nam,,,,Importer,Hanoi,KOTRA_SNS_2025,기계/산업장비
850440,PH,Evelyn Castillo,,,,Importer,mariveles,KOTRA_SNS_2025,기계/산업장비
847989,ID,PT Multi Asia Pasifik,,,,Importer,Jakarta,KOTRA_SNS_2025,기계/산업장비
847989,ID,Musa bumi resource,,,,Importer,Jakarta,KOTRA_SNS_2025,기계/산업장비
850440,ID,No,,,,Importer,Jambi,KOTRA_SNS_2025,기계/산업장비
854370,VN,o Nguyn,,,,Importer,Ho Chi Minh City,KOTRA_SNS_2025,기계/산업장비
847989,VN,Saigon,,,,Importer,Ho Chi Minh City,KOTRA_SNS_2025,기계/산업장비
847989,KH,Beauty Day,,,,Importer,Phnom Penh,KOTRA_SNS_2025,기계/산업장비
847989,PH,Funny Videos,,,,Importer,davao city,KOTRA_SNS_2025,기계/산업장비
841360,TH,Srcblossoms,,,,Importer,Bangkok,KOTRA_SNS_2025,기계/산업장비
854370,PH,jurarat,,,,Importer,hutay,KOTRA_SNS_2025,기계/산업장비
854370,MY,MATES.,,,,Importer,Kuala Lumpur,KOTRA_SNS_2025,기계/산업장비
850440,PH,mi shop,,,,Importer,Mandaluyong,KOTRA_SNS_2025,기계/산업장비
854370,PH,rushbarry888@gmail.com,,,,Importer,Bacoor,KOTRA_SNS_2025,기계/산업장비
850440,PH,cyber security system,,,,Importer,Baguio city,KOTRA_SNS_2025,기계/산업장비
847989,TW,Magmatiendas,,,,Importer,Taipei,KOTRA_SNS_2025,기계/산업장비
847989,TW,QingXi,,,,Importer,台中市,KOTRA_SNS_2025,기계/산업장비
847989,TW,Galderma,,,,Importer,Taipei,KOTRA_SNS_2025,기계/산업장비
847989,TW,特國際股有限公司,,,,Importer,Taichung,KOTRA_SNS_2025,기계/산업장비
847989,TW,韓佳人醫美集團,,,,Importer,taipei,KOTRA_SNS_2025,기계/산업장비
854370,NL,Onbekend,,,,Importer,Amsterdam,KOTRA_SNS_2025,기계/산업장비
854370,DE,Jumpp Frauenbetriebe e. V.,,,,Importer,Frankfurt am Main,KOTRA_SNS_2025,기계/산업장비
854370,ZA,Camera13,,,,Importer,berlin,KOTRA_SNS_2025,기계/산업장비
854370,DE,Enagic,,,,Importer,Hamburg,KOTRA_SNS_2025,기계/산업장비
854370,NL,Koosman,,,,Importer,Almere,KOTRA_SNS_2025,기계/산업장비
854370,PL,AVITO,,,,Importer,Kłobuck gmina,KOTRA_SNS_2025,기계/산업장비
854370,DE,Objecto.Shop,,,,Importer,Berlin,KOTRA_SNS_2025,기계/산업장비
854370,DE,Human Resources Manager,,,,Importer,Frankfurt,KOTRA_SNS_2025,기계/산업장비
847989,FR,.,,,,Importer,Paris,KOTRA_SNS_2025,기계/산업장비
847989,CZ,ESKO,,,,Importer,esko,KOTRA_SNS_2025,기계/산업장비
847989,IT,xoxkgxgkxkgogx.,,,,Importer,Napoli,KOTRA_SNS_2025,기계/산업장비
847989,CZ,CESKA REPUBLIKA,,,,Importer,Praha,KOTRA_SNS_2025,기계/산업장비
850440,NG,Garnet trading co ltd,,,,Importer,Kano,KOTRA_SNS_2025,기계/산업장비
850120,ET,Goald mining company,,,,Importer,Asosa,KOTRA_SNS_2025,기계/산업장비
850440,NG,Royale ARMS Investment LTD,,,,Importer,Kano,KOTRA_SNS_2025,기계/산업장비
850440,ZA,Bataung Energy Solutions,,,,Importer,Roodepoort,KOTRA_SNS_2025,기계/산업장비
850440,ET,Rolzen Co,,,,Importer,Addis Ababa,KOTRA_SNS_2025,기계/산업장비
850440,NG,Uk solar energy & general ent.,,,,Importer,Abuja,KOTRA_SNS_2025,기계/산업장비
850440,MZ,Maza Engenharia,,,,Importer,Maputo,KOTRA_SNS_2025,기계/산업장비
847989,NG,United Nations World Human Facility EIT CDI Un Whf EU Ambassador Nigeria,,,,Importer,Enugu,KOTRA_SNS_2025,기계/산업장비
850120,NG,Regional Sustainable Energy Center of Excellence for Sub Saharan Africa,,,,Importer,Katsina,KOTRA_SNS_2025,기계/산업장비
850120,KE,Rh devani ltd,,,,Importer,Nairobi,KOTRA_SNS_2025,기계/산업장비
850440,NG,sirma wax ltd,,,,Importer,Lagos,KOTRA_SNS_2025,기계/산업장비
850440,NG,Eulers Consulting & Partnership Co.Ltd,,,,Importer,Ilorin,KOTRA_SNS_2025,기계/산업장비
850440,ZA,Zoslo Communications,,,,Importer,Centurion,KOTRA_SNS_2025,기계/산업장비
850120,NG,Franegnicas Global Services Limited,,,,Importer,Lagos,KOTRA_SNS_2025,기계/산업장비
850440,NG,Ogoja ideas Enterprises,,,,Importer,Abuja,KOTRA_SNS_2025,기계/산업장비
850440,NG,BulberrysContractors,,,,Importer,Ibadan,KOTRA_SNS_2025,기계/산업장비
850440,NG,AUSA Global Investment LTD,,,,Importer,Abuja,KOTRA_SNS_2025,기계/산업장비
850440,GH,Winarpo Logistics,,,,Importer,Tema,KOTRA_SNS_2025,기계/산업장비
850120,RS,g,,,,Importer,Vlasotince,KOTRA_SNS_2025,기계/산업장비
850120,IN,The New India Assurance Company Limited,,,,Importer,Mumbai,KOTRA_SNS_2025,기계/산업장비
850440,JP,"Shanghai Electric Power Japan Co.,LTD",,,,Importer,Tokyo,KOTRA_SNS_2025,기계/산업장비
850440,PY,Heliotec,,,,Importer,Asuncion,KOTRA_SNS_2025,기계/산업장비
850440,AR,prieta,,,,Importer,Santa Fe,KOTRA_SNS_2025,기계/산업장비
850440,CO,Energy Technologies,,,,Importer,Bogot,KOTRA_SNS_2025,기계/산업장비
850120,AR,durabit,,,,Importer,cansas,KOTRA_SNS_2025,기계/산업장비
850120,MY,kejuruteraan budi sakti corporation (m) sdn nhd,,,,Importer,seri kembangan,KOTRA_SNS_2025,기계/산업장비
850120,ID,FT Group,,,,Importer,Lamongan,KOTRA_SNS_2025,기계/산업장비
850440,PH,FODIP,,,,Importer,Caloocan City,KOTRA_SNS_2025,기계/산업장비
847989,MM,Thikethit,,,,Importer,Mandalay,KOTRA_SNS_2025,기계/산업장비
850120,TH,Student,,,,Importer,Bangkok,KOTRA_SNS_2025,기계/산업장비
847989,KH,Facebook,,,,Importer,Kampong Cham,KOTRA_SNS_2025,기계/산업장비
850440,NG,Atmospowered Projects,,,,Importer,Lagos,KOTRA_SNS_2025,기계/산업장비
847989,AR,hinks,,,,Importer,Buenos Aires,KOTRA_SNS_2025,기계/산업장비
850440,DO,Aponte Ortiz & Asoc.,,,,Importer,Santo Domingo,KOTRA_SNS_2025,기계/산업장비
850440,MA,Tesery.com,,,,Importer,Tanger,KOTRA_SNS_2025,기계/산업장비
850440,LY,OEA Green Energy Innovations,,,,Importer,Benghazi,KOTRA_SNS_2025,기계/산업장비
850440,MA,ghadir,,,,Importer,agadir,KOTRA_SNS_2025,기계/산업장비
850120,MA,vjbx,,,,Importer,xbncchc,KOTRA_SNS_2025,기계/산업장비
850440,MA,b,,,,Importer,bouskoura,KOTRA_SNS_2025,기계/산업장비
850440,MA,TeslaPowerMdEnergy.com.Facebook App,,,,Importer,Tangier,KOTRA_SNS_2025,기계/산업장비
847989,MA,Hzkzlzmzbkkzl@gmail.com,,,,Importer,Ville du Ouad zam Maroc,KOTRA_SNS_2025,기계/산업장비
850440,JO,hhhh,,,,Importer,Amman,KOTRA_SNS_2025,기계/산업장비
850440,IN,Master Distributors,,,,Importer,Bangalore North,KOTRA_SNS_2025,기계/산업장비
850120,PK,WEBXZONE,,,,Importer,karachi,KOTRA_SNS_2025,기계/산업장비
850440,PK,DEMCS,,,,Importer,lahore,KOTRA_SNS_2025,기계/산업장비
850440,IN,enerzytech,,,,Importer,ahmedabad,KOTRA_SNS_2025,기계/산업장비
847989,IN,Raj,,,,Importer,Sonipat,KOTRA_SNS_2025,기계/산업장비
850440,PK,Rastek Technologies,,,,Importer,Karachi,KOTRA_SNS_2025,기계/산업장비
850440,PK,Peakworx Systems Pvt. Ltd.,,,,Importer,Islamabad,KOTRA_SNS_2025,기계/산업장비
850440,LK,Fuji electronics,,,,Importer,weligama,KOTRA_SNS_2025,기계/산업장비
850120,IN,Indusassist pvt ltd,,,,Importer,Bangalore,KOTRA_SNS_2025,기계/산업장비
850440,IN,KAT,,,,Importer,Chandrapur,KOTRA_SNS_2025,기계/산업장비
850440,IN,Rajasthan Renewable Energy corporation,,,,Importer,Jaipur,KOTRA_SNS_2025,기계/산업장비
850440,NG,SHABACO INTERNATIONAL,,,,Importer,Lagos,KOTRA_SNS_2025,기계/산업장비
850120,PK,Rab Traders,,,,Importer,Karachi,KOTRA_SNS_2025,기계/산업장비
847989,ET,beyan tiktoker,,,,Importer,addis abbab,KOTRA_SNS_2025,기계/산업장비
850440,MY,Ørsted,,,,Importer,Kuala Lumpur,KOTRA_SNS_2025,기계/산업장비
850440,CA,Thread,,,,Importer,Calgary,KOTRA_SNS_2025,기계/산업장비
850440,DZ,chayani saad,,,,Importer,Algiers,KOTRA_SNS_2025,기계/산업장비
847989,TR,eco  europe  engineering,,,,Importer,STANBUL,KOTRA_SNS_2025,기계/산업장비
850120,UZ,Freelance,,,,Importer,Tashkent,KOTRA_SNS_2025,기계/산업장비
850120,UA,Аналтик з визначення впливу на довклля  оцнки життвого циклу продукц,,,,Importer,Kyiv,KOTRA_SNS_2025,기계/산업장비
850120,UA,Фотостудия Харьков,,,,Importer,Kharkiv,KOTRA_SNS_2025,기계/산업장비
850120,UA,Dnipropetrovsk Oblast,,,,Importer,Pershotravensk,KOTRA_SNS_2025,기계/산업장비
850120,UA,Нова пошта,,,,Importer,Киев,KOTRA_SNS_2025,기계/산업장비
850120,UA,педагог,,,,Importer,Chernihiv,KOTRA_SNS_2025,기계/산업장비
850440,AZ,Appolon Group,,,,Importer,Baku,KOTRA_SNS_2025,기계/산업장비
850120,AZ,Fikret Ehmedov,,,,Importer,3041989,KOTRA_SNS_2025,기계/산업장비
850440,MY,Apac Ventures Group,,,,Importer,Kuala Lumpur,KOTRA_SNS_2025,기계/산업장비
850120,KH,lvl,,,,Importer,Kampong Cham,KOTRA_SNS_2025,기계/산업장비
850440,PH,Facebook,,,,Importer,Union,KOTRA_SNS_2025,기계/산업장비
850440,US,Htt Amrica,,,,Importer,jonesboro,KOTRA_SNS_2025,기계/산업장비
850440,US,Akbam Energy,,,,Importer,Aurora colorado,KOTRA_SNS_2025,기계/산업장비
850440,US,Everon Green Energy Resources LLC,,,,Importer,Weslaco,KOTRA_SNS_2025,기계/산업장비
850120,US,Miamisealife,,,,Importer,Miami,KOTRA_SNS_2025,기계/산업장비
847989,CA,Bridge+West Associates Inc,,,,Importer,Toronto,KOTRA_SNS_2025,기계/산업장비
850440,IN,Kirmson Electric and Agro,,,,Importer,Aligarh,KOTRA_SNS_2025,기계/산업장비
850440,PK,airasia Super App,,,,Importer,Rahimyar Khan,KOTRA_SNS_2025,기계/산업장비
850440,PK,AL MANNAN BUILDERS,,,,Importer,Multan,KOTRA_SNS_2025,기계/산업장비
850120,IN,K N Biosciences India Pvt ltd,,,,Importer,Hyderabad,KOTRA_SNS_2025,기계/산업장비
850120,IN,JVS Comatsco Industries Pvt.Ltd. Pune,,,,Importer,Pune,KOTRA_SNS_2025,기계/산업장비
850440,PK,Self,,,,Importer,karachi,KOTRA_SNS_2025,기계/산업장비
850440,BD,NGO staff,,,,Importer,Bagerhat,KOTRA_SNS_2025,기계/산업장비
850440,LK,MAG LANKA S.A.R.L,,,,Importer,Ratnapura,KOTRA_SNS_2025,기계/산업장비
850440,IN,Admin . Hospital & Healthcare Expert,,,,Importer,Firozpur City,KOTRA_SNS_2025,기계/산업장비
850120,IN,Detoxywell,,,,Importer,Mandi Gobindgarh,KOTRA_SNS_2025,기계/산업장비
847950,PH,Content Editor,,,,Importer,Baguio,KOTRA_SNS_2025,기계/산업장비
847950,PH,Toyota motors phil.,,,,Importer,Laguna,KOTRA_SNS_2025,기계/산업장비
847950,PH,any,,,,Importer,Baguio,KOTRA_SNS_2025,기계/산업장비
847950,PH,League of Legends,,,,Importer,Pasay,KOTRA_SNS_2025,기계/산업장비
847950,PH,Presidential communication office,,,,Importer,Las Pias,KOTRA_SNS_2025,기계/산업장비
847950,ID,BUMN,,,,Importer,Surabaya,KOTRA_SNS_2025,기계/산업장비
847950,IN,ALBERT,,,,Importer,Delhi,KOTRA_SNS_2025,기계/산업장비
847950,PK,ELEMENTS INTERACTIVE,,,,Importer,Islamabad,KOTRA_SNS_2025,기계/산업장비
847950,BD,Europe Bangla Group,,,,Importer,Dhaka,KOTRA_SNS_2025,기계/산업장비
847950,PK,Oveelabs.com,,,,Importer,Gujranwala,KOTRA_SNS_2025,기계/산업장비
847950,PK,Saleem fabrics,,,,Importer,Lahore,KOTRA_SNS_2025,기계/산업장비
847950,PK,Alpha invention,,,,Importer,Lahore,KOTRA_SNS_2025,기계/산업장비
847950,PK,Wipeout Worldwide,,,,Importer,Lahore green town,KOTRA_SNS_2025,기계/산업장비
847950,PK,BearPlex,,,,Importer,Lahore,KOTRA_SNS_2025,기계/산업장비
847950,IN,Waymore International,,,,Importer,Chennai,KOTRA_SNS_2025,기계/산업장비
847950,IN,LANDMARK FILM PRODUCTIONS INTERNATIONAL,,,,Importer,KANNUR DISTRICT,KOTRA_SNS_2025,기계/산업장비
847950,PK,Metex Labz,,,,Importer,Rawalpindi,KOTRA_SNS_2025,기계/산업장비
847950,IN,Lumiere,,,,Importer,Mumbai,KOTRA_SNS_2025,기계/산업장비
847950,IN,Mitsuki,,,,Importer,delhi,KOTRA_SNS_2025,기계/산업장비
847950,OM,Aitchom,,,,Importer,Oman,KOTRA_SNS_2025,기계/산업장비
847950,AE,Filtrading,,,,Importer,Dubai,KOTRA_SNS_2025,기계/산업장비
847950,MA,DKH,,,,Importer,Casa,KOTRA_SNS_2025,기계/산업장비
854370,IN,Triology solutions private limited,,,,Importer,Mumbai,KOTRA_SNS_2025,기계/산업장비
854370,IN,Sammmm hbw LLP,,,,Importer,Mumbai,KOTRA_SNS_2025,기계/산업장비
854370,IN,Colours unisex salon,,,,Importer,Jammu,KOTRA_SNS_2025,기계/산업장비
854370,IN,Nextwave Lifestyle Pvt Ltd,,,,Importer,Indore,KOTRA_SNS_2025,기계/산업장비
854370,IN,Mlm,,,,Importer,Azamgarh,KOTRA_SNS_2025,기계/산업장비
854370,IN,shape U clinic,,,,Importer,mumbai,KOTRA_SNS_2025,기계/산업장비
854370,IN,PlasticoIndus,,,,Importer,Pune,KOTRA_SNS_2025,기계/산업장비
854370,IN,Triology solutions private limited,,,,Importer,Mumbai,KOTRA_SNS_2025,기계/산업장비
854370,IN,Sammmm hbw LLP,,,,Importer,Mumbai,KOTRA_SNS_2025,기계/산업장비
854370,IN,Colours unisex salon,,,,Importer,Jammu,KOTRA_SNS_2025,기계/산업장비
854370,IN,Nextwave Lifestyle Pvt Ltd,,,,Importer,Indore,KOTRA_SNS_2025,기계/산업장비
854370,IN,Mlm,,,,Importer,Azamgarh,KOTRA_SNS_2025,기계/산업장비
854370,IN,shape U clinic,,,,Importer,mumbai,KOTRA_SNS_2025,기계/산업장비
854370,IN,PlasticoIndus,,,,Importer,Pune,KOTRA_SNS_2025,기계/산업장비
854370,IN,Sethi corporation,,,,Importer,Saharanpur,KOTRA_SNS_2025,기계/산업장비
854370,IN,Aarya Naaturals,,,,Importer,Mumbai,KOTRA_SNS_2025,기계/산업장비
854370,IN,Unity India Corp,,,,Importer,Bangaluru,KOTRA_SNS_2025,기계/산업장비
854370,US,house wifeBusiness,,,,Importer,Mumbai,KOTRA_SNS_2025,기계/산업장비
854370,IN,Facebook,,,,Importer,Jaipur,KOTRA_SNS_2025,기계/산업장비
854370,IN,revvamp makeovers by bhawna,,,,Importer,Rudrapur (Uttarakhand),KOTRA_SNS_2025,기계/산업장비
854370,IN,Oxi9 Essentials Pvt Ltd,,,,Importer,Surat,KOTRA_SNS_2025,기계/산업장비
854370,IN,Hippocampus,,,,Importer,Bangalore,KOTRA_SNS_2025,기계/산업장비
854370,IN,SMS Enterprises,,,,Importer,Ghatkopar Mumbai,KOTRA_SNS_2025,기계/산업장비
854370,IN,Party hub events,,,,Importer,Nashik,KOTRA_SNS_2025,기계/산업장비
854370,IN,ViralMint,,,,Importer,Pune,KOTRA_SNS_2025,기계/산업장비
854370,IN,M Advertising,,,,Importer,Mumbai,KOTRA_SNS_2025,기계/산업장비
854370,IN,Diamonds,,,,Importer,Mumbai,KOTRA_SNS_2025,기계/산업장비
854370,US,Marriott Hotels,,,,Importer,Bangalore,KOTRA_SNS_2025,기계/산업장비
854370,IN,Supreme pharma,,,,Importer,Hubli,KOTRA_SNS_2025,기계/산업장비
854370,IN,Fragomatrix,,,,Importer,Mumbai,KOTRA_SNS_2025,기계/산업장비
854370,IN,Home,,,,Importer,Surat,KOTRA_SNS_2025,기계/산업장비
854370,IN,MFX,,,,Importer,Hyderabad,KOTRA_SNS_2025,기계/산업장비
854370,IN,Star media,,,,Importer,Delhi,KOTRA_SNS_2025,기계/산업장비
854370,IN,Mellow Me Skincare Private Limited,,,,Importer,Pune,KOTRA_SNS_2025,기계/산업장비
854370,IN,Zeba’s creation,,,,Importer,Kolkata,KOTRA_SNS_2025,기계/산업장비
854370,IN,Kamal international,,,,Importer,Mumbai,KOTRA_SNS_2025,기계/산업장비
854370,IN,CRESQI Commerce Private Limited,,,,Importer,Gurgaon,KOTRA_SNS_2025,기계/산업장비
854370,IN,Ramesh D Chheda & co,,,,Importer,Mumbai,KOTRA_SNS_2025,기계/산업장비
854370,IN,Business,,,,Importer,Mumbai,KOTRA_SNS_2025,기계/산업장비
854370,IN,Southern Labs Pvt Ltd,,,,Importer,Bangalore,KOTRA_SNS_2025,기계/산업장비
854370,IN,STUDENT,,,,Importer,Noida,KOTRA_SNS_2025,기계/산업장비
854370,IN,Omlein,,,,Importer,Mumbai,KOTRA_SNS_2025,기계/산업장비
854370,IN,Nykaa.com,,,,Importer,Mumbai,KOTRA_SNS_2025,기계/산업장비
854370,IN,KAINTOYE,,,,Importer,Mohali,KOTRA_SNS_2025,기계/산업장비
854370,IN,TLC AESTHETICA,,,,Importer,Kochi,KOTRA_SNS_2025,기계/산업장비
854370,US,healthcare,,,,Importer,gr Noida,KOTRA_SNS_2025,기계/산업장비
854370,IN,TANWAR INTERNATIONAL,,,,Importer,Ghaziabad,KOTRA_SNS_2025,기계/산업장비
854370,IN,D Flamante Corporation,,,,Importer,Mumbai,KOTRA_SNS_2025,기계/산업장비
854370,IN,Daiko wellness private limited,,,,Importer,Hyderabad,KOTRA_SNS_2025,기계/산업장비
854370,IN,Zenith,,,,Importer,Bangalore,KOTRA_SNS_2025,기계/산업장비
854370,IN,Ayesha& Rabiya'sSchoolofBeauty,,,,Importer,Mumbai,KOTRA_SNS_2025,기계/산업장비
854370,IN,Kosmetic essentials,,,,Importer,Nagpur,KOTRA_SNS_2025,기계/산업장비
854370,IN,Shibel,,,,Importer,Kolkata,KOTRA_SNS_2025,기계/산업장비
854370,IN,Natually india,,,,Importer,Rajahmundry,KOTRA_SNS_2025,기계/산업장비
854370,IN,Wave,,,,Importer,Mumbai,KOTRA_SNS_2025,기계/산업장비
854370,IN,Novartis,,,,Importer,Ahmedabad,KOTRA_SNS_2025,기계/산업장비
854370,US,Arogya formulations p ltd,,,,Importer,Haridwar,KOTRA_SNS_2025,기계/산업장비
854370,IN,ANMER COSMETICS INDIA PVT LTD,,,,Importer,Delhi,KOTRA_SNS_2025,기계/산업장비
854370,IN,Skinska Pharmaceutica pvt ltd,,,,Importer,Hyderabad,KOTRA_SNS_2025,기계/산업장비
854370,IN,Narmada Herbals & Biotech,,,,Importer,bhopal,KOTRA_SNS_2025,기계/산업장비
854370,IN,Enrich Beauty Zone,,,,Importer,Rajkot,KOTRA_SNS_2025,기계/산업장비
854370,IN,RR LIFESTYLES,,,,Importer,Bangalore,KOTRA_SNS_2025,기계/산업장비
854370,IN,Gayatri healthcare products,,,,Importer,Nagpur,KOTRA_SNS_2025,기계/산업장비
854370,IN,Rigved Life Science,,,,Importer,Mumbai,KOTRA_SNS_2025,기계/산업장비
854370,IN,Triology solutions private limited,,,,Importer,Mumbai,KOTRA_SNS_2025,기계/산업장비
854370,IN,Sammmm hbw LLP,,,,Importer,Mumbai,KOTRA_SNS_2025,기계/산업장비
854370,IN,Mufasaman,,,,Importer,New Delhi,KOTRA_SNS_2025,기계/산업장비
854370,IN,Colours unisex salon,,,,Importer,Jammu,KOTRA_SNS_2025,기계/산업장비
854370,IN,B.M.Retail,,,,Importer,Jaipur,KOTRA_SNS_2025,기계/산업장비
854370,IN,Nextwave Lifestyle Pvt Ltd,,,,Importer,Indore,KOTRA_SNS_2025,기계/산업장비
854370,IN,Mlm,,,,Importer,Azamgarh,KOTRA_SNS_2025,기계/산업장비
854370,IN,shape U clinic,,,,Importer,mumbai,KOTRA_SNS_2025,기계/산업장비
854370,IN,PlasticoIndus,,,,Importer,Pune,KOTRA_SNS_2025,기계/산업장비
847950,SA,Mmredc,,,,Importer,Riyadh,KOTRA_SNS_2025,기계/산업장비
847950,MA,Delta Company,,,,Importer,Casablanca,KOTRA_SNS_2025,기계/산업장비
841370,US,Samuel,,,,Importer,Sunrise,KOTRA_SNS_2025,기계/산업장비
841370,US,EV Charging POD LLC,,,,Importer,Brighton,KOTRA_SNS_2025,기계/산업장비
841370,AR,poler,,,,Importer,Bovril,KOTRA_SNS_2025,기계/산업장비
841370,PE,Cassa,,,,Importer,Lima,KOTRA_SNS_2025,기계/산업장비
841370,CO,carlosa,,,,Importer,Montera,KOTRA_SNS_2025,기계/산업장비
841370,BR,LECAR s.a.,,,,Importer,Barueri,KOTRA_SNS_2025,기계/산업장비
841370,MX,imagination corp Consulting,,,,Importer,Chihuahua,KOTRA_SNS_2025,기계/산업장비
841370,CO,asopaca sas,,,,Importer,medellin,KOTRA_SNS_2025,기계/산업장비
841370,BR,Viva la joda!,,,,Importer,byybyb,KOTRA_SNS_2025,기계/산업장비
841370,AR,gotic,,,,Importer,bsas,KOTRA_SNS_2025,기계/산업장비
841370,BR,5191720091,,,,Importer,So Leopoldon,KOTRA_SNS_2025,기계/산업장비
841370,CO,Energy Technologies,,,,Importer,Bogot,KOTRA_SNS_2025,기계/산업장비
841370,AR,bjj,,,,Importer,Rare,KOTRA_SNS_2025,기계/산업장비
841370,AR,tulume,,,,Importer,Santa Fe,KOTRA_SNS_2025,기계/산업장비
841370,AR,mse,,,,Importer,caba,KOTRA_SNS_2025,기계/산업장비
841370,BR,Micro empresario,,,,Importer,Balnerio Cambori,KOTRA_SNS_2025,기계/산업장비
841370,PE,SosaComex,,,,Importer,Bellavista,KOTRA_SNS_2025,기계/산업장비
854370,VN,ASIM Group,,,,Importer,Hanoi Capital Region,KOTRA_SNS_2025,기계/산업장비
854390,VN,한국렌탈(korearental),,,,Importer,Hanoi,KOTRA_SNS_2025,기계/산업장비
854370,VN,Jula AB,,,,Importer,Ho Chi Minh city,KOTRA_SNS_2025,기계/산업장비
854390,VN,Mecsu Company,,,,Importer,Ho Chi Minh City,KOTRA_SNS_2025,기계/산업장비
854370,VN,DOLL EYES,,,,Importer,TP H Ch Minh,KOTRA_SNS_2025,기계/산업장비
854370,VN,Lixibox,,,,Importer,Ho Chi Minh City Metropolitan Area,KOTRA_SNS_2025,기계/산업장비
854370,VN,Siemens,,,,Importer,Ho Chi Minh City,KOTRA_SNS_2025,기계/산업장비
854370,VN,PUMA Group,,,,Importer,Hanoi,KOTRA_SNS_2025,기계/산업장비
854370,VN,"Samsung Display Vietnam Co., Ltd",,,,Importer,Hanoi,KOTRA_SNS_2025,기계/산업장비
854370,VN,CSS Partners LLC,,,,Importer,Ho Chi Minh City,KOTRA_SNS_2025,기계/산업장비
854370,VN,Cherrypham,,,,Importer,Vit Nam,KOTRA_SNS_2025,기계/산업장비
854370,VN,TMD copany,,,,Importer,H Ni,KOTRA_SNS_2025,기계/산업장비
854370,VN,H Ni,,,,Importer,Hanoi,KOTRA_SNS_2025,기계/산업장비
854370,VN,insight,,,,Importer,Hanoi,KOTRA_SNS_2025,기계/산업장비
854370,VN,Thuan phat tech,,,,Importer,Ho Chi Minh City,KOTRA_SNS_2025,기계/산업장비
854370,VN,"Hanoi, Vietnam",,,,Importer,Hanoi,KOTRA_SNS_2025,기계/산업장비
854370,VN,H Ni,,,,Importer,Hanoi,KOTRA_SNS_2025,기계/산업장비
854370,VN,Metastream Labs Inc,,,,Importer,Ho Chi Minh City,KOTRA_SNS_2025,기계/산업장비
854370,VN,Solution Digital Technology,,,,Importer,Hanoi,KOTRA_SNS_2025,기계/산업장비
854370,VN,c nhn,,,,Importer,Ho Chi Minh City,KOTRA_SNS_2025,기계/산업장비
854370,VN,MinKorea,,,,Importer,Hanoi,KOTRA_SNS_2025,기계/산업장비
854390,VN,Techradar,,,,Importer,Hanoi,KOTRA_SNS_2025,기계/산업장비
854370,VN,V.A.L.K company,,,,Importer,Hanoi,KOTRA_SNS_2025,기계/산업장비
854370,VN,Fenicita,,,,Importer,Ho Chi Minh City,KOTRA_SNS_2025,기계/산업장비
854370,VN,sapa vit nam,,,,Importer,Quynh Luu,KOTRA_SNS_2025,기계/산업장비
854370,VN,Susaki,,,,Importer,Hanoi,KOTRA_SNS_2025,기계/산업장비
854390,VN,"Hanoi, Vietnam",,,,Importer,Hanoi,KOTRA_SNS_2025,기계/산업장비
854370,VN,emeraldcruises,,,,Importer,Hai Phong,KOTRA_SNS_2025,기계/산업장비
854370,VN,"Taydo Service Help Co.,, Ltd",,,,Importer,Can Tho,KOTRA_SNS_2025,기계/산업장비
854370,VN,PT Pharmacy,,,,Importer,Ho Chi Minh City,KOTRA_SNS_2025,기계/산업장비
854370,VN,GreenYellow,,,,Importer,Hanoi,KOTRA_SNS_2025,기계/산업장비
854370,VN,Thnh ph H Ch Minh,,,,Importer,Ho Chi Minh City,KOTRA_SNS_2025,기계/산업장비
854370,VN,zicbee technology jsc,,,,Importer,Hanoi,KOTRA_SNS_2025,기계/산업장비
854370,VN,"Green Net Co., Ltd",,,,Importer,Hu,KOTRA_SNS_2025,기계/산업장비
854370,VN,Cube HNB,,,,Importer,Ho Chi Minh City,KOTRA_SNS_2025,기계/산업장비
854370,VN,Ha Anh LTD,,,,Importer,Hanoi,KOTRA_SNS_2025,기계/산업장비
854370,VN,HNK Technology,,,,Importer,Hanoi,KOTRA_SNS_2025,기계/산업장비
854370,VN,Cng ty Tnhh thit b 3H vina,,,,Importer,Ha Loi,KOTRA_SNS_2025,기계/산업장비
854370,VN,Thnh ph H Ch Minh,,,,Importer,Ho Chi Minh,KOTRA_SNS_2025,기계/산업장비
854370,FR,tony company,,,,Importer,H Ni,KOTRA_SNS_2025,기계/산업장비
854370,VN,Cng ty c phn smartsolution 24h,,,,Importer,Hanoi,KOTRA_SNS_2025,기계/산업장비
854370,VN,FUWA Biotech,,,,Importer,Da Nang,KOTRA_SNS_2025,기계/산업장비
854370,VN,"DAI PHUC LOC THO Co., Ltd",,,,Importer,Ho Chi Minh City,KOTRA_SNS_2025,기계/산업장비
854370,VN,Agarwood,,,,Importer,Hanoi,KOTRA_SNS_2025,기계/산업장비
854390,VN,everev,,,,Importer,Hanoi,KOTRA_SNS_2025,기계/산업장비
854370,VN,"Hera Medicare., Co Ltd",,,,Importer,Hanoi,KOTRA_SNS_2025,기계/산업장비
854370,VN,Mainfreight Hanoi Vietnam,,,,Importer,Hanoi,KOTRA_SNS_2025,기계/산업장비
854370,VN,Foellie Vit Nam,,,,Importer,Ho Chi Minh City,KOTRA_SNS_2025,기계/산업장비
854390,VN,Nikawa Vit Nam,,,,Importer,Hanoi,KOTRA_SNS_2025,기계/산업장비
841360,PH,YHM City Lighting,,,,Importer,Quezon City,KOTRA_SNS_2025,기계/산업장비
841360,PH,Facebook,,,,Importer,Daanbantayan,KOTRA_SNS_2025,기계/산업장비
841360,PH,unemployed,,,,Importer,Quezon City,KOTRA_SNS_2025,기계/산업장비
841360,PH,Freelance Midi Programmer,,,,Importer,makati,KOTRA_SNS_2025,기계/산업장비
841360,PH,fcf,,,,Importer,bataan,KOTRA_SNS_2025,기계/산업장비
850431,PK,Facebook,,,,Importer,Hassan Abdal,KOTRA_SNS_2025,기계/산업장비
850431,IN,annapurna minerals and marketing,,,,Importer,Bangalore,KOTRA_SNS_2025,기계/산업장비
850431,TR,Turaclar yatırım inaat turizm ve otelcilik,,,,Importer,Antalya Manavgat Kumky,KOTRA_SNS_2025,기계/산업장비
850431,DZ,Zed media,,,,Importer,Algiers,KOTRA_SNS_2025,기계/산업장비
850431,IQ,Napa valley,,,,Importer,Mosul,KOTRA_SNS_2025,기계/산업장비
850431,ID,Rjis,,,,Importer,Semarang,KOTRA_SNS_2025,기계/산업장비
850431,PK,Swansea Intl Trading Corp,,,,Importer,Karachi,KOTRA_SNS_2025,기계/산업장비
850431,ID,BUMN,,,,Importer,Surabaya,KOTRA_SNS_2025,기계/산업장비
854370,MN,Happy city construction,,,,Importer,Ulaanbaatar,KOTRA_SNS_2025,기계/산업장비
854370,AZ,Maksigen,,,,Importer,Baku,KOTRA_SNS_2025,기계/산업장비
854370,MN,Facebook,,,,Importer,Ulaanbaatar,KOTRA_SNS_2025,기계/산업장비
854370,KH,Bhagwat Healthcare cambodia co ltd,,,,Importer,Phnom Penh,KOTRA_SNS_2025,기계/산업장비
854370,PH,Bethel General Insurance and Surety Corporation,,,,Importer,Marikina City,KOTRA_SNS_2025,기계/산업장비
854370,PH,peoples Pharma and Medical Supplies Trading,,,,Importer,Bacolod CIty,KOTRA_SNS_2025,기계/산업장비
854370,PH,Universal Gameplay International Corporation,,,,Importer,Manila,KOTRA_SNS_2025,기계/산업장비
854370,PK,Musaji Adam & Sons,,,,Importer,Karachi,KOTRA_SNS_2025,기계/산업장비
854370,PK,AAK Scientific Corporation,,,,Importer,Lahore,KOTRA_SNS_2025,기계/산업장비
854370,PK,B&Q Enterprises,,,,Importer,Islamabad,KOTRA_SNS_2025,기계/산업장비
854370,PK,Steritrays.com,,,,Importer,Sialkot,KOTRA_SNS_2025,기계/산업장비
854370,IN,Credence care,,,,Importer,Mumbai,KOTRA_SNS_2025,기계/산업장비
854370,BD,ADGEM,,,,Importer,Dhaka,KOTRA_SNS_2025,기계/산업장비
854370,PK,tek enterprises,,,,Importer,Lahore,KOTRA_SNS_2025,기계/산업장비
854370,PK,GLOBAL TRADING COMPANY,,,,Importer,LAHORE,KOTRA_SNS_2025,기계/산업장비
854370,PK,miksons,,,,Importer,Islamabad,KOTRA_SNS_2025,기계/산업장비
854370,LK,wayforward limited,,,,Importer,mratuwa,KOTRA_SNS_2025,기계/산업장비
854370,BD,Transmed Limited,,,,Importer,Banani Model Town,KOTRA_SNS_2025,기계/산업장비
854370,PK,Craftbrother Dental Services,,,,Importer,Peshawar,KOTRA_SNS_2025,기계/산업장비
854370,US,drutokroy.com,,,,Importer,dhaka,KOTRA_SNS_2025,기계/산업장비
854370,BD,Narsingdi Judge Court,,,,Importer,Narsingdi,KOTRA_SNS_2025,기계/산업장비
854370,US,shahab Traders,,,,Importer,sukkur,KOTRA_SNS_2025,기계/산업장비
854370,PK,Eastern Medical Care Private Limited,,,,Importer,Lahore,KOTRA_SNS_2025,기계/산업장비
854370,IN,pronto,,,,Importer,neemuch,KOTRA_SNS_2025,기계/산업장비
854370,PK,Keyyani Medical Solutions,,,,Importer,khi,KOTRA_SNS_2025,기계/산업장비
854370,PK,Hewad Traders,,,,Importer,mingora,KOTRA_SNS_2025,기계/산업장비
854370,TZ,Afrimex Financing,,,,Importer,Dar es Salaam,KOTRA_SNS_2025,기계/산업장비
854370,GH,Josephnorbert Enterprises,,,,Importer,Accra,KOTRA_SNS_2025,기계/산업장비
854370,KE,Agefine,,,,Importer,Nairobi,KOTRA_SNS_2025,기계/산업장비
854370,KE,SAGGIA LTD,,,,Importer,Nakuru,KOTRA_SNS_2025,기계/산업장비
854370,US,Enabuu services,,,,Importer,Abuja,KOTRA_SNS_2025,기계/산업장비
854370,AR,dac,,,,Importer,Beln de Escobar,KOTRA_SNS_2025,기계/산업장비
854370,MX,Biis PEKSIK,,,,Importer,Toluca,KOTRA_SNS_2025,기계/산업장비
854370,GT,IOTECSA,,,,Importer,Guatemala City,KOTRA_SNS_2025,기계/산업장비
854370,GH,Pax Aurum medical,,,,Importer,Accra,KOTRA_SNS_2025,기계/산업장비
854370,GH,NaiahMight,,,,Importer,Tema,KOTRA_SNS_2025,기계/산업장비
854370,NG,Helt hospitale,,,,Importer,Asaba,KOTRA_SNS_2025,기계/산업장비
854370,EC,Ninguna,,,,Importer,Guayaquil,KOTRA_SNS_2025,기계/산업장비
854370,MX,GCRD,,,,Importer,CUAJIMALPA,KOTRA_SNS_2025,기계/산업장비
854370,MX,Veterinary Equipment S.A. de C.V,,,,Importer,Len,KOTRA_SNS_2025,기계/산업장비
854370,SA,Future Care Company ltd.,,,,Importer,Riyadh,KOTRA_SNS_2025,기계/산업장비
854370,SA,Malak_aloula,,,,Importer,Jeddah,KOTRA_SNS_2025,기계/산업장비
854370,JO,lambda medical company,,,,Importer,Amman,KOTRA_SNS_2025,기계/산업장비
854370,DZ,Retrait,,,,Importer,Fouka,KOTRA_SNS_2025,기계/산업장비
847981,KZ,Hvasystem,,,,Importer,Almaty,KOTRA_SNS_2025,기계/산업장비
847981,KZ,The Qazaq,,,,Importer,Astana,KOTRA_SNS_2025,기계/산업장비
847981,KZ,Navistar Asia,,,,Importer,Almaty,KOTRA_SNS_2025,기계/산업장비
847981,UA,ФГ,,,,Importer,Кив,KOTRA_SNS_2025,기계/산업장비
847981,KZ,BASF Central Asia LLP,,,,Importer,Алматы,KOTRA_SNS_2025,기계/산업장비
847981,MN,BanQtech,,,,Importer,Ulaanbaatar,KOTRA_SNS_2025,기계/산업장비
847981,MN,Uusel agro llc,,,,Importer,Ulaanbaatar,KOTRA_SNS_2025,기계/산업장비
847989,HK,Hazelnut,,,,Importer,HK,KOTRA_SNS_2025,기계/산업장비
850440,RO,Bioten,,,,Importer,Comanesti,KOTRA_SNS_2025,기계/산업장비
847989,US,azwholesalesllc,,,,Importer,Richmond,KOTRA_SNS_2025,기계/산업장비
847989,US,UMARX,,,,Importer,Hollywood,KOTRA_SNS_2025,기계/산업장비
847989,CA,SKALLE IT,,,,Importer,Toronto,KOTRA_SNS_2025,기계/산업장비
847989,US,Casa de Caf,,,,Importer,Huntington Park,KOTRA_SNS_2025,기계/산업장비
847989,US,Miselania,,,,Importer,Wyoming,KOTRA_SNS_2025,기계/산업장비
847989,US,TRADINGCORP,,,,Importer,Orlando,KOTRA_SNS_2025,기계/산업장비
847989,US,Electrik Events,,,,Importer,Pewaukee,KOTRA_SNS_2025,기계/산업장비
847989,BR,RBA Elevadores,,,,Importer,So Jos do Rio Prto,KOTRA_SNS_2025,기계/산업장비
847989,AR,samsung,,,,Importer,caba,KOTRA_SNS_2025,기계/산업장비
847989,US,foxjx,,,,Importer,la plata,KOTRA_SNS_2025,기계/산업장비
847989,AR,system,,,,Importer,caba,KOTRA_SNS_2025,기계/산업장비
847989,AR,MAR IMPEX,,,,Importer,Buenos Aires,KOTRA_SNS_2025,기계/산업장비
847989,AR,fulber,,,,Importer,bs as,KOTRA_SNS_2025,기계/산업장비
847989,MX,Relacion de Dependencia,,,,Importer,Ciudad de Mxico,KOTRA_SNS_2025,기계/산업장비
847989,CO,Iridiumnet,,,,Importer,Medelln,KOTRA_SNS_2025,기계/산업장비
847989,DO,Dofex,,,,Importer,Santo Domingo,KOTRA_SNS_2025,기계/산업장비
847989,AR,Brogas s.a.,,,,Importer,Capital Federal,KOTRA_SNS_2025,기계/산업장비
847989,CO,Arbal,,,,Importer,Cali,KOTRA_SNS_2025,기계/산업장비
847989,BR,Laranjeira Representacoes Ltda,,,,Importer,Vespasiano,KOTRA_SNS_2025,기계/산업장비
847989,EC,Independiente,,,,Importer,Quito,KOTRA_SNS_2025,기계/산업장비
847989,BR,Autnomo,,,,Importer,Manaus,KOTRA_SNS_2025,기계/산업장비
847989,CL,Dexagen,,,,Importer,Santiago,KOTRA_SNS_2025,기계/산업장비
847989,GR,Marinopoulos Medical,,,,Importer,Moschato,KOTRA_SNS_2025,기계/산업장비
847989,RO,Sea sun apart,,,,Importer,Bucharest,KOTRA_SNS_2025,기계/산업장비
847989,RO,Ce,,,,Importer,Oradea,KOTRA_SNS_2025,기계/산업장비
847989,BG,"Болница "" Здравето""",,,,Importer,Sofia,KOTRA_SNS_2025,기계/산업장비
847989,ES,Firechip,,,,Importer,Barcelona,KOTRA_SNS_2025,기계/산업장비
847989,HU,RecoVill,,,,Importer,Budapest,KOTRA_SNS_2025,기계/산업장비
847989,PL,Licht Zone sp z o.o.,,,,Importer,Warsaw,KOTRA_SNS_2025,기계/산업장비
847989,BG,krithania@gmail.com,,,,Importer,Sofia,KOTRA_SNS_2025,기계/산업장비
847989,US,.,,,,Importer,Paris,KOTRA_SNS_2025,기계/산업장비
847989,HR,LIKE-NET,,,,Importer,Sesvete,KOTRA_SNS_2025,기계/산업장비
847989,GR,DEAF GREECE  HERO LEADER WORLD,,,,Importer,CHORA NAXOS,KOTRA_SNS_2025,기계/산업장비
850440,HU,Geci cigany  kft.,,,,Importer,Sopron,KOTRA_SNS_2025,기계/산업장비
850440,DE,KOCHAN SERGEY +380980920090,,,,Importer,Berlin,KOTRA_SNS_2025,기계/산업장비
850440,SK,laser LIVE,,,,Importer,Bratislava,KOTRA_SNS_2025,기계/산업장비
850440,US,флаг х,,,,Importer,Bulgaria,KOTRA_SNS_2025,기계/산업장비
850440,FR,AB2,,,,Importer,Paris,KOTRA_SNS_2025,기계/산업장비
847950,Germany,Laser Zentrum Hannover e.V. (LZH),,,,Importer,Hannover,KOTRA_SNS_2025,기계/산업장비
847950,Germany,Ranzigen,,,,Importer,Hannover,KOTRA_SNS_2025,기계/산업장비
847950,Germany,"Lenord, Bauer & Co. GmbH",,,,Importer,Oberhausen,KOTRA_SNS_2025,기계/산업장비
847950,Romania,Solera | Audatex,,,,Importer,Bucharest,KOTRA_SNS_2025,기계/산업장비
847950,Greece,D. DIMITRIOU Industrial Equipment,,,,Importer,Trikala,KOTRA_SNS_2025,기계/산업장비
847950,Germany,Euro Maschinen und Gerte,,,,Importer,Detmold,KOTRA_SNS_2025,기계/산업장비
847950,Germany,AYESA,,,,Importer,hamburg,KOTRA_SNS_2025,기계/산업장비
847950,Germany,TKES,,,,Importer,Greater Hamburg Area,KOTRA_SNS_2025,기계/산업장비
847950,Romania,popageo,,,,Importer,Buzu,KOTRA_SNS_2025,기계/산업장비
847950,Spain,Cruise Line,,,,Importer,Palma,KOTRA_SNS_2025,기계/산업장비
847950,Germany,Volkswagen,,,,Importer,Hannover,KOTRA_SNS_2025,기계/산업장비
847950,Germany,SUPRAJIT (Former Kongsberg Automtoive),,,,Importer,Niederbayern,KOTRA_SNS_2025,기계/산업장비
847950,Germany,Danube Web Services,,,,Importer,Stuttgart,KOTRA_SNS_2025,기계/산업장비
847989,UZ,Uzautomotors,,,,Importer,Tashkent,KOTRA_SNS_2025,기계/산업장비
847989,UZ,Коканд,,,,Importer,Tashkent,KOTRA_SNS_2025,기계/산업장비
847989,UZ,"ООО ""Рога и Копыты"". Учредитель. Директор",,,,Importer,Tashkent,KOTRA_SNS_2025,기계/산업장비
841330,South Africa,HSP Group,,,,Importer,Johannesburg,KOTRA_SNS_2025,기계/산업장비
841330,South Africa,Durban University of Technology/DSI-HSRC,,,,Importer,Johannesburg,KOTRA_SNS_2025,기계/산업장비
841330,South Africa,IDU,,,,Importer,Johannesburg,KOTRA_SNS_2025,기계/산업장비
841330,South Africa,City of Ekurhuleni,,,,Importer,Johannesburg,KOTRA_SNS_2025,기계/산업장비
841330,South Africa,Tychoflash,,,,Importer,Johannesburg,KOTRA_SNS_2025,기계/산업장비
841330,South Africa,AutoZone South Africa,,,,Importer,Johannesburg,KOTRA_SNS_2025,기계/산업장비
841330,South Africa,Motus Aftermarket Parts,,,,Importer,Johannesburg,KOTRA_SNS_2025,기계/산업장비
841330,South Africa,Screan,,,,Importer,Johannesburg,KOTRA_SNS_2025,기계/산업장비
841330,South Africa,Iveco Group,,,,Importer,Johannesburg,KOTRA_SNS_2025,기계/산업장비
841330,Zimbabwe,Fossil Contracting,,,,Importer,Harare,KOTRA_SNS_2025,기계/산업장비
841330,Nambia,Wiibloom,,,,Importer,city,KOTRA_SNS_2025,기계/산업장비
841330,Zambia,Something Automotive Limited,,,,Importer,Lusaka,KOTRA_SNS_2025,기계/산업장비
841330,Malawi,Teleservice Traders Limited,,,,Importer,Central Region,KOTRA_SNS_2025,기계/산업장비
841330,Zambia,Mukuni Medical Centre,,,,Importer,Lusaka,KOTRA_SNS_2025,기계/산업장비
841330,Zimbabwe,US AFrica Trade Commission,,,,Importer,Harare,KOTRA_SNS_2025,기계/산업장비
841330,Zambia,The University Of Zambia (UNZA),,,,Importer,Lusaka,KOTRA_SNS_2025,기계/산업장비
841330,Zambia,No company,,,,Importer,Lusaka,KOTRA_SNS_2025,기계/산업장비
841330,Zambia,Delta Auto & Equipment Ltd,,,,Importer,Lusaka,KOTRA_SNS_2025,기계/산업장비
841330,Mauritius,Fleet Pro Services Ltd,,,,Importer,Plaines Wilhems District,KOTRA_SNS_2025,기계/산업장비
841330,Lesotho,LmL auto clinic,,,,Importer,Maseru District,KOTRA_SNS_2025,기계/산업장비
854370,US,Grattitudes,,,,Importer,Los Angeles,KOTRA_SNS_2025,기계/산업장비
854370,US,The Waxed kitty,,,,Importer,Jacksonville,KOTRA_SNS_2025,기계/산업장비
854370,US,sometimes im creative,,,,Importer,Toledo,KOTRA_SNS_2025,기계/산업장비
854370,IN,sri siva sai distribution centre,,,,Importer,challapalli,KOTRA_SNS_2025,기계/산업장비
854370,IN,Mazda colours Ltd,,,,Importer,Mumbai,KOTRA_SNS_2025,기계/산업장비
854370,IN,Radheypushp marketing,,,,Importer,Aurangabad Nashik Nagpur Mumbai,KOTRA_SNS_2025,기계/산업장비
854370,IN,Drglow,,,,Importer,Mumbai,KOTRA_SNS_2025,기계/산업장비
854370,IN,Herb Tantra,,,,Importer,Noida,KOTRA_SNS_2025,기계/산업장비
854370,IN,abc,,,,Importer,Bangalore,KOTRA_SNS_2025,기계/산업장비
854370,IN,Dilip Cherian,,,,Importer,New Delhi,KOTRA_SNS_2025,기계/산업장비
854370,IN,"Prithvi eco sciences pvt ltd mysore, India",,,,Importer,Mysore,KOTRA_SNS_2025,기계/산업장비
854370,IN,Horizon Agencies,,,,Importer,Malappuram,KOTRA_SNS_2025,기계/산업장비
854370,IN,Abhi Global Exim,,,,Importer,Kolayat,KOTRA_SNS_2025,기계/산업장비
854370,IN,Sandeep Pitaliya,,,,Importer,Pune,KOTRA_SNS_2025,기계/산업장비
854370,IN,Prayana Solutions International Pvt Ltd,,,,Importer,Thrissur,KOTRA_SNS_2025,기계/산업장비
854370,US,Buisness,,,,Importer,Mumbai,KOTRA_SNS_2025,기계/산업장비
854370,IN,Divya Alkline,,,,Importer,Ahmedabad,KOTRA_SNS_2025,기계/산업장비
854370,US,Obenvox,,,,Importer,Coimbatore,KOTRA_SNS_2025,기계/산업장비
854370,IN,Hyy,,,,Importer,Bengaluru,KOTRA_SNS_2025,기계/산업장비
854370,IN,VRfoundation,,,,Importer,Ballia,KOTRA_SNS_2025,기계/산업장비
854370,IN,Paper n films international,,,,Importer,Mumbai,KOTRA_SNS_2025,기계/산업장비
854370,IN,Herb Tantra,,,,Importer,Noida,KOTRA_SNS_2025,기계/산업장비
854370,IN,abc,,,,Importer,Bangalore,KOTRA_SNS_2025,기계/산업장비
854370,US,Bounten,,,,Importer,Miyapoor,KOTRA_SNS_2025,기계/산업장비
854370,IN,Dilip Cherian,,,,Importer,New Delhi,KOTRA_SNS_2025,기계/산업장비
854370,IN,"Prithvi eco sciences pvt ltd mysore, India",,,,Importer,Mysore,KOTRA_SNS_2025,기계/산업장비
854370,IN,Horizon Agencies,,,,Importer,Malappuram,KOTRA_SNS_2025,기계/산업장비
854370,IN,,,,,Importer,Batala,KOTRA_SNS_2025,기계/산업장비
854370,IN,MI Enterprises,,,,Importer,Bangalore,KOTRA_SNS_2025,기계/산업장비
854370,IN,C.l electronics pvt ltd,,,,Importer,Ludhiana,KOTRA_SNS_2025,기계/산업장비
854370,IN,Self,,,,Importer,Pen,KOTRA_SNS_2025,기계/산업장비
854370,IN,Abhi Global Exim,,,,Importer,Kolayat,KOTRA_SNS_2025,기계/산업장비
854370,IN,Garg construction and leasing company,,,,Importer,Mandi gobind garh,KOTRA_SNS_2025,기계/산업장비
854370,IN,Sandeep Pitaliya,,,,Importer,Pune,KOTRA_SNS_2025,기계/산업장비
854370,IN,Prayana Solutions International Pvt Ltd,,,,Importer,Thrissur,KOTRA_SNS_2025,기계/산업장비
854370,US,Buisness,,,,Importer,Mumbai,KOTRA_SNS_2025,기계/산업장비
854370,IN,Divya Alkline,,,,Importer,Ahmedabad,KOTRA_SNS_2025,기계/산업장비
854370,US,Obenvox,,,,Importer,Coimbatore,KOTRA_SNS_2025,기계/산업장비
854370,IN,VRfoundation,,,,Importer,Ballia,KOTRA_SNS_2025,기계/산업장비
854370,IN,Paper n films international,,,,Importer,Mumbai,KOTRA_SNS_2025,기계/산업장비
854370,IN,Cosmoderm,,,,Importer,Jalgaon,KOTRA_SNS_2025,기계/산업장비
854370,IN,sri siva sai distribution centre,,,,Importer,challapalli,KOTRA_SNS_2025,기계/산업장비
854370,IN,"MYSTIQUE, Architect, Engineers, Interior Designers",,,,Importer,"Dahanu, Maharashtra India",KOTRA_SNS_2025,기계/산업장비
854370,IN,Mazda colours Ltd,,,,Importer,Mumbai,KOTRA_SNS_2025,기계/산업장비
854370,IN,Radheypushp marketing,,,,Importer,Aurangabad Nashik Nagpur Mumbai,KOTRA_SNS_2025,기계/산업장비
854370,IN,integral Biomedical technologies,,,,Importer,mumbai,KOTRA_SNS_2025,기계/산업장비
854370,IN,Drglow,,,,Importer,Mumbai,KOTRA_SNS_2025,기계/산업장비
854370,IN,Backbase LLP,,,,Importer,Hyderabad,KOTRA_SNS_2025,기계/산업장비
854370,IN,kundan traders vidisha m.p.,,,,Importer,Vidisha,KOTRA_SNS_2025,기계/산업장비
854370,US,Studio Life LLC,,,,Importer,Honolulu,KOTRA_SNS_2025,기계/산업장비
847950,USA,Amazon Robotics,,,,Importer,Chicago,KOTRA_SNS_2025,기계/산업장비
847950,USA,Peridio,,,,Importer,Chicago,KOTRA_SNS_2025,기계/산업장비
847950,USA,Irwin Seating,,,,Importer,Chicago,KOTRA_SNS_2025,기계/산업장비
847950,USA,Mowito Robotics,,,,Importer,Chicago,KOTRA_SNS_2025,기계/산업장비
847950,USA,IDS Imaging Inc,,,,Importer,Chicago,KOTRA_SNS_2025,기계/산업장비
847950,USA,Futaba,,,,Importer,Chicago,KOTRA_SNS_2025,기계/산업장비
847950,USA,World wide materials control,,,,Importer,Chicago,KOTRA_SNS_2025,기계/산업장비
847950,USA,Recognition Robotics Inc.,,,,Importer,Chicago,KOTRA_SNS_2025,기계/산업장비
847950,USA,Batten Ind.,,,,Importer,Chicago,KOTRA_SNS_2025,기계/산업장비
847950,USA,Interteck,,,,Importer,Chicago,KOTRA_SNS_2025,기계/산업장비
847950,USA,Marmon Food Service Technologies,,,,Importer,Chicago,KOTRA_SNS_2025,기계/산업장비
847950,USA,Sprial,,,,Importer,Chicago,KOTRA_SNS_2025,기계/산업장비
847950,USA,Aerosapien Technologies,,,,Importer,Chicago,KOTRA_SNS_2025,기계/산업장비
847950,USA,Avery Products,,,,Importer,Chicago,KOTRA_SNS_2025,기계/산업장비
847950,USA,Sanezoo,,,,Importer,Chicago,KOTRA_SNS_2025,기계/산업장비
847950,USA,Amazon,,,,Importer,Chicago,KOTRA_SNS_2025,기계/산업장비
847950,USA,TFS,,,,Importer,Chicago,KOTRA_SNS_2025,기계/산업장비
847950,USA,Lincoln Electric Automation,,,,Importer,Chicago,KOTRA_SNS_2025,기계/산업장비
847950,USA,Toyota,,,,Importer,Chicago,KOTRA_SNS_2025,기계/산업장비
847950,USA,CIM Automation LTDA,,,,Importer,Chicago,KOTRA_SNS_2025,기계/산업장비
847950,USA,Control in Motion,,,,Importer,Chicago,KOTRA_SNS_2025,기계/산업장비
847950,USA,Rockwell Automation,,,,Importer,Chicago,KOTRA_SNS_2025,기계/산업장비
847950,USA,Johnson and Johnson,,,,Importer,Chicago,KOTRA_SNS_2025,기계/산업장비
847950,USA,SmartShift Robotics,,,,Importer,Chicago,KOTRA_SNS_2025,기계/산업장비
847950,USA,HRA,,,,Importer,Chicago,KOTRA_SNS_2025,기계/산업장비
847950,USA,Motion Ai,,,,Importer,Chicago,KOTRA_SNS_2025,기계/산업장비
847950,USA,Dassault Systems,,,,Importer,Chicago,KOTRA_SNS_2025,기계/산업장비
847950,USA,Motion Ai (IL),,,,Importer,Chicago,KOTRA_SNS_2025,기계/산업장비
847950,USA,Hyper Active,,,,Importer,Chicago,KOTRA_SNS_2025,기계/산업장비
847950,USA,Franel,,,,Importer,Chicago,KOTRA_SNS_2025,기계/산업장비
847950,USA,Quality Packaging,,,,Importer,Chicago,KOTRA_SNS_2025,기계/산업장비
847950,USA,GWI Engineering,,,,Importer,Chicago,KOTRA_SNS_2025,기계/산업장비
847950,USA,Zimmer Biomet,,,,Importer,Chicago,KOTRA_SNS_2025,기계/산업장비
847950,USA,Technology Development Institute,,,,Importer,Chicago,KOTRA_SNS_2025,기계/산업장비
847950,USA,"Haas Automation, Inc.",,,,Importer,Chicago,KOTRA_SNS_2025,기계/산업장비
847950,USA,Bizlink Robotic Solution USA,,,,Importer,Chicago,KOTRA_SNS_2025,기계/산업장비
847950,USA,Central Garden and Pet Company,,,,Importer,Chicago,KOTRA_SNS_2025,기계/산업장비
847950,USA,Palm USA,,,,Importer,Chicago,KOTRA_SNS_2025,기계/산업장비
847950,USA,Berner Automation,,,,Importer,Chicago,KOTRA_SNS_2025,기계/산업장비
847950,USA,Lexair,,,,Importer,Chicago,KOTRA_SNS_2025,기계/산업장비
847950,USA,Nottingham Spirk,,,,Importer,Chicago,KOTRA_SNS_2025,기계/산업장비
847950,USA,Hyundai,,,,Importer,Chicago,KOTRA_SNS_2025,기계/산업장비
847950,USA,Wauseon Machine,,,,Importer,Chicago,KOTRA_SNS_2025,기계/산업장비
847950,USA,DEPRAG Inc.,,,,Importer,Chicago,KOTRA_SNS_2025,기계/산업장비
847950,USA,enVista LLC,,,,Importer,Chicago,KOTRA_SNS_2025,기계/산업장비
847950,USA,Andrews Cooper,,,,Importer,Chicago,KOTRA_SNS_2025,기계/산업장비
847950,USA,Freudenberg-NOK,,,,Importer,Chicago,KOTRA_SNS_2025,기계/산업장비
847950,USA,Actash,,,,Importer,Chicago,KOTRA_SNS_2025,기계/산업장비
847950,USA,EV Bots Inc,,,,Importer,Chicago,KOTRA_SNS_2025,기계/산업장비
847950,USA,BWT Automation,,,,Importer,Chicago,KOTRA_SNS_2025,기계/산업장비
847950,USA,Ceres Innovation,,,,Importer,Chicago,KOTRA_SNS_2025,기계/산업장비
847950,USA,University of Chicago,,,,Importer,Chicago,KOTRA_SNS_2025,기계/산업장비
847950,USA,Outland Robotics,,,,Importer,Chicago,KOTRA_SNS_2025,기계/산업장비
847950,USA,DecoPlate,,,,Importer,Chicago,KOTRA_SNS_2025,기계/산업장비
847950,USA,Hyundai Mobis,,,,Importer,Chicago,KOTRA_SNS_2025,기계/산업장비
847950,USA,Physimetrics Inc,,,,Importer,Chicago,KOTRA_SNS_2025,기계/산업장비
847950,USA,IDEA America JSC,,,,Importer,Chicago,KOTRA_SNS_2025,기계/산업장비
847950,USA,Atlantic Coated Papers Limited,,,,Importer,Chicago,KOTRA_SNS_2025,기계/산업장비
847950,USA,Amazon.com,,,,Importer,Chicago,KOTRA_SNS_2025,기계/산업장비
847950,USA,"mccain FOODS,USA",,,,Importer,Chicago,KOTRA_SNS_2025,기계/산업장비
847950,USA,RoboTape by innovative Automation,,,,Importer,Chicago,KOTRA_SNS_2025,기계/산업장비
847950,USA,Juggernaut Investments,,,,Importer,Chicago,KOTRA_SNS_2025,기계/산업장비
847950,USA,Lincode Labs,,,,Importer,Chicago,KOTRA_SNS_2025,기계/산업장비
847950,USA,Weldmatic Automation Inc.,,,,Importer,Chicago,KOTRA_SNS_2025,기계/산업장비
847950,USA,EL GREG fROZEN FOODS,,,,Importer,Chicago,KOTRA_SNS_2025,기계/산업장비
847950,USA,Asisa,,,,Importer,Chicago,KOTRA_SNS_2025,기계/산업장비
847950,USA,HowToRobot,,,,Importer,Chicago,KOTRA_SNS_2025,기계/산업장비
847950,USA,Flash Cut CNC,,,,Importer,Chicago,KOTRA_SNS_2025,기계/산업장비
847950,USA,JR Automation,,,,Importer,Chicago,KOTRA_SNS_2025,기계/산업장비
847950,USA,20/20,,,,Importer,Chicago,KOTRA_SNS_2025,기계/산업장비
847950,USA,LOBOTLAB,,,,Importer,Chicago,KOTRA_SNS_2025,기계/산업장비
847950,USA,FANUC America Corporation,,,,Importer,Chicago,KOTRA_SNS_2025,기계/산업장비
847950,USA,JARC,,,,Importer,Chicago,KOTRA_SNS_2025,기계/산업장비
847950,USA,Lewis Welding Inc,,,,Importer,Chicago,KOTRA_SNS_2025,기계/산업장비
847950,USA,Crown Equipment,,,,Importer,Chicago,KOTRA_SNS_2025,기계/산업장비
847950,USA,Charles River Laboratories,,,,Importer,Chicago,KOTRA_SNS_2025,기계/산업장비
847950,USA,Vegatech,,,,Importer,Chicago,KOTRA_SNS_2025,기계/산업장비
847950,USA,Choctaw-Kaul Distribution Company,,,,Importer,Chicago,KOTRA_SNS_2025,기계/산업장비
847950,USA,Worldwide Materials Control,,,,Importer,Chicago,KOTRA_SNS_2025,기계/산업장비
847950,USA,GE Aerospace,,,,Importer,Chicago,KOTRA_SNS_2025,기계/산업장비
847950,USA,Fincantieri Marine Group,,,,Importer,Chicago,KOTRA_SNS_2025,기계/산업장비
847950,USA,Spiral,,,,Importer,Chicago,KOTRA_SNS_2025,기계/산업장비
847950,USA,Lifeline Data Centers,,,,Importer,Chicago,KOTRA_SNS_2025,기계/산업장비
847950,USA,Norma Group Americas,,,,Importer,Chicago,KOTRA_SNS_2025,기계/산업장비
847950,USA,Intertek,,,,Importer,Chicago,KOTRA_SNS_2025,기계/산업장비
847950,USA,BTEK Scales,,,,Importer,Chicago,KOTRA_SNS_2025,기계/산업장비
847950,USA,Universal Robots (Partner이고 현재 풀타임으로 소속된 회사는 아님),,,,Importer,Chicago,KOTRA_SNS_2025,기계/산업장비
847950,USA,Elios Tech Inc.,,,,Importer,Chicago,KOTRA_SNS_2025,기계/산업장비
847950,USA,Applied Materials Inc.,,,,Importer,Chicago,KOTRA_SNS_2025,기계/산업장비
847950,USA,Smith Automation,,,,Importer,Chicago,KOTRA_SNS_2025,기계/산업장비
847950,USA,Svaya Robotics,,,,Importer,Chicago,KOTRA_SNS_2025,기계/산업장비
847950,USA,ATI Industrial Automation,,,,Importer,Chicago,KOTRA_SNS_2025,기계/산업장비
847950,USA,Cardinal Robotics Co.,,,,Importer,Chicago,KOTRA_SNS_2025,기계/산업장비
847950,USA,Wibu-Systems USA,,,,Importer,Chicago,KOTRA_SNS_2025,기계/산업장비
847950,USA,"Pheonix contract USA Inc,",,,,Importer,Chicago,KOTRA_SNS_2025,기계/산업장비
847950,USA,HEIDENHAIN CORP.,,,,Importer,Chicago,KOTRA_SNS_2025,기계/산업장비
847950,USA,Nuclus automatic partners lc,,,,Importer,Chicago,KOTRA_SNS_2025,기계/산업장비
847950,USA,HDhyundai robotics,,,,Importer,Chicago,KOTRA_SNS_2025,기계/산업장비
847950,USA,Gabriela liamas solution,,,,Importer,Chicago,KOTRA_SNS_2025,기계/산업장비
847950,USA,Finecables,,,,Importer,Chicago,KOTRA_SNS_2025,기계/산업장비
847950,USA,CEC Controls/wood,,,,Importer,Chicago,KOTRA_SNS_2025,기계/산업장비
847950,USA,Hyundai translead,,,,Importer,Chicago,KOTRA_SNS_2025,기계/산업장비
847950,USA,Arcbest,,,,Importer,Chicago,KOTRA_SNS_2025,기계/산업장비
847950,USA,The IT Architect,,,,Importer,Chicago,KOTRA_SNS_2025,기계/산업장비
847950,USA,RL Matus & Associates.Inc,,,,Importer,Chicago,KOTRA_SNS_2025,기계/산업장비
847950,USA,EDSI,,,,Importer,Chicago,KOTRA_SNS_2025,기계/산업장비
847950,USA,Denso,,,,Importer,Chicago,KOTRA_SNS_2025,기계/산업장비
847950,USA,Yaskawa India Pvt. Ltd.,,,,Importer,Chicago,KOTRA_SNS_2025,기계/산업장비
847950,USA,Priority,,,,Importer,Chicago,KOTRA_SNS_2025,기계/산업장비
847950,USA,Northwestern University,,,,Importer,Chicago,KOTRA_SNS_2025,기계/산업장비
847950,USA,JBCS Group,,,,Importer,Chicago,KOTRA_SNS_2025,기계/산업장비
847950,USA,ACCUFACTURE LLC,,,,Importer,Chicago,KOTRA_SNS_2025,기계/산업장비
847950,USA,"Miller Electric Mfg., LLC",,,,Importer,Chicago,KOTRA_SNS_2025,기계/산업장비
847950,USA,Interact Analysis,,,,Importer,Chicago,KOTRA_SNS_2025,기계/산업장비
847950,USA,US Bank,,,,Importer,Chicago,KOTRA_SNS_2025,기계/산업장비
847950,USA,AutoPulse,,,,Importer,Chicago,KOTRA_SNS_2025,기계/산업장비
847950,USA,Ahmadi Industries B.S.C,,,,Importer,Chicago,KOTRA_SNS_2025,기계/산업장비
847950,USA,Martinrea,,,,Importer,Chicago,KOTRA_SNS_2025,기계/산업장비
847950,USA,Actash,,,,Importer,Chicago,KOTRA_SNS_2025,기계/산업장비
847950,USA,Andrews Cooper,,,,Importer,Chicago,KOTRA_SNS_2025,기계/산업장비
847950,USA,Swan Machine,,,,Importer,Chicago,KOTRA_SNS_2025,기계/산업장비
847950,USA,Toyota Motor Manufacturing Indiana,,,,Importer,Chicago,KOTRA_SNS_2025,기계/산업장비
847950,USA,Penssylvania State University,,,,Importer,Chicago,KOTRA_SNS_2025,기계/산업장비
847950,USA,IM Systems,,,,Importer,Chicago,KOTRA_SNS_2025,기계/산업장비
847950,USA,Vestshell,,,,Importer,Chicago,KOTRA_SNS_2025,기계/산업장비
847950,USA,Flashcut CNC,,,,Importer,Chicago,KOTRA_SNS_2025,기계/산업장비
847950,USA,Nvidia,,,,Importer,Chicago,KOTRA_SNS_2025,기계/산업장비
847950,USA,Level,,,,Importer,Chicago,KOTRA_SNS_2025,기계/산업장비
847950,USA,Flare Robotics,,,,Importer,Chicago,KOTRA_SNS_2025,기계/산업장비
847950,USA,KRIA,,,,Importer,Chicago,KOTRA_SNS_2025,기계/산업장비
847950,USA,SNS Industrial,,,,Importer,Chicago,KOTRA_SNS_2025,기계/산업장비
847950,USA,NVIDIA Corporation,,,,Importer,Chicago,KOTRA_SNS_2025,기계/산업장비
847950,USA,spatium XG,,,,Importer,Chicago,KOTRA_SNS_2025,기계/산업장비
847950,USA,CFS Technologies,,,,Importer,Chicago,KOTRA_SNS_2025,기계/산업장비
847950,USA,Smart Vision Lights,,,,Importer,Chicago,KOTRA_SNS_2025,기계/산업장비
847950,USA,Analytical Advisory,,,,Importer,Chicago,KOTRA_SNS_2025,기계/산업장비
847950,USA,One Button Consulting,,,,Importer,Chicago,KOTRA_SNS_2025,기계/산업장비
847950,USA,SYNC Robotics,,,,Importer,Chicago,KOTRA_SNS_2025,기계/산업장비
847950,USA,Bridgerland Technical College,,,,Importer,Chicago,KOTRA_SNS_2025,기계/산업장비
847950,USA,Nucor Steel Crawfordsville,,,,Importer,Chicago,KOTRA_SNS_2025,기계/산업장비
847950,USA,Mechatronic,,,,Importer,Chicago,KOTRA_SNS_2025,기계/산업장비
847950,USA,Marvin Windows,,,,Importer,Chicago,KOTRA_SNS_2025,기계/산업장비
847950,USA,Weather Tech,,,,Importer,Chicago,KOTRA_SNS_2025,기계/산업장비
847950,USA,Delavan Spray Technologies,,,,Importer,Chicago,KOTRA_SNS_2025,기계/산업장비
847950,USA,Ontario Die International,,,,Importer,Chicago,KOTRA_SNS_2025,기계/산업장비
847950,USA,Andrews Cooper,,,,Importer,Chicago,KOTRA_SNS_2025,기계/산업장비
841459,AF,Ata,,,,Importer,Konya,KOTRA_SNS_2025,기계/산업장비
841459,TR,dursungiller,,,,Importer,Malatya,KOTRA_SNS_2025,기계/산업장비
841459,TR,Tamsan Compressors,,,,Importer,Ankara,KOTRA_SNS_2025,기계/산업장비
841459,TR,yimpa st rnleri,,,,Importer,ankara,KOTRA_SNS_2025,기계/산업장비
841459,US,enver,,,,Importer,Kayseri,KOTRA_SNS_2025,기계/산업장비
841459,TR,Serdar motorlu aralar,,,,Importer,Istanbul,KOTRA_SNS_2025,기계/산업장비
841459,TR,Grassco,,,,Importer,Kocaeli,KOTRA_SNS_2025,기계/산업장비
841459,TR,sultan armuti,,,,Importer,Gaziantep,KOTRA_SNS_2025,기계/산업장비
841459,TR,Utku Group,,,,Importer,Istanbul,KOTRA_SNS_2025,기계/산업장비
841459,PT,Biomicro Lda,,,,Importer,Maia,KOTRA_SNS_2025,기계/산업장비
841459,TR,celiker,,,,Importer,Etlik,KOTRA_SNS_2025,기계/산업장비
841459,US,B,,,,Importer,Mersin,KOTRA_SNS_2025,기계/산업장비
841459,GR,ARTEX,,,,Importer,Polchni,KOTRA_SNS_2025,기계/산업장비
841459,US,B,,,,Importer,Mersin,KOTRA_SNS_2025,기계/산업장비
841459,US,enver,,,,Importer,Kayseri,KOTRA_SNS_2025,기계/산업장비
841459,TR,Ata,,,,Importer,Konya,KOTRA_SNS_2025,기계/산업장비
841459,ES,Manuel Pereiro,,,,Importer,Vigo,KOTRA_SNS_2025,기계/산업장비
841459,TR,Manchester United,,,,Importer,Bursa,KOTRA_SNS_2025,기계/산업장비
841459,TR,sultan armuti,,,,Importer,Gaziantep,KOTRA_SNS_2025,기계/산업장비
841459,TR,demir kompresr,,,,Importer,Istanbul,KOTRA_SNS_2025,기계/산업장비
841459,TR,Karabcek metal,,,,Importer,Pursaklar,KOTRA_SNS_2025,기계/산업장비
841459,TR,demir kompresr,,,,Importer,Istanbul,KOTRA_SNS_2025,기계/산업장비
841459,Mxico,SPARX Logistics Mexico,,,,Importer,Mxico,KOTRA_SNS_2025,기계/산업장비
841459,Mxico,Distribuidora Losos SA de CV,,,,Importer,Mxico,KOTRA_SNS_2025,기계/산업장비
841459,Mxico,IXPIA IT SOLUTIONS,,,,Importer,Mxico,KOTRA_SNS_2025,기계/산업장비
841459,Mxico,R. A. T. S. A.,,,,Importer,Mxico,KOTRA_SNS_2025,기계/산업장비
841459,Mxico,Pea Colorada,,,,Importer,Colima,KOTRA_SNS_2025,기계/산업장비
841459,Mxico,MONEX GRUPO FINANCIERO,,,,Importer,Ciudad de Mxico,KOTRA_SNS_2025,기계/산업장비
841459,Austria,agru,,,,Importer,Bad Hall,KOTRA_SNS_2025,기계/산업장비
854370,Czech Republic,Foragi s.r.o,,,,Importer,Mlnk,KOTRA_SNS_2025,기계/산업장비
854370,Netherland,Bollegraf,,,,Importer,Appingedam,KOTRA_SNS_2025,기계/산업장비
841480,Poland,EKODREN,,,,Importer,Sokołw,KOTRA_SNS_2025,기계/산업장비
854370,Poland,T-Master,,,,Importer,Warschau,KOTRA_SNS_2025,기계/산업장비
854370,United Kingdom,Biodry LLC,,,,Importer,London,KOTRA_SNS_2025,기계/산업장비
854370,TR,ltas,,,,Importer,Mersin,KOTRA_SNS_2025,기계/산업장비
854370,PH,Ofw,,,,Importer,riyadh,KOTRA_SNS_2025,기계/산업장비
854370,TR,Ten Medical ltd,,,,Importer,Istanbul,KOTRA_SNS_2025,기계/산업장비
841320,JP,Toyota Tsusho Matex Corporation,,,,Importer,Nagoya,KOTRA_SNS_2025,기계/산업장비
841320,JP,Toyota Tsusho Matex Corporation,,,,Importer,Nagoya,KOTRA_SNS_2025,기계/산업장비
841320,JP,Toyota Tsusho Matex Corporation,,,,Importer,Nagoya,KOTRA_SNS_2025,기계/산업장비
841320,JP,"KDS Co.,Ltd.",,,,Importer,Nagoya,KOTRA_SNS_2025,기계/산업장비
841320,JP,"Takefu Special Steel Co., Ltd.",,,,Importer,Fukui,KOTRA_SNS_2025,기계/산업장비
841320,JP,"Takefu Special Steel Co., Ltd.",,,,Importer,Fukui,KOTRA_SNS_2025,기계/산업장비
841320,JP,"Kurimoto,Ltd.(B)",,,,Importer,Osaka,KOTRA_SNS_2025,기계/산업장비
841320,JP,"Kurimoto,Ltd.(B)",,,,Importer,Osaka,KOTRA_SNS_2025,기계/산업장비
841320,JP,"HANEZATO TRADING CO., LTD.",,,,Importer,Osaka,KOTRA_SNS_2025,기계/산업장비
841320,JP,"MIRIN CO.,LTD.",,,,Importer,Osaka,KOTRA_SNS_2025,기계/산업장비
841320,JP,"MIRIN CO.,LTD.",,,,Importer,Osaka,KOTRA_SNS_2025,기계/산업장비
841320,JP,KEN CORPORATION,,,,Importer,Tokyo,KOTRA_SNS_2025,기계/산업장비
841320,JP,"Daimaru Kogyo, Ltd(A)",,,,Importer,Osaka,KOTRA_SNS_2025,기계/산업장비
841320,JP,"IZUMI Co.,Ltd.",,,,Importer,Osaka,KOTRA_SNS_2025,기계/산업장비
841320,JP,"Marubeni INTEX CO.,ltd",,,,Importer,Osaka,KOTRA_SNS_2025,기계/산업장비
841320,JP,"Nippon Automatic Fine Machinery Co.,Ltd.",,,,Importer,Yokohama,KOTRA_SNS_2025,기계/산업장비
841320,JP,"Nippon Denka Kogyosho Co., Ltd.",,,,Importer,Osaka,KOTRA_SNS_2025,기계/산업장비
841320,JP,KOTANI co.Ltd.,,,,Importer,Kobe,KOTRA_SNS_2025,기계/산업장비
841320,JP,"Kurimoto,Ltd.(A)",,,,Importer,Osaka,KOTRA_SNS_2025,기계/산업장비
841320,JP,ITA VIDEO SERVICE,,,,Importer,Osaka,KOTRA_SNS_2025,기계/산업장비
841320,JP,ITA VIDEO SERVICE,,,,Importer,Osaka,KOTRA_SNS_2025,기계/산업장비
841320,JP,"OK Techno CO.,LTD.",,,,Importer,Osaka,KOTRA_SNS_2025,기계/산업장비
841320,JP,Kureha Ltd.,,,,Importer,Siga,KOTRA_SNS_2025,기계/산업장비
841320,JP,"Kawasaki Heavy Industries Co.,Ltd",,,,Importer,Kobe,KOTRA_SNS_2025,기계/산업장비
841320,JP,Kuriyama Japan Corporation,,,,Importer,Osaka,KOTRA_SNS_2025,기계/산업장비
841320,JP,"KAWASAKI　TRADING　CO.,　LTD.",,,,Importer,Hyogo,KOTRA_SNS_2025,기계/산업장비
841320,JP,"Global Construction Co., Ltd.",,,,Importer,Osaka,KOTRA_SNS_2025,기계/산업장비
841320,JP,OTA IRON WORKS LTD,,,,Importer,Osaka,KOTRA_SNS_2025,기계/산업장비
841320,JP,SeeKs.corp.,,,,Importer,Osaka,KOTRA_SNS_2025,기계/산업장비
841320,JP,"HISAKADO CO.,LTD.(B)",,,,Importer,Osaka,KOTRA_SNS_2025,기계/산업장비
841320,JP,"HISAKADO CO.,LTD.(B)",,,,Importer,Osaka,KOTRA_SNS_2025,기계/산업장비
841320,JP,FUKUSHIMA GALILEI CO. LTD.,,,,Importer,Osaka,KOTRA_SNS_2025,기계/산업장비
841459,Mxico,Bosch Mxico,,,,Importer,Cuajimalpa de Morelos,KOTRA_SNS_2025,기계/산업장비
841459,Mxico,"JASS TRANSPORT,S.A. DE C.V.",,,,Importer,"Silao, Gto",KOTRA_SNS_2025,기계/산업장비
841459,Mxico,Maxicorte,,,,Importer,queretaro,KOTRA_SNS_2025,기계/산업장비
841480,NG,TABA-SIGNET Energy Group,,,,Importer,"Lagos,",KOTRA_SNS_2025,기계/산업장비
847989,PH,Harbest Agribusiness Corporation,,,,Importer,Pasig City,KOTRA_SNS_2025,기계/산업장비
847989,ID,Pt.wastu multirancang technology,,,,Importer,Medan,KOTRA_SNS_2025,기계/산업장비
847989,PH,One Earth Enviro-Care Inc,,,,Importer,Quezon City,KOTRA_SNS_2025,기계/산업장비
847989,PH,2K Phil,,,,Importer,Davao,KOTRA_SNS_2025,기계/산업장비
850431,NG,Ages-point Nigeria Limited,,,,Importer,warri,KOTRA_SNS_2025,기계/산업장비
847989,NG,Jauri General Enterprises Ltd,,,,Importer,Gusau,KOTRA_SNS_2025,기계/산업장비
850431,NG,TABA-SIGNET Energy Group,,,,Importer,"Lagos,",KOTRA_SNS_2025,기계/산업장비
847989,GH,Aquasolve Water Technology,,,,Importer,Accra,KOTRA_SNS_2025,기계/산업장비
847989,NG,Lanre farm multiplication,,,,Importer,Lagos,KOTRA_SNS_2025,기계/산업장비
850431,ET,sse,,,,Importer,hawassa,KOTRA_SNS_2025,기계/산업장비
847989,ET,PLANET IWRD PLC,,,,Importer,Addis Ababa/Finfinne,KOTRA_SNS_2025,기계/산업장비
847989,NG,Norland investment company ltd,,,,Importer,Ugwuoba,KOTRA_SNS_2025,기계/산업장비
850431,CZ,Czechia,,,,Importer,esk Republika,KOTRA_SNS_2025,기계/산업장비
847989,JP,Comfys Japan LLC,,,,Importer,Sakura,KOTRA_SNS_2025,기계/산업장비
847989,IQ,Zhinda company,,,,Importer,Irbil,KOTRA_SNS_2025,기계/산업장비
847989,MA,MESK Solar Technologies,,,,Importer,Casablanca,KOTRA_SNS_2025,기계/산업장비
847989,JO,green horizons,,,,Importer,Amman,KOTRA_SNS_2025,기계/산업장비
850431,IQ,Ahla,,,,Importer,Baghdad,KOTRA_SNS_2025,기계/산업장비
847989,DZ,Constantine,,,,Importer,Constantine,KOTRA_SNS_2025,기계/산업장비
847989,MA,La Ligue Internationale des Jeunes Journalistes,,,,Importer,Zag,KOTRA_SNS_2025,기계/산업장비
847989,OM,ALSCO - OMAN,,,,Importer,Musanah,KOTRA_SNS_2025,기계/산업장비
847989,US,Sarl dbo expert maroc,,,,Importer,rabat,KOTRA_SNS_2025,기계/산업장비
847989,KZ,MIA GROUP LLP,,,,Importer,Актобе,KOTRA_SNS_2025,기계/산업장비
847989,US,MDIS in Tashkent,,,,Importer,Buxara,KOTRA_SNS_2025,기계/산업장비
847989,UZ,Max beton,,,,Importer,Tashkent,KOTRA_SNS_2025,기계/산업장비
847989,UZ,ndc.uz,,,,Importer,Tashkent,KOTRA_SNS_2025,기계/산업장비
847989,VN,ENVIMART JSC,,,,Importer,Ho Chi Minh City,KOTRA_SNS_2025,기계/산업장비
850431,PK,ORIGINAL INDUSTRIES PVT. LTD.,,,,Importer,Lahore,KOTRA_SNS_2025,기계/산업장비
847989,IN,Trading pescticides,,,,Importer,Harda,KOTRA_SNS_2025,기계/산업장비
847989,PK,Bias seed,,,,Importer,Multan,KOTRA_SNS_2025,기계/산업장비
847989,BD,Grow well agrovet ltd,,,,Importer,I am agreed to attend,KOTRA_SNS_2025,기계/산업장비
850431,IN,Oil,,,,Importer,Jaipur,KOTRA_SNS_2025,기계/산업장비
847989,IN,Euradite,,,,Importer,Mumbai,KOTRA_SNS_2025,기계/산업장비
847989,BD,Dreamstex,,,,Importer,Dhaka,KOTRA_SNS_2025,기계/산업장비
847989,IN,Yogiraj Hydrotech,,,,Importer,Pune,KOTRA_SNS_2025,기계/산업장비
847989,AR,Almadre,,,,Importer,Buebos aires,KOTRA_SNS_2025,기계/산업장비
850431,AR,pedrin,,,,Importer,santa fe,KOTRA_SNS_2025,기계/산업장비
847989,AR,Energia grupo,,,,Importer,Buenos Aires,KOTRA_SNS_2025,기계/산업장비
850431,US,fox,,,,Importer,cordoba,KOTRA_SNS_2025,기계/산업장비
847989,PY,Grupo Proserco,,,,Importer,Asuncin,KOTRA_SNS_2025,기계/산업장비
847989,CO,latina ingenieria sas,,,,Importer,Santiago de Cali,KOTRA_SNS_2025,기계/산업장비
841459,Mxico,Axtel,,,,Importer,"Miguel Hidalgo, CDMX",KOTRA_SNS_2025,기계/산업장비
841459,Mxico,Grupo Mahersa,,,,Importer,Tijuana,KOTRA_SNS_2025,기계/산업장비
841320,JP,"E. Katayama & Co., Ltd.",,,,Importer,Osaka,KOTRA_SNS_2025,기계/산업장비
841320,JP,O-M LTD.,,,,Importer,Osaka,KOTRA_SNS_2025,기계/산업장비
841459,Mxico,IGECo Mxico,,,,Importer,Len,KOTRA_SNS_2025,기계/산업장비
847989,Greece,GEROBO,,,,Importer,Athens,KOTRA_SNS_2025,기계/산업장비
847989,Greece,Global Mare,,,,Importer,Athens,KOTRA_SNS_2025,기계/산업장비
847989,Greece,Isaak G. Parastatidis & Associates,,,,Importer,Athens,KOTRA_SNS_2025,기계/산업장비
841451,TW,TalYah 達立亞,,,,Importer,Taipei,KOTRA_SNS_2025,기계/산업장비
841451,US,Anonymous WY LLC,,,,Importer,North Pole,KOTRA_SNS_2025,기계/산업장비
841451,根語言（台灣）,Wonder Lumo,,,,Importer,Taipei,KOTRA_SNS_2025,기계/산업장비
847989,GB,ConveyorTek,,,,Importer,Belfast,KOTRA_SNS_2025,기계/산업장비
847950,JP,"AXIS Co., LTD.",,,,Importer,Shizuoka,KOTRA_SNS_2025,기계/산업장비
847990,JP,"NIHONBOSHOKU MACHINERY CO.,LTD",,,,Importer,Tokyo,KOTRA_SNS_2025,기계/산업장비
847990,JP,INAMORI SHOTEN,,,,Importer,Tokyo,KOTRA_SNS_2025,기계/산업장비
854370,CA,TejYash Inc.,,,,Importer,Mississauga,KOTRA_SNS_2025,기계/산업장비
854370,CA,Sall,,,,Importer,Abbotsford,KOTRA_SNS_2025,기계/산업장비
854370,US,Maloney Precision Manufacturing LLC,,,,Importer,Lowell MA,KOTRA_SNS_2025,기계/산업장비
854370,US,not now.,,,,Importer,colombo,KOTRA_SNS_2025,기계/산업장비
854370,IN,fortune industry,,,,Importer,Anand,KOTRA_SNS_2025,기계/산업장비
854370,NG,VueFynder,,,,Importer,Enugu,KOTRA_SNS_2025,기계/산업장비
854370,ID,PT RELINGTON TRELOG,,,,Importer,Jakarta,KOTRA_SNS_2025,기계/산업장비
854370,TZ,Nono Tanzania Ltd,,,,Importer,Mwanza,KOTRA_SNS_2025,기계/산업장비
854370,KE,ONLINE NETWORK MARKETING,,,,Importer,Nairobi,KOTRA_SNS_2025,기계/산업장비
854370,NG,Kenpee integrated technical services,,,,Importer,Lagos,KOTRA_SNS_2025,기계/산업장비
854370,ET,Mohammed Ajibu importer,,,,Importer,Addis ababa,KOTRA_SNS_2025,기계/산업장비
854370,KZ,For myself,,,,Importer,Tselinograd,KOTRA_SNS_2025,기계/산업장비
854370,IN,indian Institute of science,,,,Importer,Bangalore,KOTRA_SNS_2025,기계/산업장비
854370,IN,Sunita tools Ltd,,,,Importer,Mumba,KOTRA_SNS_2025,기계/산업장비
854370,BD,Business Solutions Bangladesh,,,,Importer,Chittagong,KOTRA_SNS_2025,기계/산업장비
854370,KE,Mergion Africa,,,,Importer,Nairobi,KOTRA_SNS_2025,기계/산업장비
854370,KE,ONLINE NETWORK MARKETING,,,,Importer,Nairobi,KOTRA_SNS_2025,기계/산업장비
854370,ET,PEPO Group,,,,Importer,Addis Ababa,KOTRA_SNS_2025,기계/산업장비
854370,IN,Jp enterprises,,,,Importer,Mumbai,KOTRA_SNS_2025,기계/산업장비
854370,PK,pakistan international airline engineering and maintenance department,,,,Importer,tandoallahyar,KOTRA_SNS_2025,기계/산업장비
854370,NG,Bonama Nigeria Limited,,,,Importer,Lagos,KOTRA_SNS_2025,기계/산업장비
854370,MM,"Majestic 46 Company Limited,Myanmar",,,,Importer,Naypyidaw,KOTRA_SNS_2025,기계/산업장비
854370,IN,SuperAliensCo Technologies India,,,,Importer,Pune,KOTRA_SNS_2025,기계/산업장비
854370,Algeria,anonyme-software-technologies-ltd,,,,Importer,Blida,KOTRA_SNS_2025,기계/산업장비
854370,IN,Naveenam Tech Private Limited,,,,Importer,Coimbatore,KOTRA_SNS_2025,기계/산업장비
854370,CO,TRANSCELER,,,,Importer,Bogot,KOTRA_SNS_2025,기계/산업장비
854370,ID,PT RELINGTON TRELOG,,,,Importer,Jakarta,KOTRA_SNS_2025,기계/산업장비
847990,jp,MURATA MACHINERY LTD,,,,Importer,tyo,KOTRA_SNS_2025,기계/산업장비
847990,jp,SHO BOND MATERIAL CO LTD,,,,Importer,tyo,KOTRA_SNS_2025,기계/산업장비
847990,JP,MURATA MACHINERY LTD,,,,Importer,tokyo,KOTRA_SNS_2025,기계/산업장비
847990,JP,SHO BOND MATERIAL CO LTD,,,,Importer,tokyo,KOTRA_SNS_2025,기계/산업장비
854370,Angola,Coslab C & M Lda,,,,Importer,Luanda,KOTRA_SNS_2025,기계/산업장비
854370,Angola,Coslab C & M Lda,,,,Importer,Luanda,KOTRA_SNS_2025,기계/산업장비
854370,IN,Bluestone Jewellery and Lifestyle Pvt Ltd,,,,Importer,Mumbai,KOTRA_SNS_2025,기계/산업장비
841330,CN,"Superlok China Liquid Engineering Co.,LTD.",,,,Importer,NANJING,KOTRA_SNS_2025,기계/산업장비
841330,CN,Johnson Electric Beijing Co. Ltd.,,,,Importer,NANJING,KOTRA_SNS_2025,기계/산업장비
841330,CN,HALLA STACKPOLE BEIJING AUTOMOTIVE CO LTD,,,,Importer,NANJING,KOTRA_SNS_2025,기계/산업장비
847989,CN,"CHUZHOU HETIAN AGRICULTURAL MACHINERY CO.,LTD.",,,,Importer,NANJING,KOTRA_SNS_2025,기계/산업장비
841330,CN,"Guangzhou Changji Technology Co., LTD",,,,Importer,wuhan,KOTRA_SNS_2025,기계/산업장비
841330,CN,"Guangzhou Automobile Group Co., Ltd",,,,Importer,wuhan,KOTRA_SNS_2025,기계/산업장비
841330,CN,"GAC AION NEW ENERGY AUTOMOBILE CO., LTD",,,,Importer,wuhan,KOTRA_SNS_2025,기계/산업장비
841330,CN,Guangdong Automobile Intelligent Conneeted Development Promotion Association,,,,Importer,wuhan,KOTRA_SNS_2025,기계/산업장비
841330,CN,"Wuhan Leijunte Technology Co., Ltd.",,,,Importer,wuhan,KOTRA_SNS_2025,기계/산업장비
841330,CN,"Wuhan Sensor Electronics Co.,Ltd",,,,Importer,wuhan,KOTRA_SNS_2025,기계/산업장비
847989,kuwait,National Industries Company,,,,Importer,kuwait,KOTRA_SNS_2025,기계/산업장비
847989,United Kingdom,Amber Multi UK Ltd.,,,,Importer,Rochester,KOTRA_SNS_2025,기계/산업장비
841330,India,Wipro,,,,Importer,Chennai,KOTRA_SNS_2025,기계/산업장비
847989,UZ,ALT laser,,,,Importer,Andijan,KOTRA_SNS_2025,기계/산업장비
841330,MN,KhEO,,,,Importer,Ulaanbaatar,KOTRA_SNS_2025,기계/산업장비
841330,KZ,eSales,,,,Importer,Almaty,KOTRA_SNS_2025,기계/산업장비
841330,PH,Nightowl led light trading,,,,Importer,Quezon,KOTRA_SNS_2025,기계/산업장비
847989,PH,BELBROS CORPORATION,,,,Importer,Legazpi City,KOTRA_SNS_2025,기계/산업장비
841330,IN,Om sai trader,,,,Importer,Kharar,KOTRA_SNS_2025,기계/산업장비
847989,PH,Solid Source Trading Corporation,,,,Importer,Pasig,KOTRA_SNS_2025,기계/산업장비
847989,PH,Master's degree,,,,Importer,Manila,KOTRA_SNS_2025,기계/산업장비
847989,US,Miamisealife.llc,,,,Importer,Miami,KOTRA_SNS_2025,기계/산업장비
847989,AE,Faizan international,,,,Importer,Dhaka,KOTRA_SNS_2025,기계/산업장비
847989,LK,Lucky Lanka Milk Processing Co. Plc,,,,Importer,Maharagama,KOTRA_SNS_2025,기계/산업장비
847989,PK,Ritaj Sports,,,,Importer,Sialkot,KOTRA_SNS_2025,기계/산업장비
847989,BD,Titas Energy and Marine Engineering Services Ltd.,,,,Importer,Dhaka,KOTRA_SNS_2025,기계/산업장비
841330,PK,Azeem Traders,,,,Importer,Sahiwal,KOTRA_SNS_2025,기계/산업장비
847989,KR,isuru tools and entertainment,,,,Importer,"88,sidurangala waththa,walikala,pokunuwita",KOTRA_SNS_2025,기계/산업장비
841330,US,Japan cars,,,,Importer,Dhaka,KOTRA_SNS_2025,기계/산업장비
841330,LK,JSI INDUSTRIES (PVT)LTD,,,,Importer,dhargatown,KOTRA_SNS_2025,기계/산업장비
847989,LK,Gem Gallery,,,,Importer,Beruwala,KOTRA_SNS_2025,기계/산업장비
847989,PK,Jazz,,,,Importer,Lahore,KOTRA_SNS_2025,기계/산업장비
847989,LK,Power House Industrial Automation,,,,Importer,Dehiwala,KOTRA_SNS_2025,기계/산업장비
841330,PK,AMJ Traders,,,,Importer,Karachi,KOTRA_SNS_2025,기계/산업장비
847989,LK,D&S International,,,,Importer,Homagama,KOTRA_SNS_2025,기계/산업장비
847989,BD,Powerpac solution,,,,Importer,Dhaka,KOTRA_SNS_2025,기계/산업장비
847989,BD,Protecfire Bangladesh Ltd.,,,,Importer,Dhaka,KOTRA_SNS_2025,기계/산업장비
841330,LK,alm,,,,Importer,Kandy,KOTRA_SNS_2025,기계/산업장비
841330,PK,wz trading llc,,,,Importer,Karachi,KOTRA_SNS_2025,기계/산업장비
841330,JP,AUTO ZOO JAPAN LLC,,,,Importer,Nagoya,KOTRA_SNS_2025,기계/산업장비
847989,BD,SDC Overseas Technical Training & Testing Center.,,,,Importer,Dhaka,KOTRA_SNS_2025,기계/산업장비
847989,PK,Gulshad hardware and cutting tools,,,,Importer,Peshawar,KOTRA_SNS_2025,기계/산업장비
847989,PK,Bank Alfalah,,,,Importer,Mardan,KOTRA_SNS_2025,기계/산업장비
854370,IN,indian Institute of science,,,,Importer,Bangalore,KOTRA_SNS_2025,기계/산업장비
847989,PK,Unique air compressor. And MRK import and,,,,Importer,Peshawar,KOTRA_SNS_2025,기계/산업장비
841330,GH,Carxtra Auto Electrionics,,,,Importer,Accra,KOTRA_SNS_2025,기계/산업장비
847989,NG,Shamrock furniture and timber company,,,,Importer,Ibadan,KOTRA_SNS_2025,기계/산업장비
841330,GB,Zabion investment Ltd.,,,,Importer,London,KOTRA_SNS_2025,기계/산업장비
841330,GH,Fresh Boy Enterprise.,,,,Importer,Kumasi,KOTRA_SNS_2025,기계/산업장비
841330,NG,Carus Trade Commercial Limited,,,,Importer,Lagos,KOTRA_SNS_2025,기계/산업장비
847989,GH,guarantee,,,,Importer,Accra,KOTRA_SNS_2025,기계/산업장비
847989,KE,Top-Mart Traders Ltd,,,,Importer,Mombasa,KOTRA_SNS_2025,기계/산업장비
841330,GH,Ever green motors,,,,Importer,Accra,KOTRA_SNS_2025,기계/산업장비
847989,NG,Spitek global enterprise,,,,Importer,Lagos,KOTRA_SNS_2025,기계/산업장비
841330,KR,FSUNDIK VENTURUES WIRE AND CABLE. OWNER OF STOP-END KABLE,,,,Importer,Lagos,KOTRA_SNS_2025,기계/산업장비
841330,CL,MS Models Event Organizer & Model Agency,,,,Importer,Huli District,KOTRA_SNS_2025,기계/산업장비
847989,NG,Emmylink,,,,Importer,Lagos,KOTRA_SNS_2025,기계/산업장비
847989,NG,pyramid idea star global Nigeria limited,,,,Importer,osogbo,KOTRA_SNS_2025,기계/산업장비
841330,NG,GIDEONITE TECHNOLOGIES,,,,Importer,Abuja,KOTRA_SNS_2025,기계/산업장비
854370,CA,Hawaii Clearing and Forwarding,,,,Importer,Toronto,KOTRA_SNS_2025,기계/산업장비
847989,NG,CEO Shapefield Ltd  Civil&building engineering construction company,,,,Importer,Lagos,KOTRA_SNS_2025,기계/산업장비
841330,GB,omega Pvt ltd,,,,Importer,London,KOTRA_SNS_2025,기계/산업장비
841330,JP,I R B motors,,,,Importer,tochiki,KOTRA_SNS_2025,기계/산업장비
841330,GM,GamTai Import & Export co. ltd Taiwan Branch,,,,Importer,Taoyan,KOTRA_SNS_2025,기계/산업장비
841330,HK,FAB INTERNATIONAL AND TRADERS,,,,Importer,sialkot,KOTRA_SNS_2025,기계/산업장비
847989,IN,Multimost india private limited,,,,Importer,Ludhiana,KOTRA_SNS_2025,기계/산업장비
847989,EC,SUMIN CIA LTDA,,,,Importer,Quito,KOTRA_SNS_2025,기계/산업장비
847989,MX,XCMG CARIBE,,,,Importer,Cancn,KOTRA_SNS_2025,기계/산업장비
841330,EC,Fullembrague,,,,Importer,Guayaquil,KOTRA_SNS_2025,기계/산업장비
847989,GT,Multimayoreo,,,,Importer,Coatepeque,KOTRA_SNS_2025,기계/산업장비
841330,DZ,cars rental,,,,Importer,Tissemsilt,KOTRA_SNS_2025,기계/산업장비
847989,IT,Libero professionista,,,,Importer,casablanca,KOTRA_SNS_2025,기계/산업장비
847989,DZ,charef,,,,Importer,Stif,KOTRA_SNS_2025,기계/산업장비
841330,KW,Altawam general trading company,,,,Importer,Kuwait City,KOTRA_SNS_2025,기계/산업장비
847989,DZ,Import Export sarl top cobra Mekhelfi tools,,,,Importer,El Eulma,KOTRA_SNS_2025,기계/산업장비
841330,KW,NBTC GROUP,,,,Importer,Kuwait City,KOTRA_SNS_2025,기계/산업장비
847989,DZ,manfactur industru machinicale,,,,Importer,algerie,KOTRA_SNS_2025,기계/산업장비
847989,DZ,Eurl Sotra carton,,,,Importer,Stif,KOTRA_SNS_2025,기계/산업장비
841330,DZ,I need. commodities.,,,,Importer,Algiers,KOTRA_SNS_2025,기계/산업장비
841330,US,topcer Lojistik,,,,Importer,Tampa,KOTRA_SNS_2025,기계/산업장비
841330,DZ,Bjaa,,,,Importer,Kouba,KOTRA_SNS_2025,기계/산업장비
841330,OM,Facebook,,,,Importer,Muscat,KOTRA_SNS_2025,기계/산업장비
847989,UZ,"Powerjet Plastic Machinery Co.,Ltd",,,,Importer,Tashkent,KOTRA_SNS_2025,기계/산업장비
841330,MN,Facebook,,,,Importer,Ulaanbaatar,KOTRA_SNS_2025,기계/산업장비
854370,MN,Engineering geodesy LLC,,,,Importer,Ulaanbaatar,KOTRA_SNS_2025,기계/산업장비
847989,US,nobu properties,,,,Importer,Quezon City,KOTRA_SNS_2025,기계/산업장비
841330,MM,"Silk Road Myanmar Co., Ltd",,,,Importer,Yangon,KOTRA_SNS_2025,기계/산업장비
854370,VN,In a Foreign Country,,,,Importer,Hanoi,KOTRA_SNS_2025,기계/산업장비
847989,LK,yenuli holding pvt ltd,,,,Importer,madirigiriya,KOTRA_SNS_2025,기계/산업장비
841330,PK,Bilal Suzuki centre,,,,Importer,Lahore,KOTRA_SNS_2025,기계/산업장비
841330,PK,Owais Auto's,,,,Importer,Talagang,KOTRA_SNS_2025,기계/산업장비
841330,IN,Haran Autos Pvt Ltd,,,,Importer,Mumbai,KOTRA_SNS_2025,기계/산업장비
847989,BD,N A Corporation,,,,Importer,Chittagong,KOTRA_SNS_2025,기계/산업장비
847989,PK,MA Traders,,,,Importer,lahore,KOTRA_SNS_2025,기계/산업장비
847989,PK,edilrent,,,,Importer,Gujranwala,KOTRA_SNS_2025,기계/산업장비
847989,LK,A A S LANKA DRY FISH (PVT)LIMITED,,,,Importer,Trincomalee,KOTRA_SNS_2025,기계/산업장비
847989,BD,Agro Machinery World,,,,Importer,Dhaka,KOTRA_SNS_2025,기계/산업장비
847989,PK,Sikandar Tools and Equipments Mardan,,,,Importer,Nowshera,KOTRA_SNS_2025,기계/산업장비
847989,PK,RBM,,,,Importer,Kot Malakand,KOTRA_SNS_2025,기계/산업장비
847989,PK,Faria,,,,Importer,Karachi,KOTRA_SNS_2025,기계/산업장비
841330,PK,Green Idea Pvt Ltd.,,,,Importer,Rawalpindi,KOTRA_SNS_2025,기계/산업장비
847989,IN,EeeOne International,,,,Importer,Khanna punjab,KOTRA_SNS_2025,기계/산업장비
847989,PK,yunas co trader,,,,Importer,Gujranwala,KOTRA_SNS_2025,기계/산업장비
847989,BD,Electra,,,,Importer,Dhaka,KOTRA_SNS_2025,기계/산업장비
841330,PK,roshan motors,,,,Importer,swat,KOTRA_SNS_2025,기계/산업장비
847989,PK,Raja Straw Board,,,,Importer,Faisalabad,KOTRA_SNS_2025,기계/산업장비
847989,PK,Khawaja Mineral Industries,,,,Importer,Multan,KOTRA_SNS_2025,기계/산업장비
841330,LK,Z Max Enterprises Ltd,,,,Importer,Biyagama,KOTRA_SNS_2025,기계/산업장비
841330,PK,N .A TRADER,,,,Importer,Lahore,KOTRA_SNS_2025,기계/산업장비
847989,PK,bashirsons,,,,Importer,Karachi,KOTRA_SNS_2025,기계/산업장비
847989,LK,Kamal Hardware Stores,,,,Importer,"Dharga Town, Sri Lanka",KOTRA_SNS_2025,기계/산업장비
847989,PK,Owner,,,,Importer,Lahore,KOTRA_SNS_2025,기계/산업장비
847989,BD,Engineering Solution and Suppliers,,,,Importer,Dhaka,KOTRA_SNS_2025,기계/산업장비
841330,PK,rehmat marketing,,,,Importer,Chaman,KOTRA_SNS_2025,기계/산업장비
841330,PK,S B Enterprises,,,,Importer,Lahore,KOTRA_SNS_2025,기계/산업장비
841330,PK,ANWAR SONS,,,,Importer,Karachi,KOTRA_SNS_2025,기계/산업장비
841330,PK,Auto Spare Parts and Accessories supplier,,,,Importer,Talagang,KOTRA_SNS_2025,기계/산업장비
854370,KE,ONLINE NETWORK MARKETING,,,,Importer,Nairobi,KOTRA_SNS_2025,기계/산업장비
841330,NG,Emabor corporate nig company,,,,Importer,Lagos,KOTRA_SNS_2025,기계/산업장비
847989,KE,Slipway Enterprises Ltd,,,,Importer,Nairobi,KOTRA_SNS_2025,기계/산업장비
841330,US,giftkins ent,,,,Importer,Ashanti Region,KOTRA_SNS_2025,기계/산업장비
841330,ET,Kabod Motors,,,,Importer,Addis Ababa,KOTRA_SNS_2025,기계/산업장비
841330,GH,KENTrust motor,,,,Importer,Takoradi,KOTRA_SNS_2025,기계/산업장비
847989,FR,CIAT3E,,,,Importer,Strasbourg,KOTRA_SNS_2025,기계/산업장비
841330,JP,parveen&sons,,,,Importer,atsugi shi,KOTRA_SNS_2025,기계/산업장비
841330,CO,Svm inversiones sas,,,,Importer,Bogota,KOTRA_SNS_2025,기계/산업장비
841330,DZ,crown spare parts sarl,,,,Importer,Algiers,KOTRA_SNS_2025,기계/산업장비
841330,MA,lmarroquii,,,,Importer,Casablanca,KOTRA_SNS_2025,기계/산업장비
841330,TN,socit idal de moteurs d'occasions,,,,Importer,medenine,KOTRA_SNS_2025,기계/산업장비
847989,CM,APED INVEST SARL,,,,Importer,Douala,KOTRA_SNS_2025,기계/산업장비
847989,PH,Legaspi Agri Trading & Services,,,,Importer,Bacolod CIty,KOTRA_SNS_2025,기계/산업장비
847989,PH,Starcoat Metal Craft,,,,Importer,Mandaluyong,KOTRA_SNS_2025,기계/산업장비
847989,US,the asistemy,,,,Importer,Crdoba,KOTRA_SNS_2025,기계/산업장비
841330,GT,Comercializadora Jireh,,,,Importer,Guatemala City,KOTRA_SNS_2025,기계/산업장비
841330,PE,ecotecnoglogy,,,,Importer,Arequipa,KOTRA_SNS_2025,기계/산업장비
847989,PK,al wahid traders,,,,Importer,Pindi Pindi,KOTRA_SNS_2025,기계/산업장비
841330,IN,SAI,,,,Importer,Delhi,KOTRA_SNS_2025,기계/산업장비
847989,BD,zahid trders,,,,Importer,Dhaka,KOTRA_SNS_2025,기계/산업장비
847989,PK,XPI,,,,Importer,Islamabad,KOTRA_SNS_2025,기계/산업장비
847989,ID,KDA CONSULTATION & DEVELOPMENT,,,,Importer,Chittagong,KOTRA_SNS_2025,기계/산업장비
847989,PK,Steel,,,,Importer,Gujranwala,KOTRA_SNS_2025,기계/산업장비
847989,LK,vish Holdings,,,,Importer,Colombo,KOTRA_SNS_2025,기계/산업장비
847989,IN,GUNNATHI,,,,Importer,Hiriyur,KOTRA_SNS_2025,기계/산업장비
841330,MA,Facebook,,,,Importer,inezgane,KOTRA_SNS_2025,기계/산업장비
847989,DZ,EURL GOLDEN THINK,,,,Importer,Stif,KOTRA_SNS_2025,기계/산업장비
841330,JO,"Nasser E.Aqil & Partners Co.,",,,,Importer,Amman,KOTRA_SNS_2025,기계/산업장비
847989,US,God'sway Company,,,,Importer,Tema,KOTRA_SNS_2025,기계/산업장비
841330,MN,Mx time,,,,Importer,Ulaanbaatar,KOTRA_SNS_2025,기계/산업장비
841330,UZ,Absolut partner llc,,,,Importer,Tashkent,KOTRA_SNS_2025,기계/산업장비
841330,PK,KOTRA,,,,Importer,Karachi,KOTRA_SNS_2025,기계/산업장비
847989,VN,"CAO SON LAM TRADING SERVICES CO.,LTD.",,,,Importer,Hochiminh,KOTRA_SNS_2025,기계/산업장비
847989,IN,Maa Ambay Vincom Private Limited,,,,Importer,Mumbai,KOTRA_SNS_2025,기계/산업장비
847989,IN,CHOUDHARY CRANES,,,,Importer,Mumbai,KOTRA_SNS_2025,기계/산업장비
847989,IN,Weld Force International,,,,Importer,Mumbai,KOTRA_SNS_2025,기계/산업장비
847989,IN,Amphenol Interconnect India Pvt Ltd,,,,Importer,Pune,KOTRA_SNS_2025,기계/산업장비
847989,IL,"Importex Tools, Ltd",,,,Importer,Kadima Zoran,KOTRA_SNS_2025,기계/산업장비
847989,VN,PETROLEUM OFFSHORE TRADING AND SERVICES JSC(POTS),,,,Importer,HO CHI MINH,KOTRA_SNS_2025,기계/산업장비
850440,US,MRKT Solutions,,,,Importer,Charlotte,KOTRA_SNS_2025,기계/산업장비
850440,US,Mad Mex Shadyside,,,,Importer,Pittsburgh,KOTRA_SNS_2025,기계/산업장비
850440,US,Hard Rock Casino,,,,Importer,Albuquerque,KOTRA_SNS_2025,기계/산업장비
850440,AR,Electromecanica UNO,,,,Importer,plotier,KOTRA_SNS_2025,기계/산업장비
850440,US,Fibatech,,,,Importer,Mar del plata,KOTRA_SNS_2025,기계/산업장비
850440,AR,long ftrut,,,,Importer,Cordoba,KOTRA_SNS_2025,기계/산업장비
850440,US,BichINC,,,,Importer,caba,KOTRA_SNS_2025,기계/산업장비
850440,AR,fox,,,,Importer,Buenos Aires,KOTRA_SNS_2025,기계/산업장비
850440,US,ba,,,,Importer,Buenos aires,KOTRA_SNS_2025,기계/산업장비
850440,AR,pop,,,,Importer,Buenos aires,KOTRA_SNS_2025,기계/산업장비
850440,AR,langston canteros,,,,Importer,cordoba,KOTRA_SNS_2025,기계/산업장비
850440,AR,the asistemy,,,,Importer,Rio Cuarto,KOTRA_SNS_2025,기계/산업장비
850440,AR,maquinario,,,,Importer,Santa fe,KOTRA_SNS_2025,기계/산업장비
850440,US,fox,,,,Importer,cordoba,KOTRA_SNS_2025,기계/산업장비
850440,AR,Fiba,,,,Importer,Santa fe,KOTRA_SNS_2025,기계/산업장비
850440,AR,dox,,,,Importer,Cordoba,KOTRA_SNS_2025,기계/산업장비
850440,AR,fox,,,,Importer,Buenos aires,KOTRA_SNS_2025,기계/산업장비
850440,AR,Facebook,,,,Importer,Cordoba,KOTRA_SNS_2025,기계/산업장비
850440,IN,Interigated  engineering pvt.Ltd,,,,Importer,Jehanabad,KOTRA_SNS_2025,기계/산업장비
850440,PK,Owner,,,,Importer,Lahore,KOTRA_SNS_2025,기계/산업장비
850440,KR,jsiindustries pvt ltd,,,,Importer,dhargatown,KOTRA_SNS_2025,기계/산업장비
850440,KW,NBTC GROUP,,,,Importer,Kuwait City,KOTRA_SNS_2025,기계/산업장비
850440,AR,kiu,,,,Importer,jujuy,KOTRA_SNS_2025,기계/산업장비
850440,US,aguilar saer,,,,Importer,Buenos Aires,KOTRA_SNS_2025,기계/산업장비
850440,US,politech,,,,Importer,Buenos aires,KOTRA_SNS_2025,기계/산업장비
850440,AR,torlopez,,,,Importer,Buenos aires,KOTRA_SNS_2025,기계/산업장비
850440,US,fox,,,,Importer,santa fe,KOTRA_SNS_2025,기계/산업장비
850440,AR,long ftrut,,,,Importer,junin,KOTRA_SNS_2025,기계/산업장비
850440,US,fox,,,,Importer,santa fe,KOTRA_SNS_2025,기계/산업장비
850440,AR,sodic,,,,Importer,lujan,KOTRA_SNS_2025,기계/산업장비
850440,AR,mj&g,,,,Importer,Cordoba,KOTRA_SNS_2025,기계/산업장비
850440,AR,Fiba,,,,Importer,capital,KOTRA_SNS_2025,기계/산업장비
850440,US,santa fe,,,,Importer,valle maria,KOTRA_SNS_2025,기계/산업장비
850440,AR,gorman,,,,Importer,Cordoba,KOTRA_SNS_2025,기계/산업장비
850440,AR,samsung,,,,Importer,caba,KOTRA_SNS_2025,기계/산업장비
850440,AR,ProGamers,,,,Importer,Cordoba,KOTRA_SNS_2025,기계/산업장비
850440,AR,langston canteros,,,,Importer,Buenos aires,KOTRA_SNS_2025,기계/산업장비
841330,CO,Lujos Arani,,,,Importer,Bogota,KOTRA_SNS_2025,기계/산업장비
847989,PK,Al Ameen,,,,Importer,karachi,KOTRA_SNS_2025,기계/산업장비
841330,VE,Distribuidora Dae Parts C.A.,,,,Importer,CARACAS,KOTRA_SNS_2025,기계/산업장비
847989,PK,Darwesh Enterprises,,,,Importer,Karachi,KOTRA_SNS_2025,기계/산업장비
850440,US,farmacity,,,,Importer,paramas,KOTRA_SNS_2025,기계/산업장비
850440,AR,loker,,,,Importer,rosario,KOTRA_SNS_2025,기계/산업장비
850440,AR,crom,,,,Importer,parana,KOTRA_SNS_2025,기계/산업장비
850440,AR,SAS,,,,Importer,Corrientes,KOTRA_SNS_2025,기계/산업장비
850440,AR,deec,,,,Importer,Mar del plata,KOTRA_SNS_2025,기계/산업장비
850440,BT,Tandin Auto Electricals,,,,Importer,Thimphu Bhutan,KOTRA_SNS_2025,기계/산업장비
850440,AR,voughtfd,,,,Importer,Crdoba,KOTRA_SNS_2025,기계/산업장비
850440,US,fox,,,,Importer,santa fe,KOTRA_SNS_2025,기계/산업장비
850440,AR,ruben as,,,,Importer,bsas,KOTRA_SNS_2025,기계/산업장비
850440,US,micteram,,,,Importer,santa fe,KOTRA_SNS_2025,기계/산업장비
850440,AR,ferman,,,,Importer,Etruria,KOTRA_SNS_2025,기계/산업장비
850440,AR,poler,,,,Importer,Bovril,KOTRA_SNS_2025,기계/산업장비
850440,US,mazza srl,,,,Importer,valle maria,KOTRA_SNS_2025,기계/산업장비
850440,AR,word,,,,Importer,brandan,KOTRA_SNS_2025,기계/산업장비
850440,AR,fox,,,,Importer,santa fe,KOTRA_SNS_2025,기계/산업장비
850440,AR,lightning,,,,Importer,Mar del plata,KOTRA_SNS_2025,기계/산업장비
850440,AR,Playfish,,,,Importer,Ro Cuarto,KOTRA_SNS_2025,기계/산업장비
850440,AR,rira,,,,Importer,santa fe,KOTRA_SNS_2025,기계/산업장비
850440,AR,mora srl,,,,Importer,caba,KOTRA_SNS_2025,기계/산업장비
850440,US,scopefindev.com,,,,Importer,Bujumbura,KOTRA_SNS_2025,기계/산업장비
850440,AR,tronchonib,,,,Importer,rosario,KOTRA_SNS_2025,기계/산업장비
850440,US,olmol,,,,Importer,Crdoba,KOTRA_SNS_2025,기계/산업장비
850440,US,sierra,,,,Importer,caba.,KOTRA_SNS_2025,기계/산업장비
850440,AR,fox,,,,Importer,Crdoba,KOTRA_SNS_2025,기계/산업장비
850440,VE,happy@gmial.comgse,,,,Importer,San Diego,KOTRA_SNS_2025,기계/산업장비
850440,AR,fallout,,,,Importer,Crdoba.,KOTRA_SNS_2025,기계/산업장비
850440,AR,jc,,,,Importer,valle maria,KOTRA_SNS_2025,기계/산업장비
850440,US,j&h,,,,Importer,Santa f,KOTRA_SNS_2025,기계/산업장비
850440,AR,monpieux,,,,Importer,santa fe,KOTRA_SNS_2025,기계/산업장비
850440,US,Fuba,,,,Importer,obera,KOTRA_SNS_2025,기계/산업장비
850440,AR,"Hacer nada, tambien cansa...",,,,Importer,bsas,KOTRA_SNS_2025,기계/산업장비
850440,AR,autoluca,,,,Importer,Buenos Aires,KOTRA_SNS_2025,기계/산업장비
850440,AR,luna eventos,,,,Importer,buenos aires,KOTRA_SNS_2025,기계/산업장비
850440,AR,Los Cocos,,,,Importer,Crdoba,KOTRA_SNS_2025,기계/산업장비
850440,AR,rammoy,,,,Importer,santa fe,KOTRA_SNS_2025,기계/산업장비
850440,AR,dox,,,,Importer,cordoba,KOTRA_SNS_2025,기계/산업장비
850440,AR,lopez jordan,,,,Importer,Santa Fe,KOTRA_SNS_2025,기계/산업장비
850440,AR,rex,,,,Importer,pergamino,KOTRA_SNS_2025,기계/산업장비
850440,US,j&g,,,,Importer,santa fe,KOTRA_SNS_2025,기계/산업장비
850440,AR,foxer,,,,Importer,bsas,KOTRA_SNS_2025,기계/산업장비
850440,US,tugard,,,,Importer,Crdoba,KOTRA_SNS_2025,기계/산업장비
850440,US,GIN,,,,Importer,Tucuman,KOTRA_SNS_2025,기계/산업장비
850440,AR,sierra,,,,Importer,caba.,KOTRA_SNS_2025,기계/산업장비
850440,AR,oscar ibaez,,,,Importer,sta fe,KOTRA_SNS_2025,기계/산업장비
850440,AR,melica's,,,,Importer,salta,KOTRA_SNS_2025,기계/산업장비
850440,AR,fox,,,,Importer,santa fe,KOTRA_SNS_2025,기계/산업장비
850440,US,foxk.,,,,Importer,Crdoba,KOTRA_SNS_2025,기계/산업장비
850440,AR,fox,,,,Importer,Crdoba,KOTRA_SNS_2025,기계/산업장비
850440,AR,Los Cocos,,,,Importer,Santa Fe,KOTRA_SNS_2025,기계/산업장비
850440,AR,kYw,,,,Importer,buenos aires,KOTRA_SNS_2025,기계/산업장비
850440,AR,rve,,,,Importer,santa fe,KOTRA_SNS_2025,기계/산업장비
850440,AR,most,,,,Importer,cordoba,KOTRA_SNS_2025,기계/산업장비
850440,AR,Facebook,,,,Importer,catamarca,KOTRA_SNS_2025,기계/산업장비
850440,US,fox,,,,Importer,santa fe,KOTRA_SNS_2025,기계/산업장비
850440,AR,Herbalife,,,,Importer,Bovril,KOTRA_SNS_2025,기계/산업장비
850440,EG,ELSAYGH CO,,,,Importer,Cairo,KOTRA_SNS_2025,기계/산업장비
850440,AR,ccn,,,,Importer,santa fe,KOTRA_SNS_2025,기계/산업장비
850440,AR,j&o,,,,Importer,Crdoba,KOTRA_SNS_2025,기계/산업장비
850440,MX,Kahdks,,,,Importer,Ciudad de Mxico,KOTRA_SNS_2025,기계/산업장비
850440,ZW,Woonsocket Solutions,,,,Importer,Harare,KOTRA_SNS_2025,기계/산업장비
850440,AR,texx,,,,Importer,bs as,KOTRA_SNS_2025,기계/산업장비
850440,AR,instrumentadora quirurgica,,,,Importer,Crdoba,KOTRA_SNS_2025,기계/산업장비
850440,AR,fox,,,,Importer,Crdoba,KOTRA_SNS_2025,기계/산업장비
850440,MX,Fruco,,,,Importer,Ciudad de Mxico,KOTRA_SNS_2025,기계/산업장비
850440,AR,vought,,,,Importer,Crdoba,KOTRA_SNS_2025,기계/산업장비
850440,US,gesdgsegsdeg,,,,Importer,esdggsedgsdeg,KOTRA_SNS_2025,기계/산업장비
850440,AR,trio,,,,Importer,la plata,KOTRA_SNS_2025,기계/산업장비
850440,US,fox,,,,Importer,Santa Fe,KOTRA_SNS_2025,기계/산업장비
850440,US,vought,,,,Importer,Crdoba,KOTRA_SNS_2025,기계/산업장비
850440,AR,amoru,,,,Importer,buenos aires,KOTRA_SNS_2025,기계/산업장비
850440,AR,lenon,,,,Importer,bs as,KOTRA_SNS_2025,기계/산업장비
850440,AR,serranos,,,,Importer,buenos aires,KOTRA_SNS_2025,기계/산업장비
850440,AR,gopu,,,,Importer,Crdoba,KOTRA_SNS_2025,기계/산업장비
850440,US,madax quek.,,,,Importer,Aguilares,KOTRA_SNS_2025,기계/산업장비
850440,AR,fox,,,,Importer,catamarca,KOTRA_SNS_2025,기계/산업장비
850440,AR,Los Cocos,,,,Importer,santa fe,KOTRA_SNS_2025,기계/산업장비
850440,AR,folmer sa,,,,Importer,santa fe,KOTRA_SNS_2025,기계/산업장비
850440,AR,baez,,,,Importer,plotier,KOTRA_SNS_2025,기계/산업장비
850440,AR,cafeconleche,,,,Importer,Crdoba,KOTRA_SNS_2025,기계/산업장비
850440,AR,fox,,,,Importer,santa fe,KOTRA_SNS_2025,기계/산업장비
850440,ZM,Afri-Flex Zambia Limited,,,,Importer,Lusaka,KOTRA_SNS_2025,기계/산업장비
850440,AR,Los Borrachos del Tabln,,,,Importer,Mar del plata,KOTRA_SNS_2025,기계/산업장비
850440,AR,fox,,,,Importer,santa fe,KOTRA_SNS_2025,기계/산업장비
850440,AR,loci,,,,Importer,Buenos Aires,KOTRA_SNS_2025,기계/산업장비
850440,AR,mecrame,,,,Importer,Crdoba,KOTRA_SNS_2025,기계/산업장비
850440,AR,pilarsa,,,,Importer,Santa Fe,KOTRA_SNS_2025,기계/산업장비
850440,AR,serranos,,,,Importer,costa,KOTRA_SNS_2025,기계/산업장비
850440,AR,verri,,,,Importer,Crdoba,KOTRA_SNS_2025,기계/산업장비
850440,NG,infinity world properties,,,,Importer,LAGOS,KOTRA_SNS_2025,기계/산업장비
850440,AR,melica's,,,,Importer,Crdoba,KOTRA_SNS_2025,기계/산업장비
850440,US,j&g,,,,Importer,santa fe,KOTRA_SNS_2025,기계/산업장비
850440,US,pelore,,,,Importer,ramallo,KOTRA_SNS_2025,기계/산업장비
850440,AR,ertert,,,,Importer,lavalle,KOTRA_SNS_2025,기계/산업장비
850440,AR,Fiba,,,,Importer,capital,KOTRA_SNS_2025,기계/산업장비
850440,AR,metalurgica,,,,Importer,rosario,KOTRA_SNS_2025,기계/산업장비
850440,US,fox,,,,Importer,santa fe,KOTRA_SNS_2025,기계/산업장비
850440,AR,duycher,,,,Importer,bsas,KOTRA_SNS_2025,기계/산업장비
850440,AR,locroos,,,,Importer,Crdoba,KOTRA_SNS_2025,기계/산업장비
850440,AR,asisa,,,,Importer,buenos aires,KOTRA_SNS_2025,기계/산업장비
850440,AR,supervisora,,,,Importer,santa fe,KOTRA_SNS_2025,기계/산업장비
850440,AR,texx,,,,Importer,bs as,KOTRA_SNS_2025,기계/산업장비
850440,AR,fox,,,,Importer,santa fe,KOTRA_SNS_2025,기계/산업장비
850440,AR,fox,,,,Importer,cordoba,KOTRA_SNS_2025,기계/산업장비
850440,AR,Gutti,,,,Importer,santa fe,KOTRA_SNS_2025,기계/산업장비
850440,AR,langston canteros,,,,Importer,San Miguel de Tucumn,KOTRA_SNS_2025,기계/산업장비
850440,AR,juanes,,,,Importer,cordoba,KOTRA_SNS_2025,기계/산업장비
850440,AR,dbdb,,,,Importer,sagh,KOTRA_SNS_2025,기계/산업장비
850440,AR,si,,,,Importer,cabab.,KOTRA_SNS_2025,기계/산업장비
850440,AR,foxe,,,,Importer,Buenos Aires,KOTRA_SNS_2025,기계/산업장비
850440,US,Los Cocos,,,,Importer,Crdoba,KOTRA_SNS_2025,기계/산업장비
850440,AR,fox,,,,Importer,santa fe,KOTRA_SNS_2025,기계/산업장비
850440,AR,foxer,,,,Importer,bsas,KOTRA_SNS_2025,기계/산업장비
850440,AR,tunesso sa,,,,Importer,Virreyes,KOTRA_SNS_2025,기계/산업장비
850440,AR,aderlen,,,,Importer,Caba,KOTRA_SNS_2025,기계/산업장비
850440,AR,politech,,,,Importer,catamarca,KOTRA_SNS_2025,기계/산업장비
850440,AR,"esters,",,,,Importer,santa fe,KOTRA_SNS_2025,기계/산업장비
850440,AR,fox,,,,Importer,santa fe,KOTRA_SNS_2025,기계/산업장비
850440,US,fox,,,,Importer,santa fe,KOTRA_SNS_2025,기계/산업장비
850440,AR,tech high,,,,Importer,santa cruz,KOTRA_SNS_2025,기계/산업장비
850440,AR,oscar ibaez,,,,Importer,sta fe,KOTRA_SNS_2025,기계/산업장비
850440,AR,fox,,,,Importer,santa fe,KOTRA_SNS_2025,기계/산업장비
850440,AR,fox,,,,Importer,Buenos Aires,KOTRA_SNS_2025,기계/산업장비
850440,AR,lajs,,,,Importer,Buenos Aires,KOTRA_SNS_2025,기계/산업장비
850440,AR,santa fe,,,,Importer,santa fe,KOTRA_SNS_2025,기계/산업장비
850440,AR,vought,,,,Importer,Crdoba,KOTRA_SNS_2025,기계/산업장비
850440,AR,gorman,,,,Importer,Crdoba,KOTRA_SNS_2025,기계/산업장비
850440,AR,muy,,,,Importer,titan,KOTRA_SNS_2025,기계/산업장비
850440,US,Los Cocos,,,,Importer,Roldan,KOTRA_SNS_2025,기계/산업장비
850440,US,Fibatech,,,,Importer,Mar del plata,KOTRA_SNS_2025,기계/산업장비
850440,AR,hunters,,,,Importer,Crdoba,KOTRA_SNS_2025,기계/산업장비
850440,AR,fox,,,,Importer,Claypole,KOTRA_SNS_2025,기계/산업장비
850440,US,dox,,,,Importer,Paran,KOTRA_SNS_2025,기계/산업장비
850440,AU,leafs,,,,Importer,caba,KOTRA_SNS_2025,기계/산업장비
850440,AR,long ftrut,,,,Importer,junin,KOTRA_SNS_2025,기계/산업장비
850440,AR,alerce,,,,Importer,cordoba,KOTRA_SNS_2025,기계/산업장비
850440,MX,Jabdkx,,,,Importer,Ciudad de Mxico,KOTRA_SNS_2025,기계/산업장비
850440,US,si,,,,Importer,Ezeiza,KOTRA_SNS_2025,기계/산업장비
850440,AR,pilarsa,,,,Importer,Gualeguaych,KOTRA_SNS_2025,기계/산업장비
850440,US,durn,,,,Importer,santa fe,KOTRA_SNS_2025,기계/산업장비
850440,AR,Los Cocos,,,,Importer,Santa Fe,KOTRA_SNS_2025,기계/산업장비
850440,AR,fox,,,,Importer,Ro Cuarto,KOTRA_SNS_2025,기계/산업장비
850440,AR,fox,,,,Importer,bs as,KOTRA_SNS_2025,기계/산업장비
850440,AR,fower,,,,Importer,buenos aires,KOTRA_SNS_2025,기계/산업장비
850440,US,Serl srl,,,,Importer,mar del plats,KOTRA_SNS_2025,기계/산업장비
850440,AR,fox,,,,Importer,santa fe,KOTRA_SNS_2025,기계/산업장비
850440,AR,adax,,,,Importer,bs as,KOTRA_SNS_2025,기계/산업장비
850440,AR,si,,,,Importer,Crdoba,KOTRA_SNS_2025,기계/산업장비
850440,AR,politech,,,,Importer,Crdoba,KOTRA_SNS_2025,기계/산업장비
850440,AR,Herbalife,,,,Importer,Bovril,KOTRA_SNS_2025,기계/산업장비
850440,AR,YouTube,,,,Importer,pilar,KOTRA_SNS_2025,기계/산업장비
850440,US,foxis,,,,Importer,santa fe,KOTRA_SNS_2025,기계/산업장비
850440,AR,fox,,,,Importer,santa fe,KOTRA_SNS_2025,기계/산업장비
850440,AR,juanes,,,,Importer,formosa,KOTRA_SNS_2025,기계/산업장비
850440,PH,Marquay Trading,,,,Importer,Tanza,KOTRA_SNS_2025,기계/산업장비
850440,IN,Sudarshan Auto Engineering,,,,Importer,Pune,KOTRA_SNS_2025,기계/산업장비
850440,LK,Delal Engineering,,,,Importer,panadura,KOTRA_SNS_2025,기계/산업장비
850440,US,Varni marine,,,,Importer,Bhavnagar Gujarat,KOTRA_SNS_2025,기계/산업장비
850440,IN,Hakura Energy,,,,Importer,Hyderabad,KOTRA_SNS_2025,기계/산업장비
850440,BD,Camellia Holdings Ltd,,,,Importer,Dhaka,KOTRA_SNS_2025,기계/산업장비
850440,IN,Masshyy Enterprise,,,,Importer,Ahmedabad,KOTRA_SNS_2025,기계/산업장비
850440,IN,Wizcast Synergies Pvt Ltd,,,,Importer,Sonepat,KOTRA_SNS_2025,기계/산업장비
850440,BD,Mega-tech Engineering & consortium,,,,Importer,dhaka,KOTRA_SNS_2025,기계/산업장비
850440,PK,Humayun chemicals,,,,Importer,Lahore,KOTRA_SNS_2025,기계/산업장비
850440,IN,Descon engineering LLC qatar,,,,Importer,Chalisgaon,KOTRA_SNS_2025,기계/산업장비
850440,IN,Velocity engineers,,,,Importer,Delhi,KOTRA_SNS_2025,기계/산업장비
850440,PK,Ali trades,,,,Importer,Swat,KOTRA_SNS_2025,기계/산업장비
850440,PK,AH Trader's,,,,Importer,Lahore,KOTRA_SNS_2025,기계/산업장비
850440,LK,liyanage auto service,,,,Importer,Gampaha,KOTRA_SNS_2025,기계/산업장비
850440,US,CANNARY GROUP,,,,Importer,Addis Ababa,KOTRA_SNS_2025,기계/산업장비
850440,ET,Defense Engineering Industry Corporation,,,,Importer,Addis Ababa,KOTRA_SNS_2025,기계/산업장비
850440,US,MMP Industries,,,,Importer,polokwany,KOTRA_SNS_2025,기계/산업장비
850440,ET,LILAY kassa dimensional stones factory,,,,Importer,Addis abeba,KOTRA_SNS_2025,기계/산업장비
850440,NG,koneko integrated Services Limited,,,,Importer,Abuja,KOTRA_SNS_2025,기계/산업장비
850440,NG,MAKDOSS INVESTMENT LIMITED,,,,Importer,Eko,KOTRA_SNS_2025,기계/산업장비
850440,ZA,Soetsang Legacy Pty,,,,Importer,Johannesburg,KOTRA_SNS_2025,기계/산업장비
850440,LA,chapletet 2,,,,Importer,chapletet 2,KOTRA_SNS_2025,기계/산업장비
850440,NG,"Pizful Enterprises Nigeria, Uyo",,,,Importer,Uyo,KOTRA_SNS_2025,기계/산업장비
850440,DZ,SCAA,,,,Importer,Algiers,KOTRA_SNS_2025,기계/산업장비
850440,MN,Haraa,,,,Importer,Ulaanbaatar,KOTRA_SNS_2025,기계/산업장비
850440,DZ,iabc,,,,Importer,"algeria, Alger",KOTRA_SNS_2025,기계/산업장비
850440,DZ,Daris,,,,Importer,Algiers,KOTRA_SNS_2025,기계/산업장비
850440,DZ,Global Marketing and Consultancy,,,,Importer,Bordj Bou Arreridj,KOTRA_SNS_2025,기계/산업장비
850440,OM,Muscat Dev. & Inv. House,,,,Importer,Muscat,KOTRA_SNS_2025,기계/산업장비
850440,DZ,banque algriens,,,,Importer,Algiers,KOTRA_SNS_2025,기계/산업장비
850440,MN,Pravite,,,,Importer,Ulaanbaatur,KOTRA_SNS_2025,기계/산업장비
850440,MN,Truckhub,,,,Importer,Ulaanbaatar,KOTRA_SNS_2025,기계/산업장비
850440,JO,Noor Ahmad,,,,Importer,Amman,KOTRA_SNS_2025,기계/산업장비
850440,AR,si,,,,Importer,cabab.,KOTRA_SNS_2025,기계/산업장비
850440,Per,Asia Trade,,,,Importer,Lima,KOTRA_SNS_2025,기계/산업장비
850440,CO,happy@gmial.comsedg,,,,Importer,Bucaramanga,KOTRA_SNS_2025,기계/산업장비
850440,PE,CORCEL TECHOS Y ACEROS SAC,,,,Importer,Lima,KOTRA_SNS_2025,기계/산업장비
850440,Democratic Republic of the Congo,Action for Women Dignity,,,,Importer,Ibanda,KOTRA_SNS_2025,기계/산업장비
850440,Egypt,COPADPHARMA,,,,Importer,Riyadh,KOTRA_SNS_2025,기계/산업장비
850440,Bangladesh,BrightNight,,,,Importer,dhaka,KOTRA_SNS_2025,기계/산업장비
850440,India,AGP STAMPINGS,,,,Importer,Kolkata,KOTRA_SNS_2025,기계/산업장비
850440,United Arab Emirates,Freelance,,,,Importer,Dubai,KOTRA_SNS_2025,기계/산업장비
841330,CO,INCOREM SAS,,,,Importer,Bogot,KOTRA_SNS_2025,기계/산업장비
847989,PK,I S enterprises,,,,Importer,Islamabad,KOTRA_SNS_2025,기계/산업장비
841330,PK,Tracking World,,,,Importer,Lahore,KOTRA_SNS_2025,기계/산업장비
841330,CO,Surtijapon SAS,,,,Importer,Bogot,KOTRA_SNS_2025,기계/산업장비
841330,PK,Perach Engg. company,,,,Importer,Karachi,KOTRA_SNS_2025,기계/산업장비
854370,AT,EJ,,,,Importer,Vienna,KOTRA_SNS_2025,기계/산업장비
850432,AT,Shore,,,,Importer,Vienna,KOTRA_SNS_2025,기계/산업장비
854370,AT,Taekwondo,,,,Importer,Vienna,KOTRA_SNS_2025,기계/산업장비
854370,AT,Madame,,,,Importer,Vienna,KOTRA_SNS_2025,기계/산업장비
850432,AT,got-it s.r.o.,,,,Importer,Vienna,KOTRA_SNS_2025,기계/산업장비
850432,AT,DEEP rashladne vitrine,,,,Importer,Vienna,KOTRA_SNS_2025,기계/산업장비
850432,AT,Tabletoid,,,,Importer,Vienna,KOTRA_SNS_2025,기계/산업장비
854370,AT,Vistaverde,,,,Importer,Vienna,KOTRA_SNS_2025,기계/산업장비
854370,AT,CTC Print,,,,Importer,Vienna,KOTRA_SNS_2025,기계/산업장비
850432,AT,SupplySwap,,,,Importer,Vienna,KOTRA_SNS_2025,기계/산업장비
850432,AT,MOUCHTARIS IOANNIS & CO LP,,,,Importer,Vienna,KOTRA_SNS_2025,기계/산업장비
854370,AT,Hazel h srl,,,,Importer,Vienna,KOTRA_SNS_2025,기계/산업장비
850432,AT,S Consul Svet,,,,Importer,Vienna,KOTRA_SNS_2025,기계/산업장비
850432,AT,Adnetics Group doo,,,,Importer,Vienna,KOTRA_SNS_2025,기계/산업장비
854370,AT,Clarmaj,,,,Importer,Vienna,KOTRA_SNS_2025,기계/산업장비
850432,AT,www.globaltradingway.com,,,,Importer,Vienna,KOTRA_SNS_2025,기계/산업장비
854370,AT,Mediain,,,,Importer,Vienna,KOTRA_SNS_2025,기계/산업장비
850432,AT,ESKO    PRAHA HL.N,,,,Importer,Vienna,KOTRA_SNS_2025,기계/산업장비
854370,AT,God biznis,,,,Importer,Vienna,KOTRA_SNS_2025,기계/산업장비
850440,DZ,SARL AUTO EL HAYAT Import & export,,,,Importer,Alger,KOTRA_SNS_2025,기계/산업장비
850440,AR,staged,,,,Importer,Cordoba,KOTRA_SNS_2025,기계/산업장비
850440,AR,dannys,,,,Importer,Cordoba,KOTRA_SNS_2025,기계/산업장비
850440,ZM,justo Enterprise,,,,Importer,Lusaka,KOTRA_SNS_2025,기계/산업장비
850440,AR,roxar,,,,Importer,santa fe,KOTRA_SNS_2025,기계/산업장비
850440,AR,fox,,,,Importer,Cordoba,KOTRA_SNS_2025,기계/산업장비
850440,AR,fox,,,,Importer,san nicolas,KOTRA_SNS_2025,기계/산업장비
850440,MX,Soldadumax,,,,Importer,Tijuana,KOTRA_SNS_2025,기계/산업장비
850440,US,fox,,,,Importer,santa fe,KOTRA_SNS_2025,기계/산업장비
850440,AR,santos company,,,,Importer,rosario,KOTRA_SNS_2025,기계/산업장비
850440,AR,fox,,,,Importer,santa fe,KOTRA_SNS_2025,기계/산업장비
850440,AR,rammoy,,,,Importer,santa fe,KOTRA_SNS_2025,기계/산업장비
850440,AR,fox,,,,Importer,santa fe,KOTRA_SNS_2025,기계/산업장비
850440,AR,x corp,,,,Importer,mar del plata,KOTRA_SNS_2025,기계/산업장비
850440,BR,mariamoraismartins2021@gmail.com,,,,Importer,Olmpia,KOTRA_SNS_2025,기계/산업장비
850440,BD,yrsma,,,,Importer,Dhaka,KOTRA_SNS_2025,기계/산업장비
850440,AR,masty,,,,Importer,Buenos Aires,KOTRA_SNS_2025,기계/산업장비
850440,AR,kaiser,,,,Importer,Buenos Aires,KOTRA_SNS_2025,기계/산업장비
850440,AR,fox,,,,Importer,Buenos Aires,KOTRA_SNS_2025,기계/산업장비
850440,AR,kiu,,,,Importer,jujuy,KOTRA_SNS_2025,기계/산업장비
850440,US,rwrr,,,,Importer,wrw,KOTRA_SNS_2025,기계/산업장비
850440,US,montiel srl,,,,Importer,cordoba,KOTRA_SNS_2025,기계/산업장비
850440,AR,ramona sa,,,,Importer,Mar del plata,KOTRA_SNS_2025,기계/산업장비
850440,CZ,Cz,,,,Importer,esk Republika,KOTRA_SNS_2025,기계/산업장비
850440,AR,Canva,,,,Importer,Santa Elena,KOTRA_SNS_2025,기계/산업장비
850440,AR,Facebook,,,,Importer,Buenos Aires,KOTRA_SNS_2025,기계/산업장비
850440,AR,dutcher,,,,Importer,cordoba,KOTRA_SNS_2025,기계/산업장비
850440,AR,fox,,,,Importer,santa fe,KOTRA_SNS_2025,기계/산업장비
850440,MX,Soldadumax,,,,Importer,Tijuana,KOTRA_SNS_2025,기계/산업장비
850440,AR,coctar srl,,,,Importer,basavilbaso,KOTRA_SNS_2025,기계/산업장비
850440,AR,peph,,,,Importer,cordoba,KOTRA_SNS_2025,기계/산업장비
850440,US,lepues,,,,Importer,m,KOTRA_SNS_2025,기계/산업장비
850440,AR,fox,,,,Importer,santa fe,KOTRA_SNS_2025,기계/산업장비
850440,AR,fox,,,,Importer,santa fe,KOTRA_SNS_2025,기계/산업장비
850440,US,Franja Morada Derecho,,,,Importer,mar del plata,KOTRA_SNS_2025,기계/산업장비
850440,AR,Los Cocos,,,,Importer,cordoba,KOTRA_SNS_2025,기계/산업장비
850440,AR,anv,,,,Importer,buenos aires,KOTRA_SNS_2025,기계/산업장비
850440,AR,masty,,,,Importer,Santa fe,KOTRA_SNS_2025,기계/산업장비
850440,AR,carcon,,,,Importer,santa fe,KOTRA_SNS_2025,기계/산업장비
850440,ID,Anak Desa Indonesia,,,,Importer,Jakarta,KOTRA_SNS_2025,기계/산업장비
850440,IN,prakrutik Agro planet,,,,Importer,Mayapuri New Delhi,KOTRA_SNS_2025,기계/산업장비
850440,IN,Gcj enterprises,,,,Importer,kuppam,KOTRA_SNS_2025,기계/산업장비
850440,DZ,Eurl Groupe Sadraya,,,,Importer,Hammedi,KOTRA_SNS_2025,기계/산업장비
850440,DZ,SARL DAYHUN,,,,Importer,Algiers,KOTRA_SNS_2025,기계/산업장비
850440,BD,Shiddirganj 335MW Combined Cycle Power Plant,,,,Importer,"Siddhirganj, Narayananj",KOTRA_SNS_2025,기계/산업장비
850440,PK,Eastern Enterprises,,,,Importer,karachi dha,KOTRA_SNS_2025,기계/산업장비
850440,IN,AMSR BEARING AND MACHINERY,,,,Importer,Dhaka south,KOTRA_SNS_2025,기계/산업장비
850440,IN,under process,,,,Importer,Navi Mumbai (New Mumbai),KOTRA_SNS_2025,기계/산업장비
850440,BD,Advanced Automobiles & Advanced Electromechanicals,,,,Importer,Dhaka,KOTRA_SNS_2025,기계/산업장비
850440,BD,AHONATEX STANLEY TRANSAMERICA,,,,Importer,Dhaka,KOTRA_SNS_2025,기계/산업장비
850440,PK,Mediplas Innovations,,,,Importer,Karachi,KOTRA_SNS_2025,기계/산업장비
850440,IN,Kaia Industries Pvt ltd,,,,Importer,Jalandhar,KOTRA_SNS_2025,기계/산업장비
850440,ZA,Rkfs,,,,Importer,Johannesburg,KOTRA_SNS_2025,기계/산업장비
850440,MN,Blacswan,,,,Importer,Ulaanbaatar,KOTRA_SNS_2025,기계/산업장비
850440,DZ,BAMRPACK,,,,Importer,Algiers,KOTRA_SNS_2025,기계/산업장비
850440,IQ,shams Alretaj,,,,Importer,Baghdad,KOTRA_SNS_2025,기계/산업장비
850440,AZ,Orient Group LLC,,,,Importer,Baku,KOTRA_SNS_2025,기계/산업장비
850440,US,masty,,,,Importer,Buenos Aires,KOTRA_SNS_2025,기계/산업장비
850440,AR,Monkey Blopers6,,,,Importer,Buenos aires,KOTRA_SNS_2025,기계/산업장비
847989,DZ,ADJU TECH,,,,Importer,Alger,KOTRA_SNS_2025,기계/산업장비
841330,Pakistan,Tracking World (Pvt) Ltd,,,,Importer,Lahore,KOTRA_SNS_2025,기계/산업장비
841330,Pakistan,University of Exeter,,,,Importer,Karchi,KOTRA_SNS_2025,기계/산업장비
847989,Peru,Minera Transoceanica,,,,Importer,Lima Metropolitan Area,KOTRA_SNS_2025,기계/산업장비
854370,Japan,"Jabez Japan Co., Ltd.",,,,Importer,Osaka,KOTRA_SNS_2025,기계/산업장비
847990,Germany,Quadruped Robotics,,,,Importer,Hamburg,KOTRA_SNS_2025,기계/산업장비
847990,Germany,Orbital Service,,,,Importer,Hamburg,KOTRA_SNS_2025,기계/산업장비
847990,Germany,OIS Industry Service GmbH,,,,Importer,Hamburg,KOTRA_SNS_2025,기계/산업장비
847990,Germany,Schunk SE & CO. KG,,,,Importer,Hamburg,KOTRA_SNS_2025,기계/산업장비
847990,Germany,Unchained Robotics,,,,Importer,Hamburg,KOTRA_SNS_2025,기계/산업장비
847990,Germany,FAuDE TEC,,,,Importer,Hamburg,KOTRA_SNS_2025,기계/산업장비
847990,Germany,BOTFELLOWS,,,,Importer,Hamburg,KOTRA_SNS_2025,기계/산업장비
847990,Germany,Pro-f Automatisierung GmbH,,,,Importer,Hamburg,KOTRA_SNS_2025,기계/산업장비
847990,Germany,PTS,,,,Importer,Hamburg,KOTRA_SNS_2025,기계/산업장비
847990,Germany,Hyundai Glovis,,,,Importer,Hamburg,KOTRA_SNS_2025,기계/산업장비
847990,Germany,Mtu Maintenance,,,,Importer,Hamburg,KOTRA_SNS_2025,기계/산업장비
847990,Germany,Siemens Energy,,,,Importer,Hamburg,KOTRA_SNS_2025,기계/산업장비
847990,Germany,Airbus,,,,Importer,Hamburg,KOTRA_SNS_2025,기계/산업장비
847990,Germany,Wulf Gaertner Autoparts,,,,Importer,Hamburg,KOTRA_SNS_2025,기계/산업장비
847990,Germany,Exrobotics,,,,Importer,Hamburg,KOTRA_SNS_2025,기계/산업장비
847990,Germany,Funduino GmbH,,,,Importer,Hamburg,KOTRA_SNS_2025,기계/산업장비
847990,Germany,Robidia GmbH,,,,Importer,Hamburg,KOTRA_SNS_2025,기계/산업장비
847990,Germany,Hochschule Bielefeld,,,,Importer,Hamburg,KOTRA_SNS_2025,기계/산업장비
847990,Germany,inMotion robotic,,,,Importer,Hamburg,KOTRA_SNS_2025,기계/산업장비
847990,Germany,Hardware entwickler concept electronic GmbH,,,,Importer,Hamburg,KOTRA_SNS_2025,기계/산업장비
847990,Germany,ODACC,,,,Importer,Hamburg,KOTRA_SNS_2025,기계/산업장비
847990,Germany,HUAWEI,,,,Importer,Hamburg,KOTRA_SNS_2025,기계/산업장비
847990,Germany,Das Fraunhofer IOSB-AST,,,,Importer,Hamburg,KOTRA_SNS_2025,기계/산업장비
847990,Germany,accenture technology,,,,Importer,Hamburg,KOTRA_SNS_2025,기계/산업장비
847990,Germany,NSK,,,,Importer,Hamburg,KOTRA_SNS_2025,기계/산업장비
847990,Germany,PASO,,,,Importer,Hamburg,KOTRA_SNS_2025,기계/산업장비
847990,Germany,BSDGG,,,,Importer,Hamburg,KOTRA_SNS_2025,기계/산업장비
847990,Germany,DACOS,,,,Importer,Hamburg,KOTRA_SNS_2025,기계/산업장비
847990,Germany,Robertreichert,,,,Importer,Hamburg,KOTRA_SNS_2025,기계/산업장비
847990,Germany,BOSCH,,,,Importer,Hamburg,KOTRA_SNS_2025,기계/산업장비
847990,Germany,Zauberzeug,,,,Importer,Hamburg,KOTRA_SNS_2025,기계/산업장비
847990,Germany,ROBIDIA GmbH,,,,Importer,Hamburg,KOTRA_SNS_2025,기계/산업장비
847990,Germany,Weber Food Technology,,,,Importer,Hamburg,KOTRA_SNS_2025,기계/산업장비
847990,Germany,Carl Zeiss GOM Metrology,,,,Importer,Hamburg,KOTRA_SNS_2025,기계/산업장비
847990,Germany,Karlsruhe Institute of Technology,,,,Importer,Hamburg,KOTRA_SNS_2025,기계/산업장비
841330,CI,Socit africaine de transport logistique et divers,,,,Importer,TREICHVILLE AVENUE 24 RUE 21,KOTRA_SNS_2025,기계/산업장비
841330,CI,konate marine logistics,,,,Importer,ANYAMA ANCIEN GENDARMERIE,KOTRA_SNS_2025,기계/산업장비
841330,CI,Nanoubo Transport et Services (NTS),,,,Importer,09 BP 3880 ABJ 09,KOTRA_SNS_2025,기계/산업장비
841330,CI,DIAR Pices Automobiles,,,,Importer,02 BP 770 ABIDJAN 02,KOTRA_SNS_2025,기계/산업장비
841330,CI,No limit services,,,,Importer,02 BP 503 ABIDJAN,KOTRA_SNS_2025,기계/산업장비
841330,CI,VPRAD,,,,Importer,12 BP 1812 ABIDJAN 12,KOTRA_SNS_2025,기계/산업장비
841330,CI,DYCA COMPANY,,,,Importer,"BLOOMSQUARE OFFICE, COCODY RIVIERA PALMERAIES",KOTRA_SNS_2025,기계/산업장비
841330,CI,SMARTYGROUP CI,,,,Importer,"YOPOUGON, ABIDJAN",KOTRA_SNS_2025,기계/산업장비
841330,CI,Nyansage auto,,,,Importer,BINGERVILLE,KOTRA_SNS_2025,기계/산업장비
841330,CI,GDC AUTO,,,,Importer,08 BP 20 ABIDJAN 08 CTE D'IVOIRE,KOTRA_SNS_2025,기계/산업장비
841330,CI,PCPH,,,,Importer,09 BP 32 ABIDJAN 09,KOTRA_SNS_2025,기계/산업장비
841330,CI,LEAA SARL,,,,Importer,COCODY ANGR 9ME TRANCHE,KOTRA_SNS_2025,기계/산업장비
841330,CI,DAM AFRICA SAS,,,,Importer,"ABIDJAN,ANGR DJOROGBITE 1",KOTRA_SNS_2025,기계/산업장비
841330,CI,AL-KAWTHAR,,,,Importer,24BP707 ABIDJAN24,KOTRA_SNS_2025,기계/산업장비
841330,CI,BLC TRADE,,,,Importer,10 BP 3188 ABIDJAN 10,KOTRA_SNS_2025,기계/산업장비
841330,CI,PRUNUS GROUP,,,,Importer,08BP2481 ABIDJAN 08,KOTRA_SNS_2025,기계/산업장비
847989,UZ,AVTORITET DISTRIBUTION,,,,Importer,TASHKENT,KOTRA_SNS_2025,기계/산업장비
847989,UZ,Sam Shohruh Savdo,,,,Importer,TASHKENT,KOTRA_SNS_2025,기계/산업장비
841330,SOUTH AFRICA,Challenger Access Equipment,,,,Importer,ALL AREA,KOTRA_SNS_2025,기계/산업장비
847989,INDIA,Metaverse network,,,,Importer,HYDERABAD,KOTRA_SNS_2025,기계/산업장비
850110,CN,交城冬夏信息科技有限公司,,,,Importer,TAIYUAN,KOTRA_SNS_2025,기계/산업장비
841320,RS,no name,,,,Importer,BELGRADE,KOTRA_SNS_2025,기계/산업장비
841320,MX,Dropesac,,,,Importer,GUADALAJARA,KOTRA_SNS_2025,기계/산업장비
847989,MX,grafenocnc,,,,Importer,MEXICO CITY,KOTRA_SNS_2025,기계/산업장비
847989,MX,Jcv,,,,Importer,MONTERREY,KOTRA_SNS_2025,기계/산업장비
841320,MX,Neocova,,,,Importer,CHOLULA,KOTRA_SNS_2025,기계/산업장비
841320,MX,MedArs,,,,Importer,MEXICO CITY,KOTRA_SNS_2025,기계/산업장비
847989,MX,INDUSTRIAS X,,,,Importer,MXICO CITY,KOTRA_SNS_2025,기계/산업장비
841320,US,Al Riaz Enterprises,,,,Importer,KARACHI,KOTRA_SNS_2025,기계/산업장비
841320,MX,Cosmos Producciones,,,,Importer,MEXICO CITY,KOTRA_SNS_2025,기계/산업장비
847989,MX,ROMA IMPORTADORA,,,,Importer,QUERTARO,KOTRA_SNS_2025,기계/산업장비
841320,MX,nanobb Mxico,,,,Importer,MEXICO CITY,KOTRA_SNS_2025,기계/산업장비
847989,MX,Mxdecor,,,,Importer,MONTERREY,KOTRA_SNS_2025,기계/산업장비
841320,MX,BanBajo,,,,Importer,LEN,KOTRA_SNS_2025,기계/산업장비
841320,MX,Conaroquim,,,,Importer,PUEBLA,KOTRA_SNS_2025,기계/산업장비
841320,MX,Chinese Language Institute,,,,Importer,CDMX,KOTRA_SNS_2025,기계/산업장비
847989,US,Cimentos Rio Verde Participaes,,,,Importer,GOINIA,KOTRA_SNS_2025,기계/산업장비
841320,BR,Hospital Dilson Godinho,,,,Importer,JARAGU DO SUL,KOTRA_SNS_2025,기계/산업장비
847989,BR,Guimbra,,,,Importer,SO PAULO,KOTRA_SNS_2025,기계/산업장비
847989,BR,2B Automao e Usinagem Ltda,,,,Importer,AMERICANA,KOTRA_SNS_2025,기계/산업장비
841320,BR,Farias dos Santos,,,,Importer,BAHIA,KOTRA_SNS_2025,기계/산업장비
847989,AO,Emunahcomex Trading & Consulting,,,,Importer,LUANDA,KOTRA_SNS_2025,기계/산업장비
847989,BR,Naturatins,,,,Importer,PALMAS,KOTRA_SNS_2025,기계/산업장비
841320,BR,Veterinria Popular VTB,,,,Importer,PIRAPORA,KOTRA_SNS_2025,기계/산업장비
841320,BR,,,,,Importer,CURITIBA,KOTRA_SNS_2025,기계/산업장비
841320,BR,Wipederm,,,,Importer,SO PAULO,KOTRA_SNS_2025,기계/산업장비
841320,BR,Cellybri Advanced Therapies,,,,Importer,SO PAULO,KOTRA_SNS_2025,기계/산업장비
841320,MX,Comercializadora Hoxha,,,,Importer,CUAUTITLAN IZCALLI,KOTRA_SNS_2025,기계/산업장비
841320,BR,Mandatos,,,,Importer,SO PAULO,KOTRA_SNS_2025,기계/산업장비
841320,BR,Vivenda Quinta das Flores,,,,Importer,SANTANA DE PARNAIBA,KOTRA_SNS_2025,기계/산업장비
841320,BR,artesanato,,,,Importer,SO GONALO,KOTRA_SNS_2025,기계/산업장비
841320,BR,Venus Cargo,,,,Importer,SO PAULO,KOTRA_SNS_2025,기계/산업장비
841320,US,Indian women hockey team,,,,Importer,DELHI,KOTRA_SNS_2025,기계/산업장비
847989,IN,businessman,,,,Importer,VADODARA,KOTRA_SNS_2025,기계/산업장비
841320,IN,Joystick wellness products,,,,Importer,SURAT,KOTRA_SNS_2025,기계/산업장비
841320,IN,Chhotu Ram Rural Institute Of Technology.,,,,Importer,DELHI,KOTRA_SNS_2025,기계/산업장비
841320,IN,,,,,Importer,KOLKATA,KOTRA_SNS_2025,기계/산업장비
841320,IN,"Sukhsar, INDUS Spec. Healthcare",,,,Importer,AMBALA,KOTRA_SNS_2025,기계/산업장비
847989,IN,Magnifier Engineering,,,,Importer,COIMBATORE,KOTRA_SNS_2025,기계/산업장비
841320,IN,Dr. Asma Herbals,,,,Importer,AMRITSAR,KOTRA_SNS_2025,기계/산업장비
841320,IN,Prajnasolutions,,,,Importer,BANGALORE,KOTRA_SNS_2025,기계/산업장비
847989,IN,THM,,,,Importer,MELBOURNE,KOTRA_SNS_2025,기계/산업장비
841320,SG,Indobest Health Science Pvt Ltd,,,,Importer,SINGAPORE,KOTRA_SNS_2025,기계/산업장비
841320,IN,Induscraft,,,,Importer,NEW DELHI,KOTRA_SNS_2025,기계/산업장비
841320,IN,Shah life,,,,Importer,BANGALORE,KOTRA_SNS_2025,기계/산업장비
841320,UK,Rozana Offers,,,,Importer,LONDON,KOTRA_SNS_2025,기계/산업장비
847989,IN,MB-Automation,,,,Importer,VAPI,KOTRA_SNS_2025,기계/산업장비
841320,IN,Free Doctor Helpline,,,,Importer,NEW DELHI,KOTRA_SNS_2025,기계/산업장비
841320,IN,balaji pharma,,,,Importer,BANGALORE,KOTRA_SNS_2025,기계/산업장비
841320,IN,knomsfoods,,,,Importer,TRICHY,KOTRA_SNS_2025,기계/산업장비
841320,IN,Vintha,,,,Importer,HYDERABAD,KOTRA_SNS_2025,기계/산업장비
841320,IN,Brahmani,,,,Importer,NOIDA,KOTRA_SNS_2025,기계/산업장비
841320,IN,Value Added Generix,,,,Importer,VAPI,KOTRA_SNS_2025,기계/산업장비
847989,IN,Shri Vishu Paper Private Limited,,,,Importer,COIMBATORE,KOTRA_SNS_2025,기계/산업장비
847989,IN,Business,,,,Importer,VADODARA,KOTRA_SNS_2025,기계/산업장비
847989,IN,Goldline books & allied industries,,,,Importer,MYSORE,KOTRA_SNS_2025,기계/산업장비
847989,US,Sharp Sight Centre,,,,Importer,DELHI,KOTRA_SNS_2025,기계/산업장비
841320,AE,"Dubai, United Arab Emirates",,,,Importer,DUBAI,KOTRA_SNS_2025,기계/산업장비
847989,IN,Manuja trading company,,,,Importer,DELHI,KOTRA_SNS_2025,기계/산업장비
841320,IN,SRI BAALAJI ENTERPRISES,,,,Importer,CHENNAI,KOTRA_SNS_2025,기계/산업장비
841320,IN,Canaccessimmigration,,,,Importer,CHANDIGARH,KOTRA_SNS_2025,기계/산업장비
841320,IN,Sir Sayajirao General Hospital,,,,Importer,VADODARA,KOTRA_SNS_2025,기계/산업장비
847989,IN,Palace kitchen equipments works,,,,Importer,DELHI,KOTRA_SNS_2025,기계/산업장비
841320,IN,MEDPOINT HEALTHCARE,,,,Importer,CHENNAI,KOTRA_SNS_2025,기계/산업장비
847989,IN,ADDISON & Co.Ltd,,,,Importer,CHENNAI,KOTRA_SNS_2025,기계/산업장비
841320,AE,Alverstone Drug House,,,,Importer,DUBAI,KOTRA_SNS_2025,기계/산업장비
841320,IN,Prince park,,,,Importer,VELLORE,KOTRA_SNS_2025,기계/산업장비
847989,IN,alang ship salvage and marine technology,,,,Importer,BHAVNAGAR,KOTRA_SNS_2025,기계/산업장비
841320,IN,herbal vedik & nutraceuticals,,,,Importer,HYDERABAD,KOTRA_SNS_2025,기계/산업장비
841320,IN,FoodCraft,,,,Importer,TRIVANDRUM,KOTRA_SNS_2025,기계/산업장비
847989,IN,Garima traders,,,,Importer,DELHI,KOTRA_SNS_2025,기계/산업장비
841320,IN,s Amarnath,,,,Importer,INDIA,KOTRA_SNS_2025,기계/산업장비
841320,IN,Wood Gibbs Agrotech Pvt Ltd,,,,Importer,DELHI,KOTRA_SNS_2025,기계/산업장비
841320,IN,SAN Enterprises,,,,Importer,CHENNAI,KOTRA_SNS_2025,기계/산업장비
847989,IN,Facebook,,,,Importer,NEW DELHI,KOTRA_SNS_2025,기계/산업장비
841320,IN,Willtellyou,,,,Importer,DELHI,KOTRA_SNS_2025,기계/산업장비
847989,IN,nf,,,,Importer,KERALA,KOTRA_SNS_2025,기계/산업장비
841320,US,naresh sea foods,,,,Importer,NELLORE,KOTRA_SNS_2025,기계/산업장비
847989,IN,Aadhvik International PVT LTD,,,,Importer,CHENNAI,KOTRA_SNS_2025,기계/산업장비
847989,IN,,,,,Importer,KOLKATA,KOTRA_SNS_2025,기계/산업장비
847989,AE,Total Group,,,,Importer,DUBAI,KOTRA_SNS_2025,기계/산업장비
841320,IN,TOTAL PUBLICITY,,,,Importer,LUDHIANA,KOTRA_SNS_2025,기계/산업장비
841320,IN,Aaria Pharmaceuticals Pvt Ltd,,,,Importer,VADODARA,KOTRA_SNS_2025,기계/산업장비
841320,IN,Natal Wise,,,,Importer,CHANDIGARH,KOTRA_SNS_2025,기계/산업장비
847989,IN,BHN traders,,,,Importer,BANGALORE,KOTRA_SNS_2025,기계/산업장비
841320,PK,ADISTER INDUSTRIES,,,,Importer,SIALKOT,KOTRA_SNS_2025,기계/산업장비
841320,US,p & p marketing network,,,,Importer,ISLAMABAD,KOTRA_SNS_2025,기계/산업장비
847989,ID,PT.DHARMATEK BERKAT UTAMA,,,,Importer,BANDUNG,KOTRA_SNS_2025,기계/산업장비
841320,PK,45 years experience,,,,Importer,LAHORE,KOTRA_SNS_2025,기계/산업장비
841320,US,Arain  co,,,,Importer,FAISALABAD,KOTRA_SNS_2025,기계/산업장비
847989,PK,Insight Solutions Pvt Ltd,,,,Importer,KARACHI,KOTRA_SNS_2025,기계/산업장비
847989,PK,Self,,,,Importer,LAHORE,KOTRA_SNS_2025,기계/산업장비
847989,US,bookwormschoolwear,,,,Importer,JOHANNESBURG,KOTRA_SNS_2025,기계/산업장비
841320,PK,Ecological industries company Pvt LTD news,,,,Importer,BHIMBER AJK,KOTRA_SNS_2025,기계/산업장비
841320,PK,PAKSIL GROUP PVT LTD,,,,Importer,ISLAMABAD,KOTRA_SNS_2025,기계/산업장비
841320,US,NTDC Assets Management,,,,Importer,SAHIWAL,KOTRA_SNS_2025,기계/산업장비
841320,US,lovely Natural products (Pvt) Ltd,,,,Importer,FAISALABAD,KOTRA_SNS_2025,기계/산업장비
841320,PK,MUSA Traders,,,,Importer,ABBOTTABAD,KOTRA_SNS_2025,기계/산업장비
841320,PK,Akbari Chemical Company,,,,Importer,LAHORE,KOTRA_SNS_2025,기계/산업장비
847989,ID,CV. MITRA SEJAHTERA,,,,Importer,JAKARTA,KOTRA_SNS_2025,기계/산업장비
841320,PK,Artistic Milliners pvt ltd,,,,Importer,KARACHI,KOTRA_SNS_2025,기계/산업장비
847989,PK,bs packages,,,,Importer,LAHORE,KOTRA_SNS_2025,기계/산업장비
847989,AE,Haji Sons Enterprise,,,,Importer,LAHORE,KOTRA_SNS_2025,기계/산업장비
841320,ID,Happy Life,,,,Importer,JAKARTA,KOTRA_SNS_2025,기계/산업장비
847989,ID,PT. Multi Prima Inovasi,,,,Importer,BOGOR,KOTRA_SNS_2025,기계/산업장비
847989,PK,ICE CREAM al makkah,,,,Importer,KARACHI,KOTRA_SNS_2025,기계/산업장비
841320,PK,Urdu Speaker -,,,,Importer,BAGH,KOTRA_SNS_2025,기계/산업장비
841320,ZA,OntobeShoba,,,,Importer,PRETORIA,KOTRA_SNS_2025,기계/산업장비
847989,US,The Wah Global,,,,Importer,WAH CANTT,KOTRA_SNS_2025,기계/산업장비
841320,ID,Lifetree,,,,Importer,TANGERANG,KOTRA_SNS_2025,기계/산업장비
841320,PK,"Hassan Traders, Sargodha.",,,,Importer,SARGODHA,KOTRA_SNS_2025,기계/산업장비
847989,PK,janat bebi&sans,,,,Importer,KARACHI,KOTRA_SNS_2025,기계/산업장비
841320,PK,United Nation Insarag Search and Rescue Team,,,,Importer,GUJRANWALA,KOTRA_SNS_2025,기계/산업장비
841320,PK,Student,,,,Importer,ABBOTTABAD,KOTRA_SNS_2025,기계/산업장비
847989,ZA,KrielTech,,,,Importer,BLOEMFONTEIN,KOTRA_SNS_2025,기계/산업장비
847989,PK,Ravi aito,,,,Importer,LAHORE,KOTRA_SNS_2025,기계/산업장비
847989,PK,Amrohi Chemicals pvt ltd,,,,Importer,LAHORE,KOTRA_SNS_2025,기계/산업장비
847989,PK,Under process of registration,,,,Importer,PESHAWAR,KOTRA_SNS_2025,기계/산업장비
847989,ID,Pt. Sejahtera unggul nusantara,,,,Importer,JAKARTA,KOTRA_SNS_2025,기계/산업장비
841320,PK,POPCorn FanClub,,,,Importer,ALLU MULTAN,KOTRA_SNS_2025,기계/산업장비
847989,PK,asif and co,,,,Importer,DEAR ISMALI KHAN,KOTRA_SNS_2025,기계/산업장비
841320,PK,jvjvvzc,,,,Importer,KARACHI,KOTRA_SNS_2025,기계/산업장비
841320,PK,dental store,,,,Importer,RAWALPINDI,KOTRA_SNS_2025,기계/산업장비
847989,PK,Hassan  Composing Center,,,,Importer,GUJRANWALA,KOTRA_SNS_2025,기계/산업장비
841320,PK,nxjfxj,,,,Importer,BAHAWALPURMHASAANMHASAAN2@GMAIL.COM,KOTRA_SNS_2025,기계/산업장비
847989,PK,CEM TECHNOLOGIES PAKISTAN,,,,Importer,LAHORE,KOTRA_SNS_2025,기계/산업장비
847989,PK,Aman group,,,,Importer,LAHORE,KOTRA_SNS_2025,기계/산업장비
841320,US,aavouge,,,,Importer,PAKISTAN,KOTRA_SNS_2025,기계/산업장비
841320,PK,shazidkhiljigoods,,,,Importer,R Y K,KOTRA_SNS_2025,기계/산업장비
847989,PK,Paxenterprises,,,,Importer,ISLAMABAD,KOTRA_SNS_2025,기계/산업장비
847989,PK,Ghareeb Nawaz Enterprises,,,,Importer,BLUE AREA,KOTRA_SNS_2025,기계/산업장비
847989,US,Subhani Engineering,,,,Importer,KARACHI,KOTRA_SNS_2025,기계/산업장비
841320,PK,hdmi trading,,,,Importer,KAR,KOTRA_SNS_2025,기계/산업장비
841320,PK,Arfan,,,,Importer,ISLAMABAD PAKISTAN,KOTRA_SNS_2025,기계/산업장비
841320,PK,asif trading corporation okara,,,,Importer,OKARA,KOTRA_SNS_2025,기계/산업장비
847989,PK,Pak Energy line co,,,,Importer,KARACHI,KOTRA_SNS_2025,기계/산업장비
847989,PK,MObile VILLA,,,,Importer,KARACHI,KOTRA_SNS_2025,기계/산업장비
841320,US,ik,,,,Importer,NY,KOTRA_SNS_2025,기계/산업장비
841320,PK,goldengate,,,,Importer,KARACHI,KOTRA_SNS_2025,기계/산업장비
847989,PK,own business,,,,Importer,LAHORE,KOTRA_SNS_2025,기계/산업장비
841320,PK,Bilawal sons &company,,,,Importer,ISLAMABAD,KOTRA_SNS_2025,기계/산업장비
847989,PK,Elite Engineering & Services Consultants,,,,Importer,KARACHI,KOTRA_SNS_2025,기계/산업장비
841320,PK,package,,,,Importer,MULTAN,KOTRA_SNS_2025,기계/산업장비
841320,PK,aerolink international,,,,Importer,ISLAMABAD,KOTRA_SNS_2025,기계/산업장비
841320,PK,asifshahab7@gmail.com,,,,Importer,LAHORE,KOTRA_SNS_2025,기계/산업장비
847989,PK,BISMILLAH INDUSTRIES,,,,Importer,KARACHI,KOTRA_SNS_2025,기계/산업장비
841320,PK,GAIN 2030,,,,Importer,ISLAMABAD,KOTRA_SNS_2025,기계/산업장비
841320,PK,Matrix Pharma Pvt. Ltd/UM Enterprises,,,,Importer,KARACHI,KOTRA_SNS_2025,기계/산업장비
847989,US,Pak diesel system,,,,Importer,KARACHI,KOTRA_SNS_2025,기계/산업장비
847989,ZA,The GreenWater Company,,,,Importer,PRETORIA,KOTRA_SNS_2025,기계/산업장비
841320,US,opal,,,,Importer,LAHORE,KOTRA_SNS_2025,기계/산업장비
847989,ID,Senopati,,,,Importer,JAKARTA,KOTRA_SNS_2025,기계/산업장비
841320,PK,15 years as petroleum engineer,,,,Importer,BADIN,KOTRA_SNS_2025,기계/산업장비
841320,US,Light of universe,,,,Importer,KARACHI,KOTRA_SNS_2025,기계/산업장비
847989,PK,Akeel Baig Machine Tools,,,,Importer,LAHORE,KOTRA_SNS_2025,기계/산업장비
847989,PK,international Caps Company,,,,Importer,KARACHI,KOTRA_SNS_2025,기계/산업장비
847989,PK,Qamar textile,,,,Importer,LAHORE,KOTRA_SNS_2025,기계/산업장비
841320,PK,Maclura Surgical,,,,Importer,DASKA,KOTRA_SNS_2025,기계/산업장비
847989,ID,PT. Dharma Korindo Ssjahtera,,,,Importer,JAKARTA,KOTRA_SNS_2025,기계/산업장비
841320,PK,Private doctor,,,,Importer,KARACHI,KOTRA_SNS_2025,기계/산업장비
841320,PK,bn,,,,Importer,ABU DHABI,KOTRA_SNS_2025,기계/산업장비
847989,JP,Shahid Traders,,,,Importer,LAHORE,KOTRA_SNS_2025,기계/산업장비
841320,PK,,,,,Importer,PANO AQIL,KOTRA_SNS_2025,기계/산업장비
841320,PK,pharmazon,,,,Importer,PESHAWAR,KOTRA_SNS_2025,기계/산업장비
847989,PK,urza international,,,,Importer,CHASHMA,KOTRA_SNS_2025,기계/산업장비
841320,PK,Clover4 health pvt ltd.,,,,Importer,KARACHI,KOTRA_SNS_2025,기계/산업장비
841320,ID,JCI,,,,Importer,JAKARTA,KOTRA_SNS_2025,기계/산업장비
847989,PK,Khawaja Mineral Industries,,,,Importer,MULTAN,KOTRA_SNS_2025,기계/산업장비
847989,PK,al wahid traders,,,,Importer,PINDI PINDI,KOTRA_SNS_2025,기계/산업장비
847989,PK,Moeez taredrs,,,,Importer,FAISALABAD,KOTRA_SNS_2025,기계/산업장비
841320,PK,Al Raaziq Property Link,,,,Importer,KARACHI,KOTRA_SNS_2025,기계/산업장비
841320,PK,Cynosure industry,,,,Importer,SIALKOT,KOTRA_SNS_2025,기계/산업장비
847989,AE,RTA Dubai,,,,Importer,KARACHI,KOTRA_SNS_2025,기계/산업장비
847989,PK,AR scrap,,,,Importer,KARACHI,KOTRA_SNS_2025,기계/산업장비
847989,PK,Mian Trade Impex,,,,Importer,LAHORE,KOTRA_SNS_2025,기계/산업장비
841320,RS,No name,,,,Importer,BELGRADE,KOTRA_SNS_2025,기계/산업장비
847989,RS,Anci com,,,,Importer,BELGRADE,KOTRA_SNS_2025,기계/산업장비
847989,RS,Mb Falromal,,,,Importer,BELGRADE,KOTRA_SNS_2025,기계/산업장비
841320,BR,Banco do Brasil,,,,Importer,BRASLIA,KOTRA_SNS_2025,기계/산업장비
841320,MX,KLog.co,,,,Importer,MEXICO CITY,KOTRA_SNS_2025,기계/산업장비
841320,BR,SaltoBeloBlockchain,,,,Importer,ITUVERAVA,KOTRA_SNS_2025,기계/산업장비
841320,MX,Pharma Industry,,,,Importer,MONTERREY,KOTRA_SNS_2025,기계/산업장비
847989,MX,Aceros del sureste mexicano sa de cb,,,,Importer,CIUDAD DE MXICO,KOTRA_SNS_2025,기계/산업장비
847989,MX,DIEC INDUSTRIAL,,,,Importer,MONTERREY,KOTRA_SNS_2025,기계/산업장비
841320,BR,Gjf,,,,Importer,CURITIBA,KOTRA_SNS_2025,기계/산업장비
847989,BR,Secretaria Municipal de Cultura de So Paulo,,,,Importer,SO PAULO,KOTRA_SNS_2025,기계/산업장비
841320,BR,Edilsondf,,,,Importer,ARAUAI,KOTRA_SNS_2025,기계/산업장비
841320,BR,Happy,,,,Importer,BALNERIO CAMBORI,KOTRA_SNS_2025,기계/산업장비
841320,US,Zoetic,,,,Importer,DALLAS,KOTRA_SNS_2025,기계/산업장비
841320,US,Self,,,,Importer,MORGAN HILL,KOTRA_SNS_2025,기계/산업장비
847989,US,Prrakruthi products,,,,Importer,ERNAKULAM,KOTRA_SNS_2025,기계/산업장비
841320,IN,Founder and Managing Director,,,,Importer,DELHI,KOTRA_SNS_2025,기계/산업장비
847989,IN,y,,,,Importer,BHARUCH,KOTRA_SNS_2025,기계/산업장비
841320,IN,MAGNALIS FOODS PVT LTD,,,,Importer,SRINAGAR,KOTRA_SNS_2025,기계/산업장비
841320,IN,Student,,,,Importer,HYDERABAD,KOTRA_SNS_2025,기계/산업장비
841320,US,xddhd,,,,Importer,NY,KOTRA_SNS_2025,기계/산업장비
841320,US,Slgk,,,,Importer,INDIA,KOTRA_SNS_2025,기계/산업장비
847989,IN,Greenenviro Biosciences,,,,Importer,BANGALORE,KOTRA_SNS_2025,기계/산업장비
841320,IN,Cerabest Healthcare,,,,Importer,DELHI,KOTRA_SNS_2025,기계/산업장비
847989,IN,EFFULGENT BR RESOURCES LLP,,,,Importer,FARIDABAD,KOTRA_SNS_2025,기계/산업장비
847989,IN,Entrepreneur,,,,Importer,KOLKATA,KOTRA_SNS_2025,기계/산업장비
841320,IN,Batteryestore.com,,,,Importer,DELHI,KOTRA_SNS_2025,기계/산업장비
847989,IN,Ace,,,,Importer,GURGAON,KOTRA_SNS_2025,기계/산업장비
847989,IN,RAVII IMPEX Global,,,,Importer,RAJAHMUNDRY,KOTRA_SNS_2025,기계/산업장비
847989,IN,I don't wanna work today,,,,Importer,FARIDABAD,KOTRA_SNS_2025,기계/산업장비
847989,US,Pranav engineering inc,,,,Importer,CHENNAI,KOTRA_SNS_2025,기계/산업장비
841320,IN,AI,,,,Importer,HYDERABAD,KOTRA_SNS_2025,기계/산업장비
847989,IN,M S Sign & Design Equipments,,,,Importer,GHAZIABAD,KOTRA_SNS_2025,기계/산업장비
847989,IN,Cascadestar,,,,Importer,BANGALORE,KOTRA_SNS_2025,기계/산업장비
841320,IN,chowdhuty oversseas,,,,Importer,KOLKATA,KOTRA_SNS_2025,기계/산업장비
847989,IN,Amazon India,,,,Importer,BANGALORE,KOTRA_SNS_2025,기계/산업장비
841320,IN,ARS international trade,,,,Importer,KOTA,KOTRA_SNS_2025,기계/산업장비
847989,IN,vikas industries,,,,Importer,VADODARA,KOTRA_SNS_2025,기계/산업장비
841320,IN,Ssrfoot,,,,Importer,CHENNAI,KOTRA_SNS_2025,기계/산업장비
841320,US,dabolabs,,,,Importer,PANCHKULA,KOTRA_SNS_2025,기계/산업장비
841320,IN,Deloitte,,,,Importer,BANGALORE,KOTRA_SNS_2025,기계/산업장비
847989,IN,MKD Bearings,,,,Importer,KOLKATA,KOTRA_SNS_2025,기계/산업장비
847989,IN,Messina Beej,,,,Importer,GURUGRAM,KOTRA_SNS_2025,기계/산업장비
847989,IN,iads&events,,,,Importer,CHENNAI,KOTRA_SNS_2025,기계/산업장비
841320,IN,No,,,,Importer,BANGALORE,KOTRA_SNS_2025,기계/산업장비
841320,IN,"PDU Medical College, Rajkot",,,,Importer,RAJKOT,KOTRA_SNS_2025,기계/산업장비
841320,IN,takshila Career academy,,,,Importer,LUDHIANA,KOTRA_SNS_2025,기계/산업장비
841320,IN,business,,,,Importer,GHAZIABAD,KOTRA_SNS_2025,기계/산업장비
841320,IN,Aaranyapasumaikudil,,,,Importer,SALEM,KOTRA_SNS_2025,기계/산업장비
841320,IN,Self employed,,,,Importer,ALWAR,KOTRA_SNS_2025,기계/산업장비
841320,IN,Bulmarc,,,,Importer,VADODARA,KOTRA_SNS_2025,기계/산업장비
841320,US,Jhamb Pharma,,,,Importer,NEW DELHI,KOTRA_SNS_2025,기계/산업장비
841320,IN,Tkn,,,,Importer,COIMBATORE,KOTRA_SNS_2025,기계/산업장비
841320,US,Apothecaries,,,,Importer,NEW DELHI,KOTRA_SNS_2025,기계/산업장비
847989,IN,Business,,,,Importer,MUMBAI,KOTRA_SNS_2025,기계/산업장비
841480,CN,Obba Trade,,,,Importer,XIAMEN,KOTRA_SNS_2025,기계/산업장비
841480,CN,Obba Trade,,,,Importer,XIAMEN,KOTRA_SNS_2025,기계/산업장비
841480,CN,Fujian Baima Shipyard,,,,Importer,XIAMEN,KOTRA_SNS_2025,기계/산업장비
841480,CN,Obba Trade,,,,Importer,XIAMEN,KOTRA_SNS_2025,기계/산업장비
841480,CN,Fujian Baima Shipyard,,,,Importer,XIAMEN,KOTRA_SNS_2025,기계/산업장비
841480,CN,Obba Trade,,,,Importer,XIAMEN,KOTRA_SNS_2025,기계/산업장비
841480,CN,Fujian Baima Shipyard,,,,Importer,XIAMEN,KOTRA_SNS_2025,기계/산업장비
841480,CN,HABO GROUP HK LIMITED,,,,Importer,XIAMEN,KOTRA_SNS_2025,기계/산업장비
841480,CN,HABO GROUP HK LIMITED,,,,Importer,XIAMEN,KOTRA_SNS_2025,기계/산업장비
841480,CN,Hans Bell Equipment Ltd,,,,Importer,XIAMEN,KOTRA_SNS_2025,기계/산업장비
841480,CN,Hans Bell Equipment Ltd,,,,Importer,XIAMEN,KOTRA_SNS_2025,기계/산업장비
847989,PK,azam and sons,,,,Importer,LAHORE,KOTRA_SNS_2025,기계/산업장비
841320,PK,UTAAFI.CO,,,,Importer,MIRPURKHAS,KOTRA_SNS_2025,기계/산업장비
847989,PK,Rizwan Printing Press,,,,Importer,PESHAWAR,KOTRA_SNS_2025,기계/산업장비
847989,PK,My own bussiness,,,,Importer,KARACHI,KOTRA_SNS_2025,기계/산업장비
841320,PK,Times Of Media,,,,Importer,QUETTA,KOTRA_SNS_2025,기계/산업장비
841320,PK,ibex,,,,Importer,KARACHI,KOTRA_SNS_2025,기계/산업장비
847989,PK,Biya,,,,Importer,KARACHI,KOTRA_SNS_2025,기계/산업장비
841320,ID,Rekayindo,,,,Importer,JAKARTA,KOTRA_SNS_2025,기계/산업장비
841320,PK,retd,,,,Importer,LAHORE,KOTRA_SNS_2025,기계/산업장비
841320,PK,self,,,,Importer,HYDERABAD,KOTRA_SNS_2025,기계/산업장비
841320,IN,Abc,,,,Importer,PANCHKULA,KOTRA_SNS_2025,기계/산업장비
841320,US,valaiyadi Siva krishi foods,,,,Importer,ERODE,KOTRA_SNS_2025,기계/산업장비
841320,IN,Sky Bridge Enterprises LLP,,,,Importer,ERODE,KOTRA_SNS_2025,기계/산업장비
841320,IN,Muse Tohfa Hub,,,,Importer,DELHI,KOTRA_SNS_2025,기계/산업장비
847989,IN,Dynamic Rubbers private limited,,,,Importer,KOLKATA,KOTRA_SNS_2025,기계/산업장비
847989,IN,v care,,,,Importer,GREATER NOIDA,KOTRA_SNS_2025,기계/산업장비
847989,MX,Elevadores Alamex,,,,Importer,MEXICO CITY,KOTRA_SNS_2025,기계/산업장비
841320,US,Snowcup,,,,Importer,SEATTLE,KOTRA_SNS_2025,기계/산업장비
847989,UZBEKISTAN,Guliston Agro Group,,,,Importer,TASHKENT,KOTRA_SNS_2025,기계/산업장비
847989,UZBEKISTAN,Spare parts for Rice Processing Plant,,,,Importer,"""UZBEKISTAN, GULISTAN, SYRDARYA""",KOTRA_SNS_2025,기계/산업장비
841330,CI,LTS,,,,Importer,ABIDJAN,KOTRA_SNS_2025,기계/산업장비
841451,IN,Aljaber engineering,,,,Importer,BENGALURU,KOTRA_SNS_2025,기계/산업장비
841430,IN,Aimil Limited ( instrumentation & Technologies),,,,Importer,BENGALURU,KOTRA_SNS_2025,기계/산업장비
841430,IN,TIS Enterprises,,,,Importer,BENGALURU,KOTRA_SNS_2025,기계/산업장비
841459,IN,Kandent Solution / Shubkrut India LLP,,,,Importer,BENGALURU,KOTRA_SNS_2025,기계/산업장비
841459,IN,FUTURA TRAVELS LIMITED,,,,Importer,BENGALURU,KOTRA_SNS_2025,기계/산업장비
854370,ES,Aliment SL,,,,Importer,MADRID,KOTRA_SNS_2025,기계/산업장비
854370,US,флаг х,,,,Importer,BULGARIA,KOTRA_SNS_2025,기계/산업장비
854370,BG,Quick batimon,,,,Importer,BURGAS,KOTRA_SNS_2025,기계/산업장비
854370,DK,Hsta,,,,Importer,HADSTEN,KOTRA_SNS_2025,기계/산업장비
841381,CN,"Shenzhen Haihao Communication Co., Ltd.",,,,Importer,SHENZHEN,KOTRA_SNS_2025,기계/산업장비
854370,CH,GE ENERGY HANGZHOU CO LTD,,,,Importer,BEIJING,KOTRA_SNS_2025,기계/산업장비
847989,CH,SHUIGUO BEIJING ENERGY EQUIPMENT CO LTD,,,,Importer,BEIJING,KOTRA_SNS_2025,기계/산업장비
854370,CH,NINETECH CO LTD,,,,Importer,BEIJING,KOTRA_SNS_2025,기계/산업장비
847989,CH,"SHANGHAI ZONGFANG IMP.AND EXP.CO.,LTD.",,,,Importer,BEIJING,KOTRA_SNS_2025,기계/산업장비
841381,US,ramay agro services,,,,Importer,GAGGOO MANDI,KOTRA_SNS_2025,기계/산업장비
841381,NG,Elohim solid minerals and Petroleum limited,,,,Importer,PORT HARCOURT,KOTRA_SNS_2025,기계/산업장비
841381,US,Ceylon Electricity Board - CEB,,,,Importer,MANNAR,KOTRA_SNS_2025,기계/산업장비
841381,US,ALBERT,,,,Importer,CHENNAI,KOTRA_SNS_2025,기계/산업장비
841381,IN,R G Contracting,,,,Importer,TRIVANDRUM,KOTRA_SNS_2025,기계/산업장비
841381,DZ,Ets Yassa,,,,Importer,NACIRIA,KOTRA_SNS_2025,기계/산업장비
841381,US,ffghfghfgh,,,,Importer,FGDFG,KOTRA_SNS_2025,기계/산업장비
841381,IN,SELF BUSSINESS,,,,Importer,MEERUT,KOTRA_SNS_2025,기계/산업장비
841381,IN,GRACE  ENTERPRISE. MUMBAI,,,,Importer,MUMBAI INDIA,KOTRA_SNS_2025,기계/산업장비
841381,DZ,Retrait,,,,Importer,CONSTANTINE,KOTRA_SNS_2025,기계/산업장비
841381,KH,usa,,,,Importer,PHNOM PENH,KOTRA_SNS_2025,기계/산업장비
841381,US,FSFSF,,,,Importer,USA,KOTRA_SNS_2025,기계/산업장비
841381,UA,UYTUY,,,,Importer,VYSHNEVE,KOTRA_SNS_2025,기계/산업장비
841381,NG,Zee Urban Wears,,,,Importer,IBADAN,KOTRA_SNS_2025,기계/산업장비
841381,US,CVV,,,,Importer,USA,KOTRA_SNS_2025,기계/산업장비
841381,TH,edtet,,,,Importer,AMPHOE BAN DUNG,KOTRA_SNS_2025,기계/산업장비
841381,NG,Silifanikeree,,,,Importer,MAIDUGURI,KOTRA_SNS_2025,기계/산업장비
841381,IN,Tenkai Solutions,,,,Importer,BODHGAYA,KOTRA_SNS_2025,기계/산업장비
841381,PK,Axisprotech,,,,Importer,GUJRAT,KOTRA_SNS_2025,기계/산업장비
841381,LK,small &medium entoprenious chamber of commerce-central province,,,,Importer,HATTON,KOTRA_SNS_2025,기계/산업장비
841381,US,samir,,,,Importer,ALGERIE,KOTRA_SNS_2025,기계/산업장비
841381,PH,BANTUANON TRANSPORT CORPORATION,,,,Importer,DAVAO CITY,KOTRA_SNS_2025,기계/산업장비
841381,US,SLICK SHOT VENTURES,,,,Importer,DOG,KOTRA_SNS_2025,기계/산업장비
841381,LK,Perfect Solutions LK,,,,Importer,PANNIPITIYA,KOTRA_SNS_2025,기계/산업장비
841381,MA,oncf Maroc,,,,Importer,SAL,KOTRA_SNS_2025,기계/산업장비
841381,DZ,Boumerdes,,,,Importer,NACIRIA,KOTRA_SNS_2025,기계/산업장비
841381,MW,Mwengaku,,,,Importer,LILONGWE,KOTRA_SNS_2025,기계/산업장비
841381,IN,durga enterprise,,,,Importer,SAFIDON,KOTRA_SNS_2025,기계/산업장비
841381,TH,samurai& ninja,,,,Importer,BBK,KOTRA_SNS_2025,기계/산업장비
841381,PK,SECURE LOGISTICS SERVICES,,,,Importer,GUJRANWALA,KOTRA_SNS_2025,기계/산업장비
841381,IN,Honey Enterprises,,,,Importer,BATHINDA,KOTRA_SNS_2025,기계/산업장비
841381,ET,KAYOME Trading plc,,,,Importer,ADDIS ABABA,KOTRA_SNS_2025,기계/산업장비
841381,DZ,UNIPT,,,,Importer,ALGR,KOTRA_SNS_2025,기계/산업장비
841381,IN,"Surat, Gujarat",,,,Importer,SURAT,KOTRA_SNS_2025,기계/산업장비
841381,TR,Ecom enerji ltd ti,,,,Importer,STANBUL,KOTRA_SNS_2025,기계/산업장비
841381,KR,Htesse d’accueil,,,,Importer,BUSAN,KOTRA_SNS_2025,기계/산업장비
841381,PK,Sherwani expres,,,,Importer,MULTAN,KOTRA_SNS_2025,기계/산업장비
841381,PK,Ittehad flour and General Mills,,,,Importer,MANDIBHAUDD TEHSIL PHALIA,KOTRA_SNS_2025,기계/산업장비
841381,PH,Edwin Santiago enterprise corporation,,,,Importer,QUIRINO,KOTRA_SNS_2025,기계/산업장비
841381,PK,i intrested vist,,,,Importer,MULTAN,KOTRA_SNS_2025,기계/산업장비
841381,IN,Sunita tools Ltd,,,,Importer,MUMBA,KOTRA_SNS_2025,기계/산업장비
841381,IN,S.A.S.EXIM INTERNATIONAL,,,,Importer,BANGALORE,KOTRA_SNS_2025,기계/산업장비
841381,IN,SHREE GANESH HYDRAULIC,,,,Importer,CHOUDWAR ROAD NEAR SBI ATM CUTTACK ODISHA,KOTRA_SNS_2025,기계/산업장비
841381,US,dgfhdfhjg,,,,Importer,10100,KOTRA_SNS_2025,기계/산업장비
841381,PE,Esso tech sac,,,,Importer,LIMA,KOTRA_SNS_2025,기계/산업장비
841381,US,sdg,,,,Importer,VMN,KOTRA_SNS_2025,기계/산업장비
841381,US,yuj56utg,,,,Importer,HJMGFVBHNT,KOTRA_SNS_2025,기계/산업장비
841381,US,fdggfhgf,,,,Importer,USA,KOTRA_SNS_2025,기계/산업장비
841381,HK,gertter,,,,Importer,HONG KONG,KOTRA_SNS_2025,기계/산업장비
841381,PE,naval offshore peru,,,,Importer,CALLAO,KOTRA_SNS_2025,기계/산업장비
841381,PK,Islamabad Capital Territory,,,,Importer,SWAT,KOTRA_SNS_2025,기계/산업장비
841381,TH,fdgf,,,,Importer,SURIN,KOTRA_SNS_2025,기계/산업장비
841381,HR,turul security d.o.o,,,,Importer,OSIJEK,KOTRA_SNS_2025,기계/산업장비
841381,PK,GeoImpex,,,,Importer,ISLAMABAD,KOTRA_SNS_2025,기계/산업장비
841381,BR,Saber Representaes Ltda,,,,Importer,VITRIA,KOTRA_SNS_2025,기계/산업장비
841381,MX,Technocrat Enterprises pvt Ltd,,,,Importer,TAXILA,KOTRA_SNS_2025,기계/산업장비
841381,BD,Hammee & Spade Ltd.,,,,Importer,DHAKA,KOTRA_SNS_2025,기계/산업장비
841381,PH,New Interlock Sales & Services,,,,Importer,CEBU CITY,KOTRA_SNS_2025,기계/산업장비
841381,US,gujjar scrap training,,,,Importer,SIALKOT,KOTRA_SNS_2025,기계/산업장비
841381,US,waseemretex@gmail.com,,,,Importer,KARACHI,KOTRA_SNS_2025,기계/산업장비
841381,PK,Majeed trading company,,,,Importer,MULTAN,KOTRA_SNS_2025,기계/산업장비
841381,IN,Upasana Biomedical Research and Industries Private Limited,,,,Importer,KOLKATA,KOTRA_SNS_2025,기계/산업장비
841381,CI,Folourgo Construction,,,,Importer,ABIDJAN,KOTRA_SNS_2025,기계/산업장비
841381,DZ,Facebook,,,,Importer,ALGIERS,KOTRA_SNS_2025,기계/산업장비
841381,PK,al haramin textile,,,,Importer,KARACHI,KOTRA_SNS_2025,기계/산업장비
841381,PH,RCOS Enterprises,,,,Importer,"LUPAO, PHILIPPINES",KOTRA_SNS_2025,기계/산업장비
841381,IN,C K ROYAL Builders Pvt Ltd,,,,Importer,INDIA,KOTRA_SNS_2025,기계/산업장비
841381,US,sfff,,,,Importer,SDFV,KOTRA_SNS_2025,기계/산업장비
841381,BD,Porom,,,,Importer,DHAKA,KOTRA_SNS_2025,기계/산업장비
841381,PK,hamdan Group Of Companies,,,,Importer,SWAT,KOTRA_SNS_2025,기계/산업장비
841381,TH,hdtj,,,,Importer,BANGKOK,KOTRA_SNS_2025,기계/산업장비
841381,US,sdfsdfsdf,,,,Importer,SDFSDF,KOTRA_SNS_2025,기계/산업장비
841381,MA,NM-SPACE,,,,Importer,CASABLANCA,KOTRA_SNS_2025,기계/산업장비
841381,OM,Chittagong International Company LLC,,,,Importer,MUSCAT,KOTRA_SNS_2025,기계/산업장비
841381,US,sddf,,,,Importer,SD,KOTRA_SNS_2025,기계/산업장비
841381,IN,Deep tour,,,,Importer,RUDRAPUR,KOTRA_SNS_2025,기계/산업장비
841381,CA,7-STAR INTERNATIONAL Pvt. Ltd.,,,,Importer,LAHORE,KOTRA_SNS_2025,기계/산업장비
841381,PK,Abdul Latif Trading &Development,,,,Importer,HARIPUR,KOTRA_SNS_2025,기계/산업장비
841381,TH,fghfh,,,,Importer,BANGKOK,KOTRA_SNS_2025,기계/산업장비
841381,IN,anas trading co,,,,Importer,SURAT,KOTRA_SNS_2025,기계/산업장비
841381,PK,Juttson Traders,,,,Importer,SIALKOT,KOTRA_SNS_2025,기계/산업장비
841381,IN,Director of V R Global pvt ltd,,,,Importer,KOLKATA,KOTRA_SNS_2025,기계/산업장비
841381,OM,Darth bisya,,,,Importer,BARKA,KOTRA_SNS_2025,기계/산업장비
841381,US,spindle zone,,,,Importer,MULTAN,KOTRA_SNS_2025,기계/산업장비
841381,IN,lal,,,,Importer,EKM,KOTRA_SNS_2025,기계/산업장비
841381,SA,Golden Marine co,,,,Importer,JUBAIL CITY,KOTRA_SNS_2025,기계/산업장비
841381,RS,Continental Tyres,,,,Importer,NOVI SAD,KOTRA_SNS_2025,기계/산업장비
841381,PK,Goldmines organic farm house,,,,Importer,ISLAMABAD,KOTRA_SNS_2025,기계/산업장비
841381,LK,Universal Marine Services (Pvt) Ltd.,,,,Importer,ETHULKOTTE,KOTRA_SNS_2025,기계/산업장비
841381,ID,Pt berkah saintifik jaya,,,,Importer,JAKARTA,KOTRA_SNS_2025,기계/산업장비
841381,MX,Jaa maquinaria,,,,Importer,MEXICO CITY,KOTRA_SNS_2025,기계/산업장비
841381,ET,good,,,,Importer,DEBRE BIRHAN,KOTRA_SNS_2025,기계/산업장비
841381,US,Irex Immigration BLI Berlitz Strommen Globedwise Henley & Partners,,,,Importer,LANSING,KOTRA_SNS_2025,기계/산업장비
841381,PK,Al Madina Plastic Industry,,,,Importer,GUJRANWALA,KOTRA_SNS_2025,기계/산업장비
841381,PK,ndi,,,,Importer,ISLAMABAD,KOTRA_SNS_2025,기계/산업장비
841381,PK,vip,,,,Importer,RAWALPINDI,KOTRA_SNS_2025,기계/산업장비
841381,IN,My Own Business Institute,,,,Importer,CHANDIGARH,KOTRA_SNS_2025,기계/산업장비
841381,IN,Ugrarupa Energy PVT LTD,,,,Importer,DELHI,KOTRA_SNS_2025,기계/산업장비
841381,PK,Facts Pakistan,,,,Importer,KARACHI,KOTRA_SNS_2025,기계/산업장비
841381,IN,R&H Equipments,,,,Importer,DELHI,KOTRA_SNS_2025,기계/산업장비
841381,DZ,sarl DUCHAN RSEAUX,,,,Importer,EL EULMA,KOTRA_SNS_2025,기계/산업장비
841381,PH,dd.solomon ventures corp,,,,Importer,MUNTINLUPA,KOTRA_SNS_2025,기계/산업장비
841381,US,Osasimp Global Investment Limited,,,,Importer,EDO STATE,KOTRA_SNS_2025,기계/산업장비
841381,IN,Bharath exim,,,,Importer,MARTHANDAM,KOTRA_SNS_2025,기계/산업장비
841381,PK,GREEN LINE BOUTIQUE SMC-PRIVATE LTD.,,,,Importer,"OKARA, PAKISTAN",KOTRA_SNS_2025,기계/산업장비
841381,US,Rainbow Roofing india Pvt. ltd,,,,Importer,"MAVELIKARA, ALAPPUZHA, KERALA",KOTRA_SNS_2025,기계/산업장비
841381,ID,Mahakarya sentra energi,,,,Importer,JAKARTA,KOTRA_SNS_2025,기계/산업장비
841381,PK,Abdul Rehman Bin Auf Mobile Accessories Hafiz chowk Model Town D Block Mandi Bahauddin Pakistan,,,,Importer,MANDI BAHAUDDIN,KOTRA_SNS_2025,기계/산업장비
841381,US,marafi al kuwaitia,,,,Importer,NAGAON,KOTRA_SNS_2025,기계/산업장비
841381,PK,Facebook,,,,Importer,SIALKOT,KOTRA_SNS_2025,기계/산업장비
841381,CI,REHOBOTH LOGISTICS SARL,,,,Importer,ABIDJAN,KOTRA_SNS_2025,기계/산업장비
841381,PK,District Governament Pakpattan,,,,Importer,ARIFWALA,KOTRA_SNS_2025,기계/산업장비
841381,KR,mahalashmi,,,,Importer,THOOTHKKADI,KOTRA_SNS_2025,기계/산업장비
841381,EG,African artificial fibers,,,,Importer,CAIRO,KOTRA_SNS_2025,기계/산업장비
841381,CN,al-Khalil Noor Trading Company,,,,Importer,YIWU,KOTRA_SNS_2025,기계/산업장비
841381,US,GY TRADE LINKS,,,,Importer,DELHI,KOTRA_SNS_2025,기계/산업장비
841381,ET,owner employer/my self,,,,Importer,HARER,KOTRA_SNS_2025,기계/산업장비
841381,ZA,Arcadius corporation pty,,,,Importer,JOHANNESBURG,KOTRA_SNS_2025,기계/산업장비
841381,ML,socit yara distributions,,,,Importer,BAMAKO,KOTRA_SNS_2025,기계/산업장비
841381,ET,Awash trade,,,,Importer,ADDIS ABABA,KOTRA_SNS_2025,기계/산업장비
841381,MA,ben miloud hassan,,,,Importer,CASABLANCA,KOTRA_SNS_2025,기계/산업장비
841381,PK,Salimusa sports,,,,Importer,SIALKOT,KOTRA_SNS_2025,기계/산업장비
841381,PK,AKBAR TRADERS,,,,Importer,KHWAZAKHELA SWAT,KOTRA_SNS_2025,기계/산업장비
841381,US,AL MASSAR TAIB,,,,Importer,ALGERIA,KOTRA_SNS_2025,기계/산업장비
841381,ID,Fajar Inti Perkasa,,,,Importer,JAKARTA,KOTRA_SNS_2025,기계/산업장비
841381,US,Milod,,,,Importer,BOUJDOUR,KOTRA_SNS_2025,기계/산업장비
841381,US,ES ELECTRONICS,,,,Importer,SAGADA,KOTRA_SNS_2025,기계/산업장비
841381,CO,Tractocentro Colombia,,,,Importer,MEDELLN,KOTRA_SNS_2025,기계/산업장비
841381,US,Banodex Group,,,,Importer,NEWARK,KOTRA_SNS_2025,기계/산업장비
841381,US,Senjj,,,,Importer,SENJJ,KOTRA_SNS_2025,기계/산업장비
841381,DZ,sofan,,,,Importer,BOU ZORANE,KOTRA_SNS_2025,기계/산업장비
841381,IN,noblegreen energy pvt ltd,,,,Importer,JANGAON,KOTRA_SNS_2025,기계/산업장비
841381,US,International Corporation Company,,,,Importer,NDJAMENA,KOTRA_SNS_2025,기계/산업장비
841381,US,John Bryan llc.,,,,Importer,LOS ALTOS HILLS,KOTRA_SNS_2025,기계/산업장비
841381,ET,CANVASTECH PLC,,,,Importer,ADDIS ABABA,KOTRA_SNS_2025,기계/산업장비
841381,PK,Narowal King Korean,,,,Importer,NAROWAL,KOTRA_SNS_2025,기계/산업장비
841381,PH,East Visayan Trading Corp,,,,Importer,TACLOBAN CITY,KOTRA_SNS_2025,기계/산업장비
841381,CA,kingoprah services international,,,,Importer,TORONTO,KOTRA_SNS_2025,기계/산업장비
841381,ET,Export Manager BKMY IMPEX PLC/Afro Royal Tours and Global Parsel Express PLC,,,,Importer,ADDIS ABABA,KOTRA_SNS_2025,기계/산업장비
841381,LK,vish Holdings,,,,Importer,COLOMBO,KOTRA_SNS_2025,기계/산업장비
841381,DZ,sbs safety building systems,,,,Importer,ALGIERS,KOTRA_SNS_2025,기계/산업장비
841381,OM,Bens Exports,,,,Importer,MUSCAT,KOTRA_SNS_2025,기계/산업장비
841381,LK,dynamic marketing and logistic pvt Ltd,,,,Importer,ARANAYAKA,KOTRA_SNS_2025,기계/산업장비
841381,US,3series premium Nigeria limited,,,,Importer,ANAMBRA STATE,KOTRA_SNS_2025,기계/산업장비
841381,DZ,Lamri,,,,Importer,ANNABA,KOTRA_SNS_2025,기계/산업장비
841381,GT,indutec,,,,Importer,GUATEMALA CITY,KOTRA_SNS_2025,기계/산업장비
841381,US,hamdaoui fathi,,,,Importer,ELTARF,KOTRA_SNS_2025,기계/산업장비
841381,US,tecnologa agricola peru sac,,,,Importer,LIMA,KOTRA_SNS_2025,기계/산업장비
841381,PK,chishti mobile trader,,,,Importer,FAISALABAD,KOTRA_SNS_2025,기계/산업장비
841381,US,Nepal,,,,Importer,I,KOTRA_SNS_2025,기계/산업장비
841381,PK,FALCON CRAFT INTERNATIONAL,,,,Importer,GUJRANWALA,KOTRA_SNS_2025,기계/산업장비
841381,US,HZ Konsulting,,,,Importer,CASABLANCA,KOTRA_SNS_2025,기계/산업장비
841381,PK,worofy induatr,,,,Importer,SIALKOT,KOTRA_SNS_2025,기계/산업장비
841381,CO,PTA Holding,,,,Importer,BOGOT,KOTRA_SNS_2025,기계/산업장비
841381,DZ,EURL coorporation telecom conception,,,,Importer,KOUBA,KOTRA_SNS_2025,기계/산업장비
841381,PK,Rehman petrol pumps and rehman companies,,,,Importer,SWAT,KOTRA_SNS_2025,기계/산업장비
841381,PK,Fimcl,,,,Importer,RAWALPINDI,KOTRA_SNS_2025,기계/산업장비
841381,MA,Commerce,,,,Importer,AGADIR,KOTRA_SNS_2025,기계/산업장비
841381,IN,Expo Art Overseas,,,,Importer,DELH,KOTRA_SNS_2025,기계/산업장비
841381,DZ,Elster Algrie Eurl,,,,Importer,BOGHNI,KOTRA_SNS_2025,기계/산업장비
841381,PK,AQUARIUS INTERNATIONAL,,,,Importer,ISLAMABAD,KOTRA_SNS_2025,기계/산업장비
841381,PK,Mustafa Traders,,,,Importer,SWABI,KOTRA_SNS_2025,기계/산업장비
841381,EC,Guesan Electronics,,,,Importer,MANTA,KOTRA_SNS_2025,기계/산업장비
841381,KH,"Rockrete Cambodia Co., Ltd",,,,Importer,PHNOM PENH,KOTRA_SNS_2025,기계/산업장비
841381,DZ,Freelancer,,,,Importer,OUM EL BOUAGHI,KOTRA_SNS_2025,기계/산업장비
841381,BR,imporcate,,,,Importer,CAMPO GRANDE,KOTRA_SNS_2025,기계/산업장비
841381,BD,"Aspiration Bd Enterprise,Dhaka,Bangladesh",,,,Importer,DHAKA,KOTRA_SNS_2025,기계/산업장비
841381,ETHIOPIA,Divine Holdings Plc,,,,Importer,ADDIS ABABA,KOTRA_SNS_2025,기계/산업장비
841381,PAKISTAN,Mamba impex,,,,Importer,GUJRAT,KOTRA_SNS_2025,기계/산업장비
841381,BD,Papa Trading Corporation.,,,,Importer,MIRPUR,KOTRA_SNS_2025,기계/산업장비
841381,IN,Rkenginesalesandservices,,,,Importer,VISAKHAPATNAM,KOTRA_SNS_2025,기계/산업장비
841381,NG,Fembol group,,,,Importer,LAGOS,KOTRA_SNS_2025,기계/산업장비
841381,PH,"american technologies, inc",,,,Importer,MANILA,KOTRA_SNS_2025,기계/산업장비
841381,ET,hk general trading,,,,Importer,HAWASSA,KOTRA_SNS_2025,기계/산업장비
841381,NG,Aspireworks Holding,,,,Importer,ABUJA,KOTRA_SNS_2025,기계/산업장비
841381,MA,Ectm,,,,Importer,CASABLANCA,KOTRA_SNS_2025,기계/산업장비
841381,IN,ISAN Trading,,,,Importer,GHAZIABAD,KOTRA_SNS_2025,기계/산업장비
841381,PY,No name,,,,Importer,ASUNCION,KOTRA_SNS_2025,기계/산업장비
841381,IN,Nalkar RENergy and Evecosystems PVT LTD BANGALORE,,,,Importer,BANGALORE,KOTRA_SNS_2025,기계/산업장비
841381,BD,Social-networking,,,,Importer,GAZIPUR,KOTRA_SNS_2025,기계/산업장비
841381,BD,Fourways Enterprise,,,,Importer,DHAKA,KOTRA_SNS_2025,기계/산업장비
841381,PH,Agems Trading and Services FB page: Agems equipment Rental and trucking services,,,,Importer,"BAMBAN, TARLAC",KOTRA_SNS_2025,기계/산업장비
841381,IN,H,,,,Importer,DUNGARPUR,KOTRA_SNS_2025,기계/산업장비
841381,NG,wahbat continental plus limited,,,,Importer,ABUJA,KOTRA_SNS_2025,기계/산업장비
841381,MA,PROTECOM,,,,Importer,CASABLANCA,KOTRA_SNS_2025,기계/산업장비
841381,IN,Deep tour,,,,Importer,RUDRAPUR,KOTRA_SNS_2025,기계/산업장비
841381,BR,Ebenezer Importao  e Exportao,,,,Importer,VITRIA,KOTRA_SNS_2025,기계/산업장비
841381,IN,Vbv,,,,Importer,DELHI,KOTRA_SNS_2025,기계/산업장비
841381,NG,Self-Employe,,,,Importer,JOS PLATEAU STATE,KOTRA_SNS_2025,기계/산업장비
841381,BD,Rotary International,,,,Importer,CHITTAGONG,KOTRA_SNS_2025,기계/산업장비
841381,PK,ABID,,,,Importer,KARACHI,KOTRA_SNS_2025,기계/산업장비
841381,MX,maquintra,,,,Importer,CUAUTLA,KOTRA_SNS_2025,기계/산업장비
841381,US,gujjar scrap training,,,,Importer,SIALKOT,KOTRA_SNS_2025,기계/산업장비
841381,NG,Christ foundation logistics and tours,,,,Importer,IBADAN,KOTRA_SNS_2025,기계/산업장비
841381,US,3series premium Nigeria limited,,,,Importer,ANAMBRA STATE,KOTRA_SNS_2025,기계/산업장비
841381,NG,NETPORTAL Limited,,,,Importer,KANO,KOTRA_SNS_2025,기계/산업장비
841381,DZ,Boumerdes,,,,Importer,NACIRIA,KOTRA_SNS_2025,기계/산업장비
841381,LK,roshan,,,,Importer,DEHIWALA,KOTRA_SNS_2025,기계/산업장비
841381,BD,Bright Global Corporation,,,,Importer,DHAKA,KOTRA_SNS_2025,기계/산업장비
841381,NG,The Pretty Express Logistics Ltd,,,,Importer,ABUJA,KOTRA_SNS_2025,기계/산업장비
841381,MY,pak Malysia Business Associates sdn bhd,,,,Importer,KUALA LUMPUR,KOTRA_SNS_2025,기계/산업장비
841381,BD,K M Corporation,,,,Importer,DHAKA,KOTRA_SNS_2025,기계/산업장비
841381,PK,Froday fresh,,,,Importer,ISLAMABAD,KOTRA_SNS_2025,기계/산업장비
854370,VN,Vinacacao,,,,Importer,HO CHI MINH CITY,KOTRA_SNS_2025,기계/산업장비
854370,ID,Haraandco,,,,Importer,JAKARTA,KOTRA_SNS_2025,기계/산업장비
854370,ID,Intercessor in God,,,,Importer,JAKARTA,KOTRA_SNS_2025,기계/산업장비
847950,VN,Cng ty CP APT Seraphin,,,,Importer,HANOI,KOTRA_SNS_2025,기계/산업장비
847950,TH,CPTECH Solutions,,,,Importer,BANGKOK,KOTRA_SNS_2025,기계/산업장비
854370,TH,"Addwellsgroup co.,ltd",,,,Importer,BKK,KOTRA_SNS_2025,기계/산업장비
854370,TH,Thanaboon Technology Corporation,,,,Importer,BANGKOK,KOTRA_SNS_2025,기계/산업장비
854370,ID,nn,,,,Importer,SEMARANG,KOTRA_SNS_2025,기계/산업장비
854370,TH,LITCH AND HOUND,,,,Importer,BANGKOK,KOTRA_SNS_2025,기계/산업장비
854370,TH,Eastern,,,,Importer,BANGKOK,KOTRA_SNS_2025,기계/산업장비
854370,TH,pipat Gems and Accessories,,,,Importer,BANGKOK,KOTRA_SNS_2025,기계/산업장비
854370,US,fegh,,,,Importer,FFFFFFFFFF,KOTRA_SNS_2025,기계/산업장비
854370,TRKIYE,Ali Okyay Arısoy Co.,,,,Importer,ISTANBUL,KOTRA_SNS_2025,기계/산업장비
854370,SE,hvc,,,,Importer,SIGTUNA,KOTRA_SNS_2025,기계/산업장비
854370,US,Joyskin,,,,Importer,CHICAGO,KOTRA_SNS_2025,기계/산업장비
854370,US,TRYAHFG,,,,Importer,USA,KOTRA_SNS_2025,기계/산업장비
854370,US,Bio-tique,,,,Importer,POWAY,KOTRA_SNS_2025,기계/산업장비
854370,ID,erwinunitech@gmail.com,,,,Importer,BEKASI,KOTRA_SNS_2025,기계/산업장비
854370,MM,Myanmar Medical Equipment Company .(MMEC),,,,Importer,YANGON,KOTRA_SNS_2025,기계/산업장비
854370,JO,Prince Hamzah Hospital,,,,Importer,AMMAN,KOTRA_SNS_2025,기계/산업장비
854370,PH,Jancen Cosmetic Surgery,,,,Importer,MANILA,KOTRA_SNS_2025,기계/산업장비
854370,US,Chain Pharmacy,,,,Importer,ATLANTA,KOTRA_SNS_2025,기계/산업장비
854370,DZ,Hybe,,,,Importer,SEOUL,KOTRA_SNS_2025,기계/산업장비
854370,KH,Owner pharmacy 33,,,,Importer,PHNOM PENH,KOTRA_SNS_2025,기계/산업장비
854370,BE,Golden Groove bv,,,,Importer,BELGIUM,KOTRA_SNS_2025,기계/산업장비
854370,HU,Amplicon kft,,,,Importer,PTERI,KOTRA_SNS_2025,기계/산업장비
847950,ID,PT Global Metalindo Sejahtera,,,,Importer,TANGERANG,KOTRA_SNS_2025,기계/산업장비
854370,ID,Fajar Inti Perkasa,,,,Importer,JAKARTA,KOTRA_SNS_2025,기계/산업장비
854370,SG,Beauty Collection International Pte Ltd,,,,Importer,SINGAPORE,KOTRA_SNS_2025,기계/산업장비
854370,ID,PT. Terra Internasional Indonesia,,,,Importer,JAKARTA,KOTRA_SNS_2025,기계/산업장비
854370,PY,Addwellsgroup co.ltd,,,,Importer,BANGKOK,KOTRA_SNS_2025,기계/산업장비
854370,ID,hejaz pty,,,,Importer,JAKARTA,KOTRA_SNS_2025,기계/산업장비
847950,ID,Dharma Satya Nusantara,,,,Importer,SURABAYA,KOTRA_SNS_2025,기계/산업장비
854370,SG,JoWa,,,,Importer,SINGAPORE,KOTRA_SNS_2025,기계/산업장비
847990,GB,Manchester United,,,,Importer,MANCHESTER,KOTRA_SNS_2025,기계/산업장비
847990,TW,PT Jati Jaya Perkasa,,,,Importer,BEKASI,KOTRA_SNS_2025,기계/산업장비
847990,IN,Baraiya international,,,,Importer,BHAVNAGAR,KOTRA_SNS_2025,기계/산업장비
847990,IN,Smartb2b,,,,Importer,COCHIN,KOTRA_SNS_2025,기계/산업장비
841410,US,Elektromekanex Systems,,,,Importer,BROWNSBURG,KOTRA_SNS_2025,기계/산업장비
841410,US,Savannah State University,,,,Importer,SAVANNAH,KOTRA_SNS_2025,기계/산업장비
841459,US,Metabo HPT,,,,Importer,BRASELTON,KOTRA_SNS_2025,기계/산업장비
841410,US,Mariba Technology,,,,Importer,GLENDORA,KOTRA_SNS_2025,기계/산업장비
854370,CH,WARTSILA SERVICES SWITZERLAND LTD,,,,Importer,BEIJING,KOTRA_SNS_2025,기계/산업장비
854370,CH,HARBIN ELECTRIC MACHINERY CO LTD,,,,Importer,BEIJING,KOTRA_SNS_2025,기계/산업장비
854370,CH,HARBIN ELECTRIC MACHINERY CO LTD,,,,Importer,BEIJING,KOTRA_SNS_2025,기계/산업장비
854370,CH,HARBIN ELECTRIC MACHINERY CO LTD,,,,Importer,BEIJING,KOTRA_SNS_2025,기계/산업장비
854370,BRAZIL,MONTSERRAT COMERCIAL IMPORTADORA E EXPORTADORA LTDA,,,,Importer,SAO PAULO,KOTRA_SNS_2025,기계/산업장비
854370,BRAZIL,SENSOR DO BRASIL,,,,Importer,SAO PAULO,KOTRA_SNS_2025,기계/산업장비
854370,BRAZIL,CONSILUX TECNOLOGIA,,,,Importer,SAO PAULO,KOTRA_SNS_2025,기계/산업장비
854370,BRAZIL,CONSILUX CONSULTORIA,,,,Importer,SAO PAULO,KOTRA_SNS_2025,기계/산업장비
854370,BRAZIL,TRACEVIA,,,,Importer,SAO PAULO,KOTRA_SNS_2025,기계/산업장비
854370,BRAZIL,FISCAL TECNOLOGIA,,,,Importer,SAO PAULO,KOTRA_SNS_2025,기계/산업장비
854370,BRAZIL,TRUST IMPORTACAO E EXPORTACAO EIRELI,,,,Importer,SAO PAULO,KOTRA_SNS_2025,기계/산업장비
854370,BRAZIL,AIRELA INDUSTRIA FARMACEUTICA LTDA,,,,Importer,SAO PAULO,KOTRA_SNS_2025,기계/산업장비
854370,BRAZIL,GREEN DISTRIBUICAO IMPORTACAO E EXPORTACAO LTDA,,,,Importer,SAO PAULO,KOTRA_SNS_2025,기계/산업장비
854370,BRAZIL,AVLFM INDUSTRIA DE COSMETICOS LTDA ADCOS GROUP,,,,Importer,SAO PAULO,KOTRA_SNS_2025,기계/산업장비
854370,BRAZIL,LOGIS COMERCIO ATACADISTA DE COSMETICOS LTDA,,,,Importer,SAO PAULO,KOTRA_SNS_2025,기계/산업장비
854370,BRAZIL,PROCOSA PRODUTOS DE BELEZA LTDA,,,,Importer,SAO PAULO,KOTRA_SNS_2025,기계/산업장비
854370,BRAZIL,CAPITAL TRADE IMPORTACAO E EXPORTACAO LTDA (LATIKA IMPORTACAO E EXPORTACAO LTDA ME),,,,Importer,SAO PAULO,KOTRA_SNS_2025,기계/산업장비
854370,BRAZIL,LALICA COMERCIO DE COSMETICOS LTDA,,,,Importer,SAO PAULO,KOTRA_SNS_2025,기계/산업장비
854370,BRAZIL,MTO IMPORTADORA E DISTRIBUIDORA LTDA,,,,Importer,SAO PAULO,KOTRA_SNS_2025,기계/산업장비
847989,CH,BOSCH AUTOMOTIVE PRODUCTS SUZHOU,,,,Importer,BEIJING,KOTRA_SNS_2025,기계/산업장비
847989,CH,DAOTONG SUPPLY CHIAN SHANGHAI CO LTD,,,,Importer,BEIJING,KOTRA_SNS_2025,기계/산업장비
847989,CH,SHANGHAI LIETH PRECISION EQUIPEMENT CO.LTD,,,,Importer,BEIJING,KOTRA_SNS_2025,기계/산업장비
854370,PE,Comexia consulting,,,,Importer,LIMA,KOTRA_SNS_2025,기계/산업장비
854370,BD,Cosmo Multi Products,,,,Importer,DHAKA,KOTRA_SNS_2025,기계/산업장비
854370,MA,Beauty concept,,,,Importer,CASABLANCA,KOTRA_SNS_2025,기계/산업장비
854370,MA,Byfaiza -jewel,,,,Importer,AGADIR,KOTRA_SNS_2025,기계/산업장비
854370,MX,Yluna.shop,,,,Importer,CIUDAD DE MXICO,KOTRA_SNS_2025,기계/산업장비
854370,IN,VG MEDIA MIX,,,,Importer,COIMBATORE,KOTRA_SNS_2025,기계/산업장비
854370,IN,Dharmik India,,,,Importer,DELHI,KOTRA_SNS_2025,기계/산업장비
854370,SA,Diversified holdings trading,,,,Importer,AL LITH,KOTRA_SNS_2025,기계/산업장비
854370,BD,Gazi Enterprise,,,,Importer,KHULNA,KOTRA_SNS_2025,기계/산업장비
854370,IN,alkem,,,,Importer,KOTDWARA,KOTRA_SNS_2025,기계/산업장비
854370,PH,na,,,,Importer,MANILA,KOTRA_SNS_2025,기계/산업장비
854370,IN,treebornhealthcare,,,,Importer,SURAT,KOTRA_SNS_2025,기계/산업장비
854370,IN,Seoulful,,,,Importer,BANGALORE,KOTRA_SNS_2025,기계/산업장비
854370,IN,Lozara Life,,,,Importer,ALAPPUZHA,KOTRA_SNS_2025,기계/산업장비
854370,PE,Fiobela,,,,Importer,LIMA,KOTRA_SNS_2025,기계/산업장비
854370,IN,BaySkin,,,,Importer,DELHI,KOTRA_SNS_2025,기계/산업장비
854370,IN,Lapalap,,,,Importer,CHANDIGARH,KOTRA_SNS_2025,기계/산업장비
854370,BD,The Velletra Beauty,,,,Importer,DHAKA,KOTRA_SNS_2025,기계/산업장비
854370,IN,Lusso Alchemy,,,,Importer,DELHI,KOTRA_SNS_2025,기계/산업장비
854370,IN,COMET 20,,,,Importer,SURAT,KOTRA_SNS_2025,기계/산업장비
854370,IN,Hi,,,,Importer,NANDED WAGHALA,KOTRA_SNS_2025,기계/산업장비
854370,MX,Dermik,,,,Importer,MEXICO CITY,KOTRA_SNS_2025,기계/산업장비
854370,MX,"Tania Camacho, Passion for hair",,,,Importer,MONTERREY,KOTRA_SNS_2025,기계/산업장비
854370,IN,Mufasaman,,,,Importer,DELHI,KOTRA_SNS_2025,기계/산업장비
854370,IN,Corev,,,,Importer,COCHIN,KOTRA_SNS_2025,기계/산업장비
854370,EC,AURIKOR,,,,Importer,QUITO,KOTRA_SNS_2025,기계/산업장비
854370,PH,Aura Ruz Trading,,,,Importer,MANILA,KOTRA_SNS_2025,기계/산업장비
854370,BD,"CEO,RM International",,,,Importer,DHAKA,KOTRA_SNS_2025,기계/산업장비
854370,IN,LA VIBRA MONARK,,,,Importer,COIMBATORE,KOTRA_SNS_2025,기계/산업장비
854370,BD,Adventure Dhaka Limited,,,,Importer,DHAKA,KOTRA_SNS_2025,기계/산업장비
854370,OM,IAS Engineering consultancy,,,,Importer,MUSCAT,KOTRA_SNS_2025,기계/산업장비
854370,US,A g trademart private limited,,,,Importer,MEERUT,KOTRA_SNS_2025,기계/산업장비
854370,PH,AB Ventures,,,,Importer,MUNTINLUPA CITY,KOTRA_SNS_2025,기계/산업장비
854370,MA,musky,,,,Importer,CASA,KOTRA_SNS_2025,기계/산업장비
854370,BD,IPDC Finance Limited,,,,Importer,DHAKA,KOTRA_SNS_2025,기계/산업장비
854370,CI,GlowStore,,,,Importer,ABIDJAN,KOTRA_SNS_2025,기계/산업장비
854370,BD,Tilotec Ltd,,,,Importer,BURICHANG,KOTRA_SNS_2025,기계/산업장비
854370,PH,Amare Group Inc,,,,Importer,CEBU CITY,KOTRA_SNS_2025,기계/산업장비
854370,MA,Lanching soon,,,,Importer,MARRAKESH,KOTRA_SNS_2025,기계/산업장비
854370,KH,Phimean,,,,Importer,PP,KOTRA_SNS_2025,기계/산업장비
854370,IN,Literate frog,,,,Importer,CHENNAI,KOTRA_SNS_2025,기계/산업장비
854370,PH,Rival Stars Ltd,,,,Importer,TAGUIG,KOTRA_SNS_2025,기계/산업장비
854370,IN,Ruua salon,,,,Importer,VADODARA,KOTRA_SNS_2025,기계/산업장비
854370,TR,DNA  cosmetic.Drug.Food supplements,,,,Importer,ANKARA,KOTRA_SNS_2025,기계/산업장비
854370,PHILIPPINES,Stay gorgeous,,,,Importer,MANILA,KOTRA_SNS_2025,기계/산업장비
854370,JO,Hoot drug store,,,,Importer,AMMAN,KOTRA_SNS_2025,기계/산업장비
854370,IN,IshitaVeda,,,,Importer,HOWRAH,KOTRA_SNS_2025,기계/산업장비
854370,US,Skin by dana,,,,Importer,EILAT,KOTRA_SNS_2025,기계/산업장비
854370,EC,Novep sa,,,,Importer,GUAYAQUIL,KOTRA_SNS_2025,기계/산업장비
854370,PH,Aqbat trade and marketing,,,,Importer,TAGUIG,KOTRA_SNS_2025,기계/산업장비
854370,IN,JJMEK BUSINESS,,,,Importer,DELHI,KOTRA_SNS_2025,기계/산업장비
854370,IN,Tautikaa beauty care private limited,,,,Importer,DELHI,KOTRA_SNS_2025,기계/산업장비
854370,BD,Arotex,,,,Importer,DHAKA,KOTRA_SNS_2025,기계/산업장비
854370,IN,"Surat, Gujarat",,,,Importer,SURAT,KOTRA_SNS_2025,기계/산업장비
854370,IN,Bioatoms inc,,,,Importer,"MOHALI,PUNJAB",KOTRA_SNS_2025,기계/산업장비
854370,MA,Yesskin,,,,Importer,CASABLANCA,KOTRA_SNS_2025,기계/산업장비
854370,IN,Viaderm pharmaceuticals Pvt Ltd,,,,Importer,DELHI,KOTRA_SNS_2025,기계/산업장비
854370,BD,Shoppy,,,,Importer,"KAHALOO, BOGURA",KOTRA_SNS_2025,기계/산업장비
854370,MX,Cirudermmx,,,,Importer,MEXICO CITY,KOTRA_SNS_2025,기계/산업장비
854370,MX,Salang Beauty,,,,Importer,MEXICO CITY,KOTRA_SNS_2025,기계/산업장비
854370,SA,Ict,,,,Importer,DAMMAM,KOTRA_SNS_2025,기계/산업장비
854370,IN,Mufasaman,,,,Importer,NEW DELHI,KOTRA_SNS_2025,기계/산업장비
854370,LK,Central Cycle stores (Pvt) Ltd,,,,Importer,COLOMBO,KOTRA_SNS_2025,기계/산업장비
854370,US,Dg,,,,Importer,DELHI,KOTRA_SNS_2025,기계/산업장비
854370,MA,Acps,,,,Importer,CASABLANCA,KOTRA_SNS_2025,기계/산업장비
854370,IN,Not yet,,,,Importer,NAGRAKATA,KOTRA_SNS_2025,기계/산업장비
854370,US,Nutral Beauty Products Trading,,,,Importer,SAN LEANDRO,KOTRA_SNS_2025,기계/산업장비
854370,EC,Byme,,,,Importer,GUAYAQUIL,KOTRA_SNS_2025,기계/산업장비
854370,IN,Rightbrain creations pvt Ltd,,,,Importer,UDAIPUR,KOTRA_SNS_2025,기계/산업장비
854370,IN,Rahi Medtec,,,,Importer,CHANDIGARH,KOTRA_SNS_2025,기계/산업장비
854370,IN,Pitusa,,,,Importer,MOHALI,KOTRA_SNS_2025,기계/산업장비
854370,MXICO,Derme Skin Solutions,,,,Importer,GUADALAJARA,KOTRA_SNS_2025,기계/산업장비
854370,IN,Paakhi enterprise,,,,Importer,MEHSANA,KOTRA_SNS_2025,기계/산업장비
854370,PH,MAD Agency by Great Deals,,,,Importer,QUEZON CITY,KOTRA_SNS_2025,기계/산업장비
854370,IN,Harjinder Gill,,,,Importer,LUDHIANA,KOTRA_SNS_2025,기계/산업장비
854370,KH,Phnom Penh,,,,Importer,PHNOM PENH,KOTRA_SNS_2025,기계/산업장비
854370,ET,Bahir Dar University,,,,Importer,ADDIS ABABA,KOTRA_SNS_2025,기계/산업장비
854370,JO,SR partners,,,,Importer,AMMAN,KOTRA_SNS_2025,기계/산업장비
854370,IN,DOCTER,,,,Importer,SURAT,KOTRA_SNS_2025,기계/산업장비
854370,PH,Healthy Kamp,,,,Importer,QUEZON CITY,KOTRA_SNS_2025,기계/산업장비
854370,ID,MK Skin Clinic Bali,,,,Importer,UBUD,KOTRA_SNS_2025,기계/산업장비
854370,KH,Benova Global,,,,Importer,PHNOM PENH,KOTRA_SNS_2025,기계/산업장비
854370,MX,Venture Quest,,,,Importer,LEN,KOTRA_SNS_2025,기계/산업장비
854370,IN,Cutibless health care pvt ltd,,,,Importer,DAVANGERE,KOTRA_SNS_2025,기계/산업장비
854370,IN,University of Delhi - South Campus,,,,Importer,DELHI,KOTRA_SNS_2025,기계/산업장비
854370,IN,Ark inc,,,,Importer,KOCHI,KOTRA_SNS_2025,기계/산업장비
854370,ID,Stunica Sm Ikm Fkui,,,,Importer,JAKARTA,KOTRA_SNS_2025,기계/산업장비
854370,IN,Koreanshop impex pvt ltd,,,,Importer,VADODARA,KOTRA_SNS_2025,기계/산업장비
854370,MX,Harmony,,,,Importer,LEN,KOTRA_SNS_2025,기계/산업장비
854370,US,Indian Institute Of Patent and Trademark - IIPTA,,,,Importer,GHAZIABAD,KOTRA_SNS_2025,기계/산업장비
854370,EC,Beauty Trendy,,,,Importer,QUITO,KOTRA_SNS_2025,기계/산업장비
854370,TRKIYE,Cosmocon,,,,Importer,ADANA,KOTRA_SNS_2025,기계/산업장비
854370,MX,Natalia Castillo,,,,Importer,SAN LUIS POTOS,KOTRA_SNS_2025,기계/산업장비
854370,MA,Innov market,,,,Importer,RABAT,KOTRA_SNS_2025,기계/산업장비
854370,BD,Korean Shop Bangladesh,,,,Importer,DHAKA,KOTRA_SNS_2025,기계/산업장비
854370,EC,Baransu,,,,Importer,QUITO,KOTRA_SNS_2025,기계/산업장비
854370,IN,Kuja care,,,,Importer,4933,KOTRA_SNS_2025,기계/산업장비
854370,KW,Linco,,,,Importer,JABER ALAHMED,KOTRA_SNS_2025,기계/산업장비
854370,ET,Gold mining company,,,,Importer,ASOSA,KOTRA_SNS_2025,기계/산업장비
854370,BD,AR enterpeise,,,,Importer,DHAKA,KOTRA_SNS_2025,기계/산업장비
854370,IN,Dr. Ishita’s Skin Clinic,,,,Importer,SURAT,KOTRA_SNS_2025,기계/산업장비
854370,ET,BAYO PLC,,,,Importer,ADDIS ABABA,KOTRA_SNS_2025,기계/산업장비
854370,US,Gigi INC.,,,,Importer,HOUSTON,KOTRA_SNS_2025,기계/산업장비
854370,VN,Anna&Jini,,,,Importer,HO CHI MINH CITY,KOTRA_SNS_2025,기계/산업장비
854370,BD,Moni Family,,,,Importer,DHAKA,KOTRA_SNS_2025,기계/산업장비
854370,IN,Scions Business Solutions,,,,Importer,KOCHI,KOTRA_SNS_2025,기계/산업장비
854370,KE,"Nairobi, Kenya",,,,Importer,NAIROBI,KOTRA_SNS_2025,기계/산업장비
854370,AL,Rubgbmb,,,,Importer,SO FIDLIS,KOTRA_SNS_2025,기계/산업장비
854370,IN,medimart,,,,Importer,CALICUT,KOTRA_SNS_2025,기계/산업장비
850440,JP,"JERA CO., INC.",,,,Importer,OSAKA,KOTRA_SNS_2025,기계/산업장비
854370,JP,REOLITE,,,,Importer,OSAKA,KOTRA_SNS_2025,기계/산업장비
854370,JP,ONEMAKE,,,,Importer,OSAKA,KOTRA_SNS_2025,기계/산업장비
847989,MX,Benova,,,,Importer,MEXICO CITY,KOTRA_SNS_2025,기계/산업장비
847989,MX,Diestga,,,,Importer,VILLAHERMOSA,KOTRA_SNS_2025,기계/산업장비
854370,PH,Marify,,,,Importer,MANILA,KOTRA_SNS_2025,기계/산업장비
854370,PH,Eclipse Beauty production,,,,Importer,MANILA,KOTRA_SNS_2025,기계/산업장비
854370,ET,Hope Medical Diagnostic Center,,,,Importer,JIJIGA,KOTRA_SNS_2025,기계/산업장비
854370,MX,La Florida Market,,,,Importer,MEXICO CITY,KOTRA_SNS_2025,기계/산업장비
854370,BD,S&FR Enterprise,,,,Importer,DHAKA,KOTRA_SNS_2025,기계/산업장비
854370,IN,Hoorberry pvt ltd,,,,Importer,KOLKATA,KOTRA_SNS_2025,기계/산업장비
854370,KR,BD Online Korean Cosmetic SHOP,,,,Importer,SEOUL,KOTRA_SNS_2025,기계/산업장비
854370,LK,The Sensation Store,,,,Importer,COLOMBO,KOTRA_SNS_2025,기계/산업장비
854370,PH,,,,,Importer,QUEZON CITY,KOTRA_SNS_2025,기계/산업장비
854370,PH,Make-up Revamp by Kate Aguilar,,,,Importer,MANILA,KOTRA_SNS_2025,기계/산업장비
854370,IN,Safilo Healthcare,,,,Importer,RAJKOT,KOTRA_SNS_2025,기계/산업장비
854370,VN,EMG Education,,,,Importer,HO CHI MINH CITY,KOTRA_SNS_2025,기계/산업장비
854370,IN,Gulf genuine,,,,Importer,MUSCAT,KOTRA_SNS_2025,기계/산업장비
854370,IN,Bellaze,,,,Importer,CHURU,KOTRA_SNS_2025,기계/산업장비
854370,PH,Skin MDC Laser Dermatology Slimming Center,,,,Importer,QUEZON CITY,KOTRA_SNS_2025,기계/산업장비
854370,IN,Vijaya Chemicals and toilet works,,,,Importer,CHENNAI,KOTRA_SNS_2025,기계/산업장비
854370,LK,Brand Marketz,,,,Importer,SRI LANKA,KOTRA_SNS_2025,기계/산업장비
854370,MX,Starmira Store,,,,Importer,LEN,KOTRA_SNS_2025,기계/산업장비
854370,MX,Vera,,,,Importer,MEXICO CITY,KOTRA_SNS_2025,기계/산업장비
854370,OM,Self,,,,Importer,MUSCAT,KOTRA_SNS_2025,기계/산업장비
854370,IN,ARGANMIDAS_Per,,,,Importer,SAN ISIDRO,KOTRA_SNS_2025,기계/산업장비
854370,BD,Maryam fashion house,,,,Importer,DHAKA,KOTRA_SNS_2025,기계/산업장비
854370,US,Kiwik IT Company,,,,Importer,SYRACUSE,KOTRA_SNS_2025,기계/산업장비
854370,ET,HPC Chemicals,,,,Importer,ADDIS ABABA,KOTRA_SNS_2025,기계/산업장비
854370,PH,Automax Wheels Hub Inc. car dealership,,,,Importer,QUEZON CITY,KOTRA_SNS_2025,기계/산업장비
854370,EC,Notebookplazaec,,,,Importer,QUITO,KOTRA_SNS_2025,기계/산업장비
854370,BD,home,,,,Importer,DHAKA,KOTRA_SNS_2025,기계/산업장비
854370,TR,Self Employed,,,,Importer,ISTANBUL,KOTRA_SNS_2025,기계/산업장비
854370,IN,Rhine Biogenics P Ltd,,,,Importer,THRISSUR,KOTRA_SNS_2025,기계/산업장비
854370,NZ,H&H beauty spa,,,,Importer,AUCKLAND,KOTRA_SNS_2025,기계/산업장비
854370,IN,XYZ,,,,Importer,THRISSUR,KOTRA_SNS_2025,기계/산업장비
854370,MX,Tzitzihua,,,,Importer,MONTERREY,KOTRA_SNS_2025,기계/산업장비
854370,BD,job,,,,Importer,COMILLA,KOTRA_SNS_2025,기계/산업장비
854370,MX,Graftobian Mexico - Cosmticos Profesionales,,,,Importer,MEXICO CITY,KOTRA_SNS_2025,기계/산업장비
854370,KW,Agelessbeauty,,,,Importer,KUWAIT,KOTRA_SNS_2025,기계/산업장비
854370,IN,Spica International,,,,Importer,MUNDRA,KOTRA_SNS_2025,기계/산업장비
854370,US,SWAT SOS 247,,,,Importer,EDENVALE,KOTRA_SNS_2025,기계/산업장비
854370,IN,Reevanax,,,,Importer,JUNAGADH,KOTRA_SNS_2025,기계/산업장비
854370,BD,Bangkok Studio,,,,Importer,DHAKA,KOTRA_SNS_2025,기계/산업장비
854370,US,Maghasurya estore,,,,Importer,CHENNAI,KOTRA_SNS_2025,기계/산업장비
854370,IN,BarSana AyurVeda,,,,Importer,KAPURTHALA,KOTRA_SNS_2025,기계/산업장비
854370,PH,UBC,,,,Importer,MANILA,KOTRA_SNS_2025,기계/산업장비
854370,MA,Owner/CEO,,,,Importer,RABAT,KOTRA_SNS_2025,기계/산업장비
854370,IN,Na,,,,Importer,KOLKATA,KOTRA_SNS_2025,기계/산업장비
854370,US,DC COSMO CLINIC,,,,Importer,MIRA ROAD IN THANE,KOTRA_SNS_2025,기계/산업장비
854370,IN,Avue clinic,,,,Importer,KOLKATA,KOTRA_SNS_2025,기계/산업장비
854370,IN,CMC,,,,Importer,CHENNAI,KOTRA_SNS_2025,기계/산업장비
854370,IN,Rossari Biotech Ltd,,,,Importer,VAPI,KOTRA_SNS_2025,기계/산업장비
854370,IN,ADP Private Limited,,,,Importer,MADEENAGUDA,KOTRA_SNS_2025,기계/산업장비
854370,MY,Sierra Beauty trading sdn bhd,,,,Importer,KUALA LUMPUR,KOTRA_SNS_2025,기계/산업장비
854370,US,smart medical,,,,Importer,KHAMIS MUSHAYT,KOTRA_SNS_2025,기계/산업장비
854370,PH,Priesse Hub OPC,,,,Importer,QUEZON CITY,KOTRA_SNS_2025,기계/산업장비
854370,MX,Jorge garcia,,,,Importer,GUADALAJARA,KOTRA_SNS_2025,기계/산업장비
854370,ET,,,,,Importer,ADDIS ABABA,KOTRA_SNS_2025,기계/산업장비
854370,OM,Achievement Pinnacle,,,,Importer,MUSCAT,KOTRA_SNS_2025,기계/산업장비
854370,IN,Irsh,,,,Importer,CHENNAI,KOTRA_SNS_2025,기계/산업장비
854370,BD,Tazreean Enterprise,,,,Importer,DHAKA,KOTRA_SNS_2025,기계/산업장비
854370,BD,HTA,,,,Importer,CHITTAGONG,KOTRA_SNS_2025,기계/산업장비
854370,ET,No,,,,Importer,ADDIS ABEBA,KOTRA_SNS_2025,기계/산업장비
854370,US,Tsa Group LLC,,,,Importer,DOVER,KOTRA_SNS_2025,기계/산업장비
854370,IN,Not Yet Working,,,,Importer,BHATKAL,KOTRA_SNS_2025,기계/산업장비
854370,IN,Dr Pharma,,,,Importer,TRIVANDRUM,KOTRA_SNS_2025,기계/산업장비
854370,MY,Zombie Digital,,,,Importer,KUALA LUMPUR,KOTRA_SNS_2025,기계/산업장비
854370,ET,Miash Medical import,,,,Importer,ADDIS ABABA,KOTRA_SNS_2025,기계/산업장비
854370,IN,Healthandblossom,,,,Importer,KOHIMA,KOTRA_SNS_2025,기계/산업장비
854370,MY,Private,,,,Importer,SELANGOR,KOTRA_SNS_2025,기계/산업장비
854370,BD,Grey Matter IMC,,,,Importer,DHAKA,KOTRA_SNS_2025,기계/산업장비
854370,IN,London college of interior design,,,,Importer,PONNANI,KOTRA_SNS_2025,기계/산업장비
854370,OM,Zahoor Group,,,,Importer,MUSCAT,KOTRA_SNS_2025,기계/산업장비
854370,IN,Magical elixir,,,,Importer,KURUMATHUR,KOTRA_SNS_2025,기계/산업장비
854370,ZA,Eun k beauty,,,,Importer,SANDTON,KOTRA_SNS_2025,기계/산업장비
854370,EC,MR Importaciones,,,,Importer,QUITO,KOTRA_SNS_2025,기계/산업장비
854370,US,Omniavi,,,,Importer,QUITO,KOTRA_SNS_2025,기계/산업장비
854370,PH,WSG,,,,Importer,MANILA,KOTRA_SNS_2025,기계/산업장비
854370,BD,ApplyGen,,,,Importer,DHAKA,KOTRA_SNS_2025,기계/산업장비
854370,ET,M w trading plc,,,,Importer,ADDIS ABABA,KOTRA_SNS_2025,기계/산업장비
854370,MX,Ekiemart,,,,Importer,CDMX.,KOTRA_SNS_2025,기계/산업장비
854370,LK,Dermamedica pvt ltd,,,,Importer,COLOMBO,KOTRA_SNS_2025,기계/산업장비
854370,EC,I. Municipio De Latacunga,,,,Importer,QUITO,KOTRA_SNS_2025,기계/산업장비
854370,PK,Km Traders,,,,Importer,LAHORE,KOTRA_SNS_2025,기계/산업장비
854370,MX,Didacti Juegos,,,,Importer,TORREN,KOTRA_SNS_2025,기계/산업장비
854370,US,oasis Grace llc,,,,Importer,MUSCAT,KOTRA_SNS_2025,기계/산업장비
854370,PK,GLOBAL CONSULTANTS,,,,Importer,LAHORE,KOTRA_SNS_2025,기계/산업장비
854370,ID,Fotograph,,,,Importer,SURAKARTA,KOTRA_SNS_2025,기계/산업장비
854370,BD,Lumra,,,,Importer,DHAKA,KOTRA_SNS_2025,기계/산업장비
854370,IN,Self Employed,,,,Importer,KASHIPUR,KOTRA_SNS_2025,기계/산업장비
854370,IN,Clarica Life Style Private Limited,,,,Importer,KOLKATA,KOTRA_SNS_2025,기계/산업장비
854370,LK,Elysium global holdings Pvt Ltd,,,,Importer,COLOMBO,KOTRA_SNS_2025,기계/산업장비
854370,VN,Thnh ph H Ni,,,,Importer,H NI,KOTRA_SNS_2025,기계/산업장비
854370,AE,Import-export,,,,Importer,DUBAI,KOTRA_SNS_2025,기계/산업장비
854370,ID,Karyn,,,,Importer,SURAKARTA,KOTRA_SNS_2025,기계/산업장비
854370,IN,Accurate Surgicals,,,,Importer,AMRITSAR,KOTRA_SNS_2025,기계/산업장비
854370,MX,BC clinik,,,,Importer,METEPEC,KOTRA_SNS_2025,기계/산업장비
854370,PE,Administracion de productos farmaceuticos,,,,Importer,LIMA,KOTRA_SNS_2025,기계/산업장비
854370,PH,Brenntag Ingredients Inc,,,,Importer,MAKATI,KOTRA_SNS_2025,기계/산업장비
854370,NG,Amusement Supports.,,,,Importer,IBADAN,KOTRA_SNS_2025,기계/산업장비
847990,IN,Dynamic food industries India pvt Ltd,,,,Importer,U,KOTRA_SNS_2025,기계/산업장비
847990,IN,Erasmus,,,,Importer,HOSHIARPUR,KOTRA_SNS_2025,기계/산업장비
847990,SA,Science Light Trading Est.,,,,Importer,ARRIYADH,KOTRA_SNS_2025,기계/산업장비
847990,OM,Al Harthy Dev. & Inv. LLC,,,,Importer,MUSCAT,KOTRA_SNS_2025,기계/산업장비
847990,IN,Healthways,,,,Importer,UDAIPUR,KOTRA_SNS_2025,기계/산업장비
847990,IN,EURO ENGINEERING INTERNATIONAL,,,,Importer,GREATER NOIDA,KOTRA_SNS_2025,기계/산업장비
847990,IN,Boltbounce,,,,Importer,SURAT,KOTRA_SNS_2025,기계/산업장비
847990,IN,YAI,,,,Importer,IMPHAL,KOTRA_SNS_2025,기계/산업장비
847990,US,debsons extrem engg abd mfg co,,,,Importer,SURAT,KOTRA_SNS_2025,기계/산업장비
847990,AF,16836858,,,,Importer,78910,KOTRA_SNS_2025,기계/산업장비
847990,MA,jamal,,,,Importer,CASABLANCA,KOTRA_SNS_2025,기계/산업장비
841459,US,D-VAC,,,,Importer,MASSAPEQUA,KOTRA_SNS_2025,기계/산업장비
841459,GL,Yyp,,,,Importer,OZAMIS CITY,KOTRA_SNS_2025,기계/산업장비
841459,PH,Full Time Wife & Mommy,,,,Importer,CUBAO,KOTRA_SNS_2025,기계/산업장비
841459,IN,SA PUSO MO,,,,Importer,CLARIN,KOTRA_SNS_2025,기계/산업장비
841459,US,Brega Resources LLC,,,,Importer,KATY,KOTRA_SNS_2025,기계/산업장비
841459,PH,Cold Storage MNL,,,,Importer,MANILA,KOTRA_SNS_2025,기계/산업장비
854370,US,self emplyed,,,,Importer,FORT LAUDERDALE,KOTRA_SNS_2025,기계/산업장비
841459,PH,Fujiaire Philippines,,,,Importer,MUNTINLUPA CITY,KOTRA_SNS_2025,기계/산업장비
841459,ID,Tradeindia,,,,Importer,KOTA LAINNYA,KOTRA_SNS_2025,기계/산업장비
841459,US,Unikly,,,,Importer,BATANGAS,KOTRA_SNS_2025,기계/산업장비
841459,PH,jkdelapenia@gmail.com,,,,Importer,SANTA MARGARITA,KOTRA_SNS_2025,기계/산업장비
841459,PH,Best Group Services & Trading Corp,,,,Importer,PARAAQUE,KOTRA_SNS_2025,기계/산업장비
841459,PH,EcoSolutions,,,,Importer,FORT BONIFACIO,KOTRA_SNS_2025,기계/산업장비
841459,PH,"Cauayan City, Isabela Phillipines",,,,Importer,CAUAYAN,KOTRA_SNS_2025,기계/산업장비
841459,US,ultra geothermal,,,,Importer,NORTH CONWAY,KOTRA_SNS_2025,기계/산업장비
841459,VN,ATM investment,,,,Importer,HO CHI MINH CITY,KOTRA_SNS_2025,기계/산업장비
841459,PH,1Home Housing Cooperative,,,,Importer,MAKATI,KOTRA_SNS_2025,기계/산업장비
841459,US,"CEG Company, Inc.,",,,,Importer,HARTVILLE,KOTRA_SNS_2025,기계/산업장비
841459,US,NayHtikeFamilyCompanyLimited,,,,Importer,YANGON,KOTRA_SNS_2025,기계/산업장비
841459,US,jskamajdid,,,,Importer,KANSAS CITY,KOTRA_SNS_2025,기계/산업장비
841459,US,anacaronilan@gmail.com,,,,Importer,CAVITY,KOTRA_SNS_2025,기계/산업장비
841459,US,88,,,,Importer,DUBLIN,KOTRA_SNS_2025,기계/산업장비
841459,KH,EGE /,,,,Importer,PHNOM PENH,KOTRA_SNS_2025,기계/산업장비
841459,US,Skyrise builders management inc.,,,,Importer,NEW YORK,KOTRA_SNS_2025,기계/산업장비
841459,PH,Zimmons Industries,,,,Importer,DAVAO CITY,KOTRA_SNS_2025,기계/산업장비
841459,US,worker,,,,Importer,CORPUS CHRISTI,KOTRA_SNS_2025,기계/산업장비
841459,PH,Gilmed Biosystem Corp.,,,,Importer,DAVAO CITY,KOTRA_SNS_2025,기계/산업장비
841459,PH,Ganesh,,,,Importer,LAS PIAS,KOTRA_SNS_2025,기계/산업장비
841459,PH,Hiraya Tech,,,,Importer,QUEZON CITY,KOTRA_SNS_2025,기계/산업장비
841459,PH,O81 BUSINESS SOLUTION,,,,Importer,MAKATI,KOTRA_SNS_2025,기계/산업장비
841459,PH,LINDEN Technologies Philippines,,,,Importer,PARANAQUE CITY,KOTRA_SNS_2025,기계/산업장비
841459,PH,CJDA Interior Trading,,,,Importer,MANILA,KOTRA_SNS_2025,기계/산업장비
841459,PH,Intelliserve Trading Inc,,,,Importer,MANILA,KOTRA_SNS_2025,기계/산업장비
841459,PH,Z Hostel Philippines,,,,Importer,MAKATI,KOTRA_SNS_2025,기계/산업장비
841459,PH,Yupangco Holdings Corporation ; Zoomanity Group,,,,Importer,MANILA,KOTRA_SNS_2025,기계/산업장비
841459,PH,Greenfoss Technology Corp.,,,,Importer,BIAN CITY,KOTRA_SNS_2025,기계/산업장비
841459,ID,THIESS,,,,Importer,KOTA PALANKA RAYA,KOTRA_SNS_2025,기계/산업장비
841459,PH,CEP ENGINEERING SOLUTION,,,,Importer,CAGAYAN DE ORO CITY,KOTRA_SNS_2025,기계/산업장비
841459,PH,MCube Aircon OPC,,,,Importer,LAS PINAS/ BACOOR,KOTRA_SNS_2025,기계/산업장비
841459,PH,Power And Equipment Consultants Center,,,,Importer,MARIKINA CITY,KOTRA_SNS_2025,기계/산업장비
841370,OM,KHALIFA SULIMAN HUMAID ALHAMRASHDI TRD,,,,Importer,MUSCAT,KOTRA_SNS_2025,기계/산업장비
841370,JO,MixGT,,,,Importer,AMMAN,KOTRA_SNS_2025,기계/산업장비
854370,CN,SCUD FUJIAN ELECTRONICS CO LTD,,,,Importer,BEIJING,KOTRA_SNS_2025,기계/산업장비
854370,CN,SCUD FUJIAN ELECTRONICS CO LTD,,,,Importer,BEIJING,KOTRA_SNS_2025,기계/산업장비
854370,CN,MISUMI(CHINA) PRECISION MACHINERY,,,,Importer,BEIJING,KOTRA_SNS_2025,기계/산업장비
847989,SAUDI ARABIA,Greencoffesa,,,,Importer,RIYADH,KOTRA_SNS_2025,기계/산업장비
847989,SAUDI ARABIA,Araxon,,,,Importer,TABUK REGION,KOTRA_SNS_2025,기계/산업장비
847989,SAUDI ARABIA,Arab Energy,,,,Importer,AL JUBAIL,KOTRA_SNS_2025,기계/산업장비
847989,SAUDI ARABIA,KALPATARU PROJECTS INTERNATIONAL LIMITED,,,,Importer,AL KHOBAR,KOTRA_SNS_2025,기계/산업장비
847989,SAUDI ARABIA,URBAN LANDSCAPE CO,,,,Importer,DAMMAM,KOTRA_SNS_2025,기계/산업장비
854390,US,"L. Steve Castlen, Realtors",,,,Importer,OWENSBORO,KOTRA_SNS_2025,기계/산업장비
854390,IN,Trivasia,,,,Importer,KARUR,KOTRA_SNS_2025,기계/산업장비
854390,IN,augmentaa,,,,Importer,GURGAON,KOTRA_SNS_2025,기계/산업장비
854390,IN,National Anti Corruption Commission,,,,Importer,HYDERABAD,KOTRA_SNS_2025,기계/산업장비
854390,MX,Organizadora Herrera,,,,Importer,MEXICO CITY,KOTRA_SNS_2025,기계/산업장비
854390,IN,Global touch,,,,Importer,HYDERABAD,KOTRA_SNS_2025,기계/산업장비
854390,ID,financial,,,,Importer,BSD,KOTRA_SNS_2025,기계/산업장비
854390,IN,RDI,,,,Importer,BOMBAY MAHIM,KOTRA_SNS_2025,기계/산업장비
854390,MY,AIC FOOTPRINTS TRAVELS & TOURS SDN BHD,,,,Importer,KOTA KINABALU,KOTRA_SNS_2025,기계/산업장비
854390,PH,Virspacio,,,,Importer,VALENZUELA,KOTRA_SNS_2025,기계/산업장비
854390,MN,UBCCI,,,,Importer,ULAANBAATAR,KOTRA_SNS_2025,기계/산업장비
854390,IN,MSME Sampark,,,,Importer,DELHI,KOTRA_SNS_2025,기계/산업장비
854370,MY,MLBS INTERNATIONAL MARKETING SDN BHD,,,,Importer,KUALA LUMPUR,KOTRA_SNS_2025,기계/산업장비
854370,MY,InNature Berhad,,,,Importer,KUALA LUMPUR,KOTRA_SNS_2025,기계/산업장비
854370,MY,Fulijaya Group,,,,Importer,GEORGE TOWN,KOTRA_SNS_2025,기계/산업장비
854370,MY,g nature,,,,Importer,KL ／ PG,KOTRA_SNS_2025,기계/산업장비
854370,MY,Trvolv,,,,Importer,KUALA LUMPUR,KOTRA_SNS_2025,기계/산업장비
847989,GREECE,"ZAFIROPOULOS, P., S.A",,,,Importer,ATHENS,KOTRA_SNS_2025,기계/산업장비
841480,CHINA,"China Merchants Jinling Shipbuilding (Jiangsu) Co., Ltd",,,,Importer,ZHEJIANG,KOTRA_SNS_2025,기계/산업장비
841480,CHINA,Guangzhou Shipyard International Company Limited,,,,Importer,ZHEJIANG,KOTRA_SNS_2025,기계/산업장비
841480,CHINA,"New Times Shipbuilding Co.,Ltd.",,,,Importer,ZHEJIANG,KOTRA_SNS_2025,기계/산업장비
