buyNo,buyName,nationName,phone,regDateStr,detailLink,country_iso
4101,PS Cloud Services ,카자흐스탄,(+7) (727) 388 80 00,2025.12.04,https://www.globalict.kr//business/buyer/buyer_view.do?menuCode=030500&buyNo=4101,KZ
4100,JSC Kazteleport,카자흐스탄,(+7) 727 364 5151,2025.12.04,https://www.globalict.kr//business/buyer/buyer_view.do?menuCode=030500&buyNo=4100,KZ
4099,CTC ASTANA LTD,카자흐스탄,(+7) 701 717 5555,2025.12.04,https://www.globalict.kr//business/buyer/buyer_view.do?menuCode=030500&buyNo=4099,KZ
4098,SMARTNET TOO,카자흐스탄,(+7) (727) 356 01 11,2025.12.04,https://www.globalict.kr//business/buyer/buyer_view.do?menuCode=030500&buyNo=4098,KZ
4097,NLS Kazakhstan LLC,카자흐스탄,(+7) (7172) 725 5555,2025.12.04,https://www.globalict.kr//business/buyer/buyer_view.do?menuCode=030500&buyNo=4097,KZ
4096,Vista Technology LLP,카자흐스탄,(+7) (727) 345 60 00,2025.12.04,https://www.globalict.kr//business/buyer/buyer_view.do?menuCode=030500&buyNo=4096,KZ
4095,Jusan Mobile JSC,카자흐스탄,(+7) (727) 2 377-777,2025.12.04,https://www.globalict.kr//business/buyer/buyer_view.do?menuCode=030500&buyNo=4095,KZ
4094,JSC Kazakhtelecom,카자흐스탄,(+7)160,2025.12.04,https://www.globalict.kr//business/buyer/buyer_view.do?menuCode=030500&buyNo=4094,KZ
4093,JSC Transtelecom,카자흐스탄,(+7)191,2025.12.04,https://www.globalict.kr//business/buyer/buyer_view.do?menuCode=030500&buyNo=4093,KZ
4092, TNS-Plus ,카자흐스탄,(+7) 777 779 61 60,2025.12.04,https://www.globalict.kr//business/buyer/buyer_view.do?menuCode=030500&buyNo=4092,KZ
4091,Intellect,싱가포르,-,2025.11.21,https://www.globalict.kr//business/buyer/buyer_view.do?menuCode=030500&buyNo=4091,SG
4090,Biorithm,싱가포르,-,2025.11.21,https://www.globalict.kr//business/buyer/buyer_view.do?menuCode=030500&buyNo=4090,SG
4089,Amplify Health,싱가포르,(+65) 8869 0211,2025.11.21,https://www.globalict.kr//business/buyer/buyer_view.do?menuCode=030500&buyNo=4089,SG
4088,Speedoc,싱가포르,(+65) 6909 7799,2025.11.21,https://www.globalict.kr//business/buyer/buyer_view.do?menuCode=030500&buyNo=4088,SG
4087,MindFi,싱가포르,-,2025.11.21,https://www.globalict.kr//business/buyer/buyer_view.do?menuCode=030500&buyNo=4087,SG
4086,Omni-Health,싱가포르,-,2025.11.21,https://www.globalict.kr//business/buyer/buyer_view.do?menuCode=030500&buyNo=4086,SG
4085,Aevice Health,싱가포르,-,2025.11.21,https://www.globalict.kr//business/buyer/buyer_view.do?menuCode=030500&buyNo=4085,SG
4084,Mesh Bio,싱가포르,-,2025.11.21,https://www.globalict.kr//business/buyer/buyer_view.do?menuCode=030500&buyNo=4084,SG
4083,Holmusk,싱가포르,-,2025.11.21,https://www.globalict.kr//business/buyer/buyer_view.do?menuCode=030500&buyNo=4083,SG
4082,Doctor Anywhere,싱가포르,(+65) 3158 4622,2025.11.21,https://www.globalict.kr//business/buyer/buyer_view.do?menuCode=030500&buyNo=4082,SG
4081,Mandal Risk,몽골,(+976) 77745577,2025.10.31,https://www.globalict.kr//business/buyer/buyer_view.do?menuCode=030500&buyNo=4081,MN
4080,Мэдээлэл холбооны сүлжээ ХХК (Information Communication Network LLC),몽골,(+976) 70112519,2025.10.31,https://www.globalict.kr//business/buyer/buyer_view.do?menuCode=030500&buyNo=4080,MN
4079,System Center LLC,몽골,(+976)7575 9997,2025.10.31,https://www.globalict.kr//business/buyer/buyer_view.do?menuCode=030500&buyNo=4079,MN
4078,Bloomlink,몽골,(+976) 7599 0000,2025.10.31,https://www.globalict.kr//business/buyer/buyer_view.do?menuCode=030500&buyNo=4078,MN
4077,Infinite Solutions,몽골,-,2025.10.31,https://www.globalict.kr//business/buyer/buyer_view.do?menuCode=030500&buyNo=4077,MN
4076,InetPro LLC,몽골,(+976)-77367534; (+976)-94408811,2025.10.31,https://www.globalict.kr//business/buyer/buyer_view.do?menuCode=030500&buyNo=4076,MN
4075,Infosolution,몽골,(+976) 75111359,2025.10.31,https://www.globalict.kr//business/buyer/buyer_view.do?menuCode=030500&buyNo=4075,MN
4074,VERTEXMON,몽골,7575-0700,2025.10.31,https://www.globalict.kr//business/buyer/buyer_view.do?menuCode=030500&buyNo=4074,MN
4073,ITZONE,몽골,(+976)-11-330990,2025.10.31,https://www.globalict.kr//business/buyer/buyer_view.do?menuCode=030500&buyNo=4073,MN
4072,Infosec Intelligence LLC,몽골,(+976) 7233 6892,2025.10.31,https://www.globalict.kr//business/buyer/buyer_view.do?menuCode=030500&buyNo=4072,MN
4071,Radiant System Integration (RSI),방글라데시,(+880) 1856-698844,2025.09.04,https://www.globalict.kr//business/buyer/buyer_view.do?menuCode=030500&buyNo=4071,BD
4070,Applied Automation ,방글라데시,(+880) 17320646208,2025.09.04,https://www.globalict.kr//business/buyer/buyer_view.do?menuCode=030500&buyNo=4070,BD
4069,Total Systems Integration BD,방글라데시,-,2025.09.04,https://www.globalict.kr//business/buyer/buyer_view.do?menuCode=030500&buyNo=4069,BD
4068,Blue Solutions Limited,방글라데시,(+880) 961 382 5001,2025.09.04,https://www.globalict.kr//business/buyer/buyer_view.do?menuCode=030500&buyNo=4068,BD
4067,Shadhin Lab,방글라데시,(+880) 16 3333 66 22,2025.09.04,https://www.globalict.kr//business/buyer/buyer_view.do?menuCode=030500&buyNo=4067,BD
4066,Tangram Tech Solutions,방글라데시,(+880) 09610-976565,2025.09.04,https://www.globalict.kr//business/buyer/buyer_view.do?menuCode=030500&buyNo=4066,BD
4065,Tech Cloud Ltd,방글라데시,(+880) 1799-920150,2025.09.04,https://www.globalict.kr//business/buyer/buyer_view.do?menuCode=030500&buyNo=4065,BD
4064,Pridesys IT Limited,방글라데시,(+880) 1550000003,2025.09.04,https://www.globalict.kr//business/buyer/buyer_view.do?menuCode=030500&buyNo=4064,BD
4063,BRAIN STATION 23,방글라데시,(+880)-2-222290728,2025.09.04,https://www.globalict.kr//business/buyer/buyer_view.do?menuCode=030500&buyNo=4063,BD
4062,BDCOM,방글라데시,(+880) 9666 333 666,2025.09.04,https://www.globalict.kr//business/buyer/buyer_view.do?menuCode=030500&buyNo=4062,BD
4061,Robot System,태국,(+66) 2 173 4367 69,2025.08.06,https://www.globalict.kr//business/buyer/buyer_view.do?menuCode=030500&buyNo=4061,TH
4060,GENSURV Robotics,태국,(+66) 02-128-0771,2025.08.06,https://www.globalict.kr//business/buyer/buyer_view.do?menuCode=030500&buyNo=4060,TH
4059,AI and Robotics Ventures Company Limited,태국,-,2025.08.06,https://www.globalict.kr//business/buyer/buyer_view.do?menuCode=030500&buyNo=4059,TH
4058,"Thai Hibex Co., LTD",태국,(+66) 2 529 1516,2025.08.06,https://www.globalict.kr//business/buyer/buyer_view.do?menuCode=030500&buyNo=4058,TH
4057,RAAS PAL COMPANY LIMITED,태국,(+66) (0)2 576 5555,2025.08.06,https://www.globalict.kr//business/buyer/buyer_view.do?menuCode=030500&buyNo=4057,TH
4056,TCR Robotic Thailand,태국,(+66) (0)21-028668,2025.08.06,https://www.globalict.kr//business/buyer/buyer_view.do?menuCode=030500&buyNo=4056,TH
4055,"SDG Innotech Solutions Co., Ltd.",태국,(+66) (0)830143912,2025.08.06,https://www.globalict.kr//business/buyer/buyer_view.do?menuCode=030500&buyNo=4055,TH
4054,Haxter Robotics,태국,(+66) 2 218 6437,2025.08.06,https://www.globalict.kr//business/buyer/buyer_view.do?menuCode=030500&buyNo=4054,TH
4053,"Riverplus Co., Ltd",태국,(+66) 80-63-888,2025.08.06,https://www.globalict.kr//business/buyer/buyer_view.do?menuCode=030500&buyNo=4053,TH
4052,Aicon Technology ,태국,(+66) -2-116-1653,2025.08.06,https://www.globalict.kr//business/buyer/buyer_view.do?menuCode=030500&buyNo=4052,TH
4051,Elementus,미국,-,2025.07.15,https://www.globalict.kr//business/buyer/buyer_view.do?menuCode=030500&buyNo=4051,US
4050,BlockApps,미국,(+1) (833) 325-6252,2025.07.15,https://www.globalict.kr//business/buyer/buyer_view.do?menuCode=030500&buyNo=4050,US
4049,Shift Markets,미국 ,(+1) (646) 926-7005,2025.07.15,https://www.globalict.kr//business/buyer/buyer_view.do?menuCode=030500&buyNo=4049,
4048,Metafide  ,미국,-,2025.07.15,https://www.globalict.kr//business/buyer/buyer_view.do?menuCode=030500&buyNo=4048,US
4047,Tatum,미국,(+1) -786-648-6274,2025.07.15,https://www.globalict.kr//business/buyer/buyer_view.do?menuCode=030500&buyNo=4047,US
4046,Consensys,미국,-,2025.07.15,https://www.globalict.kr//business/buyer/buyer_view.do?menuCode=030500&buyNo=4046,US
4045,ArenaVS,미국,-,2025.07.15,https://www.globalict.kr//business/buyer/buyer_view.do?menuCode=030500&buyNo=4045,US
4044,Lingo Ledger,미국,-,2025.07.15,https://www.globalict.kr//business/buyer/buyer_view.do?menuCode=030500&buyNo=4044,US
4043,K.I.S.S. Software,미국,(+1) 7866000621,2025.07.15,https://www.globalict.kr//business/buyer/buyer_view.do?menuCode=030500&buyNo=4043,US
4042,Codiste,미국,(+1) (747) 265-1874,2025.07.15,https://www.globalict.kr//business/buyer/buyer_view.do?menuCode=030500&buyNo=4042,US
4041,Northstar Robotics,캐나다,-,2025.06.13,https://www.globalict.kr//business/buyer/buyer_view.do?menuCode=030500&buyNo=4041,CA
4040,Trexo Robotics,캐나다,(844) 844-0607,2025.06.13,https://www.globalict.kr//business/buyer/buyer_view.do?menuCode=030500&buyNo=4040,CA
4039,Avidbots,캐나다,1-855-928-4326,2025.06.13,https://www.globalict.kr//business/buyer/buyer_view.do?menuCode=030500&buyNo=4039,CA
4038,ATTAbotics,캐나다,-,2025.06.13,https://www.globalict.kr//business/buyer/buyer_view.do?menuCode=030500&buyNo=4038,CA
4037,Omnirobotic,캐나다,(450) 231-1077,2025.06.13,https://www.globalict.kr//business/buyer/buyer_view.do?menuCode=030500&buyNo=4037,CA
4036,Clearpath Robotics,캐나다,1 800 301 3863,2025.06.13,https://www.globalict.kr//business/buyer/buyer_view.do?menuCode=030500&buyNo=4036,CA
4035,Kinova,캐나다,(+1) 514 277-3777,2025.06.13,https://www.globalict.kr//business/buyer/buyer_view.do?menuCode=030500&buyNo=4035,CA
4034,Novarc Technologies,캐나다,(+1) 236 477 5347,2025.06.13,https://www.globalict.kr//business/buyer/buyer_view.do?menuCode=030500&buyNo=4034,CA
4033,Robotiq,캐나다,1-888-762-6847,2025.06.13,https://www.globalict.kr//business/buyer/buyer_view.do?menuCode=030500&buyNo=4033,CA
4032,Sanctuary AI,캐나다,-,2025.06.13,https://www.globalict.kr//business/buyer/buyer_view.do?menuCode=030500&buyNo=4032,CA
4031,Growthpad Consulting Group,케냐,(+254) 701 850850,2025.05.21,https://www.globalict.kr//business/buyer/buyer_view.do?menuCode=030500&buyNo=4031,KE
4030,Charleson,케냐,(+254) 759 390 000,2025.05.21,https://www.globalict.kr//business/buyer/buyer_view.do?menuCode=030500&buyNo=4030,KE
4029,Digital Media Kenya,케냐,254708042980,2025.05.21,https://www.globalict.kr//business/buyer/buyer_view.do?menuCode=030500&buyNo=4029,KE
4028,KWETU Marketing Agency,케냐,(+254) 0711 857 237,2025.05.21,https://www.globalict.kr//business/buyer/buyer_view.do?menuCode=030500&buyNo=4028,KE
4027,Akus Digital Solution,케냐,(+254)-771-616-234,2025.05.21,https://www.globalict.kr//business/buyer/buyer_view.do?menuCode=030500&buyNo=4027,KE
4026,Drelix Comics,케냐,(+254) 741492515,2025.05.21,https://www.globalict.kr//business/buyer/buyer_view.do?menuCode=030500&buyNo=4026,KE
4025,Betika,케냐,0729290290,2025.05.21,https://www.globalict.kr//business/buyer/buyer_view.do?menuCode=030500&buyNo=4025,KE
4024,Usiku Games,케냐,-,2025.05.21,https://www.globalict.kr//business/buyer/buyer_view.do?menuCode=030500&buyNo=4024,KE
4023,K24 Plus,케냐,-,2025.05.21,https://www.globalict.kr//business/buyer/buyer_view.do?menuCode=030500&buyNo=4023,KE
4022,Viusasa,케냐,0709767000,2025.05.21,https://www.globalict.kr//business/buyer/buyer_view.do?menuCode=030500&buyNo=4022,KE
4021,4CAD Group,프랑스,(+33) 2 51 70 28 82,2025.05.02,https://www.globalict.kr//business/buyer/buyer_view.do?menuCode=030500&buyNo=4021,FR
4020,2GEZER,프랑스,(+33) 7 87 36 40 59,2025.05.02,https://www.globalict.kr//business/buyer/buyer_view.do?menuCode=030500&buyNo=4020,FR
4019,Econocom,프랑스,(+33) 1 41 67 30 00,2025.05.02,https://www.globalict.kr//business/buyer/buyer_view.do?menuCode=030500&buyNo=4019,FR
4018,Aubay,프랑스,(+33) 1 46 10 67 67,2025.05.02,https://www.globalict.kr//business/buyer/buyer_view.do?menuCode=030500&buyNo=4018,FR
4017,Neurones,프랑스,(+33) )(0) 141374137,2025.05.02,https://www.globalict.kr//business/buyer/buyer_view.do?menuCode=030500&buyNo=4017,FR
4016,Inetum,프랑스,(+33) (0)1 44 04 50 00,2025.05.02,https://www.globalict.kr//business/buyer/buyer_view.do?menuCode=030500&buyNo=4016,FR
4015,Devoteam,프랑스,-,2025.05.02,https://www.globalict.kr//business/buyer/buyer_view.do?menuCode=030500&buyNo=4015,FR
4014,Capgemini,프랑스,(+33) 1 47 54 50 00,2025.05.02,https://www.globalict.kr//business/buyer/buyer_view.do?menuCode=030500&buyNo=4014,FR
4013,Atos,프랑스,-,2025.05.02,https://www.globalict.kr//business/buyer/buyer_view.do?menuCode=030500&buyNo=4013,FR
4012,Cloudity,프랑스,(+33) (0)4 76 70 80 50,2025.05.02,https://www.globalict.kr//business/buyer/buyer_view.do?menuCode=030500&buyNo=4012,FR
4011,Health Graph,인도,(+91) 7975989664,2025.03.31,https://www.globalict.kr//business/buyer/buyer_view.do?menuCode=030500&buyNo=4011,IN
4010,MEDOC HEALTH IT PRIVATE LIMITED,인도,-,2025.03.31,https://www.globalict.kr//business/buyer/buyer_view.do?menuCode=030500&buyNo=4010,IN
4009,AICA Health,인도,919821286111,2025.03.31,https://www.globalict.kr//business/buyer/buyer_view.do?menuCode=030500&buyNo=4009,IN
4008,Diagno Intelligent Systems,인도,(+91) 9790840279,2025.03.31,https://www.globalict.kr//business/buyer/buyer_view.do?menuCode=030500&buyNo=4008,IN
4007,Wellthy Therapeutics,인도,(+91) 22 4966 8867,2025.03.31,https://www.globalict.kr//business/buyer/buyer_view.do?menuCode=030500&buyNo=4007,IN
4006,Orange Health Labs,인도,9008111144,2025.03.31,https://www.globalict.kr//business/buyer/buyer_view.do?menuCode=030500&buyNo=4006,IN
4005,Practo,인도,(+91) 97321 64707,2025.03.31,https://www.globalict.kr//business/buyer/buyer_view.do?menuCode=030500&buyNo=4005,IN
4004,Pristyn Care,인도,6366-527-848,2025.03.31,https://www.globalict.kr//business/buyer/buyer_view.do?menuCode=030500&buyNo=4004,IN
4003,MediBuddy,인도,-,2025.03.31,https://www.globalict.kr//business/buyer/buyer_view.do?menuCode=030500&buyNo=4003,IN
4002,Onsurity,인도,-,2025.03.31,https://www.globalict.kr//business/buyer/buyer_view.do?menuCode=030500&buyNo=4002,IN
4001,Tophant,중국,400-156-9866,2025.02.27,https://www.globalict.kr//business/buyer/buyer_view.do?menuCode=030500&buyNo=4001,CN
4000,Surfilter,중국,-,2025.02.27,https://www.globalict.kr//business/buyer/buyer_view.do?menuCode=030500&buyNo=4000,CN
3999,360 Digital Security Group,중국,-,2025.02.27,https://www.globalict.kr//business/buyer/buyer_view.do?menuCode=030500&buyNo=3999,CN
3998,360 Total Security ,중국,-,2025.02.27,https://www.globalict.kr//business/buyer/buyer_view.do?menuCode=030500&buyNo=3998,CN
3997,LegendSec,중국,(+86)-10-6297-2892,2025.02.27,https://www.globalict.kr//business/buyer/buyer_view.do?menuCode=030500&buyNo=3997,CN
3996,H3C,중국,-,2025.02.27,https://www.globalict.kr//business/buyer/buyer_view.do?menuCode=030500&buyNo=3996,CN
3995,FEITIAN,중국,(+86) 10 6230-4466,2025.02.27,https://www.globalict.kr//business/buyer/buyer_view.do?menuCode=030500&buyNo=3995,CN
3994,DBAPPSecurity Ltd.,중국,(+86) 57 128898076,2025.02.27,https://www.globalict.kr//business/buyer/buyer_view.do?menuCode=030500&buyNo=3994,CN
3993,Antiy Labs,중국,-,2025.02.27,https://www.globalict.kr//business/buyer/buyer_view.do?menuCode=030500&buyNo=3993,CN
3992,AVL Mobile Security,중국,-,2025.02.27,https://www.globalict.kr//business/buyer/buyer_view.do?menuCode=030500&buyNo=3992,CN
3991,GihOT,베트남/호치민,(+84) 283 620 1185,2025.02.07,https://www.globalict.kr//business/buyer/buyer_view.do?menuCode=030500&buyNo=3991,
3990,Halo Digital Media,베트남/냐짱,(+84) 783803593,2025.02.07,https://www.globalict.kr//business/buyer/buyer_view.do?menuCode=030500&buyNo=3990,
3989,Dong Tay Promotion,베트남/호치민,(+84) 28 3824 1919,2025.02.07,https://www.globalict.kr//business/buyer/buyer_view.do?menuCode=030500&buyNo=3989,
3988,Cat Tien Sa Media Group,베트남/호치민,-,2025.02.07,https://www.globalict.kr//business/buyer/buyer_view.do?menuCode=030500&buyNo=3988,
3987,Dien Quan Media & Entertainment,베트남/호치민,(+84) 28 6255 2255,2025.02.07,https://www.globalict.kr//business/buyer/buyer_view.do?menuCode=030500&buyNo=3987,
3986,VCCorp,베트남/하노이,(+84) (4)39743410,2025.02.07,https://www.globalict.kr//business/buyer/buyer_view.do?menuCode=030500&buyNo=3986,
3985,Chicilon Media,베트남,-,2025.02.07,https://www.globalict.kr//business/buyer/buyer_view.do?menuCode=030500&buyNo=3985,VN
3984,DatVietVAC,베트남/호치민,(+84) 28 3824 1919,2025.02.07,https://www.globalict.kr//business/buyer/buyer_view.do?menuCode=030500&buyNo=3984,
3983,Appota Corporation,베트남/하노이,(+84) 2435 191 618,2025.02.07,https://www.globalict.kr//business/buyer/buyer_view.do?menuCode=030500&buyNo=3983,
3982,VNG Corporation,베트남/호치민,-,2025.02.07,https://www.globalict.kr//business/buyer/buyer_view.do?menuCode=030500&buyNo=3982,
3981,Virdome,카타르 / 도하,(+974) 3322 2105,2024.12.04,https://www.globalict.kr//business/buyer/buyer_view.do?menuCode=030500&buyNo=3981,
3980,Reality 4D,카타르 / 도하,-,2024.12.04,https://www.globalict.kr//business/buyer/buyer_view.do?menuCode=030500&buyNo=3980,
3979,Azym Technologies,카타르,-,2024.12.04,https://www.globalict.kr//business/buyer/buyer_view.do?menuCode=030500&buyNo=3979,QA
3978,NextAge Technologies,"미국 / 캘리포니아, 멘로파크",-,2024.12.04,https://www.globalict.kr//business/buyer/buyer_view.do?menuCode=030500&buyNo=3978,
3977,Mekdam Technology,카타르 / 도하,(+974) 4405 9000,2024.12.04,https://www.globalict.kr//business/buyer/buyer_view.do?menuCode=030500&buyNo=3977,
3976,Techno Q,카타르 / 도하,(+974) 4000 9700,2024.12.04,https://www.globalict.kr//business/buyer/buyer_view.do?menuCode=030500&buyNo=3976,
3975,Black Arrow,카타르,-,2024.12.04,https://www.globalict.kr//business/buyer/buyer_view.do?menuCode=030500&buyNo=3975,QA
3974,IQ (Informatica Qatar),카타르 / 도하,(+974) 4431 3597,2024.12.04,https://www.globalict.kr//business/buyer/buyer_view.do?menuCode=030500&buyNo=3974,
3973,Mannai InfoTech,카타르 / 도하,-,2024.12.04,https://www.globalict.kr//business/buyer/buyer_view.do?menuCode=030500&buyNo=3973,
3972,Ideal Solutions,카타르,-,2024.12.04,https://www.globalict.kr//business/buyer/buyer_view.do?menuCode=030500&buyNo=3972,QA
3971,iHorizons,카타르,-,2024.12.04,https://www.globalict.kr//business/buyer/buyer_view.do?menuCode=030500&buyNo=3971,QA
3970,malomatia,카타르 / 루사일,(+974) 4499 2888,2024.12.04,https://www.globalict.kr//business/buyer/buyer_view.do?menuCode=030500&buyNo=3970,
3969,One Network,파키스탄 ,-,2024.12.04,https://www.globalict.kr//business/buyer/buyer_view.do?menuCode=030500&buyNo=3969,
3968,XpertDigi,파키스탄 / 라호르,(+92) 331 9639762,2024.12.04,https://www.globalict.kr//business/buyer/buyer_view.do?menuCode=030500&buyNo=3968,
3967,Base Camp Data Solutions,파키스탄 ,-,2024.12.04,https://www.globalict.kr//business/buyer/buyer_view.do?menuCode=030500&buyNo=3967,
3966,Jaffer Business Systems,파키스탄 / 카라치,-,2024.12.04,https://www.globalict.kr//business/buyer/buyer_view.do?menuCode=030500&buyNo=3966,
3965,Vaival Technologies,파키스탄 / 라호르,(+92) 42 35911685,2024.12.04,https://www.globalict.kr//business/buyer/buyer_view.do?menuCode=030500&buyNo=3965,
3964,Salsoft Technologies (Pvt) Ltd,파키스탄 / 카라치,(+92) 21 34550354,2024.12.04,https://www.globalict.kr//business/buyer/buyer_view.do?menuCode=030500&buyNo=3964,
3963,Programmers Force,파키스탄 / 라호르,(+92) 301-588-8444,2024.12.04,https://www.globalict.kr//business/buyer/buyer_view.do?menuCode=030500&buyNo=3963,
3962,Ideofuzion,파키스탄 / 이슬라마바드,(+92) 51 5411473,2024.12.04,https://www.globalict.kr//business/buyer/buyer_view.do?menuCode=030500&buyNo=3962,
3961,Tintash,파키스탄 / 라호르,(+1) (415) 234-0744,2024.11.27,https://www.globalict.kr//business/buyer/buyer_view.do?menuCode=030500&buyNo=3961,
3960,Quecko Inc.,파키스탄 / 이슬라마바드,(+92) 51 8733708,2024.11.27,https://www.globalict.kr//business/buyer/buyer_view.do?menuCode=030500&buyNo=3960,
3959,Xord,파키스탄 / 카라치,(+92) 332 3048550,2024.11.27,https://www.globalict.kr//business/buyer/buyer_view.do?menuCode=030500&buyNo=3959,
3958,PayPro,"미국 / 조지아, 애틀랜타",-,2024.11.27,https://www.globalict.kr//business/buyer/buyer_view.do?menuCode=030500&buyNo=3958,
3957,Finja,파키스탄 / 카라치,(+92) 42 38100050,2024.11.27,https://www.globalict.kr//business/buyer/buyer_view.do?menuCode=030500&buyNo=3957,
3956,JazzCash,파키스탄 / 카라치,-,2024.11.27,https://www.globalict.kr//business/buyer/buyer_view.do?menuCode=030500&buyNo=3956,
3955,IR Solutions,파키스탄 / 이슬라마바드,(+92) 51 2761585,2024.11.27,https://www.globalict.kr//business/buyer/buyer_view.do?menuCode=030500&buyNo=3955,
3954,RapidCompute,파키스탄 / 카라치,(+92) 21 111 125 683,2024.11.27,https://www.globalict.kr//business/buyer/buyer_view.do?menuCode=030500&buyNo=3954,
3953,FiveRivers Technologies,파키스탄 / 라호르,(+92) 42 3578 8421,2024.11.27,https://www.globalict.kr//business/buyer/buyer_view.do?menuCode=030500&buyNo=3953,
3952,Systems Limited,파키스탄 / 라호르,-,2024.11.27,https://www.globalict.kr//business/buyer/buyer_view.do?menuCode=030500&buyNo=3952,
3951,Gauss Algorithmic,체코 / 브르노,(+420) 773 741 874,2024.11.27,https://www.globalict.kr//business/buyer/buyer_view.do?menuCode=030500&buyNo=3951,
3950,Bohemian AI,체코 / 프라하,(+1) (650) 600-1536,2024.11.27,https://www.globalict.kr//business/buyer/buyer_view.do?menuCode=030500&buyNo=3950,
3949,EON Reality,"미국 / 캘리포니아, 어바인",-,2024.11.27,https://www.globalict.kr//business/buyer/buyer_view.do?menuCode=030500&buyNo=3949,
3948,Vobling,스웨덴 / 스톡홀름,(+46) 70 556 40 03,2024.11.27,https://www.globalict.kr//business/buyer/buyer_view.do?menuCode=030500&buyNo=3948,
3947,Spotscale,스웨덴 / 스톡홀름,-,2024.11.27,https://www.globalict.kr//business/buyer/buyer_view.do?menuCode=030500&buyNo=3947,
3946,Adverty,스웨덴 / 스톡홀름,-,2024.11.27,https://www.globalict.kr//business/buyer/buyer_view.do?menuCode=030500&buyNo=3946,
3945,Cortopia,스웨덴 / 스톡홀름,-,2024.11.27,https://www.globalict.kr//business/buyer/buyer_view.do?menuCode=030500&buyNo=3945,
3944,Fast Travel Games,스웨덴 / 스톡홀름,-,2024.11.27,https://www.globalict.kr//business/buyer/buyer_view.do?menuCode=030500&buyNo=3944,
3943,Charpstar,스웨덴 / 스톡홀름,-,2024.11.27,https://www.globalict.kr//business/buyer/buyer_view.do?menuCode=030500&buyNo=3943,
3942,wec360,스웨덴 / 스톡홀름,-,2024.11.27,https://www.globalict.kr//business/buyer/buyer_view.do?menuCode=030500&buyNo=3942,
3941,3D Interactive Sthlm,스웨덴 / 스톡홀름,(+46) 70 279 71 21,2024.10.31,https://www.globalict.kr//business/buyer/buyer_view.do?menuCode=030500&buyNo=3941,
3940, Hology Interactive AB / Hology Engine,스웨덴,-,2024.10.31,https://www.globalict.kr//business/buyer/buyer_view.do?menuCode=030500&buyNo=3940,SE
3939,XR Solutions,스웨덴 / 스톡홀름,-,2024.10.31,https://www.globalict.kr//business/buyer/buyer_view.do?menuCode=030500&buyNo=3939,
3938,Alloverse,스웨덴 / 스톡홀름,-,2024.10.31,https://www.globalict.kr//business/buyer/buyer_view.do?menuCode=030500&buyNo=3938,
3937,Gleechi,스웨덴 / 스톡홀름,-,2024.10.31,https://www.globalict.kr//business/buyer/buyer_view.do?menuCode=030500&buyNo=3937,
3936,Goodbye Kansas Group ,스웨덴 / 스톡홀름,(+46) 8 556 990 00,2024.10.31,https://www.globalict.kr//business/buyer/buyer_view.do?menuCode=030500&buyNo=3936,
3935,Warpin ,스웨덴 / 스톡홀름,-,2024.10.31,https://www.globalict.kr//business/buyer/buyer_view.do?menuCode=030500&buyNo=3935,
3934,Crunchfish,스웨덴 / 말뫼,(+46) 40 626 77 00,2024.10.31,https://www.globalict.kr//business/buyer/buyer_view.do?menuCode=030500&buyNo=3934,
3933,IVAR Studios,스웨덴 / 스톡홀름,(+46) 73 313 05 69,2024.10.31,https://www.globalict.kr//business/buyer/buyer_view.do?menuCode=030500&buyNo=3933,
3932,Volbing,미국 / 일리노이,-,2024.10.31,https://www.globalict.kr//business/buyer/buyer_view.do?menuCode=030500&buyNo=3932,
3931,Resolution Games,스웨덴 / 스톡홀름,-,2024.10.31,https://www.globalict.kr//business/buyer/buyer_view.do?menuCode=030500&buyNo=3931,
3930,Manomotion,스웨덴 / 스톡홀름,(+46) 79 356 88 41,2024.10.31,https://www.globalict.kr//business/buyer/buyer_view.do?menuCode=030500&buyNo=3930,
3929,24 Vision Systems,체코 / 프리데크미스테크,-,2024.10.31,https://www.globalict.kr//business/buyer/buyer_view.do?menuCode=030500&buyNo=3929,
3928,Datamole,체코 / 프라하,(+420) 608 535 730,2024.10.31,https://www.globalict.kr//business/buyer/buyer_view.do?menuCode=030500&buyNo=3928,
3927,GoodAI,체코 / 프라하,-,2024.10.31,https://www.globalict.kr//business/buyer/buyer_view.do?menuCode=030500&buyNo=3927,
3926,Neuron Soundware,체코 / 프라하,(+420) 773 756 440,2024.10.31,https://www.globalict.kr//business/buyer/buyer_view.do?menuCode=030500&buyNo=3926,
3925,Rossum,체코 / 프라하,-,2024.10.31,https://www.globalict.kr//business/buyer/buyer_view.do?menuCode=030500&buyNo=3925,
3924,System4u,체코 / 브르노,(+420) 543 210 522,2024.10.31,https://www.globalict.kr//business/buyer/buyer_view.do?menuCode=030500&buyNo=3924,
3923,OKsystem,체코 / 프라하,(+420) 236 072 111,2024.10.31,https://www.globalict.kr//business/buyer/buyer_view.do?menuCode=030500&buyNo=3923,
3922,Anect,체코 / 프라하,(+420) 271 100 100,2024.10.31,https://www.globalict.kr//business/buyer/buyer_view.do?menuCode=030500&buyNo=3922,
3921,Yord,체코,(+420) 737 004 080,2024.09.26,https://www.globalict.kr//business/buyer/buyer_view.do?menuCode=030500&buyNo=3921,CZ
3920,Denevy,체코/프라하,(+420) 774 494 633,2024.09.26,https://www.globalict.kr//business/buyer/buyer_view.do?menuCode=030500&buyNo=3920,
3919,Buinsoft,체코/프라하,(+420) 778 406 906,2024.09.26,https://www.globalict.kr//business/buyer/buyer_view.do?menuCode=030500&buyNo=3919,
3918,Digital Trans4orMation,체코/프라하,(+420) 728 709 979,2024.09.26,https://www.globalict.kr//business/buyer/buyer_view.do?menuCode=030500&buyNo=3918,
3917,Aputime,체코/오스트라바,(+420) 737 335 555,2024.09.26,https://www.globalict.kr//business/buyer/buyer_view.do?menuCode=030500&buyNo=3917,
3916,Cleverance,체코/프라하,-,2024.09.26,https://www.globalict.kr//business/buyer/buyer_view.do?menuCode=030500&buyNo=3916,
3915,Lundegaard,체코/프라하,(+420) 222 253 015,2024.09.26,https://www.globalict.kr//business/buyer/buyer_view.do?menuCode=030500&buyNo=3915,
3914,Etnetera Group,체코/프라하,(+420) 233 326 810,2024.09.26,https://www.globalict.kr//business/buyer/buyer_view.do?menuCode=030500&buyNo=3914,
3913,Ki-Wi Digital,체코/브르노,(+420) 735 755 530,2024.09.26,https://www.globalict.kr//business/buyer/buyer_view.do?menuCode=030500&buyNo=3913,
3912,Kentico,체코/브르노,(+420) 724 398 134,2024.09.26,https://www.globalict.kr//business/buyer/buyer_view.do?menuCode=030500&buyNo=3912,
3911,Ibeo Automotive Systems GmbH (Microvision),독일/함부르크,(+49) 40 2986760,2024.09.26,https://www.globalict.kr//business/buyer/buyer_view.do?menuCode=030500&buyNo=3911,
3910,NAVENTIK (ublox),독일/케멘츠,(+49) 371 337 1370,2024.09.26,https://www.globalict.kr//business/buyer/buyer_view.do?menuCode=030500&buyNo=3910,
3909,Elektrobit Automotive GmbH,독일/엘랑겐,(+49) 9131 7701 0,2024.09.26,https://www.globalict.kr//business/buyer/buyer_view.do?menuCode=030500&buyNo=3909,
3908,InnoSenT GmbH,독일/도너스도르프,(+49) 9528 9518-0,2024.09.26,https://www.globalict.kr//business/buyer/buyer_view.do?menuCode=030500&buyNo=3908,
3907,Paravan GmbH,독일/프론스테텐-아이헬라우,(+49) (0) 7388 - 999 5 - 91,2024.09.26,https://www.globalict.kr//business/buyer/buyer_view.do?menuCode=030500&buyNo=3907,
3906,Rheinmetall Automotive AG,독일/뒤셀도르프,(+49) 211 473-01,2024.09.26,https://www.globalict.kr//business/buyer/buyer_view.do?menuCode=030500&buyNo=3906,
3905,dSPACE GmbH,독일/파더보른,(+49) 5251 1638-0,2024.09.26,https://www.globalict.kr//business/buyer/buyer_view.do?menuCode=030500&buyNo=3905,
3904,Spyrosoft,폴란드/브로츠와프,(+48) 500 104 042,2024.09.26,https://www.globalict.kr//business/buyer/buyer_view.do?menuCode=030500&buyNo=3904,
3903,Blees,폴란드/글리비체,(+48) 730 031 770,2024.09.26,https://www.globalict.kr//business/buyer/buyer_view.do?menuCode=030500&buyNo=3903,
3902,Autonomous Systems,폴란드/글리비체,(+48) 535 050 919,2024.09.26,https://www.globalict.kr//business/buyer/buyer_view.do?menuCode=030500&buyNo=3902,
3901,MedLanes GmbH,독일/베를린,-,2024.08.29,https://www.globalict.kr//business/buyer/buyer_view.do?menuCode=030500&buyNo=3901,
3900,Vivy,독일/베를린,-,2024.08.29,https://www.globalict.kr//business/buyer/buyer_view.do?menuCode=030500&buyNo=3900,
3899,medisana GmbH,독일/노이스,(+49) (02131) 3668-0,2024.08.29,https://www.globalict.kr//business/buyer/buyer_view.do?menuCode=030500&buyNo=3899,
3898,MEYTEC GmbH Informationssysteme,독일/베르노이헨,(+49) 333 98 78 200,2024.08.29,https://www.globalict.kr//business/buyer/buyer_view.do?menuCode=030500&buyNo=3898,
3897,Smartpatient GmbH,독일/뮌헨,(+49) 89 1222493 00,2024.08.29,https://www.globalict.kr//business/buyer/buyer_view.do?menuCode=030500&buyNo=3897,
3896,DIPAT Vorsorgegenossenschaft eG,독일/라이프치히,-,2024.08.29,https://www.globalict.kr//business/buyer/buyer_view.do?menuCode=030500&buyNo=3896,
3895,Ada Health GmbH,독일/베를린,(+49) 30 403 67 390,2024.08.29,https://www.globalict.kr//business/buyer/buyer_view.do?menuCode=030500&buyNo=3895,
3894,Deepspin GmbH,독일/베를린,-,2024.08.29,https://www.globalict.kr//business/buyer/buyer_view.do?menuCode=030500&buyNo=3894,
3893,datango GmbH,독일/카어스트,(+49) 2131 76201-0,2024.08.29,https://www.globalict.kr//business/buyer/buyer_view.do?menuCode=030500&buyNo=3893,
3892,CompuGroup Medical SE & Co. KGaA,독일/코블렌츠,(+49) 261 8000-0,2024.08.29,https://www.globalict.kr//business/buyer/buyer_view.do?menuCode=030500&buyNo=3892,
3891,Internet Initiative Japan (IIJ),일본/도쿄,(+81) 3 5205 6500,2024.08.29,https://www.globalict.kr//business/buyer/buyer_view.do?menuCode=030500&buyNo=3891,
3890,Acroquest Technology,일본/요코하마,(+81) 45 476 3171,2024.08.29,https://www.globalict.kr//business/buyer/buyer_view.do?menuCode=030500&buyNo=3890,
3889,Systena Corporation,일본/도쿄,-,2024.08.29,https://www.globalict.kr//business/buyer/buyer_view.do?menuCode=030500&buyNo=3889,
3888,TechMatrix Corporation,일본/도쿄,(+81) 3 4405 7802,2024.08.29,https://www.globalict.kr//business/buyer/buyer_view.do?menuCode=030500&buyNo=3888,
3887,Arent,일본/도쿄,(+81) 3 6228 3393,2024.08.29,https://www.globalict.kr//business/buyer/buyer_view.do?menuCode=030500&buyNo=3887,
3886,Veeva,일본/도쿄,(+81) 3 6721 9800,2024.08.29,https://www.globalict.kr//business/buyer/buyer_view.do?menuCode=030500&buyNo=3886,
3885,Techfirm,일본/도쿄,-,2024.08.29,https://www.globalict.kr//business/buyer/buyer_view.do?menuCode=030500&buyNo=3885,
3884,Fenrir Inc.,일본/오사카,-,2024.08.29,https://www.globalict.kr//business/buyer/buyer_view.do?menuCode=030500&buyNo=3884,
3883,Fixstars,일본/도쿄,(+81) 3 6420 075,2024.08.29,https://www.globalict.kr//business/buyer/buyer_view.do?menuCode=030500&buyNo=3883,
3882,Nulab,일본/후쿠오카,-,2024.08.29,https://www.globalict.kr//business/buyer/buyer_view.do?menuCode=030500&buyNo=3882,
3881,ioNetworks,"대만/신뎬구, 신베이시",(+886) 2 2218 0545,2024.07.30,https://www.globalict.kr//business/buyer/buyer_view.do?menuCode=030500&buyNo=3881,
3880,NexAIoT (Nexcom),"대만/중허구, 신베이시",(+886) 2 8226 7796,2024.07.30,https://www.globalict.kr//business/buyer/buyer_view.do?menuCode=030500&buyNo=3880,
3879,AICS (ASUS),"대만/베이터우구, 타이베이시",-,2024.07.30,https://www.globalict.kr//business/buyer/buyer_view.do?menuCode=030500&buyNo=3879,
3878,VIA Technologies,"대만/신뎬구, 신베이시",(+886) 2 2218 5452,2024.07.30,https://www.globalict.kr//business/buyer/buyer_view.do?menuCode=030500&buyNo=3878,
3877,Chimes AI,대만/타이베이,(+886) 2 7755 7750,2024.07.30,https://www.globalict.kr//business/buyer/buyer_view.do?menuCode=030500&buyNo=3877,
3876,OSENSE TECHNOLOGY,"대만/다안구, 타이베이시",(+886) 2 87717175,2024.07.30,https://www.globalict.kr//business/buyer/buyer_view.do?menuCode=030500&buyNo=3876,
3875,ChoozMo Inc.,"대만/주베이시, 신주현",(+886) 3 667 0804,2024.07.30,https://www.globalict.kr//business/buyer/buyer_view.do?menuCode=030500&buyNo=3875,
3874,TPIsoftware,"대만/네이후구, 타이베이시",(+886) 2 2658 0508,2024.07.30,https://www.globalict.kr//business/buyer/buyer_view.do?menuCode=030500&buyNo=3874,
3873,Appier,대만/타이베이,(+886) 2 8780 2800,2024.07.30,https://www.globalict.kr//business/buyer/buyer_view.do?menuCode=030500&buyNo=3873,
3872,CyberLink,"대만/신뎬구, 신베이시",(+886) 2 8667 1298,2024.07.30,https://www.globalict.kr//business/buyer/buyer_view.do?menuCode=030500&buyNo=3872,
3871,Maximo,페루/리마,(+51) 954 794 059,2024.07.30,https://www.globalict.kr//business/buyer/buyer_view.do?menuCode=030500&buyNo=3871,
3870,Vida Software,페루/리마,(+51) 913 027 590,2024.07.30,https://www.globalict.kr//business/buyer/buyer_view.do?menuCode=030500&buyNo=3870,
3869,Vooxell,페루/리마,(+51) 994 986 158,2024.07.30,https://www.globalict.kr//business/buyer/buyer_view.do?menuCode=030500&buyNo=3869,
3868,Quantico AI,페루/리마,(+51) 1-739-0739,2024.07.30,https://www.globalict.kr//business/buyer/buyer_view.do?menuCode=030500&buyNo=3868,
3867,DWConsulware,페루/리마,(+51) 1 628 2070,2024.07.30,https://www.globalict.kr//business/buyer/buyer_view.do?menuCode=030500&buyNo=3867,
3866,MG Trading,페루/리마,(+51) 01 617-5757,2024.07.30,https://www.globalict.kr//business/buyer/buyer_view.do?menuCode=030500&buyNo=3866,
3865,Inspira IT,페루/리마,(+51) 1 637 6352,2024.07.30,https://www.globalict.kr//business/buyer/buyer_view.do?menuCode=030500&buyNo=3865,
3864,Wally,페루/리마,(+51) 1 705 2200,2024.07.30,https://www.globalict.kr//business/buyer/buyer_view.do?menuCode=030500&buyNo=3864,
3863,Experian,페루/리마,(+51) 1 514-9000,2024.07.30,https://www.globalict.kr//business/buyer/buyer_view.do?menuCode=030500&buyNo=3863,
3862,STRACON Tech,페루/리마,(+51) 1 208 02 30,2024.07.30,https://www.globalict.kr//business/buyer/buyer_view.do?menuCode=030500&buyNo=3862,
3861,Babilonia,페루/리마,(+51) 939 818 085,2024.06.27,https://www.globalict.kr//business/buyer/buyer_view.do?menuCode=030500&buyNo=3861,
3860,Doktuz,페루/리마,(+51) 1 676 4382,2024.06.27,https://www.globalict.kr//business/buyer/buyer_view.do?menuCode=030500&buyNo=3860,
3859,EBD PERU,페루/리마,(+51) 1 712-5000,2024.06.27,https://www.globalict.kr//business/buyer/buyer_view.do?menuCode=030500&buyNo=3859,
3858,Prediqt,페루/리마,(+51) 949 117 495,2024.06.27,https://www.globalict.kr//business/buyer/buyer_view.do?menuCode=030500&buyNo=3858,
3857,TECH INNOVATION SAC,페루/리마,(+51) 992 397 297,2024.06.27,https://www.globalict.kr//business/buyer/buyer_view.do?menuCode=030500&buyNo=3857,
3856,LIMA,페루/리마,(+51) 936 092 360,2024.06.27,https://www.globalict.kr//business/buyer/buyer_view.do?menuCode=030500&buyNo=3856,
3855,Enotria SA,페루/리마,(+51) (01) 3171600,2024.06.27,https://www.globalict.kr//business/buyer/buyer_view.do?menuCode=030500&buyNo=3855,
3854,Valtx,페루/리마,-,2024.06.27,https://www.globalict.kr//business/buyer/buyer_view.do?menuCode=030500&buyNo=3854,
3853,Canvia,페루/리마,(+51) (01) 2136300,2024.06.27,https://www.globalict.kr//business/buyer/buyer_view.do?menuCode=030500&buyNo=3853,
3852,G&S Gestión y Sistemas,페루/리마,(+51) (01) 7150077,2024.06.27,https://www.globalict.kr//business/buyer/buyer_view.do?menuCode=030500&buyNo=3852,
3851,Tayana Software,인도/벵갈루루,(+91) 080 42056761,2024.06.27,https://www.globalict.kr//business/buyer/buyer_view.do?menuCode=030500&buyNo=3851,
3850,WiSig Networks,인도/텔랑가나,-,2024.06.27,https://www.globalict.kr//business/buyer/buyer_view.do?menuCode=030500&buyNo=3850,
3849,STL - Sterlite Technologies Limited,인도/푸네,(+91) 2030514000,2024.06.27,https://www.globalict.kr//business/buyer/buyer_view.do?menuCode=030500&buyNo=3849,
3848,Saankhya Labs Pvt. Ltd,인도/벵갈루루,(+91) 80 6117 1000,2024.06.27,https://www.globalict.kr//business/buyer/buyer_view.do?menuCode=030500&buyNo=3848,
3847,Astrome,인도/벵갈루루,-,2024.06.27,https://www.globalict.kr//business/buyer/buyer_view.do?menuCode=030500&buyNo=3847,
3846,Airtel,인도/구르가온,https://www.airtel.in/business/b2b/contact-us,2024.06.27,https://www.globalict.kr//business/buyer/buyer_view.do?menuCode=030500&buyNo=3846,
3845,Tech Mahindra,인도/푸네,(+91) 20 6627 3000,2024.06.27,https://www.globalict.kr//business/buyer/buyer_view.do?menuCode=030500&buyNo=3845,
3844,Vihaan Networks Ltd (VNL),인도/구르가온,(+91) 124 265 7600,2024.06.27,https://www.globalict.kr//business/buyer/buyer_view.do?menuCode=030500&buyNo=3844,
3843,Tejas Networks,인도/벵갈루루,(+91) 80 4179 4600,2024.06.27,https://www.globalict.kr//business/buyer/buyer_view.do?menuCode=030500&buyNo=3843,
3842,Bharti Infratel Limited,인도/뭄바이,(+91) 7872335876,2024.06.27,https://www.globalict.kr//business/buyer/buyer_view.do?menuCode=030500&buyNo=3842,
3841,Gridsum,중국/베이징,(+86)10 8261 9988,2024.05.30,https://www.globalict.kr//business/buyer/buyer_view.do?menuCode=030500&buyNo=3841,
3840,Momenta,중국/베이징,(+86) (010)82526609,2024.05.30,https://www.globalict.kr//business/buyer/buyer_view.do?menuCode=030500&buyNo=3840,
3839,DeepBlue Technology,중국/상하이,(+86) 400 115 5169,2024.05.30,https://www.globalict.kr//business/buyer/buyer_view.do?menuCode=030500&buyNo=3839,
3838,INTELLIFUSION,중국/선전,(+86) 0755 2360 7360,2024.05.30,https://www.globalict.kr//business/buyer/buyer_view.do?menuCode=030500&buyNo=3838,
3837,UBTECH Robotics,중국/선전,(+86) 755 83474428,2024.05.30,https://www.globalict.kr//business/buyer/buyer_view.do?menuCode=030500&buyNo=3837,
3836,Xiao-i,중국/상하이,(+86) 21 52270508,2024.05.30,https://www.globalict.kr//business/buyer/buyer_view.do?menuCode=030500&buyNo=3836,
3835,Hikvision,중국/항저우,(+86) 0571 88075998,2024.05.30,https://www.globalict.kr//business/buyer/buyer_view.do?menuCode=030500&buyNo=3835,
3834,MEGVII,중국/베이징,(+86) 400 6700 866,2024.05.30,https://www.globalict.kr//business/buyer/buyer_view.do?menuCode=030500&buyNo=3834,
3833,Cambricon(寒武纪),중국/베이징,-,2024.05.30,https://www.globalict.kr//business/buyer/buyer_view.do?menuCode=030500&buyNo=3833,
3832,iFLYTEK,중국/허페이,-,2024.05.30,https://www.globalict.kr//business/buyer/buyer_view.do?menuCode=030500&buyNo=3832,
3831,PREMIUM ESOWP LIMITED,나이지리아/아우카,(+234) 91-345978-62,2024.05.30,https://www.globalict.kr//business/buyer/buyer_view.do?menuCode=030500&buyNo=3831,
3830,NetPlusDotCom,나이지리아/라고스,(+234) 818 778 2542,2024.05.30,https://www.globalict.kr//business/buyer/buyer_view.do?menuCode=030500&buyNo=3830,
3829,NEWAGE Solutions,나이지리아/라고스,(+234) 702 5026000,2024.05.30,https://www.globalict.kr//business/buyer/buyer_view.do?menuCode=030500&buyNo=3829,
3828,Yip,나이지리아/라고스,(+234) 809 5306440,2024.05.30,https://www.globalict.kr//business/buyer/buyer_view.do?menuCode=030500&buyNo=3828,
3827,Green Mouse Technologies,나이지리아/라고스,(+234) 704 1738216,2024.05.30,https://www.globalict.kr//business/buyer/buyer_view.do?menuCode=030500&buyNo=3827,
3826,Feegor,나이지리아/라고스,(+234) 814 643 9559,2024.05.30,https://www.globalict.kr//business/buyer/buyer_view.do?menuCode=030500&buyNo=3826,
3825,Optisoft Technology,나이지리아/라고스,(+234) 708 895 7111,2024.05.30,https://www.globalict.kr//business/buyer/buyer_view.do?menuCode=030500&buyNo=3825,
3824,Olivet Cloud Solutions,나이지리아/라고스,(+234) 803 3111066,2024.05.30,https://www.globalict.kr//business/buyer/buyer_view.do?menuCode=030500&buyNo=3824,
3823,Acumen,나이지리아/라고스,(+234) 907 635 8050,2024.05.30,https://www.globalict.kr//business/buyer/buyer_view.do?menuCode=030500&buyNo=3823,
3822,CWG PLC,나이지리아/라고스,(+234) 128 09800,2024.05.30,https://www.globalict.kr//business/buyer/buyer_view.do?menuCode=030500&buyNo=3822,
3821,Vimlogy,싱가포르/퀸즈타운,(+65) 6684 8088,2024.04.25,https://www.globalict.kr//business/buyer/buyer_view.do?menuCode=030500&buyNo=3821,
3820,brdgx,싱가포르/주롱 웨스트,(+65) 8910 9991,2024.04.25,https://www.globalict.kr//business/buyer/buyer_view.do?menuCode=030500&buyNo=3820,
3819,360F,싱가포르/마리나 베이,-,2024.04.25,https://www.globalict.kr//business/buyer/buyer_view.do?menuCode=030500&buyNo=3819,
3818,Xfers,싱가포르/퀸즈타운,-,2024.04.25,https://www.globalict.kr//business/buyer/buyer_view.do?menuCode=030500&buyNo=3818,
3817,Jewel Paymentech,싱가포르/차이나타운,-,2024.04.25,https://www.globalict.kr//business/buyer/buyer_view.do?menuCode=030500&buyNo=3817,
3816,YouTrip,싱가포르/차이나타운,(+65) 6904 9334,2024.04.25,https://www.globalict.kr//business/buyer/buyer_view.do?menuCode=030500&buyNo=3816,
3815,Fomo Pay,싱가포르/차이나타운,-,2024.04.25,https://www.globalict.kr//business/buyer/buyer_view.do?menuCode=030500&buyNo=3815,
3814,MatchMove,싱가포르/차이나타운,(+65) 6271 1371,2024.04.25,https://www.globalict.kr//business/buyer/buyer_view.do?menuCode=030500&buyNo=3814,
3813,StashAway,싱가포르/세실,(+65) 6958 1052,2024.04.25,https://www.globalict.kr//business/buyer/buyer_view.do?menuCode=030500&buyNo=3813,
3812,Instarem,싱가포르/노베나,(+65) 6950 1132,2024.04.25,https://www.globalict.kr//business/buyer/buyer_view.do?menuCode=030500&buyNo=3812,
3811,SmartDev,베트남/다낭,(+84) 236 3666 767,2024.04.25,https://www.globalict.kr//business/buyer/buyer_view.do?menuCode=030500&buyNo=3811,
3810,CODE88,베트남/호치민,(+84) 28 3547 5032,2024.04.25,https://www.globalict.kr//business/buyer/buyer_view.do?menuCode=030500&buyNo=3810,
3809,InApps Technology,베트남/호치민,(+84) 287 109 3450,2024.04.25,https://www.globalict.kr//business/buyer/buyer_view.do?menuCode=030500&buyNo=3809,
3808,Tinhvan Group,베트남/하노이,(+84) 4 3558 9970,2024.04.25,https://www.globalict.kr//business/buyer/buyer_view.do?menuCode=030500&buyNo=3808,
3807,Kyanon Digital,베트남/호치민,(+84) 283 5171 080,2024.04.25,https://www.globalict.kr//business/buyer/buyer_view.do?menuCode=030500&buyNo=3807,
3806,S3Corp,베트남/호치민,(+ 84) 28 3547 1411,2024.04.25,https://www.globalict.kr//business/buyer/buyer_view.do?menuCode=030500&buyNo=3806,
3805,Orient Software,베트남/호치민,(+84) 28 3812 0101,2024.04.25,https://www.globalict.kr//business/buyer/buyer_view.do?menuCode=030500&buyNo=3805,
3804,Axon Active,베트남/호치민,(+84) 28 7109 1234,2024.04.25,https://www.globalict.kr//business/buyer/buyer_view.do?menuCode=030500&buyNo=3804,
3803,Savvycom Software,베트남/하노이,(+84) 24 3202 9222,2024.04.25,https://www.globalict.kr//business/buyer/buyer_view.do?menuCode=030500&buyNo=3803,
3802,TMA Solutions,베트남/호치민,(+84) 28 3995 1060,2024.04.25,https://www.globalict.kr//business/buyer/buyer_view.do?menuCode=030500&buyNo=3802,
3801,Affinsys AI,UAE/두바이,(+971) 50 1627569,2024.03.28,https://www.globalict.kr//business/buyer/buyer_view.do?menuCode=030500&buyNo=3801,
3800,Acacus Group,UAE/두바이,(+971) 4 554 6144,2024.03.28,https://www.globalict.kr//business/buyer/buyer_view.do?menuCode=030500&buyNo=3800,
3799,Presight,UAE/아부다비,-,2024.03.28,https://www.globalict.kr//business/buyer/buyer_view.do?menuCode=030500&buyNo=3799,
3798,EVOTEQ,UAE/두바이,(+971) 4 3333593,2024.03.28,https://www.globalict.kr//business/buyer/buyer_view.do?menuCode=030500&buyNo=3798,
3797,OCTALOOP TECHNOLOGIES,UAE/두바이,(+971) 56 365 4106,2024.03.28,https://www.globalict.kr//business/buyer/buyer_view.do?menuCode=030500&buyNo=3797,
3796,Saal.ai,UAE/아부다비,(+971) 24 41 6755,2024.03.28,https://www.globalict.kr//business/buyer/buyer_view.do?menuCode=030500&buyNo=3796,
3795,ABG,UAE/두바이,(+971) 48 87 9655,2024.03.28,https://www.globalict.kr//business/buyer/buyer_view.do?menuCode=030500&buyNo=3795,
3794,SecureTech LLC,UAE/아부다비,(+971) 2 412 1000,2024.03.28,https://www.globalict.kr//business/buyer/buyer_view.do?menuCode=030500&buyNo=3794,
3793,Bayanat,UAE/아부다비,(+971) 2 641 0000,2024.03.28,https://www.globalict.kr//business/buyer/buyer_view.do?menuCode=030500&buyNo=3793,
3792,OREL IT,UAE/두바이,-,2024.03.28,https://www.globalict.kr//business/buyer/buyer_view.do?menuCode=030500&buyNo=3792,
3791,Innova Limited,케냐/나이로비,(+254) 786 280 038,2024.03.28,https://www.globalict.kr//business/buyer/buyer_view.do?menuCode=030500&buyNo=3791,
3790,Escrow Group,케냐/나이로비,(+254) 202 588 000 ,2024.03.28,https://www.globalict.kr//business/buyer/buyer_view.do?menuCode=030500&buyNo=3790,
3789,Turaco,케냐/나이로비,(+254) 711 082 455,2024.03.28,https://www.globalict.kr//business/buyer/buyer_view.do?menuCode=030500&buyNo=3789,
3788,Workpay,케냐/나이로비,(+254) 701 016 666,2024.03.28,https://www.globalict.kr//business/buyer/buyer_view.do?menuCode=030500&buyNo=3788,
3787,Pezesha,케냐/나이로비,-,2024.03.28,https://www.globalict.kr//business/buyer/buyer_view.do?menuCode=030500&buyNo=3787,
3786,Nala,케냐/나이로비,-,2024.03.28,https://www.globalict.kr//business/buyer/buyer_view.do?menuCode=030500&buyNo=3786,
3785,Watu Credit,케냐/몸바사,(+254) 0709 739 000,2024.03.28,https://www.globalict.kr//business/buyer/buyer_view.do?menuCode=030500&buyNo=3785,
3784,M-KOPA,케냐/나이로비,(+254) 707 333 222,2024.03.28,https://www.globalict.kr//business/buyer/buyer_view.do?menuCode=030500&buyNo=3784,
3783,Kyosk.app,케냐/나이로비,(+254) 110 590 488,2024.03.28,https://www.globalict.kr//business/buyer/buyer_view.do?menuCode=030500&buyNo=3783,
3782,Cellulant,케냐/나이로비,(+254) 708 802 299,2024.03.28,https://www.globalict.kr//business/buyer/buyer_view.do?menuCode=030500&buyNo=3782,
3781,DENKEN ROBOTS,멕시코/티후아나,(+52) 664 880 0060,2024.02.28,https://www.globalict.kr//business/buyer/buyer_view.do?menuCode=030500&buyNo=3781,
3779,Rackart,멕시코/몬테레이,(+52) 81 8370-7011,2024.02.28,https://www.globalict.kr//business/buyer/buyer_view.do?menuCode=030500&buyNo=3779,
3778,GUREGO,멕시코/과나후아토,(+52) 47 7712 5911,2024.02.28,https://www.globalict.kr//business/buyer/buyer_view.do?menuCode=030500&buyNo=3778,
3777,VINSSA,멕시코/코아우일라,(+52) 84 4112 4288,2024.02.28,https://www.globalict.kr//business/buyer/buyer_view.do?menuCode=030500&buyNo=3777,
3776,The Robox,멕시코/멕시코시티,(+52) 55 1320 9873,2024.02.28,https://www.globalict.kr//business/buyer/buyer_view.do?menuCode=030500&buyNo=3776,
3775,Inspiring Software Technology,멕시코/산티아고,(+52) 44 2628 5713,2024.02.28,https://www.globalict.kr//business/buyer/buyer_view.do?menuCode=030500&buyNo=3775,
3774,APLUS LOGISTICS,멕시코/데포트소틀란,(+52) 55 5698 8025,2024.02.28,https://www.globalict.kr//business/buyer/buyer_view.do?menuCode=030500&buyNo=3774,
3773,Roomie,멕시코/멕시코시티,(+52) 55 8911 1799,2024.02.28,https://www.globalict.kr//business/buyer/buyer_view.do?menuCode=030500&buyNo=3773,
3772,Remotics.io,멕시코/멕시코시티,(+52) 55 8950 7125,2024.02.28,https://www.globalict.kr//business/buyer/buyer_view.do?menuCode=030500&buyNo=3772,
3771,Ayla Networks,미국/캘리포니아,(+1) 408 830 9844,2024.02.28,https://www.globalict.kr//business/buyer/buyer_view.do?menuCode=030500&buyNo=3771,
3770,Alarm.com,미국/버지니아,-,2024.02.28,https://www.globalict.kr//business/buyer/buyer_view.do?menuCode=030500&buyNo=3770,
3769,Topcon Agriculture,미국/캘리포니아,-,2024.02.28,https://www.globalict.kr//business/buyer/buyer_view.do?menuCode=030500&buyNo=3769,
3768,"Klika Tech, Inc",미국/플로리다,(+1) 212 842 8187,2024.02.28,https://www.globalict.kr//business/buyer/buyer_view.do?menuCode=030500&buyNo=3768,
3767,Lantronix,미국/캘리포니아,-,2024.02.28,https://www.globalict.kr//business/buyer/buyer_view.do?menuCode=030500&buyNo=3767,
3766,Impinj,미국/시애틀,(+1) 206 517 5300,2024.02.28,https://www.globalict.kr//business/buyer/buyer_view.do?menuCode=030500&buyNo=3766,
3765,Rang Technologies Inc,미국/뉴저지,(+1) 732 947 4119,2024.02.28,https://www.globalict.kr//business/buyer/buyer_view.do?menuCode=030500&buyNo=3765,
3764,SmartSense,미국/보스턴,(+1) 866 806 2653 ,2024.02.28,https://www.globalict.kr//business/buyer/buyer_view.do?menuCode=030500&buyNo=3764,
3763,Telit Cinterion,미국/캘리포니아,-,2024.02.28,https://www.globalict.kr//business/buyer/buyer_view.do?menuCode=030500&buyNo=3763,
3762,Powerfleet,미국/뉴저지,(+1) 201 996 9000,2024.02.28,https://www.globalict.kr//business/buyer/buyer_view.do?menuCode=030500&buyNo=3762,
3761,Virbela,미국/워싱턴 ,(+1) 844 714 4210,2024.01.30,https://www.globalict.kr//business/buyer/buyer_view.do?menuCode=030500&buyNo=3761,
3760,WebMobril Inc.,미국/뉴저지 ,(+1) 850 367 0863,2024.01.30,https://www.globalict.kr//business/buyer/buyer_view.do?menuCode=030500&buyNo=3760,
3759,Tulfa,미국/일리노이 ,(+1) 312 803 0971,2024.01.30,https://www.globalict.kr//business/buyer/buyer_view.do?menuCode=030500&buyNo=3759,
3758,Journey,미국/뉴욕,(+1) 212 929 5657,2024.01.30,https://www.globalict.kr//business/buyer/buyer_view.do?menuCode=030500&buyNo=3758,
3757,OptimusFox,미국/일리노이 ,(+1) 224 542 1100,2024.01.30,https://www.globalict.kr//business/buyer/buyer_view.do?menuCode=030500&buyNo=3757,
3756,Flexsin Inc.,미국/텍사스,(+1) 469 305 9770,2024.01.30,https://www.globalict.kr//business/buyer/buyer_view.do?menuCode=030500&buyNo=3756,
3755,PixelPlex,미국/뉴욕,(+1) 646 490 0772,2024.01.30,https://www.globalict.kr//business/buyer/buyer_view.do?menuCode=030500&buyNo=3755,
3754,Supersocial Inc.,미국/뉴욕 ,(+1) 415 889 9514,2024.01.30,https://www.globalict.kr//business/buyer/buyer_view.do?menuCode=030500&buyNo=3754,
3753,RisingMax,미국/일리노이,(+1) 917 451-3717,2024.01.30,https://www.globalict.kr//business/buyer/buyer_view.do?menuCode=030500&buyNo=3753,
3752,C² Technologies,미국/버지니아,(+1) 800 316 6221,2024.01.30,https://www.globalict.kr//business/buyer/buyer_view.do?menuCode=030500&buyNo=3752,
3751,Herby.digital,스위스/토밀스,-,2024.01.30,https://www.globalict.kr//business/buyer/buyer_view.do?menuCode=030500&buyNo=3751,
3750,Get More Brain,스위스/취리히,(+41) 79 603 64 67,2024.01.30,https://www.globalict.kr//business/buyer/buyer_view.do?menuCode=030500&buyNo=3750,
3749,Kinaps,스위스/로잔,-,2024.01.30,https://www.globalict.kr//business/buyer/buyer_view.do?menuCode=030500&buyNo=3749,
3748,Evulpo,스위스/취리히,(+41) 43 588 24 48,2024.01.30,https://www.globalict.kr//business/buyer/buyer_view.do?menuCode=030500&buyNo=3748,
3747,Epalero,스위스/취리히,(+41) 77 536 00 19,2024.01.30,https://www.globalict.kr//business/buyer/buyer_view.do?menuCode=030500&buyNo=3747,
3746,Kokoro Lingua,스위스/뇌샤텔,info@kokorolingua.com,2024.01.30,https://www.globalict.kr//business/buyer/buyer_view.do?menuCode=030500&buyNo=3746,
3745,AIcrowd,스위스/로잔,-,2024.01.30,https://www.globalict.kr//business/buyer/buyer_view.do?menuCode=030500&buyNo=3745,
3744,AckTao,스위스/뇌샤텔,-,2024.01.30,https://www.globalict.kr//business/buyer/buyer_view.do?menuCode=030500&buyNo=3744,
3743,inoteam.io,스위스/로잔,(+41) 78 921 0440 ,2024.01.30,https://www.globalict.kr//business/buyer/buyer_view.do?menuCode=030500&buyNo=3743,
3742,MaxBrain,스위스/취리히,(+41) 44 287 36 20,2024.01.30,https://www.globalict.kr//business/buyer/buyer_view.do?menuCode=030500&buyNo=3742,
3741,Mphasis Information Technologies,아랍에미리트 / 아부다비,(+971) 2 565 5053,2023.12.12,https://www.globalict.kr//business/buyer/buyer_view.do?menuCode=030500&buyNo=3741,
3740,DigitAll,아랍에미리트/두바이,(+971) 52 641 2581,2023.12.12,https://www.globalict.kr//business/buyer/buyer_view.do?menuCode=030500&buyNo=3740,AE
3739,Sensgreen,아랍에미리트 / 아부다비,-,2023.12.12,https://www.globalict.kr//business/buyer/buyer_view.do?menuCode=030500&buyNo=3739,
3738,Smart EnerG+,아랍에미리트/두바이,(+971) 4 422 9701 ,2023.12.12,https://www.globalict.kr//business/buyer/buyer_view.do?menuCode=030500&buyNo=3738,AE
3737,Majid Informatic Solutions LLC,아랍에미리트 / 아부다비,(+971) 4 3939031,2023.12.12,https://www.globalict.kr//business/buyer/buyer_view.do?menuCode=030500&buyNo=3737,
3736,AJAD,사우디아라비아/담맘,(+966) 920003160,2023.12.12,https://www.globalict.kr//business/buyer/buyer_view.do?menuCode=030500&buyNo=3736,
3735,EduServ,아랍에미리트/두바이,(+971) 4 369 2537,2023.12.12,https://www.globalict.kr//business/buyer/buyer_view.do?menuCode=030500&buyNo=3735,AE
3734,Smart Start Electronics,아랍에미리트/두바이,(+971) 52112 0079,2023.12.12,https://www.globalict.kr//business/buyer/buyer_view.do?menuCode=030500&buyNo=3734,AE
3733,ScanSmart Technology DMCC,아랍에미리트/두바이,-,2023.12.12,https://www.globalict.kr//business/buyer/buyer_view.do?menuCode=030500&buyNo=3733,AE
3732,Quality e-Business (QEB),사우디아라비아/리야드,-,2023.12.12,https://www.globalict.kr//business/buyer/buyer_view.do?menuCode=030500&buyNo=3732,
3731,Clever Platform,사우디 아라비아/제다,(+966) 570001522,2023.12.12,https://www.globalict.kr//business/buyer/buyer_view.do?menuCode=030500&buyNo=3731,
3730,Digital Solutions Provider (DSP),사우디 아라비아/제다,(+966) 12 212 9404,2023.12.12,https://www.globalict.kr//business/buyer/buyer_view.do?menuCode=030500&buyNo=3730,
3729,KIWIride,아랍에미리트/두바이,(+971) 800 5494 ,2023.12.12,https://www.globalict.kr//business/buyer/buyer_view.do?menuCode=030500&buyNo=3729,AE
3728,FAMS by Falkenherz,아랍에미리트/두바이,(+971) 4 435 7447,2023.12.12,https://www.globalict.kr//business/buyer/buyer_view.do?menuCode=030500&buyNo=3728,AE
3727,Pixcom Energy & IoT,아랍에미리트/두바이,(+971) 5 55790429,2023.11.30,https://www.globalict.kr//business/buyer/buyer_view.do?menuCode=030500&buyNo=3727,AE
3726,NexNet Solutions,아랍에미리트/두바이,(+971) 4 580 6222,2023.11.30,https://www.globalict.kr//business/buyer/buyer_view.do?menuCode=030500&buyNo=3726,AE
3725,NG Global,아랍에미리트/두바이,(+971) 4 3344423,2023.11.30,https://www.globalict.kr//business/buyer/buyer_view.do?menuCode=030500&buyNo=3725,AE
3724,Grand Block Technologies LLC,아랍에미리트/두바이,(+971) 4 259 9967,2023.11.30,https://www.globalict.kr//business/buyer/buyer_view.do?menuCode=030500&buyNo=3724,AE
3723,Intelligent Devices and Systems - IDS,아랍에미리트/두바이,(+971) 4 3638711,2023.11.30,https://www.globalict.kr//business/buyer/buyer_view.do?menuCode=030500&buyNo=3723,AE
3722,Enetric Technology Solution,아랍에미리트/두바이,(+971) 4 3709 966,2023.11.30,https://www.globalict.kr//business/buyer/buyer_view.do?menuCode=030500&buyNo=3722,AE
3721,Najtech-NEC,사우디아라비아/리야드,(+966) 8002444422,2023.11.30,https://www.globalict.kr//business/buyer/buyer_view.do?menuCode=030500&buyNo=3721,
3720,iSharp Information Communication Technology,아랍에미리트/두바이,(+971) 4 375 4752,2023.11.30,https://www.globalict.kr//business/buyer/buyer_view.do?menuCode=030500&buyNo=3720,AE
3719,Mustdam,사우디아라비아/리야드,(+966) 11 5062078,2023.11.30,https://www.globalict.kr//business/buyer/buyer_view.do?menuCode=030500&buyNo=3719,
3718,Syncrow IoT Solutions,아랍에미리트/두바이,(+971) 4 424 9078,2023.11.30,https://www.globalict.kr//business/buyer/buyer_view.do?menuCode=030500&buyNo=3718,AE
3717,Atheeb Intergraph Saudi Company (AISC),사우디아라비아/리야드,(+966) 11 462 2335,2023.11.30,https://www.globalict.kr//business/buyer/buyer_view.do?menuCode=030500&buyNo=3717,
3716,VEER - Video Analytics,아랍에미리트/두바이,(+971) 58 571 9889,2023.11.30,https://www.globalict.kr//business/buyer/buyer_view.do?menuCode=030500&buyNo=3716,AE
3715,Easy Technology Solutions Company (Etech),사우디아라비아/리야드,(+966) 11 419 2999,2023.11.30,https://www.globalict.kr//business/buyer/buyer_view.do?menuCode=030500&buyNo=3715,
3714,YVOLV,아랍에미리트/두바이,(+971) 45-687-733,2023.11.30,https://www.globalict.kr//business/buyer/buyer_view.do?menuCode=030500&buyNo=3714,AE
3713,NNTC (Innovative Technology Company),아랍에미리트/두바이,(+971) 52 147 2519,2023.11.30,https://www.globalict.kr//business/buyer/buyer_view.do?menuCode=030500&buyNo=3713,AE
3712,Advanced Data Systems,사우디아라비아/리야드,(+966) 920017666,2023.11.30,https://www.globalict.kr//business/buyer/buyer_view.do?menuCode=030500&buyNo=3712,
3711,EZELINK,아랍에미리트/두바이,(+971) 4 277 1131,2023.11.30,https://www.globalict.kr//business/buyer/buyer_view.do?menuCode=030500&buyNo=3711,AE
3710,Urbi,아랍에미리트/두바이,(+971) 4 550 1800,2023.11.30,https://www.globalict.kr//business/buyer/buyer_view.do?menuCode=030500&buyNo=3710,AE
3709,ZainTech,아랍에미리트/두바이,(+971) 4 360 1622,2023.11.30,https://www.globalict.kr//business/buyer/buyer_view.do?menuCode=030500&buyNo=3709,AE
3708,PACC Information & Communication Technology ,아랍에미리트/두바이,(+971)  4 871 2000,2023.11.30,https://www.globalict.kr//business/buyer/buyer_view.do?menuCode=030500&buyNo=3708,AE
3707,Home Engine Automation LLC ,아랍에미리트/두바이,(+971) 4 577 6054,2023.10.27,https://www.globalict.kr//business/buyer/buyer_view.do?menuCode=030500&buyNo=3707,AE
3706,Haami Digital Consultancy ,아랍에미리트/두바이,-,2023.10.27,https://www.globalict.kr//business/buyer/buyer_view.do?menuCode=030500&buyNo=3706,AE
3705,Esskay Gulf ,아랍에미리트/두바이,-,2023.10.27,https://www.globalict.kr//business/buyer/buyer_view.do?menuCode=030500&buyNo=3705,AE
3704,DATACOM ,아랍에미리트/두바이,(+971) 4 285 8448,2023.10.27,https://www.globalict.kr//business/buyer/buyer_view.do?menuCode=030500&buyNo=3704,AE
3703,DynamicTech IT Solutions LLC,아랍에미리트/아부다비,(+971) 50 776 7917 ,2023.10.27,https://www.globalict.kr//business/buyer/buyer_view.do?menuCode=030500&buyNo=3703,
3702,Innobayt Innovative Solutions ,아랍에미리트/두바이,(+971) 58 534 8237 ,2023.10.27,https://www.globalict.kr//business/buyer/buyer_view.do?menuCode=030500&buyNo=3702,AE
3701,Foren Technologies ,아랍에미리트/두바이,-,2023.10.27,https://www.globalict.kr//business/buyer/buyer_view.do?menuCode=030500&buyNo=3701,AE
3700,Green Optima ,아랍에미리트/두바이,(+971) 4 566 7544,2023.10.27,https://www.globalict.kr//business/buyer/buyer_view.do?menuCode=030500&buyNo=3700,AE
3699,INNOVENT Tech ,아랍에미리트/두바이,(+971) 56 445 7947 ,2023.10.27,https://www.globalict.kr//business/buyer/buyer_view.do?menuCode=030500&buyNo=3699,AE
3698,NOVAsat Co.,사우디아라비아/리야드,(+966) 11283-5600,2023.10.27,https://www.globalict.kr//business/buyer/buyer_view.do?menuCode=030500&buyNo=3698,
3697,Raqeeb ,아랍에미리트/두바이,(+971) 50 950 4667,2023.10.27,https://www.globalict.kr//business/buyer/buyer_view.do?menuCode=030500&buyNo=3697,AE
3696,WakeCap,아랍에미리트/두바이,(+971) 4 5896359,2023.10.27,https://www.globalict.kr//business/buyer/buyer_view.do?menuCode=030500&buyNo=3696,AE
3695,Health Cluster ,아랍에미리트/두바이,(+971) 5 6408 4463,2023.10.27,https://www.globalict.kr//business/buyer/buyer_view.do?menuCode=030500&buyNo=3695,AE
3694,Saudi Executive Trading (SaudiEx),사우디아라비아/리야드,(+966) 920002780,2023.10.27,https://www.globalict.kr//business/buyer/buyer_view.do?menuCode=030500&buyNo=3694,
3693,VINT - Vision Intelligence smart decisions,사우디아라비아/리야드,(+966) 567415165,2023.10.27,https://www.globalict.kr//business/buyer/buyer_view.do?menuCode=030500&buyNo=3693,
3692,Perisync Technologies ,아랍에미리트/두바이,(+971) 5 650 55243,2023.10.27,https://www.globalict.kr//business/buyer/buyer_view.do?menuCode=030500&buyNo=3692,AE
3691,ZMR,사우디 아라비아/제다,(+966) 12 6620303,2023.10.27,https://www.globalict.kr//business/buyer/buyer_view.do?menuCode=030500&buyNo=3691,
3690,Convivo Technologies L.LC.,아랍에미리트/아부다비,(+971) 2 633 0804 ,2023.10.27,https://www.globalict.kr//business/buyer/buyer_view.do?menuCode=030500&buyNo=3690,
3689,Omnix International,아랍에미리트/두바이,(+971) 4 519 7000,2023.10.27,https://www.globalict.kr//business/buyer/buyer_view.do?menuCode=030500&buyNo=3689,AE
3688,OIS,아랍에미리트/두바이,(+971) 55 261 1879,2023.10.27,https://www.globalict.kr//business/buyer/buyer_view.do?menuCode=030500&buyNo=3688,AE
3687,IDEX SERVICES COMPANY,사우디 아라비아/제다,(+966) 12 665 3367,2023.09.27,https://www.globalict.kr//business/buyer/buyer_view.do?menuCode=030500&buyNo=3687,
3686,ADMC IT Solutions,사우디아라비아/리야드,(+966) 1 217-3957/8,2023.09.27,https://www.globalict.kr//business/buyer/buyer_view.do?menuCode=030500&buyNo=3686,
3685,AlraisLabs ,아랍에미리트/두바이,(+971) 4 333 2222,2023.09.27,https://www.globalict.kr//business/buyer/buyer_view.do?menuCode=030500&buyNo=3685,AE
3684,Digital Dimension Computers LLC ,아랍에미리트/아부다비,(+971) 0 264 44043,2023.09.27,https://www.globalict.kr//business/buyer/buyer_view.do?menuCode=030500&buyNo=3684,
3683,TOPTECH Smart Systems,사우디아라비아/리야드,(+966) 506666441,2023.09.27,https://www.globalict.kr//business/buyer/buyer_view.do?menuCode=030500&buyNo=3683,
3682,Maargga,아랍에미리트/두바이,(+971) 5 884 05658 ,2023.09.27,https://www.globalict.kr//business/buyer/buyer_view.do?menuCode=030500&buyNo=3682,AE
3681,GIS Drones ,아랍에미리트/두바이,(+971) 4 256 1439,2023.09.27,https://www.globalict.kr//business/buyer/buyer_view.do?menuCode=030500&buyNo=3681,AE
3680,Tahaluf Al Emarat Technical Solutions,아랍에미리트/아부다비,(+971) 2 666 1 789,2023.09.27,https://www.globalict.kr//business/buyer/buyer_view.do?menuCode=030500&buyNo=3680,
3679,MIS - Al Moammar Information Systems Co.,사우디아라비아/리야드,(+966) 12 639 5977,2023.09.27,https://www.globalict.kr//business/buyer/buyer_view.do?menuCode=030500&buyNo=3679,
3678,Edarat Group,사우디아라비아/리야드,(+966) 11 205 7838,2023.09.27,https://www.globalict.kr//business/buyer/buyer_view.do?menuCode=030500&buyNo=3678,
3677,Adeptus Technologies LLC,아랍에미리트/두바이,(+971) 4-3972569,2023.09.27,https://www.globalict.kr//business/buyer/buyer_view.do?menuCode=030500&buyNo=3677,AE
3676,Raqmya,사우디 아라비아/코바르,(+966) 13 80 64 611,2023.09.27,https://www.globalict.kr//business/buyer/buyer_view.do?menuCode=030500&buyNo=3676,
3675,Al Sharif - X,사우디 아라비아/제다,(+966) 12 236 4777,2023.09.27,https://www.globalict.kr//business/buyer/buyer_view.do?menuCode=030500&buyNo=3675,
3674,Texpo LLC,아랍에미리트/두바이,(+971) 4 243 2543,2023.09.27,https://www.globalict.kr//business/buyer/buyer_view.do?menuCode=030500&buyNo=3674,AE
3673,IndusNovater ,아랍에미리트/두바이,(+971) 5 2910 1215,2023.09.27,https://www.globalict.kr//business/buyer/buyer_view.do?menuCode=030500&buyNo=3673,AE
3672,Telematics,아랍에미리트/두바이,(+971) 4 220 0027 ,2023.09.27,https://www.globalict.kr//business/buyer/buyer_view.do?menuCode=030500&buyNo=3672,AE
3671,Gibraltar Technologies LLC ,아랍에미리트/두바이,(+971) 4 458 7748 ,2023.09.27,https://www.globalict.kr//business/buyer/buyer_view.do?menuCode=030500&buyNo=3671,AE
3670,VackerGlobal ,아랍에미리트/두바이,(+971) 4 266 1144,2023.09.27,https://www.globalict.kr//business/buyer/buyer_view.do?menuCode=030500&buyNo=3670,AE
3669,HyperNym ,아랍에미리트/두바이,-,2023.09.27,https://www.globalict.kr//business/buyer/buyer_view.do?menuCode=030500&buyNo=3669,AE
3668,Spectro Systems ,아랍에미리트/두바이,(+971) 4 440 5600,2023.09.27,https://www.globalict.kr//business/buyer/buyer_view.do?menuCode=030500&buyNo=3668,AE
3667,Creative Advanced Technologies ,아랍에미리트/두바이,(+971) 4 580 8116 ,2023.09.27,https://www.globalict.kr//business/buyer/buyer_view.do?menuCode=030500&buyNo=3667,AE
3666,Zio Technologies ,아랍에미리트/두바이,(+971) 4 338 8270 ,2023.09.27,https://www.globalict.kr//business/buyer/buyer_view.do?menuCode=030500&buyNo=3666,AE
3665,Data Semantics,아랍에미리트/두바이,(+971) 5 213 60916,2023.09.27,https://www.globalict.kr//business/buyer/buyer_view.do?menuCode=030500&buyNo=3665,AE
3664,Pacific Controls ,아랍에미리트/두바이,(+971) 4 886 9000,2023.09.27,https://www.globalict.kr//business/buyer/buyer_view.do?menuCode=030500&buyNo=3664,AE
3663,Key Information Technology LLC ,아랍에미리트/두바이,(+971) 4 398 9999,2023.09.27,https://www.globalict.kr//business/buyer/buyer_view.do?menuCode=030500&buyNo=3663,AE
3662,Intertec Systems ,아랍에미리트/두바이,(+971) 4 447 9444,2023.08.31,https://www.globalict.kr//business/buyer/buyer_view.do?menuCode=030500&buyNo=3662,AE
3661,LTS Connecting Things,사우디아라비아/리야드,(+966) 50 466 6188,2023.08.31,https://www.globalict.kr//business/buyer/buyer_view.do?menuCode=030500&buyNo=3661,
3660,Injazat,아랍에미리트/아부다비,(+971) 2 699 27 00,2023.08.31,https://www.globalict.kr//business/buyer/buyer_view.do?menuCode=030500&buyNo=3660,
3659,DOTS TECH SYSTEMS,아랍에미리트/두바이,(+971) 4 575 59 35,2023.08.31,https://www.globalict.kr//business/buyer/buyer_view.do?menuCode=030500&buyNo=3659,AE
3658,AFAQY,사우디아라비아/리야드,(+966) 5830 111,2023.08.31,https://www.globalict.kr//business/buyer/buyer_view.do?menuCode=030500&buyNo=3658,
3657,Scientechnic,아랍에미리트/두바이,(+971) 4 203 57 77,2023.08.31,https://www.globalict.kr//business/buyer/buyer_view.do?menuCode=030500&buyNo=3657,AE
3656,Khatib & Alami,아랍에미리트/아부다비,(+971) 2 639 5369,2023.08.31,https://www.globalict.kr//business/buyer/buyer_view.do?menuCode=030500&buyNo=3656,
3655,Kalkitech,아랍에미리트/샤르자,(+971) 6 544 7030,2023.08.31,https://www.globalict.kr//business/buyer/buyer_view.do?menuCode=030500&buyNo=3655,
3654,TCT,아랍에미리트/두바이,(+971)  6005 60033,2023.08.31,https://www.globalict.kr//business/buyer/buyer_view.do?menuCode=030500&buyNo=3654,AE
3653,SmartWorld NextGen,아랍에미리트/두바이,(+971) 4 2206464,2023.08.31,https://www.globalict.kr//business/buyer/buyer_view.do?menuCode=030500&buyNo=3653,AE
3652,E&Enterprise ,아랍에미리트/두바이,(+971) 4 814 1400,2023.08.31,https://www.globalict.kr//business/buyer/buyer_view.do?menuCode=030500&buyNo=3652,AE
3651,TST Smart City,아랍에미리트/두바이,(+971) 4 454 7174  (+966) 13 867 0188,2023.08.31,https://www.globalict.kr//business/buyer/buyer_view.do?menuCode=030500&buyNo=3651,AE
3650,BATCO Group,사우디 아라비아/리야드,(+966) 11 445 8963,2023.08.31,https://www.globalict.kr//business/buyer/buyer_view.do?menuCode=030500&buyNo=3650,
3649,Retaam AlSharq,사우디 아라비아/리야드,(+966) 11 400 63 90,2023.08.31,https://www.globalict.kr//business/buyer/buyer_view.do?menuCode=030500&buyNo=3649,
3648,Unicom,사우디 아라비아/리야드,(+966) 1 456 5699,2023.08.31,https://www.globalict.kr//business/buyer/buyer_view.do?menuCode=030500&buyNo=3648,
3647,machinestalk,사우디 아라비아/리야드,(+966) 920000474,2023.08.31,https://www.globalict.kr//business/buyer/buyer_view.do?menuCode=030500&buyNo=3647,
3646,Hayden AI,미국/캘리포니아,(+1) 510 508 9953,2023.08.31,https://www.globalict.kr//business/buyer/buyer_view.do?menuCode=030500&buyNo=3646,
3645,Nextbridge,파키스탄/라호르,(+92) 42 35315043,2023.08.31,https://www.globalict.kr//business/buyer/buyer_view.do?menuCode=030500&buyNo=3645,
3644,Ramco Systems,인도/첸나이,(+91) 44 2235 4510,2023.08.31,https://www.globalict.kr//business/buyer/buyer_view.do?menuCode=030500&buyNo=3644,
3643,Click2Cloud,인도/나그푸르,(+91) 72639 85000,2023.08.31,https://www.globalict.kr//business/buyer/buyer_view.do?menuCode=030500&buyNo=3643,
3642,LeadSquared,인도/벵갈루루,(+91) 080 46971075,2023.07.27,https://www.globalict.kr//business/buyer/buyer_view.do?menuCode=030500&buyNo=3642,
3641,Oasis Infobyte,인도/뉴델리,-,2023.07.27,https://www.globalict.kr//business/buyer/buyer_view.do?menuCode=030500&buyNo=3641,
3640,True Digital,태국/방콕,(+66) 2 021 0200,2023.07.27,https://www.globalict.kr//business/buyer/buyer_view.do?menuCode=030500&buyNo=3640,
3639,WiseTech Global,호주/시드니,(+61) 2 8001 2200,2023.07.27,https://www.globalict.kr//business/buyer/buyer_view.do?menuCode=030500&buyNo=3639,
3638,SafetyCulture,호주/시드니,(+61) 1300 984 245,2023.07.27,https://www.globalict.kr//business/buyer/buyer_view.do?menuCode=030500&buyNo=3638,
3637,Elmo Software,호주/시드니,(+61) 2 8305 4600,2023.07.27,https://www.globalict.kr//business/buyer/buyer_view.do?menuCode=030500&buyNo=3637,
3636,TechnologyOne,호주/브리즈번,(+61) 7 3167 7300,2023.07.27,https://www.globalict.kr//business/buyer/buyer_view.do?menuCode=030500&buyNo=3636,
3635,Nuix,호주/시드니,(+61) 2 8320 9444,2023.07.27,https://www.globalict.kr//business/buyer/buyer_view.do?menuCode=030500&buyNo=3635,
3634,FourNxt ,아랍에미리트 / 두바이,(+971) 5 086 02393,2023.07.27,https://www.globalict.kr//business/buyer/buyer_view.do?menuCode=030500&buyNo=3634,
3633,Dynagraph ,아랍에미리트 / 두바이,(+971) 4 347 7724,2023.07.27,https://www.globalict.kr//business/buyer/buyer_view.do?menuCode=030500&buyNo=3633,
3632,Omnia ,아랍에미리트 / 두바이,(+971) 4 367 1414,2023.07.27,https://www.globalict.kr//business/buyer/buyer_view.do?menuCode=030500&buyNo=3632,
3631,OSN,아랍에미리트 / 두바이,(+966) 11 479 6568 ,2023.07.27,https://www.globalict.kr//business/buyer/buyer_view.do?menuCode=030500&buyNo=3631,
3630,ITP Media Group ,아랍에미리트 / 두바이,(+971) 4 444 3000,2023.07.27,https://www.globalict.kr//business/buyer/buyer_view.do?menuCode=030500&buyNo=3630,
3629,Alsayegh ,아랍에미리트 / 두바이,(+971) 4 444 1000,2023.07.27,https://www.globalict.kr//business/buyer/buyer_view.do?menuCode=030500&buyNo=3629,
3628,GTECH Information Technology ,아랍에미리트 / 두바이,(+971) 4 328 5071,2023.07.27,https://www.globalict.kr//business/buyer/buyer_view.do?menuCode=030500&buyNo=3628,
3627,5dVR,이집트/카이로,(202) 25259910 or (202) 25256793,2023.07.27,https://www.globalict.kr//business/buyer/buyer_view.do?menuCode=030500&buyNo=3627,
3626,VRTEEK,이집트/카이로,20 1281122335,2023.07.27,https://www.globalict.kr//business/buyer/buyer_view.do?menuCode=030500&buyNo=3626,
3625,MIX Reality,브라질/상파울로,(+55) 11 94329-8384,2023.07.27,https://www.globalict.kr//business/buyer/buyer_view.do?menuCode=030500&buyNo=3625,
3624,4DMedical,호주/뉴사우스웨일스,(+61) 3 9545 5940,2023.07.27,https://www.globalict.kr//business/buyer/buyer_view.do?menuCode=030500&buyNo=3624,
3623,Vodafone,영국/버크셔,-,2023.07.27,https://www.globalict.kr//business/buyer/buyer_view.do?menuCode=030500&buyNo=3623,
3622,Cindicator,싱가포르/싱가포르,-,2023.07.27,https://www.globalict.kr//business/buyer/buyer_view.do?menuCode=030500&buyNo=3622,
3621,Universal Robots,덴마크 / 오덴세,(+45) 89 93 89 89,2023.06.29,https://www.globalict.kr//business/buyer/buyer_view.do?menuCode=030500&buyNo=3621,
3620,Snowflake,미국 / 캘리포니아,(+1) 844-766-9353,2023.06.29,https://www.globalict.kr//business/buyer/buyer_view.do?menuCode=030500&buyNo=3620,
3619,Nuro,미국 / 캘리포니아,-,2023.06.29,https://www.globalict.kr//business/buyer/buyer_view.do?menuCode=030500&buyNo=3619,
3618,Brex,미국 / 캘리포니아,(+1) 833 228 2044,2023.06.29,https://www.globalict.kr//business/buyer/buyer_view.do?menuCode=030500&buyNo=3618,
3617,Samsara,미국 / 캘리포니아,(+1) 866-438-4066,2023.06.29,https://www.globalict.kr//business/buyer/buyer_view.do?menuCode=030500&buyNo=3617,
3616,Instacart,미국 / 캘리포니아,(+1) 888-246-7822,2023.06.29,https://www.globalict.kr//business/buyer/buyer_view.do?menuCode=030500&buyNo=3616,
3615,GrubHub,미국 / 뉴욕,(+1) 877-585-1085,2023.06.29,https://www.globalict.kr//business/buyer/buyer_view.do?menuCode=030500&buyNo=3615,
3614,Doordash,미국 / 캘리포니아,(+1) 855-973-1040,2023.06.29,https://www.globalict.kr//business/buyer/buyer_view.do?menuCode=030500&buyNo=3614,
3613,Robinhood,미국 / 캘리포니아,(+1) 650-940-2700,2023.06.29,https://www.globalict.kr//business/buyer/buyer_view.do?menuCode=030500&buyNo=3613,
3612,Slack,미국 / 캘리포니아,(+1) 888-767-5475,2023.06.29,https://www.globalict.kr//business/buyer/buyer_view.do?menuCode=030500&buyNo=3612,
3611,Stripe,미국 / 캘리포니아,(+1) 888-963-8950,2023.06.29,https://www.globalict.kr//business/buyer/buyer_view.do?menuCode=030500&buyNo=3611,
3610,Bill,미국 / 캘리포니아,(+1) (800) 993-1910,2023.06.29,https://www.globalict.kr//business/buyer/buyer_view.do?menuCode=030500&buyNo=3610,
3609,Remitly,미국 / 시애틀,(+1) (888) 736-4859,2023.06.29,https://www.globalict.kr//business/buyer/buyer_view.do?menuCode=030500&buyNo=3609,
3608,CoinMe,미국 / 시애틀,(+1) (800) 944-3405,2023.06.29,https://www.globalict.kr//business/buyer/buyer_view.do?menuCode=030500&buyNo=3608,
3607,INTEREL,아랍에미리트 / 두바이,(+971) 4 447 9845,2023.06.29,https://www.globalict.kr//business/buyer/buyer_view.do?menuCode=030500&buyNo=3607,
3606,AION Innovations,이집트 / 기자,(+20) 100 834 8299,2023.06.29,https://www.globalict.kr//business/buyer/buyer_view.do?menuCode=030500&buyNo=3606,
3605,iWire Group,아랍에미리트 / 두바이,(+971) 4 2145600,2023.06.29,https://www.globalict.kr//business/buyer/buyer_view.do?menuCode=030500&buyNo=3605,
3604,City Brain,이집트 / 알렉산드리아,(+20) 100 9797 626,2023.06.29,https://www.globalict.kr//business/buyer/buyer_view.do?menuCode=030500&buyNo=3604,
3603,Sahab Smart Solutions,아랍에미리트 / 샤르자,(+971) 6 562 5633,2023.06.29,https://www.globalict.kr//business/buyer/buyer_view.do?menuCode=030500&buyNo=3603,
3602,DGWorld,아랍에미리트 / 두바이,(+971) 800349800,2023.06.29,https://www.globalict.kr//business/buyer/buyer_view.do?menuCode=030500&buyNo=3602,
3601,Avanza Innovations,아랍에미리트 / 두바이,(+971) 4 388 7731,2023.05.30,https://www.globalict.kr//business/buyer/buyer_view.do?menuCode=030500&buyNo=3601,
3600,Sadeem Technology ,사우디 아라비아 / 제다,(+966) 583599599 (+966) 128087951,2023.05.30,https://www.globalict.kr//business/buyer/buyer_view.do?menuCode=030500&buyNo=3600,
3599,Shttle,사우디 아라비아 / 리야드,-,2023.05.30,https://www.globalict.kr//business/buyer/buyer_view.do?menuCode=030500&buyNo=3599,
3598,SmartHomeCo,사우디 아라비아 / 리야드,(+966) 11 201 2005,2023.05.30,https://www.globalict.kr//business/buyer/buyer_view.do?menuCode=030500&buyNo=3598,
3597,Arabian Homes Company,사우디 아라비아 / 리야드,(+966) 54 525 2211,2023.05.30,https://www.globalict.kr//business/buyer/buyer_view.do?menuCode=030500&buyNo=3597,
3596,UpLogica,사우디 아라비아 / 알 코바르,(+966) 13 8202540,2023.05.30,https://www.globalict.kr//business/buyer/buyer_view.do?menuCode=030500&buyNo=3596,
3595,Arenco,사우디 아라비아 / 리야드,(+966) 566663964,2023.05.30,https://www.globalict.kr//business/buyer/buyer_view.do?menuCode=030500&buyNo=3595,
3594,Smart Homes,사우디 아라비아 / 리야드,(+966) 9200 28541,2023.05.30,https://www.globalict.kr//business/buyer/buyer_view.do?menuCode=030500&buyNo=3594,
3593,Smart Homes,사우디 아라비아 / 제다,(+966) 533 338 883,2023.05.30,https://www.globalict.kr//business/buyer/buyer_view.do?menuCode=030500&buyNo=3593,
3592,Smart Energy Savings(SES),아랍에미리트 / 아부다비,(+971) 50 4720140,2023.05.30,https://www.globalict.kr//business/buyer/buyer_view.do?menuCode=030500&buyNo=3592,
3591,SolarEdge Technologies,이스라엘 / 헤르츨리야,(+972) 9  957 6620,2023.05.30,https://www.globalict.kr//business/buyer/buyer_view.do?menuCode=030500&buyNo=3591,
3590,ASASYAT AL TAQA,사우디 아라비아 / 알 코바르,(+966) 13 866 8100,2023.05.30,https://www.globalict.kr//business/buyer/buyer_view.do?menuCode=030500&buyNo=3590,
3589,REENGEN,튀르키예 / 이스탄불,(+90) 212 924 2412,2023.05.30,https://www.globalict.kr//business/buyer/buyer_view.do?menuCode=030500&buyNo=3589,
3588,GreenBee,아랍에미리트 / 두바이,(+971) 55 162 5151,2023.05.30,https://www.globalict.kr//business/buyer/buyer_view.do?menuCode=030500&buyNo=3588,
3587,Transport for Cairo,이집트 / 카이로,-,2023.05.30,https://www.globalict.kr//business/buyer/buyer_view.do?menuCode=030500&buyNo=3587,
3586,Careem,아랍에미리트 / 두바이,(+971) 4 440 5222,2023.05.30,https://www.globalict.kr//business/buyer/buyer_view.do?menuCode=030500&buyNo=3586,
3585,Dubai Technologies,아랍에미리트 / 두바이,(+971) 4 222 4222,2023.05.30,https://www.globalict.kr//business/buyer/buyer_view.do?menuCode=030500&buyNo=3585,
3584,Barq EV,아랍에미리트 / 두바이,-,2023.05.30,https://www.globalict.kr//business/buyer/buyer_view.do?menuCode=030500&buyNo=3584,
3583,MENA Mobility LLC,아랍에미리트 / 두바이,(+971) 4 294 8111,2023.05.30,https://www.globalict.kr//business/buyer/buyer_view.do?menuCode=030500&buyNo=3583,
3582,Global Business Solutions Co LTD (GBS),사우디아라비아 / 알 코바르,(+966) 13 828 3555,2023.05.30,https://www.globalict.kr//business/buyer/buyer_view.do?menuCode=030500&buyNo=3582,
3581,Angoka,영국 / 벨파스트,(+44) 020 3190 5000,2023.04.25,https://www.globalict.kr//business/buyer/buyer_view.do?menuCode=030500&buyNo=3581,
3580,ui!,독일 / 다름슈타트,(+49) 0 6151 4 93 20 60,2023.04.25,https://www.globalict.kr//business/buyer/buyer_view.do?menuCode=030500&buyNo=3580,
3579,Scitum,멕시코 / 멕시코 시티,(+52) 55 9150 7400,2023.04.25,https://www.globalict.kr//business/buyer/buyer_view.do?menuCode=030500&buyNo=3579,
3578,Masterplan.com,독일 / 보훔,(+49) 0234 8105 0200,2023.04.25,https://www.globalict.kr//business/buyer/buyer_view.do?menuCode=030500&buyNo=3578,
3577,itslearning,노르웨이 / 베르겐,(+47) 55 23 60 70,2023.04.25,https://www.globalict.kr//business/buyer/buyer_view.do?menuCode=030500&buyNo=3577,
3576,Altar.io,포르투갈 / 리스본,(+351) 963630105,2023.04.25,https://www.globalict.kr//business/buyer/buyer_view.do?menuCode=030500&buyNo=3576,
3575,Quytech,인도 / 하리아나,(+91) 704 229 5974,2023.04.25,https://www.globalict.kr//business/buyer/buyer_view.do?menuCode=030500&buyNo=3575,
3574,Labrys,호주 / 브리즈번,(+61) 730733938,2023.04.25,https://www.globalict.kr//business/buyer/buyer_view.do?menuCode=030500&buyNo=3574,
3573,Nubiral,아르헨티나 / 부에노스 아이레스,(+54) 810 345 6677,2023.04.25,https://www.globalict.kr//business/buyer/buyer_view.do?menuCode=030500&buyNo=3573,
3572,Dedalus Prime,브라질 / 상파울루,(+55) 11 3049 0150,2023.04.25,https://www.globalict.kr//business/buyer/buyer_view.do?menuCode=030500&buyNo=3572,
3571,Công ty Cổ phần Viễn thông - Tin học Bưu điện (CTIN),베트남 / 하노이,(+84) 24 38634597,2023.04.25,https://www.globalict.kr//business/buyer/buyer_view.do?menuCode=030500&buyNo=3571,
3570,Siradel,프랑스 / 생-그레구아르,(+33) 2 23 480 500,2023.04.25,https://www.globalict.kr//business/buyer/buyer_view.do?menuCode=030500&buyNo=3570,
3569,e-Core,브라질 / 포르투알레그리,(+55) 51 3105 0041,2023.04.25,https://www.globalict.kr//business/buyer/buyer_view.do?menuCode=030500&buyNo=3569,
3568,Indicium,브라질 / 플로리아노폴리스,(+55) 48 3371 7293,2023.04.25,https://www.globalict.kr//business/buyer/buyer_view.do?menuCode=030500&buyNo=3568,
3567,Bix Tecnologia,브라질 / 플로리아노폴리스,(+55) 48 99659 5490,2023.04.25,https://www.globalict.kr//business/buyer/buyer_view.do?menuCode=030500&buyNo=3567,
3566,adeunis,프랑스 / 크롤스,(+33) 04 76 92 01 62,2023.04.25,https://www.globalict.kr//business/buyer/buyer_view.do?menuCode=030500&buyNo=3566,
3565,Picacity AI,캐나다 / 퀘벡,-,2023.04.25,https://www.globalict.kr//business/buyer/buyer_view.do?menuCode=030500&buyNo=3565,
3564,EVC (Experts Vision Consulting),사우디 아라비아 / 리야드,(+966) 12 597 0717,2023.04.25,https://www.globalict.kr//business/buyer/buyer_view.do?menuCode=030500&buyNo=3564,
3563,Planet Smart City,영국 / 런던,(+44) 020 3585 4553,2023.04.25,https://www.globalict.kr//business/buyer/buyer_view.do?menuCode=030500&buyNo=3563,
3562,bee smart city GmbH,독일 / 뭘하임,(+49) 208 62801331,2023.04.25,https://www.globalict.kr//business/buyer/buyer_view.do?menuCode=030500&buyNo=3562,
3561,Sertis,태국 / 방콕,(+66) 2 001 1893,2023.03.27,https://www.globalict.kr//business/buyer/buyer_view.do?menuCode=030500&buyNo=3561,
3560,Strateq Group,말레이시아 / 셀랑고르,(+60) 3 9213 1313 / (+60) 3 7957 7900,2023.03.27,https://www.globalict.kr//business/buyer/buyer_view.do?menuCode=030500&buyNo=3560,
3559,Accubits Technologies,미국 / 버지니아,(+1) 703 337 3121,2023.03.27,https://www.globalict.kr//business/buyer/buyer_view.do?menuCode=030500&buyNo=3559,
3558,DECE Software,튀르키예 / 앙카라,(+90) 312 988 11 33,2023.03.27,https://www.globalict.kr//business/buyer/buyer_view.do?menuCode=030500&buyNo=3558,
3557,Edicom,스페인 / 발렌시아,(+34) 961 366 565,2023.03.27,https://www.globalict.kr//business/buyer/buyer_view.do?menuCode=030500&buyNo=3557,
3556,Bismart,스페인 / 바르셀로나,(+34) 931 786 880,2023.03.27,https://www.globalict.kr//business/buyer/buyer_view.do?menuCode=030500&buyNo=3556,
3555,Clariba Seidor,아랍에미리트 / 두바이,(+971) 4 431 5011,2023.03.27,https://www.globalict.kr//business/buyer/buyer_view.do?menuCode=030500&buyNo=3555,
3554,Tenece Professional Services,나이지리아 / 라고스,(+234) 80 8663 1919,2023.03.27,https://www.globalict.kr//business/buyer/buyer_view.do?menuCode=030500&buyNo=3554,
3553,Brain Corp,미국 / 샌디에이고,(+1) 858 689 7600,2023.03.27,https://www.globalict.kr//business/buyer/buyer_view.do?menuCode=030500&buyNo=3553,
3552,MO Technologies,콜롬비아 / 보고타,(+57) 1 3222710,2023.03.27,https://www.globalict.kr//business/buyer/buyer_view.do?menuCode=030500&buyNo=3552,
3551,Fintoc,칠레 / 산티아고 ,(+56) 9 8199 1990,2023.03.27,https://www.globalict.kr//business/buyer/buyer_view.do?menuCode=030500&buyNo=3551,
3550,Ceptinel RegTech,칠레 / 산티아고 ,(+56) 9 9666 8379,2023.03.27,https://www.globalict.kr//business/buyer/buyer_view.do?menuCode=030500&buyNo=3550,
3549,Artiza Networks,일본 / 도쿄,(+81) 042 529 3494,2023.03.27,https://www.globalict.kr//business/buyer/buyer_view.do?menuCode=030500&buyNo=3549,
3548,Aivo,미국 / 샌프란시스코,(+1) 415 849 2288,2023.03.27,https://www.globalict.kr//business/buyer/buyer_view.do?menuCode=030500&buyNo=3548,
3547,Deeyook,이스라엘 / 텔아비브야파,-,2023.03.27,https://www.globalict.kr//business/buyer/buyer_view.do?menuCode=030500&buyNo=3547,
3546,Webbing,이스라엘 / 페타크틱바,(+972) 03 900 1202,2023.03.27,https://www.globalict.kr//business/buyer/buyer_view.do?menuCode=030500&buyNo=3546,
3545,Ixpandit Fintech Factory,아르헨티나 / 부에노스 아이레스,-,2023.03.27,https://www.globalict.kr//business/buyer/buyer_view.do?menuCode=030500&buyNo=3545,
3544,Creditas,브라질 / 상파울루,(+55) 11 3522 8009,2023.03.27,https://www.globalict.kr//business/buyer/buyer_view.do?menuCode=030500&buyNo=3544,
3543,CloudWalk,브라질 / 상파울루,(+55) 11 4780 5454,2023.03.27,https://www.globalict.kr//business/buyer/buyer_view.do?menuCode=030500&buyNo=3543,
3542,Bitso,멕시코 / 멕시코 시티,(+52) 55 4164 6888,2023.03.27,https://www.globalict.kr//business/buyer/buyer_view.do?menuCode=030500&buyNo=3542,
3541,iyzico,튀르키예 / 이스탄불,(+90) 216 599 01 00,2023.02.28,https://www.globalict.kr//business/buyer/buyer_view.do?menuCode=030500&buyNo=3541,
3540,Papara,튀르키예 / 이스탄불,(+90) 850 340 03 50,2023.02.28,https://www.globalict.kr//business/buyer/buyer_view.do?menuCode=030500&buyNo=3540,
3539,Global Accelerex,나이지리아 / 라고스,(+234) 01 295 1655,2023.02.28,https://www.globalict.kr//business/buyer/buyer_view.do?menuCode=030500&buyNo=3539,
3538,Flutterwave,미국 / 샌프란시스코,(+1) 857 919 4613,2023.02.28,https://www.globalict.kr//business/buyer/buyer_view.do?menuCode=030500&buyNo=3538,
3537,Helium Health,나이지리아 / 라고스,(+234) 01 888 3344,2023.02.28,https://www.globalict.kr//business/buyer/buyer_view.do?menuCode=030500&buyNo=3537,
3536,CarePatron,뉴질랜드 / 타우랑가,(+64) 22 466 7868,2023.02.28,https://www.globalict.kr//business/buyer/buyer_view.do?menuCode=030500&buyNo=3536,
3535,Spatial Media,호주 / 시드니,(+61) 1300 772 842,2023.02.28,https://www.globalict.kr//business/buyer/buyer_view.do?menuCode=030500&buyNo=3535,
3534,Greycon,영국 / 런던,(+44) 2079780700,2023.02.28,https://www.globalict.kr//business/buyer/buyer_view.do?menuCode=030500&buyNo=3534,
3533,Eliadis,프랑스 / 일드 프랑스,(+33) 01 41 29 03 29,2023.02.28,https://www.globalict.kr//business/buyer/buyer_view.do?menuCode=030500&buyNo=3533,
3532,Kauel,칠레 / 산티아고 ,(+56) 2 2949 2663,2023.02.28,https://www.globalict.kr//business/buyer/buyer_view.do?menuCode=030500&buyNo=3532,
3531,Basetis,스페인 / 바르셀로나,(+34) 930 16 03 20,2023.02.28,https://www.globalict.kr//business/buyer/buyer_view.do?menuCode=030500&buyNo=3531,
3530,Sngular,스페인 / 마드리드,(+34) 917 680 440,2023.02.28,https://www.globalict.kr//business/buyer/buyer_view.do?menuCode=030500&buyNo=3530,
3529,MASH Virtual,영국 / 런던,(+44) 2080684308,2023.02.28,https://www.globalict.kr//business/buyer/buyer_view.do?menuCode=030500&buyNo=3529,
3528,Learnster,스웨덴/스톡홀름,(+46) (0)10-2115911,2023.02.28,https://www.globalict.kr//business/buyer/buyer_view.do?menuCode=030500&buyNo=3528,
3527,Akenza,스위스/취리히,(+41) 44 309 18 18,2023.02.28,https://www.globalict.kr//business/buyer/buyer_view.do?menuCode=030500&buyNo=3527,
3526,itelteq,멕시코/코아우일라,(+54) 844 415 0707,2023.02.28,https://www.globalict.kr//business/buyer/buyer_view.do?menuCode=030500&buyNo=3526,
3525,Cloud4Rain,이집트/기자,(+20) 2 3857 8509/6870,2023.02.28,https://www.globalict.kr//business/buyer/buyer_view.do?menuCode=030500&buyNo=3525,
3524,TrianglZ LLC,이집트/알렉산드리아,(+20) 100 554 6508,2023.02.28,https://www.globalict.kr//business/buyer/buyer_view.do?menuCode=030500&buyNo=3524,
3523,BlueSoft,폴란드/바르샤바,(+48) 22 37 37 000,2023.02.28,https://www.globalict.kr//business/buyer/buyer_view.do?menuCode=030500&buyNo=3523,
3522,Wavex,영국/런던,(+44) 020 7030 3210,2023.02.28,https://www.globalict.kr//business/buyer/buyer_view.do?menuCode=030500&buyNo=3522,
3521,VU,아르헨티나/부에노스아이레스,(+54) 113 535 3300,2023.01.30,https://www.globalict.kr//business/buyer/buyer_view.do?menuCode=030500&buyNo=3521,
3520,Future Processing,폴란드/글리비체,(+48) 32 461 23 00,2023.01.30,https://www.globalict.kr//business/buyer/buyer_view.do?menuCode=030500&buyNo=3520,
3519,Octopeek,프랑스/앙기엥레벵,(+33) 9 53 73 74 74,2023.01.30,https://www.globalict.kr//business/buyer/buyer_view.do?menuCode=030500&buyNo=3519,
3518,Rebura,영국/런던,(+44) 020 3911 9850,2023.01.30,https://www.globalict.kr//business/buyer/buyer_view.do?menuCode=030500&buyNo=3518,
3517,Flanks,스페인/바르셀로나,(+34) 930 40 05 44,2023.01.30,https://www.globalict.kr//business/buyer/buyer_view.do?menuCode=030500&buyNo=3517,
3516,Health Matrix,사우디 아라비아/리야드,(+966) 11 462 6625,2023.01.30,https://www.globalict.kr//business/buyer/buyer_view.do?menuCode=030500&buyNo=3516,
3515,div Systems,이집트/카이로,(+20) 111 981 3517,2023.01.30,https://www.globalict.kr//business/buyer/buyer_view.do?menuCode=030500&buyNo=3515,
3514,Oct8ne,스페인/바르셀로나,(+34) 93 655 0660,2023.01.30,https://www.globalict.kr//business/buyer/buyer_view.do?menuCode=030500&buyNo=3514,
3513,Ilitia Technologies,스페인/마드리드,(+34) 91 386 05 06,2023.01.30,https://www.globalict.kr//business/buyer/buyer_view.do?menuCode=030500&buyNo=3513,
3512,ISA Cybersecurity,캐나다/온타리오,(+1) 877-591-6711,2023.01.30,https://www.globalict.kr//business/buyer/buyer_view.do?menuCode=030500&buyNo=3512,
3511,Defentry,스웨덴/스톡홀름,(+46) 8 28 76 28,2023.01.30,https://www.globalict.kr//business/buyer/buyer_view.do?menuCode=030500&buyNo=3511,
3510,Norbloc,스웨덴/스톡홀름,(+46) 760190215,2023.01.30,https://www.globalict.kr//business/buyer/buyer_view.do?menuCode=030500&buyNo=3510,
3509,Lucidya,사우디 아라비아/리야드,(+966) 11 453 0865,2023.01.30,https://www.globalict.kr//business/buyer/buyer_view.do?menuCode=030500&buyNo=3509,
3508,FintechSolutions,아르헨티나/멘도사,(+54) 9 2615 55 2562,2023.01.30,https://www.globalict.kr//business/buyer/buyer_view.do?menuCode=030500&buyNo=3508,
3507,Solventa Fintech,아르헨티나/부에노스 아이레스,(+54) (11)5276 2310,2023.01.30,https://www.globalict.kr//business/buyer/buyer_view.do?menuCode=030500&buyNo=3507,
3506,Claris Healthcare, 캐나다/브리티시컬럼비아,(+1) 844-369-9977,2023.01.30,https://www.globalict.kr//business/buyer/buyer_view.do?menuCode=030500&buyNo=3506,
3505,POC Pharma,베트남/호치민,(+84) 1900 866824,2023.01.30,https://www.globalict.kr//business/buyer/buyer_view.do?menuCode=030500&buyNo=3505,
3504,Innova,튀르키예/이스탄불,(+90) (212) 329 7000,2023.01.30,https://www.globalict.kr//business/buyer/buyer_view.do?menuCode=030500&buyNo=3504,
3503,GFT Technologies,독일/슈투트가르트,(+49) 711 62042-0,2023.01.30,https://www.globalict.kr//business/buyer/buyer_view.do?menuCode=030500&buyNo=3503,
3502,Brightskies, 이집트/알렉산드리아,(+20) 3 5469526,2023.01.30,https://www.globalict.kr//business/buyer/buyer_view.do?menuCode=030500&buyNo=3502,
3501,Avantime,스웨덴/스톡홀름,(+46) 8 599 090 20,2022.12.05,https://www.globalict.kr//business/buyer/buyer_view.do?menuCode=030500&buyNo=3501,
3500,Applai,스웨덴/스톡홀름,(+46) 8 562 440 00 (+46) 765174911,2022.12.05,https://www.globalict.kr//business/buyer/buyer_view.do?menuCode=030500&buyNo=3500,
3499,Asteria,스웨덴/스톡홀름,-,2022.12.05,https://www.globalict.kr//business/buyer/buyer_view.do?menuCode=030500&buyNo=3499,
3498,Sebratec,스웨덴/예테보리,(+46) 73 533 6910,2022.12.05,https://www.globalict.kr//business/buyer/buyer_view.do?menuCode=030500&buyNo=3498,
3497,Turbotic,스웨덴/스톡홀름,(+46) 8 559 240 01,2022.12.05,https://www.globalict.kr//business/buyer/buyer_view.do?menuCode=030500&buyNo=3497,
3496,Zenseact,스웨덴/예테보리,(+46) 31 31 36 000,2022.12.05,https://www.globalict.kr//business/buyer/buyer_view.do?menuCode=030500&buyNo=3496,
3495,Peltarion,스웨덴/스톡홀름,(+46) 73 333 98 90,2022.12.05,https://www.globalict.kr//business/buyer/buyer_view.do?menuCode=030500&buyNo=3495,
3494,Voyado,스웨덴/스톡홀름,(+46)-8-562 699 30,2022.12.05,https://www.globalict.kr//business/buyer/buyer_view.do?menuCode=030500&buyNo=3494,
3493,Alite International,스웨덴/말뫼,(+46) (0)10 17 17 390,2022.12.05,https://www.globalict.kr//business/buyer/buyer_view.do?menuCode=030500&buyNo=3493,
3492,APPTUS,스웨덴/룬드,(+46) 46 27 04 100,2022.12.05,https://www.globalict.kr//business/buyer/buyer_view.do?menuCode=030500&buyNo=3492,
3491,TrapMe,덴마크/에스비에르,(+45) 2964 4492,2022.12.05,https://www.globalict.kr//business/buyer/buyer_view.do?menuCode=030500&buyNo=3491,
3490,Seluxit,덴마크/올보르그,(+45) 46 922 722,2022.12.05,https://www.globalict.kr//business/buyer/buyer_view.do?menuCode=030500&buyNo=3490,
3489,Twistellar,덴마크/코펜하겐,(+45) 23 25 21 97,2022.12.05,https://www.globalict.kr//business/buyer/buyer_view.do?menuCode=030500&buyNo=3489,
3488,Bluefragments,덴마크/코펜하겐,(+45) 5125 7228,2022.12.05,https://www.globalict.kr//business/buyer/buyer_view.do?menuCode=030500&buyNo=3488,
3487,Simplyture,덴마크/코펜하겐,(+45) 88 62 67 10,2022.12.05,https://www.globalict.kr//business/buyer/buyer_view.do?menuCode=030500&buyNo=3487,
3486,Intellishore,덴마크/코펜하겐,(+45) 29 91 60 32,2022.12.05,https://www.globalict.kr//business/buyer/buyer_view.do?menuCode=030500&buyNo=3486,
3485,Certainly,덴마크/코펜하겐,(+45) 88 74 22 70,2022.12.05,https://www.globalict.kr//business/buyer/buyer_view.do?menuCode=030500&buyNo=3485,
3484,QloudX,덴마크/코펜하겐,(+45) 3699 2170,2022.12.05,https://www.globalict.kr//business/buyer/buyer_view.do?menuCode=030500&buyNo=3484,
3483,Covizmo,덴마크/코펜하겐,(+45) 3055 4489,2022.12.05,https://www.globalict.kr//business/buyer/buyer_view.do?menuCode=030500&buyNo=3483,
3482,Scopito,덴마크/오르후스,(+45) 71 99 29 03,2022.12.05,https://www.globalict.kr//business/buyer/buyer_view.do?menuCode=030500&buyNo=3482,
3481,Dynatos ,덴마크/발레럽,(+45) 77 77 10 01,2022.11.30,https://www.globalict.kr//business/buyer/buyer_view.do?menuCode=030500&buyNo=3481,
3480,SupWiz,덴마크/코펜하겐,(+45) 42 94 89 39,2022.11.30,https://www.globalict.kr//business/buyer/buyer_view.do?menuCode=030500&buyNo=3480,
3479,CluedIn,덴마크/코펜하겐,(+45) 91 96 56 95,2022.11.30,https://www.globalict.kr//business/buyer/buyer_view.do?menuCode=030500&buyNo=3479,
3478,Corti,덴마크/코펜하겐,-,2022.11.30,https://www.globalict.kr//business/buyer/buyer_view.do?menuCode=030500&buyNo=3478,
3477,Visiopharm,덴마크/회르스홀름,(+45) 88 20 20 88,2022.11.30,https://www.globalict.kr//business/buyer/buyer_view.do?menuCode=030500&buyNo=3477,
3476,Neurons,덴마크/테스트럽,(+45) 31 76 01 27,2022.11.30,https://www.globalict.kr//business/buyer/buyer_view.do?menuCode=030500&buyNo=3476,
3475,2021.AI,덴마크/코펜하겐,(+ 45) 93 91 20 2,2022.11.30,https://www.globalict.kr//business/buyer/buyer_view.do?menuCode=030500&buyNo=3475,
3474,Forecast,덴마크/코펜하겐,(+45) 61 77 97 22,2022.11.30,https://www.globalict.kr//business/buyer/buyer_view.do?menuCode=030500&buyNo=3474,
3473,Konsolidator,덴마크/쇠보르그,(+45) 72 30 40 80,2022.11.30,https://www.globalict.kr//business/buyer/buyer_view.do?menuCode=030500&buyNo=3473,
3472,TEO,덴마크/코펜하겐,(+45) 70 20 21 49,2022.11.30,https://www.globalict.kr//business/buyer/buyer_view.do?menuCode=030500&buyNo=3472,
3471,3D Printhuset,덴마크/코펜하겐,(+45) 70 60 55 33,2022.11.30,https://www.globalict.kr//business/buyer/buyer_view.do?menuCode=030500&buyNo=3471,
3470,COIG,폴란드/카토비세,(+48) 32 757 44 44,2022.11.30,https://www.globalict.kr//business/buyer/buyer_view.do?menuCode=030500&buyNo=3470,
3469,Wasko,폴란드/글리비체,(+48) 32 33 25 500,2022.11.30,https://www.globalict.kr//business/buyer/buyer_view.do?menuCode=030500&buyNo=3469,
3468,InterSYS,폴란드/카토비세,(+48) 32 223 80 88,2022.11.30,https://www.globalict.kr//business/buyer/buyer_view.do?menuCode=030500&buyNo=3468,
3467,Sii Poland,폴란드/바르샤바,(+48) 22 486 37 37,2022.11.30,https://www.globalict.kr//business/buyer/buyer_view.do?menuCode=030500&buyNo=3467,
3466,BPSC,폴란드/카토비세,(+48) 32 349 35 00,2022.11.30,https://www.globalict.kr//business/buyer/buyer_view.do?menuCode=030500&buyNo=3466,
3465,Comarch,폴란드/크라쿠프,(+48) 12 646 1000,2022.11.30,https://www.globalict.kr//business/buyer/buyer_view.do?menuCode=030500&buyNo=3465,
3464,Polkas,폴란드/크라쿠프,(+48) 12 634 05 44,2022.11.30,https://www.globalict.kr//business/buyer/buyer_view.do?menuCode=030500&buyNo=3464,
3463,Kotrak,폴란드/카토비세,(+48) 32 35 12 716,2022.11.30,https://www.globalict.kr//business/buyer/buyer_view.do?menuCode=030500&buyNo=3463,
3462,Infor,폴란드/브로츠와프,(+48) 71 306 09 91,2022.11.30,https://www.globalict.kr//business/buyer/buyer_view.do?menuCode=030500&buyNo=3462,
3461,Abas,폴란드/카토비세,(+48) 0 32 797 63 90,2022.10.27,https://www.globalict.kr//business/buyer/buyer_view.do?menuCode=030500&buyNo=3461,
3460,Wasp,이탈리아/라벤나,(+39) 0545 87858,2022.10.27,https://www.globalict.kr//business/buyer/buyer_view.do?menuCode=030500&buyNo=3460,
3459,Roboze,이탈리아/바리,(+39) 080 505 7559,2022.10.27,https://www.globalict.kr//business/buyer/buyer_view.do?menuCode=030500&buyNo=3459,
3458,3ntr,이탈리아/올레지오,(+39) 0321 91528,2022.10.27,https://www.globalict.kr//business/buyer/buyer_view.do?menuCode=030500&buyNo=3458,
3457,Sisma,이탈리아/비첸차,(+39) 0445 595511,2022.10.27,https://www.globalict.kr//business/buyer/buyer_view.do?menuCode=030500&buyNo=3457,
3456,Digital Wax Systems (DWS),이탈리아/비첸차,(+39) 0445 810 810,2022.10.27,https://www.globalict.kr//business/buyer/buyer_view.do?menuCode=030500&buyNo=3456,
3455,3DItaly,이탈리아/로마,(+39) 06 89524301,2022.10.27,https://www.globalict.kr//business/buyer/buyer_view.do?menuCode=030500&buyNo=3455,
3454,Galassia 3D,이탈리아/밀라노,(+39) 02 91669283,2022.10.27,https://www.globalict.kr//business/buyer/buyer_view.do?menuCode=030500&buyNo=3454,
3453,Selltek,이탈리아/로마,(+39) 0693 026743,2022.10.27,https://www.globalict.kr//business/buyer/buyer_view.do?menuCode=030500&buyNo=3453,
3452,Energy Group,이탈리아/볼로냐,(+39) 051 864519,2022.10.27,https://www.globalict.kr//business/buyer/buyer_view.do?menuCode=030500&buyNo=3452,
3451,3DZ,이탈리아/트레비소,(+39) 0423 1923070,2022.10.27,https://www.globalict.kr//business/buyer/buyer_view.do?menuCode=030500&buyNo=3451,
3450,Asana,싱가포르/싱가포르,(+415) 525 3888,2022.10.27,https://www.globalict.kr//business/buyer/buyer_view.do?menuCode=030500&buyNo=3450,
3449,Lark,싱가포르/싱가포르,(+65) 6950 4421,2022.10.27,https://www.globalict.kr//business/buyer/buyer_view.do?menuCode=030500&buyNo=3449,
3448,Appiyo,싱가포르/싱가포르,-,2022.10.27,https://www.globalict.kr//business/buyer/buyer_view.do?menuCode=030500&buyNo=3448,
3447,SMEPayroll,싱가포르/싱가포르,(+65) 68372336,2022.10.27,https://www.globalict.kr//business/buyer/buyer_view.do?menuCode=030500&buyNo=3447,
3446,Knowlarity,싱가포르/싱가포르,(+1) 800-1020-340,2022.10.27,https://www.globalict.kr//business/buyer/buyer_view.do?menuCode=030500&buyNo=3446,
3445,Times Software,싱가포르/싱가포르,(+65) 6295 1998,2022.10.27,https://www.globalict.kr//business/buyer/buyer_view.do?menuCode=030500&buyNo=3445,
3444,Tigernix,싱가포르/싱가포르,(+65) 6760 6647,2022.10.27,https://www.globalict.kr//business/buyer/buyer_view.do?menuCode=030500&buyNo=3444,
3443,WorkJoys,싱가포르/싱가포르,-,2022.10.27,https://www.globalict.kr//business/buyer/buyer_view.do?menuCode=030500&buyNo=3443,
3442,Works Applications,싱가포르/싱가포르,(+65) 6467 7120,2022.10.27,https://www.globalict.kr//business/buyer/buyer_view.do?menuCode=030500&buyNo=3442,
3441,Ruselectronics,러시아/모스크바,(+7) 495 777 42 82,2022.09.28,https://www.globalict.kr//business/buyer/buyer_view.do?menuCode=030500&buyNo=3441,
3440,Bavico,베트남/빈즈엉성,(+84) 283 816 1186,2022.09.28,https://www.globalict.kr//business/buyer/buyer_view.do?menuCode=030500&buyNo=3440,
3439,NGOC NGHIA JSC,베트남/호치민,(+84) 283 816 1186,2022.09.28,https://www.globalict.kr//business/buyer/buyer_view.do?menuCode=030500&buyNo=3439,
3438,ATTS,베트남/하노이,(+84) 902 208 268,2022.09.28,https://www.globalict.kr//business/buyer/buyer_view.do?menuCode=030500&buyNo=3438,
3437,Yaskawa,베트남/호치민,(+84) 028 3822 8680,2022.09.28,https://www.globalict.kr//business/buyer/buyer_view.do?menuCode=030500&buyNo=3437,
3436,Kuka,베트남/하노이,(+84) 0 24 3200 7944,2022.09.28,https://www.globalict.kr//business/buyer/buyer_view.do?menuCode=030500&buyNo=3436,
3435,IROCO VIETNAM JSC,베트남/하노이,(+84) 0981 804 988,2022.09.28,https://www.globalict.kr//business/buyer/buyer_view.do?menuCode=030500&buyNo=3435,
3434,Viet Dynamic,베트남/호치민,(+84) 833 468 833,2022.09.28,https://www.globalict.kr//business/buyer/buyer_view.do?menuCode=030500&buyNo=3434,
3433,Robot3t,베트남/호치민,(+84) 974 908 615,2022.09.28,https://www.globalict.kr//business/buyer/buyer_view.do?menuCode=030500&buyNo=3433,
3432,India Mart,인도/노이다,(+91) 12 0677 7777,2022.09.28,https://www.globalict.kr//business/buyer/buyer_view.do?menuCode=030500&buyNo=3432,
3431,Multiplex Drone,인도/방갈로르,(+91) 80 2349 7464,2022.09.28,https://www.globalict.kr//business/buyer/buyer_view.do?menuCode=030500&buyNo=3431,
3430,xBoom,인도/방갈로르,(+91) 80 2258 2616,2022.09.28,https://www.globalict.kr//business/buyer/buyer_view.do?menuCode=030500&buyNo=3430,
3429,Flipkart,인도/방갈로르,(+1) 800 202 9898 (toll-free contact),2022.09.28,https://www.globalict.kr//business/buyer/buyer_view.do?menuCode=030500&buyNo=3429,
3428,TradeIndia,인도/노이다,(+91) 11 4671 0500,2022.09.28,https://www.globalict.kr//business/buyer/buyer_view.do?menuCode=030500&buyNo=3428,
3427,Asteria,인도/벵갈루루,(+91) 80 4095 5058,2022.09.28,https://www.globalict.kr//business/buyer/buyer_view.do?menuCode=030500&buyNo=3427,
3426,Skylark Drones,인도/벵갈루루,(+91) 95 6684 0731,2022.09.28,https://www.globalict.kr//business/buyer/buyer_view.do?menuCode=030500&buyNo=3426,
3425,Grene Robotics,인도/하이데라바드,(+91) 71 8404 7489,2022.09.28,https://www.globalict.kr//business/buyer/buyer_view.do?menuCode=030500&buyNo=3425,
3424,ideaForge,인도/뭄바이,(+91) 84 4761 2778,2022.09.28,https://www.globalict.kr//business/buyer/buyer_view.do?menuCode=030500&buyNo=3424,
3423,AUS,인도/방갈로르,(+91) 80 4211 2997,2022.09.28,https://www.globalict.kr//business/buyer/buyer_view.do?menuCode=030500&buyNo=3423,
3422,Jumbo,아랍에미리트/두바이,(+971) 600 532395,2022.09.28,https://www.globalict.kr//business/buyer/buyer_view.do?menuCode=030500&buyNo=3422,AE
3421,Sharaf DG,아랍에미리트/두바이,(+971) 800 343434,2022.08.31,https://www.globalict.kr//business/buyer/buyer_view.do?menuCode=030500&buyNo=3421,AE
3420,LetsTango,아랍에미리트/두바이,(+971) 4 4034888,2022.08.31,https://www.globalict.kr//business/buyer/buyer_view.do?menuCode=030500&buyNo=3420,AE
3419,Gear-Up.me,아랍에미리트/두바이,(+971) 4 223 1780,2022.08.31,https://www.globalict.kr//business/buyer/buyer_view.do?menuCode=030500&buyNo=3419,AE
3418,Virgin Megastore,아랍에미리트/두바이,(+971) 4 435 9434,2022.08.31,https://www.globalict.kr//business/buyer/buyer_view.do?menuCode=030500&buyNo=3418,AE
3417,Eros Group,아랍에미리트/두바이,(+971) 4 2098888,2022.08.31,https://www.globalict.kr//business/buyer/buyer_view.do?menuCode=030500&buyNo=3417,AE
3416,WeMENA,아랍에미리트/두바이,-,2022.08.31,https://www.globalict.kr//business/buyer/buyer_view.do?menuCode=030500&buyNo=3416,AE
3415,Mobii World,아랍에미리트/두바이,(+971) 4450 6800,2022.08.31,https://www.globalict.kr//business/buyer/buyer_view.do?menuCode=030500&buyNo=3415,AE
3414,Cronj,아랍에미리트/아부다비,(+970) 9370 5150,2022.08.31,https://www.globalict.kr//business/buyer/buyer_view.do?menuCode=030500&buyNo=3414,
3413,Creator Shadow,아랍에미리트/두바이,(+971) 5 2105 1366,2022.08.31,https://www.globalict.kr//business/buyer/buyer_view.do?menuCode=030500&buyNo=3413,AE
3412,Magazine Luiza,브라질/상파울로,(+1) 800 773 3838 (toll-free contact number),2022.08.31,https://www.globalict.kr//business/buyer/buyer_view.do?menuCode=030500&buyNo=3412,
3411,Casas Bahia,브라질/상파울로,(+55) 11 4003 2773,2022.08.31,https://www.globalict.kr//business/buyer/buyer_view.do?menuCode=030500&buyNo=3411,
3410,Mercado Livre,브라질/상파울로,(+55) 11 2543 4219,2022.08.31,https://www.globalict.kr//business/buyer/buyer_view.do?menuCode=030500&buyNo=3410,
3409,UBuy,브라질/상파울로,(+55) 27 4042 0208,2022.08.31,https://www.globalict.kr//business/buyer/buyer_view.do?menuCode=030500&buyNo=3409,
3408,Struxi,브라질/상파울로,(+55) 11 4433-6420,2022.08.31,https://www.globalict.kr//business/buyer/buyer_view.do?menuCode=030500&buyNo=3408,
3407,iSmart Home,브라질/상파울로,(+55) 11 93032 5647,2022.08.31,https://www.globalict.kr//business/buyer/buyer_view.do?menuCode=030500&buyNo=3407,
3406,i2Go,브라질/상파울로,(+55) 11 4562 4222,2022.08.31,https://www.globalict.kr//business/buyer/buyer_view.do?menuCode=030500&buyNo=3406,
3405,Casa Conectada,브라질/상파울로,(+55) 11 3062 7819,2022.08.31,https://www.globalict.kr//business/buyer/buyer_view.do?menuCode=030500&buyNo=3405,
3404,Positivo Casa Inteligente,브라질/쿠리티바,(+55) 41 3316 7417,2022.08.31,https://www.globalict.kr//business/buyer/buyer_view.do?menuCode=030500&buyNo=3404,
3403,Elsys,브라질/상파울로,(+55) 19 2101 0500,2022.08.31,https://www.globalict.kr//business/buyer/buyer_view.do?menuCode=030500&buyNo=3403,
3402,Beat,콜롬비아/보고타,(+57) 1452 8210,2022.08.31,https://www.globalict.kr//business/buyer/buyer_view.do?menuCode=030500&buyNo=3402,
3401,Cabify,콜롬비아/보고타,(+57) 1552 0010,2022.07.29,https://www.globalict.kr//business/buyer/buyer_view.do?menuCode=030500&buyNo=3401,
3400,Linio by Falabella,콜롬비아/보고타,(+57) 1 4842220,2022.07.29,https://www.globalict.kr//business/buyer/buyer_view.do?menuCode=030500&buyNo=3400,
3399,MercadoLibre,콜롬비아/보고타,(+57) 1705 3050,2022.07.29,https://www.globalict.kr//business/buyer/buyer_view.do?menuCode=030500&buyNo=3399,
3398,Alkosto,콜롬비아/보고타,(+57) 601 407 3033,2022.07.29,https://www.globalict.kr//business/buyer/buyer_view.do?menuCode=030500&buyNo=3398,
3397,Meta Messenger,콜롬비아/보고타,-,2022.07.29,https://www.globalict.kr//business/buyer/buyer_view.do?menuCode=030500&buyNo=3397,
3396,RobinFood,콜롬비아/보고타,(+57) 320 925 2642,2022.07.29,https://www.globalict.kr//business/buyer/buyer_view.do?menuCode=030500&buyNo=3396,
3395,Liftit,콜롬비아/보고타,(+57) 312 521 8310,2022.07.29,https://www.globalict.kr//business/buyer/buyer_view.do?menuCode=030500&buyNo=3395,
3394,Merqueo,콜롬비아/보고타,(+57) 312 571 5430,2022.07.29,https://www.globalict.kr//business/buyer/buyer_view.do?menuCode=030500&buyNo=3394,
3393,Rappi,콜롬비아/보고타,(+57) 1 316 3535,2022.07.29,https://www.globalict.kr//business/buyer/buyer_view.do?menuCode=030500&buyNo=3393,
3392,Bolt,나이지리아/라고스,-,2022.07.29,https://www.globalict.kr//business/buyer/buyer_view.do?menuCode=030500&buyNo=3392,
3391,PamDrive,나이지리아/오웨리,(+234) 80 9990 4442,2022.07.29,https://www.globalict.kr//business/buyer/buyer_view.do?menuCode=030500&buyNo=3391,
3390,PayPorte,나이지리아/라고스,(+234) 90 6000 5347,2022.07.29,https://www.globalict.kr//business/buyer/buyer_view.do?menuCode=030500&buyNo=3390,
3389,Konga,나이지리아/라고스,(+234) 0708 063 5700,2022.07.29,https://www.globalict.kr//business/buyer/buyer_view.do?menuCode=030500&buyNo=3389,
3388,Jumia,나이지리아/라고스,(+234) 0700 600 0000,2022.07.29,https://www.globalict.kr//business/buyer/buyer_view.do?menuCode=030500&buyNo=3388,
3387,Mytrip Nigeria,나이지리아/베누에,(+234) 702 566 9964,2022.07.29,https://www.globalict.kr//business/buyer/buyer_view.do?menuCode=030500&buyNo=3387,
3386,2go,나이지리아/소고토,-,2022.07.29,https://www.globalict.kr//business/buyer/buyer_view.do?menuCode=030500&buyNo=3386,
3385,Jise,나이지리아/라고스,(+234) 912 449 0481,2022.07.29,https://www.globalict.kr//business/buyer/buyer_view.do?menuCode=030500&buyNo=3385,
3384,Drinks,나이지리아/라고스,(+234) 806 271 2672,2022.07.29,https://www.globalict.kr//business/buyer/buyer_view.do?menuCode=030500&buyNo=3384,
3383,Chopnownow,나이지리아/라고스,(+98) 907 462 8387,2022.07.29,https://www.globalict.kr//business/buyer/buyer_view.do?menuCode=030500&buyNo=3383,
3382,Neurafarm,인도네시아/반둥,-,2022.07.29,https://www.globalict.kr//business/buyer/buyer_view.do?menuCode=030500&buyNo=3382,
3381,Minapoli,인도네시아 / 자와바랏,(+62) 81 1281 6828,2022.06.30,https://www.globalict.kr//business/buyer/buyer_view.do?menuCode=030500&buyNo=3381,
3380,Aruna,인도네시아 자카르타,(+62) 21 2284 6641,2022.06.30,https://www.globalict.kr//business/buyer/buyer_view.do?menuCode=030500&buyNo=3380,
3379,Sayurbox,인도네시아 자카르타,(+62) 819 1954 5454,2022.06.30,https://www.globalict.kr//business/buyer/buyer_view.do?menuCode=030500&buyNo=3379,
3378,TaniHub,인도네시아 / 자카르타,(+62) 21 50860622,2022.06.30,https://www.globalict.kr//business/buyer/buyer_view.do?menuCode=030500&buyNo=3378,
3377,PT. BIOPS Agrotekno,인도네시아 반둥,(+62) 813 1852 8117,2022.06.30,https://www.globalict.kr//business/buyer/buyer_view.do?menuCode=030500&buyNo=3377,
3376,Sgara,인도네시아 / 브카시,(+62) 878 7866 9998,2022.06.30,https://www.globalict.kr//business/buyer/buyer_view.do?menuCode=030500&buyNo=3376,
3375,Banoo,인도네시아 / 족자카르타,-,2022.06.30,https://www.globalict.kr//business/buyer/buyer_view.do?menuCode=030500&buyNo=3375,
3374,Jala,인도네시아 / 족자가르타,(+62) 27 4287 4515,2022.06.30,https://www.globalict.kr//business/buyer/buyer_view.do?menuCode=030500&buyNo=3374,
3373,eFishery,인도네시아 / 반둥,(+62) 22 20462178,2022.06.30,https://www.globalict.kr//business/buyer/buyer_view.do?menuCode=030500&buyNo=3373,
3372,Borna Electronics,이란 / 테헤란,(+98) 215 5232 9335,2022.06.30,https://www.globalict.kr//business/buyer/buyer_view.do?menuCode=030500&buyNo=3372,
3371,Kian Industry and Network Group Co,이란 / 시라즈,(+98) 713 2318851,2022.06.30,https://www.globalict.kr//business/buyer/buyer_view.do?menuCode=030500&buyNo=3371,
3370,Shop.ir,이란 / 테헤란,(+98) 21 8867 2361,2022.06.30,https://www.globalict.kr//business/buyer/buyer_view.do?menuCode=030500&buyNo=3370,
3369,Goldiran,이란 / 테헤란,(+98) 21 84733 021,2022.06.30,https://www.globalict.kr//business/buyer/buyer_view.do?menuCode=030500&buyNo=3369,
3368,Maadiran,이란 / 테헤란,(+98) 21 88623700-19,2022.06.30,https://www.globalict.kr//business/buyer/buyer_view.do?menuCode=030500&buyNo=3368,
3367,Mp1mobile,이란 / 시라즈,(+98) 71 3822 7071,2022.06.30,https://www.globalict.kr//business/buyer/buyer_view.do?menuCode=030500&buyNo=3367,
3366,Zanbil,이란 / 테헤란,(+98) 21 4 2328 0004,2022.06.30,https://www.globalict.kr//business/buyer/buyer_view.do?menuCode=030500&buyNo=3366,
3365,Esam,이란 / 테헤란,(+98) 9357779020,2022.06.30,https://www.globalict.kr//business/buyer/buyer_view.do?menuCode=030500&buyNo=3365,
3364,Digikala,이란 / 테헤란,(+98) 21 62999911,2022.06.30,https://www.globalict.kr//business/buyer/buyer_view.do?menuCode=030500&buyNo=3364,
3363,Gooshi Shop,이란 / 테헤란,(+98) 21 100 1002,2022.06.30,https://www.globalict.kr//business/buyer/buyer_view.do?menuCode=030500&buyNo=3363,
3362,TelecomEgypt,이집트 / 카이로,(+20) 15 5500 0111,2022.06.30,https://www.globalict.kr//business/buyer/buyer_view.do?menuCode=030500&buyNo=3362,
3361,MultiNet Communications,이집트 / 카이로,(+20) 2 25373185,2022.05.31,https://www.globalict.kr//business/buyer/buyer_view.do?menuCode=030500&buyNo=3361,
3360,2B,이집트 / 카이로,(+20) 10 16420,2022.05.31,https://www.globalict.kr//business/buyer/buyer_view.do?menuCode=030500&buyNo=3360,
3359,MCT Egypt,이집트 / 카이로,(+20) 10 3333 5974,2022.05.31,https://www.globalict.kr//business/buyer/buyer_view.do?menuCode=030500&buyNo=3359,
3358,Jumia,이집트 / 뉴카이로,(+20) 2 19586,2022.05.31,https://www.globalict.kr//business/buyer/buyer_view.do?menuCode=030500&buyNo=3358,
3357,CompuMe,이집트 / 카이로,(+20) 2 2418 6914,2022.05.31,https://www.globalict.kr//business/buyer/buyer_view.do?menuCode=030500&buyNo=3357,
3356,Danevo,이집트 / 카이로,(+20) 2 3531 7850,2022.05.31,https://www.globalict.kr//business/buyer/buyer_view.do?menuCode=030500&buyNo=3356,
3355,Systel,이집트 / 카이로,(+20) 2 2735 1222,2022.05.31,https://www.globalict.kr//business/buyer/buyer_view.do?menuCode=030500&buyNo=3355,
3354,Itas,이집트 / 카이로,(+20) 01021172544,2022.05.31,https://www.globalict.kr//business/buyer/buyer_view.do?menuCode=030500&buyNo=3354,
3353,HitekNOFAL,이집트 / 카이로,(+20) 2275 49607/08/09/10,2022.05.31,https://www.globalict.kr//business/buyer/buyer_view.do?menuCode=030500&buyNo=3353,
3352,Benya Cables,이집트 / 뉴카이로,(+20) 22542 8464,2022.05.31,https://www.globalict.kr//business/buyer/buyer_view.do?menuCode=030500&buyNo=3352,
3351,Headstart,이스라엘 / 헤페르밸리,-,2022.05.31,https://www.globalict.kr//business/buyer/buyer_view.do?menuCode=030500&buyNo=3351,
3350,FUNDit,이스라엘 / 헤페르밸리,(+972) 04 373 1216,2022.05.31,https://www.globalict.kr//business/buyer/buyer_view.do?menuCode=030500&buyNo=3350,
3349,JGive,이스라엘 / 예루살렘,(+972) 053 750 8451,2022.05.31,https://www.globalict.kr//business/buyer/buyer_view.do?menuCode=030500&buyNo=3349,
3348,Smart Funding,이스라엘 / 텔아비브,(+972) 072 392 6116,2022.05.31,https://www.globalict.kr//business/buyer/buyer_view.do?menuCode=030500&buyNo=3348,
3347,iAngels,이스라엘 / 텔아비브,(+972) 3 901 3760,2022.05.31,https://www.globalict.kr//business/buyer/buyer_view.do?menuCode=030500&buyNo=3347,
3346,Gilot Capital Partners,이스라엘 / 헤르츨리야,(+972) 73 705 5753,2022.05.31,https://www.globalict.kr//business/buyer/buyer_view.do?menuCode=030500&buyNo=3346,
3345,Aleph,이스라엘 / 텔아비브,(+972) 3 679 8700,2022.05.31,https://www.globalict.kr//business/buyer/buyer_view.do?menuCode=030500&buyNo=3345,
3344,OurCrowd,이스라엘 / 헤르츨리야,(+972) 02 636 9300,2022.05.31,https://www.globalict.kr//business/buyer/buyer_view.do?menuCode=030500&buyNo=3344,
3343,Viola,이스라엘 / 헤르츨리야,(+972) 9 9720 400,2022.05.31,https://www.globalict.kr//business/buyer/buyer_view.do?menuCode=030500&buyNo=3343,
3342,Jerusalem Venture Partners,이스라엘 / 예루살렘,(+972) 2 640 9000,2022.05.31,https://www.globalict.kr//business/buyer/buyer_view.do?menuCode=030500&buyNo=3342,
3341,digitalMedLab,Switzerland/Zurich,(+41) 44 271 9828,2022.04.29,https://www.globalict.kr//business/buyer/buyer_view.do?menuCode=030500&buyNo=3341,
3340,heyPatient,Switzerland/Winterthur,(+41) 44 586 02 01,2022.04.29,https://www.globalict.kr//business/buyer/buyer_view.do?menuCode=030500&buyNo=3340,
3339,Bloom Diagnostics,Switzerland/Zurich,(+41) 79 355 38 58,2022.04.29,https://www.globalict.kr//business/buyer/buyer_view.do?menuCode=030500&buyNo=3339,
3338,BCPlatforms,Switzerland/Zurich,(+41) 44 562 03 87,2022.04.29,https://www.globalict.kr//business/buyer/buyer_view.do?menuCode=030500&buyNo=3338,
3337,Dacadoo,Switzerland/Zurich,(+41) 44 251 23 23,2022.04.29,https://www.globalict.kr//business/buyer/buyer_view.do?menuCode=030500&buyNo=3337,
3336,Oviva,Switzerland/Zurich,(+41) 511 52 41,2022.04.29,https://www.globalict.kr//business/buyer/buyer_view.do?menuCode=030500&buyNo=3336,
3335,VirtaMed,Switzerland/Zurich,(+41) 44 500 96 90,2022.04.29,https://www.globalict.kr//business/buyer/buyer_view.do?menuCode=030500&buyNo=3335,
3334,Aleva Neurotherapeutics SA,Switzerland/Lausanne,-,2022.04.29,https://www.globalict.kr//business/buyer/buyer_view.do?menuCode=030500&buyNo=3334,
3333,MindMaze,Switzerland/Lausanne,(+41) 21 552 08 01,2022.04.29,https://www.globalict.kr//business/buyer/buyer_view.do?menuCode=030500&buyNo=3333,
3332,Sensimed,Switzerland/Vaud,(+41) 21 621 9191,2022.04.29,https://www.globalict.kr//business/buyer/buyer_view.do?menuCode=030500&buyNo=3332,
3331,Sophia Genetics,Switzerland/Lausanne,(+41) 21 694 10 60,2022.04.29,https://www.globalict.kr//business/buyer/buyer_view.do?menuCode=030500&buyNo=3331,
3330,Roivant,Switzerland/Basel,-,2022.04.29,https://www.globalict.kr//business/buyer/buyer_view.do?menuCode=030500&buyNo=3330,
3329,3bFab,Turkey/Istanbul,(+90) 216 612 00 94,2022.04.29,https://www.globalict.kr//business/buyer/buyer_view.do?menuCode=030500&buyNo=3329,
3328,Tridi,Turkey/Istanbul,(+90) 212 221 0635,2022.04.29,https://www.globalict.kr//business/buyer/buyer_view.do?menuCode=030500&buyNo=3328,
3327,+90 3B Dijital Fabrika,Turkey/Istanbul,(+90) 850 502 90 90,2022.04.29,https://www.globalict.kr//business/buyer/buyer_view.do?menuCode=030500&buyNo=3327,
3326,infoTRON,Turkey/Istanbul,(+90) 850 441 5000,2022.04.29,https://www.globalict.kr//business/buyer/buyer_view.do?menuCode=030500&buyNo=3326,
3325,Zaxe,Turkey/Istanbul,(+90) 0212 279 00 60,2022.04.29,https://www.globalict.kr//business/buyer/buyer_view.do?menuCode=030500&buyNo=3325,
3324,Teknodizayn,Turkey/Ankara,(+90) 312 988 15 00,2022.04.29,https://www.globalict.kr//business/buyer/buyer_view.do?menuCode=030500&buyNo=3324,
3323,Btech Innovation A.S.,Turkey/Ankara,(+90) 312 227 00 89,2022.04.29,https://www.globalict.kr//business/buyer/buyer_view.do?menuCode=030500&buyNo=3323,
3322,3D3 Technology,Turkey/Ankara,(+90) 850 305 2575,2022.04.29,https://www.globalict.kr//business/buyer/buyer_view.do?menuCode=030500&buyNo=3322,
3321,Poligon Mühendislik A.Ş.,Turkey/Istanbul,(+90) 216 471 82 82,2022.03.30,https://www.globalict.kr//business/buyer/buyer_view.do?menuCode=030500&buyNo=3321,
3320,3dortgen,Turkey/Istanbul,(+90) 216 521 38 40,2022.03.30,https://www.globalict.kr//business/buyer/buyer_view.do?menuCode=030500&buyNo=3320,
3319,Giosg,Finland/Helsinki,-,2022.03.30,https://www.globalict.kr//business/buyer/buyer_view.do?menuCode=030500&buyNo=3319,
3318,Tidy,Finland/Turku,-,2022.03.30,https://www.globalict.kr//business/buyer/buyer_view.do?menuCode=030500&buyNo=3318,
3317,Eduten,Finland/Turku,(+358) 400 474 778,2022.03.30,https://www.globalict.kr//business/buyer/buyer_view.do?menuCode=030500&buyNo=3317,
3316,WordDive,Finland/Tampere,(+358) 10 205 4455,2022.03.30,https://www.globalict.kr//business/buyer/buyer_view.do?menuCode=030500&buyNo=3316,
3315,Claned,Finland/Helsinki,(+358) 40 5860 863,2022.03.30,https://www.globalict.kr//business/buyer/buyer_view.do?menuCode=030500&buyNo=3315,
3314,Viomba,Finland/Helsinki,(+358) 407 000 345,2022.03.30,https://www.globalict.kr//business/buyer/buyer_view.do?menuCode=030500&buyNo=3314,
3313,Inscripta,Finland/Helsinki,-,2022.03.30,https://www.globalict.kr//business/buyer/buyer_view.do?menuCode=030500&buyNo=3313,
3312,DrAi,Finland/Helsinki,(+358) 44 517 1183,2022.03.30,https://www.globalict.kr//business/buyer/buyer_view.do?menuCode=030500&buyNo=3312,
3311,Lumoa,Finland/Helsinki,(+358) 50 4860598,2022.03.30,https://www.globalict.kr//business/buyer/buyer_view.do?menuCode=030500&buyNo=3311,
3310,Valossa,Finland/Oulu,(+358) 40 0122586,2022.03.30,https://www.globalict.kr//business/buyer/buyer_view.do?menuCode=030500&buyNo=3310,
3309,Aluxion,Spain/Madrid,https://aluxion.com/#contact,2022.03.30,https://www.globalict.kr//business/buyer/buyer_view.do?menuCode=030500&buyNo=3309,
3308,Desarketing,Spain/Barcelona,(+34) 638 050 566,2022.03.30,https://www.globalict.kr//business/buyer/buyer_view.do?menuCode=030500&buyNo=3308,
3307,Amaris,Spain/Madrid,amaris.com/contact-us/,2022.03.30,https://www.globalict.kr//business/buyer/buyer_view.do?menuCode=030500&buyNo=3307,
3306,Blocknitive,Spain/Madrid,(+34) 669 18 71 37,2022.03.30,https://www.globalict.kr//business/buyer/buyer_view.do?menuCode=030500&buyNo=3306,
3305,M & GT Consulting,Spain/Madrid,(+34) 900 102 968,2022.03.30,https://www.globalict.kr//business/buyer/buyer_view.do?menuCode=030500&buyNo=3305,
3304,Exceptia,Spain/Madrid,(+34) 630803461,2022.03.30,https://www.globalict.kr//business/buyer/buyer_view.do?menuCode=030500&buyNo=3304,
3303,Blockchain Firm,Spain/Madrid,(+91) 894 6015 133,2022.03.30,https://www.globalict.kr//business/buyer/buyer_view.do?menuCode=030500&buyNo=3303,
3302,Nakima,Spain/Barcelona,(+34) 935 399 899,2022.03.30,https://www.globalict.kr//business/buyer/buyer_view.do?menuCode=030500&buyNo=3302,
3301,Vestigia,Spain/Sevilla,(+34) 671 791 732,2022.02.25,https://www.globalict.kr//business/buyer/buyer_view.do?menuCode=030500&buyNo=3301,
3300,Wealize,Spain/Cordoba,(+34) 654 45 64 34,2022.02.25,https://www.globalict.kr//business/buyer/buyer_view.do?menuCode=030500&buyNo=3300,
3299,Personal,Argentina/Buenos Aires,-,2022.02.25,https://www.globalict.kr//business/buyer/buyer_view.do?menuCode=030500&buyNo=3299,
3298,Claro,Argentina/Buenos Aires,(+54) 800-123-0611,2022.02.25,https://www.globalict.kr//business/buyer/buyer_view.do?menuCode=030500&buyNo=3298,
3297,Logicalis,Argentina/Buenos Aires,(+54) 11 5282 - 0300,2022.02.25,https://www.globalict.kr//business/buyer/buyer_view.do?menuCode=030500&buyNo=3297,
3296,Ufinet,Argentina/Buenos Aires,(+54) 11 3986 7400,2022.02.25,https://www.globalict.kr//business/buyer/buyer_view.do?menuCode=030500&buyNo=3296,
3295,MercadoLibre,Argentina/Buenos Aires,(+54) 11 5352-8000,2022.02.25,https://www.globalict.kr//business/buyer/buyer_view.do?menuCode=030500&buyNo=3295,
3294,uBuy,Argentina/Buenos Aires,(+54) 11 50318724,2022.02.25,https://www.globalict.kr//business/buyer/buyer_view.do?menuCode=030500&buyNo=3294,
3293,ProFiber,Argentina/Buenos Aires,(+54) 9 11 4951 5173,2022.02.25,https://www.globalict.kr//business/buyer/buyer_view.do?menuCode=030500&buyNo=3293,
3292,TP-Link,Argentina/Buenos Aires,(+54) 800 888 7808,2022.02.25,https://www.globalict.kr//business/buyer/buyer_view.do?menuCode=030500&buyNo=3292,
3291,Wireless Tigre,Argentina/San Fernando,(+54) 11 5353 9208,2022.02.25,https://www.globalict.kr//business/buyer/buyer_view.do?menuCode=030500&buyNo=3291,
3290,American Tower Argentina,Argentina/Buenos Aires,(+54) 11 7090 3300,2022.02.25,https://www.globalict.kr//business/buyer/buyer_view.do?menuCode=030500&buyNo=3290,
3289,SofOS,Mexico/Mexico City,(+52) 55 5250 0709,2022.02.25,https://www.globalict.kr//business/buyer/buyer_view.do?menuCode=030500&buyNo=3289,
3288,Seidor,Mexico/Mexico City,(+52) 55 3002 9650,2022.02.25,https://www.globalict.kr//business/buyer/buyer_view.do?menuCode=030500&buyNo=3288,
3287,Teravision Technologies,Mexico/Mexico City,(+52) 55 4161 4600,2022.02.25,https://www.globalict.kr//business/buyer/buyer_view.do?menuCode=030500&buyNo=3287,
3286,ClickItTech,Mexico/Saltillo,+52 (844) 141-8485,2022.02.25,https://www.globalict.kr//business/buyer/buyer_view.do?menuCode=030500&buyNo=3286,
3285,BairesDev,Mexico/Mexico City,-,2022.02.25,https://www.globalict.kr//business/buyer/buyer_view.do?menuCode=030500&buyNo=3285,
3284,Sybven,Mexico/Mexico City,(+52) 555 340.8678,2022.02.25,https://www.globalict.kr//business/buyer/buyer_view.do?menuCode=030500&buyNo=3284,
3283,Inmediatum,Mexico/Guadalajara,(+1) 650 603 0883,2022.02.25,https://www.globalict.kr//business/buyer/buyer_view.do?menuCode=030500&buyNo=3283,
3282,DigitalHype,Mexico/Aguascalientes,(+52) 449 9 251973,2022.02.25,https://www.globalict.kr//business/buyer/buyer_view.do?menuCode=030500&buyNo=3282,
3281,CloudSourceIt,Mexico/Monterrey,(+52) 81 17 39 82 02,2022.01.31,https://www.globalict.kr//business/buyer/buyer_view.do?menuCode=030500&buyNo=3281,
3280,Sentinel Labs,Mexico/Mexico City,-,2022.01.31,https://www.globalict.kr//business/buyer/buyer_view.do?menuCode=030500&buyNo=3280,
3279,IMM Graduate School,South Africa/Cape Town,(+27) 0 11 628 8000,2022.01.31,https://www.globalict.kr//business/buyer/buyer_view.do?menuCode=030500&buyNo=3279,
3278,Chalkboard Education,"Ghana, South Africa",(+23) 35 5374 7763,2022.01.31,https://www.globalict.kr//business/buyer/buyer_view.do?menuCode=030500&buyNo=3278,
3277,LRMG,South Africa/Johannesburg,(+27) 87 941 5764,2022.01.31,https://www.globalict.kr//business/buyer/buyer_view.do?menuCode=030500&buyNo=3277,
3276,NetLearn,South Africa/Durban North,(+27) 0 31 581 1300,2022.01.31,https://www.globalict.kr//business/buyer/buyer_view.do?menuCode=030500&buyNo=3276,
3275,CeedLearning,South Africa/Johannesburg,(+ 27) 11 268 0579,2022.01.31,https://www.globalict.kr//business/buyer/buyer_view.do?menuCode=030500&buyNo=3275,
3274,Sound Idea Digital,South Africa/Pretoria,(+27) 12 664 4227,2022.01.31,https://www.globalict.kr//business/buyer/buyer_view.do?menuCode=030500&buyNo=3274,
3273,KHub,South Africa/Cape Town,(+27) 76 513 4141,2022.01.31,https://www.globalict.kr//business/buyer/buyer_view.do?menuCode=030500&buyNo=3273,
3272,IDEA,South Africa/Johannesburg,-,2022.01.31,https://www.globalict.kr//business/buyer/buyer_view.do?menuCode=030500&buyNo=3272,
3271,Siyavula,South Africa/Cape Town,-,2022.01.31,https://www.globalict.kr//business/buyer/buyer_view.do?menuCode=030500&buyNo=3271,
3270,Instill Education,South Africa/Johannesburg,-,2022.01.31,https://www.globalict.kr//business/buyer/buyer_view.do?menuCode=030500&buyNo=3270,
3269,Altibbi,UAE/Dubai,-,2022.01.31,https://www.globalict.kr//business/buyer/buyer_view.do?menuCode=030500&buyNo=3269,
3268,Heath at Hand,UAE/Dubai,(+971) 055 637 1615,2022.01.31,https://www.globalict.kr//business/buyer/buyer_view.do?menuCode=030500&buyNo=3268,
3267,Bayzat,UAE/Dubai,(+971) 4 429 8898,2022.01.31,https://www.globalict.kr//business/buyer/buyer_view.do?menuCode=030500&buyNo=3267,
3266,Meddy,Qatar/UAE,(+974) 4467 9600,2022.01.31,https://www.globalict.kr//business/buyer/buyer_view.do?menuCode=030500&buyNo=3266,
3265,Sehteq,UAE/Dubai,(+971) 4209 5444,2022.01.31,https://www.globalict.kr//business/buyer/buyer_view.do?menuCode=030500&buyNo=3265,
3264,Okadoc,UAE/Dubai,(+971) 4566 8210,2022.01.31,https://www.globalict.kr//business/buyer/buyer_view.do?menuCode=030500&buyNo=3264,
3263,Tachy Health,UAE/Dubai,(+971) 5669 37370,2022.01.31,https://www.globalict.kr//business/buyer/buyer_view.do?menuCode=030500&buyNo=3263,
3262,Prognica,UAE/Dubai,(+971) 56 5391 591,2022.01.31,https://www.globalict.kr//business/buyer/buyer_view.do?menuCode=030500&buyNo=3262,
3261,Aspect Film & Video,England/London & Bristol,London: (+44) 203 006 1180,2021.11.01,https://www.globalict.kr//business/buyer/buyer_view.do?menuCode=030500&buyNo=3261,
3260,Klaim,UAE/Dubai,(+971) 0 4876 4096,2021.11.01,https://www.globalict.kr//business/buyer/buyer_view.do?menuCode=030500&buyNo=3260,
3259,Valeo,UAE/Dubae,(+971) 58 544 8626,2021.11.01,https://www.globalict.kr//business/buyer/buyer_view.do?menuCode=030500&buyNo=3259,
3258,RASD,Saudi Arabia/Riyadh,(-),2021.11.01,https://www.globalict.kr//business/buyer/buyer_view.do?menuCode=030500&buyNo=3258,
3257,Sejel,Saudi Arabia/Jeddah,(+966) 12 606 4970,2021.11.01,https://www.globalict.kr//business/buyer/buyer_view.do?menuCode=030500&buyNo=3257,
3256,Life Shield Group,Saudi Arabia/Riyadh, (+966) 11 4000808,2021.11.01,https://www.globalict.kr//business/buyer/buyer_view.do?menuCode=030500&buyNo=3256,
3255,Saudi PenTesting Company,Saudi Arabia/Khobar,(+966) 553 848202 (+966) 13 8110171,2021.11.01,https://www.globalict.kr//business/buyer/buyer_view.do?menuCode=030500&buyNo=3255,
3254,Sahara Net,Saudi Arabia/Dammam,(+8) 00 3043 043,2021.11.01,https://www.globalict.kr//business/buyer/buyer_view.do?menuCode=030500&buyNo=3254,
3253,Taqnia,Saudi Arabia/Riyadh,(+966) 11 221 1111,2021.11.01,https://www.globalict.kr//business/buyer/buyer_view.do?menuCode=030500&buyNo=3253,
3252,Starways,Saudi Arabia/Riyadh,(+966) 114620165,2021.11.01,https://www.globalict.kr//business/buyer/buyer_view.do?menuCode=030500&buyNo=3252,
3251,Site SA,Saudi Arabia/Riyadh,(+966) 11 813 1100,2021.11.01,https://www.globalict.kr//business/buyer/buyer_view.do?menuCode=030500&buyNo=3251,
3250,Detecon Al Saudia,Saudi Arabia/Riyadh,(+966) 92000 1221,2021.11.01,https://www.globalict.kr//business/buyer/buyer_view.do?menuCode=030500&buyNo=3250,
3249,Cybersenshi,Saudi Arabia/Riyadh,(-),2021.11.01,https://www.globalict.kr//business/buyer/buyer_view.do?menuCode=030500&buyNo=3249,
3248,Simplyfi,Russia/Moscow,(+8) 800 500 68 11,2021.11.01,https://www.globalict.kr//business/buyer/buyer_view.do?menuCode=030500&buyNo=3248,
3247,Boomstarter,Russia/Moscow,(+7) 495 777 90 81,2021.11.01,https://www.globalict.kr//business/buyer/buyer_view.do?menuCode=030500&buyNo=3247,
3246,Planeta,Russia/Moscow,(+7) 495 181 05 05,2021.11.01,https://www.globalict.kr//business/buyer/buyer_view.do?menuCode=030500&buyNo=3246,
3245,Ingria Technopark Business Incubator,Russia/St. Petersberg,(+7) 812 670 10 85,2021.11.01,https://www.globalict.kr//business/buyer/buyer_view.do?menuCode=030500&buyNo=3245,
3244,MSU Business Incubator,Russia/Moscow,(-),2021.11.01,https://www.globalict.kr//business/buyer/buyer_view.do?menuCode=030500&buyNo=3244,
3243,RusnanoMedInvest,Russia/Moscow,(+7) 495 988 53 88 ext. 1461,2021.11.01,https://www.globalict.kr//business/buyer/buyer_view.do?menuCode=030500&buyNo=3243,
3242,Onexim Group,Russia/Moscow,(+7) 495 229 2939.,2021.11.01,https://www.globalict.kr//business/buyer/buyer_view.do?menuCode=030500&buyNo=3242,
3241,Innovestor,"Trekhprudny per. 9 bld 1 123001 Moscow, Russia",(+7) 926 0398489,2021.11.01,https://www.globalict.kr//business/buyer/buyer_view.do?menuCode=030500&buyNo=3241,
3240,Access Industries,Russia/Moscow,(+7) 495 777 66 66,2021.11.01,https://www.globalict.kr//business/buyer/buyer_view.do?menuCode=030500&buyNo=3240,
3239,RedStone Capital,Russia/Moscow,(+7) 495 120 81 98,2021.11.01,https://www.globalict.kr//business/buyer/buyer_view.do?menuCode=030500&buyNo=3239,
3238,Vekia,France/Lillea,(+33) 0 35 10 81 162,2021.11.01,https://www.globalict.kr//business/buyer/buyer_view.do?menuCode=030500&buyNo=3238,
3237,Positive Thinking Company,France/Lille,(+33) 6 30 36 36 27,2021.11.01,https://www.globalict.kr//business/buyer/buyer_view.do?menuCode=030500&buyNo=3237,
3236,Referencement Manuel by Periscope,France/Paris,(+33) 1 84 60 60 90,2021.11.01,https://www.globalict.kr//business/buyer/buyer_view.do?menuCode=030500&buyNo=3236,
3235,AssessFirst,France/Paris,(+33) 1 72 77 31 52,2021.11.01,https://www.globalict.kr//business/buyer/buyer_view.do?menuCode=030500&buyNo=3235,
3234,Orange Business Services,France/Paris,(+33) 1 55 54 22 00,2021.11.01,https://www.globalict.kr//business/buyer/buyer_view.do?menuCode=030500&buyNo=3234,
3233,Keyrus,France/Levallois-Perret,(+33) 1 41 34 10 00,2021.11.01,https://www.globalict.kr//business/buyer/buyer_view.do?menuCode=030500&buyNo=3233,
3232,Solution BI,France/Paris,(+33) 1 85 08 86 00,2021.11.01,https://www.globalict.kr//business/buyer/buyer_view.do?menuCode=030500&buyNo=3232,
3231,Emagine Consulting,France/Nanterre,(+33) 1 41 92 56 60,2021.11.01,https://www.globalict.kr//business/buyer/buyer_view.do?menuCode=030500&buyNo=3231,
3230,BMB Group,France/Paris,(+33) 6 08 62 38 87,2021.11.01,https://www.globalict.kr//business/buyer/buyer_view.do?menuCode=030500&buyNo=3230,
3229,Ingima,France/Paris,(+33) 1 47 03 65 28,2021.11.01,https://www.globalict.kr//business/buyer/buyer_view.do?menuCode=030500&buyNo=3229,
3228,Corexpert,France/Lyon,(+33) 4 78 63 63 25,2021.11.01,https://www.globalict.kr//business/buyer/buyer_view.do?menuCode=030500&buyNo=3228,
3227,Porche,Germany/Stuttgart,(+49) 1806-356-911,2021.11.01,https://www.globalict.kr//business/buyer/buyer_view.do?menuCode=030500&buyNo=3227,
3226,Audi,Germany/Ingolstadt,(+49) 0800 - 28 347 378 423,2021.11.01,https://www.globalict.kr//business/buyer/buyer_view.do?menuCode=030500&buyNo=3226,
3225,BMW,Germany/Munich,(+49) 89 125016001,2021.11.01,https://www.globalict.kr//business/buyer/buyer_view.do?menuCode=030500&buyNo=3225,
3224,Volkswagen,Germany/Wolfsburg,1-800-822-8987,2021.11.01,https://www.globalict.kr//business/buyer/buyer_view.do?menuCode=030500&buyNo=3224,
3223,Daimler,Germany/Stuttgart,(+49) 711 17 0,2021.11.01,https://www.globalict.kr//business/buyer/buyer_view.do?menuCode=030500&buyNo=3223,
3222,Kopernikus Automotive,Germany/Leipzig,(+49) 341 989752 80,2021.11.01,https://www.globalict.kr//business/buyer/buyer_view.do?menuCode=030500&buyNo=3222,
3221,ZF,Germany/ Friedrichshafen,(+49) 7541 77 0,2021.11.01,https://www.globalict.kr//business/buyer/buyer_view.do?menuCode=030500&buyNo=3221,
3220,Bosch Mobility Solutions,Germany/Gerlingen,(-),2021.11.01,https://www.globalict.kr//business/buyer/buyer_view.do?menuCode=030500&buyNo=3220,
3219,Module Works,Germany/Aachen,(+49) 241 9900040,2021.11.01,https://www.globalict.kr//business/buyer/buyer_view.do?menuCode=030500&buyNo=3219,
3218,Infineon,Germany/Neubiberg,(+49) 89 234 23888,2021.11.01,https://www.globalict.kr//business/buyer/buyer_view.do?menuCode=030500&buyNo=3218,
3217,Channel Four Television Corporation,England/London,(+44) 20 7396 4444,2021.11.01,https://www.globalict.kr//business/buyer/buyer_view.do?menuCode=030500&buyNo=3217,
3216,Smart Media Market,England/London,(+44) 0740 198 98 54,2021.11.01,https://www.globalict.kr//business/buyer/buyer_view.do?menuCode=030500&buyNo=3216,
3215,Smart Media Solutions,England/Manchester,(+44) 0161 850 7947,2021.11.01,https://www.globalict.kr//business/buyer/buyer_view.do?menuCode=030500&buyNo=3215,
3214,smartmedia,England/Birmingham,(+44) 121 772 2411,2021.11.01,https://www.globalict.kr//business/buyer/buyer_view.do?menuCode=030500&buyNo=3214,
3213,The Social Shepherd,England/Bath,(+44) 12 2569 0062,2021.11.01,https://www.globalict.kr//business/buyer/buyer_view.do?menuCode=030500&buyNo=3213,
3212,Chocolate Films,England/London,(+44) 20 7793 4287,2021.11.01,https://www.globalict.kr//business/buyer/buyer_view.do?menuCode=030500&buyNo=3212,
3211,Envisuals,England/West Yorkshire,(+44) 12 7490 5453,2021.11.01,https://www.globalict.kr//business/buyer/buyer_view.do?menuCode=030500&buyNo=3211,
3210,YouAchieve,Canada/Ottawa,(+1) 613 789 9828,2021.11.01,https://www.globalict.kr//business/buyer/buyer_view.do?menuCode=030500&buyNo=3210,
3209,Pathways Training and E-Learning,Canada/Toronto,(+1) 888 961 6011 (Ext: 121),2021.11.01,https://www.globalict.kr//business/buyer/buyer_view.do?menuCode=030500&buyNo=3209,
3208,eLearningLair,Canada/Toronto,(+1) 888 663 5247,2021.11.01,https://www.globalict.kr//business/buyer/buyer_view.do?menuCode=030500&buyNo=3208,
3207,SwissVBS,Canada/Toronto,(+1) 416 848 3744,2021.11.01,https://www.globalict.kr//business/buyer/buyer_view.do?menuCode=030500&buyNo=3207,
3206,SkyPrep,Canada/Toronto,(+1) 855 759 7737,2021.11.01,https://www.globalict.kr//business/buyer/buyer_view.do?menuCode=030500&buyNo=3206,
3205,LearnKit,Canada/Vancouver,(+1) 844 357 6548,2021.11.01,https://www.globalict.kr//business/buyer/buyer_view.do?menuCode=030500&buyNo=3205,
3204,Uncanny Owl,Canada/Toronto,(+1) 855 345 6695,2021.11.01,https://www.globalict.kr//business/buyer/buyer_view.do?menuCode=030500&buyNo=3204,
3203,Ikhya,Canada/(-),(+91) 880 199 2245,2021.11.01,https://www.globalict.kr//business/buyer/buyer_view.do?menuCode=030500&buyNo=3203,
3202,Limestone Learning,Canada/Vancouver,(+1) 604 983 9998,2021.11.01,https://www.globalict.kr//business/buyer/buyer_view.do?menuCode=030500&buyNo=3202,
3201,Swift E-Learning Servies,Canada/Toronto,(-),2021.11.01,https://www.globalict.kr//business/buyer/buyer_view.do?menuCode=030500&buyNo=3201,
3200,Cognitiva,Chile/Región Metropolitana,(+56) 2 3210 2000,2021.11.01,https://www.globalict.kr//business/buyer/buyer_view.do?menuCode=030500&buyNo=3200,
3199,NoiseGrasp,Chile/Santiago,(+56) 5779 0000,2021.11.01,https://www.globalict.kr//business/buyer/buyer_view.do?menuCode=030500&buyNo=3199,
3198,Adereso,Chile/Región Metropolitana,(-),2021.11.01,https://www.globalict.kr//business/buyer/buyer_view.do?menuCode=030500&buyNo=3198,
3197,Gat-Blac,Chile/Santiago,(+56) 9 7896 3385,2021.11.01,https://www.globalict.kr//business/buyer/buyer_view.do?menuCode=030500&buyNo=3197,
3196,Neurognos,Chile/Santiago,(-),2021.11.01,https://www.globalict.kr//business/buyer/buyer_view.do?menuCode=030500&buyNo=3196,
3195,Intelligence to Business,Chile/Santiago,(+56) 2 2584 7477,2021.11.01,https://www.globalict.kr//business/buyer/buyer_view.do?menuCode=030500&buyNo=3195,
3194,Consensus,Chile/(-),(+56) 11 6091 6160,2021.11.01,https://www.globalict.kr//business/buyer/buyer_view.do?menuCode=030500&buyNo=3194,
3193,Alaya,Chile/Santiago,(+56) 2 22470376,2021.11.01,https://www.globalict.kr//business/buyer/buyer_view.do?menuCode=030500&buyNo=3193,
3192,Forcast,Chile/Santiago,(+56) 2 29531169 / (+56) 2 27595358,2021.11.01,https://www.globalict.kr//business/buyer/buyer_view.do?menuCode=030500&buyNo=3192,
3191,Canopus,Chile/Santiago,(+56) 9 98949360,2021.11.01,https://www.globalict.kr//business/buyer/buyer_view.do?menuCode=030500&buyNo=3191,
3190,Golden Distribuidora,Brazil/São Paulo,(+55) 11 2106 6600,2021.11.01,https://www.globalict.kr//business/buyer/buyer_view.do?menuCode=030500&buyNo=3190,
3189,Abboud Trading Corporation(ATC),Brazil/(-),(-),2021.11.01,https://www.globalict.kr//business/buyer/buyer_view.do?menuCode=030500&buyNo=3189,
3188,All Nations,Brazil/Santa Catarina,(+55) 21 3523 8000,2021.11.01,https://www.globalict.kr//business/buyer/buyer_view.do?menuCode=030500&buyNo=3188,
3187,Aldo,Brazil/Maringá,(+55) 44 3261 2000,2021.11.01,https://www.globalict.kr//business/buyer/buyer_view.do?menuCode=030500&buyNo=3187,
3186,Grupo Alcateia,Brazil/São Paulo,(-),2021.11.01,https://www.globalict.kr//business/buyer/buyer_view.do?menuCode=030500&buyNo=3186,
3185,Máquina de Vendas,Brazil/São Paulo,(-),2021.11.01,https://www.globalict.kr//business/buyer/buyer_view.do?menuCode=030500&buyNo=3185,
3184,Lojas Americanas,Brazil/Rio de Janeiro,(+55) 40038558,2021.11.01,https://www.globalict.kr//business/buyer/buyer_view.do?menuCode=030500&buyNo=3184,
3183,Fast Shop,Brazil/São Paulo,(+55) 3003 3278,2021.11.01,https://www.globalict.kr//business/buyer/buyer_view.do?menuCode=030500&buyNo=3183,
3182,Ponto Frio,Brazil/São Paulo,(+55) 4002 3050,2021.11.01,https://www.globalict.kr//business/buyer/buyer_view.do?menuCode=030500&buyNo=3182,
3181,Casas Bahia,Brazil/São Paulo,(+55) 4003 2773,2021.09.28,https://www.globalict.kr//business/buyer/buyer_view.do?menuCode=030500&buyNo=3181,
3180,Argo AI,USA/Pennsylvania,(+1) 412 525 3483,2021.09.28,https://www.globalict.kr//business/buyer/buyer_view.do?menuCode=030500&buyNo=3180,
3179,Cruise,USA/California,(+1) 415 335 4097,2021.09.28,https://www.globalict.kr//business/buyer/buyer_view.do?menuCode=030500&buyNo=3179,
3178,Aptiv,USA/Michigan,(+1) 248 813 2000,2021.09.28,https://www.globalict.kr//business/buyer/buyer_view.do?menuCode=030500&buyNo=3178,
3177,Lyft Autonomous,USA/California,(+1) 415 230 2905,2021.09.28,https://www.globalict.kr//business/buyer/buyer_view.do?menuCode=030500&buyNo=3177,
3176,Haas Alert,USA/Illinois,(+1) 833 433 4227,2021.09.28,https://www.globalict.kr//business/buyer/buyer_view.do?menuCode=030500&buyNo=3176,
3175,Via,USA/New York,(+1) 385 217 8191,2021.09.28,https://www.globalict.kr//business/buyer/buyer_view.do?menuCode=030500&buyNo=3175,
3174,Ouster,USA/California,(+1) 415 949 0108,2021.09.28,https://www.globalict.kr//business/buyer/buyer_view.do?menuCode=030500&buyNo=3174,
3173,Ding Taxi,Taiwan/(-),(+886) 917 749 339,2021.09.28,https://www.globalict.kr//business/buyer/buyer_view.do?menuCode=030500&buyNo=3173,
3172,"Bloglai Digital Technology Co., Ltd",Taiwan/Taipei,(+886) 226 535 588,2021.09.28,https://www.globalict.kr//business/buyer/buyer_view.do?menuCode=030500&buyNo=3172,
3171,Radio Television Brunei RTB,Brunei/Bandar Seri Begawan,(+673) 737 1961,2021.09.28,https://www.globalict.kr//business/buyer/buyer_view.do?menuCode=030500&buyNo=3171,
3170,Adison Marketing Services,Brunei/Bandar Seri Begawan,(+673) 266 3828,2021.09.28,https://www.globalict.kr//business/buyer/buyer_view.do?menuCode=030500&buyNo=3170,
3169,MINT | Mixmedia Interactive,Brunei/Bandar Seri Begawan,(+673) 223 8384,2021.09.28,https://www.globalict.kr//business/buyer/buyer_view.do?menuCode=030500&buyNo=3169,
3168,Nextacloud Technologies Sdn Bhd,Brunei/Bandar Seri Begawan,(+673) 244 2599,2021.09.28,https://www.globalict.kr//business/buyer/buyer_view.do?menuCode=030500&buyNo=3168,
3167,MixMediaWorx,Brunei/Bandar Seri Begawan,(+673) 223 8385,2021.09.28,https://www.globalict.kr//business/buyer/buyer_view.do?menuCode=030500&buyNo=3167,
3166,Cubebox Solutions,Brunei/Bandar Seri Begawan,(+673) 710 0785,2021.09.28,https://www.globalict.kr//business/buyer/buyer_view.do?menuCode=030500&buyNo=3166,
3165,DotRoot Technologies,Brunei/Bandar Seri Begawan,"""(+673) 860 4141 (+673) 872 8604""",2021.09.28,https://www.globalict.kr//business/buyer/buyer_view.do?menuCode=030500&buyNo=3165,
3164,BizDigital Sdn. Bhd.,Brunei/Jalan Babu Raja,(+673) 836 6089,2021.09.28,https://www.globalict.kr//business/buyer/buyer_view.do?menuCode=030500&buyNo=3164,
3163,Oddbox Pictures Sdn. Bhd.,Brunei/Bandar Seri Begawan,(+673) 832 2330,2021.09.28,https://www.globalict.kr//business/buyer/buyer_view.do?menuCode=030500&buyNo=3163,
3162,Activ8 BN Digital Solutions,Brunei/Bandar Seri Begawan,(+673) 242 4102,2021.09.28,https://www.globalict.kr//business/buyer/buyer_view.do?menuCode=030500&buyNo=3162,
3161,Cerebralfix,New Zealand/Canterbury,(-),2021.09.28,https://www.globalict.kr//business/buyer/buyer_view.do?menuCode=030500&buyNo=3161,
3160,Mixt Studio,New Zealand/Wellington,(+64) 4 595 1120,2021.09.28,https://www.globalict.kr//business/buyer/buyer_view.do?menuCode=030500&buyNo=3160,
3159,Build Media,New Zealand/Auckland,(+64) 9 3666 468,2021.09.28,https://www.globalict.kr//business/buyer/buyer_view.do?menuCode=030500&buyNo=3159,
3158,Companyx,New Zealand/Hamilton,"""(+64) 800 552 551 """,2021.09.28,https://www.globalict.kr//business/buyer/buyer_view.do?menuCode=030500&buyNo=3158,
3157,Wetafx,New Zealand/Wellington,(+64) 4 909 6000,2021.09.28,https://www.globalict.kr//business/buyer/buyer_view.do?menuCode=030500&buyNo=3157,
3156,StaplesVR,New Zealand/Auckland,(+64) 4 9 217 3700,2021.09.28,https://www.globalict.kr//business/buyer/buyer_view.do?menuCode=030500&buyNo=3156,
3155,7e Systems,New Zealand/Auckland,(+64) 0800 737 978,2021.09.28,https://www.globalict.kr//business/buyer/buyer_view.do?menuCode=030500&buyNo=3155,
3154,Many Worlds,New Zealand/Auckland,(-),2021.09.28,https://www.globalict.kr//business/buyer/buyer_view.do?menuCode=030500&buyNo=3154,
3153,Conical,New Zealand/Auckland,(+64) 800 266 4225,2021.09.28,https://www.globalict.kr//business/buyer/buyer_view.do?menuCode=030500&buyNo=3153,
3152,Corvecto,New Zealand/Christchurch,(+64) 27 465 0102,2021.09.28,https://www.globalict.kr//business/buyer/buyer_view.do?menuCode=030500&buyNo=3152,
3151,Trivico,Laos/Vientiane,(+856) 21 285 456,2021.08.31,https://www.globalict.kr//business/buyer/buyer_view.do?menuCode=030500&buyNo=3151,
3150,Infotech,Laos/Vientiane,(+856) 21 251 512,2021.08.31,https://www.globalict.kr//business/buyer/buyer_view.do?menuCode=030500&buyNo=3150,
3149,K Plaza Electronics,Laos/Vientiane,(+856) 30 777 000,2021.08.31,https://www.globalict.kr//business/buyer/buyer_view.do?menuCode=030500&buyNo=3149,
3148,Olaa,Laos/Vientiane,(+856) 20 9151 1123,2021.08.31,https://www.globalict.kr//business/buyer/buyer_view.do?menuCode=030500&buyNo=3148,
3147,Alo Technology Group,Laos/Vientiane,(+896) 21 254 377,2021.08.31,https://www.globalict.kr//business/buyer/buyer_view.do?menuCode=030500&buyNo=3147,
3146,Att Sole Co. Ltd,Laos/Vientiane,(+856)21 316 412,2021.08.31,https://www.globalict.kr//business/buyer/buyer_view.do?menuCode=030500&buyNo=3146,
3145,CS Intellect,Laos/Vientiane,(+856) 21 330 755,2021.08.31,https://www.globalict.kr//business/buyer/buyer_view.do?menuCode=030500&buyNo=3145,
3144,CS Intellect,Laos/Vientiane,(+856) 21 330 755,2021.08.31,https://www.globalict.kr//business/buyer/buyer_view.do?menuCode=030500&buyNo=3144,
3143,Planeta,Laos/Vientiane,(+856) 21 2189 724,2021.08.31,https://www.globalict.kr//business/buyer/buyer_view.do?menuCode=030500&buyNo=3143,
3142,SKN,Laos/Vientiane,(+856) 21 451 657,2021.08.31,https://www.globalict.kr//business/buyer/buyer_view.do?menuCode=030500&buyNo=3142,
3141,ME Shop,Laos/Vientiane,(+856) 20 77709642,2021.08.31,https://www.globalict.kr//business/buyer/buyer_view.do?menuCode=030500&buyNo=3141,
3140,Effect Us Digital,Australia/QLD,(+61) 417 304 939,2021.08.31,https://www.globalict.kr//business/buyer/buyer_view.do?menuCode=030500&buyNo=3140,
3139,Cobalt Cyber Security,Australia/ACT,(+61) 422 164 348,2021.08.31,https://www.globalict.kr//business/buyer/buyer_view.do?menuCode=030500&buyNo=3139,
3138,Penten,Australia/ACT,(+61) 261 711 111,2021.08.31,https://www.globalict.kr//business/buyer/buyer_view.do?menuCode=030500&buyNo=3138,
3137,Forsythes Technology,Australia/NSW,(+61) 1300 766 661,2021.08.31,https://www.globalict.kr//business/buyer/buyer_view.do?menuCode=030500&buyNo=3137,
3136,Dcencompass,Australia/NSW,(+61) 1300 002 112,2021.08.31,https://www.globalict.kr//business/buyer/buyer_view.do?menuCode=030500&buyNo=3136,
3135,Dcencompass,Australia/NSW,(-),2021.08.31,https://www.globalict.kr//business/buyer/buyer_view.do?menuCode=030500&buyNo=3135,
3134,Enosys,Australia/NSW,(+61) 1300 760 799,2021.08.31,https://www.globalict.kr//business/buyer/buyer_view.do?menuCode=030500&buyNo=3134,
3133,Gridware,Australia/NSW,(-),2021.08.31,https://www.globalict.kr//business/buyer/buyer_view.do?menuCode=030500&buyNo=3133,
3132,SAAB Australia,Australia/ACT,(+61) 262 670 200,2021.08.31,https://www.globalict.kr//business/buyer/buyer_view.do?menuCode=030500&buyNo=3132,
3131,Cybercx,Australia/VIC,(+61) 1300 031 274,2021.08.31,https://www.globalict.kr//business/buyer/buyer_view.do?menuCode=030500&buyNo=3131,
3130,AWS Cambodia LTD,Cambodia/Phnom Penh,(+855) 23 987 434,2021.08.31,https://www.globalict.kr//business/buyer/buyer_view.do?menuCode=030500&buyNo=3130,
3129,V Tech Computer,Cambodia/Phnom Penh,(+855) 12 868 609,2021.08.31,https://www.globalict.kr//business/buyer/buyer_view.do?menuCode=030500&buyNo=3129,
3128,KPC Computer,Cambodia/Phnom Penh,(+855) 23 220 345,2021.08.31,https://www.globalict.kr//business/buyer/buyer_view.do?menuCode=030500&buyNo=3128,
3127,PTC Computer,Cambodia/Phnom Penh, (+855) 23 222 213,2021.08.31,https://www.globalict.kr//business/buyer/buyer_view.do?menuCode=030500&buyNo=3127,
3126,iKnow,Cambodia/Phnom Penh,(+855) 23 67 68 189,2021.08.31,https://www.globalict.kr//business/buyer/buyer_view.do?menuCode=030500&buyNo=3126,
3125,Ezecom,Cambodia/Phnom Penh,(+855) 85 888 181,2021.08.31,https://www.globalict.kr//business/buyer/buyer_view.do?menuCode=030500&buyNo=3125,
3124,Smart Axiata,Cambodia/Phnom Penh,(+855) 10 201 000,2021.08.31,https://www.globalict.kr//business/buyer/buyer_view.do?menuCode=030500&buyNo=3124,
3123,Cellcard,Cambodia/Phnom Penh,(+855) 12 812 812,2021.08.31,https://www.globalict.kr//business/buyer/buyer_view.do?menuCode=030500&buyNo=3123,
3122,Telecom Cambodia,Cambodia/Phnom Penh,(+855) 23 722 227,2021.08.31,https://www.globalict.kr//business/buyer/buyer_view.do?menuCode=030500&buyNo=3122,
3121,Toll Free Telecom Cambodia,Cambodia/Phnom Penh,(+855) 23 210 156,2021.08.31,https://www.globalict.kr//business/buyer/buyer_view.do?menuCode=030500&buyNo=3121,
3120,UST Educational Technology Center,Philippines/Manila,(-),2021.08.31,https://www.globalict.kr//business/buyer/buyer_view.do?menuCode=030500&buyNo=3120,
3119,Kite Digital Educational Solutions,Philippines/Quezon City,(-),2021.08.31,https://www.globalict.kr//business/buyer/buyer_view.do?menuCode=030500&buyNo=3119,
3118,Miyens,Philippines/Valenzuela City,(+63) 935 452 5807,2021.08.31,https://www.globalict.kr//business/buyer/buyer_view.do?menuCode=030500&buyNo=3118,
3117,Edukasyon,Philippines,(-),2021.08.31,https://www.globalict.kr//business/buyer/buyer_view.do?menuCode=030500&buyNo=3117,
3116,PSE Academy,Philippines/Taguig City,(+63) 2 876 4812,2021.08.31,https://www.globalict.kr//business/buyer/buyer_view.do?menuCode=030500&buyNo=3116,
3115,Esme,Philippines/Taguig City,(+63) 918 918 1626,2021.08.31,https://www.globalict.kr//business/buyer/buyer_view.do?menuCode=030500&buyNo=3115,
3114,Framedia E-learning,Philippines/Muntinlupa Ciuty,(+63) 917 844 5692,2021.08.31,https://www.globalict.kr//business/buyer/buyer_view.do?menuCode=030500&buyNo=3114,
3113,Site Online Learning,Philippines/Pampanga,(+63) 45 499 1434,2021.08.31,https://www.globalict.kr//business/buyer/buyer_view.do?menuCode=030500&buyNo=3113,
3112,TUV SUD,Philippines/Manila,(+63) 2 8687 5673,2021.08.31,https://www.globalict.kr//business/buyer/buyer_view.do?menuCode=030500&buyNo=3112,
3111,Softline,Uzbekistan/Tanshkent,(+998) 78 120 49 09,2021.08.31,https://www.globalict.kr//business/buyer/buyer_view.do?menuCode=030500&buyNo=3111,
3110,Docline,Uzbekistan/Tanshkent,(+998) 71 203 17 17,2021.08.31,https://www.globalict.kr//business/buyer/buyer_view.do?menuCode=030500&buyNo=3110,
3109,UZGPS,Uzbekistan/Tanshkent,(+998) 71 207 44 44,2021.08.31,https://www.globalict.kr//business/buyer/buyer_view.do?menuCode=030500&buyNo=3109,
3108,Insight Solutions,Uzbekistan/Tanshkent,(+998) 78 129 77 07,2021.08.31,https://www.globalict.kr//business/buyer/buyer_view.do?menuCode=030500&buyNo=3108,
3107,Insight Solutions,Uzbekistan/Tanshkent,(+998) 78 147 0037,2021.08.31,https://www.globalict.kr//business/buyer/buyer_view.do?menuCode=030500&buyNo=3107,
3106,BePro,Uzbekistan/Tanshkent,(+998) 71 230 53 01,2021.08.31,https://www.globalict.kr//business/buyer/buyer_view.do?menuCode=030500&buyNo=3106,
3105,UZINFOCOM,Uzbekistan/Tanshkent,(+998) 71 202 2202,2021.08.31,https://www.globalict.kr//business/buyer/buyer_view.do?menuCode=030500&buyNo=3105,
3104,Intelligent Solutions,Uzbekistan/Tanshkent,(+998) 78 120 88 41,2021.08.31,https://www.globalict.kr//business/buyer/buyer_view.do?menuCode=030500&buyNo=3104,
3103,Winncom Technologies,Uzbekistan/Tanshkent,(+998) 78 150 3939,2021.08.31,https://www.globalict.kr//business/buyer/buyer_view.do?menuCode=030500&buyNo=3103,
3102,Green White Solutions LLC,Uzbekistan/Tanshkent,(+998) 71 203 0301,2021.08.31,https://www.globalict.kr//business/buyer/buyer_view.do?menuCode=030500&buyNo=3102,
3101,"LLP ""NORTEX GROUP""",Kazakhstan/Astana,(+7) 717 297 8820,2021.08.31,https://www.globalict.kr//business/buyer/buyer_view.do?menuCode=030500&buyNo=3101,
3100,"LLP ""Smart System""",Kazakhstan/Almaty,(+7) 727 312 27 02,2021.08.31,https://www.globalict.kr//business/buyer/buyer_view.do?menuCode=030500&buyNo=3100,
3099,Wisk Telecom Solutions,Kazakhstan/Almaty,(+7) 727 313 2403,2021.08.31,https://www.globalict.kr//business/buyer/buyer_view.do?menuCode=030500&buyNo=3099,
3098,LLP Inform Consulting,Kazakhstan/Almaty,(+7) 727 390 3533,2021.08.31,https://www.globalict.kr//business/buyer/buyer_view.do?menuCode=030500&buyNo=3098,
3097,"LLP ""TIMIR""",Kazakhstan/Almaty,(+7) 727 264 8185,2021.08.31,https://www.globalict.kr//business/buyer/buyer_view.do?menuCode=030500&buyNo=3097,
3096,Visa Systems,Kazakhstan/Almaty,(+7) 727 221 9044,2021.08.31,https://www.globalict.kr//business/buyer/buyer_view.do?menuCode=030500&buyNo=3096,
3095,Ayacom,Kazakhstan/Almaty,(+7) 727 346 6888,2021.08.31,https://www.globalict.kr//business/buyer/buyer_view.do?menuCode=030500&buyNo=3095,
3094,"LLP ""Komptek SA""",Kazakhstan/Nur-Sultan,(+7) 727 246 8221,2021.08.31,https://www.globalict.kr//business/buyer/buyer_view.do?menuCode=030500&buyNo=3094,
3093,STN Distribution,Kazakhstan/Nur-Sultan,(+7) 727 333 0999,2021.08.31,https://www.globalict.kr//business/buyer/buyer_view.do?menuCode=030500&buyNo=3093,
3092,Smart-Network,Kazakhstan/Almaty,(+7) 727 312 2776,2021.08.31,https://www.globalict.kr//business/buyer/buyer_view.do?menuCode=030500&buyNo=3092,
3091,Datacare,Mongolia/Ulaanbaatar,(+976) 9009 0889,2021.07.30,https://www.globalict.kr//business/buyer/buyer_view.do?menuCode=030500&buyNo=3091,
3090,Revolution Development Asia,Mongolia/Ulaanbaatar,(+976)  7012 7077,2021.07.30,https://www.globalict.kr//business/buyer/buyer_view.do?menuCode=030500&buyNo=3090,
3089,Osome,Singapore/Singapore,(+65) 6589 8807,2021.07.30,https://www.globalict.kr//business/buyer/buyer_view.do?menuCode=030500&buyNo=3089,
3088,Shield,Singapore/Singapore,(+65) 6569 3686 ,2021.07.30,https://www.globalict.kr//business/buyer/buyer_view.do?menuCode=030500&buyNo=3088,
3087,Visenze,Singapore/Singapore,-,2021.07.30,https://www.globalict.kr//business/buyer/buyer_view.do?menuCode=030500&buyNo=3087,
3086,Antworks,Singapore/Singapore,(+65) 800 507 8011,2021.07.30,https://www.globalict.kr//business/buyer/buyer_view.do?menuCode=030500&buyNo=3086,
3085,Yojee,Singapore/Singapore,(+65) 3138 9076,2021.07.30,https://www.globalict.kr//business/buyer/buyer_view.do?menuCode=030500&buyNo=3085,
3084,G Group,Vietnam/Hanoi,(+84) 24 7306 6222,2021.07.30,https://www.globalict.kr//business/buyer/buyer_view.do?menuCode=030500&buyNo=3084,
3083,Zeus Solution LLC,Mongolia/Ulaanbaatar,(+976) 76006666,2021.07.30,https://www.globalict.kr//business/buyer/buyer_view.do?menuCode=030500&buyNo=3083,
3082,DigiPay J.S.C,Vietnam/Ho Chi Minh,(+84) 28 7305 2015,2021.07.30,https://www.globalict.kr//business/buyer/buyer_view.do?menuCode=030500&buyNo=3082,
3081,FPT Software,Vietnam/Hanoi,+84 (24) 3 768 9048,2021.07.30,https://www.globalict.kr//business/buyer/buyer_view.do?menuCode=030500&buyNo=3081,
3080,Global Smart Systems,Mongolia/Ulaanbaatar,-,2021.07.30,https://www.globalict.kr//business/buyer/buyer_view.do?menuCode=030500&buyNo=3080,
3079,TUS Solution,Mongolia/Ulaanbaatar,(+976) 70149761,2021.07.30,https://www.globalict.kr//business/buyer/buyer_view.do?menuCode=030500&buyNo=3079,
3078,CMC Global VN,Vietnam/Hanoi, +84 24 3212 3396,2021.07.30,https://www.globalict.kr//business/buyer/buyer_view.do?menuCode=030500&buyNo=3078,
3077,Finhay,Vietnam/Hanoi,(+84) 1900 292 991,2021.07.30,https://www.globalict.kr//business/buyer/buyer_view.do?menuCode=030500&buyNo=3077,
3076,Asterisk Technologies,Mongolia/Ulaanbaatar,(+976) 8800 5462,2021.07.30,https://www.globalict.kr//business/buyer/buyer_view.do?menuCode=030500&buyNo=3076,
3075,Vin ID,Vietnam/Hanoi,(+84) 247 3087 999,2021.07.30,https://www.globalict.kr//business/buyer/buyer_view.do?menuCode=030500&buyNo=3075,
3074,ALBERT,Japan/Tokyo,(+81) 3 5937 1610,2021.07.30,https://www.globalict.kr//business/buyer/buyer_view.do?menuCode=030500&buyNo=3074,
3073,Vaymuon,Vietnam/Ho Chi Minh,(+84) 1900 2094,2021.07.30,https://www.globalict.kr//business/buyer/buyer_view.do?menuCode=030500&buyNo=3073,
3072,MoMo,Vietnam/Ho Chi Minh,(+84) 1900 636 652,2021.07.30,https://www.globalict.kr//business/buyer/buyer_view.do?menuCode=030500&buyNo=3072,
3071,Synamon Co. Ltd.,Japan/Tokyo,-,2021.07.30,https://www.globalict.kr//business/buyer/buyer_view.do?menuCode=030500&buyNo=3071,
3070,Interloan,Vietnam/Ho Chi Minh,(+84) 28 6686 3398,2021.07.30,https://www.globalict.kr//business/buyer/buyer_view.do?menuCode=030500&buyNo=3070,
3069,"Mogura Co., Ltd.",Japan/Tokyo,(+81) 3 6272 3551/ec-domestic@moguravr.com,2021.07.30,https://www.globalict.kr//business/buyer/buyer_view.do?menuCode=030500&buyNo=3069,
3068,Communication Planning Corporation,Japan/Tokyo,(+81) 3 5860 9777,2021.07.30,https://www.globalict.kr//business/buyer/buyer_view.do?menuCode=030500&buyNo=3068,
3067,ASATEC,Japan/Tokyo,(+81) 3 5404 6919,2021.07.30,https://www.globalict.kr//business/buyer/buyer_view.do?menuCode=030500&buyNo=3067,
3066,M Soft,Japan/Tokyo,(+81) 3 5807 2300,2021.07.30,https://www.globalict.kr//business/buyer/buyer_view.do?menuCode=030500&buyNo=3066,
3065,Japan Display Inc.,Japan/Tokyo,(+81) 3 6732 8100,2021.07.30,https://www.globalict.kr//business/buyer/buyer_view.do?menuCode=030500&buyNo=3065,
3064,"Digital Knowledge Co., Ltd.",Japan/Tokyo,(+81) 3 5846 2131,2021.07.30,https://www.globalict.kr//business/buyer/buyer_view.do?menuCode=030500&buyNo=3064,
3063,"Hashilus Co, Ltd.",Japan/Tokyo,대표번호 없음,2021.07.30,https://www.globalict.kr//business/buyer/buyer_view.do?menuCode=030500&buyNo=3063,
3062,amana inc.,Japan/Tokyo,(+81)3 3740 4011,2021.07.30,https://www.globalict.kr//business/buyer/buyer_view.do?menuCode=030500&buyNo=3062,
3061,Inverselogic Inc.,United States / California,1 818 542 3103,2019.01.24,https://www.globalict.kr//business/buyer/buyer_view.do?menuCode=030500&buyNo=3061,
3060,"Onistec, llc.",United States / Florida,1 305 600 0220,2019.01.24,https://www.globalict.kr//business/buyer/buyer_view.do?menuCode=030500&buyNo=3060,
3059,Procellis Technology Inc.,United States / Minnesota,1 763 219 4187,2019.01.24,https://www.globalict.kr//business/buyer/buyer_view.do?menuCode=030500&buyNo=3059,
3058,Lord Krishna Security System,India / New Delhi ,91 11 25540768,2019.01.24,https://www.globalict.kr//business/buyer/buyer_view.do?menuCode=030500&buyNo=3058,
3057,Chartered Information System Private Limited,India / Mumbai,91 8048556048,2019.01.24,https://www.globalict.kr//business/buyer/buyer_view.do?menuCode=030500&buyNo=3057,
3056,Databridge Communication (M) Sdn Bhd,Malaysia / Selangor,603 7880 5858 ,2019.01.24,https://www.globalict.kr//business/buyer/buyer_view.do?menuCode=030500&buyNo=3056,
3055,Redynamics Asia Systems Management Sdn Bhd,Malaysia / Selangor,603 7957 7228,2019.01.24,https://www.globalict.kr//business/buyer/buyer_view.do?menuCode=030500&buyNo=3055,
3054,FAUZ PROFTECHNOLOGY SDN. BHD.,Malaysia / Kuala Lumpur,6018 3187 781,2019.01.24,https://www.globalict.kr//business/buyer/buyer_view.do?menuCode=030500&buyNo=3054,
3053,Information and Networking Technology,Vietnam / Hanoi,84 24 3773 0793,2019.01.24,https://www.globalict.kr//business/buyer/buyer_view.do?menuCode=030500&buyNo=3053,
3052,"Sunshine Solutions Co., Ltd.",Vietnam / HCM,84 8 38 950 858,2019.01.24,https://www.globalict.kr//business/buyer/buyer_view.do?menuCode=030500&buyNo=3052,
3051,Vina Technology Consultancy Corporation,Vietnam / HCM,84 8 3832 5731,2019.01.24,https://www.globalict.kr//business/buyer/buyer_view.do?menuCode=030500&buyNo=3051,
3050,M-SECURITY TECHNOLOGY VIETNAM COMPANY LIMITED,Singapore,65 6516 0088,2019.01.24,https://www.globalict.kr//business/buyer/buyer_view.do?menuCode=030500&buyNo=3050,
3049,SVTECH,Vietnam / HCM,84 28 3 948 7620,2019.01.24,https://www.globalict.kr//business/buyer/buyer_view.do?menuCode=030500&buyNo=3049,
3048,FPT Information System (FPT IS),Vietnam / Hanoi,84 24 3562 6000,2019.01.24,https://www.globalict.kr//business/buyer/buyer_view.do?menuCode=030500&buyNo=3048,
3047,One Communication Corporation,Vietnam / Hanoi,84 24 397 650 86 ,2019.01.24,https://www.globalict.kr//business/buyer/buyer_view.do?menuCode=030500&buyNo=3047,
3046,Net&Com Integrated Telecommunication JSC,Vietnam / Danang,84 236 3838 979,2019.01.24,https://www.globalict.kr//business/buyer/buyer_view.do?menuCode=030500&buyNo=3046,
3045,GSNET Technologies Pvt. Ltd,Vietnam / HCM,028 6290 8818,2019.01.24,https://www.globalict.kr//business/buyer/buyer_view.do?menuCode=030500&buyNo=3045,
3044,AD.TEK Joint Stock Company,Vietnam / HCM,84 98 652 8080,2019.01.24,https://www.globalict.kr//business/buyer/buyer_view.do?menuCode=030500&buyNo=3044,
3043,MISOFT CO.,Vietnam / Hanoi,84 4 3933 1613,2019.01.24,https://www.globalict.kr//business/buyer/buyer_view.do?menuCode=030500&buyNo=3043,
3042,Brightclick Solutions Sdn Bhd,Malaysia / Selangor,60 3 7803 0727,2019.01.24,https://www.globalict.kr//business/buyer/buyer_view.do?menuCode=030500&buyNo=3042,
3041,VADS BERHAD,Malaysia / Kuala Lumpur,60 3 7859 2222,2019.01.24,https://www.globalict.kr//business/buyer/buyer_view.do?menuCode=030500&buyNo=3041,
3040,Amigo,Vietnam / Hanoi,84 24 7305 5666,2019.01.24,https://www.globalict.kr//business/buyer/buyer_view.do?menuCode=030500&buyNo=3040,
3039,NEVICO,Vietnam / Hanoi,84 24 2242 2627,2019.01.24,https://www.globalict.kr//business/buyer/buyer_view.do?menuCode=030500&buyNo=3039,
3038,Kinrara Aplikasi Sdn Bhd (KASB),Malaysia / Selangor,60 3 8082 5442,2019.01.24,https://www.globalict.kr//business/buyer/buyer_view.do?menuCode=030500&buyNo=3038,
3037,"Minh Thong Card Solutions Co.,Ltd",Vietnam / HCM,84 8 3517 4510,2019.01.24,https://www.globalict.kr//business/buyer/buyer_view.do?menuCode=030500&buyNo=3037,
3036,Commit Solutions Sdn Bhd,Malaysia / Selangor,60 3 7492 3333,2019.01.24,https://www.globalict.kr//business/buyer/buyer_view.do?menuCode=030500&buyNo=3036,
3035,Ranchan Technologies (M) Sdn Bhd,Malaysia / Selangor,60 3 5521 8555,2019.01.24,https://www.globalict.kr//business/buyer/buyer_view.do?menuCode=030500&buyNo=3035,
3034,ABI Group,Malaysia / Kuala Lumpur,60 3 2725 8088,2019.01.24,https://www.globalict.kr//business/buyer/buyer_view.do?menuCode=030500&buyNo=3034,
3033,i-STS (ISTS),Vietnam / Hanoi,84 24 3559 4988,2019.01.24,https://www.globalict.kr//business/buyer/buyer_view.do?menuCode=030500&buyNo=3033,
3032,Indigo Technology Systems JSC,Vietnam / HCM,84 8 3838 9868 ,2019.01.24,https://www.globalict.kr//business/buyer/buyer_view.do?menuCode=030500&buyNo=3032,
3031,ANH DUC CORPORATION,Vietnam / Hanoi,84 24 3514 9887,2019.01.24,https://www.globalict.kr//business/buyer/buyer_view.do?menuCode=030500&buyNo=3031,
3030,Vietsunshine,Vietnam / HCM,84 8 3920 8030,2019.01.24,https://www.globalict.kr//business/buyer/buyer_view.do?menuCode=030500&buyNo=3030,
3029,"CMC SAIGON SYSTEM INTEGRATION CO.,LTD",Vietnam / HCM,84 28 3833 0579,2019.01.24,https://www.globalict.kr//business/buyer/buyer_view.do?menuCode=030500&buyNo=3029,
3028,GDS,Vietnam / Hanoi,84 24 3562 6996,2019.01.24,https://www.globalict.kr//business/buyer/buyer_view.do?menuCode=030500&buyNo=3028,
3027,Xuanson Technology,Vietnam / HCM,84 28 3845 9365,2019.01.24,https://www.globalict.kr//business/buyer/buyer_view.do?menuCode=030500&buyNo=3027,
3026,Techlink,Vietnam / Hanoi,84 24 3222 2887,2019.01.24,https://www.globalict.kr//business/buyer/buyer_view.do?menuCode=030500&buyNo=3026,
3025,SUNHITECH CORP,Vietnam / HCM,84 8 6255 6618,2019.01.24,https://www.globalict.kr//business/buyer/buyer_view.do?menuCode=030500&buyNo=3025,
3024,Sistem RKK Sdn Bhd (SRKK),Malaysia/ Selangor,60 3 3000 6698,2019.01.24,https://www.globalict.kr//business/buyer/buyer_view.do?menuCode=030500&buyNo=3024,
3023,ITC JSC,Vietnam / Hanoi,84 24 3766 0066,2019.01.24,https://www.globalict.kr//business/buyer/buyer_view.do?menuCode=030500&buyNo=3023,
3022,Viettel IDC,Vietnam / Hanoi,84 24 6272 8866,2019.01.24,https://www.globalict.kr//business/buyer/buyer_view.do?menuCode=030500&buyNo=3022,
3021,SAO BAC DAU TECHNOLOGIES CORPORATION,Vietnam / HCM,84 28 3770 0968,2019.01.24,https://www.globalict.kr//business/buyer/buyer_view.do?menuCode=030500&buyNo=3021,
3020,"OCTAPUS (IT Infrastructure Technical Co., Ltd)",Vietnam / HCM,84 28 22537633,2019.01.24,https://www.globalict.kr//business/buyer/buyer_view.do?menuCode=030500&buyNo=3020,
3019,IDS,Vietnam / Hanoi,84 04 3555 1429,2019.01.24,https://www.globalict.kr//business/buyer/buyer_view.do?menuCode=030500&buyNo=3019,
3018,"KHANG ANH TECHNOLOGY SOLUTIONS CO., LTD",Vietnam / HCM,84 0933 8422 85,2019.01.24,https://www.globalict.kr//business/buyer/buyer_view.do?menuCode=030500&buyNo=3018,
3017,PACISOFT,Vietnam / HCM,84 28 3610 0816 ,2019.01.24,https://www.globalict.kr//business/buyer/buyer_view.do?menuCode=030500&buyNo=3017,
3016,Sun Media Corporation,Vietnam / HCM,84 28 35 262 263,2019.01.24,https://www.globalict.kr//business/buyer/buyer_view.do?menuCode=030500&buyNo=3016,
3015,S-Net Indonesia,Indonesia / Jakarta,62 21 5793 9022,2019.01.24,https://www.globalict.kr//business/buyer/buyer_view.do?menuCode=030500&buyNo=3015,
3014,PT. Datacomm Diangraha,Indonesia / Jakarta,62 21 2997 9797,2019.01.24,https://www.globalict.kr//business/buyer/buyer_view.do?menuCode=030500&buyNo=3014,
3013,PT. Mitra Integrasi Informatika,Indonesia / Jakarta,62 21 2934 5777,2019.01.24,https://www.globalict.kr//business/buyer/buyer_view.do?menuCode=030500&buyNo=3013,
3012,PT Talenta Digital Indonesia,Indonesia / Jakarta,62 21 3002 1660 ,2019.01.24,https://www.globalict.kr//business/buyer/buyer_view.do?menuCode=030500&buyNo=3012,
3011,DIGITAL TECHNOLOGY SYSTEMS SDN BHD,Indonesia / Jakarta,62 21 9337 9176,2019.01.24,https://www.globalict.kr//business/buyer/buyer_view.do?menuCode=030500&buyNo=3011,
3010,PT SOLTIUS INDONESIA,Indonesia / Jakarta,62 21 2934 5925 ,2019.01.24,https://www.globalict.kr//business/buyer/buyer_view.do?menuCode=030500&buyNo=3010,
3009,Dancom Telecommunications (M) Sdn Bhd,Malaysia / Selangor Darul Ehsan,60 379 668 888,2019.01.24,https://www.globalict.kr//business/buyer/buyer_view.do?menuCode=030500&buyNo=3009,
3008,PT. Neuronworks Indonesia,Indonesia / Bandung,62 22 8730 9898,2019.01.24,https://www.globalict.kr//business/buyer/buyer_view.do?menuCode=030500&buyNo=3008,
3007,PT Softbless Solutions,Indonesia / Jakarta,62 21 8591 8058,2019.01.24,https://www.globalict.kr//business/buyer/buyer_view.do?menuCode=030500&buyNo=3007,
3006,PT. Manna Solusindo (MANNA SOLUSINDO),Indonesia / Selatan,62 21 538 4304,2019.01.24,https://www.globalict.kr//business/buyer/buyer_view.do?menuCode=030500&buyNo=3006,
3005,PT Abyor International,Indonesia / Selatan,62 21 2900 4532,2019.01.24,https://www.globalict.kr//business/buyer/buyer_view.do?menuCode=030500&buyNo=3005,
3004,PT. Adicipta Inovasi Teknologi (Ad-Ins),Indonesia / Jakarta,62 21 5367 3030,2019.01.24,https://www.globalict.kr//business/buyer/buyer_view.do?menuCode=030500&buyNo=3004,
3003,FPS (M) Sdn. Bhd.,Malaysia / Kuala Lumpur,60 3 9058 1317,2019.01.24,https://www.globalict.kr//business/buyer/buyer_view.do?menuCode=030500&buyNo=3003,
3000,Novatis Resources Sdn. Bhd.,Malaysia / Selangor Darul Ehsan,60 3 8322 8648,2019.01.23,https://www.globalict.kr//business/buyer/buyer_view.do?menuCode=030500&buyNo=3000,
2999,Pavilion Solutions Sdn. Bhd. (PSSB),Indonesia / Selangor,62 1700 81 6633,2019.01.23,https://www.globalict.kr//business/buyer/buyer_view.do?menuCode=030500&buyNo=2999,
2998,PT. Graha Technosoft Informatika,Indonesia / Jakarta,62 21 565 8566,2019.01.23,https://www.globalict.kr//business/buyer/buyer_view.do?menuCode=030500&buyNo=2998,
2997,Jasnita,Indonesia / Jakarta,62 21 2856 5288,2019.01.23,https://www.globalict.kr//business/buyer/buyer_view.do?menuCode=030500&buyNo=2997,
2996,Astindo,Indonesia / Jakarta,62 21 6003688,2019.01.23,https://www.globalict.kr//business/buyer/buyer_view.do?menuCode=030500&buyNo=2996,
2995,PT Integra Pratama,Indonesia / Jakarta,62 21 530 3708,2019.01.23,https://www.globalict.kr//business/buyer/buyer_view.do?menuCode=030500&buyNo=2995,
2994,PT. Docotel Technology,Indonesia / Jakarta,62 21 630 2626,2019.01.23,https://www.globalict.kr//business/buyer/buyer_view.do?menuCode=030500&buyNo=2994,
2976,PT. SANGKURIANG INTERNATIONAL,Bandung / Indonesia,62 22 2041802,2019.01.21,https://www.globalict.kr//business/buyer/buyer_view.do?menuCode=030500&buyNo=2976,
2975,WANZU GROUP,Selangor / Indonesia,62 603 6120 2711,2019.01.21,https://www.globalict.kr//business/buyer/buyer_view.do?menuCode=030500&buyNo=2975,
2974,PT Asiasoft Nusantara,Indonesia / Jakarta,62 21 2967 2300,2019.01.21,https://www.globalict.kr//business/buyer/buyer_view.do?menuCode=030500&buyNo=2974,
2973,PT DINAMIKA METAMORFOSA,Indonesia / Jakarta Selatan,62 21 8282988,2019.01.21,https://www.globalict.kr//business/buyer/buyer_view.do?menuCode=030500&buyNo=2973,
2972,Walden Global Services (WGS),Indonesia / Bandung,62 22 603 4882,2019.01.21,https://www.globalict.kr//business/buyer/buyer_view.do?menuCode=030500&buyNo=2972,
2971,PT. Megadata Solusi Integrasi,Indonesia / Jakarta,62 21 3006 7817,2019.01.21,https://www.globalict.kr//business/buyer/buyer_view.do?menuCode=030500&buyNo=2971,
2970,PT. Jabikha Teknologi Indonesia,Indonesia / Jakarta,62 0877 70 000087,2019.01.21,https://www.globalict.kr//business/buyer/buyer_view.do?menuCode=030500&buyNo=2970,
2969,PT. MITRASOFT INFONET,Indonesia / Jakarta,62 21 6326533,2019.01.21,https://www.globalict.kr//business/buyer/buyer_view.do?menuCode=030500&buyNo=2969,
2968,Xmeg Technologies Sdn Bhd,Indonesia / Selangor,603 7728 3006,2019.01.21,https://www.globalict.kr//business/buyer/buyer_view.do?menuCode=030500&buyNo=2968,
2967,HPT,Vietnam / HCM,84 28 54 123 400 ,2019.01.21,https://www.globalict.kr//business/buyer/buyer_view.do?menuCode=030500&buyNo=2967,
2966,VU THAO,Vietnam / HCM,84 28 3636 2779,2019.01.21,https://www.globalict.kr//business/buyer/buyer_view.do?menuCode=030500&buyNo=2966,
2965,CSPM Sdn. Bhd.,Malaysia / Selangor,603 6143 7700   ,2019.01.21,https://www.globalict.kr//business/buyer/buyer_view.do?menuCode=030500&buyNo=2965,
2955,Tinh Van,Vietnam / Hanoi,84 4 3558 9970 ,2019.01.16,https://www.globalict.kr//business/buyer/buyer_view.do?menuCode=030500&buyNo=2955,
2954,Vietnam Software Solution,Vietnam / Hanoi,84 4 62 824 368,2019.01.16,https://www.globalict.kr//business/buyer/buyer_view.do?menuCode=030500&buyNo=2954,
2953,iSoftco,Vietnam / Hanoi,84 24 3787 501 8 ,2019.01.16,https://www.globalict.kr//business/buyer/buyer_view.do?menuCode=030500&buyNo=2953,
2952,ST&T TO？N C？U,Vietnam / Hanoi,84 2432 665 363,2019.01.16,https://www.globalict.kr//business/buyer/buyer_view.do?menuCode=030500&buyNo=2952,
2951,CMC SOFT,Vietnam / Hanoi,84 4 3943 9066,2019.01.16,https://www.globalict.kr//business/buyer/buyer_view.do?menuCode=030500&buyNo=2951,
2950,FSI,Vietnam / Hanoi,84 243 7675 677,2019.01.16,https://www.globalict.kr//business/buyer/buyer_view.do?menuCode=030500&buyNo=2950,
2949,Alphamatic,Malaysia / Selangor,603 8060 3836,2019.01.16,https://www.globalict.kr//business/buyer/buyer_view.do?menuCode=030500&buyNo=2949,
2948,NIGHT ELECTRONICS (M) SDN BHD,Malaysia / Selangor,603 42701020 ,2019.01.16,https://www.globalict.kr//business/buyer/buyer_view.do?menuCode=030500&buyNo=2948,
2947,Cloud Office,Vietnam / Hanoi,84 024 3754 5222,2019.01.16,https://www.globalict.kr//business/buyer/buyer_view.do?menuCode=030500&buyNo=2947,
2946,IshanTech (M) Sdn Bhd,Malaysia / Selangor,60 3 7931 9471,2019.01.16,https://www.globalict.kr//business/buyer/buyer_view.do?menuCode=030500&buyNo=2946,
2945,TMT Solutions Sdn Bhd,Malaysia / Kuala Lumpur,60 3 9201 7032,2019.01.16,https://www.globalict.kr//business/buyer/buyer_view.do?menuCode=030500&buyNo=2945,
2944,Winsource Technologies Sdn. Bhd.,Malaysia / Selangor,60 3 7832 0121,2019.01.16,https://www.globalict.kr//business/buyer/buyer_view.do?menuCode=030500&buyNo=2944,
2943,Secop Solutions Sdn Bhd,Malaysia / Selangor,6010 878 8869,2019.01.16,https://www.globalict.kr//business/buyer/buyer_view.do?menuCode=030500&buyNo=2943,
2942,Aviven Kuala Lumpur Office,Malaysia / Kuala Lumpur,603 7610 3602,2019.01.16,https://www.globalict.kr//business/buyer/buyer_view.do?menuCode=030500&buyNo=2942,
2941,YTH INFO IT Centre,Malaysia / Selangor,603 6157 6680,2019.01.16,https://www.globalict.kr//business/buyer/buyer_view.do?menuCode=030500&buyNo=2941,
2940,Cofreth (M) Sdn Bhd,Malaysia / Selangor,603 8023 8878,2019.01.16,https://www.globalict.kr//business/buyer/buyer_view.do?menuCode=030500&buyNo=2940,
2939,Anewtech Systems Sdn Bhd,Malaysia / Selangor,603 7887 6820,2019.01.16,https://www.globalict.kr//business/buyer/buyer_view.do?menuCode=030500&buyNo=2939,
2938,Enthu Technology Sdn. Bhd.,Malaysia / Selangor,603 5122 0760,2019.01.16,https://www.globalict.kr//business/buyer/buyer_view.do?menuCode=030500&buyNo=2938,
2937,Shana IT Sdn Bhd,Malaysia / Selangor,6 018 229 8263,2019.01.16,https://www.globalict.kr//business/buyer/buyer_view.do?menuCode=030500&buyNo=2937,
2936,Powerware Systems Sdn. Bhd. (PWS),Malaysia / Selangor,603 7781 2908,2019.01.16,https://www.globalict.kr//business/buyer/buyer_view.do?menuCode=030500&buyNo=2936,
2935,DCD TECHNOLOGY SDN BHD,Malaysia / Selangor,603 2054 2722,2019.01.16,https://www.globalict.kr//business/buyer/buyer_view.do?menuCode=030500&buyNo=2935,
2934,VESC Solution Sdn Bhd,Malaysia / Selangor,60 1 700 81 5648,2019.01.16,https://www.globalict.kr//business/buyer/buyer_view.do?menuCode=030500&buyNo=2934,
2933,NH2,Malaysia / Selangor,60 3 74911830,2019.01.16,https://www.globalict.kr//business/buyer/buyer_view.do?menuCode=030500&buyNo=2933,
2932,TFP SOLUTIONS BERHAD,Malaysia / Selangor,603 8060 0088,2019.01.16,https://www.globalict.kr//business/buyer/buyer_view.do?menuCode=030500&buyNo=2932,
2931,Network Alliance Technology Sdn Bhd,Malaysia / Selangor,603 8060 2086,2019.01.16,https://www.globalict.kr//business/buyer/buyer_view.do?menuCode=030500&buyNo=2931,
2930,RAFATECH SYSTEM SDN BHD,Malaysia / Kuala Lumpur,60 3 9055 4666,2019.01.16,https://www.globalict.kr//business/buyer/buyer_view.do?menuCode=030500&buyNo=2930,
2929,ACN Secure Solutions Sdn Bhd,Malaysia / Kuala Lumpur,60 3 2711 7323,2019.01.16,https://www.globalict.kr//business/buyer/buyer_view.do?menuCode=030500&buyNo=2929,
2928,Spectorsoft Solutions Sdn Bhd,Malaysia / Petaling Jaya,60 3 2726 2549,2019.01.16,https://www.globalict.kr//business/buyer/buyer_view.do?menuCode=030500&buyNo=2928,
2927,Altus Solutions Sdn Bhd,Malaysia / Kuala Lumpur,60 3 4041 8615,2019.01.16,https://www.globalict.kr//business/buyer/buyer_view.do?menuCode=030500&buyNo=2927,
2926,Bright Nexus (M) Sdn Bhd,Malaysia / Kuala Lumpur,603 9057 7177,2019.01.16,https://www.globalict.kr//business/buyer/buyer_view.do?menuCode=030500&buyNo=2926,
2925,FIRMUS SDN BHD,Malaysia / Kuala Lumpur,603 6204 0808 ,2019.01.16,https://www.globalict.kr//business/buyer/buyer_view.do?menuCode=030500&buyNo=2925,
2922,ADF Technologies Sdn Bhd,Malaysia / Petaling Jaya,604 643 3636,2019.01.16,https://www.globalict.kr//business/buyer/buyer_view.do?menuCode=030500&buyNo=2922,
2921,Haynik Holding Sdn Bhd,Malaysia / Kuala Lumpur,60 3 8942 5484,2019.01.16,https://www.globalict.kr//business/buyer/buyer_view.do?menuCode=030500&buyNo=2921,
2920,Synchroweb Technology (M) Sdn. Bhd.,Malaysia / Selangor,60 3 5880 5486 ,2019.01.16,https://www.globalict.kr//business/buyer/buyer_view.do?menuCode=030500&buyNo=2920,
2919,Y5ZONE Malaysia,Malaysia / Kuala Lumpur,60 1117 226 226,2019.01.16,https://www.globalict.kr//business/buyer/buyer_view.do?menuCode=030500&buyNo=2919,
2918,Athene Softech (M) Sdn Bhd,Malaysia / Ampang,60 3 4270 4109,2019.01.16,https://www.globalict.kr//business/buyer/buyer_view.do?menuCode=030500&buyNo=2918,
2917,VYROX International Sdn Bhd,Malaysia / Seri Kembangan,60 3 8213 6222,2019.01.16,https://www.globalict.kr//business/buyer/buyer_view.do?menuCode=030500&buyNo=2917,
2916,Extol Corporation Sdn Bhd,Malaysia / Kuala Lumpur,60 3 2181 3666,2019.01.16,https://www.globalict.kr//business/buyer/buyer_view.do?menuCode=030500&buyNo=2916,
2915,Infinite Data Sdn Bhd,Malaysia / Selangor Darul Ehsan,603 7956 8688,2019.01.16,https://www.globalict.kr//business/buyer/buyer_view.do?menuCode=030500&buyNo=2915,
2914,I Divine Technology (M) Sdn. Bhd.,Malaysia / Kuala Lumpur,60 3 9059 1202,2019.01.16,https://www.globalict.kr//business/buyer/buyer_view.do?menuCode=030500&buyNo=2914,
2913,HEITECH MANAGED SERVICES SDN BHD,Malaysia / Shah Alam,60 3 8026 8126,2019.01.16,https://www.globalict.kr//business/buyer/buyer_view.do?menuCode=030500&buyNo=2913,
2912,DSTech Systems Sdn Bhd,Malaysia / Kuala Lumpur,60 3 7980 0943,2019.01.16,https://www.globalict.kr//business/buyer/buyer_view.do?menuCode=030500&buyNo=2912,
2911,Emgraft Systems,Malaysia / Selangor,60 3 8959 1928,2019.01.16,https://www.globalict.kr//business/buyer/buyer_view.do?menuCode=030500&buyNo=2911,
2910,TECH TITAN Sdn Bhd,Malaysia / Kuala Lumpur,60 3 2298 0399,2019.01.16,https://www.globalict.kr//business/buyer/buyer_view.do?menuCode=030500&buyNo=2910,
2909,Intellego Solutions Sdn Bhd.,Malaysia / Kuala Lumpur,60 3 9054 3381,2019.01.16,https://www.globalict.kr//business/buyer/buyer_view.do?menuCode=030500&buyNo=2909,
2908,Bridgenet Solutions Sdn Bhd,Malaysia / Kuala Lumpur,60 3 6206 0030,2019.01.16,https://www.globalict.kr//business/buyer/buyer_view.do?menuCode=030500&buyNo=2908,
2907,Glocomp Systems (M) Sdn Bhd,Malaysia / Petaling Jaya,60 3 7652 1188,2019.01.16,https://www.globalict.kr//business/buyer/buyer_view.do?menuCode=030500&buyNo=2907,
2670,E-World Communication Sdn Bhd,Malaysia / Petaling Jaya,60 3 7728 2696,2018.10.25,https://www.globalict.kr//business/buyer/buyer_view.do?menuCode=030500&buyNo=2670,
2669,NCore Systems Sdn. Bhd.,Malaysia / Kuala Lumpur,60 3 6201 0206,2018.10.25,https://www.globalict.kr//business/buyer/buyer_view.do?menuCode=030500&buyNo=2669,
2668,Trans Niaga Sdn. Bhd.,Malaysia / Petaling Jaya,60 3 7960 9570,2018.10.25,https://www.globalict.kr//business/buyer/buyer_view.do?menuCode=030500&buyNo=2668,
2667,SecurePath Sdn Bhd,Malaysia / Kuala Lumpur,60 3 2785 0498,2018.10.25,https://www.globalict.kr//business/buyer/buyer_view.do?menuCode=030500&buyNo=2667,
2666,Evault Technologies Sdn Bhd.,Malaysia / Kuala Lumpur,60 3 4217 7878,2018.10.25,https://www.globalict.kr//business/buyer/buyer_view.do?menuCode=030500&buyNo=2666,
2665,Securesoft Technologies Sdn Bhd,Malaysia / Kuala Lumpur,60 3 2149 9278,2018.10.25,https://www.globalict.kr//business/buyer/buyer_view.do?menuCode=030500&buyNo=2665,
2664,Inphosoft Malaysia Sdn Bhd,Malaysia / Kuala Lumpur,60 3 2202 2880,2018.10.25,https://www.globalict.kr//business/buyer/buyer_view.do?menuCode=030500&buyNo=2664,
2663,Nexagate,Malaysia / Kuala Lumpur,60 3 2242 0342,2018.10.25,https://www.globalict.kr//business/buyer/buyer_view.do?menuCode=030500&buyNo=2663,
2662,Matrix Invent MSC Sdn Bhd,Malaysia / Petaling Jaya,60 3 7722 2035,2018.10.25,https://www.globalict.kr//business/buyer/buyer_view.do?menuCode=030500&buyNo=2662,
2661,SecureMetric Technology Sdn. Bhd.,Malaysia / Kuala Lumpur,60 3 8996 8225,2018.10.25,https://www.globalict.kr//business/buyer/buyer_view.do?menuCode=030500&buyNo=2661,
2587,Worldtech Solutions Sdn Bhd,Malaysia / Selangor,60 3 6142 3598,2018.09.28,https://www.globalict.kr//business/buyer/buyer_view.do?menuCode=030500&buyNo=2587,
2586,System Management Services Sdn Bhd,Malaysia / Selangor,60 3 7804 0288,2018.09.28,https://www.globalict.kr//business/buyer/buyer_view.do?menuCode=030500&buyNo=2586,
2585,Pedoman Networks Sdn. Bhd.,Malaysia / Selangor,603 8071 6200,2018.09.28,https://www.globalict.kr//business/buyer/buyer_view.do?menuCode=030500&buyNo=2585,
2584,Asia Techbiz Sdn Bhd,Malaysia / Selangor,6010 454 1534,2018.09.28,https://www.globalict.kr//business/buyer/buyer_view.do?menuCode=030500&buyNo=2584,
2583,Corevate System Sendirian Berhad,Malaysia / Selangor,60 3 5022 9999,2018.09.28,https://www.globalict.kr//business/buyer/buyer_view.do?menuCode=030500&buyNo=2583,
2582,Infinitium,Malaysia / Selangor,603 7890 0058,2018.09.28,https://www.globalict.kr//business/buyer/buyer_view.do?menuCode=030500&buyNo=2582,
2581,Servnet Solutions Sdn Bhd,Malaysia / Selangor,60 16 2253328,2018.09.28,https://www.globalict.kr//business/buyer/buyer_view.do?menuCode=030500&buyNo=2581,
2580,Blue Fortress Sdn. Bhd.,Malaysia / Selangor,60 3 6150 4522,2018.09.28,https://www.globalict.kr//business/buyer/buyer_view.do?menuCode=030500&buyNo=2580,
2579,Penril Datability (M) Sdn Bhd,Malaysia / Kuala Lumpur,603 6201 2622,2018.09.28,https://www.globalict.kr//business/buyer/buyer_view.do?menuCode=030500&buyNo=2579,
2578,Westech Systems Pte Ltd,Singapore,65 6745 0368 ,2018.09.28,https://www.globalict.kr//business/buyer/buyer_view.do?menuCode=030500&buyNo=2578,
2549,Comtech Network Solutions,Singapore,65 3151 1801,2018.09.14,https://www.globalict.kr//business/buyer/buyer_view.do?menuCode=030500&buyNo=2549,
2548,Pantropic Online,Singapore,65 6411 0000,2018.09.14,https://www.globalict.kr//business/buyer/buyer_view.do?menuCode=030500&buyNo=2548,
2547,Amnet Technology Pte Ltd,Singapore,65 6741 9822,2018.09.14,https://www.globalict.kr//business/buyer/buyer_view.do?menuCode=030500&buyNo=2547,
2546,Eprom Data Systems Pte Ltd,Singapore,65 6339 9792,2018.09.14,https://www.globalict.kr//business/buyer/buyer_view.do?menuCode=030500&buyNo=2546,
2545,apixel it support,Singapore,65 6639 1839,2018.09.14,https://www.globalict.kr//business/buyer/buyer_view.do?menuCode=030500&buyNo=2545,
2544,i-Sprint Innovations Pte Ltd,Singapore,65 6244 3900,2018.09.14,https://www.globalict.kr//business/buyer/buyer_view.do?menuCode=030500&buyNo=2544,
2543,DT Asia Pte Ltd,Singapore,65 8799 9213,2018.09.14,https://www.globalict.kr//business/buyer/buyer_view.do?menuCode=030500&buyNo=2543,
2542,manage engine (Zoho Corporation Pte Ltd. Singapore),Singapore,65 6334 4486,2018.09.14,https://www.globalict.kr//business/buyer/buyer_view.do?menuCode=030500&buyNo=2542,
2541,hillstone networks,Singapore,65 6678 7660,2018.09.14,https://www.globalict.kr//business/buyer/buyer_view.do?menuCode=030500&buyNo=2541,
2540,Rune Information Security Corporation,Singapore,65 6887 2234,2018.09.14,https://www.globalict.kr//business/buyer/buyer_view.do?menuCode=030500&buyNo=2540,
2539,Providence Solutions Singapore,Singapore,65 9670 7089,2018.09.14,https://www.globalict.kr//business/buyer/buyer_view.do?menuCode=030500&buyNo=2539,
2538,Halodata International Pte Ltd,Singapore,65 6336 7537,2018.09.14,https://www.globalict.kr//business/buyer/buyer_view.do?menuCode=030500&buyNo=2538,
2537,Data Terminator Pte Ltd,Singapore,65 6463 9212,2018.09.14,https://www.globalict.kr//business/buyer/buyer_view.do?menuCode=030500&buyNo=2537,
2536,Netrust,Singapore,65 6212 1388,2018.09.14,https://www.globalict.kr//business/buyer/buyer_view.do?menuCode=030500&buyNo=2536,
2535,Stone Forest IT Pte Ltd,Singapore,65 6533 7600,2018.09.14,https://www.globalict.kr//business/buyer/buyer_view.do?menuCode=030500&buyNo=2535,
2534,IT Solution Pte. Ltd.,Singapore,65 6690 3275,2018.09.14,https://www.globalict.kr//business/buyer/buyer_view.do?menuCode=030500&buyNo=2534,
2533,Datum Technology PTE LTD,Singapore,65 6842 6966,2018.09.14,https://www.globalict.kr//business/buyer/buyer_view.do?menuCode=030500&buyNo=2533,
2532,HAN Technology Pte Ltd,Singapore,65 6741 5689,2018.09.14,https://www.globalict.kr//business/buyer/buyer_view.do?menuCode=030500&buyNo=2532,
2531,Meridian IT Solutions Pte. Ltd.,Singapore,65 6686 3307,2018.09.14,https://www.globalict.kr//business/buyer/buyer_view.do?menuCode=030500&buyNo=2531,
2530,SQLNet Pte Ltd,Singapore,65 66343698,2018.09.14,https://www.globalict.kr//business/buyer/buyer_view.do?menuCode=030500&buyNo=2530,
2496,Optimisy,UAE / Dubai,971 50 1806000,2018.08.23,https://www.globalict.kr//business/buyer/buyer_view.do?menuCode=030500&buyNo=2496,AE
2495,TechVista Systems FZ-LLC,UAE / Dubai,971 4 369 3525,2018.08.23,https://www.globalict.kr//business/buyer/buyer_view.do?menuCode=030500&buyNo=2495,AE
2494,OTSI,India / Hyderabad,91 40 4425 1111,2018.08.23,https://www.globalict.kr//business/buyer/buyer_view.do?menuCode=030500&buyNo=2494,
2493,Intelligent Business Technologies (IBT),UAE / Dubai,971 4 5548666,2018.08.23,https://www.globalict.kr//business/buyer/buyer_view.do?menuCode=030500&buyNo=2493,AE
2492,Infas ME,UAE / Dubai,971 4 2973775,2018.08.23,https://www.globalict.kr//business/buyer/buyer_view.do?menuCode=030500&buyNo=2492,AE
2491,SquareOne Technologies,UAE / Dubai,971 4 4472100,2018.08.23,https://www.globalict.kr//business/buyer/buyer_view.do?menuCode=030500&buyNo=2491,AE
2490,Computer Network Systems,UAE / Dubai,971 4 238 4400,2018.08.23,https://www.globalict.kr//business/buyer/buyer_view.do?menuCode=030500&buyNo=2490,AE
2489,MAP (Al Mazroui & Partners L.L.C),UAE / Abu Dhabi,971 2 674 5151,2018.08.23,https://www.globalict.kr//business/buyer/buyer_view.do?menuCode=030500&buyNo=2489,
2488,Condo Protego,UAE / Dubai,971 4 3642686,2018.08.23,https://www.globalict.kr//business/buyer/buyer_view.do?menuCode=030500&buyNo=2488,AE
2487,Next IT & Systems,UAE / Abu Dhabi,971 58 154 6178,2018.08.23,https://www.globalict.kr//business/buyer/buyer_view.do?menuCode=030500&buyNo=2487,
2463,Hexabts,UAE / Abu Dhabi,971 553353455,2018.08.09,https://www.globalict.kr//business/buyer/buyer_view.do?menuCode=030500&buyNo=2463,
2462,ixtel,UAE / Dubai,971 4 342 3366,2018.08.09,https://www.globalict.kr//business/buyer/buyer_view.do?menuCode=030500&buyNo=2462,AE
2461,Appsintegra,UAE / Dubai,971 45515643,2018.08.09,https://www.globalict.kr//business/buyer/buyer_view.do?menuCode=030500&buyNo=2461,AE
2460,insight UAE,UAE / Dubai,971 4 431 4658,2018.08.09,https://www.globalict.kr//business/buyer/buyer_view.do?menuCode=030500&buyNo=2460,AE
2459,Spusht Technologies LLC,UAE / Dubai,971 4 457 2302,2018.08.09,https://www.globalict.kr//business/buyer/buyer_view.do?menuCode=030500&buyNo=2459,AE
2458,Edgematics,UAE / Dubai,971 4 456 6824,2018.08.09,https://www.globalict.kr//business/buyer/buyer_view.do?menuCode=030500&buyNo=2458,AE
2457,Finesse,UAE / Dubai,971 436 87855,2018.08.09,https://www.globalict.kr//business/buyer/buyer_view.do?menuCode=030500&buyNo=2457,AE
2456,SYNTAX Diamond Information Systems LLC,UAE / Dubai,971 2 562 7803,2018.08.09,https://www.globalict.kr//business/buyer/buyer_view.do?menuCode=030500&buyNo=2456,AE
2455,SAMATechnology Electronics Trading LLC,UAE / Dubai,971 4 2765792,2018.08.09,https://www.globalict.kr//business/buyer/buyer_view.do?menuCode=030500&buyNo=2455,AE
2454,StorIT Distribution,UAE / Dubai,971 4 881 9690,2018.08.09,https://www.globalict.kr//business/buyer/buyer_view.do?menuCode=030500&buyNo=2454,AE
2446,GULF CYBER,UAE / Dubai,971 2 644 5838,2018.08.02,https://www.globalict.kr//business/buyer/buyer_view.do?menuCode=030500&buyNo=2446,AE
2445,OMNIX INTERNATIONAL,UAE / Dubai,971 4 366 9555,2018.08.02,https://www.globalict.kr//business/buyer/buyer_view.do?menuCode=030500&buyNo=2445,AE
2444,COMMIT,UAE / Dubai,971 800 266648,2018.08.02,https://www.globalict.kr//business/buyer/buyer_view.do?menuCode=030500&buyNo=2444,AE
2443,Bahri & Mazroei Technical Systems Co,UAE / Dubai,971 4 269 9051 ,2018.08.02,https://www.globalict.kr//business/buyer/buyer_view.do?menuCode=030500&buyNo=2443,AE
2442,Atlas Telecom,UAE / Abu Dhabi,971 2 612 7500,2018.08.02,https://www.globalict.kr//business/buyer/buyer_view.do?menuCode=030500&buyNo=2442,
2441,Alpha Plus Security Systems,UAE / Dubai,971 4250 4448,2018.08.02,https://www.globalict.kr//business/buyer/buyer_view.do?menuCode=030500&buyNo=2441,AE
2440,MVP Tech G.T. LLC,UAE / Dubai,971 4 323 5651,2018.08.02,https://www.globalict.kr//business/buyer/buyer_view.do?menuCode=030500&buyNo=2440,AE
2439,Alpha Data LLC,UAE / Abu Dhabi,971 2 6333644,2018.08.02,https://www.globalict.kr//business/buyer/buyer_view.do?menuCode=030500&buyNo=2439,
2438,Veritec Information Systems (Veritec),UAE / Abu Dhabi,971 2 6728233,2018.08.02,https://www.globalict.kr//business/buyer/buyer_view.do?menuCode=030500&buyNo=2438,
2437,Dubai Technologies,UAE / Dubai,971 4 2224222,2018.08.02,https://www.globalict.kr//business/buyer/buyer_view.do?menuCode=030500&buyNo=2437,AE
2427,TIS INTEGRATED SYSTEMS L.L.C.,UAE / Dubai,971 4 2946778,2018.07.26,https://www.globalict.kr//business/buyer/buyer_view.do?menuCode=030500&buyNo=2427,AE
2426,Intertec,UAE / Dubai,971 4 4479444,2018.07.26,https://www.globalict.kr//business/buyer/buyer_view.do?menuCode=030500&buyNo=2426,AE
2425,Euro Technology,UAE / Abu Dhabi,971 2 6417 222,2018.07.26,https://www.globalict.kr//business/buyer/buyer_view.do?menuCode=030500&buyNo=2425,
2424,TECPRO,UAE / Dubai,971 4 326 6881,2018.07.26,https://www.globalict.kr//business/buyer/buyer_view.do?menuCode=030500&buyNo=2424,AE
2423,ACT Technology Solutions Sdn Bhd,Singapore,60 3 3359 3284,2018.07.26,https://www.globalict.kr//business/buyer/buyer_view.do?menuCode=030500&buyNo=2423,
2422,Pacific Tech Pte Ltd,Singapore,65 6916 1800,2018.07.26,https://www.globalict.kr//business/buyer/buyer_view.do?menuCode=030500&buyNo=2422,
2421,C3S Pte Limited,Singapore,65 6455 8833,2018.07.26,https://www.globalict.kr//business/buyer/buyer_view.do?menuCode=030500&buyNo=2421,
2420,M.tech,Singapore,65 6516 0088,2018.07.26,https://www.globalict.kr//business/buyer/buyer_view.do?menuCode=030500&buyNo=2420,
2419,Optimisy,UAE / Dubai,971 50 1806000,2018.07.26,https://www.globalict.kr//business/buyer/buyer_view.do?menuCode=030500&buyNo=2419,AE
2417,Arowana Consulting Ltd,UAE / Dubai,971 436 42780,2018.07.26,https://www.globalict.kr//business/buyer/buyer_view.do?menuCode=030500&buyNo=2417,AE
2416,TechVista Systems FZ-LLC,UAE / Dubai,971 4 369 3525,2018.07.26,https://www.globalict.kr//business/buyer/buyer_view.do?menuCode=030500&buyNo=2416,AE
2415,CADD Emirates,UAE / Dubai,971 4 4471 400,2018.07.26,https://www.globalict.kr//business/buyer/buyer_view.do?menuCode=030500&buyNo=2415,AE
2414,NETWAY SOLUTIONS LLC,UAE / Dubai,971 4 2392505,2018.07.26,https://www.globalict.kr//business/buyer/buyer_view.do?menuCode=030500&buyNo=2414,AE
2413,Cloud Solutions,UAE / Dubai,971 4 254 0472,2018.07.26,https://www.globalict.kr//business/buyer/buyer_view.do?menuCode=030500&buyNo=2413,AE
2412,Information Technology Services (ITS),UAE / Dubai,971 4 3434123,2018.07.26,https://www.globalict.kr//business/buyer/buyer_view.do?menuCode=030500&buyNo=2412,AE
2411,Premier Star Technology LLC.,UAE / Dubai,971 4 427 7233,2018.07.26,https://www.globalict.kr//business/buyer/buyer_view.do?menuCode=030500&buyNo=2411,AE
2410,eMerge Technologies LLC,UAE / Dubai,971 43116585,2018.07.26,https://www.globalict.kr//business/buyer/buyer_view.do?menuCode=030500&buyNo=2410,AE
2409,KIRAN INTERNATIONAL COMPUTERS L.L.C,UAE / Dubai,971 4 3490139,2018.07.26,https://www.globalict.kr//business/buyer/buyer_view.do?menuCode=030500&buyNo=2409,AE
2408,Cynosure Solutions Fzc,UAE / Sharjah,971 6 5489686,2018.07.26,https://www.globalict.kr//business/buyer/buyer_view.do?menuCode=030500&buyNo=2408,
2350,Smart touch - IT Advanced Solutions,UAE / Dubai,971 244 595 99,2018.07.13,https://www.globalict.kr//business/buyer/buyer_view.do?menuCode=030500&buyNo=2350,AE
2349,UDK solution LLC.,UAE / Dubai,971 4 242 1375,2018.07.13,https://www.globalict.kr//business/buyer/buyer_view.do?menuCode=030500&buyNo=2349,AE
2348,SECURE TRACK Information Technology LLC,UAE / Dubai,971 4 554 6948,2018.07.13,https://www.globalict.kr//business/buyer/buyer_view.do?menuCode=030500&buyNo=2348,AE
2347,Hala Electronics Est.,UAE / Dubai,971 4 2618995,2018.07.13,https://www.globalict.kr//business/buyer/buyer_view.do?menuCode=030500&buyNo=2347,AE
2346,Smart Vision For Information Systems,UAE / Dubai,971 4 339 9664,2018.07.13,https://www.globalict.kr//business/buyer/buyer_view.do?menuCode=030500&buyNo=2346,AE
2345,Prologix Comserve JLT(Craneworks),UAE / Dubai,971 4 383 2999,2018.07.13,https://www.globalict.kr//business/buyer/buyer_view.do?menuCode=030500&buyNo=2345,AE
2344,IT SEC,UAE / Dubai,971 4 242 3608,2018.07.13,https://www.globalict.kr//business/buyer/buyer_view.do?menuCode=030500&buyNo=2344,AE
2343,CODEGREEN SYSTEMS LLC,UAE / Dubai,971 4 3434 068,2018.07.13,https://www.globalict.kr//business/buyer/buyer_view.do?menuCode=030500&buyNo=2343,AE
2342,OSI Infotech,UAE / Dubai,971 4 244 7228,2018.07.13,https://www.globalict.kr//business/buyer/buyer_view.do?menuCode=030500&buyNo=2342,AE
2341,Beta Information Technology,UAE / Dubai,971 4 706 1111,2018.07.13,https://www.globalict.kr//business/buyer/buyer_view.do?menuCode=030500&buyNo=2341,AE
2325,Data Capture Systems Co. LLC,UAE / Dubai,971 4 2946086,2018.07.05,https://www.globalict.kr//business/buyer/buyer_view.do?menuCode=030500&buyNo=2325,AE
2324,Key Information Technology LLc,UAE / Dubai,971 4 3989999,2018.07.05,https://www.globalict.kr//business/buyer/buyer_view.do?menuCode=030500&buyNo=2324,AE
2322,Precedence Technologies L.L.C. - Dubai,UAE / Dubai,971 4 2616567,2018.07.05,https://www.globalict.kr//business/buyer/buyer_view.do?menuCode=030500&buyNo=2322,AE
2321,Cognizance Technology LLC,UAE / Dubai,971 4 2286727,2018.07.05,https://www.globalict.kr//business/buyer/buyer_view.do?menuCode=030500&buyNo=2321,AE
2320,ABSONS IT,UAE / Abu Dhabi,971 2 441 0590,2018.07.05,https://www.globalict.kr//business/buyer/buyer_view.do?menuCode=030500&buyNo=2320,
2318,Blue Data,UAE / Dubai,971 4 393 1002,2018.07.05,https://www.globalict.kr//business/buyer/buyer_view.do?menuCode=030500&buyNo=2318,AE
2315,Oxygen Middle East,UAE / Dubai,971 4 454 7154,2018.07.05,https://www.globalict.kr//business/buyer/buyer_view.do?menuCode=030500&buyNo=2315,AE
2313,Security Triggers,UAE / Dubai,971 4 3208754,2018.07.05,https://www.globalict.kr//business/buyer/buyer_view.do?menuCode=030500&buyNo=2313,AE
2312,First BIT,UAE / Dubai,971 4 4396924,2018.07.05,https://www.globalict.kr//business/buyer/buyer_view.do?menuCode=030500&buyNo=2312,AE
2311,DTS Solution,UAE / Dubai,971 43383365,2018.07.05,https://www.globalict.kr//business/buyer/buyer_view.do?menuCode=030500&buyNo=2311,AE
2071,Mart Networks Tanzania Limited,탄자니아,255 784 444490,2017.12.13,https://www.globalict.kr//business/buyer/buyer_view.do?menuCode=030500&buyNo=2071,
2070,Bynet Data Communications Ltd,이스라엘,972 3 7207022,2017.12.13,https://www.globalict.kr//business/buyer/buyer_view.do?menuCode=030500&buyNo=2070,IL
2069,Fast Telecom,아랍에미리트,971 4 2997881,2017.12.13,https://www.globalict.kr//business/buyer/buyer_view.do?menuCode=030500&buyNo=2069,
2068,AGM BUSINESS LTDA,콜롬비아,571 3350666,2017.12.13,https://www.globalict.kr//business/buyer/buyer_view.do?menuCode=030500&buyNo=2068,CO
2067,SecureOne,말레이시아,603 79846086,2017.12.13,https://www.globalict.kr//business/buyer/buyer_view.do?menuCode=030500&buyNo=2067,MY
2066,Transition Systems Group(infinitedata),말레이시아,603 7956 8688  ,2017.12.13,https://www.globalict.kr//business/buyer/buyer_view.do?menuCode=030500&buyNo=2066,MY
2065,ACA Pacific Technology,싱가포르,65 6536 1728,2017.12.13,https://www.globalict.kr//business/buyer/buyer_view.do?menuCode=030500&buyNo=2065,SG
2064,GES Cambodian,캄보디아,023 880 680,2017.12.13,https://www.globalict.kr//business/buyer/buyer_view.do?menuCode=030500&buyNo=2064,KH
2063,Bao Tin Technology,베트남,028 3810 6288,2017.12.13,https://www.globalict.kr//business/buyer/buyer_view.do?menuCode=030500&buyNo=2063,VN
2062,ABM Distribution Vietnam,베트남,84 28 35171014,2017.12.13,https://www.globalict.kr//business/buyer/buyer_view.do?menuCode=030500&buyNo=2062,VN
2061,Nam Truong Son Hanoi,베트남,4 6281 8045,2017.12.13,https://www.globalict.kr//business/buyer/buyer_view.do?menuCode=030500&buyNo=2061,VN
2060,FPT,베트남,84 24 7300 7300,2017.12.13,https://www.globalict.kr//business/buyer/buyer_view.do?menuCode=030500&buyNo=2060,VN
2059,Thakral One,싱가포르,65 6536 9957,2017.12.13,https://www.globalict.kr//business/buyer/buyer_view.do?menuCode=030500&buyNo=2059,SG
2054,An Phat,베트남,024 3563 7003,2017.12.12,https://www.globalict.kr//business/buyer/buyer_view.do?menuCode=030500&buyNo=2054,VN
2053,Tran Anh,베트남,1900 545 545,2017.12.12,https://www.globalict.kr//business/buyer/buyer_view.do?menuCode=030500&buyNo=2053,VN
2052,Q2 Technologies,인도네시아,62 21 8063 6020 ,2017.12.12,https://www.globalict.kr//business/buyer/buyer_view.do?menuCode=030500&buyNo=2052,ID
2051,Aditya Infotech,인도,91 120 4555666,2017.12.12,https://www.globalict.kr//business/buyer/buyer_view.do?menuCode=030500&buyNo=2051,IN
2050,Godrej Securities,인도,1800 108 1400,2017.12.12,https://www.globalict.kr//business/buyer/buyer_view.do?menuCode=030500&buyNo=2050,IN
2049,Zoom Technologies India,인도,91 40 2339 4150,2017.12.12,https://www.globalict.kr//business/buyer/buyer_view.do?menuCode=030500&buyNo=2049,IN
2048,SSED Ltd T/A Hunters Wholesalers,영국,01628 669124,2017.12.12,https://www.globalict.kr//business/buyer/buyer_view.do?menuCode=030500&buyNo=2048,GB
2047,ADI-GARDINER Limited,영국,01706 343 343,2017.12.12,https://www.globalict.kr//business/buyer/buyer_view.do?menuCode=030500&buyNo=2047,GB
2046,Norbain,영국,0118 912 5000,2017.12.12,https://www.globalict.kr//business/buyer/buyer_view.do?menuCode=030500&buyNo=2046,GB
2045,VINX Corp,일본,81 6 63488951,2017.12.12,https://www.globalict.kr//business/buyer/buyer_view.do?menuCode=030500&buyNo=2045,JP
2044,Hitachi Solutions & Hitachi Systems,일본,81 3 3258 1111,2017.12.12,https://www.globalict.kr//business/buyer/buyer_view.do?menuCode=030500&buyNo=2044,JP
2043,"IKON Office Solutions, Inc.",미국,1 408 725 9616,2017.12.12,https://www.globalict.kr//business/buyer/buyer_view.do?menuCode=030500&buyNo=2043,US
2042,Tyco International,미국,1 414 524 1200,2017.12.12,https://www.globalict.kr//business/buyer/buyer_view.do?menuCode=030500&buyNo=2042,US
2041,Redington (India) Ltd,인도,91 44 42243353,2017.12.12,https://www.globalict.kr//business/buyer/buyer_view.do?menuCode=030500&buyNo=2041,IN
2040,ZoneOne,싱가포르,-,2017.12.12,https://www.globalict.kr//business/buyer/buyer_view.do?menuCode=030500&buyNo=2040,SG
2039,M.Tech,싱가포르,65 6516 0088,2017.12.12,https://www.globalict.kr//business/buyer/buyer_view.do?menuCode=030500&buyNo=2039,SG
2037,"ADT Security Services, Inc.",미국,1 561 988 3600,2017.12.12,https://www.globalict.kr//business/buyer/buyer_view.do?menuCode=030500&buyNo=2037,US
2036,"MA Laboratories, Inc.",미국,1 408 941 0808,2017.12.12,https://www.globalict.kr//business/buyer/buyer_view.do?menuCode=030500&buyNo=2036,US
2035,Newegg Inc.,미국,1 626 271 9700,2017.12.12,https://www.globalict.kr//business/buyer/buyer_view.do?menuCode=030500&buyNo=2035,US
2034,"ScanSource, Inc",미국,1 864 2882432,2017.12.12,https://www.globalict.kr//business/buyer/buyer_view.do?menuCode=030500&buyNo=2034,US
2033,SYNNEX Corporation,미국,1 510 6563333,2017.12.12,https://www.globalict.kr//business/buyer/buyer_view.do?menuCode=030500&buyNo=2033,US
2032,"Arrow Electronics, Inc",미국,1 303 8244000,2017.12.12,https://www.globalict.kr//business/buyer/buyer_view.do?menuCode=030500&buyNo=2032,US
1870,Tech Data Corporation,미국,1 727 5397429,2017.12.09,https://www.globalict.kr//business/buyer/buyer_view.do?menuCode=030500&buyNo=1870,US
1869,"Avnet, Inc",미국,1 480 6432000,2017.12.09,https://www.globalict.kr//business/buyer/buyer_view.do?menuCode=030500&buyNo=1869,US
1868,Ingram Micro Inc,미국,1 714 5661000,2017.12.09,https://www.globalict.kr//business/buyer/buyer_view.do?menuCode=030500&buyNo=1868,US
852,NEXURA,콜롬비아,57 2 524 0444,2016.12.26,https://www.globalict.kr//business/buyer/buyer_view.do?menuCode=030500&buyNo=852,CO
853,Microtec,베트남,84 4 3936 2428,2016.12.26,https://www.globalict.kr//business/buyer/buyer_view.do?menuCode=030500&buyNo=853,VN
854,Optimus Technology Solutions JSC,베트남,84 4 2246 9977,2016.12.26,https://www.globalict.kr//business/buyer/buyer_view.do?menuCode=030500&buyNo=854,VN
855,Vietnam Payment Solution Joint Stock Company (VNPAY),베트남,84 4 3776 4668,2016.12.26,https://www.globalict.kr//business/buyer/buyer_view.do?menuCode=030500&buyNo=855,VN
856,Vietnam Payment Technologies Joint Stock Company,베트남,84 4 3772 5376,2016.12.26,https://www.globalict.kr//business/buyer/buyer_view.do?menuCode=030500&buyNo=856,VN
857,Tri Anh Solutions,베트남,84 83 7301 7207,2016.12.26,https://www.globalict.kr//business/buyer/buyer_view.do?menuCode=030500&buyNo=857,VN
858,GLOBALFLOW,베트남,84 4 292 3831,2016.12.26,https://www.globalict.kr//business/buyer/buyer_view.do?menuCode=030500&buyNo=858,VN
859,"Global New Wave Technology Co.,Ltd",미얀마,95 9421141487,2016.12.26,https://www.globalict.kr//business/buyer/buyer_view.do?menuCode=030500&buyNo=859,MM
860,"Unified Technology Solution Co., Ltd",미얀마,95 1534614,2016.12.26,https://www.globalict.kr//business/buyer/buyer_view.do?menuCode=030500&buyNo=860,MM
861,OPM Systems Company Ltd,홍콩,852 3743 8900,2016.12.26,https://www.globalict.kr//business/buyer/buyer_view.do?menuCode=030500&buyNo=861,HK
862,iCON Business Systems Ltd.,홍콩,852 2748 3698,2016.12.26,https://www.globalict.kr//business/buyer/buyer_view.do?menuCode=030500&buyNo=862,HK
863,Weco Systems International Ltd.,나이지리아,234 14531339,2016.12.26,https://www.globalict.kr//business/buyer/buyer_view.do?menuCode=030500&buyNo=863,NG
864,Impedance Systems Company,나이지리아,"234 8023335643, 234 7087212896",2016.12.26,https://www.globalict.kr//business/buyer/buyer_view.do?menuCode=030500&buyNo=864,NG
865,UnoTelos Limited,나이지리아,"234 12702708, 234 8023699396",2016.12.26,https://www.globalict.kr//business/buyer/buyer_view.do?menuCode=030500&buyNo=865,NG
883,Martin Telecommunications Satellite Technology Industry and Trade Co.,터키,90 850 480 67 86,2016.12.26,https://www.globalict.kr//business/buyer/buyer_view.do?menuCode=030500&buyNo=883,TR
884,TARNET,터키,90 312 484 70 70,2016.12.26,https://www.globalict.kr//business/buyer/buyer_view.do?menuCode=030500&buyNo=884,TR
885,Kale Yazılım ,터키,90 312 210 17 00,2016.12.26,https://www.globalict.kr//business/buyer/buyer_view.do?menuCode=030500&buyNo=885,TR
886,Primal Digital Marketing Agency,태국,66 2038 5850,2016.12.26,https://www.globalict.kr//business/buyer/buyer_view.do?menuCode=030500&buyNo=886,TH
887,21ES,태국,66 2988 0211,2016.12.26,https://www.globalict.kr//business/buyer/buyer_view.do?menuCode=030500&buyNo=887,TH
888,Avnet Technology,태국,"66 26519 495, 66 26519 496",2016.12.26,https://www.globalict.kr//business/buyer/buyer_view.do?menuCode=030500&buyNo=888,TH
889,RFID Saudi,사우디아라비아,"966 126 543 226, 966 503 667 343",2016.12.26,https://www.globalict.kr//business/buyer/buyer_view.do?menuCode=030500&buyNo=889,SA
890,Technology Consultancy,사우디아라비아,966 126 612 348,2016.12.26,https://www.globalict.kr//business/buyer/buyer_view.do?menuCode=030500&buyNo=890,SA
891,"Doron Precision Systems, Inc.",미국,1 607 772 1610,2016.12.26,https://www.globalict.kr//business/buyer/buyer_view.do?menuCode=030500&buyNo=891,US
892,Heitech,말레이시아,60 3 8601 3000,2016.12.26,https://www.globalict.kr//business/buyer/buyer_view.do?menuCode=030500&buyNo=892,MY
893,OPEN ADVENTURE SDN BHD,말레이시아,60 3 7805 2588,2016.12.26,https://www.globalict.kr//business/buyer/buyer_view.do?menuCode=030500&buyNo=893,MY
894,Markora System,말레이시아,60 3 7980 2974,2016.12.26,https://www.globalict.kr//business/buyer/buyer_view.do?menuCode=030500&buyNo=894,MY
895,SC Systems Sdn,말레이시아,60 3 9200 6220,2016.12.26,https://www.globalict.kr//business/buyer/buyer_view.do?menuCode=030500&buyNo=895,MY
896,eNCoralDigital Sdn. Bhd.,말레이시아,60 1 9325 2380,2016.12.26,https://www.globalict.kr//business/buyer/buyer_view.do?menuCode=030500&buyNo=896,MY
897,Trend Micro,말레이시아,60 3 2772 2288,2016.12.26,https://www.globalict.kr//business/buyer/buyer_view.do?menuCode=030500&buyNo=897,MY
898,Cyberia,라오스,856 21216066,2016.12.26,https://www.globalict.kr//business/buyer/buyer_view.do?menuCode=030500&buyNo=898,LA
899,RMAlao,라오스,856 213153768,2016.12.26,https://www.globalict.kr//business/buyer/buyer_view.do?menuCode=030500&buyNo=899,LA
900,Absolute IT solutions,루마니아,40 336110101,2016.12.26,https://www.globalict.kr//business/buyer/buyer_view.do?menuCode=030500&buyNo=900,RO
840,IT Zone,몽골,976 11 323705,2016.12.26,https://www.globalict.kr//business/buyer/buyer_view.do?menuCode=030500&buyNo=840,MN
841,New Telecom,몽골,976 322787,2016.12.26,https://www.globalict.kr//business/buyer/buyer_view.do?menuCode=030500&buyNo=841,MN
842,Machworks,몽골,"976 9973 7540, 976 9595 1370, 976 9988 7114",2016.12.26,https://www.globalict.kr//business/buyer/buyer_view.do?menuCode=030500&buyNo=842,MN
843,Topica,몽골,976 7012 5001,2016.12.26,https://www.globalict.kr//business/buyer/buyer_view.do?menuCode=030500&buyNo=843,MN
844,Auri,멕시코,52 55 5539 4327,2016.12.26,https://www.globalict.kr//business/buyer/buyer_view.do?menuCode=030500&buyNo=844,MX
845,Mesquite Studio,멕시코,52 81 2881 5200,2016.12.26,https://www.globalict.kr//business/buyer/buyer_view.do?menuCode=030500&buyNo=845,MX
846,"Mu Rong Technology Co., Ltd (北京沐融信息科技有限公司)",중국,"86 10 8241 5248, 86 13 9104 3900",2016.12.26,https://www.globalict.kr//business/buyer/buyer_view.do?menuCode=030500&buyNo=846,CN
847,Trigger Networks,중국,86 21 8016 9370,2016.12.26,https://www.globalict.kr//business/buyer/buyer_view.do?menuCode=030500&buyNo=847,CN
848,Legare,중국,86 25 8429 3430,2016.12.26,https://www.globalict.kr//business/buyer/buyer_view.do?menuCode=030500&buyNo=848,CN
849,cctvmen,필리핀,63 2 553-8595,2016.12.26,https://www.globalict.kr//business/buyer/buyer_view.do?menuCode=030500&buyNo=849,PH
850,Net I Solutions,캄보디아,855 23 880 020,2016.12.26,https://www.globalict.kr//business/buyer/buyer_view.do?menuCode=030500&buyNo=850,KH
851,Datec ,캄보디아,855 23 220 831,2016.12.26,https://www.globalict.kr//business/buyer/buyer_view.do?menuCode=030500&buyNo=851,KH
866,Integrated Software Sevices Limited,나이지리아,234 8191863306,2016.12.26,https://www.globalict.kr//business/buyer/buyer_view.do?menuCode=030500&buyNo=866,NG
867,Pasternak GmbH,독일,49 2327 6008 0,2016.12.26,https://www.globalict.kr//business/buyer/buyer_view.do?menuCode=030500&buyNo=867,DE
868,iEXERGY GmbH (wibutler),독일,49 251 / 149 816 30,2016.12.26,https://www.globalict.kr//business/buyer/buyer_view.do?menuCode=030500&buyNo=868,DE
869,Web Leading Group,러시아,7 3532 55 22 43,2016.12.26,https://www.globalict.kr//business/buyer/buyer_view.do?menuCode=030500&buyNo=869,RU
870,Vakomtek Spotka Akcyjna,폴란드,48 616 529189,2016.12.26,https://www.globalict.kr//business/buyer/buyer_view.do?menuCode=030500&buyNo=870,PL
871,Smart City Krakow,폴란드,48 883 104455,2016.12.26,https://www.globalict.kr//business/buyer/buyer_view.do?menuCode=030500&buyNo=871,PL
872,RCIS,일본,81 29 861 5284,2016.12.26,https://www.globalict.kr//business/buyer/buyer_view.do?menuCode=030500&buyNo=872,JP
873,NCI,호주,02 6125 9800,2016.12.26,https://www.globalict.kr//business/buyer/buyer_view.do?menuCode=030500&buyNo=873,AU
874,Akzio,칠레,56 2 2633 73 17,2016.12.26,https://www.globalict.kr//business/buyer/buyer_view.do?menuCode=030500&buyNo=874,CL
875,Nasscom,인도,91 80 4115 1705/1706,2016.12.26,https://www.globalict.kr//business/buyer/buyer_view.do?menuCode=030500&buyNo=875,IN
876,Nuron Group.,우즈베키스탄,998 71 294 62 62,2016.12.26,https://www.globalict.kr//business/buyer/buyer_view.do?menuCode=030500&buyNo=876,UZ
877,Winncom,우즈베키스탄,998 71 150 39 39,2016.12.26,https://www.globalict.kr//business/buyer/buyer_view.do?menuCode=030500&buyNo=877,UZ
878,OLSOFT LLC,우즈베키스탄,998 94 698 2404,2016.12.26,https://www.globalict.kr//business/buyer/buyer_view.do?menuCode=030500&buyNo=878,UZ
879,Sharifa,우즈베키스탄,998 71 150 5022,2016.12.26,https://www.globalict.kr//business/buyer/buyer_view.do?menuCode=030500&buyNo=879,UZ
880,"Pasifik Cipta Mandiri, PT",인도네시아,62 21 5835 1035,2016.12.26,https://www.globalict.kr//business/buyer/buyer_view.do?menuCode=030500&buyNo=880,ID
881,Harvel,인도네시아,62 21 8064 1045,2016.12.26,https://www.globalict.kr//business/buyer/buyer_view.do?menuCode=030500&buyNo=881,ID
882,BVK Foreign Trade and Industry Company Limited,터키,90 212 322 6508,2016.12.26,https://www.globalict.kr//business/buyer/buyer_view.do?menuCode=030500&buyNo=882,TR
780,Sapura Research Sdn Bhd,말레이시아,60 1 2260 2747,2016.12.16,https://www.globalict.kr//business/buyer/buyer_view.do?menuCode=030500&buyNo=780,MY
779,Pentech Solution Sdn Bhd,말레이시아,"60 4640 5531, 60 4640 5533",2016.12.16,https://www.globalict.kr//business/buyer/buyer_view.do?menuCode=030500&buyNo=779,MY
778,PowerBloc Generation Sdn Bhd,말레이시아,60 3 2288 1175,2016.12.16,https://www.globalict.kr//business/buyer/buyer_view.do?menuCode=030500&buyNo=778,MY
777,Shinjiru International Inc.,말레이시아,603 7987 1191,2016.12.16,https://www.globalict.kr//business/buyer/buyer_view.do?menuCode=030500&buyNo=777,MY
775,Geoinfo Services Sdn Bhd,말레이시아,60 1 2242 3887,2016.12.16,https://www.globalict.kr//business/buyer/buyer_view.do?menuCode=030500&buyNo=775,MY
773,Crypton Security Sdn Bhd,말레이시아,60 3 7885 0979,2016.12.16,https://www.globalict.kr//business/buyer/buyer_view.do?menuCode=030500&buyNo=773,MY
772,Malaysia Digital Economy Corporation Sdn Bhd,말레이시아,60 3 8315 3000,2016.12.16,https://www.globalict.kr//business/buyer/buyer_view.do?menuCode=030500&buyNo=772,MY
770,E-Biz Solutions Sdn Bhd,말레이시아,60 3 7865 4684,2016.12.16,https://www.globalict.kr//business/buyer/buyer_view.do?menuCode=030500&buyNo=770,MY
769,FlexSystem (M) Sdn Bhd,말레이시아,60 3 6277 9026,2016.12.16,https://www.globalict.kr//business/buyer/buyer_view.do?menuCode=030500&buyNo=769,MY
768,DuctileTek Sdn Bhd,말레이시아,60 3 2788 4452,2016.12.16,https://www.globalict.kr//business/buyer/buyer_view.do?menuCode=030500&buyNo=768,MY
766,AXP Market Expansion Services Sdn Bhd,말레이시아,60 1 7643 1123,2016.12.16,https://www.globalict.kr//business/buyer/buyer_view.do?menuCode=030500&buyNo=766,MY
765,Smart Pixel Sdn Bhd,말레이시아,60 3 8739 4579,2016.12.16,https://www.globalict.kr//business/buyer/buyer_view.do?menuCode=030500&buyNo=765,MY
764,Fard Solutions Sdn. Bhd.,말레이시아,60 3 7972 5433,2016.12.16,https://www.globalict.kr//business/buyer/buyer_view.do?menuCode=030500&buyNo=764,MY
763,Comwise Internetwork Sdn Bhd,말레이시아,60 3 5033 1715,2016.12.16,https://www.globalict.kr//business/buyer/buyer_view.do?menuCode=030500&buyNo=763,MY
760,IT Business Solutions srl.,루마니아,40 212334256,2016.12.16,https://www.globalict.kr//business/buyer/buyer_view.do?menuCode=030500&buyNo=760,RO
759,Sii romania,루마니아,40 213202310,2016.12.16,https://www.globalict.kr//business/buyer/buyer_view.do?menuCode=030500&buyNo=759,RO
758,GTS,루마니아,40 312200200,2016.12.16,https://www.globalict.kr//business/buyer/buyer_view.do?menuCode=030500&buyNo=758,RO
757,CLUJ IT,루마니아,40 264401200,2016.12.16,https://www.globalict.kr//business/buyer/buyer_view.do?menuCode=030500&buyNo=757,RO
755,Cloud Troopers,루마니아,40 740980765,2016.12.16,https://www.globalict.kr//business/buyer/buyer_view.do?menuCode=030500&buyNo=755,RO
754,IT Six Global Service,루마니아,40 351804949,2016.12.16,https://www.globalict.kr//business/buyer/buyer_view.do?menuCode=030500&buyNo=754,RO
753,Laodigi,라오스,856 302800650,2016.12.16,https://www.globalict.kr//business/buyer/buyer_view.do?menuCode=030500&buyNo=753,LA
752,Laomobilegroup,라오스,856 21254888,2016.12.16,https://www.globalict.kr//business/buyer/buyer_view.do?menuCode=030500&buyNo=752,LA
750,LaoITDev,라오스,856 21562905,2016.12.16,https://www.globalict.kr//business/buyer/buyer_view.do?menuCode=030500&buyNo=750,LA
748,Urkund,스웨덴,46 8 738 5210,2016.12.16,https://www.globalict.kr//business/buyer/buyer_view.do?menuCode=030500&buyNo=748,SE
747,Clavister,스웨덴,46 8 545 29800,2016.12.16,https://www.globalict.kr//business/buyer/buyer_view.do?menuCode=030500&buyNo=747,SE
746,SICS,스웨덴,46 8 633 1500,2016.12.16,https://www.globalict.kr//business/buyer/buyer_view.do?menuCode=030500&buyNo=746,SE
745,Hydro66,스웨덴,46 9 214 89702,2016.12.16,https://www.globalict.kr//business/buyer/buyer_view.do?menuCode=030500&buyNo=745,SE
744,WSP,스웨덴,46 10 722 5000,2016.12.16,https://www.globalict.kr//business/buyer/buyer_view.do?menuCode=030500&buyNo=744,SE
743,POS PROPHET SYSTEMS,미국,1 866 528 4393,2016.12.16,https://www.globalict.kr//business/buyer/buyer_view.do?menuCode=030500&buyNo=743,US
742,Epicor,미국,1 800 992 9160,2016.12.16,https://www.globalict.kr//business/buyer/buyer_view.do?menuCode=030500&buyNo=742,US
741,"Lucas system, Inc.",미국,1 864 288 9122,2016.12.16,https://www.globalict.kr//business/buyer/buyer_view.do?menuCode=030500&buyNo=741,US
740,Dinerware,미국,1 206 297 0561,2016.12.16,https://www.globalict.kr//business/buyer/buyer_view.do?menuCode=030500&buyNo=740,US
739,EZ Software Solutions,미국,1 317 853 1263,2016.12.16,https://www.globalict.kr//business/buyer/buyer_view.do?menuCode=030500&buyNo=739,US
738,"Paytronix Systems, Inc.",미국,1 617 649 3300 5,2016.12.16,https://www.globalict.kr//business/buyer/buyer_view.do?menuCode=030500&buyNo=738,US
737,Agilysys,미국,1 770 810 7800,2016.12.16,https://www.globalict.kr//business/buyer/buyer_view.do?menuCode=030500&buyNo=737,US
736,pcAmerica,미국,1 845 920 0800,2016.12.16,https://www.globalict.kr//business/buyer/buyer_view.do?menuCode=030500&buyNo=736,US
735,ALDELO,미국,1 925 621 2410,2016.12.16,https://www.globalict.kr//business/buyer/buyer_view.do?menuCode=030500&buyNo=735,US
734,Metropolitan Sales Company,미국,1 516 599 7900,2016.12.16,https://www.globalict.kr//business/buyer/buyer_view.do?menuCode=030500&buyNo=734,US
733,"CRS, Inc.",미국,1 651 294 2751,2016.12.16,https://www.globalict.kr//business/buyer/buyer_view.do?menuCode=030500&buyNo=733,US
732,APS,미국,1 305 381 0902,2016.12.16,https://www.globalict.kr//business/buyer/buyer_view.do?menuCode=030500&buyNo=732,US
731,Max Flight,미국,1 732 281 2007,2016.12.16,https://www.globalict.kr//business/buyer/buyer_view.do?menuCode=030500&buyNo=731,US
730,Virtual Simtech,미국,1 409 599 7863,2016.12.16,https://www.globalict.kr//business/buyer/buyer_view.do?menuCode=030500&buyNo=730,US
729,Edward Technologies Inc.,미국,1 310 536 7070,2016.12.16,https://www.globalict.kr//business/buyer/buyer_view.do?menuCode=030500&buyNo=729,US
727,Pulse Works,미국,1 770 916 1722,2016.12.16,https://www.globalict.kr//business/buyer/buyer_view.do?menuCode=030500&buyNo=727,US
726,Amusitronix,미국,1 800 643 0589,2016.12.16,https://www.globalict.kr//business/buyer/buyer_view.do?menuCode=030500&buyNo=726,US
725,"A.C.E.S. FLIGHT SIMULATION, INC.",미국,1 952 920 3519,2016.12.16,https://www.globalict.kr//business/buyer/buyer_view.do?menuCode=030500&buyNo=725,US
724,Kramer Entertainment,미국,1 888 655 7263,2016.12.16,https://www.globalict.kr//business/buyer/buyer_view.do?menuCode=030500&buyNo=724,US
723,Specialists for Computer Systems,사우디아라비아,966 11 215 0166,2016.12.16,https://www.globalict.kr//business/buyer/buyer_view.do?menuCode=030500&buyNo=723,SA
722,QUDRA-TECH,사우디아라비아,966 112 152 003,2016.12.16,https://www.globalict.kr//business/buyer/buyer_view.do?menuCode=030500&buyNo=722,SA
721,Al Rajhi for Technology,사우디아라비아,"966 126 170 222, 966 569 937 714",2016.12.16,https://www.globalict.kr//business/buyer/buyer_view.do?menuCode=030500&buyNo=721,SA
715,ASAP Solutions,우루과이,598 2408 1699,2016.12.15,https://www.globalict.kr//business/buyer/buyer_view.do?menuCode=030500&buyNo=715,
714,Xmartslab,우루과이,598 2408 7915,2016.12.15,https://www.globalict.kr//business/buyer/buyer_view.do?menuCode=030500&buyNo=714,
713,Innvenio,우루과이,598 2626 0651,2016.12.15,https://www.globalict.kr//business/buyer/buyer_view.do?menuCode=030500&buyNo=713,
712,Top Tier Labs,우루과이,598 9147 0968,2016.12.15,https://www.globalict.kr//business/buyer/buyer_view.do?menuCode=030500&buyNo=712,
711,Codigo Del Sur,우루과이,598 2336 1732,2016.12.15,https://www.globalict.kr//business/buyer/buyer_view.do?menuCode=030500&buyNo=711,
710,Video Most,카자흐스탄,7 727 258 73 04,2016.12.15,https://www.globalict.kr//business/buyer/buyer_view.do?menuCode=030500&buyNo=710,KZ
709,Moby Dev,카자흐스탄,"7 707 465 51 11, 7 701 440 88 69",2016.12.15,https://www.globalict.kr//business/buyer/buyer_view.do?menuCode=030500&buyNo=709,KZ
708,Huawei Kazahkstan,카자흐스탄,7 727 258 88 68,2016.12.15,https://www.globalict.kr//business/buyer/buyer_view.do?menuCode=030500&buyNo=708,KZ
707,VMware Kazakhstan,카자흐스탄,7 727 311 52 56,2016.12.15,https://www.globalict.kr//business/buyer/buyer_view.do?menuCode=030500&buyNo=707,KZ
706,Power Buy Thailand,태국,66 2904 2000,2016.12.15,https://www.globalict.kr//business/buyer/buyer_view.do?menuCode=030500&buyNo=706,TH
705,Blue Zebra,태국,66 2587 9881,2016.12.15,https://www.globalict.kr//business/buyer/buyer_view.do?menuCode=030500&buyNo=705,TH
704,I-Secure ,태국,66 2615 7005,2016.12.15,https://www.globalict.kr//business/buyer/buyer_view.do?menuCode=030500&buyNo=704,TH
703,Maya Wizard,태국,66 2642 9800,2016.12.15,https://www.globalict.kr//business/buyer/buyer_view.do?menuCode=030500&buyNo=703,TH
702,T3Net International,태국,66 2657 1082,2016.12.15,https://www.globalict.kr//business/buyer/buyer_view.do?menuCode=030500&buyNo=702,TH
701,Siam-E-Commerce,태국,66 2721 4343,2016.12.15,https://www.globalict.kr//business/buyer/buyer_view.do?menuCode=030500&buyNo=701,TH
700,Brid Systems Company,태국,"66 8636 8997/2, 66 2271 4362/3",2016.12.15,https://www.globalict.kr//business/buyer/buyer_view.do?menuCode=030500&buyNo=700,TH
699,Soft Control ,태국,66 2105 4068,2016.12.15,https://www.globalict.kr//business/buyer/buyer_view.do?menuCode=030500&buyNo=699,TH
698,True Corp.,태국,66 2643 1111,2016.12.15,https://www.globalict.kr//business/buyer/buyer_view.do?menuCode=030500&buyNo=698,TH
697,PSISAT,태국,66 2730 2900,2016.12.15,https://www.globalict.kr//business/buyer/buyer_view.do?menuCode=030500&buyNo=697,TH
696,InvadeIT,태국,66 3252 0177,2016.12.15,https://www.globalict.kr//business/buyer/buyer_view.do?menuCode=030500&buyNo=696,TH
695,SAB Solutions,태국,66 2212 7821~3,2016.12.15,https://www.globalict.kr//business/buyer/buyer_view.do?menuCode=030500&buyNo=695,TH
656,OICE Automation,태국,66 2300 5072~73,2016.12.15,https://www.globalict.kr//business/buyer/buyer_view.do?menuCode=030500&buyNo=656,TH
654,SisThai ,태국,66 2020 3000,2016.12.15,https://www.globalict.kr//business/buyer/buyer_view.do?menuCode=030500&buyNo=654,TH
651,3BB,태국,66 2100 2100,2016.12.15,https://www.globalict.kr//business/buyer/buyer_view.do?menuCode=030500&buyNo=651,TH
650,Safe Coms,태국,66 2105 4520,2016.12.15,https://www.globalict.kr//business/buyer/buyer_view.do?menuCode=030500&buyNo=650,TH
649,AD System Asia,태국,66 2713 6158,2016.12.15,https://www.globalict.kr//business/buyer/buyer_view.do?menuCode=030500&buyNo=649,TH
648,Prosoft,이집트,20 2 3537 5221~4,2016.12.15,https://www.globalict.kr//business/buyer/buyer_view.do?menuCode=030500&buyNo=648,EG
647,Lifetime,이집트,20 2 2308 2134,2016.12.15,https://www.globalict.kr//business/buyer/buyer_view.do?menuCode=030500&buyNo=647,EG
646,PC Link,이집트,20 3 404 0101,2016.12.15,https://www.globalict.kr//business/buyer/buyer_view.do?menuCode=030500&buyNo=646,EG
645,eSpace,이집트,20 3 583 6891,2016.12.15,https://www.globalict.kr//business/buyer/buyer_view.do?menuCode=030500&buyNo=645,EG
644,BASS,이집트,20 2 2378 7530,2016.12.15,https://www.globalict.kr//business/buyer/buyer_view.do?menuCode=030500&buyNo=644,EG
643,TEKNA,터키,90 216 567 8087,2016.12.15,https://www.globalict.kr//business/buyer/buyer_view.do?menuCode=030500&buyNo=643,TR
642,ESE Software,터키,90 216 576 7784,2016.12.15,https://www.globalict.kr//business/buyer/buyer_view.do?menuCode=030500&buyNo=642,TR
641,More IT,터키,90 212 503 7637,2016.12.15,https://www.globalict.kr//business/buyer/buyer_view.do?menuCode=030500&buyNo=641,TR
640,ATLASTEK Software Danısmanlık ve Ticaret A.S.,터키,90 212 293 8055,2016.12.15,https://www.globalict.kr//business/buyer/buyer_view.do?menuCode=030500&buyNo=640,TR
639,Pandora X software studio,터키,90 224 442 8175,2016.12.15,https://www.globalict.kr//business/buyer/buyer_view.do?menuCode=030500&buyNo=639,TR
638,Servisnet Telekomunikasyon A.s.,터키,90 216 501 0313,2016.12.15,https://www.globalict.kr//business/buyer/buyer_view.do?menuCode=030500&buyNo=638,TR
637,Mitra Bilgisayar Yazılım ve Danısmanlık San.Tic.Ltd.sti.,터키,90 216 540 3548,2016.12.15,https://www.globalict.kr//business/buyer/buyer_view.do?menuCode=030500&buyNo=637,TR
636,Intertech Bilgi lslem ve Pazarlama Ticaret A.s.,터키,90 216 664 2000,2016.12.15,https://www.globalict.kr//business/buyer/buyer_view.do?menuCode=030500&buyNo=636,TR
633,BilgiKent Bilisim Teknolojileri Ticaret A.s.,터키,90 312 227 0632,2016.12.15,https://www.globalict.kr//business/buyer/buyer_view.do?menuCode=030500&buyNo=633,TR
630,TechSIN,터키,90 216 573 0184,2016.12.15,https://www.globalict.kr//business/buyer/buyer_view.do?menuCode=030500&buyNo=630,TR
629,Nexum Bogazici,터키,90 212 328 1929 ,2016.12.15,https://www.globalict.kr//business/buyer/buyer_view.do?menuCode=030500&buyNo=629,TR
627,NCR National Cleaning Resources ？leti？im Bilgileri,터키,90 850 532 0627,2016.12.15,https://www.globalict.kr//business/buyer/buyer_view.do?menuCode=030500&buyNo=627,TR
625,Data Market Bilgi Hizmetleri Ltd. sti.,터키,90 212 337 0707,2016.12.15,https://www.globalict.kr//business/buyer/buyer_view.do?menuCode=030500&buyNo=625,TR
624,Motto Studios,터키,90 850 403 8930,2016.12.15,https://www.globalict.kr//business/buyer/buyer_view.do?menuCode=030500&buyNo=624,TR
623,fotech,터키,90 216 456 4005,2016.12.15,https://www.globalict.kr//business/buyer/buyer_view.do?menuCode=030500&buyNo=623,TR
622,innova Bilisim Cozumleri A.s,터키,90 212 329 7000,2016.12.15,https://www.globalict.kr//business/buyer/buyer_view.do?menuCode=030500&buyNo=622,TR
621,SOFTWARE EVOLUTIVO,에콰도르,593 41 340 260,2016.12.15,https://www.globalict.kr//business/buyer/buyer_view.do?menuCode=030500&buyNo=621,
620,Business Information Solutions,에콰도르,593 2 604 4904,2016.12.15,https://www.globalict.kr//business/buyer/buyer_view.do?menuCode=030500&buyNo=620,
619,Fisa Group,에콰도르,593 2 223 7393,2016.12.15,https://www.globalict.kr//business/buyer/buyer_view.do?menuCode=030500&buyNo=619,
618,Coresolutions S.A,에콰도르,593 7 284 3991 ,2016.12.15,https://www.globalict.kr//business/buyer/buyer_view.do?menuCode=030500&buyNo=618,
617,AD HOC CONSULTORES,에콰도르,593 9 8759 8494,2016.12.15,https://www.globalict.kr//business/buyer/buyer_view.do?menuCode=030500&buyNo=617,
616,LojaSoft Solutions ,에콰도르,593 7 256 2282,2016.12.15,https://www.globalict.kr//business/buyer/buyer_view.do?menuCode=030500&buyNo=616,
615,Indosat Ooredoo,인도네시아,62 21 5438 8888,2016.12.15,https://www.globalict.kr//business/buyer/buyer_view.do?menuCode=030500&buyNo=615,ID
614,Vostra Internasional,인도네시아,62 21 9501 7205,2016.12.15,https://www.globalict.kr//business/buyer/buyer_view.do?menuCode=030500&buyNo=614,ID
613,PT Ihsan Solusi Informatika,인도네시아,62 81 2997 2083,2016.12.15,https://www.globalict.kr//business/buyer/buyer_view.do?menuCode=030500&buyNo=613,ID
611,PT Mastersystem Infotama,인도네시아,62 21 5790 1111,2016.12.15,https://www.globalict.kr//business/buyer/buyer_view.do?menuCode=030500&buyNo=611,ID
610,PT Elektrodata Sistem Integrasi,인도네시아,62 21 7975 161,2016.12.15,https://www.globalict.kr//business/buyer/buyer_view.do?menuCode=030500&buyNo=610,ID
608,Lumen21 Argentina SA,아르헨티나,54 291 430 4231,2016.12.15,https://www.globalict.kr//business/buyer/buyer_view.do?menuCode=030500&buyNo=608,AR
607,Condor Technologies,아르헨티나,54 23 6443 0190,2016.12.15,https://www.globalict.kr//business/buyer/buyer_view.do?menuCode=030500&buyNo=607,AR
606,MDE Network,아르헨티나,54 11 4381 1400,2016.12.15,https://www.globalict.kr//business/buyer/buyer_view.do?menuCode=030500&buyNo=606,AR
605,3xmgroup,아르헨티나,54 935 1253 1213,2016.12.15,https://www.globalict.kr//business/buyer/buyer_view.do?menuCode=030500&buyNo=605,AR
604,FKtech,아르헨티나,54 011 4864 4548,2016.12.15,https://www.globalict.kr//business/buyer/buyer_view.do?menuCode=030500&buyNo=604,AR
595,TAC Security,인도,91 99 8885 0821/0421,2016.12.15,https://www.globalict.kr//business/buyer/buyer_view.do?menuCode=030500&buyNo=595,IN
594,Mirox Cyber Security & Technology Pvt Ltd,인도,91 47 1401 6888,2016.12.15,https://www.globalict.kr//business/buyer/buyer_view.do?menuCode=030500&buyNo=594,IN
593,Pyramid Cyber Security and Forensics,인도,91 96 5089 4671,2016.12.15,https://www.globalict.kr//business/buyer/buyer_view.do?menuCode=030500&buyNo=593,IN
592,Network Security Solutions,인도,91 20 6060 1970/71,2016.12.15,https://www.globalict.kr//business/buyer/buyer_view.do?menuCode=030500&buyNo=592,IN
591,Net Solutions India,인도,91 17 2431 5000,2016.12.15,https://www.globalict.kr//business/buyer/buyer_view.do?menuCode=030500&buyNo=591,IN
590,Octal Info Solutions,인도,91 14 1252 5810,2016.12.15,https://www.globalict.kr//business/buyer/buyer_view.do?menuCode=030500&buyNo=590,IN
589,Chrome Infotech,인도,91 12 0425 8194,2016.12.15,https://www.globalict.kr//business/buyer/buyer_view.do?menuCode=030500&buyNo=589,IN
588,Mobisoft infotech,인도,91 20 6529 3692,2016.12.15,https://www.globalict.kr//business/buyer/buyer_view.do?menuCode=030500&buyNo=588,IN
587,Fingent,인도,91 48 4405 5006,2016.12.15,https://www.globalict.kr//business/buyer/buyer_view.do?menuCode=030500&buyNo=587,IN
586,Innofied,인도,91 98 7462 2888,2016.12.15,https://www.globalict.kr//business/buyer/buyer_view.do?menuCode=030500&buyNo=586,IN
585,Appinventiv,인도,91 88 2690 9998,2016.12.15,https://www.globalict.kr//business/buyer/buyer_view.do?menuCode=030500&buyNo=585,IN
584,Robosoftin,인도,91 94 4828 3891,2016.12.15,https://www.globalict.kr//business/buyer/buyer_view.do?menuCode=030500&buyNo=584,IN
583,Promatics,인도,91 12 4493 0770,2016.12.15,https://www.globalict.kr//business/buyer/buyer_view.do?menuCode=030500&buyNo=583,IN
582,Prismetric,인도,"91 7940 0703, 91 7940 0763",2016.12.15,https://www.globalict.kr//business/buyer/buyer_view.do?menuCode=030500&buyNo=582,IN
581,Nine Hertz ,인도,91-0141-27869/73,2016.12.15,https://www.globalict.kr//business/buyer/buyer_view.do?menuCode=030500&buyNo=581,IN
580,Hidden Brains Infotech,인도,"91 9898 0214, 91 9898 0234",2016.12.15,https://www.globalict.kr//business/buyer/buyer_view.do?menuCode=030500&buyNo=580,IN
579,Konstant Info Solutions,인도,"91 1412 2913, 91 1412 2998",2016.12.15,https://www.globalict.kr//business/buyer/buyer_view.do?menuCode=030500&buyNo=579,IN
578,OpenXcell,인도,91 999 822 2929 ,2016.12.15,https://www.globalict.kr//business/buyer/buyer_view.do?menuCode=030500&buyNo=578,IN
577,Ashok Electronicks,인도,91 22 2388 6287,2016.12.15,https://www.globalict.kr//business/buyer/buyer_view.do?menuCode=030500&buyNo=577,IN
576,ITGS,칠레,56 2 2616 2955,2016.12.15,https://www.globalict.kr//business/buyer/buyer_view.do?menuCode=030500&buyNo=576,CL
575,OK IT SOLUTIONS,칠레,56 2 3202 9377,2016.12.15,https://www.globalict.kr//business/buyer/buyer_view.do?menuCode=030500&buyNo=575,CL
574,pyvotal,칠레,56 2 2583 8101,2016.12.15,https://www.globalict.kr//business/buyer/buyer_view.do?menuCode=030500&buyNo=574,CL
573,Sonda,칠레,56 2 2657 5000,2016.12.15,https://www.globalict.kr//business/buyer/buyer_view.do?menuCode=030500&buyNo=573,CL
572,Cloudspecialists,호주,61 1300 303 388,2016.12.15,https://www.globalict.kr//business/buyer/buyer_view.do?menuCode=030500&buyNo=572,AU
571,Rubicon Red,호주,61 1300 799 959,2016.12.15,https://www.globalict.kr//business/buyer/buyer_view.do?menuCode=030500&buyNo=571,AU
570,Motion Wave Technologies,호주,61 1300 337 984,2016.12.15,https://www.globalict.kr//business/buyer/buyer_view.do?menuCode=030500&buyNo=570,AU
569,iQuest,호주,61 3 9754 1644,2016.12.15,https://www.globalict.kr//business/buyer/buyer_view.do?menuCode=030500&buyNo=569,AU
565,Zettagrid,호주,61 1300 597 656,2016.12.15,https://www.globalict.kr//business/buyer/buyer_view.do?menuCode=030500&buyNo=565,AU
564,DWS,호주,61 3 9650 9777,2016.12.15,https://www.globalict.kr//business/buyer/buyer_view.do?menuCode=030500&buyNo=564,AU
563,Salesforce,호주,61 2 9394 7300,2016.12.15,https://www.globalict.kr//business/buyer/buyer_view.do?menuCode=030500&buyNo=563,AU
562,Ethangroup,호주,61 2 8864 0000,2016.12.15,https://www.globalict.kr//business/buyer/buyer_view.do?menuCode=030500&buyNo=562,AU
561,Mintec,호주,61 3 9660 5500,2016.12.15,https://www.globalict.kr//business/buyer/buyer_view.do?menuCode=030500&buyNo=561,AU
560,Aruba networks,일본,81 3-6809-1540,2016.12.15,https://www.globalict.kr//business/buyer/buyer_view.do?menuCode=030500&buyNo=560,JP
559,"JCCH Security Solution Systems Co., Ltd.",일본,81 3 5615 1020,2016.12.15,https://www.globalict.kr//business/buyer/buyer_view.do?menuCode=030500&buyNo=559,JP
558,PBXL,일본,81 3 4550 1600,2016.12.15,https://www.globalict.kr//business/buyer/buyer_view.do?menuCode=030500&buyNo=558,JP
557,"IBSystem Co., Ltd.",일본,81 25 257 3050,2016.12.15,https://www.globalict.kr//business/buyer/buyer_view.do?menuCode=030500&buyNo=557,JP
556,IDS Corporation,일본,81 3 5484 7811,2016.12.15,https://www.globalict.kr//business/buyer/buyer_view.do?menuCode=030500&buyNo=556,JP
554,"Computec Engineering, Ltd.",일본,81 3 5225 7017,2016.12.15,https://www.globalict.kr//business/buyer/buyer_view.do?menuCode=030500&buyNo=554,JP
553,UNIADEX,일본,81 3 5546 4900,2016.12.15,https://www.globalict.kr//business/buyer/buyer_view.do?menuCode=030500&buyNo=553,JP
552,Dimension data,일본,81 3 6746 2220,2016.12.15,https://www.globalict.kr//business/buyer/buyer_view.do?menuCode=030500&buyNo=552,JP
551,Allied Telesis,일본,81 3 543 76000,2016.12.15,https://www.globalict.kr//business/buyer/buyer_view.do?menuCode=030500&buyNo=551,JP
550,Entrust japan,일본,81 3 5289 8880,2016.12.15,https://www.globalict.kr//business/buyer/buyer_view.do?menuCode=030500&buyNo=550,JP
549,"Mitsui Knowledge Industry Co., Ltd.",일본,81 3 6376 1000,2016.12.15,https://www.globalict.kr//business/buyer/buyer_view.do?menuCode=030500&buyNo=549,JP
548,"Secure Route Co., Ltd.",일본,81 3 5925 8761,2016.12.15,https://www.globalict.kr//business/buyer/buyer_view.do?menuCode=030500&buyNo=548,JP
547,F-secure,일본,81 3 3556 6201,2016.12.15,https://www.globalict.kr//business/buyer/buyer_view.do?menuCode=030500&buyNo=547,JP
546,Fusion Communications Corporation,일본,81 50 5518 8007,2016.12.15,https://www.globalict.kr//business/buyer/buyer_view.do?menuCode=030500&buyNo=546,JP
545,Qualitysoft Corporation,일본,81 3 5275 6121,2016.12.15,https://www.globalict.kr//business/buyer/buyer_view.do?menuCode=030500&buyNo=545,JP
544,Ashisuto,일본,81 3 5276 5850,2016.12.15,https://www.globalict.kr//business/buyer/buyer_view.do?menuCode=030500&buyNo=544,JP
543,"Cybernet Systems Co., Ltd.",일본,81 3 5297 3066,2016.12.15,https://www.globalict.kr//business/buyer/buyer_view.do?menuCode=030500&buyNo=543,JP
542,NTT Advanced Technology Corporation,일본,81 44 589 5894,2016.12.15,https://www.globalict.kr//business/buyer/buyer_view.do?menuCode=030500&buyNo=542,JP
541,Otsuka Corporation,일본,81 3 3264 7111,2016.12.15,https://www.globalict.kr//business/buyer/buyer_view.do?menuCode=030500&buyNo=541,JP
540,Alpha Computer,르완다,250 788 304 366,2016.12.15,https://www.globalict.kr//business/buyer/buyer_view.do?menuCode=030500&buyNo=540,
539,Intersec security,르완다,250 788 309 017,2016.12.15,https://www.globalict.kr//business/buyer/buyer_view.do?menuCode=030500&buyNo=539,
538,East African Cables,르완다,250 783 301 207,2016.12.15,https://www.globalict.kr//business/buyer/buyer_view.do?menuCode=030500&buyNo=538,
537,MTN,르완다,250 280 390 000,2016.12.15,https://www.globalict.kr//business/buyer/buyer_view.do?menuCode=030500&buyNo=537,
536,WiredIn,르완다,250 788 445 741,2016.12.15,https://www.globalict.kr//business/buyer/buyer_view.do?menuCode=030500&buyNo=536,
535,Control System FMN,폴란드,48 22 8550017,2016.12.14,https://www.globalict.kr//business/buyer/buyer_view.do?menuCode=030500&buyNo=535,PL
534,CamSat,폴란드,48 52 3871097,2016.12.14,https://www.globalict.kr//business/buyer/buyer_view.do?menuCode=030500&buyNo=534,PL
533,AGIS,폴란드,48 22 4308301,2016.12.14,https://www.globalict.kr//business/buyer/buyer_view.do?menuCode=030500&buyNo=533,PL
532,AAT Holding,폴란드,48 22 5460546,2016.12.14,https://www.globalict.kr//business/buyer/buyer_view.do?menuCode=030500&buyNo=532,PL
531,Jerba Skills,폴란드,48 53 0300101,2016.12.14,https://www.globalict.kr//business/buyer/buyer_view.do?menuCode=030500&buyNo=531,PL
530,COMP SA,폴란드,48 22 5703800,2016.12.14,https://www.globalict.kr//business/buyer/buyer_view.do?menuCode=030500&buyNo=530,PL
529,CPD SA,폴란드,48 22 321 0500,2016.12.14,https://www.globalict.kr//business/buyer/buyer_view.do?menuCode=030500&buyNo=529,PL
528,Netland,폴란드,48 89 6120730,2016.12.14,https://www.globalict.kr//business/buyer/buyer_view.do?menuCode=030500&buyNo=528,PL
527,Energia Nauka I Srodowisko,폴란드,48 33 8758075,2016.12.14,https://www.globalict.kr//business/buyer/buyer_view.do?menuCode=030500&buyNo=527,PL
526,Smart City Wroclaw,폴란드,48 71 7767146,2016.12.14,https://www.globalict.kr//business/buyer/buyer_view.do?menuCode=030500&buyNo=526,PL
525,QUMAK,폴란드,48 22 5190800,2016.12.14,https://www.globalict.kr//business/buyer/buyer_view.do?menuCode=030500&buyNo=525,PL
524,SoInteractive SA,폴란드,48 12 6877709,2016.12.14,https://www.globalict.kr//business/buyer/buyer_view.do?menuCode=030500&buyNo=524,PL
523,URSA Smart City,폴란드,48 22 2987878,2016.12.14,https://www.globalict.kr//business/buyer/buyer_view.do?menuCode=030500&buyNo=523,PL
522,Cryptomage,폴란드,48 71 7575569,2016.12.14,https://www.globalict.kr//business/buyer/buyer_view.do?menuCode=030500&buyNo=522,PL
521,PBSG,폴란드,48 61 8261152,2016.12.14,https://www.globalict.kr//business/buyer/buyer_view.do?menuCode=030500&buyNo=521,PL
520,DOM INTELIGENTNY,폴란드,48 60 4581534,2016.12.14,https://www.globalict.kr//business/buyer/buyer_view.do?menuCode=030500&buyNo=520,PL
519,F & F FILIPOWSKI SP. J.,폴란드,48 42 2270971,2016.12.14,https://www.globalict.kr//business/buyer/buyer_view.do?menuCode=030500&buyNo=519,PL
518,Platinet,폴란드,48 12 6510590,2016.12.14,https://www.globalict.kr//business/buyer/buyer_view.do?menuCode=030500&buyNo=518,PL
515,БИК-Видео,러시아,7 812 447 95 57,2016.12.14,https://www.globalict.kr//business/buyer/buyer_view.do?menuCode=030500&buyNo=515,RU
514,RVI,러시아,7 495 735 38 47,2016.12.14,https://www.globalict.kr//business/buyer/buyer_view.do?menuCode=030500&buyNo=514,RU
513,Osbez,러시아,7 909 919 02 35,2016.12.14,https://www.globalict.kr//business/buyer/buyer_view.do?menuCode=030500&buyNo=513,RU
512,Exacq Technologies,러시아,7 495 722 28 54,2016.12.14,https://www.globalict.kr//business/buyer/buyer_view.do?menuCode=030500&buyNo=512,RU
509,Арсенал,러시아,7 834 222 23 23,2016.12.14,https://www.globalict.kr//business/buyer/buyer_view.do?menuCode=030500&buyNo=509,RU
508,VNBI,러시아,7 965 610 19 24,2016.12.14,https://www.globalict.kr//business/buyer/buyer_view.do?menuCode=030500&buyNo=508,RU
507,ТехПроектСервис,러시아,7  495 766 31 71,2016.12.14,https://www.globalict.kr//business/buyer/buyer_view.do?menuCode=030500&buyNo=507,RU
506,Layta,러시아,7 495 539 53 00,2016.12.14,https://www.globalict.kr//business/buyer/buyer_view.do?menuCode=030500&buyNo=506,RU
505,Роникс,러시아,7 395 690 290,2016.12.14,https://www.globalict.kr//business/buyer/buyer_view.do?menuCode=030500&buyNo=505,RU
504,IT Security Research Center,이란,98 21 8385 7000,2016.12.14,https://www.globalict.kr//business/buyer/buyer_view.do?menuCode=030500&buyNo=504,IR
503,RETCO,이란,98 41 3557 0394,2016.12.14,https://www.globalict.kr//business/buyer/buyer_view.do?menuCode=030500&buyNo=503,IR
502,IDM,이란,98 21 8866 2416,2016.12.14,https://www.globalict.kr//business/buyer/buyer_view.do?menuCode=030500&buyNo=502,IR
501,Andisheh Negar Pars Co,이란,98 21 8884 6360,2016.12.14,https://www.globalict.kr//business/buyer/buyer_view.do?menuCode=030500&buyNo=501,IR
500,Vayaco,이란,98 28 3357 8296,2016.12.14,https://www.globalict.kr//business/buyer/buyer_view.do?menuCode=030500&buyNo=500,IR
499,Hiddn Security AS,노르웨이,47 3810 4480,2016.12.14,https://www.globalict.kr//business/buyer/buyer_view.do?menuCode=030500&buyNo=499,NO
498,Avantis Distribution AS,노르웨이,47 2305 1900,2016.12.14,https://www.globalict.kr//business/buyer/buyer_view.do?menuCode=030500&buyNo=498,NO
497,Hager og Tehalit,노르웨이,47 6791 1620,2016.12.14,https://www.globalict.kr//business/buyer/buyer_view.do?menuCode=030500&buyNo=497,NO
496,EATON,노르웨이,47 2303 6550,2016.12.14,https://www.globalict.kr//business/buyer/buyer_view.do?menuCode=030500&buyNo=496,NO
495,Micromatic Norge AS,노르웨이,"47 6677 5750, 47 919 327 901",2016.12.14,https://www.globalict.kr//business/buyer/buyer_view.do?menuCode=030500&buyNo=495,NO
494,everHome UG,독일,49 254 1888 0653,2016.12.14,https://www.globalict.kr//business/buyer/buyer_view.do?menuCode=030500&buyNo=494,DE
493,MEDION AG,독일,49 201 8383 6500,2016.12.14,https://www.globalict.kr//business/buyer/buyer_view.do?menuCode=030500&buyNo=493,DE
492,CASAIO GmbH,독일,49 936 5503 0760,2016.12.14,https://www.globalict.kr//business/buyer/buyer_view.do?menuCode=030500&buyNo=492,DE
491,ARMBOARD,독일,49 357 5471 8893,2016.12.14,https://www.globalict.kr//business/buyer/buyer_view.do?menuCode=030500&buyNo=491,DE
490,Herweck AG,독일,49 689 4388 3110,2016.12.14,https://www.globalict.kr//business/buyer/buyer_view.do?menuCode=030500&buyNo=490,DE
489,Preussen automation GmbH(CoCoSo),독일,49 880 1911 9030,2016.12.14,https://www.globalict.kr//business/buyer/buyer_view.do?menuCode=030500&buyNo=489,DE
488,Svenmayer,독일,49 67 3154 9313,2016.12.14,https://www.globalict.kr//business/buyer/buyer_view.do?menuCode=030500&buyNo=488,DE
487,Easyelektro,독일,49 20 6473 3920,2016.12.14,https://www.globalict.kr//business/buyer/buyer_view.do?menuCode=030500&buyNo=487,DE
486,sicherheitstechnik-experten,독일,49 333 9760 6103,2016.12.14,https://www.globalict.kr//business/buyer/buyer_view.do?menuCode=030500&buyNo=486,DE
485,Distrelec Schuricht GmbH,독일,49 421 3654 200,2016.12.14,https://www.globalict.kr//business/buyer/buyer_view.do?menuCode=030500&buyNo=485,DE
484,BS Jalousienprofi,독일,49 30 9835 2408,2016.12.14,https://www.globalict.kr//business/buyer/buyer_view.do?menuCode=030500&buyNo=484,DE
483,ProSando INFORMATIONSTECHNIK AG,독일,49 37 2340 1760,2016.12.14,https://www.globalict.kr//business/buyer/buyer_view.do?menuCode=030500&buyNo=483,DE
482,markenbaumarkt24 GmbH,독일,49 30 5557 4610,2016.12.14,https://www.globalict.kr//business/buyer/buyer_view.do?menuCode=030500&buyNo=482,DE
481,Expert-security,독일,49 821899493 10,2016.12.14,https://www.globalict.kr//business/buyer/buyer_view.do?menuCode=030500&buyNo=481,DE
480,Temme GmbH (hans-hats),독일,49  264 1913 9740,2016.12.14,https://www.globalict.kr//business/buyer/buyer_view.do?menuCode=030500&buyNo=480,DE
479,OBI Group Holding SE & Co.KGaA,독일,49 21 9676 3412,2016.12.14,https://www.globalict.kr//business/buyer/buyer_view.do?menuCode=030500&buyNo=479,DE
474,ESH (Easysmarthome),독일,49 940 2799 9011,2016.12.14,https://www.globalict.kr//business/buyer/buyer_view.do?menuCode=030500&buyNo=474,DE
473,mobilcom-debitel GmbH,독일,49 405 5554 1441,2016.12.14,https://www.globalict.kr//business/buyer/buyer_view.do?menuCode=030500&buyNo=473,DE
472,Just Technologies Limited,나이지리아,"234 7028732500, 234 8033431860, 234 18198509",2016.12.14,https://www.globalict.kr//business/buyer/buyer_view.do?menuCode=030500&buyNo=472,NG
470,Inlaks Computers,나이지리아,"234 14617740, 234 14617741",2016.12.14,https://www.globalict.kr//business/buyer/buyer_view.do?menuCode=030500&buyNo=470,NG
468,Arit of Africa Ltd,나이지리아,"234 17742340, 234 17926215",2016.12.14,https://www.globalict.kr//business/buyer/buyer_view.do?menuCode=030500&buyNo=468,NG
467,WiniGroup Inc.,나이지리아,"234 18436332, 234 8023000645",2016.12.14,https://www.globalict.kr//business/buyer/buyer_view.do?menuCode=030500&buyNo=467,NG
462,ITRDN Technologies,나이지리아,"234 2914543, 234 4532525, 234 8026600125",2016.12.14,https://www.globalict.kr//business/buyer/buyer_view.do?menuCode=030500&buyNo=462,NG
461,Routelink Technologies Pvt Ltd,나이지리아,234 4064150999,2016.12.14,https://www.globalict.kr//business/buyer/buyer_view.do?menuCode=030500&buyNo=461,NG
460,ULTIMEDIA,프랑스,33 6 7533 4828,2016.12.14,https://www.globalict.kr//business/buyer/buyer_view.do?menuCode=030500&buyNo=460,FR
459,Unitek France,프랑스,33 4 7289 4264,2016.12.14,https://www.globalict.kr//business/buyer/buyer_view.do?menuCode=030500&buyNo=459,FR
458,Gilles Leroux Industrie(GLI),프랑스,33 2 3870 0165,2016.12.14,https://www.globalict.kr//business/buyer/buyer_view.do?menuCode=030500&buyNo=458,FR
457,Eden Innovations,프랑스,33 4 4224 7040,2016.12.14,https://www.globalict.kr//business/buyer/buyer_view.do?menuCode=030500&buyNo=457,FR
456,Vauban Systems,프랑스,33 1 3027 2535,2016.12.14,https://www.globalict.kr//business/buyer/buyer_view.do?menuCode=030500&buyNo=456,FR
455,AX'IOM,프랑스,33 4 7297 0290,2016.12.14,https://www.globalict.kr//business/buyer/buyer_view.do?menuCode=030500&buyNo=455,FR
454,Progedys,프랑스,33 5 6704 6567,2016.12.14,https://www.globalict.kr//business/buyer/buyer_view.do?menuCode=030500&buyNo=454,FR
453,UNITECH,프랑스,33 8 0080 1255,2016.12.14,https://www.globalict.kr//business/buyer/buyer_view.do?menuCode=030500&buyNo=453,FR
452,Samuel LIEGEOIS,프랑스,33 2 4333 7947,2016.12.14,https://www.globalict.kr//business/buyer/buyer_view.do?menuCode=030500&buyNo=452,FR
451,Sofacreal,프랑스,33 1 6014 9533,2016.12.14,https://www.globalict.kr//business/buyer/buyer_view.do?menuCode=030500&buyNo=451,FR
450,Sena Computer,프랑스,33 2 4174 1374,2016.12.14,https://www.globalict.kr//business/buyer/buyer_view.do?menuCode=030500&buyNo=450,FR
449,A7 Protection,프랑스,33 1 6902 5454,2016.12.14,https://www.globalict.kr//business/buyer/buyer_view.do?menuCode=030500&buyNo=449,FR
448,AireServices,프랑스,33 2 9853 7125,2016.12.14,https://www.globalict.kr//business/buyer/buyer_view.do?menuCode=030500&buyNo=448,FR
447,Izyx Systems,프랑스,33 3 8875 3232,2016.12.14,https://www.globalict.kr//business/buyer/buyer_view.do?menuCode=030500&buyNo=447,FR
446,Serviacom,프랑스,33 3 8317 0808,2016.12.14,https://www.globalict.kr//business/buyer/buyer_view.do?menuCode=030500&buyNo=446,FR
445,MORPHOS.FR,프랑스,33 9 7017 5490,2016.12.14,https://www.globalict.kr//business/buyer/buyer_view.do?menuCode=030500&buyNo=445,FR
444,Bailtech,프랑스,33 4 9472 2114,2016.12.14,https://www.globalict.kr//business/buyer/buyer_view.do?menuCode=030500&buyNo=444,FR
443,Adessia technologies,프랑스,33 4 9238 8290,2016.12.14,https://www.globalict.kr//business/buyer/buyer_view.do?menuCode=030500&buyNo=443,FR
442,ACCOR,프랑스,33 1 5608 3600,2016.12.14,https://www.globalict.kr//business/buyer/buyer_view.do?menuCode=030500&buyNo=442,FR
441,Orcanthus,프랑스,33 3 8840 2501,2016.12.14,https://www.globalict.kr//business/buyer/buyer_view.do?menuCode=030500&buyNo=441,FR
440,Synel France,프랑스,33 1 6974 7580,2016.12.14,https://www.globalict.kr//business/buyer/buyer_view.do?menuCode=030500&buyNo=440,FR
439,Transplanet Satellite,프랑스,33 5 3425 6770,2016.12.14,https://www.globalict.kr//business/buyer/buyer_view.do?menuCode=030500&buyNo=439,FR
438,CDVI Digit,프랑스,33 1 4171 0685,2016.12.14,https://www.globalict.kr//business/buyer/buyer_view.do?menuCode=030500&buyNo=438,FR
437,Goodindustry,네덜란드,31 70 891 8463,2016.12.14,https://www.globalict.kr//business/buyer/buyer_view.do?menuCode=030500&buyNo=437,NL
436,Mactwin Security,네덜란드,31 26 479 2233,2016.12.14,https://www.globalict.kr//business/buyer/buyer_view.do?menuCode=030500&buyNo=436,NL
435,Avensus Nederland B.V.,네덜란드,31 36 539 3100 ,2016.12.14,https://www.globalict.kr//business/buyer/buyer_view.do?menuCode=030500&buyNo=435,NL
434,Cyso,네덜란드,"31 72 751 3400, 31 72 751 3405",2016.12.14,https://www.globalict.kr//business/buyer/buyer_view.do?menuCode=030500&buyNo=434,NL
433,LaSmo Security Solutions ,네덜란드,31 40 255 8080,2016.12.14,https://www.globalict.kr//business/buyer/buyer_view.do?menuCode=030500&buyNo=433,NL
432,Tenictsolutions,네덜란드,31 35 543 5857,2016.12.14,https://www.globalict.kr//business/buyer/buyer_view.do?menuCode=030500&buyNo=432,NL
431,Comsec Consulting BV,네덜란드,31 10 288 1010,2016.12.14,https://www.globalict.kr//business/buyer/buyer_view.do?menuCode=030500&buyNo=431,NL
430,"Lantech, Netherlands",네덜란드,31 88 463 7744,2016.12.14,https://www.globalict.kr//business/buyer/buyer_view.do?menuCode=030500&buyNo=430,NL
429,Keyprocessor BV,네덜란드,31 20 462 0700,2016.12.14,https://www.globalict.kr//business/buyer/buyer_view.do?menuCode=030500&buyNo=429,NL
428,QSight IT,네덜란드,31 15 888 0444,2016.12.14,https://www.globalict.kr//business/buyer/buyer_view.do?menuCode=030500&buyNo=428,NL
427,ACUTEC Limited,영국,44 1675469020,2016.12.14,https://www.globalict.kr//business/buyer/buyer_view.do?menuCode=030500&buyNo=427,GB
426,Metadigm,영국,44 1763268222,2016.12.14,https://www.globalict.kr//business/buyer/buyer_view.do?menuCode=030500&buyNo=426,GB
425,Connect Home Tech,영국,"44 2085424313, 44 7966683337",2016.12.14,https://www.globalict.kr//business/buyer/buyer_view.do?menuCode=030500&buyNo=425,GB
424,Vanti,영국,44 1212857222,2016.12.14,https://www.globalict.kr//business/buyer/buyer_view.do?menuCode=030500&buyNo=424,GB
423,enModus Limited,영국,44 1291625567,2016.12.14,https://www.globalict.kr//business/buyer/buyer_view.do?menuCode=030500&buyNo=423,GB
422,Catch IT Services Ltd,영국,44 1227206989,2016.12.14,https://www.globalict.kr//business/buyer/buyer_view.do?menuCode=030500&buyNo=422,GB
421,EC Cables UK Limited,영국,44 1948660950,2016.12.14,https://www.globalict.kr//business/buyer/buyer_view.do?menuCode=030500&buyNo=421,GB
420,Central Cables Limited,영국,44 1543422477,2016.12.14,https://www.globalict.kr//business/buyer/buyer_view.do?menuCode=030500&buyNo=420,GB
419,Genmar UK,영국,44 3304451234,2016.12.14,https://www.globalict.kr//business/buyer/buyer_view.do?menuCode=030500&buyNo=419,GB
418,AVR International Ltd.,영국,44 1189344300,2016.12.14,https://www.globalict.kr//business/buyer/buyer_view.do?menuCode=030500&buyNo=418,GB
417,Inner Media Ltd,영국,44 1707875721,2016.12.14,https://www.globalict.kr//business/buyer/buyer_view.do?menuCode=030500&buyNo=417,GB
416,E-ngage IT,영국,"44 2081231300, 44 7843301688",2016.12.14,https://www.globalict.kr//business/buyer/buyer_view.do?menuCode=030500&buyNo=416,GB
415,Click Tap Media Limited,영국,"44 8455083901, 44 8453228306",2016.12.14,https://www.globalict.kr//business/buyer/buyer_view.do?menuCode=030500&buyNo=415,GB
414,Stephen Donovan,영국,"44 1515212202, 44 2030316467",2016.12.14,https://www.globalict.kr//business/buyer/buyer_view.do?menuCode=030500&buyNo=414,GB
413,AVR International Ltd,영국,44 1189344300,2016.12.14,https://www.globalict.kr//business/buyer/buyer_view.do?menuCode=030500&buyNo=413,GB
412,Device Authority,영국,44 2037135444,2016.12.14,https://www.globalict.kr//business/buyer/buyer_view.do?menuCode=030500&buyNo=412,GB
411,Ivy Limited,영국,44 1908552900,2016.12.14,https://www.globalict.kr//business/buyer/buyer_view.do?menuCode=030500&buyNo=411,GB
410,Internal Systems Ltd,영국,44 1582714080,2016.12.14,https://www.globalict.kr//business/buyer/buyer_view.do?menuCode=030500&buyNo=410,GB
409,Quadsys Ltd,영국,44 1865845700,2016.12.14,https://www.globalict.kr//business/buyer/buyer_view.do?menuCode=030500&buyNo=409,GB
408,Reliance High-Tech Ltd,영국,44 8451210802,2016.12.14,https://www.globalict.kr//business/buyer/buyer_view.do?menuCode=030500&buyNo=408,GB
407,MEKTEL Networks,캐나다,1 855 563 5835,2016.12.14,https://www.globalict.kr//business/buyer/buyer_view.do?menuCode=030500&buyNo=407,CA
406,SHI Canada,캐나다,1 888 235 3871,2016.12.14,https://www.globalict.kr//business/buyer/buyer_view.do?menuCode=030500&buyNo=406,CA
405,Cygnos I.T. Security,캐나다,1 613 820 4547,2016.12.14,https://www.globalict.kr//business/buyer/buyer_view.do?menuCode=030500&buyNo=405,CA
404,Safety And Security Solutions,캐나다,-,2016.12.14,https://www.globalict.kr//business/buyer/buyer_view.do?menuCode=030500&buyNo=404,CA
403,WPSL Security Solutions,캐나다,1 416 222 7144,2016.12.14,https://www.globalict.kr//business/buyer/buyer_view.do?menuCode=030500&buyNo=403,CA
402,"Covert Security Solutions, Inc.",캐나다,1 604 638 2676,2016.12.14,https://www.globalict.kr//business/buyer/buyer_view.do?menuCode=030500&buyNo=402,CA
401,rSolutions,캐나다,1 306 205 1121,2016.12.14,https://www.globalict.kr//business/buyer/buyer_view.do?menuCode=030500&buyNo=401,CA
400,Guardian Security & Technology,캐나다,1 403 320 0770,2016.12.14,https://www.globalict.kr//business/buyer/buyer_view.do?menuCode=030500&buyNo=400,CA
399,NCI Secured Intelligence,캐나다,1 905 607 9777,2016.12.14,https://www.globalict.kr//business/buyer/buyer_view.do?menuCode=030500&buyNo=399,CA
398,DSolution ,캐나다,1 514 789 5888,2016.12.14,https://www.globalict.kr//business/buyer/buyer_view.do?menuCode=030500&buyNo=398,CA
397,Whatlink Software Limited,홍콩,852 23981060,2016.12.14,https://www.globalict.kr//business/buyer/buyer_view.do?menuCode=030500&buyNo=397,HK
396,CommVerge Solutions,홍콩,852 2684 9918,2016.12.14,https://www.globalict.kr//business/buyer/buyer_view.do?menuCode=030500&buyNo=396,HK
395,Macrostar System Limited,홍콩,852 2345 3601,2016.12.14,https://www.globalict.kr//business/buyer/buyer_view.do?menuCode=030500&buyNo=395,HK
394,Rainbow Tech Information (HK) Limited,홍콩,852 3610 5498,2016.12.14,https://www.globalict.kr//business/buyer/buyer_view.do?menuCode=030500&buyNo=394,HK
393,eWalker Consulting (HK) Limited,홍콩,-,2016.12.14,https://www.globalict.kr//business/buyer/buyer_view.do?menuCode=030500&buyNo=393,HK
392,i-System Technology Limited,홍콩,852 3579 4258,2016.12.14,https://www.globalict.kr//business/buyer/buyer_view.do?menuCode=030500&buyNo=392,HK
389,One Solution Limited,홍콩,852 3189 9000,2016.12.14,https://www.globalict.kr//business/buyer/buyer_view.do?menuCode=030500&buyNo=389,HK
388,Winco (pacific) Limited,홍콩,852 2857 7227,2016.12.14,https://www.globalict.kr//business/buyer/buyer_view.do?menuCode=030500&buyNo=388,HK
387,eFaith Company Limited,홍콩,852 2157 0755,2016.12.14,https://www.globalict.kr//business/buyer/buyer_view.do?menuCode=030500&buyNo=387,HK
386,Edvance Technology (HK) Ltd.,홍콩,852 3184 9400,2016.12.14,https://www.globalict.kr//business/buyer/buyer_view.do?menuCode=030500&buyNo=386,HK
385,Automated Systems Holdings Limited,홍콩,852 2601 6998,2016.12.14,https://www.globalict.kr//business/buyer/buyer_view.do?menuCode=030500&buyNo=385,HK
384,DYXnet,홍콩,852 2187 7697,2016.12.14,https://www.globalict.kr//business/buyer/buyer_view.do?menuCode=030500&buyNo=384,HK
383,iBase Technologies Limited,홍콩,852 2805 9998,2016.12.14,https://www.globalict.kr//business/buyer/buyer_view.do?menuCode=030500&buyNo=383,HK
382,Eset,홍콩,852 2893 8860 ,2016.12.14,https://www.globalict.kr//business/buyer/buyer_view.do?menuCode=030500&buyNo=382,HK
381,Global Technology Integrator Limited ,홍콩,852 2881 4800,2016.12.14,https://www.globalict.kr//business/buyer/buyer_view.do?menuCode=030500&buyNo=381,HK
380,Rackspace Asia Ltd,홍콩,852 3752 6464,2016.12.14,https://www.globalict.kr//business/buyer/buyer_view.do?menuCode=030500&buyNo=380,HK
379,PCCW Solutions,홍콩,852 2296 8818,2016.12.14,https://www.globalict.kr//business/buyer/buyer_view.do?menuCode=030500&buyNo=379,HK
378,SYSTEX INFORMATION (H.K.) LTD,홍콩,852 3610 5400,2016.12.14,https://www.globalict.kr//business/buyer/buyer_view.do?menuCode=030500&buyNo=378,HK
377,Enfucell Oy,핀란드,358 451206030,2016.12.14,https://www.globalict.kr//business/buyer/buyer_view.do?menuCode=030500&buyNo=377,FI
376,Creowave Oy,핀란드,358 108326300,2016.12.14,https://www.globalict.kr//business/buyer/buyer_view.do?menuCode=030500&buyNo=376,FI
375,Elisa,핀란드,358 01026000,2016.12.14,https://www.globalict.kr//business/buyer/buyer_view.do?menuCode=030500&buyNo=375,FI
374,M-Files,핀란드,358 331387599,2016.12.14,https://www.globalict.kr//business/buyer/buyer_view.do?menuCode=030500&buyNo=374,FI
373,RSMART,핀란드,358 449044876,2016.12.14,https://www.globalict.kr//business/buyer/buyer_view.do?menuCode=030500&buyNo=373,FI
372,Tieto Corporation,핀란드,358 2072010,2016.12.14,https://www.globalict.kr//business/buyer/buyer_view.do?menuCode=030500&buyNo=372,FI
371,Jubic Oy,핀란드,358 400723035,2016.12.14,https://www.globalict.kr//business/buyer/buyer_view.do?menuCode=030500&buyNo=371,FI
370,Devatus,핀란드,358 400795405,2016.12.14,https://www.globalict.kr//business/buyer/buyer_view.do?menuCode=030500&buyNo=370,FI
369,Eatech,핀란드,358 505501547,2016.12.14,https://www.globalict.kr//business/buyer/buyer_view.do?menuCode=030500&buyNo=369,FI
367,Avenla Oy,핀란드,358 207545430,2016.12.14,https://www.globalict.kr//business/buyer/buyer_view.do?menuCode=030500&buyNo=367,FI
366,Solinor Oy,핀란드,358 102792940,2016.12.14,https://www.globalict.kr//business/buyer/buyer_view.do?menuCode=030500&buyNo=366,FI
362,"Myanmar High Society Co.,Ltd.",미얀마,95 95231938,2016.12.14,https://www.globalict.kr//business/buyer/buyer_view.do?menuCode=030500&buyNo=362,MM
361,StoneLand It Dev,미얀마,95 943106658,2016.12.14,https://www.globalict.kr//business/buyer/buyer_view.do?menuCode=030500&buyNo=361,MM
360,"Naltha Co., Ltd.",미얀마,95 95194860,2016.12.14,https://www.globalict.kr//business/buyer/buyer_view.do?menuCode=030500&buyNo=360,MM
359,SLA Company Limited,베트남,84 909068657,2016.12.14,https://www.globalict.kr//business/buyer/buyer_view.do?menuCode=030500&buyNo=359,VN
358,Sunshine Technology Services JSC,베트남,84 838378133,2016.12.14,https://www.globalict.kr//business/buyer/buyer_view.do?menuCode=030500&buyNo=358,VN
357,SVTECH,베트남,84 839487620,2016.12.14,https://www.globalict.kr//business/buyer/buyer_view.do?menuCode=030500&buyNo=357,VN
356,Viet Nam mPoS Technology JSC,베트남,84 901757998,2016.12.14,https://www.globalict.kr//business/buyer/buyer_view.do?menuCode=030500&buyNo=356,VN
355,Fintek,베트남,84 854145885,2016.12.14,https://www.globalict.kr//business/buyer/buyer_view.do?menuCode=030500&buyNo=355,VN
353,"Minh Thong Card Solutions Co.,Ltd.",베트남,84 935028338,2016.12.14,https://www.globalict.kr//business/buyer/buyer_view.do?menuCode=030500&buyNo=353,VN
352,ICSC,베트남,84 837150781,2016.12.14,https://www.globalict.kr//business/buyer/buyer_view.do?menuCode=030500&buyNo=352,VN
350,Seatech,베트남,84 435683369,2016.12.14,https://www.globalict.kr//business/buyer/buyer_view.do?menuCode=030500&buyNo=350,VN
349,KOMTEK,베트남,84 854145885,2016.12.14,https://www.globalict.kr//business/buyer/buyer_view.do?menuCode=030500&buyNo=349,VN
348,NEXTTECH GROUP OF TECHNOPRENEURS,베트남,84 473066696,2016.12.14,https://www.globalict.kr//business/buyer/buyer_view.do?menuCode=030500&buyNo=348,VN
347,M-Pay,베트남,84 439747655,2016.12.14,https://www.globalict.kr//business/buyer/buyer_view.do?menuCode=030500&buyNo=347,VN
340,Massvn Vietnam Limited Company,베트남,84 835218364,2016.12.14,https://www.globalict.kr//business/buyer/buyer_view.do?menuCode=030500&buyNo=340,VN
339,"Baccuc Co., Ltd",베트남,84 466825558,2016.12.14,https://www.globalict.kr//business/buyer/buyer_view.do?menuCode=030500&buyNo=339,VN
338,Fifth Media Corporation,베트남,84 437264253,2016.12.14,https://www.globalict.kr//business/buyer/buyer_view.do?menuCode=030500&buyNo=338,VN
337,Grupodot,콜롬비아,57 1 7048161,2016.12.14,https://www.globalict.kr//business/buyer/buyer_view.do?menuCode=030500&buyNo=337,CO
336,Aplyca Tecnologia SAS,콜롬비아,57 1 6180556,2016.12.14,https://www.globalict.kr//business/buyer/buyer_view.do?menuCode=030500&buyNo=336,CO
335,360Digital Co SAS,콜롬비아,57 1 4674525,2016.12.14,https://www.globalict.kr//business/buyer/buyer_view.do?menuCode=030500&buyNo=335,CO
334,Alsus IT Group,콜롬비아,57 6 8875937,2016.12.14,https://www.globalict.kr//business/buyer/buyer_view.do?menuCode=030500&buyNo=334,CO
333,Caribe host,콜롬비아,57 5 6933388,2016.12.14,https://www.globalict.kr//business/buyer/buyer_view.do?menuCode=030500&buyNo=333,CO
332,ITCS2,콜롬비아,57 1 7026410,2016.12.14,https://www.globalict.kr//business/buyer/buyer_view.do?menuCode=030500&buyNo=332,CO
329,deltaIT,콜롬비아,57 1 6750370,2016.12.14,https://www.globalict.kr//business/buyer/buyer_view.do?menuCode=030500&buyNo=329,CO
328,IPSEC colombia,콜롬비아,57 4 3224404,2016.12.14,https://www.globalict.kr//business/buyer/buyer_view.do?menuCode=030500&buyNo=328,CO
327,"Trendsec Solution Co., Ltd. ",캄보디아,855 23 67 22 495,2016.12.14,https://www.globalict.kr//business/buyer/buyer_view.do?menuCode=030500&buyNo=327,KH
324,MDP (Cambodia),캄보디아,855 23 726 818,2016.12.14,https://www.globalict.kr//business/buyer/buyer_view.do?menuCode=030500&buyNo=324,KH
323,"First Cambodia Co., Ltd",캄보디아,855 23 961 222,2016.12.14,https://www.globalict.kr//business/buyer/buyer_view.do?menuCode=030500&buyNo=323,KH
322,Electrodata ,페루,511 476 0808,2016.12.14,https://www.globalict.kr//business/buyer/buyer_view.do?menuCode=030500&buyNo=322,PE
321,Top Sale,페루,511 203 1700,2016.12.14,https://www.globalict.kr//business/buyer/buyer_view.do?menuCode=030500&buyNo=321,PE
320,SEGO Seguridad Optima S.A,페루,511 319 2650,2016.12.14,https://www.globalict.kr//business/buyer/buyer_view.do?menuCode=030500&buyNo=320,PE
319,Intcomex Peru,페루,511 716 5005,2016.12.14,https://www.globalict.kr//business/buyer/buyer_view.do?menuCode=030500&buyNo=319,PE
318,DIGICORP PERU (Digital Corporacion Peruana SAC),페루,511 719 5090,2016.12.14,https://www.globalict.kr//business/buyer/buyer_view.do?menuCode=030500&buyNo=318,PE
317,"Integrated Computer Systems, Inc. ",필리핀,63 2 744 3000,2016.12.14,https://www.globalict.kr//business/buyer/buyer_view.do?menuCode=030500&buyNo=317,PH
316,"Right Computer Systems, Inc",필리핀,63 2 813 7501,2016.12.14,https://www.globalict.kr//business/buyer/buyer_view.do?menuCode=030500&buyNo=316,PH
315,"NetPlay, Inc.",필리핀,63 2 230 8755,2016.12.14,https://www.globalict.kr//business/buyer/buyer_view.do?menuCode=030500&buyNo=315,PH
314,"Northgate Technologies, Inc",필리핀,63 2 844 6477,2016.12.14,https://www.globalict.kr//business/buyer/buyer_view.do?menuCode=030500&buyNo=314,PH
313,SCS Co,필리핀,63 2 225 7628,2016.12.14,https://www.globalict.kr//business/buyer/buyer_view.do?menuCode=030500&buyNo=313,PH
312,Aboveinfranet,필리핀,63 2 791 7944,2016.12.14,https://www.globalict.kr//business/buyer/buyer_view.do?menuCode=030500&buyNo=312,PH
311,AMTI,필리핀,63 2 988 9788,2016.12.14,https://www.globalict.kr//business/buyer/buyer_view.do?menuCode=030500&buyNo=311,PH
310,"HMR Solutions, Inc.",필리핀,63 2 634 0526,2016.12.14,https://www.globalict.kr//business/buyer/buyer_view.do?menuCode=030500&buyNo=310,PH
309,iTraverse Solutions INC. ,필리핀,63 2 362 3714,2016.12.14,https://www.globalict.kr//business/buyer/buyer_view.do?menuCode=030500&buyNo=309,PH
308,"Next Innovation, Inc",필리핀,63 2 687 4913,2016.12.14,https://www.globalict.kr//business/buyer/buyer_view.do?menuCode=030500&buyNo=308,PH
307,PHITELCO ,필리핀,63 2 655 6826,2016.12.14,https://www.globalict.kr//business/buyer/buyer_view.do?menuCode=030500&buyNo=307,PH
306,Valueline ,필리핀,63 2 332 8540 ,2016.12.14,https://www.globalict.kr//business/buyer/buyer_view.do?menuCode=030500&buyNo=306,PH
305,"SeQure Technologies, Inc.",필리핀,63 2 887 7868,2016.12.14,https://www.globalict.kr//business/buyer/buyer_view.do?menuCode=030500&buyNo=305,PH
303,USTDi,필리핀,63 2 696 9999,2016.12.14,https://www.globalict.kr//business/buyer/buyer_view.do?menuCode=030500&buyNo=303,PH
302,Precious Island Corp (EXPOSE Security & Electronics),필리핀,63 2 734 8406,2016.12.14,https://www.globalict.kr//business/buyer/buyer_view.do?menuCode=030500&buyNo=302,PH
301,Nanotec Corporation,필리핀,63 2 872 6709,2016.12.14,https://www.globalict.kr//business/buyer/buyer_view.do?menuCode=030500&buyNo=301,PH
300,MEC Networks Corporation,필리핀,63 2 422 6888,2016.12.14,https://www.globalict.kr//business/buyer/buyer_view.do?menuCode=030500&buyNo=300,PH
299,Breta Consulting Corporation,필리핀,63 2 230 9366,2016.12.14,https://www.globalict.kr//business/buyer/buyer_view.do?menuCode=030500&buyNo=299,PH
298,AMI Equipment Services and Solutions Inc.,필리핀,63 2 227 3103,2016.12.14,https://www.globalict.kr//business/buyer/buyer_view.do?menuCode=030500&buyNo=298,PH
297,Alascom,이탈리아,"39 800618428, 39 0289208214",2016.12.14,https://www.globalict.kr//business/buyer/buyer_view.do?menuCode=030500&buyNo=297,
296,Kirey Srl,이탈리아,39 0278625200,2016.12.14,https://www.globalict.kr//business/buyer/buyer_view.do?menuCode=030500&buyNo=296,
295,Energent S.P.A.,이탈리아,39 065107931,2016.12.14,https://www.globalict.kr//business/buyer/buyer_view.do?menuCode=030500&buyNo=295,
294,Nova Systems Services Srl,이탈리아,39 0458788211,2016.12.14,https://www.globalict.kr//business/buyer/buyer_view.do?menuCode=030500&buyNo=294,
293,VCUBE S.R.L.,이탈리아,39 5221492239,2016.12.14,https://www.globalict.kr//business/buyer/buyer_view.do?menuCode=030500&buyNo=293,
292,Teleconsys Srl,이탈리아,39 0620396767,2016.12.14,https://www.globalict.kr//business/buyer/buyer_view.do?menuCode=030500&buyNo=292,
291,Telpro Srl,이탈리아,39 575740410,2016.12.14,https://www.globalict.kr//business/buyer/buyer_view.do?menuCode=030500&buyNo=291,
290,Nordest Servizi,이탈리아,39 432546644,2016.12.14,https://www.globalict.kr//business/buyer/buyer_view.do?menuCode=030500&buyNo=290,
289,CREAplus Italia S.r.l.,이탈리아,"39 415800073, 39 3927743700",2016.12.14,https://www.globalict.kr//business/buyer/buyer_view.do?menuCode=030500&buyNo=289,
288,Sysdata Italia SpA,이탈리아,39 0514144911,2016.12.14,https://www.globalict.kr//business/buyer/buyer_view.do?menuCode=030500&buyNo=288,
287,Mediro ICT ,남아프리카공화국,27 12 657 0704,2016.12.14,https://www.globalict.kr//business/buyer/buyer_view.do?menuCode=030500&buyNo=287,ZA
286,COREX,남아프리카공화국,27 11 357 8000,2016.12.14,https://www.globalict.kr//business/buyer/buyer_view.do?menuCode=030500&buyNo=286,ZA
285,Comput8,남아프리카공화국,27 86 065 1516,2016.12.14,https://www.globalict.kr//business/buyer/buyer_view.do?menuCode=030500&buyNo=285,ZA
284,Datacentrix,남아프리카공화국,27 87 741 5000,2016.12.14,https://www.globalict.kr//business/buyer/buyer_view.do?menuCode=030500&buyNo=284,ZA
283,Bytes Systems Integration,남아프리카공화국,27 11 645 3600,2016.12.14,https://www.globalict.kr//business/buyer/buyer_view.do?menuCode=030500&buyNo=283,ZA
282,CCTV Center,스페인,34 96 132 11 01,2016.12.14,https://www.globalict.kr//business/buyer/buyer_view.do?menuCode=030500&buyNo=282,
281,Ingecom ,스페인,34 944 395 678,2016.12.14,https://www.globalict.kr//business/buyer/buyer_view.do?menuCode=030500&buyNo=281,
280,IREO,스페인,34 902 32 11 22,2016.12.14,https://www.globalict.kr//business/buyer/buyer_view.do?menuCode=030500&buyNo=280,
279,Nextel,스페인,34 902540430,2016.12.14,https://www.globalict.kr//business/buyer/buyer_view.do?menuCode=030500&buyNo=279,
278,ABGAM,스페인,34 945 012 700,2016.12.14,https://www.globalict.kr//business/buyer/buyer_view.do?menuCode=030500&buyNo=278,
275,Soft Tech,중국,86 755 2519 5998,2016.12.14,https://www.globalict.kr//business/buyer/buyer_view.do?menuCode=030500&buyNo=275,CN
274,"Guangzhou Video-star Electronics Industrial CO.,LTD.  ",중국,86 20 3933 8890,2016.12.14,https://www.globalict.kr//business/buyer/buyer_view.do?menuCode=030500&buyNo=274,CN
273,"Esemi United System (SH) Co.,Ltd",중국,86 21 5899 8072,2016.12.14,https://www.globalict.kr//business/buyer/buyer_view.do?menuCode=030500&buyNo=273,CN
272,"BDE Technology Co., Ltd.",중국,86 20 2806 5335,2016.12.14,https://www.globalict.kr//business/buyer/buyer_view.do?menuCode=030500&buyNo=272,CN
271,"Capitalonline Data Service Co., Ltd",중국,86 10 5199 7733,2016.12.14,https://www.globalict.kr//business/buyer/buyer_view.do?menuCode=030500&buyNo=271,CN
270,LineBest Information Technology Ltd,중국,86 21 5870 2938,2016.12.14,https://www.globalict.kr//business/buyer/buyer_view.do?menuCode=030500&buyNo=270,CN
269,Noctilucent Systems (Nocsys),중국,86 21 3497 0308,2016.12.14,https://www.globalict.kr//business/buyer/buyer_view.do?menuCode=030500&buyNo=269,CN
268,Hand,중국,86 21 6700 2300,2016.12.14,https://www.globalict.kr//business/buyer/buyer_view.do?menuCode=030500&buyNo=268,CN
267,"Chaitin Tech Co., Ltd.",중국,86 4000 327 707,2016.12.14,https://www.globalict.kr//business/buyer/buyer_view.do?menuCode=030500&buyNo=267,CN
266,Bang Bang Security,중국,86 4008 881 881~3,2016.12.14,https://www.globalict.kr//business/buyer/buyer_view.do?menuCode=030500&buyNo=266,CN
265,Shanghai Rich Cloud Technology Inc.,중국,86 21 6167 1550,2016.12.14,https://www.globalict.kr//business/buyer/buyer_view.do?menuCode=030500&buyNo=265,CN
264,Nanjing Ｗonderful electronic technology limited company,중국,86 25 8696 6608,2016.12.14,https://www.globalict.kr//business/buyer/buyer_view.do?menuCode=030500&buyNo=264,CN
262,Ogilvy,중국,86 10 8520 6688,2016.12.14,https://www.globalict.kr//business/buyer/buyer_view.do?menuCode=030500&buyNo=262,CN
261,"Hefei Shangbo Information Technology Co., Ltd",중국,"86 551 6238 6771, 86 158 0569 1327",2016.12.14,https://www.globalict.kr//business/buyer/buyer_view.do?menuCode=030500&buyNo=261,CN
260,"Unity Network Technology Co.,Ltd.",중국,"86 1082688236, 86 1082488177, 86 1082486265",2016.12.14,https://www.globalict.kr//business/buyer/buyer_view.do?menuCode=030500&buyNo=260,CN
259,"Hangzhou DPtech Technologies Co., Ltd.",중국,86 571 2828 0909,2016.12.14,https://www.globalict.kr//business/buyer/buyer_view.do?menuCode=030500&buyNo=259,CN
258,ECCOM Network System Ltd. (ECCOM),중국,86 21 6137 2888,2016.12.14,https://www.globalict.kr//business/buyer/buyer_view.do?menuCode=030500&buyNo=258,CN
257,KissLabs SARL,스위스,41 78 955 1369,2016.12.14,https://www.globalict.kr//business/buyer/buyer_view.do?menuCode=030500&buyNo=257,
256,SmartBee Computer Solutions SA,스위스,41 84 276 2782 ,2016.12.14,https://www.globalict.kr//business/buyer/buyer_view.do?menuCode=030500&buyNo=256,
255,Swisscom (Switzerland) Ltd ,스위스,41 800 800 800,2016.12.14,https://www.globalict.kr//business/buyer/buyer_view.do?menuCode=030500&buyNo=255,
254,Nabla IT Solutions,스위스,41 91 208 7087,2016.12.14,https://www.globalict.kr//business/buyer/buyer_view.do?menuCode=030500&buyNo=254,
253,ANSWER S.A.,스위스,41 22 884 9000,2016.12.14,https://www.globalict.kr//business/buyer/buyer_view.do?menuCode=030500&buyNo=253,
252,Swissns GmbH,스위스,41 41 588 0270,2016.12.14,https://www.globalict.kr//business/buyer/buyer_view.do?menuCode=030500&buyNo=252,
251,WiFiSolution,스위스,41 91 228 0124,2016.12.14,https://www.globalict.kr//business/buyer/buyer_view.do?menuCode=030500&buyNo=251,
250,LeanBI AG,스위스,41 79 247 9959,2016.12.14,https://www.globalict.kr//business/buyer/buyer_view.do?menuCode=030500&buyNo=250,
249,SICPA,스위스,41 21 627 5555,2016.12.14,https://www.globalict.kr//business/buyer/buyer_view.do?menuCode=030500&buyNo=249,
248,Nellsoft GmbH,스위스,41 44 500 1650,2016.12.14,https://www.globalict.kr//business/buyer/buyer_view.do?menuCode=030500&buyNo=248,
247,Villiger Security Solutions AG,스위스,41 41 329 2929,2016.12.14,https://www.globalict.kr//business/buyer/buyer_view.do?menuCode=030500&buyNo=247,
246,Intercompras Comercio Electronico SA de CV,멕시코,52 55 8421 9962,2016.12.14,https://www.globalict.kr//business/buyer/buyer_view.do?menuCode=030500&buyNo=246,MX
244,Video Proteccion de Mexico,멕시코,52  55 5677 7397,2016.12.14,https://www.globalict.kr//business/buyer/buyer_view.do?menuCode=030500&buyNo=244,MX
243,Monitoreadosys,멕시코,52 55 1209 0327,2016.12.14,https://www.globalict.kr//business/buyer/buyer_view.do?menuCode=030500&buyNo=243,MX
242,911 Alarmas,멕시코,52 99 9927 1084 ,2016.12.14,https://www.globalict.kr//business/buyer/buyer_view.do?menuCode=030500&buyNo=242,MX
241,Gatekeeper Security,멕시코,52 55 9688 8425 ,2016.12.14,https://www.globalict.kr//business/buyer/buyer_view.do?menuCode=030500&buyNo=241,MX
240,"Hitss Solutions, S.A. de C.V.",멕시코,52 55 5242 0300,2016.12.14,https://www.globalict.kr//business/buyer/buyer_view.do?menuCode=030500&buyNo=240,MX
239,innova,멕시코,52 68 6200 4422,2016.12.14,https://www.globalict.kr//business/buyer/buyer_view.do?menuCode=030500&buyNo=239,MX
238,"S & P Solutions, S. A. de C. V.",멕시코,52 55 9172 1478,2016.12.14,https://www.globalict.kr//business/buyer/buyer_view.do?menuCode=030500&buyNo=238,MX
237,"Requordit, Inc.",멕시코,52 55 5563 1885,2016.12.14,https://www.globalict.kr//business/buyer/buyer_view.do?menuCode=030500&buyNo=237,MX
234,General Cable,멕시코,52 55 5321 3850,2016.12.14,https://www.globalict.kr//business/buyer/buyer_view.do?menuCode=030500&buyNo=234,MX
233,Optimiti Network,멕시코,52 55 6811 4792,2016.12.14,https://www.globalict.kr//business/buyer/buyer_view.do?menuCode=030500&buyNo=233,MX
232,GlobalSat,멕시코,52 55 2122 1380 ,2016.12.14,https://www.globalict.kr//business/buyer/buyer_view.do?menuCode=030500&buyNo=232,MX
231,Chaman Animation Studio,멕시코,52 55 5535 8846,2016.12.14,https://www.globalict.kr//business/buyer/buyer_view.do?menuCode=030500&buyNo=231,MX
230,AVer Information Inc.,대만,886 2 2269 8535,2016.12.14,https://www.globalict.kr//business/buyer/buyer_view.do?menuCode=030500&buyNo=230,TW
229,"Gemtek Technology Co., Ltd.",대만,886 3 598 5535,2016.12.14,https://www.globalict.kr//business/buyer/buyer_view.do?menuCode=030500&buyNo=229,TW
228,Next Animation Studio Limited,대만,886 2 6601 3232,2016.12.14,https://www.globalict.kr//business/buyer/buyer_view.do?menuCode=030500&buyNo=228,TW
227,TWR Entertainment,대만,886 2 2627 6060,2016.12.14,https://www.globalict.kr//business/buyer/buyer_view.do?menuCode=030500&buyNo=227,TW
226,"Images Infinitely Co., Ltd(i-two)",대만,886 2 2795 1600,2016.12.14,https://www.globalict.kr//business/buyer/buyer_view.do?menuCode=030500&buyNo=226,TW
225,Unex Technology,대만,886 3 657 8188,2016.12.14,https://www.globalict.kr//business/buyer/buyer_view.do?menuCode=030500&buyNo=225,TW
224,Pershing Systems Corporation,대만,886 2 2658 1910,2016.12.14,https://www.globalict.kr//business/buyer/buyer_view.do?menuCode=030500&buyNo=224,TW
223,GSS,대만,886 2 2586 7890,2016.12.14,https://www.globalict.kr//business/buyer/buyer_view.do?menuCode=030500&buyNo=223,TW
222,GCT Taiwan,대만,886 4 2358 8129,2016.12.14,https://www.globalict.kr//business/buyer/buyer_view.do?menuCode=030500&buyNo=222,TW
221,Oursky,대만,886 2 2579 1893 ,2016.12.14,https://www.globalict.kr//business/buyer/buyer_view.do?menuCode=030500&buyNo=221,TW
220,Vivotek,대만,886 2 8245 5282,2016.12.14,https://www.globalict.kr//business/buyer/buyer_view.do?menuCode=030500&buyNo=220,TW
219,GMobi,대만,886 2 2701 9219,2016.12.14,https://www.globalict.kr//business/buyer/buyer_view.do?menuCode=030500&buyNo=219,TW
218,IEI Integration Corp.,대만,886 2 8691 6798,2016.12.14,https://www.globalict.kr//business/buyer/buyer_view.do?menuCode=030500&buyNo=218,TW
217,Chief Telecom Inc. ,대만,886 70 1018 6688,2016.12.14,https://www.globalict.kr//business/buyer/buyer_view.do?menuCode=030500&buyNo=217,TW
216,"QNAP, Inc.",대만,886 2 2641 1885,2016.12.14,https://www.globalict.kr//business/buyer/buyer_view.do?menuCode=030500&buyNo=216,TW
215,"ELTA Technology Co., Ltd.",대만,886 2 2331 6185,2016.12.14,https://www.globalict.kr//business/buyer/buyer_view.do?menuCode=030500&buyNo=215,TW
214,Promise Technology Inc. ,대만,886 3 578 2395,2016.12.14,https://www.globalict.kr//business/buyer/buyer_view.do?menuCode=030500&buyNo=214,TW
207,Topica,몽골,976 70125001,2016.12.14,https://www.globalict.kr//business/buyer/buyer_view.do?menuCode=030500&buyNo=207,MN
206,ECS Holdings Limited,싱가포르,65 6659 6888,2016.12.14,https://www.globalict.kr//business/buyer/buyer_view.do?menuCode=030500&buyNo=206,SG
205,Meridian IT Singapore,싱가포르,65 6686 3307,2016.12.14,https://www.globalict.kr//business/buyer/buyer_view.do?menuCode=030500&buyNo=205,SG
204,Watchdata Technologies Pte. Ltd,싱가포르,65 6572 9300,2016.12.14,https://www.globalict.kr//business/buyer/buyer_view.do?menuCode=030500&buyNo=204,SG
203,Renazon,싱가포르,65 6742 5885,2016.12.14,https://www.globalict.kr//business/buyer/buyer_view.do?menuCode=030500&buyNo=203,SG
202,M.tech,싱가포르,65 6516 0088,2016.12.14,https://www.globalict.kr//business/buyer/buyer_view.do?menuCode=030500&buyNo=202,SG
201,Dragon Capital Markets Pte Ltd,싱가포르,65 3158 5025,2016.12.14,https://www.globalict.kr//business/buyer/buyer_view.do?menuCode=030500&buyNo=201,SG
200,Opus Software Solutions Pte Ltd,싱가포르,65 6492 6783 ,2016.12.14,https://www.globalict.kr//business/buyer/buyer_view.do?menuCode=030500&buyNo=200,SG
199,Sierra Solutions Pte Ltd,싱가포르,65 6397 7257,2016.12.14,https://www.globalict.kr//business/buyer/buyer_view.do?menuCode=030500&buyNo=199,SG
198,HPVM InfoSystems,싱가포르,65 9247 8726,2016.12.14,https://www.globalict.kr//business/buyer/buyer_view.do?menuCode=030500&buyNo=198,SG
197,TechCom Solutions Pte Ltd,싱가포르,65 6223 5773,2016.12.14,https://www.globalict.kr//business/buyer/buyer_view.do?menuCode=030500&buyNo=197,SG
196,Westech Systems Pte Ltd,싱가포르,65 67450368 ,2016.12.14,https://www.globalict.kr//business/buyer/buyer_view.do?menuCode=030500&buyNo=196,SG
195,Comtech Network Solutions,싱가포르,65 3151 1801,2016.12.14,https://www.globalict.kr//business/buyer/buyer_view.do?menuCode=030500&buyNo=195,SG
194,CONJECT Services Pte. Ltd.,싱가포르,65 6733 1012,2016.12.14,https://www.globalict.kr//business/buyer/buyer_view.do?menuCode=030500&buyNo=194,SG
193,Soverus,싱가포르,65 6834 9500,2016.12.14,https://www.globalict.kr//business/buyer/buyer_view.do?menuCode=030500&buyNo=193,SG
192,DMA Solutions Pte Ltd,싱가포르,65 6714 6711,2016.12.14,https://www.globalict.kr//business/buyer/buyer_view.do?menuCode=030500&buyNo=192,SG
191,Pantropic Online,싱가포르,"65 6411 0002, 65 6411 0000, 65 6411 0014",2016.12.14,https://www.globalict.kr//business/buyer/buyer_view.do?menuCode=030500&buyNo=191,SG
190,SIVAYAVASI Technologies,싱가포르,65 6707 3459,2016.12.14,https://www.globalict.kr//business/buyer/buyer_view.do?menuCode=030500&buyNo=190,SG
189,Amnet Technology Pte Ltd,싱가포르,65 6741 9822,2016.12.14,https://www.globalict.kr//business/buyer/buyer_view.do?menuCode=030500&buyNo=189,SG
188,Eprom Data Systems Pte Ltd ,싱가포르,65 6339 9792,2016.12.14,https://www.globalict.kr//business/buyer/buyer_view.do?menuCode=030500&buyNo=188,SG
187,Apixel IT Support,싱가포르,65 6639 1839,2016.12.14,https://www.globalict.kr//business/buyer/buyer_view.do?menuCode=030500&buyNo=187,SG
9,"ADLINK Technology, Inc.",대만,886 2 8226 5877,2016.11.18,https://www.globalict.kr//business/buyer/buyer_view.do?menuCode=030500&buyNo=9,TW
8,StarVedia Corporation,대만,886 3 560 0686,2016.11.18,https://www.globalict.kr//business/buyer/buyer_view.do?menuCode=030500&buyNo=8,TW
7,Asoni,대만,886 2 2978 2778,2016.11.18,https://www.globalict.kr//business/buyer/buyer_view.do?menuCode=030500&buyNo=7,TW
6,PlanPro Insight Limited,뉴질랜드,64 4 568 9863,2016.11.18,https://www.globalict.kr//business/buyer/buyer_view.do?menuCode=030500&buyNo=6,
5,Cloud Legal Solutions Limited,뉴질랜드,64 9 320 5020,2016.11.18,https://www.globalict.kr//business/buyer/buyer_view.do?menuCode=030500&buyNo=5,
4,Logical Solutions,뉴질랜드,64 7 929 2200,2016.11.18,https://www.globalict.kr//business/buyer/buyer_view.do?menuCode=030500&buyNo=4,
3,Accredo,뉴질랜드,64 9 373 5963,2016.11.18,https://www.globalict.kr//business/buyer/buyer_view.do?menuCode=030500&buyNo=3,
2,DUO NZ LTD.,뉴질랜드,64 4 9393 993,2016.11.18,https://www.globalict.kr//business/buyer/buyer_view.do?menuCode=030500&buyNo=2,
